{
"type": "FeatureCollection",
"name": "NGA017_Imo_drainage",
"crs": { "type": "name", "properties": { "name": "urn:ogc:def:crs:OGC:1.3:CRS84" } },
"features": [
{ "type": "Feature", "properties": { "name": "Orashi River", "waterway": "river" }, "geometry": { "type": "LineString", "coordinates": [ [ 6.7765637, 5.7035402 ], [ 6.7776882, 5.7037135 ], [ 6.778681, 5.7035142 ], [ 6.7795247, 5.7029725 ], [ 6.7800165, 5.7022494 ], [ 6.7801669, 5.7015741 ], [ 6.7800895, 5.700962 ], [ 6.7798026, 5.7001278 ], [ 6.7792155, 5.6993703 ], [ 6.7785546, 5.6989533 ], [ 6.7776991, 5.6987377 ], [ 6.7766511, 5.6989884 ], [ 6.7758456, 5.6994051 ], [ 6.7753917, 5.6995541 ], [ 6.7747342, 5.6995232 ], [ 6.7740669, 5.6991707 ], [ 6.7736682, 5.6986177 ], [ 6.7736411, 5.6979435 ], [ 6.7738532, 5.6971058 ], [ 6.773806, 5.6966346 ], [ 6.7735545, 5.6957899 ], [ 6.7735572, 5.6950702 ], [ 6.773731, 5.6943657 ], [ 6.7740477, 5.6938941 ], [ 6.7746411, 5.6935721 ], [ 6.775481, 5.6933707 ], [ 6.7760318, 5.6934468 ], [ 6.7770577, 5.6938164 ], [ 6.7779196, 5.6942132 ], [ 6.7784339, 5.6943229 ], [ 6.7789323, 5.6942276 ], [ 6.779324, 5.694061 ], [ 6.7795813, 5.6938318 ], [ 6.7798791, 5.693232 ], [ 6.7794374, 5.6922884 ], [ 6.7786779, 5.6917271 ], [ 6.7784085, 5.6913358 ], [ 6.7782673, 5.6907624 ], [ 6.7784743, 5.6902716 ], [ 6.7789702, 5.6898992 ], [ 6.7796969, 5.6897727 ], [ 6.7803005, 5.689813 ], [ 6.7809074, 5.6901703 ], [ 6.7813856, 5.6908928 ], [ 6.7816916, 5.6919726 ], [ 6.7822481, 5.692637 ], [ 6.782888, 5.6926647 ], [ 6.7835052, 5.6923873 ], [ 6.7839096, 5.6920065 ], [ 6.7845225, 5.6910988 ], [ 6.7853143, 5.6899043 ], [ 6.78559, 5.6892511 ], [ 6.7856763, 5.6885064 ], [ 6.78559, 5.6877632 ], [ 6.7852856, 5.6872085 ], [ 6.7849586, 5.686837 ], [ 6.7845963, 5.6865674 ], [ 6.7838934, 5.6863253 ], [ 6.7831997, 5.6861884 ], [ 6.7820148, 5.6860927 ], [ 6.7813621, 5.6857707 ], [ 6.7807303, 5.684974 ], [ 6.7805225, 5.6842986 ], [ 6.7800217, 5.6816407 ], [ 6.7796043, 5.6807825 ], [ 6.7783523, 5.6796751 ], [ 6.7767663, 5.6795089 ], [ 6.7753195, 5.680035 ], [ 6.7742344, 5.6809486 ], [ 6.7738727, 5.6821668 ], [ 6.773984, 5.6835234 ], [ 6.7740953, 5.6847693 ], [ 6.7732606, 5.6856553 ], [ 6.7722311, 5.685766 ], [ 6.7713408, 5.6854061 ], [ 6.7706283, 5.6854342 ], [ 6.7697141, 5.6856372 ], [ 6.7689758, 5.685766 ], [ 6.7684845, 5.6857214 ], [ 6.7679563, 5.6854245 ], [ 6.7670471, 5.6846154 ], [ 6.7663257, 5.6837425 ], [ 6.7657711, 5.682616 ], [ 6.7653588, 5.6820283 ], [ 6.7646592, 5.6816268 ], [ 6.7638841, 5.681447 ], [ 6.7626341, 5.6814389 ], [ 6.7616923, 5.6816326 ], [ 6.7601836, 5.6823606 ], [ 6.7593732, 5.6826616 ], [ 6.7585628, 5.6826651 ], [ 6.7576732, 5.6822689 ], [ 6.7568312, 5.6814331 ], [ 6.7560267, 5.6800405 ], [ 6.7556124, 5.6788079 ], [ 6.7557342, 5.6777582 ], [ 6.7561986, 5.6767315 ], [ 6.7567396, 5.6759941 ], [ 6.757571, 5.675394 ], [ 6.7582395, 5.6748196 ], [ 6.7587865, 5.6738594 ], [ 6.7590087, 5.6725508 ], [ 6.7591011, 5.671249 ], [ 6.7589987, 5.6696105 ], [ 6.7587957, 5.6688006 ], [ 6.7582725, 5.6678378 ], [ 6.757523, 5.6668864 ], [ 6.756663, 5.6662989 ], [ 6.7557362, 5.6660779 ], [ 6.754751, 5.6661181 ], [ 6.7540648, 5.6663906 ], [ 6.752193, 5.6680519 ], [ 6.7517939, 5.6682332 ], [ 6.7512971, 5.6683377 ], [ 6.7505421, 5.6682706 ], [ 6.749683, 5.6678888 ], [ 6.7493047, 5.6674965 ], [ 6.749006, 5.666802 ], [ 6.7488449, 5.6660815 ], [ 6.7489088, 5.665448 ], [ 6.7490261, 5.6649617 ], [ 6.7494918, 5.6640875 ], [ 6.7497317, 5.6634923 ], [ 6.74973, 5.6628863 ], [ 6.7495896, 5.6622955 ], [ 6.748654, 5.6615723 ], [ 6.747231, 5.6611942 ], [ 6.7469883, 5.6610691 ], [ 6.7468559, 5.6609398 ], [ 6.7468065, 5.6606583 ], [ 6.7467436, 5.660289 ], [ 6.7467309, 5.6585147 ], [ 6.7464826, 5.6562094 ], [ 6.7465179, 5.6554097 ], [ 6.7466589, 5.6546097 ], [ 6.7472929, 5.6533622 ], [ 6.7479655, 5.6526635 ], [ 6.7485499, 5.6522344 ], [ 6.7493689, 5.6518078 ], [ 6.7502253, 5.6515928 ], [ 6.7512351, 5.6515939 ], [ 6.7520827, 5.6517279 ], [ 6.7527943, 5.6520733 ], [ 6.753492, 5.6526448 ], [ 6.7550501, 5.6544169 ], [ 6.7555661, 5.6548272 ], [ 6.7563522, 5.6550969 ], [ 6.7571592, 5.6550992 ], [ 6.7579498, 5.6549036 ], [ 6.7585643, 5.6544888 ], [ 6.7591553, 5.6538077 ], [ 6.7596789, 5.6528189 ], [ 6.7599936, 5.6520728 ], [ 6.7601196, 5.651386 ], [ 6.7600684, 5.6506884 ], [ 6.7598081, 5.6497531 ], [ 6.7593249, 5.6491393 ], [ 6.7587412, 5.6486426 ], [ 6.7579993, 5.6482392 ], [ 6.7573874, 5.6480906 ], [ 6.7567795, 5.6478603 ], [ 6.7559434, 5.6472942 ], [ 6.7547291, 5.6465172 ], [ 6.7537865, 5.6461441 ], [ 6.7522052, 5.6456661 ], [ 6.7515204, 5.6452981 ], [ 6.7510529, 5.6449171 ], [ 6.7500025, 5.6437134 ], [ 6.7493264, 5.6432212 ], [ 6.7483446, 5.6428985 ], [ 6.7473396, 5.6429005 ], [ 6.7465351, 5.6431548 ], [ 6.745442, 5.6440625 ], [ 6.7447554, 5.6444491 ], [ 6.744346, 5.6445666 ], [ 6.7436147, 5.6444491 ], [ 6.7430635, 5.64414 ], [ 6.7424314, 5.6435041 ], [ 6.7421249, 5.6429963 ], [ 6.7419369, 5.6423485 ], [ 6.7419137, 5.641677 ], [ 6.7420393, 5.6405395 ], [ 6.7420015, 5.6393152 ], [ 6.7417868, 5.6383606 ], [ 6.7411734, 5.6371111 ], [ 6.7407382, 5.6366291 ], [ 6.7396195, 5.6358613 ], [ 6.7391135, 5.6353647 ], [ 6.7387738, 5.6350027 ], [ 6.7384612, 5.6342803 ], [ 6.7383254, 5.6335573 ], [ 6.7383404, 5.6330114 ], [ 6.7385014, 5.632402 ], [ 6.7390149, 5.631377 ], [ 6.7396057, 5.6300858 ], [ 6.7406796, 5.6286057 ], [ 6.7424881, 5.6271105 ], [ 6.742925, 5.62631 ], [ 6.7442292, 5.6239198 ], [ 6.7447391, 5.6227937 ], [ 6.7450907, 5.6214728 ], [ 6.7452747, 5.6204216 ], [ 6.7451626, 5.6191259 ], [ 6.7448118, 5.6179118 ], [ 6.7442806, 5.6169441 ], [ 6.7437043, 5.6160758 ], [ 6.7430209, 5.615531 ], [ 6.7422665, 5.6152321 ], [ 6.7412763, 5.6145745 ], [ 6.7407772, 5.6138964 ], [ 6.7399314, 5.612341 ], [ 6.7394165, 5.6106026 ], [ 6.7391514, 5.6090501 ], [ 6.7392574, 5.6077978 ], [ 6.7395132, 5.6070139 ], [ 6.7403263, 5.605695 ], [ 6.7415729, 5.6043631 ], [ 6.7422717, 5.6034538 ], [ 6.7425631, 5.6029032 ], [ 6.7428427, 5.6019026 ], [ 6.7428446, 5.6007612 ], [ 6.7424087, 5.5994858 ], [ 6.7419869, 5.5983413 ], [ 6.7413619, 5.5973716 ], [ 6.7408436, 5.5968169 ], [ 6.740057, 5.5963497 ], [ 6.7388789, 5.5960585 ], [ 6.7379137, 5.596052 ], [ 6.737099, 5.5960597 ], [ 6.7364429, 5.595943 ], [ 6.7353229, 5.5955942 ], [ 6.7344865, 5.5954761 ], [ 6.7331269, 5.5955583 ], [ 6.7323393, 5.5959129 ], [ 6.7314733, 5.5964544 ], [ 6.7301521, 5.5974672 ], [ 6.7292709, 5.5976986 ], [ 6.7281955, 5.597693 ], [ 6.7271907, 5.5974916 ], [ 6.726343, 5.5971539 ], [ 6.7254498, 5.5964704 ], [ 6.7233942, 5.5938685 ], [ 6.7224598, 5.5927705 ], [ 6.7218191, 5.5916877 ], [ 6.7213789, 5.5905105 ], [ 6.7211458, 5.5891247 ], [ 6.7210586, 5.5873914 ], [ 6.7211659, 5.586043 ], [ 6.7215427, 5.5848147 ], [ 6.7226102, 5.58244 ], [ 6.7229862, 5.5814177 ], [ 6.7232884, 5.579666 ], [ 6.7233157, 5.577928 ], [ 6.7235364, 5.5767609 ], [ 6.7239231, 5.5755272 ], [ 6.7244006, 5.5747136 ], [ 6.7252603, 5.5738462 ], [ 6.7262432, 5.5731967 ], [ 6.727223, 5.5729107 ], [ 6.7283452, 5.5728198 ], [ 6.7289953, 5.5729104 ], [ 6.7301654, 5.5729622 ], [ 6.7308368, 5.57277 ], [ 6.7315777, 5.5723976 ], [ 6.7321549, 5.5717771 ], [ 6.7325333, 5.5711222 ], [ 6.7327127, 5.5705218 ], [ 6.7327762, 5.5698415 ], [ 6.7327034, 5.5691534 ], [ 6.7326142, 5.568726 ], [ 6.7318739, 5.5671083 ], [ 6.7314588, 5.566197 ], [ 6.7306884, 5.5642358 ], [ 6.7299588, 5.5622229 ], [ 6.7289276, 5.5603852 ], [ 6.7286404, 5.5598732 ], [ 6.7265601, 5.5570004 ], [ 6.7243498, 5.5548264 ], [ 6.7218275, 5.5529888 ], [ 6.7191492, 5.5513324 ], [ 6.7182592, 5.5503177 ], [ 6.717719, 5.5497019 ], [ 6.7172673, 5.5486451 ], [ 6.7169031, 5.5474419 ], [ 6.7168618, 5.5464298 ], [ 6.7170478, 5.545525 ], [ 6.717329, 5.5448362 ], [ 6.7177659, 5.5441989 ], [ 6.7184991, 5.5435582 ], [ 6.7199708, 5.5425534 ], [ 6.7210901, 5.5418805 ], [ 6.722374, 5.541417 ], [ 6.7231358, 5.5410814 ], [ 6.7236234, 5.5406722 ], [ 6.7240085, 5.5398785 ], [ 6.7242425, 5.5389209 ], [ 6.7241378, 5.5383915 ], [ 6.7239817, 5.5380157 ], [ 6.7236106, 5.5376001 ], [ 6.7231504, 5.5370574 ], [ 6.7217982, 5.5350127 ], [ 6.7204721, 5.5333045 ], [ 6.7188859, 5.5317257 ], [ 6.7177157, 5.529681 ], [ 6.7172477, 5.5284128 ], [ 6.7161359, 5.5262629 ], [ 6.7154253, 5.5250927 ], [ 6.7144071, 5.5237914 ], [ 6.7134484, 5.5227573 ], [ 6.7111111, 5.5205232 ], [ 6.7095406, 5.5187854 ], [ 6.7079812, 5.5169808 ], [ 6.7071271, 5.5157643 ], [ 6.7062949, 5.5142898 ], [ 6.7046762, 5.5104981 ], [ 6.7037927, 5.5084914 ], [ 6.7029268, 5.5070577 ], [ 6.7014088, 5.5050465 ], [ 6.7001252, 5.5037142 ], [ 6.6966879, 5.5007059 ], [ 6.6941838, 5.4986458 ], [ 6.6927017, 5.4973423 ], [ 6.6898356, 5.4942286 ], [ 6.6890974, 5.4934132 ], [ 6.6887274, 5.493047 ], [ 6.6875216, 5.4919699 ], [ 6.6868156, 5.4912056 ], [ 6.685878783738276, 5.489865842226119 ] ] } },
{ "type": "Feature", "properties": { "name": null, "waterway": "stream" }, "geometry": { "type": "LineString", "coordinates": [ [ 6.6435761, 5.4971949 ], [ 6.6434786, 5.4961589 ], [ 6.6432672, 5.4945483 ], [ 6.6431858, 5.493221 ], [ 6.643218897398603, 5.492854431794063 ] ] } },
{ "type": "Feature", "properties": { "name": "Onosi River", "waterway": "river" }, "geometry": { "type": "MultiLineString", "coordinates": [ [ [ 6.7805707, 5.4954452 ], [ 6.7803752, 5.4952094 ], [ 6.7803323, 5.4948836 ], [ 6.7802679, 5.4944832 ], [ 6.7803323, 5.494072 ], [ 6.7803805, 5.4938531 ], [ 6.7803215, 5.4936235 ], [ 6.7801928, 5.4934526 ], [ 6.7799246, 5.4933404 ], [ 6.7797475, 5.4931749 ], [ 6.7796724, 5.492988 ], [ 6.7796993, 5.4927744 ], [ 6.7797744, 5.4924807 ], [ 6.7797744, 5.4922725 ], [ 6.7796295, 5.4919574 ], [ 6.7791736, 5.4912793 ], [ 6.778739, 5.490521 ], [ 6.7784869, 5.4903128 ], [ 6.7783099, 5.4901953 ], [ 6.7780685, 5.4901526 ], [ 6.777811, 5.4901686 ], [ 6.777516, 5.4900618 ], [ 6.7773336, 5.4899337 ], [ 6.7772316, 5.4897414 ], [ 6.7772102, 5.4895972 ], [ 6.7772102, 5.4893409 ], [ 6.7772102, 5.48909 ], [ 6.777178, 5.4889992 ], [ 6.7770653, 5.4889138 ], [ 6.7767971, 5.4888283 ], [ 6.776722, 5.4887429 ], [ 6.7766815, 5.488511 ], [ 6.776762, 5.4883135 ], [ 6.7769015, 5.4880999 ], [ 6.7769015, 5.4879557 ], [ 6.7767781, 5.4877581 ], [ 6.7766708, 5.4875552 ], [ 6.7766493, 5.4874324 ], [ 6.7766869, 5.4871067 ], [ 6.7767566, 5.4869518 ], [ 6.776998, 5.4867435 ], [ 6.7771858, 5.4866314 ], [ 6.7772662, 5.4865193 ], [ 6.7772609, 5.4862897 ], [ 6.7771697, 5.4858678 ], [ 6.7770141, 5.4856489 ], [ 6.7767352, 5.4854994 ], [ 6.7762899, 5.4853765 ], [ 6.776129, 5.4853018 ], [ 6.7758393, 5.4850134 ], [ 6.7756676, 5.4848479 ], [ 6.7754485, 5.4845503 ], [ 6.7753375, 5.4842558 ], [ 6.7748384, 5.4834523 ], [ 6.7746351, 5.4831395 ], [ 6.7743947, 5.4830045 ], [ 6.7741421, 5.4829248 ], [ 6.7739264, 5.4828266 ], [ 6.7730576, 5.4818943 ], [ 6.7727063, 5.4815447 ], [ 6.7725215, 5.4812993 ], [ 6.772466, 5.4810785 ], [ 6.7724352, 5.4807902 ], [ 6.7723304, 5.4805326 ], [ 6.7721949, 5.4803608 ], [ 6.7720039, 5.4802688 ], [ 6.7719299, 5.4801338 ], [ 6.7718005, 5.4797106 ], [ 6.7712521, 5.4786556 ], [ 6.7710056, 5.4781955 ], [ 6.7708454, 5.478036 ], [ 6.7707406, 5.4778582 ], [ 6.7707221, 5.4776557 ], [ 6.7706975, 5.4774901 ], [ 6.7704941, 5.4772386 ], [ 6.7703524, 5.4770914 ], [ 6.7700628, 5.4769074 ], [ 6.7698841, 5.4766314 ], [ 6.7698718, 5.4764473 ], [ 6.7699149, 5.4762204 ], [ 6.7701799, 5.4758033 ], [ 6.7701799, 5.4756254 ], [ 6.7700443, 5.4753432 ], [ 6.7697732, 5.4752021 ], [ 6.7693911, 5.4747973 ], [ 6.7692371, 5.4746685 ], [ 6.7691323, 5.4743618 ], [ 6.7691323, 5.4740122 ], [ 6.7692802, 5.4737055 ], [ 6.7696253, 5.4734662 ], [ 6.7698101, 5.4732945 ], [ 6.7699026, 5.4730921 ], [ 6.7699642, 5.4718837 ], [ 6.7701244, 5.4715401 ], [ 6.7703093, 5.4713316 ], [ 6.7706728, 5.4711046 ], [ 6.7707591, 5.4707121 ], [ 6.7706297, 5.4703931 ], [ 6.770488, 5.4702029 ], [ 6.770223, 5.4700618 ], [ 6.7701183, 5.469976 ], [ 6.770032, 5.4696325 ], [ 6.7698903, 5.468786 ], [ 6.7697917, 5.4686019 ], [ 6.769348, 5.4684486 ], [ 6.7691816, 5.4683014 ], [ 6.7690953, 5.4680867 ], [ 6.7690953, 5.4678781 ], [ 6.7692432, 5.4676021 ], [ 6.769348, 5.4673322 ], [ 6.769311, 5.4670194 ], [ 6.7692124, 5.4668783 ], [ 6.7689906, 5.4667556 ], [ 6.7686763, 5.4666268 ], [ 6.7684422, 5.4664059 ], [ 6.768171, 5.4660011 ], [ 6.7679901, 5.4656576 ], [ 6.7676079, 5.4653622 ], [ 6.7670469, 5.4649494 ], [ 6.7664696, 5.4643828 ], [ 6.7658963, 5.4639093 ], [ 6.7655792, 5.4633913 ], [ 6.7655304, 5.4631485 ], [ 6.7655426, 5.4625091 ], [ 6.7654776, 5.4622217 ], [ 6.7653225, 5.4620305 ], [ 6.7650345, 5.4619142 ], [ 6.7646523, 5.4619142 ], [ 6.7645059, 5.4617685 ], [ 6.7644246, 5.4616633 ], [ 6.7643718, 5.4614407 ], [ 6.7643718, 5.4611614 ], [ 6.7643515, 5.4608741 ], [ 6.7642742, 5.460692 ], [ 6.7641482, 5.4605544 ], [ 6.7640018, 5.4604815 ], [ 6.7636563, 5.4603561 ], [ 6.7633245, 5.4601283 ], [ 6.7631797, 5.460021 ], [ 6.7628531, 5.4598615 ], [ 6.7622585, 5.4597664 ], [ 6.7621321, 5.4597266 ], [ 6.7619565, 5.45961 ], [ 6.7618487, 5.4594352 ], [ 6.7616238, 5.4588708 ], [ 6.7615067, 5.4585396 ], [ 6.7614296, 5.4584323 ], [ 6.7613434, 5.4583709 ], [ 6.7612355, 5.4583678 ], [ 6.7611031, 5.4584108 ], [ 6.7609829, 5.4584905 ], [ 6.7608165, 5.4585059 ], [ 6.7607272, 5.4584875 ], [ 6.7606163, 5.4584445 ], [ 6.7602619, 5.4581286 ], [ 6.7602188, 5.4579906 ], [ 6.7602558, 5.4578955 ], [ 6.7603266, 5.4578311 ], [ 6.7605084, 5.4578096 ], [ 6.7606163, 5.4577667 ], [ 6.7606902, 5.45769 ], [ 6.7607774, 5.4573696 ], [ 6.760742, 5.457141 ], [ 6.7605391, 5.4569621 ], [ 6.7601622, 5.4568178 ], [ 6.7599709, 5.4567428 ], [ 6.7597854, 5.4566505 ], [ 6.7596753, 5.4565062 ], [ 6.7595709, 5.4562407 ], [ 6.75931, 5.456108 ], [ 6.7591999, 5.4560733 ], [ 6.7590027, 5.4561195 ], [ 6.7588752, 5.4562061 ], [ 6.758765, 5.4562061 ], [ 6.7586607, 5.4561426 ], [ 6.7585447, 5.4560041 ], [ 6.7580867, 5.4552538 ], [ 6.7579476, 5.4550057 ], [ 6.7578143, 5.4548902 ], [ 6.7575882, 5.4547633 ], [ 6.7574026, 5.4546363 ], [ 6.7572867, 5.4544747 ], [ 6.757107, 5.4543651 ], [ 6.7569156, 5.4543131 ], [ 6.7567127, 5.4543131 ], [ 6.756591, 5.4542612 ], [ 6.7564866, 5.4541573 ], [ 6.7563591, 5.4540188 ], [ 6.7562315, 5.4539957 ], [ 6.7560924, 5.454013 ], [ 6.7558547, 5.4541111 ], [ 6.7556692, 5.4541515 ], [ 6.7555126, 5.4541515 ], [ 6.755275, 5.4541111 ], [ 6.7550546, 5.4539899 ], [ 6.7549329, 5.4538514 ], [ 6.7548923, 5.4537533 ], [ 6.7548923, 5.4536263 ], [ 6.7549329, 5.4534243 ], [ 6.7548749, 5.4532512 ], [ 6.7547068, 5.4531127 ], [ 6.7544865, 5.4530204 ], [ 6.7542372, 5.45298 ], [ 6.7540575, 5.4529684 ], [ 6.7539125, 5.4528876 ], [ 6.7538488, 5.452778 ], [ 6.7538546, 5.4526625 ], [ 6.7539415, 5.4524375 ], [ 6.7540169, 5.4518026 ], [ 6.7537676, 5.4511966 ], [ 6.753698, 5.4510235 ], [ 6.7535183, 5.4508677 ], [ 6.7533502, 5.4507696 ], [ 6.7531531, 5.4506772 ], [ 6.7529328, 5.4504983 ], [ 6.752811, 5.4503079 ], [ 6.7527878, 5.4500539 ], [ 6.7528226, 5.4497654 ], [ 6.7527878, 5.4496211 ], [ 6.7526313, 5.449269 ], [ 6.7524979, 5.4490151 ], [ 6.7524516, 5.448865 ], [ 6.75244, 5.4486342 ], [ 6.7523008, 5.4482475 ], [ 6.7520747, 5.4480628 ], [ 6.7517965, 5.4479358 ], [ 6.7516515, 5.4477743 ], [ 6.7515008, 5.4475665 ], [ 6.7514138, 5.4472895 ], [ 6.7514196, 5.4468797 ], [ 6.7513848, 5.4466315 ], [ 6.7511935, 5.4463545 ], [ 6.7511008, 5.4459851 ], [ 6.7509732, 5.4458466 ], [ 6.7507993, 5.4457197 ], [ 6.7506485, 5.445535 ], [ 6.7505326, 5.4453734 ], [ 6.750463, 5.4451252 ], [ 6.7502775, 5.4449867 ], [ 6.7500746, 5.4448886 ], [ 6.7499297, 5.4447385 ], [ 6.749489, 5.444046 ], [ 6.7493673, 5.4436651 ], [ 6.7493267, 5.4434169 ], [ 6.7492919, 5.4430591 ], [ 6.749234, 5.4426551 ], [ 6.7490948, 5.4424646 ], [ 6.7490079, 5.4422684 ], [ 6.7489905, 5.4420895 ], [ 6.7491992, 5.4414893 ], [ 6.7491934, 5.4409987 ], [ 6.7491934, 5.4407736 ], [ 6.7492224, 5.4405716 ], [ 6.7491296, 5.44041 ], [ 6.7488629, 5.440208 ], [ 6.74847030891168, 5.43996825710174 ] ], [ [ 6.70010049244988, 5.489501115491329 ], [ 6.6999311, 5.4902413 ], [ 6.6999788, 5.4906218 ], [ 6.7001636, 5.4911168 ], [ 6.7000757, 5.4917286 ], [ 6.6998039, 5.4920142 ], [ 6.699715, 5.4922535 ], [ 6.6997468, 5.4928223 ], [ 6.6997523, 5.4930761 ], [ 6.6993457, 5.4937007 ], [ 6.6992005, 5.4941729 ], [ 6.6989903, 5.4945253 ], [ 6.6985221, 5.4949922 ], [ 6.6981039, 5.4955289 ], [ 6.6976993, 5.4962474 ], [ 6.6974952, 5.4965372 ], [ 6.6973566, 5.4966165 ], [ 6.6971523, 5.4966666 ], [ 6.6966714, 5.4966064 ], [ 6.6963408, 5.4965864 ], [ 6.6961519, 5.4966717 ], [ 6.6960425, 5.4967944 ], [ 6.695868, 5.4968848 ], [ 6.6957204, 5.4968356 ], [ 6.6956093, 5.4966813 ], [ 6.695604, 5.4963972 ], [ 6.6955525, 5.4961883 ], [ 6.6953797, 5.4960702 ], [ 6.6952069, 5.496081 ], [ 6.6950299, 5.4962321 ], [ 6.6949712, 5.4963979 ], [ 6.6949812, 5.4966461 ], [ 6.6950282, 5.4969863 ], [ 6.6949464, 5.4971688 ], [ 6.6947231, 5.4973037 ], [ 6.6945268, 5.4973028 ], [ 6.6937286, 5.4970954 ], [ 6.6934725, 5.4971138 ], [ 6.6927017, 5.4973423 ] ] ] } },
{ "type": "Feature", "properties": { "name": null, "waterway": "stream" }, "geometry": { "type": "LineString", "coordinates": [ [ 6.6874974, 5.4947611 ], [ 6.6873603, 5.4945043 ], [ 6.6872465, 5.4943586 ], [ 6.6869863, 5.4941482 ], [ 6.6867423, 5.4938245 ], [ 6.6861732, 5.4928532 ], [ 6.6854902, 5.4917201 ], [ 6.6848153, 5.4909189 ], [ 6.6841648, 5.4901581 ], [ 6.683905553012007, 5.489916447256385 ] ] } },
{ "type": "Feature", "properties": { "name": null, "waterway": "stream" }, "geometry": { "type": "LineString", "coordinates": [ [ 6.7187105, 5.4921264 ], [ 6.7181584, 5.491753 ], [ 6.7177337, 5.491591 ], [ 6.7175142, 5.4915275 ], [ 6.7174081, 5.49145 ], [ 6.7172736, 5.4912598 ], [ 6.7170612, 5.4910977 ], [ 6.7168276, 5.4910273 ], [ 6.7162401, 5.4909498 ], [ 6.7159499, 5.4908089 ], [ 6.7156809, 5.4905341 ], [ 6.7153129, 5.49021 ], [ 6.7147324, 5.490069 ], [ 6.7135079, 5.4898577 ], [ 6.7130195, 5.4897872 ], [ 6.7126372, 5.4898788 ], [ 6.7121417, 5.4900338 ], [ 6.711625, 5.4901325 ], [ 6.7107898, 5.490365 ], [ 6.7102023, 5.4903227 ], [ 6.7098342, 5.4901888 ], [ 6.709183, 5.4899774 ], [ 6.7087937, 5.4898718 ], [ 6.7085813, 5.489752 ], [ 6.7084185, 5.489597 ], [ 6.7084043, 5.4894983 ], [ 6.7084043, 5.4894138 ], [ 6.708420131479765, 5.489287751904749 ] ] } },
{ "type": "Feature", "properties": { "name": null, "waterway": "stream" }, "geometry": { "type": "LineString", "coordinates": [ [ 6.6880535, 5.534398 ], [ 6.6879437, 5.5341229 ], [ 6.6878691, 5.5339974 ], [ 6.6877213, 5.5337857 ], [ 6.6876411, 5.5337091 ], [ 6.6876116, 5.533645 ], [ 6.6875929, 5.5335142 ], [ 6.6875768, 5.5333407 ], [ 6.6875365, 5.5331778 ], [ 6.6874266, 5.5330417 ], [ 6.6873086, 5.5329616 ], [ 6.6870618, 5.5328495 ], [ 6.6869384, 5.5327881 ], [ 6.6868714, 5.532724 ], [ 6.6866943, 5.5326893 ], [ 6.6866246, 5.5326306 ], [ 6.6865495, 5.5324116 ], [ 6.6864905, 5.5321874 ], [ 6.6863912, 5.5320032 ], [ 6.6862357, 5.5318937 ], [ 6.6859755, 5.5317816 ], [ 6.6857904, 5.5318003 ], [ 6.6853466, 5.5320325 ], [ 6.685187, 5.5320268 ], [ 6.6849268, 5.5319054 ], [ 6.6847967, 5.5319054 ], [ 6.6846097, 5.5319621 ], [ 6.6845325, 5.5320552 ], [ 6.6844187, 5.5323101 ], [ 6.6843251, 5.5323708 ], [ 6.6842479, 5.5323627 ], [ 6.6841666, 5.532298 ], [ 6.6840446, 5.5321159 ], [ 6.6835553, 5.531898 ], [ 6.6832057, 5.5318656 ], [ 6.6830918, 5.5319223 ], [ 6.6829821, 5.532072 ], [ 6.6828804, 5.5322055 ], [ 6.6827869, 5.5322055 ], [ 6.682665, 5.5320517 ], [ 6.6824942, 5.5319384 ], [ 6.6824251, 5.5319587 ], [ 6.6823804, 5.5320639 ], [ 6.6823519, 5.5321853 ], [ 6.6822462, 5.5322581 ], [ 6.6820795, 5.5322662 ], [ 6.6819616, 5.5323107 ], [ 6.6818722, 5.5323998 ], [ 6.6818112, 5.5325616 ], [ 6.6817218, 5.5327113 ], [ 6.6815848, 5.5329186 ], [ 6.681447, 5.5329807 ], [ 6.6812424, 5.5329824 ], [ 6.6810104, 5.5329075 ], [ 6.68057, 5.5326319 ], [ 6.6802895, 5.532644 ], [ 6.6801431, 5.5326157 ], [ 6.6799439, 5.5324417 ], [ 6.679826, 5.5322151 ], [ 6.6797976, 5.5319197 ], [ 6.679822, 5.5317376 ], [ 6.679826, 5.5315919 ], [ 6.6797284, 5.5314341 ], [ 6.679639, 5.5312639 ], [ 6.6796169, 5.5311991 ], [ 6.6796844, 5.5311031 ], [ 6.6799661, 5.5307466 ], [ 6.6805878, 5.5302757 ], [ 6.6807046, 5.5301409 ], [ 6.6808026, 5.5299317 ], [ 6.6809707, 5.5297969 ], [ 6.6812743, 5.5297226 ], [ 6.6814277, 5.5297085 ], [ 6.6818332, 5.5298238 ], [ 6.6820341, 5.5298238 ], [ 6.6822769, 5.5296983 ], [ 6.6825945, 5.5293357 ], [ 6.6826198, 5.5286663 ], [ 6.6823795, 5.5283902 ], [ 6.6817571, 5.5280713 ], [ 6.6813196, 5.5280284 ], [ 6.6810053, 5.5278382 ], [ 6.6808328, 5.5276665 ], [ 6.6806233, 5.5272494 ], [ 6.6803275, 5.5268508 ], [ 6.6799146, 5.5266484 ], [ 6.6796497, 5.5264766 ], [ 6.6796065, 5.5261945 ], [ 6.6797544, 5.5258449 ], [ 6.6799023, 5.525483 ], [ 6.6799067, 5.5252848 ], [ 6.6797028, 5.5250713 ], [ 6.6793541, 5.5249271 ], [ 6.6792737, 5.524831 ], [ 6.6792965, 5.5247159 ], [ 6.6793341, 5.5246144 ], [ 6.6794897, 5.5243501 ], [ 6.6796593, 5.5240819 ] ] } },
{ "type": "Feature", "properties": { "name": null, "waterway": "stream" }, "geometry": { "type": "LineString", "coordinates": [ [ 6.6694269, 5.5360047 ], [ 6.6701206, 5.5349198 ], [ 6.6703613, 5.534497 ], [ 6.6703825, 5.5342223 ], [ 6.670425, 5.5341095 ], [ 6.6705311, 5.5340179 ], [ 6.6707293, 5.5339123 ], [ 6.6710125, 5.5336023 ], [ 6.6712956, 5.5332148 ], [ 6.6714018, 5.53294 ], [ 6.6713522, 5.5327568 ], [ 6.671143, 5.5325719 ], [ 6.6709982, 5.5324758 ], [ 6.6709553, 5.5323637 ], [ 6.6709714, 5.532054 ], [ 6.6710357, 5.5319526 ], [ 6.6711645, 5.5319526 ], [ 6.6713093, 5.5320433 ], [ 6.6714595, 5.5322195 ], [ 6.6716205, 5.5322462 ], [ 6.6720335, 5.5322195 ], [ 6.6723178, 5.5321234 ], [ 6.6723715, 5.5320006 ], [ 6.6723876, 5.5318671 ], [ 6.6723286, 5.5317336 ], [ 6.6721998, 5.5316589 ], [ 6.6716417, 5.5314261 ], [ 6.6715178, 5.5313134 ], [ 6.6714187, 5.5311514 ], [ 6.6714258, 5.531088 ], [ 6.6714682, 5.5310069 ], [ 6.6715213, 5.5309611 ], [ 6.6716487, 5.5309823 ], [ 6.6718009, 5.5310527 ], [ 6.671992, 5.5312077 ], [ 6.6720805, 5.5312007 ], [ 6.6721301, 5.5311478 ], [ 6.6721513, 5.5310492 ], [ 6.6721442, 5.5309118 ], [ 6.6721761, 5.5306723 ], [ 6.6722929, 5.5305173 ], [ 6.672714, 5.5303728 ], [ 6.6730927, 5.5301756 ], [ 6.6732909, 5.5299748 ], [ 6.6735351, 5.5296507 ], [ 6.6735953, 5.5294675 ], [ 6.6735918, 5.5292773 ], [ 6.6736024, 5.5291927 ], [ 6.6736661, 5.5291047 ], [ 6.6737616, 5.5290448 ], [ 6.6738147, 5.5289567 ], [ 6.6738501, 5.5288158 ], [ 6.6738289, 5.5287136 ], [ 6.6738183, 5.5285939 ], [ 6.6738607, 5.5285375 ], [ 6.6739528, 5.5285305 ], [ 6.6740766, 5.5285657 ], [ 6.6745155, 5.5288264 ], [ 6.6747031, 5.5288827 ], [ 6.6748234, 5.5288616 ], [ 6.675028, 5.528784 ] ] } },
{ "type": "Feature", "properties": { "name": null, "waterway": "stream" }, "geometry": { "type": "LineString", "coordinates": [ [ 6.646687474546462, 5.545090655480165 ], [ 6.6468474, 5.545027 ], [ 6.6469409, 5.5449784 ], [ 6.6469815, 5.5448813 ], [ 6.64701, 5.5445536 ], [ 6.647071, 5.5444686 ], [ 6.6472621, 5.5442541 ], [ 6.6473962, 5.5440113 ], [ 6.6474572, 5.5436431 ], [ 6.6474735, 5.5433153 ], [ 6.6474735, 5.5432101 ], [ 6.6475426, 5.5430887 ], [ 6.6476605, 5.543024 ], [ 6.6478028, 5.5429633 ], [ 6.6479288, 5.5428136 ], [ 6.6479979, 5.5426598 ], [ 6.6481443, 5.5423644 ], [ 6.6483069, 5.5421216 ], [ 6.6483069, 5.5418424 ], [ 6.6482622, 5.5412557 ], [ 6.6482988, 5.5410412 ], [ 6.6483801, 5.5408996 ], [ 6.6485793, 5.5408146 ], [ 6.6487704, 5.5407175 ], [ 6.6487744, 5.5405435 ], [ 6.6487419, 5.5404505 ], [ 6.6485752, 5.5403291 ], [ 6.6485508, 5.5402198 ], [ 6.6485833, 5.5400579 ], [ 6.6487134, 5.5397787 ], [ 6.6488639, 5.539451 ], [ 6.6489411, 5.5393215 ], [ 6.6490671, 5.5391273 ], [ 6.6490753, 5.5388885 ], [ 6.6490793, 5.5385324 ], [ 6.6491322, 5.5383584 ], [ 6.6492013, 5.5382573 ], [ 6.6493924, 5.5382208 ], [ 6.6495753, 5.5381318 ], [ 6.64962, 5.5379902 ], [ 6.6496363, 5.5375491 ], [ 6.6496322, 5.5371971 ], [ 6.6496249, 5.5369202 ], [ 6.6496732, 5.5368188 ], [ 6.6498234, 5.5367547 ], [ 6.6500702, 5.5368935 ], [ 6.6502365, 5.5370697 ], [ 6.6503169, 5.5372406 ], [ 6.6502365, 5.5375716 ], [ 6.6502579, 5.537892 ], [ 6.6503062, 5.5383138 ], [ 6.6504618, 5.5386395 ], [ 6.6506656, 5.5388638 ], [ 6.6509978, 5.53907 ], [ 6.6511807, 5.5392278 ], [ 6.6512336, 5.5394058 ], [ 6.6512132, 5.5395475 ], [ 6.6510985, 5.5397399 ], [ 6.6510843, 5.5398491 ], [ 6.651102, 5.5399336 ], [ 6.6512542, 5.5400111 ], [ 6.6513568, 5.5401203 ], [ 6.651371, 5.5402507 ], [ 6.6512719, 5.5404761 ], [ 6.6512152, 5.5406135 ], [ 6.6512542, 5.5407227 ], [ 6.6514878, 5.5409341 ], [ 6.651555, 5.5410433 ], [ 6.6515019, 5.5413004 ], [ 6.6514347, 5.5413885 ], [ 6.6513816, 5.5415082 ], [ 6.6514347, 5.5416386 ], [ 6.6514701, 5.5416809 ], [ 6.6515515, 5.5417231 ], [ 6.6518245, 5.5417586 ], [ 6.652034, 5.5418016 ], [ 6.6522127, 5.5420837 ], [ 6.6523267, 5.5423628 ], [ 6.6523329, 5.5424885 ], [ 6.6524176, 5.5426793 ], [ 6.6525034, 5.5427754 ], [ 6.6526536, 5.5428047 ], [ 6.6528119, 5.5428368 ], [ 6.6528628, 5.5428821 ], [ 6.6528467, 5.5429569 ], [ 6.6527395, 5.5430423 ], [ 6.6526456, 5.5431144 ], [ 6.6526214, 5.5432372 ], [ 6.6526644, 5.543352 ], [ 6.6527931, 5.5433894 ], [ 6.6528655, 5.54336 ], [ 6.6529353, 5.5432506 ], [ 6.6530372, 5.5431491 ], [ 6.6531579, 5.5431091 ], [ 6.6532491, 5.5430797 ], [ 6.6533778, 5.5430397 ], [ 6.6535173, 5.5428394 ], [ 6.6535575, 5.542738 ], [ 6.6537104, 5.5426526 ], [ 6.6538579, 5.5426579 ], [ 6.653976, 5.54277 ], [ 6.654035, 5.5428608 ], [ 6.653984, 5.543045 ], [ 6.6538794, 5.5432159 ], [ 6.6538821, 5.5433253 ], [ 6.6539169, 5.5433867 ], [ 6.654102, 5.5434188 ], [ 6.6542415, 5.5433947 ], [ 6.6543649, 5.5432372 ], [ 6.6544266, 5.5431838 ], [ 6.6544909, 5.5431812 ], [ 6.6546036, 5.5433333 ], [ 6.6546465, 5.5435095 ], [ 6.6547377, 5.5436136 ], [ 6.6548732, 5.5436414 ], [ 6.6550181, 5.543636 ], [ 6.6551468, 5.543572 ], [ 6.6552595, 5.5434278 ], [ 6.655356, 5.5432089 ], [ 6.6554418, 5.5431021 ], [ 6.655635, 5.5430914 ], [ 6.6558978, 5.5432142 ], [ 6.6560534, 5.5433958 ], [ 6.6560748, 5.5435987 ], [ 6.6560534, 5.5438122 ], [ 6.6560802, 5.5439724 ], [ 6.6562626, 5.5441166 ], [ 6.6565791, 5.5442874 ], [ 6.656799, 5.5444797 ], [ 6.6569171, 5.5447253 ], [ 6.6569224, 5.5449762 ], [ 6.6569707, 5.5451097 ], [ 6.6570887, 5.5451844 ], [ 6.6572336, 5.5451898 ], [ 6.657476, 5.5451976 ], [ 6.6578016, 5.5456097 ], [ 6.6580564, 5.5459726 ], [ 6.6581378, 5.5461099 ], [ 6.6581485, 5.5462614 ], [ 6.6581131, 5.5465045 ], [ 6.6581555, 5.5466665 ], [ 6.6583254, 5.5468497 ], [ 6.658651, 5.5469519 ], [ 6.6587572, 5.5470505 ], [ 6.6588032, 5.5472654 ], [ 6.6587997, 5.5474204 ], [ 6.6588067, 5.5476071 ], [ 6.6588528, 5.5476951 ], [ 6.6589589, 5.5478184 ], [ 6.6591996, 5.5479276 ], [ 6.6594898, 5.547984 ], [ 6.6597552, 5.5479523 ], [ 6.6598897, 5.5479382 ], [ 6.6601162, 5.5480157 ], [ 6.6603463, 5.5481073 ], [ 6.6606542, 5.5480861 ], [ 6.6610435, 5.5479875 ], [ 6.6612205, 5.5478642 ], [ 6.6612771, 5.5477761 ], [ 6.6612771, 5.5476071 ], [ 6.6612629, 5.5474521 ], [ 6.6612913, 5.5473112 ], [ 6.6613514, 5.5471984 ], [ 6.6614239, 5.5470161 ], [ 6.6614239, 5.5468999 ], [ 6.6613352, 5.5468209 ], [ 6.661111, 5.5468116 ], [ 6.6608355, 5.5468116 ], [ 6.6606347, 5.5469185 ], [ 6.6604245, 5.5470533 ], [ 6.6603264, 5.5470579 ], [ 6.660233, 5.5469742 ], [ 6.6602284, 5.5467883 ], [ 6.6603404, 5.5465373 ], [ 6.6606066, 5.5462398 ], [ 6.6607654, 5.5460632 ], [ 6.6607701, 5.5459795 ], [ 6.6607514, 5.5458633 ], [ 6.6606253, 5.5457285 ], [ 6.6604385, 5.545603 ], [ 6.6602751, 5.5455566 ], [ 6.6601583, 5.5454915 ], [ 6.6600789, 5.5453706 ], [ 6.6600743, 5.5451754 ], [ 6.6601023, 5.5449895 ], [ 6.660205, 5.5448175 ], [ 6.6602984, 5.5447338 ], [ 6.6605179, 5.5447571 ], [ 6.6607748, 5.5447617 ], [ 6.6608355, 5.5447292 ], [ 6.6608915, 5.5445665 ], [ 6.6608635, 5.544348 ], [ 6.6607187, 5.5441203 ], [ 6.6605926, 5.5439669 ], [ 6.6602564, 5.5437856 ], [ 6.660135, 5.5435579 ], [ 6.6601256, 5.5432976 ], [ 6.6602097, 5.5430094 ], [ 6.6604152, 5.5427909 ], [ 6.6606113, 5.5427444 ], [ 6.6608071, 5.5428466 ], [ 6.6608956, 5.5429373 ], [ 6.661019, 5.542948 ], [ 6.6611236, 5.542892 ], [ 6.6611531, 5.5427932 ], [ 6.6611378, 5.5423337 ], [ 6.6610793, 5.5420163 ], [ 6.6610752, 5.541648 ], [ 6.6611443, 5.5413324 ], [ 6.6613435, 5.5409966 ], [ 6.6614767, 5.5407461 ], [ 6.6616369, 5.5402278 ], [ 6.6616924, 5.539961 ], [ 6.6616739, 5.5397249 ], [ 6.6616369, 5.5394305 ], [ 6.6616308, 5.5392526 ], [ 6.6616739, 5.539038 ], [ 6.6616338, 5.5388846 ], [ 6.6615506, 5.538719 ], [ 6.6615198, 5.5386332 ], [ 6.6615784, 5.5384645 ], [ 6.6617632, 5.5381364 ], [ 6.6618772, 5.5380597 ], [ 6.6619789, 5.5380198 ], [ 6.6621391, 5.5379861 ], [ 6.6622069, 5.537934 ], [ 6.6622747, 5.5378144 ], [ 6.6623055, 5.5376089 ], [ 6.662364, 5.5375169 ], [ 6.6624349, 5.5374464 ], [ 6.662703, 5.5372992 ], [ 6.6631928, 5.5371918 ], [ 6.6636242, 5.5368668 ], [ 6.663769, 5.5366797 ], [ 6.6637844, 5.5365417 ], [ 6.6637598, 5.5364006 ], [ 6.6637043, 5.5363086 ], [ 6.6637074, 5.536189 ], [ 6.6637782, 5.535956 ], [ 6.66392, 5.535634 ], [ 6.6641079, 5.5355266 ], [ 6.6642928, 5.5354776 ], [ 6.6649644, 5.5355573 ], [ 6.6651154, 5.5355389 ], [ 6.6652263, 5.5354684 ], [ 6.665251, 5.5353672 ], [ 6.6652263, 5.5352966 ], [ 6.6651247, 5.5352568 ], [ 6.6650107, 5.5351556 ], [ 6.6649614, 5.5350176 ], [ 6.6649614, 5.534944 ], [ 6.6650014, 5.5348244 ], [ 6.6651555, 5.5347354 ], [ 6.6654297, 5.5346281 ], [ 6.6655991, 5.5346189 ], [ 6.6658179, 5.534668 ], [ 6.6659812, 5.5346588 ], [ 6.6662246, 5.5346189 ], [ 6.6663509, 5.5346404 ], [ 6.6665389, 5.5347508 ], [ 6.6666375, 5.534806 ], [ 6.6667391, 5.5347998 ], [ 6.6668316, 5.5346986 ], [ 6.6669425, 5.5344011 ], [ 6.6670503, 5.5342662 ], [ 6.667115, 5.5342355 ], [ 6.667266, 5.5342233 ], [ 6.6673914, 5.5341838 ], [ 6.6674895, 5.5340955 ], [ 6.6675362, 5.5339374 ], [ 6.6674988, 5.5338166 ], [ 6.6675269, 5.5337329 ], [ 6.667681, 5.5336911 ], [ 6.6679098, 5.5336725 ], [ 6.6680406, 5.5337329 ], [ 6.6680639, 5.5339188 ], [ 6.668134, 5.5340257 ], [ 6.6683067, 5.5340025 ], [ 6.6684235, 5.5338677 ], [ 6.6683955, 5.5337329 ], [ 6.6681993, 5.5334494 ], [ 6.668134, 5.5332681 ], [ 6.668218, 5.5331891 ], [ 6.6683908, 5.5331565 ], [ 6.6686103, 5.5332169 ], [ 6.6688391, 5.5334587 ], [ 6.6690119, 5.5336074 ], [ 6.6693575, 5.533705 ], [ 6.6696797, 5.5336911 ], [ 6.6700767, 5.5335284 ], [ 6.6701841, 5.5334122 ], [ 6.6701654, 5.5332867 ], [ 6.670044, 5.5331798 ], [ 6.6697171, 5.5330821 ], [ 6.6695209, 5.5330217 ], [ 6.6694275, 5.5329288 ], [ 6.6693855, 5.5327103 ], [ 6.6694322, 5.5325104 ], [ 6.6695816, 5.5324267 ], [ 6.6698245, 5.5324593 ], [ 6.6703522, 5.5324732 ], [ 6.6704503, 5.532529 ], [ 6.6705577, 5.5326127 ], [ 6.6706417, 5.5326406 ], [ 6.6707725, 5.5326452 ], [ 6.6708566, 5.5326313 ], [ 6.6709733, 5.5325244 ], [ 6.6709982, 5.5324758 ] ] } },
{ "type": "Feature", "properties": { "name": null, "waterway": "stream" }, "geometry": { "type": "LineString", "coordinates": [ [ 6.6747357, 5.6313135 ], [ 6.674684, 5.6309277 ], [ 6.6745661, 5.6304971 ], [ 6.6743802, 5.6298894 ], [ 6.6742526, 5.6295748 ], [ 6.6735764, 5.6283794 ], [ 6.6729757, 5.6275725 ], [ 6.6720975, 5.6267311 ], [ 6.6710287, 5.6262098 ], [ 6.6695281, 5.6253715 ], [ 6.6691175, 5.6250123 ], [ 6.6685017, 5.624329 ], [ 6.6682257, 5.6237584 ], [ 6.6681195, 5.6234203 ], [ 6.6678847, 5.623145 ], [ 6.6677787, 5.6230376 ], [ 6.6675948, 5.6228607 ], [ 6.6675503, 5.6226942 ], [ 6.6675623, 5.6224055 ], [ 6.667642, 5.6221174 ], [ 6.6680966, 5.6210137 ], [ 6.6681205, 5.6208832 ], [ 6.6681287, 5.6207554 ], [ 6.6681761, 5.6205391 ], [ 6.6683602, 5.6202292 ], [ 6.6688981, 5.6197009 ], [ 6.6696838, 5.6191584 ], [ 6.6712623, 5.618144 ], [ 6.672317, 5.6175946 ], [ 6.6730036, 5.6173058 ], [ 6.6738388, 5.6170662 ], [ 6.6750492, 5.6169535 ], [ 6.6758633, 5.6170169 ], [ 6.6766773, 5.6170169 ], [ 6.6776187, 5.6168831 ], [ 6.6785884, 5.6166718 ], [ 6.6791759, 5.6163759 ], [ 6.6797847, 5.6159391 ], [ 6.6802377, 5.6153545 ], [ 6.6804147, 5.6148261 ], [ 6.6804784, 5.6143189 ], [ 6.6804005, 5.6137835 ], [ 6.6801386, 5.6128819 ], [ 6.6797705, 5.6121563 ], [ 6.6794662, 5.6117195 ], [ 6.679275, 5.6113532 ], [ 6.6790627, 5.610691 ], [ 6.6782841, 5.6092258 ], [ 6.6781534, 5.6090582 ], [ 6.677916, 5.6087538 ], [ 6.6775338, 5.6085072 ], [ 6.6771232, 5.6083663 ], [ 6.6767339, 5.6084016 ], [ 6.6761393, 5.6085636 ], [ 6.6758066, 5.6087397 ], [ 6.6755235, 5.6090004 ], [ 6.6748935, 5.6096907 ], [ 6.6746033, 5.6098668 ], [ 6.6743909, 5.609902 ], [ 6.6741644, 5.6098598 ], [ 6.6738742, 5.6097893 ], [ 6.6728549, 5.609895 ], [ 6.6719206, 5.6102543 ], [ 6.6705757, 5.6111137 ], [ 6.670059, 5.6115645 ], [ 6.6697617, 5.6119731 ], [ 6.6694078, 5.6127551 ], [ 6.6691529, 5.6140231 ], [ 6.6690751, 5.6145584 ], [ 6.6688061, 5.6151572 ], [ 6.6681974, 5.6159814 ], [ 6.6674329, 5.6169465 ], [ 6.6668949, 5.6177566 ], [ 6.6663074, 5.6182004 ], [ 6.6655925, 5.6184822 ], [ 6.6648493, 5.6185385 ], [ 6.6643538, 5.6184963 ], [ 6.663384, 5.6180384 ], [ 6.6628461, 5.6175946 ], [ 6.6619259, 5.6166295 ], [ 6.6612605, 5.615594 ], [ 6.6610836, 5.6151713 ], [ 6.660404, 5.6129664 ], [ 6.6601421, 5.6116209 ], [ 6.6602342, 5.6109587 ], [ 6.6604677, 5.6104445 ], [ 6.6618056, 5.6090004 ], [ 6.6626904, 5.6081832 ], [ 6.6630726, 5.607993 ], [ 6.6639503, 5.6077183 ], [ 6.664736, 5.6073731 ], [ 6.6653094, 5.6069786 ], [ 6.6660314, 5.6063164 ], [ 6.667263, 5.6051188 ], [ 6.6682186, 5.6041255 ], [ 6.6687707, 5.6033295 ], [ 6.6690043, 5.6028434 ], [ 6.6691317, 5.6023573 ], [ 6.6692591, 5.6014345 ], [ 6.669429, 5.6009273 ], [ 6.6697617, 5.6003708 ], [ 6.6702642, 5.5999199 ], [ 6.6707951, 5.5995888 ], [ 6.6713402, 5.5994338 ], [ 6.6720338, 5.5994479 ], [ 6.6725364, 5.5995888 ], [ 6.6731098, 5.5998002 ], [ 6.6737539, 5.6001453 ], [ 6.6742423, 5.6003215 ], [ 6.6746458, 5.6003074 ], [ 6.6751625, 5.6000819 ], [ 6.6756297, 5.5997015 ], [ 6.6759057, 5.5992648 ], [ 6.6760898, 5.5986308 ], [ 6.6761252, 5.5980108 ], [ 6.6760048, 5.59756 ], [ 6.6757783, 5.5972852 ], [ 6.6755376, 5.5971162 ], [ 6.6750422, 5.5967569 ], [ 6.6746953, 5.5964117 ], [ 6.6741574, 5.5958059 ], [ 6.673853, 5.595517 ], [ 6.6731947, 5.5951789 ], [ 6.6727983, 5.5948337 ], [ 6.6724656, 5.5945026 ], [ 6.6720622, 5.5938263 ], [ 6.6715384, 5.5929809 ], [ 6.6709508, 5.5923258 ], [ 6.6704058, 5.5918186 ], [ 6.6698679, 5.5915861 ], [ 6.6685796, 5.5912057 ], [ 6.6674046, 5.5908957 ], [ 6.6667321, 5.5905576 ], [ 6.6662933, 5.5898742 ], [ 6.6659464, 5.5890077 ], [ 6.6658756, 5.5884019 ], [ 6.6660314, 5.5878735 ], [ 6.6662933, 5.5873592 ], [ 6.6666118, 5.5869929 ], [ 6.6669586, 5.5867534 ], [ 6.6674612, 5.5864998 ], [ 6.6679284, 5.5864293 ], [ 6.6683035, 5.5864082 ], [ 6.6687282, 5.5863096 ], [ 6.6690397, 5.5861687 ], [ 6.6695706, 5.5857037 ], [ 6.670781, 5.5845413 ], [ 6.6716021, 5.5835128 ], [ 6.6720126, 5.5828224 ], [ 6.6722179, 5.5822377 ], [ 6.6721966, 5.5817586 ], [ 6.6719631, 5.5810471 ], [ 6.6715384, 5.5803778 ], [ 6.6710287, 5.5798988 ], [ 6.6706252, 5.5795254 ], [ 6.6702713, 5.5791309 ], [ 6.6701581, 5.5787082 ], [ 6.6700448, 5.5779121 ], [ 6.6699032, 5.5762566 ], [ 6.6698962, 5.5753126 ], [ 6.6700377, 5.574594 ], [ 6.670066, 5.5739388 ], [ 6.6700519, 5.5732132 ], [ 6.6702289, 5.5725017 ], [ 6.6704978, 5.572086 ], [ 6.6708234, 5.5717338 ], [ 6.6711986, 5.5714942 ], [ 6.6726921, 5.5708813 ], [ 6.6730956, 5.570677 ], [ 6.6734495, 5.5703882 ], [ 6.6737114, 5.5700571 ], [ 6.6739662, 5.5695146 ], [ 6.6743768, 5.568803 ], [ 6.6748864, 5.5682113 ], [ 6.6754032, 5.5679365 ], [ 6.6759977, 5.5677533 ], [ 6.6765852, 5.567697 ], [ 6.6771728, 5.5678027 ], [ 6.678553, 5.5680633 ], [ 6.6791335, 5.5682183 ], [ 6.6798201, 5.5685142 ], [ 6.6803014, 5.5688242 ], [ 6.6808181, 5.5692539 ], [ 6.6814835, 5.569895 ], [ 6.6820215, 5.5702332 ], [ 6.682524, 5.5703811 ], [ 6.6832035, 5.5704093 ], [ 6.6836849, 5.5703318 ], [ 6.6842724, 5.5700852 ], [ 6.68469, 5.5698105 ], [ 6.6848953, 5.5695216 ], [ 6.6852846, 5.5693103 ], [ 6.686042, 5.5690214 ], [ 6.6865445, 5.5688242 ], [ 6.6871533, 5.568486 ], [ 6.6876983, 5.5679576 ], [ 6.6882221, 5.5670066 ], [ 6.6888521, 5.5658935 ], [ 6.688937, 5.5655201 ], [ 6.6890007, 5.564724 ], [ 6.6890432, 5.5632163 ], [ 6.6891352, 5.5621385 ], [ 6.689114, 5.5612649 ], [ 6.6889866, 5.5603842 ], [ 6.6885973, 5.5594472 ], [ 6.6876275, 5.5576085 ], [ 6.6867852, 5.5562628 ], [ 6.6861623, 5.5554949 ], [ 6.6856668, 5.5548186 ], [ 6.6849885, 5.5541273 ], [ 6.6843786, 5.5532694 ], [ 6.6841591, 5.5527596 ], [ 6.6839314, 5.5518856 ], [ 6.6837119, 5.5507849 ], [ 6.6833785, 5.5494496 ], [ 6.6828338, 5.5481871 ], [ 6.6823053, 5.5469732 ], [ 6.6818743, 5.5463986 ], [ 6.6813051, 5.5459778 ], [ 6.6806953, 5.545735 ], [ 6.6802319, 5.5456541 ], [ 6.6794269, 5.5457836 ], [ 6.6788496, 5.5460344 ], [ 6.6784756, 5.5463339 ], [ 6.6776703, 5.5470108 ], [ 6.6773454, 5.5471879 ], [ 6.6769883, 5.5472477 ], [ 6.6766773, 5.5472425 ], [ 6.6761095, 5.5470784 ], [ 6.6755728, 5.5467466 ], [ 6.6753452, 5.5464795 ], [ 6.6751907, 5.5462368 ], [ 6.6751094, 5.5458807 ], [ 6.6749711, 5.5455408 ], [ 6.674654, 5.5451685 ], [ 6.6737759, 5.5443673 ], [ 6.673345, 5.5437765 ], [ 6.6729303, 5.5427973 ], [ 6.6728246, 5.5419799 ], [ 6.6728246, 5.541381 ], [ 6.6729953, 5.5407255 ], [ 6.6734994, 5.5399728 ], [ 6.6740318, 5.539663 ], [ 6.6743032, 5.5395507 ], [ 6.6746279, 5.5395091 ], [ 6.6751175, 5.5395035 ], [ 6.6757598, 5.5394306 ], [ 6.6762965, 5.5391878 ], [ 6.6766949, 5.5387913 ], [ 6.6770689, 5.5381357 ], [ 6.6773942, 5.5373345 ], [ 6.6774917, 5.5367842 ], [ 6.6775161, 5.5363229 ], [ 6.6773047, 5.5356026 ], [ 6.6769388, 5.5346881 ], [ 6.6767762, 5.5340731 ], [ 6.6766543, 5.5332071 ], [ 6.6764347, 5.5326082 ], [ 6.6759794, 5.5317342 ], [ 6.6751968, 5.5305579 ], [ 6.6749691, 5.5300627 ], [ 6.6749013, 5.5295636 ], [ 6.6749043, 5.5293569 ], [ 6.675028, 5.528784 ], [ 6.6751663, 5.5279223 ], [ 6.6754934, 5.5270408 ], [ 6.6758754, 5.5262618 ], [ 6.6763438, 5.5256117 ], [ 6.6769908, 5.5248511 ], [ 6.6773667, 5.5245322 ], [ 6.6779028, 5.52425 ], [ 6.6783773, 5.5241274 ], [ 6.6790428, 5.5240538 ], [ 6.6796593, 5.5240819 ], [ 6.6797144, 5.5240844 ], [ 6.6807004, 5.5241519 ], [ 6.6810578, 5.5241519 ], [ 6.6813043, 5.5240476 ], [ 6.6815631, 5.5238882 ], [ 6.6825059, 5.5230295 ], [ 6.6827832, 5.5228761 ], [ 6.6835103, 5.5226737 ], [ 6.6845948, 5.5224652 ], [ 6.6851186, 5.5224775 ], [ 6.6855992, 5.5225511 ], [ 6.6860614, 5.5227412 ], [ 6.6866098, 5.5231337 ], [ 6.6871028, 5.5235815 ], [ 6.6873185, 5.5239802 ], [ 6.687528, 5.5245506 ], [ 6.6876574, 5.5251333 ], [ 6.6877621, 5.5258141 ], [ 6.6879162, 5.5261821 ], [ 6.6881134, 5.5263906 ], [ 6.6883722, 5.5265072 ], [ 6.6886248, 5.5264704 ], [ 6.688896, 5.5263477 ], [ 6.6891424, 5.5261146 ], [ 6.6892472, 5.5257773 ], [ 6.6892718, 5.5253234 ], [ 6.689352, 5.5250719 ], [ 6.6897217, 5.5247591 ], [ 6.6900852, 5.5246548 ], [ 6.6904242, 5.5246364 ], [ 6.6909048, 5.5247407 ], [ 6.691749, 5.5249922 ], [ 6.6920879, 5.525029 ], [ 6.6924638, 5.5249554 ], [ 6.692852, 5.5247285 ], [ 6.6935114, 5.5242746 ], [ 6.6941954, 5.5235202 ], [ 6.6945035, 5.5230724 ], [ 6.6946822, 5.5226799 ], [ 6.6947623, 5.5220543 ], [ 6.6947561, 5.5209993 ], [ 6.6946575, 5.5196438 ], [ 6.6946082, 5.519288 ], [ 6.6944665, 5.5188894 ], [ 6.6938503, 5.5177608 ], [ 6.6935915, 5.5171168 ], [ 6.6933758, 5.5163991 ], [ 6.6931416, 5.5153319 ], [ 6.6928952, 5.5139825 ], [ 6.692661, 5.5132097 ], [ 6.6923036, 5.5127558 ], [ 6.6920386, 5.5125288 ], [ 6.6914779, 5.5122651 ], [ 6.6910589, 5.5121792 ], [ 6.6907138, 5.512259 ], [ 6.6903132, 5.5124859 ], [ 6.6894444, 5.5131361 ], [ 6.6891301, 5.5132587 ], [ 6.688896, 5.5132587 ], [ 6.6885201, 5.513087 ], [ 6.6877436, 5.5125963 ], [ 6.6873061, 5.5122467 ], [ 6.6868748, 5.5118603 ], [ 6.6865975, 5.5116947 ], [ 6.686123, 5.5115413 ], [ 6.6857964, 5.5115168 ], [ 6.6847181, 5.5115597 ], [ 6.6844901, 5.5115045 ], [ 6.6840217, 5.5112776 ], [ 6.6835411, 5.5111304 ], [ 6.6823333, 5.5108298 ], [ 6.6813536, 5.510744 ], [ 6.6798295, 5.5106959 ], [ 6.6790248, 5.5106104 ], [ 6.6781987, 5.5104929 ], [ 6.6771473, 5.5103968 ], [ 6.6760744, 5.5103968 ], [ 6.6755664, 5.5104867 ], [ 6.6751063, 5.5104937 ], [ 6.6746816, 5.5104373 ], [ 6.6743348, 5.5103457 ], [ 6.6735066, 5.5102401 ], [ 6.6724944, 5.5102401 ], [ 6.672183, 5.5101978 ], [ 6.671822, 5.510085 ], [ 6.6714468, 5.510085 ], [ 6.6708239, 5.5101414 ], [ 6.6702152, 5.5101273 ], [ 6.6696631, 5.5100428 ], [ 6.669118, 5.5098314 ], [ 6.6687853, 5.5095919 ], [ 6.6686721, 5.5093241 ], [ 6.6686296, 5.5090846 ], [ 6.6684243, 5.5088732 ], [ 6.6682615, 5.5086618 ], [ 6.6681624, 5.5083448 ], [ 6.66812, 5.5080207 ], [ 6.6681624, 5.5076966 ], [ 6.6684456, 5.5071188 ], [ 6.668934, 5.5062522 ], [ 6.6689694, 5.5060056 ], [ 6.6689127, 5.5056181 ], [ 6.6683111, 5.5035748 ], [ 6.6683323, 5.5028773 ], [ 6.668573, 5.5019543 ], [ 6.6690614, 5.5007494 ], [ 6.6695781, 5.4999251 ], [ 6.6701585, 5.4993685 ], [ 6.6711, 5.4983821 ], [ 6.671468, 5.4978607 ], [ 6.6722467, 5.496994 ], [ 6.6730253, 5.4964233 ], [ 6.673719, 5.4961626 ], [ 6.6742782, 5.4960569 ], [ 6.6749648, 5.4960992 ], [ 6.6753682, 5.4963106 ], [ 6.6759133, 5.4967474 ], [ 6.6767627, 5.4977268 ], [ 6.6770387, 5.4981636 ], [ 6.6771874, 5.4983186 ], [ 6.6773077, 5.4984032 ], [ 6.677513, 5.4984243 ], [ 6.678058, 5.4984314 ], [ 6.6783907, 5.4983821 ], [ 6.6786101, 5.4983116 ], [ 6.6788083, 5.4981354 ], [ 6.6789853, 5.4980579 ], [ 6.6793463, 5.4980016 ], [ 6.6799126, 5.4979452 ], [ 6.6802028, 5.4980298 ], [ 6.6807832, 5.4982975 ], [ 6.6812787, 5.4985159 ], [ 6.6824325, 5.4989246 ], [ 6.6829067, 5.4990232 ], [ 6.6831828, 5.4990232 ], [ 6.6834659, 5.4989034 ], [ 6.6839048, 5.4987484 ], [ 6.6842912, 5.4985176 ], [ 6.6847158, 5.4981996 ], [ 6.6851582, 5.4979569 ], [ 6.6854049, 5.4978623 ], [ 6.6857075, 5.4977327 ], [ 6.6862636, 5.4974097 ], [ 6.6868557, 5.496915 ], [ 6.6871113, 5.4965642 ], [ 6.6872529, 5.4961415 ], [ 6.6873166, 5.495141 ], [ 6.6873944, 5.4948309 ], [ 6.6874974, 5.4947611 ], [ 6.6875502, 5.4947253 ], [ 6.6877767, 5.49469 ], [ 6.6880386, 5.4947534 ], [ 6.6883288, 5.4948803 ], [ 6.6884703, 5.4948803 ], [ 6.6885553, 5.4948098 ], [ 6.6885836, 5.4947323 ], [ 6.688534, 5.4946055 ], [ 6.6885128, 5.4944364 ], [ 6.6885045, 5.4942863 ], [ 6.6885276, 5.4941818 ], [ 6.6887069, 5.493993 ], [ 6.6888944, 5.4937394 ], [ 6.6889488, 5.4936236 ], [ 6.6890974, 5.4934132 ] ] } },
{ "type": "Feature", "properties": { "name": null, "waterway": "stream" }, "geometry": { "type": "LineString", "coordinates": [ [ 6.7737546, 5.6339628 ], [ 6.7732125, 5.6337732 ], [ 6.7726758, 5.6333767 ], [ 6.7723912, 5.6328831 ], [ 6.7721798, 5.6318716 ], [ 6.7720985, 5.6298892 ], [ 6.7723492, 5.6263869 ], [ 6.773215, 5.6208082 ], [ 6.7735326, 5.6190979 ], [ 6.7730469, 5.6166998 ], [ 6.772337, 5.6149337 ], [ 6.7717977, 5.6139396 ], [ 6.7705943, 5.6128407 ], [ 6.7693061, 5.6126998 ], [ 6.7684142, 5.6127421 ], [ 6.7664464, 5.6135451 ], [ 6.765328, 5.6138128 ], [ 6.7643512, 5.6134183 ], [ 6.7639407, 5.6131647 ], [ 6.7637566, 5.6126435 ], [ 6.7636335, 5.6120307 ], [ 6.7636689, 5.611608 ], [ 6.7637751, 5.6112031 ], [ 6.7638395, 5.6110909 ], [ 6.7638878, 5.6108721 ], [ 6.7639092, 5.6106318 ], [ 6.763979, 5.6104022 ], [ 6.7641882, 5.6101246 ], [ 6.7644028, 5.6098524 ], [ 6.7645798, 5.6097509 ], [ 6.7648909, 5.6096495 ], [ 6.7652986, 5.6095107 ], [ 6.7655561, 5.6093986 ], [ 6.765701, 5.6092651 ], [ 6.7657922, 5.6091156 ], [ 6.7658136, 5.6088006 ], [ 6.7658458, 5.6086618 ], [ 6.7658994, 5.608539 ], [ 6.7661462, 5.6083575 ], [ 6.7662374, 5.6081974 ], [ 6.7662964, 5.6080212 ], [ 6.7662964, 5.6079144 ], [ 6.7662481, 5.6077649 ], [ 6.7662428, 5.6076528 ], [ 6.7662696, 5.6073859 ], [ 6.7664949, 5.6067772 ], [ 6.7666344, 5.606537 ], [ 6.7667041, 5.6064462 ], [ 6.7667846, 5.6061579 ], [ 6.766865, 5.6053358 ], [ 6.7669992, 5.6047699 ], [ 6.7671333, 5.6043321 ], [ 6.7672245, 5.6040278 ], [ 6.7672674, 5.6035313 ], [ 6.7672835, 5.6028906 ], [ 6.7674015, 5.6023674 ], [ 6.7674122, 5.6018762 ], [ 6.7673747, 5.6016787 ], [ 6.7672674, 5.6014812 ], [ 6.7672298, 5.6013797 ], [ 6.7672459, 5.6012196 ], [ 6.7673532, 5.6010274 ], [ 6.7674068, 5.6008779 ], [ 6.7673908, 5.6007444 ], [ 6.7672405, 5.6005255 ], [ 6.7668865, 5.6001091 ], [ 6.7665164, 5.5995058 ], [ 6.7664573, 5.5993243 ], [ 6.7664627, 5.5992389 ], [ 6.7665539, 5.5991535 ], [ 6.7668007, 5.599036 ], [ 6.766865, 5.5989506 ], [ 6.7669509, 5.598753 ], [ 6.7668489, 5.5983153 ], [ 6.7665915, 5.5978561 ], [ 6.7663769, 5.5974771 ], [ 6.7662803, 5.5971247 ], [ 6.7662803, 5.5967884 ], [ 6.766232, 5.5964947 ], [ 6.7659477, 5.5961744 ], [ 6.7656028, 5.5957833 ], [ 6.7654533, 5.5951977 ], [ 6.7653599, 5.5947422 ], [ 6.7653786, 5.5935152 ], [ 6.765472, 5.5929575 ], [ 6.7656588, 5.5923626 ], [ 6.7657055, 5.5920558 ], [ 6.7657055, 5.5917955 ], [ 6.7653226, 5.591182 ], [ 6.7652479, 5.5906801 ], [ 6.7652665, 5.5903268 ], [ 6.7658269, 5.5889697 ], [ 6.7659203, 5.5881052 ], [ 6.7662192, 5.5873244 ], [ 6.7665835, 5.5866458 ], [ 6.7667516, 5.5863762 ], [ 6.7670038, 5.5862089 ], [ 6.7671812, 5.5857813 ], [ 6.7672186, 5.5851585 ], [ 6.767256, 5.5846937 ], [ 6.7672093, 5.5840523 ], [ 6.7672186, 5.5836247 ], [ 6.7673587, 5.5833179 ], [ 6.7677323, 5.5827695 ], [ 6.7677883, 5.5825371 ], [ 6.7677697, 5.582221 ], [ 6.7677323, 5.5819979 ], [ 6.7677934, 5.5816263 ], [ 6.7681544, 5.5810556 ], [ 6.7683809, 5.5807175 ], [ 6.7684305, 5.5804357 ], [ 6.7683243, 5.5801891 ], [ 6.7681402, 5.5797241 ], [ 6.7680836, 5.5785265 ], [ 6.7680624, 5.5782306 ], [ 6.7678783, 5.5779348 ], [ 6.7673404, 5.5775543 ], [ 6.7670926, 5.5772514 ], [ 6.7669086, 5.5769414 ], [ 6.7668378, 5.5767442 ], [ 6.7666396, 5.5765469 ], [ 6.7664344, 5.5764483 ], [ 6.7662503, 5.5763215 ], [ 6.7661158, 5.5760819 ], [ 6.766038, 5.575779 ], [ 6.7659318, 5.5755324 ], [ 6.7656486, 5.5751591 ], [ 6.7652027, 5.5749054 ], [ 6.7645727, 5.5747786 ], [ 6.7642613, 5.5747716 ], [ 6.7640348, 5.5747716 ], [ 6.7635747, 5.5746237 ], [ 6.7632703, 5.5744546 ], [ 6.7630721, 5.5742432 ], [ 6.7627961, 5.574215 ], [ 6.7624988, 5.5742291 ], [ 6.7620009, 5.5741651 ], [ 6.7618077, 5.574069 ], [ 6.7616146, 5.5739141 ], [ 6.7615395, 5.5737166 ], [ 6.7613679, 5.5735618 ], [ 6.7611908, 5.5734763 ], [ 6.7609548, 5.5734123 ], [ 6.7607407, 5.5733888 ], [ 6.760649, 5.5733589 ], [ 6.760472, 5.5732414 ], [ 6.7603862, 5.5731346 ], [ 6.7602789, 5.5730492 ], [ 6.7602038, 5.5730492 ], [ 6.7600267, 5.5731506 ], [ 6.759839, 5.5732147 ], [ 6.7596888, 5.573156 ], [ 6.7594635, 5.5730012 ], [ 6.7593562, 5.572825 ], [ 6.7592167, 5.5727556 ], [ 6.7590558, 5.5728196 ], [ 6.7590397, 5.5729211 ], [ 6.7589539, 5.5730759 ], [ 6.7588788, 5.5731026 ], [ 6.7587768, 5.5730652 ], [ 6.7586374, 5.5728517 ], [ 6.7584603, 5.5727449 ], [ 6.7583423, 5.5727342 ], [ 6.7580902, 5.5727983 ], [ 6.75794, 5.572825 ], [ 6.7578703, 5.5728196 ], [ 6.7576718, 5.5727235 ], [ 6.7574196, 5.57251 ], [ 6.757248, 5.5725206 ], [ 6.7570817, 5.572558 ], [ 6.7569637, 5.5725473 ], [ 6.7568296, 5.5725206 ], [ 6.7566794, 5.5725473 ], [ 6.7566096, 5.5726808 ], [ 6.7564755, 5.5727556 ], [ 6.7562126, 5.5727556 ], [ 6.7559927, 5.5727182 ], [ 6.7557567, 5.5727022 ], [ 6.7553919, 5.5727983 ], [ 6.755188, 5.572873 ], [ 6.7550486, 5.5729958 ], [ 6.7549735, 5.5730172 ], [ 6.7548876, 5.5729798 ], [ 6.7548394, 5.5728944 ], [ 6.7547803, 5.5726755 ], [ 6.7545952, 5.5723861 ], [ 6.7544289, 5.5723007 ], [ 6.7542304, 5.5722419 ], [ 6.7540641, 5.572274 ], [ 6.7538764, 5.5723487 ], [ 6.7536403, 5.5724448 ], [ 6.7535062, 5.5724822 ], [ 6.7532112, 5.5724715 ], [ 6.7530288, 5.5725569 ], [ 6.7529483, 5.5726477 ], [ 6.7527659, 5.5727118 ], [ 6.7525836, 5.5727011 ], [ 6.7522724, 5.572605 ], [ 6.7521544, 5.5725996 ], [ 6.751913, 5.5726958 ], [ 6.7516931, 5.5727652 ], [ 6.751457, 5.5727652 ], [ 6.7513068, 5.5727545 ], [ 6.7510225, 5.5728239 ], [ 6.7507114, 5.5728666 ], [ 6.7502232, 5.5729841 ], [ 6.7501588, 5.5730108 ], [ 6.7500408, 5.5731015 ], [ 6.7499335, 5.573203 ], [ 6.7497833, 5.5731709 ], [ 6.7496492, 5.5730748 ], [ 6.7494936, 5.572968 ], [ 6.7492254, 5.5729627 ], [ 6.7490162, 5.5730588 ], [ 6.7487748, 5.5732136 ], [ 6.7486139, 5.573235 ], [ 6.7481364, 5.5731015 ], [ 6.7479219, 5.5729947 ], [ 6.7476805, 5.5729947 ], [ 6.7474766, 5.5730375 ], [ 6.7470958, 5.5731763 ], [ 6.7469134, 5.5732083 ], [ 6.7467793, 5.573203 ], [ 6.7466451, 5.5730214 ], [ 6.7466237, 5.5728986 ], [ 6.7465164, 5.5728666 ], [ 6.7463716, 5.5729307 ], [ 6.7462857, 5.5729307 ], [ 6.7462214, 5.572904 ], [ 6.7461516, 5.5727919 ], [ 6.7460282, 5.5727278 ], [ 6.7458727, 5.5727224 ], [ 6.7456635, 5.5727545 ], [ 6.7455347, 5.5727331 ], [ 6.7452718, 5.5726157 ], [ 6.7448159, 5.5723541 ], [ 6.7446603, 5.5722152 ], [ 6.7444994, 5.5720604 ], [ 6.7443223, 5.5719002 ], [ 6.7439951, 5.5717401 ], [ 6.7434372, 5.5715639 ], [ 6.7423155, 5.571307 ], [ 6.7419828, 5.5712648 ], [ 6.7418129, 5.5712648 ], [ 6.7413811, 5.5713352 ], [ 6.7411475, 5.5713352 ], [ 6.7409281, 5.5712507 ], [ 6.7408573, 5.5711802 ], [ 6.7407724, 5.5710393 ], [ 6.7407087, 5.570835 ], [ 6.7405317, 5.5704757 ], [ 6.7404043, 5.5703841 ], [ 6.7402273, 5.5703207 ], [ 6.7400362, 5.5701516 ], [ 6.739923, 5.570053 ], [ 6.7396894, 5.5700178 ], [ 6.7394912, 5.5700178 ], [ 6.7391939, 5.5700389 ], [ 6.7388612, 5.570053 ], [ 6.7385781, 5.5699967 ], [ 6.7384153, 5.5698839 ], [ 6.7382241, 5.569588 ], [ 6.7379976, 5.5694683 ], [ 6.7378348, 5.569426 ], [ 6.7374951, 5.5694542 ], [ 6.7371978, 5.5694542 ], [ 6.7370491, 5.5693978 ], [ 6.7369217, 5.5692781 ], [ 6.7367518, 5.5692147 ], [ 6.7363484, 5.5692147 ], [ 6.7361926, 5.5692006 ], [ 6.7360015, 5.5690949 ], [ 6.735867, 5.5689399 ], [ 6.7356618, 5.5688695 ], [ 6.7354353, 5.5688413 ], [ 6.7350884, 5.568799 ], [ 6.7348902, 5.5686792 ], [ 6.7346212, 5.568334 ], [ 6.7344371, 5.5679103 ], [ 6.7343255, 5.5674703 ], [ 6.7342149, 5.5672833 ], [ 6.7340191, 5.5672429 ], [ 6.7339008, 5.5672915 ], [ 6.7337975, 5.567457 ], [ 6.7336628, 5.5675255 ], [ 6.733511, 5.5674842 ], [ 6.7333587, 5.5673718 ], [ 6.7332752, 5.5671972 ], [ 6.7332337, 5.5668273 ], [ 6.7327813, 5.5657698 ], [ 6.7325586, 5.5654806 ], [ 6.7323793, 5.5654392 ], [ 6.7322526, 5.5655025 ], [ 6.7320601, 5.5658131 ], [ 6.732034, 5.5658789 ], [ 6.7319177, 5.5661716 ], [ 6.7317983, 5.5662216 ], [ 6.7316542, 5.5662347 ], [ 6.7314588, 5.566197 ] ] } },
{ "type": "Feature", "properties": { "name": "Otamiri River", "waterway": "river" }, "geometry": { "type": "LineString", "coordinates": [ [ 6.986735, 5.2542802 ], [ 6.9869645, 5.2539273 ], [ 6.9873219, 5.2533198 ], [ 6.9874882, 5.2530376 ], [ 6.9875375, 5.2528473 ], [ 6.9876176, 5.2526449 ], [ 6.9877594, 5.2524853 ], [ 6.9879812, 5.2524055 ], [ 6.9886529, 5.2523564 ], [ 6.9890596, 5.2523012 ], [ 6.9893122, 5.2521785 ], [ 6.9894724, 5.252019 ], [ 6.9895217, 5.2518349 ], [ 6.9894848, 5.2516692 ], [ 6.9892691, 5.2515096 ], [ 6.9891828, 5.251436 ], [ 6.9891458, 5.2512335 ], [ 6.9892013, 5.2509942 ], [ 6.989417, 5.2507426 ], [ 6.9898915, 5.2505094 ], [ 6.9903967, 5.2503254 ], [ 6.9909082, 5.2502394 ], [ 6.9912225, 5.2501351 ], [ 6.9914012, 5.2500063 ], [ 6.9914197, 5.249859 ], [ 6.9914012, 5.2497179 ], [ 6.9912594, 5.2496197 ], [ 6.9910499, 5.2495338 ], [ 6.9909698, 5.2494417 ], [ 6.9909575, 5.2492822 ], [ 6.9909945, 5.2491717 ], [ 6.9912718, 5.2489386 ], [ 6.9914813, 5.2487422 ], [ 6.9916846, 5.2483863 ], [ 6.9919496, 5.2481654 ], [ 6.992116, 5.248147 ], [ 6.992344, 5.2481654 ], [ 6.9925843, 5.2481654 ], [ 6.9927322, 5.2481224 ], [ 6.9928739, 5.2479874 ], [ 6.9929417, 5.247742 ], [ 6.9929848, 5.2475702 ], [ 6.9931019, 5.247429 ], [ 6.9932621, 5.2473554 ], [ 6.9935579, 5.2472879 ], [ 6.9936873, 5.2472265 ], [ 6.9937859, 5.247024 ], [ 6.993866, 5.2467234 ], [ 6.9939954, 5.2465884 ], [ 6.994285, 5.2464779 ], [ 6.9944268, 5.2463981 ], [ 6.9944822, 5.2462938 ], [ 6.9945069, 5.2461711 ], [ 6.9944637, 5.2459563 ], [ 6.9945079, 5.2458328 ], [ 6.9946089, 5.2457023 ], [ 6.9949998, 5.2455268 ], [ 6.9951662, 5.2454102 ], [ 6.9953203, 5.2452445 ], [ 6.9955113, 5.2452323 ], [ 6.99569, 5.2453304 ], [ 6.9957701, 5.2454163 ], [ 6.9959057, 5.2454409 ], [ 6.9964603, 5.2454102 ], [ 6.9966821, 5.2453918 ], [ 6.9967807, 5.2453059 ], [ 6.9968177, 5.2451832 ], [ 6.9968177, 5.2449868 ], [ 6.9968238, 5.244815 ], [ 6.9969224, 5.2446677 ], [ 6.9971442, 5.2445511 ], [ 6.9974647, 5.2445266 ], [ 6.997631, 5.2444652 ], [ 6.9976988, 5.2442811 ], [ 6.997668, 5.244097 ], [ 6.9975941, 5.2439682 ], [ 6.9975941, 5.2437166 ], [ 6.9975016, 5.2435141 ], [ 6.9973538, 5.24333 ], [ 6.9973476, 5.2432134 ], [ 6.9974339, 5.2430355 ], [ 6.9976002, 5.2429373 ], [ 6.9977728, 5.2429802 ], [ 6.9979638, 5.243195 ], [ 6.9980809, 5.2433545 ], [ 6.9982657, 5.2434343 ], [ 6.9984075, 5.2434282 ], [ 6.9985615, 5.2433607 ], [ 6.9987587, 5.2432257 ], [ 6.9988573, 5.2431889 ], [ 6.9990114, 5.2432318 ], [ 6.9991161, 5.2433116 ], [ 6.9992332, 5.2434834 ], [ 6.9993564, 5.243508 ], [ 6.9996399, 5.2434527 ], [ 6.999911, 5.2432809 ], [ 7.0000528, 5.2430293 ], [ 7.0002068, 5.2429311 ], [ 7.000404, 5.2429311 ], [ 7.0005642, 5.2430293 ], [ 7.0006628, 5.2431275 ], [ 7.000786, 5.2432318 ], [ 7.0009586, 5.2432564 ], [ 7.001125, 5.243238 ], [ 7.0012174, 5.243152 ], [ 7.0012913, 5.242968 ], [ 7.0013653, 5.2425445 ], [ 7.0013714, 5.2423359 ], [ 7.0014577, 5.2421273 ], [ 7.0016549, 5.241888 ], [ 7.0016857, 5.2417346 ], [ 7.0016734, 5.2416486 ], [ 7.0015426, 5.241566 ], [ 7.0014222, 5.2415449 ], [ 7.0013019, 5.2414885 ], [ 7.0012594, 5.2413545 ], [ 7.0012594, 5.2412065 ], [ 7.0014222, 5.2410444 ], [ 7.0018611, 5.2408682 ], [ 7.0020522, 5.2407554 ], [ 7.0021584, 5.2406074 ], [ 7.0023212, 5.2402408 ], [ 7.0024486, 5.2400998 ], [ 7.0025831, 5.2400435 ], [ 7.0027742, 5.240121 ], [ 7.0028591, 5.2402197 ], [ 7.0029087, 5.2404946 ], [ 7.0029087, 5.2406567 ], [ 7.0029795, 5.2407836 ], [ 7.0031918, 5.2408893 ], [ 7.0033476, 5.2408893 ], [ 7.0034962, 5.2408541 ], [ 7.0037156, 5.240558 ], [ 7.003929307792026, 5.240020787510086 ] ] } },
{ "type": "Feature", "properties": { "name": "Otamiri River", "waterway": "river" }, "geometry": { "type": "LineString", "coordinates": [ [ 6.9838527, 5.2715901 ], [ 6.9838554, 5.2712909 ], [ 6.9839305, 5.2710291 ], [ 6.983968, 5.2707567 ], [ 6.9840404, 5.2706499 ], [ 6.9840565, 5.2705484 ], [ 6.9840351, 5.2704389 ], [ 6.9838339, 5.2699554 ], [ 6.9830802, 5.2688871 ], [ 6.9830722, 5.2686921 ], [ 6.9826001, 5.2669908 ], [ 6.9824524, 5.2665609 ], [ 6.9823723, 5.2661705 ], [ 6.9823757, 5.2659852 ], [ 6.9824584, 5.2657673 ], [ 6.9824648, 5.2656261 ], [ 6.9824091, 5.2655221 ], [ 6.9824153, 5.2653786 ], [ 6.9824883, 5.2652118 ], [ 6.9825497, 5.2650331 ], [ 6.9825684, 5.2648335 ] ] } },
{ "type": "Feature", "properties": { "name": "Otamiri River", "waterway": "river" }, "geometry": { "type": "LineString", "coordinates": [ [ 6.9887586, 5.3893392 ], [ 6.9886941, 5.3890648 ], [ 6.9886377, 5.3888939 ], [ 6.9886002, 5.388715 ], [ 6.9884358, 5.3885481 ], [ 6.9882784, 5.3885228 ], [ 6.988061, 5.3885922 ], [ 6.9878831, 5.3886753 ], [ 6.9877634, 5.3886429 ], [ 6.9876695, 5.3885334 ], [ 6.9876239, 5.3883678 ], [ 6.9876422, 5.3881658 ], [ 6.9875176, 5.3877113 ], [ 6.9873982, 5.3873454 ], [ 6.9867811, 5.3863719 ], [ 6.9864049, 5.3856536 ], [ 6.9856088, 5.3847089 ], [ 6.9850602, 5.3841189 ], [ 6.9847024, 5.3837355 ], [ 6.9842828, 5.3831668 ], [ 6.9836424, 5.3810601 ], [ 6.9825006, 5.3799443 ], [ 6.980672, 5.3784459 ], [ 6.9801049, 5.3781926 ], [ 6.9796071, 5.3776639 ], [ 6.9791098, 5.3763092 ], [ 6.9787524, 5.3756235 ], [ 6.9783717, 5.3750431 ], [ 6.97801, 5.3742296 ], [ 6.9776157, 5.3730545 ], [ 6.9771594, 5.3721623 ], [ 6.9764913, 5.3715538 ], [ 6.9757723, 5.3706997 ], [ 6.9755332, 5.3702149 ], [ 6.9749582, 5.3685276 ], [ 6.9745872, 5.3674949 ], [ 6.9741973, 5.3666688 ], [ 6.9742222, 5.3654793 ], [ 6.9742812, 5.3649788 ], [ 6.974367, 5.3641392 ], [ 6.9742352, 5.363591 ], [ 6.9738413, 5.3631387 ], [ 6.9731264, 5.362471 ], [ 6.9726051, 5.3618063 ], [ 6.9725577, 5.3608543 ], [ 6.972733, 5.3599052 ], [ 6.9725378, 5.3594323 ], [ 6.9722118, 5.358907 ], [ 6.9719805, 5.358406 ], [ 6.9716417, 5.3576975 ], [ 6.9712234, 5.3569939 ], [ 6.9707279, 5.3564724 ], [ 6.9700926, 5.3558284 ], [ 6.9697085, 5.3553018 ], [ 6.9693766, 5.3541535 ], [ 6.9688041, 5.3533274 ], [ 6.9683386, 5.3529508 ], [ 6.9680287, 5.3525742 ], [ 6.9676995, 5.3520358 ], [ 6.9675383, 5.3514814 ], [ 6.967415, 5.3509342 ], [ 6.9674848, 5.3504856 ], [ 6.9676259, 5.3497091 ], [ 6.9675346, 5.3491804 ], [ 6.9675844, 5.3485112 ], [ 6.9673023, 5.3480486 ], [ 6.966821, 5.3472555 ], [ 6.9666966, 5.3467351 ], [ 6.9667473, 5.3460541 ], [ 6.9664962, 5.3455782 ], [ 6.9664509, 5.3453659 ], [ 6.9665222, 5.3450669 ], [ 6.9665099, 5.3447933 ], [ 6.9663461, 5.3442862 ], [ 6.9661328, 5.3437228 ], [ 6.9660946, 5.3433927 ], [ 6.9661961, 5.3428795 ], [ 6.966303, 5.3426031 ], [ 6.9665727, 5.3422575 ], [ 6.9666747, 5.3420279 ], [ 6.9664744, 5.3415555 ], [ 6.9664667, 5.3410425 ], [ 6.9663661, 5.3408361 ], [ 6.9661818, 5.3406589 ], [ 6.9661251, 5.340509 ], [ 6.9662198, 5.3401336 ], [ 6.9662129, 5.3399012 ], [ 6.9660668, 5.3395715 ], [ 6.9661478, 5.3393173 ], [ 6.9663997, 5.3391247 ], [ 6.9667663, 5.338653 ], [ 6.9671554, 5.3382836 ], [ 6.9673017, 5.3379374 ], [ 6.9670617, 5.337309 ], [ 6.9666219, 5.3365077 ], [ 6.9665887, 5.3354916 ], [ 6.9666966, 5.3347233 ], [ 6.9670617, 5.3341037 ], [ 6.9673106, 5.3335997 ], [ 6.9680241, 5.3329636 ], [ 6.9686962, 5.3327571 ], [ 6.9690369, 5.3325301 ], [ 6.9692787, 5.3322589 ], [ 6.9693435, 5.331929 ], [ 6.9693185, 5.3312453 ], [ 6.9693019, 5.3298491 ], [ 6.9695425, 5.3289073 ], [ 6.9696006, 5.3281555 ], [ 6.9695259, 5.3273046 ], [ 6.9695259, 5.3263545 ], [ 6.9692521, 5.3255862 ], [ 6.9687626, 5.3246444 ], [ 6.9685258, 5.3236643 ], [ 6.9684648, 5.3233011 ], [ 6.9682692, 5.3230487 ], [ 6.9681805, 5.3224198 ], [ 6.9681162, 5.3218056 ], [ 6.9682004, 5.3214604 ], [ 6.9682502, 5.3211966 ], [ 6.9683736, 5.3209509 ], [ 6.9687384, 5.3207534 ], [ 6.9693704, 5.3205682 ], [ 6.9698421, 5.3203122 ], [ 6.9703102, 5.3199201 ], [ 6.9704501, 5.3197107 ], [ 6.9704497, 5.3194501 ], [ 6.9702942, 5.3192097 ], [ 6.9702163, 5.3189507 ], [ 6.97034, 5.3186566 ], [ 6.9708096, 5.3183567 ], [ 6.9710773, 5.3180934 ], [ 6.9711934, 5.3175045 ], [ 6.9711417, 5.3171212 ], [ 6.9709217, 5.3167099 ], [ 6.9708627, 5.3162559 ], [ 6.9714689, 5.3136547 ], [ 6.9719302, 5.3132594 ], [ 6.9723809, 5.312971 ], [ 6.9726247, 5.3126803 ], [ 6.9728637, 5.3118814 ], [ 6.9729871, 5.3116944 ], [ 6.9733465, 5.3115716 ], [ 6.9736405, 5.3112691 ], [ 6.9740867, 5.3101935 ], [ 6.9743455, 5.309415 ], [ 6.9746772, 5.3084168 ], [ 6.9748592, 5.3076509 ], [ 6.9748184, 5.307171 ], [ 6.9749416, 5.3068942 ], [ 6.9754278, 5.3065293 ], [ 6.9755798, 5.3062517 ], [ 6.975578, 5.3059417 ], [ 6.9756258, 5.3057964 ], [ 6.9759916, 5.3055521 ], [ 6.9763229, 5.3052724 ], [ 6.9772947, 5.3042218 ], [ 6.9777642, 5.3038622 ], [ 6.9785301, 5.3036279 ], [ 6.9790005, 5.3032924 ], [ 6.9793278, 5.3029238 ], [ 6.9793546, 5.3025339 ], [ 6.9793924, 5.3019035 ], [ 6.9793438, 5.3014335 ], [ 6.9794404, 5.3012039 ], [ 6.9796282, 5.3010329 ], [ 6.9797408, 5.3008513 ], [ 6.9797623, 5.3007178 ], [ 6.9795593, 5.3004208 ], [ 6.979537, 5.3002264 ], [ 6.9796336, 5.2999646 ], [ 6.98017, 5.2995213 ], [ 6.9807279, 5.2994625 ], [ 6.9809532, 5.2993076 ], [ 6.9809318, 5.2990406 ], [ 6.9810659, 5.2988055 ], [ 6.9809961, 5.298485 ], [ 6.980921, 5.2983195 ], [ 6.9811678, 5.2980096 ], [ 6.9814199, 5.2978921 ], [ 6.9816633, 5.2980711 ], [ 6.9817793, 5.2980951 ], [ 6.9818666, 5.2979881 ], [ 6.9818987, 5.2977423 ], [ 6.9819624, 5.2975964 ], [ 6.982029, 5.2974358 ], [ 6.9820294, 5.297235 ], [ 6.9820731, 5.2970927 ], [ 6.9821663, 5.2969583 ], [ 6.9823947, 5.2968927 ], [ 6.9825104, 5.296828 ], [ 6.9826245, 5.2966603 ], [ 6.9827029, 5.2964259 ], [ 6.9828293, 5.2963671 ], [ 6.9829715, 5.2963631 ], [ 6.9832023, 5.2962753 ], [ 6.9833536, 5.2960348 ], [ 6.9833167, 5.295488 ], [ 6.9830744, 5.2952083 ], [ 6.9830098, 5.2947818 ], [ 6.9829572, 5.2944351 ], [ 6.9831564, 5.2936542 ], [ 6.9834063, 5.293101 ], [ 6.9836623, 5.2928782 ], [ 6.9839247, 5.2926498 ], [ 6.9840433, 5.2925069 ], [ 6.9840493, 5.2922228 ], [ 6.9840902, 5.2919759 ], [ 6.9841582, 5.2918413 ], [ 6.9842524, 5.2917707 ], [ 6.9843918, 5.2917013 ], [ 6.9844937, 5.2915891 ], [ 6.9844615, 5.2914182 ], [ 6.9842883, 5.2912781 ], [ 6.9839727, 5.2911829 ], [ 6.9838607, 5.2910817 ], [ 6.9838446, 5.2909642 ], [ 6.9839188, 5.2908678 ], [ 6.984129, 5.2906597 ], [ 6.9842898, 5.2904209 ], [ 6.9844025, 5.2901949 ], [ 6.9846219, 5.289912 ], [ 6.9848263, 5.2897036 ], [ 6.9850945, 5.2890519 ], [ 6.9854486, 5.2864986 ], [ 6.9860816, 5.2850564 ], [ 6.9862586, 5.2843726 ], [ 6.9863748, 5.2836927 ], [ 6.9863925, 5.2833582 ], [ 6.986243, 5.2829339 ], [ 6.985985, 5.282236 ], [ 6.9857146, 5.281694 ], [ 6.9851846, 5.280743 ], [ 6.9851213, 5.2805854 ], [ 6.9851376, 5.2803693 ], [ 6.9852543, 5.280183 ], [ 6.985301, 5.2800476 ], [ 6.9852511, 5.2798893 ], [ 6.9849042, 5.2793309 ], [ 6.9848845, 5.2792052 ], [ 6.9850313, 5.2789869 ], [ 6.9852268, 5.2786793 ], [ 6.9853289, 5.2780134 ], [ 6.985343, 5.277913 ], [ 6.9853464, 5.277413 ], [ 6.9851696, 5.2770439 ], [ 6.9847976, 5.2754738 ], [ 6.9847405, 5.2752705 ], [ 6.9844293, 5.2749606 ], [ 6.9843835, 5.274747 ], [ 6.9843925, 5.2746384 ], [ 6.9845039, 5.2745039 ], [ 6.9845727, 5.274335 ], [ 6.9845433, 5.2740012 ], [ 6.9845297, 5.2737177 ], [ 6.9844401, 5.273465 ], [ 6.9843467, 5.2732873 ], [ 6.9842707, 5.2731591 ], [ 6.9842438, 5.2730862 ], [ 6.984251, 5.2730267 ], [ 6.9843389, 5.2729537 ], [ 6.9844038, 5.2728435 ], [ 6.9843906, 5.2726187 ], [ 6.98429, 5.272364 ], [ 6.9841477, 5.2721749 ], [ 6.9838312, 5.2719426 ], [ 6.9838366, 5.2718411 ], [ 6.9839251, 5.2717476 ], [ 6.9839358, 5.2716408 ], [ 6.9838527, 5.2715901 ], [ 6.9837052, 5.2715927 ], [ 6.9834504, 5.2715954 ], [ 6.9831444, 5.2717187 ], [ 6.9830478, 5.271717 ], [ 6.9830227, 5.2716913 ], [ 6.9830394, 5.2716014 ], [ 6.9830434, 5.2714555 ], [ 6.9829861, 5.2712699 ], [ 6.9828576, 5.2709726 ], [ 6.9826016, 5.2706684 ], [ 6.9824107, 5.2704258 ], [ 6.9823026, 5.270149 ], [ 6.9822514, 5.2699127 ], [ 6.9821051, 5.2695869 ], [ 6.9818625, 5.2691377 ], [ 6.9816586, 5.2685853 ], [ 6.9816331, 5.2683525 ], [ 6.9816691, 5.2681767 ], [ 6.9817457, 5.2680228 ], [ 6.9817608, 5.2678995 ], [ 6.9816706, 5.2677758 ], [ 6.9815155, 5.2676984 ], [ 6.9814317, 5.26763 ], [ 6.9814084, 5.2675085 ], [ 6.9814425, 5.2673363 ], [ 6.9815158, 5.2669749 ], [ 6.9815259, 5.2668054 ], [ 6.9815015, 5.2667196 ], [ 6.9814269, 5.2666475 ], [ 6.9813936, 5.2665766 ], [ 6.9814062, 5.2664335 ], [ 6.9814253, 5.2661966 ], [ 6.9814487, 5.2660887 ], [ 6.9814851, 5.2660429 ], [ 6.9816071, 5.2659835 ], [ 6.9817091, 5.2658627 ], [ 6.9817364, 5.2657729 ], [ 6.9817649, 5.2654927 ], [ 6.9817852, 5.2653941 ], [ 6.9818379, 5.2653373 ], [ 6.9819796, 5.2652706 ], [ 6.9821261, 5.2651761 ], [ 6.9825684, 5.2648335 ], [ 6.9826327, 5.2645189 ], [ 6.9825637, 5.2640712 ], [ 6.9824318, 5.2637307 ], [ 6.9824026, 5.2635468 ], [ 6.9824668, 5.2632659 ], [ 6.9826484, 5.2626105 ], [ 6.982702, 5.2623808 ], [ 6.9826645, 5.2621084 ], [ 6.9825896, 5.2617297 ], [ 6.9826114, 5.2614255 ], [ 6.982686, 5.2610345 ], [ 6.9826376, 5.2608145 ], [ 6.9824756, 5.2606644 ], [ 6.9823659, 5.2605436 ], [ 6.9823276, 5.2603946 ], [ 6.9824048, 5.2601088 ], [ 6.9824669, 5.2596823 ], [ 6.9825518, 5.2594299 ], [ 6.9827552, 5.2590762 ], [ 6.9828609, 5.2587914 ], [ 6.9828284, 5.2584499 ], [ 6.9827694, 5.2581744 ], [ 6.9827929, 5.2579299 ], [ 6.982926, 5.2576606 ], [ 6.9831078, 5.2574739 ], [ 6.9832597, 5.2573057 ], [ 6.9833472, 5.2570229 ], [ 6.9833649, 5.2566901 ], [ 6.9833007, 5.2564187 ], [ 6.9833065, 5.256253 ], [ 6.9833843, 5.2561044 ], [ 6.9835946, 5.2559272 ], [ 6.9840587, 5.2556909 ], [ 6.9844767, 5.2555007 ], [ 6.9846927, 5.2553191 ], [ 6.9849995, 5.2548577 ], [ 6.9852547, 5.2545902 ], [ 6.9857158, 5.254194 ], [ 6.9858452, 5.2541191 ], [ 6.9859745, 5.254119 ], [ 6.9863176, 5.2543307 ], [ 6.9864895, 5.2543708 ], [ 6.986735, 5.2542802 ] ] } },
{ "type": "Feature", "properties": { "name": "Otamiri River", "waterway": "river" }, "geometry": { "type": "LineString", "coordinates": [ [ 6.9887825, 5.3894574 ], [ 6.9887586, 5.3893392 ] ] } },
{ "type": "Feature", "properties": { "name": "Otamiri River", "waterway": "river" }, "geometry": { "type": "LineString", "coordinates": [ [ 7.0375156, 5.469357 ], [ 7.0373673, 5.4692867 ], [ 7.0372047, 5.4692828 ], [ 7.0370412, 5.4693293 ], [ 7.0369385, 5.4693293 ], [ 7.0368451, 5.4692874 ], [ 7.036719, 5.4692038 ], [ 7.0366443, 5.4691154 ], [ 7.0366069, 5.4689574 ], [ 7.0366116, 5.46879 ], [ 7.0366396, 5.4684693 ], [ 7.036719, 5.4683345 ], [ 7.0367564, 5.4682182 ], [ 7.0367143, 5.4680602 ], [ 7.0366443, 5.4679161 ], [ 7.0364855, 5.4678045 ], [ 7.0363501, 5.4677394 ], [ 7.0361773, 5.4677255 ], [ 7.0360325, 5.4677859 ], [ 7.035855, 5.4679579 ], [ 7.0355328, 5.4682043 ], [ 7.0353133, 5.4684135 ], [ 7.0351359, 5.4685018 ], [ 7.0348043, 5.4685297 ], [ 7.0345568, 5.4684879 ], [ 7.0343139, 5.4683345 ], [ 7.0341832, 5.4681671 ], [ 7.0341178, 5.4679858 ], [ 7.0341692, 5.4676 ], [ 7.0342299, 5.4670375 ], [ 7.034136, 5.466452 ], [ 7.0338723, 5.4655642 ], [ 7.0329923, 5.4646101 ], [ 7.0328901, 5.4644096 ], [ 7.0325375, 5.4637179 ], [ 7.0317536, 5.4630692 ], [ 7.0314049, 5.4627597 ], [ 7.0311892, 5.4626125 ], [ 7.0310536, 5.4625082 ], [ 7.0309181, 5.4621831 ], [ 7.0309242, 5.46195 ], [ 7.0310167, 5.4617046 ], [ 7.0312632, 5.4614102 ], [ 7.0316514, 5.4612016 ], [ 7.0321567, 5.4606434 ], [ 7.0322676, 5.4604655 ], [ 7.0322799, 5.4602754 ], [ 7.0322183, 5.4600791 ], [ 7.0321258, 5.4597662 ], [ 7.0321197, 5.4593859 ], [ 7.032132, 5.4588277 ], [ 7.0320396, 5.4586375 ], [ 7.031867, 5.4584412 ], [ 7.0315774, 5.4581897 ], [ 7.0313987, 5.4580241 ], [ 7.0313124, 5.4578094 ], [ 7.0312385, 5.4576193 ], [ 7.0310536, 5.4574843 ], [ 7.030838, 5.4573862 ], [ 7.0305422, 5.4572328 ], [ 7.0304867, 5.4571285 ], [ 7.0304621, 5.457012 ], [ 7.0305422, 5.4566807 ], [ 7.0305853, 5.4565703 ], [ 7.0305751, 5.4562658 ], [ 7.0304628, 5.4558861 ], [ 7.0302516, 5.4552554 ], [ 7.0299113, 5.4537018 ], [ 7.0298174, 5.4530126 ], [ 7.0295534, 5.452522 ], [ 7.0290547, 5.4519613 ], [ 7.0289197, 5.4515058 ], [ 7.0284739, 5.4512021 ], [ 7.0277933, 5.4506531 ], [ 7.0274413, 5.4498296 ], [ 7.026837, 5.4491871 ], [ 7.0262737, 5.448603 ], [ 7.0260742, 5.4479664 ], [ 7.0252998, 5.4470611 ], [ 7.0251882, 5.4467402 ], [ 7.0249488, 5.4461324 ], [ 7.0246985, 5.4460726 ], [ 7.0243277, 5.4463084 ], [ 7.0241159, 5.4461186 ], [ 7.0241495, 5.4457803 ], [ 7.0239335, 5.4454991 ], [ 7.0237413, 5.4452238 ], [ 7.0237909, 5.4449166 ], [ 7.0234736, 5.444567 ], [ 7.0232537, 5.443993 ], [ 7.0231085, 5.4436832 ], [ 7.023341, 5.4433247 ], [ 7.0232764, 5.4432225 ], [ 7.0230652, 5.4431144 ], [ 7.023033, 5.4429188 ], [ 7.022986, 5.4425508 ], [ 7.0228159, 5.4424398 ], [ 7.0225196, 5.4424369 ], [ 7.0219681, 5.4422267 ], [ 7.0216131, 5.4418587 ], [ 7.0211115, 5.4410965 ], [ 7.0206694, 5.4404426 ], [ 7.0202586, 5.4398906 ], [ 7.0199371, 5.4394447 ], [ 7.0197569, 5.4387936 ], [ 7.019582, 5.4385385 ], [ 7.018617, 5.4377341 ], [ 7.0171804, 5.4369428 ], [ 7.0159524, 5.4360838 ], [ 7.0142183, 5.4349852 ], [ 7.0138856, 5.4347469 ], [ 7.013425, 5.4344804 ], [ 7.0130069, 5.4343822 ], [ 7.0124501, 5.4343165 ], [ 7.0122975, 5.4342489 ], [ 7.0122365, 5.4341356 ], [ 7.012204, 5.4339777 ], [ 7.0122162, 5.433832 ], [ 7.0122893, 5.4336621 ], [ 7.0124154, 5.433484 ], [ 7.0124235, 5.4333909 ], [ 7.0123747, 5.4332857 ], [ 7.0122893, 5.4332209 ], [ 7.0122527, 5.4331116 ], [ 7.012208, 5.4326705 ], [ 7.0121755, 5.4325693 ], [ 7.0121186, 5.4325167 ], [ 7.0120251, 5.4325127 ], [ 7.0119153, 5.4325127 ], [ 7.0117852, 5.4324762 ], [ 7.0116714, 5.4324519 ], [ 7.011521, 5.4325086 ], [ 7.0114437, 5.4325653 ], [ 7.0114031, 5.4326462 ], [ 7.0113787, 5.4327879 ], [ 7.0113096, 5.4328324 ], [ 7.0111917, 5.4328243 ], [ 7.0110412, 5.4327231 ], [ 7.0109355, 5.4326341 ], [ 7.0108054, 5.4326138 ], [ 7.0107038, 5.4325976 ], [ 7.0106184, 5.432541 ], [ 7.0104599, 5.4323912 ], [ 7.0103948, 5.432286 ], [ 7.0103908, 5.432197 ], [ 7.0104599, 5.432027 ], [ 7.0104599, 5.4319339 ], [ 7.010403, 5.431857 ], [ 7.0103013, 5.4317599 ], [ 7.0102078, 5.4315818 ], [ 7.0101834, 5.4313956 ], [ 7.0101794, 5.431254 ], [ 7.010155, 5.4311245 ], [ 7.0100859, 5.4310354 ], [ 7.0099436, 5.4309828 ], [ 7.0097728, 5.4309788 ], [ 7.0095248, 5.4310638 ], [ 7.0093907, 5.4310638 ], [ 7.0092402, 5.4310152 ], [ 7.0090979, 5.4309059 ], [ 7.0090248, 5.4308007 ], [ 7.0089132, 5.4304262 ], [ 7.0086274, 5.4298382 ], [ 7.0082006, 5.4293872 ], [ 7.0079391, 5.4290201 ], [ 7.0077806, 5.4288429 ], [ 7.0077386, 5.4287593 ], [ 7.0077296, 5.4285354 ], [ 7.0077512, 5.4282901 ], [ 7.0077355, 5.4278333 ], [ 7.0075774, 5.4270105 ], [ 7.007475, 5.4264078 ], [ 7.0071067, 5.4258827 ], [ 7.0069933, 5.4254675 ], [ 7.007042, 5.4252438 ], [ 7.0071946, 5.4250803 ], [ 7.007441, 5.4250394 ], [ 7.0075407, 5.4249401 ], [ 7.0075783, 5.4248127 ], [ 7.0074686, 5.4245908 ], [ 7.007225, 5.4243491 ], [ 7.0069499, 5.4242083 ], [ 7.0068624, 5.4240538 ], [ 7.0068824, 5.4236737 ], [ 7.007215, 5.423052 ], [ 7.0072387, 5.4223397 ], [ 7.0071173, 5.4212332 ], [ 7.0070538, 5.4207756 ], [ 7.0069581, 5.4201368 ], [ 7.0068217, 5.4198146 ], [ 7.0065973, 5.4192139 ], [ 7.006404, 5.4174359 ], [ 7.0062373, 5.4169106 ], [ 7.0060901, 5.4167544 ], [ 7.0058546, 5.4167293 ], [ 7.0056135, 5.4167005 ], [ 7.0054261, 5.4164879 ], [ 7.0053222, 5.4161118 ], [ 7.0051704, 5.4159441 ], [ 7.0050595, 5.4158475 ], [ 7.004989, 5.415736 ], [ 7.0049459, 5.4154809 ], [ 7.0049078, 5.4152587 ], [ 7.0047968, 5.4150741 ], [ 7.0047276, 5.414941 ], [ 7.0047045, 5.4147624 ], [ 7.0047359, 5.4146429 ], [ 7.0048977, 5.4142946 ], [ 7.0049683, 5.4140427 ], [ 7.0050474, 5.413591 ], [ 7.0049767, 5.4131284 ], [ 7.0041366, 5.4117859 ], [ 7.0035325, 5.41135 ], [ 7.0031389, 5.4109766 ], [ 7.0029811, 5.410656 ], [ 7.0028815, 5.4102677 ], [ 7.0028385, 5.41007 ], [ 7.0027338, 5.4099385 ], [ 7.002702, 5.4098723 ], [ 7.0026486, 5.4096039 ], [ 7.0025113, 5.4094201 ], [ 7.0023604, 5.4092518 ], [ 7.0022711, 5.4090878 ], [ 7.0022675, 5.408975 ], [ 7.002323, 5.4086073 ], [ 7.0023132, 5.4084609 ], [ 7.0022384, 5.4083672 ], [ 7.0019683, 5.4082388 ], [ 7.0018002, 5.4081325 ], [ 7.0016297, 5.4079033 ], [ 7.0015977, 5.4077484 ], [ 7.0016283, 5.40733 ], [ 7.0015597, 5.4071232 ], [ 7.0013743, 5.406968 ], [ 7.0011119, 5.4068375 ], [ 7.0010048, 5.4067039 ], [ 7.0009513, 5.4064396 ], [ 7.0008658, 5.4063379 ], [ 7.0005822, 5.4063044 ], [ 7.0004411, 5.4062369 ], [ 7.0003919, 5.4061172 ], [ 7.0004086, 5.4059011 ], [ 7.0003605, 5.4057127 ], [ 7.0002938, 5.4055568 ], [ 7.0002972, 5.4054135 ], [ 7.0004136, 5.4053132 ], [ 7.0005163, 5.4051955 ], [ 7.0005143, 5.4050167 ], [ 7.0004494, 5.4048914 ], [ 7.0003735, 5.4047488 ], [ 7.0002082, 5.4043844 ], [ 7.0000481, 5.404218 ], [ 6.9999281, 5.40418 ], [ 6.9998122, 5.4042043 ], [ 6.9997874, 5.4044017 ], [ 6.9997095, 5.4044998 ], [ 6.9996113, 5.4045017 ], [ 6.9995495, 5.4044324 ], [ 6.999488, 5.4042479 ], [ 6.9993095, 5.4040064 ], [ 6.9992271, 5.4037819 ], [ 6.9991145, 5.4036436 ], [ 6.9989552, 5.4036851 ], [ 6.9988034, 5.4038235 ], [ 6.998619, 5.4038644 ], [ 6.998356, 5.403708 ], [ 6.9979534, 5.4033529 ], [ 6.9977009, 5.4027189 ], [ 6.9976956, 5.4022589 ], [ 6.9975898, 5.4020983 ], [ 6.9970909, 5.4017679 ], [ 6.9963126, 5.4009358 ], [ 6.995385, 5.4001012 ], [ 6.9949846, 5.3998624 ], [ 6.9947123, 5.3994405 ], [ 6.9946487, 5.3987892 ], [ 6.9944802, 5.3985478 ], [ 6.9942735, 5.3984565 ], [ 6.9940774, 5.3983396 ], [ 6.9939419, 5.3980831 ], [ 6.9938777, 5.397652 ], [ 6.9938365, 5.397403 ], [ 6.9935679, 5.3967951 ], [ 6.993388, 5.3964433 ], [ 6.993376, 5.3962778 ], [ 6.9933983, 5.3960514 ], [ 6.9933921, 5.3958943 ], [ 6.9931771, 5.3955329 ], [ 6.9930052, 5.3951388 ], [ 6.9928202, 5.3949366 ], [ 6.9924139, 5.39463 ], [ 6.9922935, 5.3944825 ], [ 6.9922574, 5.3942989 ], [ 6.9923184, 5.3939704 ], [ 6.9922771, 5.3938276 ], [ 6.9921565, 5.393762 ], [ 6.9919045, 5.3936655 ], [ 6.9917696, 5.3935475 ], [ 6.9916569, 5.3932207 ], [ 6.991497, 5.3929626 ], [ 6.9910406, 5.3925578 ], [ 6.9908148, 5.3920666 ], [ 6.9907429, 5.3915196 ], [ 6.9906765, 5.3912705 ], [ 6.9905323, 5.3912269 ], [ 6.9902985, 5.3912406 ], [ 6.9901275, 5.3911886 ], [ 6.9900474, 5.3910613 ], [ 6.9900386, 5.3910003 ], [ 6.9901371, 5.3907791 ], [ 6.9900755, 5.3905119 ], [ 6.9899172, 5.3904747 ], [ 6.9894102, 5.3903546 ], [ 6.9893333, 5.3902059 ], [ 6.9893592, 5.3899193 ], [ 6.9892842, 5.3897083 ], [ 6.9891339, 5.3896363 ], [ 6.9889676, 5.3896363 ], [ 6.9888582, 5.3895893 ], [ 6.9887825, 5.3894574 ] ] } },
{ "type": "Feature", "properties": { "name": null, "waterway": "river" }, "geometry": { "type": "LineString", "coordinates": [ [ 6.7767566, 5.4869518 ], [ 6.7766352, 5.4867419 ], [ 6.776271, 5.4864072 ], [ 6.7760095, 5.4861097 ], [ 6.7759674, 5.485854 ], [ 6.7759908, 5.4857238 ], [ 6.776129, 5.4853018 ] ] } },
{ "type": "Feature", "properties": { "name": null, "waterway": "stream" }, "geometry": { "type": "LineString", "coordinates": [ [ 6.7835194, 5.5436969 ], [ 6.783522, 5.5436591 ], [ 6.7835312, 5.5435333 ], [ 6.783559, 5.5434475 ], [ 6.7836083, 5.5433831 ], [ 6.7837777, 5.5432543 ], [ 6.7838455, 5.5431745 ], [ 6.7839519, 5.5427265 ], [ 6.7840529, 5.5422001 ], [ 6.78401, 5.542072 ], [ 6.7838168, 5.5419118 ], [ 6.7836237, 5.5418264 ], [ 6.7835486, 5.5416341 ], [ 6.7835593, 5.5412283 ], [ 6.7835057, 5.5411322 ], [ 6.7833233, 5.5409934 ], [ 6.783098, 5.5408332 ], [ 6.7829907, 5.5407264 ], [ 6.7828405, 5.5405236 ], [ 6.7826688, 5.5401498 ], [ 6.7826152, 5.5399042 ], [ 6.7825723, 5.5392741 ], [ 6.7824543, 5.5385693 ], [ 6.7823577, 5.5384198 ], [ 6.7821539, 5.5382917 ], [ 6.781832, 5.5382276 ], [ 6.7816389, 5.5381636 ], [ 6.7815316, 5.5380995 ], [ 6.7814994, 5.5379179 ], [ 6.7815101, 5.5376617 ], [ 6.7817033, 5.5372345 ], [ 6.7818213, 5.5369248 ], [ 6.7818856, 5.5362414 ], [ 6.7822075, 5.5358463 ], [ 6.7824543, 5.5353764 ], [ 6.7824221, 5.5348531 ], [ 6.7824114, 5.5344687 ], [ 6.7824543, 5.5342124 ], [ 6.7824435, 5.5339561 ], [ 6.782347, 5.5336891 ], [ 6.7821217, 5.5332406 ], [ 6.7819607, 5.5326533 ], [ 6.7819607, 5.5323863 ], [ 6.7820788, 5.5317563 ], [ 6.7823363, 5.5309981 ], [ 6.7828083, 5.5304107 ], [ 6.7831624, 5.5300263 ], [ 6.7835701, 5.5298447 ], [ 6.7839456, 5.5298127 ], [ 6.7846, 5.5298127 ], [ 6.7850292, 5.5297913 ], [ 6.785233, 5.5297486 ], [ 6.7859626, 5.5294817 ], [ 6.7875934, 5.5290972 ], [ 6.7879904, 5.528937 ], [ 6.7883015, 5.5287341 ], [ 6.7885053, 5.5285206 ], [ 6.7886019, 5.5284244 ], [ 6.7888037, 5.5283343 ], [ 6.7888937, 5.5282054 ], [ 6.7889225, 5.5280519 ], [ 6.7889909, 5.5278113 ], [ 6.7890587, 5.5275905 ], [ 6.789071, 5.5274372 ], [ 6.7890094, 5.5272654 ], [ 6.7890032, 5.5270814 ], [ 6.7890895, 5.5268606 ], [ 6.7892497, 5.5267441 ], [ 6.789299, 5.5265356 ], [ 6.7892312, 5.5263148 ], [ 6.7890217, 5.5260142 ], [ 6.7889848, 5.5257627 ], [ 6.7889786, 5.5255051 ], [ 6.7889047, 5.525315 ], [ 6.7887321, 5.5252659 ], [ 6.788461, 5.5253211 ], [ 6.7883932, 5.5254254 ], [ 6.7882946, 5.5256585 ], [ 6.788233, 5.5257198 ], [ 6.7880728, 5.5257443 ], [ 6.7879002, 5.5257014 ], [ 6.7876168, 5.5255603 ], [ 6.7872717, 5.5254929 ], [ 6.7869882, 5.5254009 ], [ 6.7867972, 5.5253211 ], [ 6.7866062, 5.5248366 ], [ 6.7866062, 5.5244747 ], [ 6.7865939, 5.5242171 ], [ 6.7865014, 5.5240638 ], [ 6.7859653, 5.523524 ], [ 6.785799, 5.522972 ], [ 6.785799, 5.522696 ], [ 6.7858051, 5.5224568 ], [ 6.7860146, 5.5221931 ], [ 6.7863104, 5.5218864 ], [ 6.7865446, 5.5217821 ], [ 6.7867294, 5.521733 ], [ 6.7867849, 5.5216349 ], [ 6.7867849, 5.5214754 ], [ 6.7864583, 5.5207456 ], [ 6.7860387, 5.5203262 ], [ 6.7851185, 5.5198753 ], [ 6.7847779, 5.519475 ], [ 6.7843632, 5.5191756 ], [ 6.7839648, 5.5189975 ], [ 6.7825377, 5.5188474 ], [ 6.7804426, 5.5186143 ], [ 6.7799127, 5.5182954 ], [ 6.7796046, 5.5179887 ], [ 6.779469, 5.51713 ], [ 6.7795553, 5.5163817 ], [ 6.7801838, 5.515523 ], [ 6.7816381, 5.5141491 ], [ 6.7821803, 5.5135235 ], [ 6.7822419, 5.5122968 ], [ 6.7820324, 5.5116589 ], [ 6.7812807, 5.5107879 ], [ 6.7811204, 5.5100887 ], [ 6.7811451, 5.5094017 ], [ 6.7816257, 5.5080032 ], [ 6.7816257, 5.5073162 ], [ 6.7814039, 5.5059546 ], [ 6.7810465, 5.5049977 ], [ 6.7810465, 5.5045806 ], [ 6.781256, 5.5040409 ], [ 6.7820571, 5.5032067 ], [ 6.7829291, 5.5024996 ], [ 6.7830894, 5.5024015 ], [ 6.7833666, 5.5024076 ], [ 6.7836439, 5.5025364 ], [ 6.7839767, 5.502702 ], [ 6.7841782, 5.5027183 ], [ 6.7843551, 5.5026901 ], [ 6.7845321, 5.5025774 ], [ 6.7847445, 5.5022533 ], [ 6.7848026, 5.5020801 ], [ 6.7845619, 5.5018123 ], [ 6.7844557, 5.5017137 ], [ 6.7841372, 5.5015164 ], [ 6.7840169, 5.5013473 ], [ 6.7839602, 5.5011993 ], [ 6.7838682, 5.5008682 ], [ 6.7838328, 5.5005229 ], [ 6.7835797, 5.5001173 ], [ 6.7835426, 5.5000579 ], [ 6.7834081, 5.4997902 ], [ 6.7832736, 5.4995365 ], [ 6.7832736, 5.4992688 ], [ 6.7831745, 5.4989729 ], [ 6.78304, 5.498684 ], [ 6.7826578, 5.4982542 ], [ 6.7821977, 5.4976905 ], [ 6.7820137, 5.4973946 ], [ 6.7819217, 5.4970071 ], [ 6.7817801, 5.4965209 ], [ 6.7814757, 5.4960629 ], [ 6.7811076, 5.4958093 ], [ 6.7805707, 5.4954452 ] ] } },
{ "type": "Feature", "properties": { "name": null, "waterway": "stream" }, "geometry": { "type": "LineString", "coordinates": [ [ 6.7835119, 5.5438045 ], [ 6.7835194, 5.5436969 ] ] } },
{ "type": "Feature", "properties": { "name": null, "waterway": "stream" }, "geometry": { "type": "LineString", "coordinates": [ [ 6.7837178, 5.5654632 ], [ 6.7836641, 5.5652656 ], [ 6.7836695, 5.5650948 ], [ 6.783691, 5.5648919 ], [ 6.7837071, 5.5647103 ], [ 6.7837661, 5.5645021 ], [ 6.7837661, 5.5642031 ], [ 6.78375, 5.5639629 ], [ 6.7837768, 5.5637974 ], [ 6.7838251, 5.5636639 ], [ 6.7838894, 5.5633969 ], [ 6.7838626, 5.5631673 ], [ 6.7838626, 5.5628737 ], [ 6.7839055, 5.5627188 ], [ 6.7839967, 5.5626121 ], [ 6.7842274, 5.562596 ], [ 6.7844527, 5.5625533 ], [ 6.7845439, 5.5624305 ], [ 6.7846792, 5.5619696 ], [ 6.7848093, 5.5615002 ], [ 6.7848581, 5.5611037 ], [ 6.7847116, 5.5601929 ], [ 6.7845614, 5.5599686 ], [ 6.7844219, 5.5597337 ], [ 6.7844219, 5.5595201 ], [ 6.7844434, 5.5593279 ], [ 6.7845614, 5.5590503 ], [ 6.7846043, 5.5587193 ], [ 6.7845614, 5.5582281 ], [ 6.7845614, 5.5580465 ], [ 6.7846472, 5.557897 ], [ 6.7847009, 5.5576728 ], [ 6.7847009, 5.5573097 ], [ 6.7847009, 5.5570214 ], [ 6.7848138, 5.5565247 ], [ 6.7847709, 5.5564073 ], [ 6.7846368, 5.5563112 ], [ 6.784567, 5.5562044 ], [ 6.7845348, 5.5560763 ], [ 6.7845456, 5.5559428 ], [ 6.7845241, 5.5558093 ], [ 6.7843846, 5.5557025 ], [ 6.7842559, 5.5556545 ], [ 6.7841808, 5.555569 ], [ 6.7841003, 5.5553661 ], [ 6.7841003, 5.5552433 ], [ 6.7841862, 5.5551045 ], [ 6.7842291, 5.5548749 ], [ 6.7841969, 5.5547041 ], [ 6.7839233, 5.5544051 ], [ 6.7838589, 5.554373 ], [ 6.7837141, 5.5543463 ], [ 6.7835746, 5.5542983 ], [ 6.7833869, 5.5541595 ], [ 6.782888, 5.5535508 ], [ 6.782727, 5.5532785 ], [ 6.7826358, 5.5529848 ], [ 6.7825715, 5.5528193 ], [ 6.7825125, 5.5526698 ], [ 6.7824374, 5.5525951 ], [ 6.7823891, 5.5524936 ], [ 6.7823354, 5.5522587 ], [ 6.7823944, 5.5520131 ], [ 6.7824642, 5.5518262 ], [ 6.7825715, 5.5516874 ], [ 6.7825929, 5.5515539 ], [ 6.7825339, 5.5514098 ], [ 6.7824588, 5.551303 ], [ 6.7824642, 5.5512175 ], [ 6.7824803, 5.550988 ], [ 6.7823783, 5.5508278 ], [ 6.7823354, 5.5507103 ], [ 6.7823515, 5.5506462 ], [ 6.7824374, 5.5505608 ], [ 6.7824749, 5.5505074 ], [ 6.7824749, 5.5503953 ], [ 6.7823783, 5.5502939 ], [ 6.7821262, 5.5501177 ], [ 6.7820404, 5.5500269 ], [ 6.7820189, 5.5499521 ], [ 6.7820726, 5.5498614 ], [ 6.7823891, 5.5498347 ], [ 6.7824856, 5.549792 ], [ 6.7825339, 5.5497332 ], [ 6.7825393, 5.5496318 ], [ 6.7824856, 5.5495517 ], [ 6.7824642, 5.5494342 ], [ 6.7825071, 5.5492901 ], [ 6.7825715, 5.5490818 ], [ 6.7826305, 5.5490018 ], [ 6.7826573, 5.5488843 ], [ 6.7826519, 5.5487561 ], [ 6.7826412, 5.548596 ], [ 6.7826788, 5.5484465 ], [ 6.7826841, 5.5480567 ], [ 6.7826519, 5.5478218 ], [ 6.7826895, 5.5476883 ], [ 6.7827968, 5.5474587 ], [ 6.7828772, 5.547149 ], [ 6.7828611, 5.5467593 ], [ 6.782786, 5.546551 ], [ 6.7826948, 5.5463855 ], [ 6.7826948, 5.5462894 ], [ 6.7828124, 5.5460207 ], [ 6.7829198, 5.5455745 ], [ 6.7829291, 5.5454118 ], [ 6.7829291, 5.5452351 ], [ 6.7829711, 5.5451236 ], [ 6.7829711, 5.5450492 ], [ 6.7829011, 5.544947 ], [ 6.7828824, 5.5448215 ], [ 6.7828824, 5.5445147 ], [ 6.7829291, 5.5443752 ], [ 6.783257, 5.5440363 ], [ 6.7834049, 5.5439044 ], [ 6.7834573, 5.5438737 ], [ 6.7835097, 5.5438369 ], [ 6.7835119, 5.5438045 ] ] } },
{ "type": "Feature", "properties": { "name": null, "waterway": "stream" }, "geometry": { "type": "LineString", "coordinates": [ [ 6.7886544, 5.6625184 ], [ 6.7889029, 5.6621375 ], [ 6.7889356, 5.6619562 ], [ 6.7890103, 5.6617611 ], [ 6.7892438, 5.6612545 ], [ 6.7902213, 5.6597048 ], [ 6.790628, 5.6585458 ], [ 6.7913454, 5.6570851 ], [ 6.7917701, 5.6546479 ], [ 6.7918975, 5.6526474 ], [ 6.7916144, 5.6508583 ], [ 6.7901279, 5.6476885 ], [ 6.7896183, 5.6462656 ], [ 6.7896041, 5.645209 ], [ 6.7893351, 5.6435466 ], [ 6.7889388, 5.6424618 ], [ 6.7882592, 5.6410811 ], [ 6.7862206, 5.6395596 ], [ 6.7843944, 5.6387425 ], [ 6.7808128, 5.6376859 ], [ 6.7783778, 5.6366856 ], [ 6.7757493, 5.6353268 ], [ 6.7741475, 5.6342101 ], [ 6.7738749, 5.6340431 ] ] } },
{ "type": "Feature", "properties": { "name": null, "waterway": "stream" }, "geometry": { "type": "LineString", "coordinates": [ [ 6.6967287, 5.5854776 ], [ 6.6968221, 5.5858634 ], [ 6.6967754, 5.5864443 ], [ 6.696668, 5.5869324 ], [ 6.6966353, 5.5871043 ], [ 6.6967193, 5.5873507 ], [ 6.6969341, 5.5875133 ], [ 6.697233, 5.5875598 ], [ 6.6974292, 5.5877829 ], [ 6.6975412, 5.5882384 ], [ 6.6975879, 5.5885823 ], [ 6.6975879, 5.5887822 ], [ 6.6973965, 5.5891122 ], [ 6.6973311, 5.5893027 ], [ 6.6973544, 5.5894887 ], [ 6.6974385, 5.5897024 ], [ 6.6975226, 5.5899674 ], [ 6.6975366, 5.5904182 ], [ 6.6974992, 5.5909248 ], [ 6.6975879, 5.5911014 ], [ 6.6977421, 5.5912223 ], [ 6.6979289, 5.5912502 ], [ 6.6981203, 5.5914035 ], [ 6.6983632, 5.5920449 ], [ 6.6983211, 5.5923796 ], [ 6.6982651, 5.592598 ], [ 6.6981297, 5.5928722 ], [ 6.6981788, 5.593005 ], [ 6.6983884, 5.593189 ], [ 6.6986163, 5.5932503 ], [ 6.6987396, 5.5933423 ], [ 6.6988074, 5.5935385 ], [ 6.6988628, 5.5939065 ], [ 6.6990723, 5.5948142 ], [ 6.6992017, 5.5954888 ], [ 6.6991525, 5.5962983 ], [ 6.6990908, 5.5972918 ], [ 6.6990354, 5.5975555 ], [ 6.6990477, 5.5977456 ], [ 6.6991463, 5.597997 ], [ 6.6991525, 5.5981933 ], [ 6.6991093, 5.5982914 ], [ 6.6989368, 5.5984263 ], [ 6.6985362, 5.5986471 ], [ 6.6983884, 5.598825 ], [ 6.6981542, 5.5993585 ], [ 6.6979447, 5.5999963 ], [ 6.6978892, 5.6002416 ], [ 6.6978892, 5.6004256 ], [ 6.6978954, 5.6007935 ], [ 6.6978153, 5.6010021 ], [ 6.6976427, 5.6012596 ], [ 6.6976058, 5.6014497 ], [ 6.6976058, 5.6017012 ], [ 6.6975072, 5.6019465 ], [ 6.6971621, 5.6024862 ], [ 6.697008, 5.6027315 ], [ 6.6969896, 5.6029461 ], [ 6.6970758, 5.6032282 ], [ 6.6971929, 5.6035594 ], [ 6.6972853, 5.6039273 ], [ 6.6972052, 5.6041665 ], [ 6.6971005, 5.6042953 ], [ 6.6969156, 5.6043873 ], [ 6.6967862, 5.6044118 ], [ 6.6967184, 5.6044854 ], [ 6.6967061, 5.6046387 ], [ 6.6967246, 5.6049454 ], [ 6.6967431, 5.6057794 ], [ 6.6968293, 5.6067238 ], [ 6.6970758, 5.6079381 ], [ 6.6972422, 5.6084716 ], [ 6.6974332, 5.6088886 ], [ 6.6974455, 5.6090481 ], [ 6.6974209, 5.6092075 ], [ 6.6973223, 5.6093547 ], [ 6.6973161, 5.609508 ], [ 6.6974086, 5.6097043 ], [ 6.697501, 5.609968 ], [ 6.6978399, 5.610434 ], [ 6.6983267, 5.6110534 ], [ 6.6987642, 5.6116299 ], [ 6.6992449, 5.6121941 ], [ 6.6995099, 5.6123903 ], [ 6.6998426, 5.612513 ], [ 6.7002247, 5.6126786 ], [ 6.7010134, 5.6136475 ], [ 6.7012722, 5.6140952 ], [ 6.7014078, 5.6144815 ], [ 6.7014694, 5.6147698 ], [ 6.7016912, 5.6152665 ], [ 6.7021677, 5.6161982 ], [ 6.702191, 5.616412 ], [ 6.7021724, 5.6165561 ], [ 6.7020836, 5.6166815 ], [ 6.7019809, 5.6168535 ], [ 6.7019809, 5.6171091 ], [ 6.7020323, 5.6173694 ], [ 6.7023078, 5.6179131 ], [ 6.7025973, 5.6185824 ], [ 6.7026907, 5.6189821 ], [ 6.7026907, 5.6194004 ], [ 6.7025973, 5.6196234 ], [ 6.7024292, 5.6197164 ], [ 6.7022564, 5.6196839 ], [ 6.7021257, 5.6197815 ], [ 6.7020463, 5.6198651 ], [ 6.7020369, 5.6200138 ], [ 6.702093, 5.6201719 ], [ 6.7022237, 5.6204135 ], [ 6.7024105, 5.6209573 ], [ 6.7025833, 5.6211432 ], [ 6.7027374, 5.6213709 ], [ 6.7027374, 5.6216916 ], [ 6.7027207, 5.6219884 ], [ 6.7027596, 5.6223618 ], [ 6.7027207, 5.6226224 ], [ 6.7026641, 5.6227281 ], [ 6.7025013, 5.6229676 ], [ 6.7024447, 5.6230803 ], [ 6.7024199, 5.6236122 ], [ 6.7024659, 5.6238939 ], [ 6.7025483, 5.6240916 ], [ 6.7026403, 5.6242923 ], [ 6.7026651, 5.6245318 ], [ 6.7025695, 5.6246974 ], [ 6.7022298, 5.6248242 ], [ 6.7020563, 5.6250073 ], [ 6.7019962, 5.6251623 ], [ 6.7019785, 5.6256237 ], [ 6.702021, 5.6259231 ], [ 6.7021284, 5.6262907 ], [ 6.7022544, 5.6265655 ], [ 6.7022451, 5.6267282 ], [ 6.7021797, 5.6270535 ], [ 6.702161, 5.6273463 ], [ 6.702175, 5.6276065 ], [ 6.7023802, 5.6284773 ], [ 6.7023587, 5.629246 ], [ 6.7022139, 5.629876 ], [ 6.70201, 5.6303991 ], [ 6.7016506, 5.6311145 ], [ 6.7012161, 5.6316804 ], [ 6.700964, 5.6320808 ], [ 6.7006206, 5.6325239 ], [ 6.7002775, 5.6328983 ], [ 6.7000297, 5.6331801 ], [ 6.6998761, 5.6333124 ], [ 6.6998315, 5.6334196 ], [ 6.6998634, 5.6335288 ], [ 6.7000191, 5.6336556 ], [ 6.7000545, 5.6337859 ], [ 6.7000333, 5.6339056 ], [ 6.6998032, 5.6341064 ], [ 6.6997077, 5.634212 ], [ 6.699651, 5.6344339 ], [ 6.6996439, 5.6347368 ], [ 6.6995661, 5.6348989 ], [ 6.6992653, 5.6349693 ], [ 6.6990706, 5.6348989 ], [ 6.698929, 5.6348848 ], [ 6.6988406, 5.6349306 ], [ 6.6986742, 5.6351841 ], [ 6.6985362, 5.6356596 ], [ 6.6985539, 5.635871 ], [ 6.6987096, 5.6361739 ], [ 6.699106, 5.636519 ], [ 6.6993113, 5.6367797 ], [ 6.6993113, 5.6369346 ], [ 6.6992653, 5.6371002 ], [ 6.6990741, 5.6372622 ], [ 6.6989467, 5.6373714 ], [ 6.6989149, 5.6374805 ], [ 6.699014, 5.6376778 ], [ 6.6992546, 5.6378891 ], [ 6.6997077, 5.6381709 ], [ 6.7000687, 5.6383505 ], [ 6.7002173, 5.6384504 ], [ 6.7002912, 5.6386803 ], [ 6.7002728, 5.6388091 ], [ 6.7002327, 5.6389501 ], [ 6.7001918, 5.639066 ], [ 6.7001978, 5.6394574 ], [ 6.7001838, 5.6397316 ], [ 6.700025, 5.6400383 ], [ 6.6999711, 5.6401983 ], [ 6.6999596, 5.6404473 ], [ 6.7001236, 5.6412731 ], [ 6.7002845, 5.6419617 ], [ 6.7002791, 5.6421592 ], [ 6.7001128, 5.6424529 ], [ 6.7000377, 5.6428426 ], [ 6.7001128, 5.6430774 ], [ 6.7002952, 5.6433817 ], [ 6.7002952, 5.643686 ], [ 6.7002469, 5.6438462 ], [ 6.7000967, 5.644364 ], [ 6.700086, 5.6447484 ], [ 6.7001933, 5.6453036 ], [ 6.7003489, 5.6458161 ], [ 6.700322, 5.6460616 ], [ 6.700263, 5.6462431 ], [ 6.7001289, 5.6466008 ], [ 6.6999304, 5.6469318 ], [ 6.6998553, 5.647156 ], [ 6.6998071, 5.647551 ], [ 6.699732, 5.6477699 ], [ 6.6993082, 5.6484425 ], [ 6.6987986, 5.6490511 ], [ 6.6985303, 5.649238 ], [ 6.6983318, 5.6493447 ], [ 6.698246, 5.6494515 ], [ 6.6982246, 5.6496543 ], [ 6.6982514, 5.6498732 ], [ 6.6981974, 5.6500078 ], [ 6.6980311, 5.6501947 ], [ 6.6977951, 5.6504776 ], [ 6.6976824, 5.6506858 ], [ 6.6976556, 5.6510595 ], [ 6.6976932, 5.6518709 ], [ 6.6977093, 5.6520524 ], [ 6.6977736, 5.6522179 ], [ 6.6978756, 5.6523674 ], [ 6.6979399, 5.6525809 ], [ 6.6979507, 5.6527944 ], [ 6.6980258, 5.6530026 ], [ 6.6981331, 5.6531628 ], [ 6.6983262, 5.6534617 ], [ 6.6984066, 5.6536325 ], [ 6.6984817, 5.6539475 ], [ 6.698589, 5.6540916 ], [ 6.6987791, 5.6543384 ] ] } },
{ "type": "Feature", "properties": { "name": null, "waterway": "stream" }, "geometry": { "type": "LineString", "coordinates": [ [ 6.6988406, 5.6349306 ], [ 6.6985281, 5.6349224 ], [ 6.6983573, 5.634975 ], [ 6.6981459, 5.6350761 ], [ 6.6978288, 5.6352177 ], [ 6.6974589, 5.6353391 ], [ 6.6972841, 5.6353108 ], [ 6.6972068, 5.6352258 ], [ 6.6971865, 5.6350397 ], [ 6.697589, 5.6344086 ], [ 6.6976296, 5.6341658 ], [ 6.697589, 5.6340121 ], [ 6.6975321, 5.6339595 ], [ 6.6972637, 5.6339595 ], [ 6.6969385, 5.6340606 ], [ 6.6967149, 5.6340768 ], [ 6.6965563, 5.6339352 ], [ 6.6964994, 5.6337167 ], [ 6.6965238, 5.6334578 ], [ 6.696471, 5.6333526 ], [ 6.6962596, 5.6332838 ], [ 6.6960238, 5.6331341 ], [ 6.6957381, 5.63281 ], [ 6.6956576, 5.6325858 ], [ 6.6954001, 5.6322708 ], [ 6.6949871, 5.6320733 ], [ 6.6947564, 5.6319131 ], [ 6.6946759, 5.6317263 ], [ 6.6945901, 5.6313473 ], [ 6.6944453, 5.631139 ], [ 6.6942682, 5.6310056 ], [ 6.6941019, 5.6309308 ], [ 6.6939839, 5.6308401 ], [ 6.6939088, 5.6305465 ], [ 6.6939625, 5.6301835 ], [ 6.6939142, 5.6299432 ], [ 6.6938284, 5.6297884 ], [ 6.693705, 5.629703 ], [ 6.6934743, 5.629687 ], [ 6.6931954, 5.6296176 ], [ 6.6929861, 5.6294841 ], [ 6.6928574, 5.6292812 ], [ 6.6928198, 5.629041 ], [ 6.6929003, 5.6285125 ], [ 6.6932007, 5.6279413 ], [ 6.6933617, 5.6274875 ], [ 6.6933617, 5.6270711 ], [ 6.693367, 5.626692 ], [ 6.6935011, 5.626297 ], [ 6.6934904, 5.6260995 ], [ 6.6934636, 5.6258112 ], [ 6.6935119, 5.6255122 ], [ 6.6935119, 5.6250638 ], [ 6.6933295, 5.6245833 ], [ 6.6928836, 5.6239609 ], [ 6.6925402, 5.6236779 ], [ 6.6923364, 5.6234163 ], [ 6.6922345, 5.623064 ], [ 6.6923467, 5.6226136 ], [ 6.6923575, 5.62232 ], [ 6.6922502, 5.6220958 ], [ 6.6920678, 5.6219463 ], [ 6.6917081, 5.6218533 ], [ 6.6914979, 5.6216813 ], [ 6.6914185, 5.6214954 ], [ 6.6914279, 5.6213095 ], [ 6.6917594, 5.620882 ], [ 6.6918715, 5.6207286 ], [ 6.6918797, 5.6204295 ], [ 6.6917027, 5.6200665 ], [ 6.6913218, 5.6197835 ], [ 6.6911501, 5.6197034 ], [ 6.6907424, 5.6196928 ], [ 6.6905439, 5.6196394 ], [ 6.6903616, 5.6195059 ], [ 6.6901899, 5.619303 ], [ 6.6900558, 5.6189987 ], [ 6.6898144, 5.6186571 ], [ 6.6895783, 5.6183421 ], [ 6.6894496, 5.6180591 ], [ 6.6894121, 5.617899 ], [ 6.6894442, 5.6177068 ], [ 6.6895783, 5.6174986 ], [ 6.6895891, 5.6174292 ], [ 6.6895193, 5.6173331 ], [ 6.6893423, 5.6172637 ], [ 6.6890526, 5.6171409 ], [ 6.6886974, 5.616966 ], [ 6.6884285, 5.6167406 ], [ 6.6882303, 5.6165363 ], [ 6.6880887, 5.6162193 ], [ 6.6879613, 5.6160362 ], [ 6.687572, 5.6157262 ], [ 6.6872818, 5.6153388 ], [ 6.6869632, 5.6145991 ], [ 6.6867013, 5.614099 ], [ 6.6861589, 5.6133998 ], [ 6.6858828, 5.6130899 ], [ 6.6856702, 5.6129837 ], [ 6.6853647, 5.6128311 ], [ 6.6849911, 5.6127614 ], [ 6.6845615, 5.6126917 ], [ 6.6844167, 5.6125569 ], [ 6.6843653, 5.6123663 ], [ 6.6844167, 5.6121711 ], [ 6.6846782, 5.6119016 ], [ 6.6848463, 5.6116645 ], [ 6.6849304, 5.6113438 ], [ 6.6849024, 5.6110603 ], [ 6.6848277, 5.6107722 ], [ 6.6846315, 5.6105352 ], [ 6.6842953, 5.6102702 ], [ 6.6839544, 5.6100053 ], [ 6.6836368, 5.6096428 ], [ 6.6834967, 5.6093593 ], [ 6.6833379, 5.609192 ], [ 6.6831231, 5.6090479 ], [ 6.6828943, 5.6089085 ], [ 6.6826935, 5.608704 ], [ 6.6825674, 5.6084623 ], [ 6.6824086, 5.6082578 ], [ 6.6821611, 5.6080533 ], [ 6.6819463, 5.6078442 ], [ 6.6817128, 5.6075188 ], [ 6.6815213, 5.6074119 ], [ 6.6810543, 5.607319 ], [ 6.6807508, 5.6072865 ], [ 6.6805686, 5.6073422 ], [ 6.6804472, 5.6074956 ], [ 6.6804846, 5.6080161 ], [ 6.6804892, 5.6084391 ], [ 6.6803707, 5.6088625 ], [ 6.6802475, 5.6092488 ], [ 6.6802598, 5.6095677 ], [ 6.6803646, 5.6098866 ], [ 6.6806542, 5.6104079 ], [ 6.6807343, 5.6106409 ], [ 6.6807343, 5.6108617 ], [ 6.6806727, 5.6110457 ], [ 6.6804262, 5.6112297 ], [ 6.6801612, 5.6112419 ], [ 6.6799949, 5.6112113 ], [ 6.6797595, 5.6109502 ], [ 6.679625, 5.610531 ], [ 6.6794976, 5.6100308 ], [ 6.6793631, 5.609661 ], [ 6.678995, 5.6090763 ], [ 6.6788464, 5.6089918 ], [ 6.6786553, 5.6089777 ], [ 6.6784593, 5.6090091 ], [ 6.6781534, 5.6090582 ] ] } },
{ "type": "Feature", "properties": { "name": null, "waterway": "stream" }, "geometry": { "type": "LineString", "coordinates": [ [ 6.6747399, 5.6314266 ], [ 6.6747357, 5.6313135 ] ] } },
{ "type": "Feature", "properties": { "name": null, "waterway": "stream" }, "geometry": { "type": "LineString", "coordinates": [ [ 6.7565184, 5.6413547 ], [ 6.7562593, 5.6411195 ], [ 6.7557106, 5.6408242 ], [ 6.7545564, 5.640395 ], [ 6.7524265, 5.6404108 ], [ 6.7498638, 5.6411773 ], [ 6.748737, 5.6411342 ], [ 6.747882, 5.6410104 ], [ 6.7470996, 5.6406993 ], [ 6.7465961, 5.640255 ], [ 6.7462755, 5.639513 ], [ 6.7459323, 5.6368577 ], [ 6.7454543, 5.6350469 ], [ 6.7450242, 5.6322273 ], [ 6.7447674, 5.630018 ], [ 6.744417, 5.628527 ], [ 6.7437723, 5.6279592 ], [ 6.7435952, 5.6275538 ], [ 6.7436136, 5.6269746 ], [ 6.7434989, 5.6268639 ], [ 6.742925, 5.62631 ] ] } },
{ "type": "Feature", "properties": { "name": null, "waterway": "stream" }, "geometry": { "type": "LineString", "coordinates": [ [ 6.7738749, 5.6340431 ], [ 6.7737546, 5.6339628 ] ] } },
{ "type": "Feature", "properties": { "name": null, "waterway": "stream" }, "geometry": { "type": "LineString", "coordinates": [ [ 6.7620397, 5.6541678 ], [ 6.7621105, 5.6535128 ], [ 6.76216, 5.6523998 ], [ 6.7622591, 5.6516109 ], [ 6.7622379, 5.6505543 ], [ 6.7622379, 5.650195 ], [ 6.762245, 5.6499062 ], [ 6.7623441, 5.6496527 ], [ 6.7624432, 5.6495681 ], [ 6.7626767, 5.6494413 ], [ 6.7628254, 5.6492652 ], [ 6.7630661, 5.6487017 ], [ 6.7632572, 5.6483213 ], [ 6.7635969, 5.647948 ], [ 6.7641703, 5.6474761 ], [ 6.764443, 5.6473109 ], [ 6.7644945, 5.6472798 ], [ 6.7650197, 5.6469618 ], [ 6.7657558, 5.6466308 ], [ 6.7664991, 5.646342 ], [ 6.7668105, 5.6462222 ], [ 6.7671857, 5.6462222 ], [ 6.7675962, 5.6462152 ], [ 6.7683253, 5.6461306 ], [ 6.7691535, 5.6460109 ], [ 6.77001, 5.6459334 ], [ 6.7707461, 5.6458137 ], [ 6.7711637, 5.6457925 ], [ 6.7713973, 5.6458771 ], [ 6.7717796, 5.6460461 ], [ 6.7719707, 5.6462786 ], [ 6.7720698, 5.6463279 ], [ 6.7722184, 5.6463772 ], [ 6.7724379, 5.6463772 ], [ 6.7726644, 5.6464335 ], [ 6.7731598, 5.6466519 ], [ 6.7737403, 5.646828 ], [ 6.773896, 5.6469689 ], [ 6.7739314, 5.6471591 ], [ 6.7740093, 5.6472577 ], [ 6.7741437, 5.6472718 ], [ 6.7744906, 5.6473493 ], [ 6.7747666, 5.6475254 ], [ 6.7749365, 5.6476803 ], [ 6.7750215, 5.6478705 ], [ 6.775156, 5.6479832 ], [ 6.7753258, 5.6480044 ], [ 6.7756373, 5.6480466 ], [ 6.7760549, 5.6482227 ], [ 6.7762885, 5.6484552 ], [ 6.7772087, 5.6493779 ], [ 6.777414, 5.6496949 ], [ 6.7774706, 5.6498781 ], [ 6.7775697, 5.650026 ], [ 6.777782, 5.6502091 ], [ 6.7779448, 5.6503782 ], [ 6.7779024, 5.6505825 ], [ 6.7778811, 5.6508149 ], [ 6.7779519, 5.6508924 ], [ 6.7781501, 5.6509558 ], [ 6.7785182, 5.6512869 ], [ 6.7787376, 5.6515968 ], [ 6.7788863, 5.651949 ], [ 6.7790278, 5.6525689 ], [ 6.7791552, 5.6528436 ], [ 6.7792543, 5.6534212 ], [ 6.779318, 5.6537593 ], [ 6.7794525, 5.6541326 ], [ 6.7796578, 5.6545975 ], [ 6.7798065, 5.6551399 ], [ 6.7798277, 5.6557105 ], [ 6.7799905, 5.6564008 ], [ 6.7801321, 5.6572672 ], [ 6.7803161, 5.6579645 ], [ 6.7804081, 5.658366 ], [ 6.7804364, 5.658676 ], [ 6.7805426, 5.6595776 ], [ 6.7806488, 5.6600988 ], [ 6.7805922, 5.6606342 ], [ 6.7804223, 5.6612118 ], [ 6.7804577, 5.6617612 ], [ 6.7806913, 5.662212 ], [ 6.7808965, 5.6623458 ], [ 6.7813637, 5.662691 ], [ 6.7821777, 5.6631629 ], [ 6.7826803, 5.6634517 ], [ 6.7831333, 5.6638039 ], [ 6.7835226, 5.6642758 ], [ 6.7842446, 5.6648675 ], [ 6.7845561, 5.6650013 ], [ 6.7850728, 5.6650295 ], [ 6.7854833, 5.6648746 ], [ 6.786269, 5.664466 ], [ 6.7873308, 5.6637053 ], [ 6.7882014, 5.6628671 ], [ 6.7885483, 5.6625924 ] ] } },
{ "type": "Feature", "properties": { "name": null, "waterway": "stream" }, "geometry": { "type": "MultiLineString", "coordinates": [ [ [ 6.663327045051775, 5.655359483762041 ], [ 6.6649294, 5.6548546 ], [ 6.6661374, 5.6543891 ], [ 6.66669, 5.6542118 ], [ 6.6670887, 5.6541414 ], [ 6.667343, 5.6541006 ], [ 6.667635, 5.6539936 ], [ 6.6681384, 5.6537246 ], [ 6.6685336, 5.6535561 ], [ 6.6690006, 5.6533484 ], [ 6.6691234, 5.6532499 ], [ 6.6692327, 5.6531138 ], [ 6.6695791, 5.6525646 ], [ 6.6700006, 5.6517622 ], [ 6.6701834, 5.6513003 ], [ 6.6703559, 5.6507036 ], [ 6.6704577, 5.6501657 ], [ 6.6704819, 5.6490789 ], [ 6.6704563, 5.6485704 ], [ 6.6702662, 5.6480915 ], [ 6.6695124, 5.6471679 ], [ 6.6689392, 5.6463725 ], [ 6.6685519, 5.6452566 ], [ 6.6677692, 5.6442276 ], [ 6.6670693, 5.6436623 ], [ 6.6656872, 5.6428091 ], [ 6.6649771, 5.6426219 ], [ 6.6641185, 5.6425661 ], [ 6.6635955, 5.642639 ], [ 6.6628677, 5.6428515 ], [ 6.6621896, 5.6431164 ], [ 6.661443878406766, 5.643612008894763 ] ], [ [ 6.66018305307503, 5.635746792114368 ], [ 6.6604845, 5.6357608 ], [ 6.6615787, 5.6358292 ], [ 6.6622381, 5.635958 ], [ 6.663255, 5.6361371 ], [ 6.6649441, 5.6365634 ], [ 6.6691546, 5.6379851 ], [ 6.6698566, 5.6381073 ], [ 6.6704744, 5.6380694 ], [ 6.6710953, 5.6379178 ], [ 6.6716175, 5.6377353 ], [ 6.6720769, 5.637509 ], [ 6.6724352, 5.6372534 ], [ 6.6728649, 5.6368417 ], [ 6.6734929, 5.6362926 ], [ 6.6736896, 5.6360416 ], [ 6.6740201, 5.6352943 ], [ 6.6745239, 5.6342485 ], [ 6.6746633, 5.6337076 ], [ 6.6747778, 5.6330646 ], [ 6.6747635, 5.6320411 ], [ 6.6747399, 5.6314266 ] ] ] } },
{ "type": "Feature", "properties": { "name": null, "waterway": "stream" }, "geometry": { "type": "LineString", "coordinates": [ [ 6.67241539253367, 5.712054670060591 ], [ 6.6726261, 5.7122732 ], [ 6.6728996, 5.7126468 ], [ 6.6732108, 5.7128016 ], [ 6.6736077, 5.712887 ], [ 6.6741764, 5.7129084 ], [ 6.6747504, 5.7128177 ], [ 6.6753083, 5.7125988 ], [ 6.6755658, 5.7124333 ], [ 6.6757926, 5.7121164 ], [ 6.6764862, 5.7113769 ], [ 6.6767198, 5.7111726 ], [ 6.6772719, 5.7108487 ], [ 6.6777533, 5.7105388 ], [ 6.6779373, 5.7103556 ], [ 6.6781143, 5.7102711 ], [ 6.678992, 5.7101514 ], [ 6.6798556, 5.7101866 ], [ 6.6806696, 5.7103627 ], [ 6.6812005, 5.7105599 ], [ 6.6815119, 5.7105599 ], [ 6.6818871, 5.7105176 ], [ 6.6827789, 5.710419 ], [ 6.6831116, 5.710412 ], [ 6.6835363, 5.7104824 ], [ 6.6841946, 5.7107501 ], [ 6.6846052, 5.7110459 ], [ 6.6853272, 5.7116164 ], [ 6.6861624, 5.7120531 ], [ 6.6866154, 5.7122291 ], [ 6.6870401, 5.7122503 ], [ 6.6879957, 5.712215 ], [ 6.688562, 5.7121517 ], [ 6.6889159, 5.7120178 ], [ 6.6890929, 5.7118629 ], [ 6.6892415, 5.7115037 ], [ 6.6892981, 5.7111797 ], [ 6.6893548, 5.7104331 ], [ 6.6895317, 5.7098063 ], [ 6.6895317, 5.7095738 ], [ 6.6894255, 5.7093203 ], [ 6.6893194, 5.7092217 ], [ 6.6887177, 5.7090456 ], [ 6.6883142, 5.708954 ], [ 6.6881019, 5.7089047 ], [ 6.6879886, 5.7088132 ], [ 6.6879037, 5.7087005 ], [ 6.68784, 5.7084046 ], [ 6.6878612, 5.7078271 ], [ 6.6877692, 5.7072707 ], [ 6.687571, 5.7068481 ], [ 6.6873445, 5.706517 ], [ 6.6871251, 5.7062142 ], [ 6.6869835, 5.7060099 ], [ 6.6869127, 5.7057775 ], [ 6.6868136, 5.7049675 ], [ 6.6867995, 5.7042984 ], [ 6.6868136, 5.7040941 ], [ 6.6869269, 5.703749 ], [ 6.6869481, 5.70358 ], [ 6.6868986, 5.7033898 ], [ 6.6867853, 5.7032912 ], [ 6.6866013, 5.7031644 ], [ 6.686396, 5.7029813 ], [ 6.6860845, 5.7025587 ], [ 6.6859005, 5.7023051 ], [ 6.6857235, 5.7021572 ], [ 6.685313, 5.7017698 ], [ 6.6850157, 5.7015092 ], [ 6.6846917, 5.701059 ], [ 6.6845697, 5.7008972 ], [ 6.6844355, 5.7005897 ], [ 6.6843176, 5.7002297 ], [ 6.6840696, 5.6999182 ], [ 6.6837607, 5.6995905 ], [ 6.683659, 5.6992871 ], [ 6.6836021, 5.6989918 ], [ 6.6835045, 5.6987774 ], [ 6.6832647, 5.698207 ], [ 6.6831671, 5.6978955 ], [ 6.6831224, 5.697669 ], [ 6.6832037, 5.6971147 ], [ 6.6831956, 5.6968437 ], [ 6.6831549, 5.6966333 ], [ 6.6830289, 5.6964998 ], [ 6.6828459, 5.696427 ], [ 6.6826996, 5.6963704 ], [ 6.6826101, 5.6962935 ], [ 6.6825329, 5.6961681 ], [ 6.6825166, 5.6960265 ], [ 6.6825451, 5.6958566 ], [ 6.6825316, 5.6955657 ], [ 6.6824002, 5.6952455 ], [ 6.6822983, 5.6948985 ], [ 6.682183, 5.6946182 ], [ 6.6820569, 5.6944875 ], [ 6.6818691, 5.694354 ], [ 6.6817887, 5.6942499 ], [ 6.6817779, 5.6940951 ], [ 6.6818101, 5.6939857 ], [ 6.6819335, 5.6937962 ], [ 6.6822044, 5.6936094 ], [ 6.6823439, 5.6935133 ], [ 6.6824458, 5.6933078 ], [ 6.6825129, 5.6931583 ], [ 6.6825129, 5.6930676 ], [ 6.6823332, 5.692355 ], [ 6.6821776, 5.6918585 ], [ 6.6820059, 5.6913728 ], [ 6.6819416, 5.6911673 ], [ 6.681786, 5.6909244 ], [ 6.6817323, 5.6907776 ], [ 6.6817431, 5.6905908 ], [ 6.6818021, 5.6903879 ], [ 6.6819201, 5.6902251 ], [ 6.6820086, 5.690121 ], [ 6.6820328, 5.6899796 ], [ 6.6820032, 5.6898087 ], [ 6.6819845, 5.6895925 ], [ 6.6819684, 5.6894377 ], [ 6.6819657, 5.6892563 ], [ 6.6819845, 5.6891602 ], [ 6.6820247, 5.6890908 ], [ 6.6820569, 5.6889653 ], [ 6.6820274, 5.6887518 ], [ 6.6818718, 5.6885943 ], [ 6.6818235, 5.6884822 ], [ 6.6817914, 5.6882127 ], [ 6.6818262, 5.6880285 ], [ 6.6818262, 5.6878871 ], [ 6.6817511, 5.6877296 ], [ 6.6815875, 5.6875775 ], [ 6.6815675, 5.6875435 ], [ 6.6814856, 5.687404 ], [ 6.6814266, 5.6872652 ], [ 6.6814051, 5.6871397 ], [ 6.6814775, 5.6868568 ], [ 6.6815151, 5.686678 ], [ 6.681507, 5.6864752 ], [ 6.6814641, 5.6863978 ], [ 6.6813702, 5.686355 ], [ 6.6812737, 5.6863337 ], [ 6.681094, 5.6862616 ], [ 6.6809626, 5.6861762 ], [ 6.6808392, 5.6860374 ], [ 6.6808016, 5.685944 ], [ 6.680807, 5.6858319 ], [ 6.680866, 5.6856851 ], [ 6.6809062, 5.685525 ], [ 6.6809706, 5.6852341 ], [ 6.6809974, 5.6850339 ], [ 6.6809599, 5.684759 ], [ 6.6809572, 5.6843666 ], [ 6.6809626, 5.6841398 ], [ 6.6809786, 5.6839396 ], [ 6.6809813, 5.6837448 ], [ 6.6809411, 5.6834832 ], [ 6.6809223, 5.683235 ], [ 6.6809196, 5.6831602 ], [ 6.6809223, 5.6830962 ], [ 6.680984, 5.6829627 ], [ 6.6810993, 5.6827492 ], [ 6.6811369, 5.6824076 ], [ 6.6811664, 5.6821353 ], [ 6.6811664, 5.6819698 ], [ 6.6811262, 5.6816923 ], [ 6.6811423, 5.6815561 ], [ 6.6811905, 5.6814547 ], [ 6.681322, 5.6813586 ], [ 6.6813756, 5.6812519 ], [ 6.6813756, 5.6811638 ], [ 6.6812871, 5.681033 ], [ 6.6812764, 5.6809636 ], [ 6.6813038, 5.6808211 ], [ 6.6814136, 5.6807361 ], [ 6.6816046, 5.6806471 ], [ 6.681816, 5.6805622 ], [ 6.681877, 5.6804813 ], [ 6.681877, 5.6803518 ], [ 6.6818242, 5.6802426 ], [ 6.6818364, 5.6800888 ], [ 6.6818933, 5.680012 ], [ 6.6820722, 5.679927 ], [ 6.6821779, 5.6798663 ], [ 6.6822202, 5.6796575 ], [ 6.6822436, 5.6793926 ], [ 6.682323, 5.6792253 ], [ 6.6825284, 5.6790348 ], [ 6.6827433, 5.6789232 ], [ 6.682874, 5.6787978 ], [ 6.6829674, 5.6785933 ], [ 6.6829721, 5.6782355 ], [ 6.6830515, 5.677873 ], [ 6.6831355, 5.6776871 ], [ 6.6834064, 5.6773804 ], [ 6.68378, 5.6770226 ], [ 6.6838827, 5.6768692 ], [ 6.6840462, 5.6765068 ], [ 6.6841069, 5.6762698 ], [ 6.684261, 5.6760792 ], [ 6.6844478, 5.6757493 ], [ 6.6844805, 5.675582 ], [ 6.6845692, 5.6752753 ], [ 6.684728, 5.6751033 ], [ 6.6850269, 5.6749686 ], [ 6.6852884, 5.6748152 ], [ 6.6853958, 5.6746526 ], [ 6.6854845, 5.674318 ], [ 6.6855219, 5.6741367 ], [ 6.6856854, 5.6738811 ], [ 6.6858208, 5.6735698 ], [ 6.6858815, 5.6733003 ], [ 6.6859702, 5.6731794 ], [ 6.6864372, 5.6729285 ], [ 6.68661, 5.6726822 ], [ 6.6866614, 5.6723987 ], [ 6.6866474, 5.6718829 ], [ 6.6866161, 5.6710466 ], [ 6.6866161, 5.6707918 ], [ 6.6867096, 5.670545 ], [ 6.6868899, 5.6702802 ], [ 6.6869608, 5.6701576 ], [ 6.6869854, 5.6700411 ], [ 6.6869731, 5.669946 ], [ 6.6869115, 5.6698694 ], [ 6.6867359, 5.6697314 ], [ 6.6866958, 5.6696793 ], [ 6.6866958, 5.6695873 ], [ 6.6867389, 5.6695076 ], [ 6.6868868, 5.6694401 ], [ 6.6869484, 5.6693359 ], [ 6.6869608, 5.6691887 ], [ 6.6869238, 5.6687135 ], [ 6.686933, 5.6684376 ], [ 6.6869885, 5.6682413 ], [ 6.687084, 5.6680175 ], [ 6.6871056, 5.6678888 ], [ 6.687084, 5.6676956 ], [ 6.687047, 5.6675423 ], [ 6.6870594, 5.6673645 ], [ 6.6871425, 5.6671958 ], [ 6.6872658, 5.6669107 ], [ 6.6872596, 5.6667359 ], [ 6.687198, 5.6665551 ], [ 6.6871857, 5.6664569 ], [ 6.687235, 5.6662822 ], [ 6.6873213, 5.6661565 ], [ 6.6874599, 5.666089 ], [ 6.6876448, 5.665994 ], [ 6.6877834, 5.6658529 ], [ 6.6878389, 5.6656751 ], [ 6.6878111, 5.6655709 ], [ 6.6878111, 5.6654973 ], [ 6.6878758, 5.6654329 ], [ 6.6879652, 5.665344 ], [ 6.6879652, 5.6652367 ], [ 6.6878882, 5.6651202 ], [ 6.6878235, 5.6649945 ], [ 6.6878142, 5.6649025 ], [ 6.6878604, 5.6648228 ], [ 6.6880545, 5.6647645 ], [ 6.6882363, 5.6646879 ], [ 6.6883626, 5.6646235 ], [ 6.6884027, 5.6645315 ], [ 6.6884243, 5.6644119 ], [ 6.6883811, 5.6642648 ], [ 6.6883811, 5.6641758 ], [ 6.6884089, 5.6640992 ], [ 6.6885229, 5.6640317 ], [ 6.688606, 5.663906 ], [ 6.6886307, 5.6638263 ], [ 6.6885876, 5.6637098 ], [ 6.6884612, 5.6635136 ], [ 6.6884089, 5.6633082 ], [ 6.6884089, 5.6631089 ], [ 6.6884366, 5.6629525 ], [ 6.6885752, 5.6627348 ], [ 6.6887108, 5.6625294 ], [ 6.6887293, 5.6624711 ], [ 6.6887077, 5.6624098 ], [ 6.6884458, 5.6623117 ], [ 6.6883442, 5.6622412 ], [ 6.6883318, 5.6621216 ], [ 6.6884119, 5.6619806 ], [ 6.6885413, 5.6619407 ], [ 6.6887293, 5.661956 ], [ 6.6888741, 5.6619285 ], [ 6.688948, 5.6618365 ], [ 6.6889234, 5.6617598 ], [ 6.6888063, 5.6616893 ], [ 6.6887539, 5.6616004 ], [ 6.6887724, 5.6614716 ], [ 6.6888402, 5.661349 ], [ 6.6889265, 5.6612631 ], [ 6.6890282, 5.6611098 ], [ 6.6890774, 5.6609228 ], [ 6.689173, 5.6607726 ], [ 6.6893085, 5.6606315 ], [ 6.6894225, 5.660512 ], [ 6.6894626, 5.6604353 ], [ 6.6894441, 5.6603648 ], [ 6.6893794, 5.660328 ], [ 6.6892623, 5.6603249 ], [ 6.6891699, 5.6603219 ], [ 6.6891175, 5.6602667 ], [ 6.6891206, 5.6602053 ], [ 6.6891483, 5.660144 ], [ 6.6892377, 5.6600796 ], [ 6.6894533, 5.6599294 ], [ 6.6895612, 5.659773 ], [ 6.6896813, 5.6596995 ], [ 6.6897892, 5.6596749 ], [ 6.6899217, 5.6597454 ], [ 6.6900141, 5.6598558 ], [ 6.6901127, 5.6599049 ], [ 6.6902359, 5.6598987 ], [ 6.6903807, 5.6598098 ], [ 6.690467, 5.6596503 ], [ 6.6905277, 5.6594598 ], [ 6.6906865, 5.6592413 ], [ 6.6909574, 5.6589346 ], [ 6.6911021, 5.6588045 ], [ 6.691429, 5.6586279 ], [ 6.6915831, 5.6584931 ], [ 6.6917372, 5.6582561 ], [ 6.6919147, 5.6580749 ], [ 6.6922696, 5.6577635 ], [ 6.6925638, 5.657638 ], [ 6.6929328, 5.6575776 ], [ 6.6933951, 5.6576055 ], [ 6.6940302, 5.6574707 ], [ 6.6943197, 5.6572802 ], [ 6.6944458, 5.6571501 ], [ 6.6945065, 5.6568712 ], [ 6.6945532, 5.6566993 ], [ 6.694684, 5.6565924 ], [ 6.6949035, 5.6565506 ], [ 6.695207, 5.6565878 ], [ 6.6953658, 5.6566482 ], [ 6.6954966, 5.6566249 ], [ 6.6956006, 5.6565458 ], [ 6.6956596, 5.6563643 ], [ 6.6956516, 5.6562095 ], [ 6.6955738, 5.6559426 ], [ 6.6954907, 5.655721 ], [ 6.6954612, 5.6555956 ], [ 6.695496, 5.6554701 ], [ 6.695614, 5.6553447 ], [ 6.6957777, 5.6552593 ], [ 6.6959279, 5.6552539 ], [ 6.6959842, 5.6552993 ], [ 6.6960164, 5.6554514 ], [ 6.6960244, 5.6555902 ], [ 6.6960808, 5.655689 ], [ 6.6961263, 5.6556997 ], [ 6.6962766, 5.6556917 ], [ 6.6963731, 5.6556463 ], [ 6.6964348, 5.6555555 ], [ 6.6964616, 5.6551605 ], [ 6.6964616, 5.6549737 ], [ 6.6965233, 5.6547201 ], [ 6.696703, 5.6544825 ], [ 6.6968613, 5.6543651 ], [ 6.6970946, 5.6542823 ], [ 6.6972448, 5.6542583 ], [ 6.6973468, 5.654317 ], [ 6.6974621, 5.6545226 ], [ 6.6975291, 5.654963 ], [ 6.6975077, 5.6551178 ], [ 6.697454, 5.6552032 ], [ 6.6973682, 5.6552673 ], [ 6.697269, 5.6552806 ], [ 6.6971268, 5.6553046 ], [ 6.6970839, 5.655358 ], [ 6.6970651, 5.6554488 ], [ 6.6970866, 5.6555635 ], [ 6.6971563, 5.6556463 ], [ 6.6972663, 5.655649 ], [ 6.6975211, 5.6555315 ], [ 6.6978537, 5.6553874 ], [ 6.6981836, 5.6551979 ], [ 6.6983338, 5.6550457 ], [ 6.6984035, 5.6549123 ], [ 6.6985189, 5.6545306 ], [ 6.6985806, 5.6544291 ], [ 6.6986959, 5.6543651 ], [ 6.6987791, 5.6543384 ], [ 6.6989051, 5.6544158 ], [ 6.6989534, 5.6545786 ], [ 6.6989909, 5.6547975 ], [ 6.6990192, 5.6549913 ], [ 6.69915, 5.6552469 ], [ 6.6992714, 5.6554328 ], [ 6.6997431, 5.6557813 ], [ 6.7000466, 5.6559765 ], [ 6.7002941, 5.656325 ], [ 6.7005696, 5.6568734 ], [ 6.7008031, 5.6572963 ], [ 6.7009479, 5.6574915 ], [ 6.7017275, 5.658094 ], [ 6.7024675, 5.6585997 ], [ 6.7032521, 5.659158 ], [ 6.7034025, 5.659332 ], [ 6.7035082, 5.6595424 ], [ 6.7036871, 5.6597447 ], [ 6.7041668, 5.6600036 ], [ 6.7047238, 5.6602666 ], [ 6.7049474, 5.6603151 ], [ 6.7050409, 5.6603151 ], [ 6.7051832, 5.6602868 ], [ 6.7053905, 5.6601695 ], [ 6.7055287, 5.6600157 ], [ 6.7056263, 5.6598701 ], [ 6.7057076, 5.6597851 ], [ 6.7058093, 5.6597568 ], [ 6.7059922, 5.6597568 ], [ 6.7061304, 5.6597366 ], [ 6.70635, 5.6596921 ], [ 6.7064963, 5.6597163 ], [ 6.706789, 5.6598863 ], [ 6.7071427, 5.660129 ], [ 6.7072647, 5.6601937 ], [ 6.7076103, 5.6602746 ], [ 6.7078054, 5.6603394 ], [ 6.7081975, 5.6606214 ], [ 6.7084656, 5.6607717 ], [ 6.7085827, 5.6608851 ], [ 6.7086227, 5.660974 ], [ 6.7086381, 5.6611212 ], [ 6.7086659, 5.6612009 ], [ 6.7087614, 5.6612592 ], [ 6.7088692, 5.6612929 ], [ 6.7090202, 5.6612684 ], [ 6.7093529, 5.6611212 ], [ 6.70943, 5.6610476 ], [ 6.7095563, 5.6608146 ], [ 6.7095655, 5.6604988 ], [ 6.7095594, 5.6602167 ], [ 6.709547, 5.6601217 ], [ 6.7094823, 5.6600174 ], [ 6.7094022, 5.6599285 ], [ 6.7093344, 5.6598457 ], [ 6.7093036, 5.6597353 ], [ 6.7092913, 5.6595544 ], [ 6.7093073, 5.6593566 ], [ 6.7093642, 5.6591422 ], [ 6.7095024, 5.6588671 ], [ 6.7097179, 5.6586001 ], [ 6.710035, 5.6581632 ], [ 6.7102342, 5.6579002 ], [ 6.7104822, 5.6573338 ], [ 6.7105879, 5.6570102 ], [ 6.7106489, 5.6567148 ], [ 6.7106733, 5.6566258 ], [ 6.7107505, 5.6565651 ], [ 6.7108725, 5.656549 ], [ 6.7111123, 5.6566096 ], [ 6.7112546, 5.6566825 ], [ 6.711401, 5.6568726 ], [ 6.7114335, 5.6570061 ], [ 6.7114416, 5.6571518 ], [ 6.7114498, 5.6573621 ], [ 6.7114498, 5.6575118 ], [ 6.7115148, 5.6576575 ], [ 6.7117363, 5.6579156 ], [ 6.7119371, 5.6580318 ], [ 6.7121799, 5.6581294 ], [ 6.71232, 5.6581898 ], [ 6.7124695, 5.6582781 ], [ 6.7126049, 5.6584593 ], [ 6.712703, 5.6586824 ], [ 6.712745, 5.6590123 ], [ 6.7126936, 5.6593702 ], [ 6.7126376, 5.6598395 ], [ 6.7126376, 5.6602485 ], [ 6.7126843, 5.6606853 ], [ 6.7127123, 5.6608433 ], [ 6.7129038, 5.6612941 ], [ 6.7129925, 5.6614057 ], [ 6.7130579, 5.6614335 ], [ 6.7131559, 5.6614521 ], [ 6.7132727, 5.6614521 ], [ 6.7133988, 5.66148 ], [ 6.7135249, 5.6615544 ], [ 6.7136401, 5.6616344 ], [ 6.7137541, 5.6617928 ], [ 6.7138461, 5.6620393 ], [ 6.7139099, 5.6625218 ], [ 6.7138886, 5.6627648 ], [ 6.7138285, 5.6629198 ], [ 6.7137187, 5.6630959 ], [ 6.7136586, 5.6633142 ], [ 6.7136338, 5.6636629 ], [ 6.713648, 5.6638179 ], [ 6.7137223, 5.6640679 ], [ 6.713832, 5.6643462 ], [ 6.7139134, 5.6645786 ], [ 6.7139665, 5.6647688 ], [ 6.7140833, 5.6650365 ], [ 6.7142001, 5.6651985 ], [ 6.7142779, 5.6653957 ], [ 6.7143947, 5.6656598 ], [ 6.7145894, 5.6659627 ], [ 6.7147203, 5.6661212 ], [ 6.7149008, 5.6662586 ], [ 6.7151769, 5.6663889 ], [ 6.7154459, 5.6664628 ], [ 6.7156547, 5.6665333 ], [ 6.7158352, 5.6666213 ], [ 6.7159732, 5.666727 ], [ 6.7161289, 5.6669066 ], [ 6.716267, 5.6671637 ], [ 6.7163661, 5.6675123 ], [ 6.7163908, 5.6679103 ], [ 6.7164308, 5.6682173 ], [ 6.7165429, 5.6684543 ], [ 6.7167391, 5.6686542 ], [ 6.7169632, 5.6688122 ], [ 6.7172481, 5.6689051 ], [ 6.717617, 5.6689191 ], [ 6.7179299, 5.6688726 ], [ 6.7181821, 5.6687797 ], [ 6.718593, 5.6685519 ], [ 6.7190273, 5.6683056 ], [ 6.7193823, 5.6680965 ], [ 6.7197232, 5.6679525 ], [ 6.7199894, 5.6679153 ], [ 6.7202882, 5.6679292 ], [ 6.7205031, 5.6680082 ], [ 6.7206618, 5.6681662 ], [ 6.7207599, 5.6682963 ], [ 6.72083, 5.6685101 ], [ 6.7209, 5.6686309 ], [ 6.7209607, 5.6686774 ], [ 6.7211849, 5.6687425 ], [ 6.7215118, 5.6687425 ], [ 6.7217079, 5.668775 ], [ 6.7219788, 5.6688494 ], [ 6.7222496, 5.6690585 ], [ 6.7224364, 5.6691514 ], [ 6.7225812, 5.6691421 ], [ 6.722712, 5.6690817 ], [ 6.7228614, 5.6689284 ], [ 6.7229408, 5.6687332 ], [ 6.7229595, 5.6685705 ], [ 6.7229595, 5.66838 ], [ 6.72281, 5.6678223 ], [ 6.722726, 5.667339 ], [ 6.722698, 5.6669161 ], [ 6.7227166, 5.6663352 ], [ 6.722768, 5.6661447 ], [ 6.7228521, 5.6660425 ], [ 6.7230389, 5.6659031 ], [ 6.7233144, 5.6657915 ], [ 6.7234498, 5.6657636 ], [ 6.7235713, 5.6657822 ], [ 6.723716, 5.6658705 ], [ 6.7238701, 5.6660564 ], [ 6.7241317, 5.6662748 ], [ 6.7243652, 5.6664189 ], [ 6.7245473, 5.6664421 ], [ 6.7247341, 5.6664096 ], [ 6.7248695, 5.6663306 ], [ 6.725061, 5.6661261 ], [ 6.7251591, 5.665838 ], [ 6.7252338, 5.6657172 ], [ 6.7253832, 5.6655406 ], [ 6.7256261, 5.6654105 ], [ 6.7260277, 5.6652478 ], [ 6.7267982, 5.6650201 ], [ 6.7271812, 5.6649364 ], [ 6.7275361, 5.6649132 ], [ 6.7280871, 5.6649086 ], [ 6.728811, 5.6649364 ], [ 6.7294228, 5.6649132 ], [ 6.7303007, 5.6648249 ], [ 6.7306603, 5.6647505 ], [ 6.7310292, 5.6646018 ], [ 6.7312768, 5.6645461 ], [ 6.7316363, 5.6645042 ], [ 6.73215, 5.6645228 ], [ 6.732547, 5.6644903 ], [ 6.732986, 5.6643788 ], [ 6.733467, 5.6641789 ], [ 6.7337892, 5.6640024 ], [ 6.7340974, 5.6637421 ], [ 6.7346205, 5.6632123 ], [ 6.7352416, 5.6626547 ], [ 6.7362456, 5.6618042 ], [ 6.7368901, 5.6611583 ], [ 6.7371236, 5.6608562 ], [ 6.7373104, 5.6606982 ], [ 6.7375252, 5.6605867 ], [ 6.7378334, 5.6604705 ], [ 6.7383938, 5.6602149 ], [ 6.7388188, 5.6600243 ], [ 6.7391971, 5.6599221 ], [ 6.7396827, 5.6598617 ], [ 6.740061, 5.6598431 ], [ 6.740514, 5.6599175 ], [ 6.7407989, 5.6599407 ], [ 6.7411398, 5.6599267 ], [ 6.7414807, 5.6598384 ], [ 6.7417749, 5.6597641 ], [ 6.7419757, 5.6597316 ], [ 6.7422466, 5.6597269 ], [ 6.7426062, 5.6597502 ], [ 6.7430031, 5.6598199 ], [ 6.7434094, 5.6599221 ], [ 6.7441006, 5.6601498 ], [ 6.7446796, 5.6603775 ], [ 6.7450719, 5.6605959 ], [ 6.745623, 5.6609491 ], [ 6.7459686, 5.6611071 ], [ 6.7462394, 5.6611676 ], [ 6.7464356, 5.6611676 ], [ 6.7466551, 5.6610886 ], [ 6.7468559, 5.6609398 ] ] } },
{ "type": "Feature", "properties": { "name": null, "waterway": "stream" }, "geometry": { "type": "LineString", "coordinates": [ [ 6.7252296, 5.6874655 ], [ 6.7253143, 5.6871198 ], [ 6.7253977, 5.6869264 ], [ 6.725458, 5.6865596 ] ] } },
{ "type": "Feature", "properties": { "name": null, "waterway": "stream" }, "geometry": { "type": "LineString", "coordinates": [ [ 6.732961, 5.6926967 ], [ 6.7327796, 5.6925814 ], [ 6.7326564, 5.6925722 ], [ 6.7325177, 5.6926243 ], [ 6.732376, 5.6927133 ], [ 6.7321603, 5.6927623 ], [ 6.731501, 5.6926887 ], [ 6.7306752, 5.6923699 ], [ 6.7304411, 5.6921921 ], [ 6.7300498, 5.6916647 ], [ 6.7299481, 5.6912478 ], [ 6.7298095, 5.6909443 ], [ 6.7296057, 5.6903143 ], [ 6.7294187, 5.6901606 ], [ 6.7291992, 5.6900716 ], [ 6.7291057, 5.6899543 ], [ 6.7290122, 5.6896549 ], [ 6.7289065, 5.6890076 ], [ 6.7284268, 5.6880812 ], [ 6.7279213, 5.6875528 ], [ 6.7272701, 5.6873414 ], [ 6.7261092, 5.6871477 ], [ 6.7257164, 5.6869435 ], [ 6.725458, 5.6865596 ], [ 6.7254049, 5.6859398 ], [ 6.7255784, 5.6854679 ], [ 6.7258403, 5.6849995 ], [ 6.7260616, 5.6845624 ], [ 6.7261063, 5.6843399 ], [ 6.7257729, 5.6833609 ], [ 6.7254274, 5.682301 ], [ 6.7252403, 5.6819733 ], [ 6.7249151, 5.6818843 ], [ 6.7244476, 5.6818681 ], [ 6.7242728, 5.68186 ], [ 6.7241305, 5.6817872 ], [ 6.7240228, 5.6817109 ] ] } },
{ "type": "Feature", "properties": { "name": null, "waterway": "stream" }, "geometry": { "type": "LineString", "coordinates": [ [ 6.7885483, 5.6625924 ], [ 6.7886544, 5.6625184 ] ] } },
{ "type": "Feature", "properties": { "name": "Njaba River", "waterway": "river" }, "geometry": { "type": "LineString", "coordinates": [ [ 7.0324704, 5.7294268 ], [ 7.0323551, 5.7292693 ], [ 7.0321593, 5.7291199 ], [ 7.0320359, 5.7289384 ], [ 7.0318079, 5.7287542 ], [ 7.0307296, 5.7286448 ], [ 7.0305848, 5.7286875 ], [ 7.030338, 5.7286448 ], [ 7.0299089, 5.7284447 ], [ 7.0292705, 5.7277401 ], [ 7.0284444, 5.7274198 ], [ 7.0277148, 5.7257331 ], [ 7.0267278, 5.7257225 ], [ 7.0249736, 5.7236941 ], [ 7.0228225, 5.7208278 ], [ 7.0220983, 5.7206143 ], [ 7.0214546, 5.7201553 ], [ 7.0208591, 5.7187995 ], [ 7.0202583, 5.7179348 ], [ 7.0193464, 5.7176278 ], [ 7.0192203, 5.7177293 ], [ 7.0192283, 5.7179134 ], [ 7.0190728, 5.7181056 ], [ 7.0188662, 5.7181056 ], [ 7.0187268, 5.7175398 ], [ 7.0181984, 5.7168512 ], [ 7.0180884, 5.7166003 ], [ 7.0179221, 5.7164669 ], [ 7.0177853, 5.7162027 ], [ 7.0174661, 5.7158637 ], [ 7.0172998, 5.715789 ], [ 7.0172381, 5.7157436 ], [ 7.0172033, 5.7156422 ], [ 7.017214, 5.7155621 ], [ 7.0172623, 5.7154874 ], [ 7.0172569, 5.7151138 ], [ 7.0169699, 5.714636 ], [ 7.0163637, 5.7142784 ], [ 7.0161116, 5.7137553 ], [ 7.0157736, 5.713403 ], [ 7.0158166, 5.7131041 ], [ 7.0158219, 5.7125703 ], [ 7.01572, 5.7122821 ], [ 7.0154357, 5.7120953 ], [ 7.0152318, 5.7119084 ], [ 7.0151192, 5.7113533 ], [ 7.0151299, 5.7107448 ], [ 7.0152962, 5.710131 ], [ 7.0143628, 5.7095331 ], [ 7.0143628, 5.7087858 ], [ 7.0138907, 5.7084442 ], [ 7.0134401, 5.7089566 ], [ 7.0130539, 5.7087752 ], [ 7.0127106, 5.70822 ], [ 7.0121956, 5.7077503 ], [ 7.0112729, 5.7059354 ], [ 7.0112085, 5.7047184 ], [ 7.0110905, 5.7037789 ], [ 7.0109457, 5.7035854 ], [ 7.010825, 5.7031704 ], [ 7.0108116, 5.7028341 ], [ 7.0109081, 5.7022683 ], [ 7.0110898, 5.7019854 ], [ 7.011116, 5.7018933 ], [ 7.0111006, 5.7018793 ], [ 7.0110691, 5.701864 ], [ 7.0109805, 5.7018126 ], [ 7.0109443, 5.7017786 ], [ 7.010939, 5.7017225 ], [ 7.0109242, 5.7016678 ], [ 7.0109048, 5.7015497 ], [ 7.0108719, 5.7014309 ], [ 7.0108471, 5.7013756 ], [ 7.0108042, 5.7013168 ], [ 7.0107653, 5.7012581 ], [ 7.0107425, 5.7011961 ], [ 7.0107277, 5.7011167 ], [ 7.0106614, 5.7009605 ], [ 7.0105212, 5.7008171 ], [ 7.0102429, 5.7006509 ], [ 7.0102074, 5.7004728 ], [ 7.0102751, 5.700302 ], [ 7.0102322, 5.7000704 ], [ 7.0103221, 5.6999223 ], [ 7.0104709, 5.6997622 ], [ 7.0106184, 5.6995353 ], [ 7.0106935, 5.6993165 ], [ 7.0107445, 5.6990309 ], [ 7.0106968, 5.698984 ], [ 7.0105219, 5.698812 ], [ 7.0103422, 5.6985612 ], [ 7.0101652, 5.6980487 ], [ 7.0102912, 5.6978512 ], [ 7.0103636, 5.697603 ], [ 7.0102134, 5.6975256 ], [ 7.0101491, 5.6974162 ], [ 7.0100042, 5.6967596 ], [ 7.0096663, 5.6961804 ], [ 7.0095322, 5.6958228 ], [ 7.0095563, 5.6955372 ], [ 7.0093927, 5.6954064 ], [ 7.009449, 5.6951289 ], [ 7.0094383, 5.6946885 ], [ 7.0094007, 5.6942454 ], [ 7.0092693, 5.6938024 ], [ 7.0091996, 5.6932419 ], [ 7.0088267, 5.6930711 ], [ 7.0090359, 5.6926467 ], [ 7.0089823, 5.6923425 ], [ 7.0088857, 5.6919901 ], [ 7.0088549, 5.6917286 ], [ 7.0086899, 5.6915658 ], [ 7.0083654, 5.6911708 ], [ 7.0082031, 5.6908198 ], [ 7.0081025, 5.6904782 ], [ 7.0076573, 5.6899751 ], [ 7.0074052, 5.6894626 ], [ 7.0073488, 5.6893438 ], [ 7.0072711, 5.6892678 ], [ 7.0071785, 5.6892358 ], [ 7.0070833, 5.6892651 ], [ 7.0070109, 5.6893025 ], [ 7.0068942, 5.6892051 ], [ 7.006752, 5.6891637 ], [ 7.006622, 5.6890623 ], [ 7.0064033, 5.6890182 ], [ 7.0061794, 5.6891076 ], [ 7.006056, 5.6891076 ], [ 7.0059755, 5.6890116 ], [ 7.0059863, 5.6888781 ], [ 7.0059621, 5.6886459 ], [ 7.0058039, 5.6882642 ], [ 7.0058066, 5.6877598 ], [ 7.0056269, 5.6876984 ], [ 7.0054015, 5.6878505 ], [ 7.0053399, 5.6877758 ], [ 7.0053613, 5.6874475 ], [ 7.0052138, 5.6873007 ], [ 7.0050958, 5.6870685 ], [ 7.0036527, 5.6867162 ], [ 7.0033336, 5.6866041 ], [ 7.0030761, 5.6863452 ], [ 7.0028776, 5.6860356 ], [ 7.0027462, 5.6856032 ], [ 7.0025879, 5.6854084 ], [ 7.0022473, 5.6853203 ], [ 7.0019361, 5.6854591 ], [ 7.0019174, 5.6858435 ], [ 7.0015445, 5.6860516 ], [ 7.0011556, 5.6859475 ], [ 7.0009759, 5.68571 ], [ 7.0008311, 5.6855872 ], [ 7.0005897, 5.6855152 ], [ 7.000367, 5.6853283 ], [ 6.999321, 5.6852669 ], [ 6.9982776, 5.685 ], [ 6.9976998, 5.6844969 ], [ 6.9956624, 5.6843488 ], [ 6.9943187, 5.6839751 ], [ 6.9934684, 5.6834974 ], [ 6.9926101, 5.6832305 ], [ 6.9921756, 5.6833426 ], [ 6.9920066, 5.6834894 ], [ 6.9918501, 5.683553 ], [ 6.9914487, 5.6835401 ], [ 6.9910222, 5.683404 ], [ 6.9905555, 5.6829556 ], [ 6.9903731, 5.6828448 ], [ 6.9898112, 5.6826753 ], [ 6.9896892, 5.6827754 ], [ 6.9896798, 5.6830156 ], [ 6.9894934, 5.6830623 ], [ 6.9891363, 5.6829921 ], [ 6.9890374, 5.6828768 ], [ 6.9888858, 5.6827621 ], [ 6.988631, 5.6826807 ], [ 6.9885412, 5.6827234 ], [ 6.9884701, 5.6829342 ], [ 6.9882891, 5.6830904 ], [ 6.9880436, 5.6831104 ], [ 6.9879149, 5.6829502 ], [ 6.987648, 5.6828982 ], [ 6.9874039, 5.6830009 ], [ 6.987184, 5.6831584 ], [ 6.9869855, 5.6831904 ], [ 6.9869694, 5.6826139 ], [ 6.986787, 5.6824378 ], [ 6.986614, 5.6824912 ], [ 6.9864719, 5.6827594 ], [ 6.9862479, 5.6829729 ], [ 6.9860749, 5.6830263 ], [ 6.985918, 5.6829422 ], [ 6.9858724, 5.6828154 ], [ 6.9858523, 5.6826233 ], [ 6.985745, 5.6825872 ], [ 6.9856592, 5.6826206 ], [ 6.9855452, 5.6826273 ], [ 6.985517, 5.6825272 ], [ 6.9856015, 5.6824204 ], [ 6.985658, 5.6823392 ], [ 6.9856209, 5.6821612 ], [ 6.9855127, 5.6819728 ], [ 6.9853578, 5.6816473 ], [ 6.9853209, 5.6815714 ], [ 6.9852077, 5.6815005 ], [ 6.9851463, 5.681591 ], [ 6.9850577, 5.6817599 ], [ 6.984934, 5.6817511 ], [ 6.9848714, 5.6816022 ], [ 6.9848018, 5.6815469 ], [ 6.9846871, 5.6816334 ], [ 6.9845966, 5.6818237 ], [ 6.9843845, 5.6818964 ], [ 6.9841648, 5.6818071 ], [ 6.9840025, 5.6815869 ], [ 6.9837517, 5.681352 ], [ 6.9834861, 5.6814205 ], [ 6.9831959, 5.6816505 ], [ 6.9831959, 5.6816995 ], [ 6.9830237, 5.6817092 ], [ 6.9828172, 5.6816114 ], [ 6.982709, 5.681768 ], [ 6.9826647, 5.6819491 ], [ 6.982104, 5.6819589 ], [ 6.9818531, 5.6817973 ], [ 6.9815138, 5.6815526 ], [ 6.9811842, 5.6812002 ], [ 6.980949, 5.6808386 ], [ 6.9807509, 5.6806457 ], [ 6.9804643, 5.6805282 ], [ 6.9802704, 5.6804401 ], [ 6.980165, 5.6802221 ], [ 6.9800807, 5.679983 ], [ 6.9800555, 5.6796852 ], [ 6.9800049, 5.6795678 ], [ 6.9798869, 5.67953 ], [ 6.9797393, 5.6794713 ], [ 6.979537, 5.6791819 ], [ 6.9792757, 5.6790603 ], [ 6.9790903, 5.6789429 ], [ 6.9790439, 5.678838 ], [ 6.9789596, 5.6785444 ], [ 6.9788121, 5.6784522 ], [ 6.9786435, 5.6783305 ], [ 6.9784749, 5.6779824 ], [ 6.9783358, 5.6777979 ], [ 6.9779734, 5.6776679 ], [ 6.977632, 5.6774624 ], [ 6.9774465, 5.6772023 ], [ 6.9773117, 5.6771352 ], [ 6.9772231, 5.67698 ], [ 6.9770883, 5.6767787 ], [ 6.9769998, 5.67659 ], [ 6.9770503, 5.6764893 ], [ 6.9771431, 5.6764768 ], [ 6.9771515, 5.6762964 ], [ 6.9770756, 5.6761664 ], [ 6.9768986, 5.6761328 ], [ 6.9767848, 5.6761035 ], [ 6.9767047, 5.6759819 ], [ 6.9766837, 5.6755079 ], [ 6.9767216, 5.6753108 ], [ 6.9766162, 5.6752563 ], [ 6.976494, 5.6753402 ], [ 6.9763971, 5.6753276 ], [ 6.976258, 5.6752059 ], [ 6.9761189, 5.6751808 ], [ 6.9760472, 5.6752856 ], [ 6.9760135, 5.6754953 ], [ 6.9759419, 5.675575 ], [ 6.9758618, 5.6755541 ], [ 6.9758028, 5.6753066 ], [ 6.9756426, 5.6751388 ], [ 6.9754066, 5.6750759 ], [ 6.9751242, 5.6750969 ], [ 6.9748081, 5.6748746 ], [ 6.9746817, 5.6746607 ], [ 6.9744878, 5.6744468 ], [ 6.974197, 5.6743336 ], [ 6.9741084, 5.6741952 ], [ 6.9741084, 5.6741029 ], [ 6.9742096, 5.6739267 ], [ 6.9742307, 5.6738093 ], [ 6.9741, 5.6736332 ], [ 6.9741717, 5.6735157 ], [ 6.9741506, 5.6733773 ], [ 6.9740452, 5.6732473 ], [ 6.9739356, 5.6732389 ], [ 6.9736954, 5.6731718 ], [ 6.9735057, 5.6729621 ], [ 6.9733329, 5.672744 ], [ 6.9730168, 5.6725637 ], [ 6.9728862, 5.6723749 ], [ 6.9728609, 5.6721988 ], [ 6.9726881, 5.6720394 ], [ 6.9724141, 5.6718507 ], [ 6.9723003, 5.6715697 ], [ 6.9722708, 5.671297 ], [ 6.972372, 5.671016 ], [ 6.9725279, 5.6707057 ], [ 6.9725448, 5.670584 ], [ 6.9724816, 5.6704918 ], [ 6.9724015, 5.6702779 ], [ 6.9722371, 5.6701227 ], [ 6.9721781, 5.6699969 ], [ 6.9722582, 5.6698459 ], [ 6.9722076, 5.6697746 ], [ 6.9720348, 5.6697662 ], [ 6.9719379, 5.6696613 ], [ 6.9719674, 5.66946 ], [ 6.9719547, 5.669309 ], [ 6.9717988, 5.6692671 ], [ 6.9717103, 5.66933 ], [ 6.9716934, 5.6694474 ], [ 6.9716091, 5.6696068 ], [ 6.9714489, 5.6696697 ], [ 6.9713099, 5.6696488 ], [ 6.9711455, 5.6693971 ], [ 6.9708504, 5.6690825 ], [ 6.9707999, 5.6689106 ], [ 6.9708462, 5.6687051 ], [ 6.9708547, 5.6686128 ], [ 6.9707114, 5.6685331 ], [ 6.9705554, 5.6684786 ], [ 6.9704543, 5.6683863 ], [ 6.97045, 5.6681095 ], [ 6.9704121, 5.6679543 ], [ 6.9703194, 5.6678662 ], [ 6.9701466, 5.6678704 ], [ 6.969822, 5.6677824 ], [ 6.9695734, 5.6676943 ], [ 6.9692446, 5.6676985 ], [ 6.9690423, 5.6676104 ], [ 6.9687389, 5.6675852 ], [ 6.9686967, 5.6675265 ], [ 6.9687684, 5.6673965 ], [ 6.9686925, 5.6671868 ], [ 6.9686503, 5.6669981 ], [ 6.9687473, 5.6668932 ], [ 6.9689117, 5.6668848 ], [ 6.968937, 5.6667884 ], [ 6.9688822, 5.6666919 ], [ 6.9685661, 5.6665954 ], [ 6.9684143, 5.6664402 ], [ 6.9684312, 5.6662976 ], [ 6.9681404, 5.6656979 ], [ 6.9679844, 5.6655804 ], [ 6.967702, 5.6655595 ], [ 6.9675629, 5.665463 ], [ 6.9674449, 5.6651946 ], [ 6.9673143, 5.665052 ], [ 6.9670403, 5.6649387 ], [ 6.966956, 5.6648213 ], [ 6.9669729, 5.6646661 ], [ 6.9671162, 5.6645529 ], [ 6.9672679, 5.664318 ], [ 6.9673733, 5.6641125 ], [ 6.9673606, 5.6639992 ], [ 6.9672384, 5.663907 ], [ 6.9671035, 5.6636847 ], [ 6.9669645, 5.6635463 ], [ 6.9667284, 5.663475 ], [ 6.9664882, 5.6633617 ], [ 6.9661889, 5.6633659 ], [ 6.9660288, 5.6633198 ], [ 6.965974, 5.6631856 ], [ 6.9658644, 5.6631101 ], [ 6.965759, 5.6631394 ], [ 6.9656284, 5.6633156 ], [ 6.9654514, 5.6633827 ], [ 6.9653081, 5.6633449 ], [ 6.9651395, 5.6631352 ], [ 6.9650552, 5.6628794 ], [ 6.964895, 5.6626865 ], [ 6.9648697, 5.6625187 ], [ 6.9650046, 5.6623132 ], [ 6.9650088, 5.6621454 ], [ 6.9649245, 5.6620322 ], [ 6.9647601, 5.6620615 ], [ 6.9645873, 5.6620825 ], [ 6.9644778, 5.6619525 ], [ 6.9643597, 5.6616463 ], [ 6.964208, 5.6614869 ], [ 6.9640816, 5.6611514 ], [ 6.9639256, 5.6610675 ], [ 6.9638076, 5.6611304 ], [ 6.9637697, 5.6613821 ], [ 6.9637486, 5.6616379 ], [ 6.9636812, 5.6617008 ], [ 6.9636053, 5.6616044 ], [ 6.9634746, 5.661554 ], [ 6.9631417, 5.6615456 ], [ 6.9629225, 5.6613947 ], [ 6.9627497, 5.6611849 ], [ 6.9627919, 5.6609459 ], [ 6.9627708, 5.6608242 ], [ 6.9626486, 5.6607781 ], [ 6.9624378, 5.6608284 ], [ 6.9621934, 5.6607949 ], [ 6.9620543, 5.6606858 ], [ 6.9620627, 5.660539 ], [ 6.9620248, 5.6602412 ], [ 6.9620669, 5.6600483 ], [ 6.9621596, 5.6598596 ], [ 6.962147, 5.6596834 ], [ 6.9620753, 5.6595744 ], [ 6.9618309, 5.6595366 ], [ 6.9617508, 5.6594611 ], [ 6.9618182, 5.6593227 ], [ 6.9618098, 5.6591843 ], [ 6.9617087, 5.6590753 ], [ 6.9614347, 5.6590249 ], [ 6.961186, 5.6588781 ], [ 6.961009, 5.6587523 ], [ 6.9607182, 5.6586978 ], [ 6.9606128, 5.65866 ], [ 6.9605833, 5.6585426 ], [ 6.9606929, 5.6584461 ], [ 6.9606508, 5.6583748 ], [ 6.9604906, 5.6583455 ], [ 6.9603347, 5.6582658 ], [ 6.9602461, 5.6580896 ], [ 6.960263, 5.6578757 ], [ 6.9601408, 5.6577331 ], [ 6.9600228, 5.6577289 ], [ 6.9599258, 5.6578883 ], [ 6.9598205, 5.6579973 ], [ 6.9596687, 5.6580267 ], [ 6.9595381, 5.6579848 ], [ 6.9594496, 5.6578086 ], [ 6.9593442, 5.6577499 ], [ 6.9591292, 5.6578128 ], [ 6.9588426, 5.6578338 ], [ 6.958653, 5.6577751 ], [ 6.9584549, 5.6575024 ], [ 6.9583369, 5.6573389 ], [ 6.9582357, 5.6572969 ], [ 6.9580418, 5.6573514 ], [ 6.957869, 5.6573431 ], [ 6.957751, 5.6572759 ], [ 6.9577468, 5.6570998 ], [ 6.9577342, 5.6569488 ], [ 6.9576372, 5.6568817 ], [ 6.9575361, 5.6568859 ], [ 6.9572115, 5.6569782 ], [ 6.9570556, 5.6569656 ], [ 6.9569671, 5.6568943 ], [ 6.957005, 5.6567475 ], [ 6.9569376, 5.6566888 ], [ 6.9565287, 5.6566888 ], [ 6.9562843, 5.6566384 ], [ 6.9560483, 5.6564623 ], [ 6.9559176, 5.6564035 ], [ 6.9556647, 5.6564665 ], [ 6.9554498, 5.6564707 ], [ 6.9549356, 5.6562777 ], [ 6.9547501, 5.6562232 ], [ 6.9546405, 5.6561351 ], [ 6.9545773, 5.6558205 ], [ 6.954493, 5.6557157 ], [ 6.9543286, 5.6556821 ], [ 6.9540884, 5.6557702 ], [ 6.9535278, 5.6558793 ], [ 6.9533635, 5.6558667 ], [ 6.9529673, 5.655506 ], [ 6.9528155, 5.6553005 ], [ 6.9528155, 5.6551495 ], [ 6.9528282, 5.6550111 ], [ 6.9527523, 5.6549146 ], [ 6.95255, 5.6548433 ], [ 6.9523899, 5.6546923 ], [ 6.9523098, 5.6543316 ], [ 6.9521918, 5.654038 ], [ 6.95204, 5.6538283 ], [ 6.9518883, 5.6538031 ], [ 6.9516944, 5.6537905 ], [ 6.9515848, 5.653715 ], [ 6.9513235, 5.6531782 ], [ 6.9512266, 5.6531027 ], [ 6.9510538, 5.6530943 ], [ 6.9507672, 5.6529559 ], [ 6.9505733, 5.6527629 ], [ 6.9504089, 5.6526203 ], [ 6.9501603, 5.6525365 ], [ 6.9500338, 5.65231 ], [ 6.9499664, 5.6521674 ], [ 6.9497599, 5.6520835 ], [ 6.9495238, 5.6519325 ], [ 6.9494016, 5.6517354 ], [ 6.9494016, 5.6513663 ], [ 6.9493847, 5.6511565 ], [ 6.9492794, 5.651102 ], [ 6.9491276, 5.6511188 ], [ 6.948938, 5.6510978 ], [ 6.9488958, 5.651008 ], [ 6.9489316, 5.6506758 ], [ 6.9488362, 5.6505631 ], [ 6.9485859, 5.6505098 ], [ 6.9484667, 5.6503852 ], [ 6.948425, 5.6500115 ], [ 6.9483534, 5.6498691 ], [ 6.9480971, 5.6497861 ], [ 6.9478825, 5.649792 ], [ 6.9477395, 5.6499344 ], [ 6.9476024, 5.6500412 ], [ 6.9472626, 5.6500234 ], [ 6.9470183, 5.6500412 ], [ 6.9467798, 5.6502428 ], [ 6.9465235, 5.6503081 ], [ 6.9463209, 5.6502191 ], [ 6.9461361, 5.6501895 ], [ 6.9459215, 5.6503615 ], [ 6.9455788, 5.6503051 ], [ 6.9450483, 5.6499433 ], [ 6.9448307, 5.6498247 ], [ 6.9445715, 5.6497475 ], [ 6.9443867, 5.6497861 ], [ 6.9441155, 5.6499107 ], [ 6.9439158, 5.6500738 ], [ 6.9437102, 5.6501984 ], [ 6.9435433, 5.6501865 ], [ 6.9433734, 5.6500471 ], [ 6.943123, 5.6500115 ], [ 6.9427863, 5.6499878 ], [ 6.9422558, 5.6498365 ], [ 6.9418922, 5.6498514 ], [ 6.9417015, 5.6497861 ], [ 6.9414839, 5.649712 ], [ 6.9413498, 5.6497475 ], [ 6.9412425, 5.6498751 ], [ 6.9411859, 5.6499818 ], [ 6.9410339, 5.6499937 ], [ 6.9408938, 5.6500619 ], [ 6.9407567, 5.6502725 ], [ 6.9406792, 5.6503407 ], [ 6.9404795, 5.6503259 ], [ 6.9401994, 5.6504 ], [ 6.940104, 5.6505216 ], [ 6.9399878, 5.6505958 ], [ 6.9397673, 5.6505987 ], [ 6.9396123, 5.650658 ], [ 6.939502, 5.6506877 ], [ 6.9393709, 5.6506106 ], [ 6.9390877, 5.6503051 ], [ 6.9390043, 5.6502903 ], [ 6.9388553, 5.6504326 ], [ 6.9386735, 5.6505424 ], [ 6.9385275, 5.6505157 ], [ 6.9383784, 5.6503051 ], [ 6.9382294, 5.650228 ], [ 6.9380476, 5.6502547 ], [ 6.9378241, 5.6503704 ], [ 6.9375827, 5.6504297 ], [ 6.9374128, 5.6503466 ], [ 6.9372042, 5.6503585 ], [ 6.937088, 5.6503496 ], [ 6.9370284, 5.6502369 ], [ 6.9370343, 5.6501094 ], [ 6.9369509, 5.6499967 ], [ 6.9368019, 5.6499492 ], [ 6.9365188, 5.6500085 ], [ 6.9363906, 5.6499611 ], [ 6.936182, 5.6496734 ], [ 6.9360091, 5.6496408 ], [ 6.9358661, 5.649706 ], [ 6.93572, 5.6497179 ], [ 6.9356783, 5.6496586 ], [ 6.9356962, 5.6494361 ], [ 6.9356902, 5.6493323 ], [ 6.9355829, 5.6492196 ], [ 6.9353445, 5.6491633 ], [ 6.9349988, 5.6491099 ], [ 6.9348468, 5.6491277 ], [ 6.9347127, 5.6492315 ], [ 6.9344147, 5.6494302 ], [ 6.9343521, 5.6496022 ], [ 6.934373, 5.6497772 ], [ 6.9343282, 5.649878 ], [ 6.9341733, 5.6499492 ], [ 6.934063, 5.6500382 ], [ 6.9339974, 5.6501806 ], [ 6.933914, 5.6502844 ], [ 6.9337918, 5.650317 ], [ 6.9334938, 5.6501865 ], [ 6.9332822, 5.6501687 ], [ 6.9331749, 5.6500975 ], [ 6.9330438, 5.6499047 ], [ 6.9329424, 5.6498514 ], [ 6.9327427, 5.6498484 ], [ 6.9323881, 5.649878 ], [ 6.9321854, 5.6499255 ], [ 6.9320334, 5.6499789 ], [ 6.931804, 5.6499641 ], [ 6.93164, 5.650053 ], [ 6.931497, 5.6503318 ], [ 6.931339, 5.6504593 ], [ 6.9311602, 5.6505394 ], [ 6.9309725, 5.6505305 ], [ 6.9307936, 5.6504504 ], [ 6.9306446, 5.6502606 ], [ 6.9304569, 5.6501895 ], [ 6.9302959, 5.6501005 ], [ 6.9301201, 5.6498721 ], [ 6.9300009, 5.6497179 ], [ 6.9299145, 5.6496882 ], [ 6.929837, 5.6497535 ], [ 6.9297803, 5.6498958 ], [ 6.9297029, 5.6499848 ], [ 6.9296433, 5.6499996 ], [ 6.9295956, 5.64997 ], [ 6.9295658, 5.6497446 ], [ 6.9295181, 5.649534 ], [ 6.9294227, 5.6494361 ], [ 6.9292618, 5.6494035 ], [ 6.9291545, 5.6493056 ], [ 6.9291068, 5.6491129 ], [ 6.9290293, 5.6490328 ], [ 6.928922, 5.6490387 ], [ 6.9287581, 5.6491485 ], [ 6.9285882, 5.6491425 ], [ 6.928478, 5.6490625 ], [ 6.9284333, 5.6488904 ], [ 6.928329, 5.6487718 ], [ 6.9281501, 5.6487332 ], [ 6.9278402, 5.648837 ], [ 6.9275273, 5.6490951 ], [ 6.9273902, 5.6491663 ], [ 6.9272471, 5.6491247 ], [ 6.9270862, 5.6490476 ], [ 6.9269103, 5.6490417 ], [ 6.9266838, 5.6488548 ], [ 6.9263858, 5.6486769 ], [ 6.9260908, 5.6485672 ], [ 6.9259567, 5.6484515 ], [ 6.9258166, 5.6482291 ], [ 6.9255871, 5.6480748 ], [ 6.9252772, 5.6479948 ], [ 6.9250447, 5.6479888 ], [ 6.9247914, 5.6480719 ], [ 6.9246781, 5.6480392 ], [ 6.924547, 5.6477872 ], [ 6.9244159, 5.6476122 ], [ 6.9241834, 5.6475202 ], [ 6.9240135, 5.6474105 ], [ 6.9238615, 5.6470427 ], [ 6.923784, 5.6469241 ], [ 6.923489, 5.6468233 ], [ 6.923334, 5.6467669 ], [ 6.9232059, 5.6466157 ], [ 6.9231194, 5.6464347 ], [ 6.9229794, 5.6463725 ], [ 6.922726, 5.646414 ], [ 6.9225681, 5.6463606 ], [ 6.9224191, 5.6461915 ], [ 6.9222581, 5.6461767 ], [ 6.9221657, 5.6462182 ], [ 6.9219422, 5.6465089 ], [ 6.9217634, 5.6465593 ], [ 6.9215727, 5.6465801 ], [ 6.921367, 5.6465474 ], [ 6.9210899, 5.6464021 ], [ 6.9208187, 5.6463072 ], [ 6.9203627, 5.6461411 ], [ 6.9200974, 5.6460136 ], [ 6.9199693, 5.6457615 ], [ 6.9198739, 5.6455213 ], [ 6.9198888, 5.6453404 ], [ 6.9199574, 5.6452069 ], [ 6.9199097, 5.6450349 ], [ 6.9198024, 5.64494 ], [ 6.9194388, 5.6448807 ], [ 6.9193315, 5.6447472 ], [ 6.919105, 5.6441362 ], [ 6.9189053, 5.643632 ], [ 6.9187831, 5.643463 ], [ 6.9186639, 5.6434215 ], [ 6.9184017, 5.6434452 ], [ 6.9182497, 5.643377 ], [ 6.9181513, 5.6431783 ], [ 6.91805, 5.6430537 ], [ 6.9178741, 5.643024 ], [ 6.9177043, 5.6430656 ], [ 6.9174569, 5.6433295 ], [ 6.9172572, 5.6434037 ], [ 6.9167774, 5.6434274 ], [ 6.9166463, 5.643377 ], [ 6.9165569, 5.6432435 ], [ 6.9164406, 5.6431694 ], [ 6.9163214, 5.643202 ], [ 6.9162797, 5.6433177 ], [ 6.9163661, 5.6438574 ], [ 6.9163274, 5.6442222 ], [ 6.916229, 5.6444358 ], [ 6.9160174, 5.6445722 ], [ 6.9154065, 5.6446938 ], [ 6.9152068, 5.6448451 ], [ 6.9151859, 5.6450438 ], [ 6.9152575, 5.6452929 ], [ 6.9152157, 5.6454115 ], [ 6.9149118, 5.6454857 ], [ 6.9146972, 5.6455658 ], [ 6.9145988, 5.6457318 ], [ 6.9146048, 5.6460937 ], [ 6.9145422, 5.6461649 ], [ 6.9140028, 5.6462123 ], [ 6.9138001, 5.6463398 ], [ 6.9135766, 5.6466246 ], [ 6.913365, 5.6468144 ], [ 6.9131415, 5.6469538 ], [ 6.912912, 5.6470813 ], [ 6.9128643, 5.6472177 ], [ 6.9129358, 5.6474965 ], [ 6.9128434, 5.6476389 ], [ 6.9125395, 5.6476893 ], [ 6.9122355, 5.6478791 ], [ 6.9120328, 5.6479236 ], [ 6.9118301, 5.6478643 ], [ 6.9116573, 5.6476685 ], [ 6.9113503, 5.6475795 ], [ 6.9110314, 5.6476715 ], [ 6.9109122, 5.6478494 ], [ 6.9107394, 5.6478732 ], [ 6.9106142, 5.647713 ], [ 6.9101463, 5.6475855 ], [ 6.909881, 5.6476122 ], [ 6.9097261, 5.6474876 ], [ 6.9096009, 5.647363 ], [ 6.9093833, 5.6473749 ], [ 6.9090525, 5.6474609 ], [ 6.9087575, 5.6477575 ], [ 6.9084624, 5.6480659 ], [ 6.9083671, 5.6484218 ], [ 6.9083313, 5.648665 ], [ 6.9083313, 5.6488756 ], [ 6.9082077, 5.6489776 ], [ 6.9080706, 5.6489895 ], [ 6.9077815, 5.6490992 ], [ 6.9075759, 5.6493424 ], [ 6.9073315, 5.6495115 ], [ 6.9071169, 5.6495441 ], [ 6.9068338, 5.6495115 ], [ 6.9066967, 5.6496093 ], [ 6.9065745, 5.6498703 ], [ 6.9064881, 5.6499356 ], [ 6.9064582, 5.6500483 ], [ 6.9065149, 5.6501906 ], [ 6.9065387, 5.6502826 ], [ 6.9065179, 5.6503745 ], [ 6.906348, 5.6504783 ], [ 6.9062258, 5.6506147 ], [ 6.9061662, 5.6508164 ], [ 6.9060917, 5.6509973 ], [ 6.9060082, 5.6510982 ], [ 6.9058771, 5.6511071 ], [ 6.9057162, 5.651027 ], [ 6.9056268, 5.6510566 ], [ 6.9055463, 5.6511575 ], [ 6.9055344, 5.6513087 ], [ 6.905433, 5.6514511 ], [ 6.9052989, 5.6515223 ], [ 6.9051976, 5.6515994 ], [ 6.9050992, 5.6517358 ], [ 6.9050069, 5.6518307 ], [ 6.9048757, 5.6518633 ], [ 6.9046671, 5.6518307 ], [ 6.9045449, 5.6518811 ], [ 6.9044883, 5.6520917 ], [ 6.904384, 5.652157 ], [ 6.9042439, 5.6521362 ], [ 6.9040859, 5.6520235 ], [ 6.9039846, 5.6519671 ], [ 6.9039042, 5.6520027 ], [ 6.9038773, 5.652068 ], [ 6.9038892, 5.6521836 ], [ 6.9039846, 5.6523527 ], [ 6.9041187, 5.6525425 ], [ 6.9041187, 5.6526641 ], [ 6.9039816, 5.6530052 ], [ 6.9038952, 5.6530674 ], [ 6.903773, 5.6530022 ], [ 6.9034303, 5.6527264 ], [ 6.9032455, 5.6526463 ], [ 6.9031829, 5.6527027 ], [ 6.9031889, 5.6528717 ], [ 6.9031442, 5.6530467 ], [ 6.9031203, 5.6531624 ], [ 6.903165, 5.6532721 ], [ 6.9032753, 5.6533314 ], [ 6.9035584, 5.6533017 ], [ 6.9036836, 5.6533077 ], [ 6.9037641, 5.6533907 ], [ 6.9038505, 5.6535212 ], [ 6.9039071, 5.6537288 ], [ 6.9038267, 5.6538771 ], [ 6.9036985, 5.6539068 ], [ 6.9035674, 5.6538474 ], [ 6.9035406, 5.653717 ], [ 6.9034839, 5.6536161 ], [ 6.9033945, 5.6535746 ], [ 6.9033111, 5.6536725 ], [ 6.9032336, 5.6537822 ], [ 6.9030965, 5.6538119 ], [ 6.9028551, 5.6537911 ], [ 6.9026524, 5.6538297 ], [ 6.9024796, 5.6539453 ], [ 6.9023872, 5.6540462 ], [ 6.9024021, 5.6542182 ], [ 6.9025749, 5.6543872 ], [ 6.9025869, 5.6544703 ], [ 6.9025183, 5.6545859 ], [ 6.9023276, 5.654666 ], [ 6.9021517, 5.6549359 ], [ 6.9020296, 5.6550545 ], [ 6.9018805, 5.6551287 ], [ 6.9017524, 5.6550753 ], [ 6.90166, 5.6549833 ], [ 6.9014365, 5.6549744 ], [ 6.9012517, 5.6550041 ], [ 6.9010997, 5.6549893 ], [ 6.9010133, 5.6549033 ], [ 6.9009656, 5.6547757 ], [ 6.900903, 5.654666 ], [ 6.9007868, 5.6546245 ], [ 6.9007033, 5.6546571 ], [ 6.900605, 5.6548113 ], [ 6.9005096, 5.6551168 ], [ 6.9002861, 5.6554519 ], [ 6.9002086, 5.655618 ], [ 6.9002235, 5.6557485 ], [ 6.9002682, 5.6558493 ], [ 6.9003964, 5.6559413 ], [ 6.9004679, 5.6560095 ], [ 6.900456, 5.6561192 ], [ 6.9003815, 5.6562319 ], [ 6.9003397, 5.6563624 ], [ 6.9002742, 5.6564306 ], [ 6.9001669, 5.6564484 ], [ 6.9000358, 5.6564306 ], [ 6.8999165, 5.6564573 ], [ 6.8997914, 5.6565493 ], [ 6.899699, 5.6565789 ], [ 6.8995857, 5.6565522 ], [ 6.8994576, 5.6564425 ], [ 6.8993324, 5.6563624 ], [ 6.8991894, 5.6563535 ], [ 6.8990672, 5.656398 ], [ 6.8988109, 5.6566798 ], [ 6.8986171, 5.6569674 ], [ 6.8986082, 5.6570564 ], [ 6.8986767, 5.6571128 ], [ 6.8988049, 5.6571128 ], [ 6.8989152, 5.6571899 ], [ 6.8991238, 5.6575191 ], [ 6.8991894, 5.6576703 ], [ 6.8991268, 5.6577741 ], [ 6.8990403, 5.6578067 ], [ 6.8988943, 5.6577682 ], [ 6.8986738, 5.6576525 ], [ 6.8983966, 5.6576229 ], [ 6.8983012, 5.6576674 ], [ 6.8982774, 5.6577949 ], [ 6.8982685, 5.6579105 ], [ 6.8982863, 5.6579966 ], [ 6.8985218, 5.6582249 ], [ 6.898641, 5.6584562 ], [ 6.8987423, 5.6585956 ], [ 6.8988109, 5.658735 ], [ 6.8988019, 5.6588952 ], [ 6.8987095, 5.659171 ], [ 6.8987244, 5.6594943 ], [ 6.8988079, 5.6599777 ], [ 6.8988675, 5.6601645 ], [ 6.8988585, 5.6603009 ], [ 6.8988079, 5.6603781 ], [ 6.8987155, 5.660384 ], [ 6.898632, 5.6603573 ], [ 6.8985486, 5.6603899 ], [ 6.8985128, 5.6605204 ], [ 6.8984562, 5.660642 ], [ 6.898337, 5.6607517 ], [ 6.8981194, 5.6608051 ], [ 6.8980181, 5.6609 ], [ 6.8973416, 5.6612025 ], [ 6.8970048, 5.6612915 ], [ 6.8968528, 5.6614724 ], [ 6.8964475, 5.6615643 ], [ 6.8963074, 5.6616355 ], [ 6.8961107, 5.661944 ], [ 6.895926, 5.6622049 ], [ 6.8959498, 5.6623325 ], [ 6.8960034, 5.6623829 ], [ 6.8961376, 5.6623918 ], [ 6.8962359, 5.6624185 ], [ 6.8962568, 5.6625163 ], [ 6.8961405, 5.6627447 ], [ 6.8961256, 5.6629256 ], [ 6.8960869, 5.6631184 ], [ 6.8959945, 5.6632014 ], [ 6.8957084, 5.66324 ], [ 6.8954819, 5.6632163 ], [ 6.8953508, 5.6632904 ], [ 6.8951362, 5.663581 ], [ 6.8950587, 5.6637975 ], [ 6.8951034, 5.6639369 ], [ 6.8954026, 5.664453 ], [ 6.8953668, 5.6646132 ], [ 6.8952178, 5.6647081 ], [ 6.8946575, 5.6646547 ], [ 6.8944668, 5.6648445 ], [ 6.8944966, 5.6650343 ], [ 6.8946158, 5.6652241 ], [ 6.8944787, 5.6657757 ], [ 6.8944668, 5.6660782 ], [ 6.8943476, 5.66644 ], [ 6.8944072, 5.6667544 ], [ 6.8943535, 5.6669501 ], [ 6.8941687, 5.6668968 ], [ 6.8938469, 5.6670035 ], [ 6.8934594, 5.6673001 ], [ 6.8931376, 5.6674543 ], [ 6.8927919, 5.6673238 ], [ 6.8925236, 5.6672348 ], [ 6.8922614, 5.6673831 ], [ 6.892017, 5.6677212 ], [ 6.8916236, 5.6678695 ], [ 6.8914567, 5.6681424 ], [ 6.8913673, 5.6685813 ], [ 6.8913375, 5.668955 ], [ 6.8909858, 5.6692397 ], [ 6.890801, 5.6694295 ], [ 6.8908368, 5.6696371 ], [ 6.8909977, 5.6697201 ], [ 6.891105, 5.6698387 ], [ 6.8910871, 5.6700641 ], [ 6.8910275, 5.670165 ], [ 6.890807, 5.670165 ], [ 6.8905745, 5.6700048 ], [ 6.8903361, 5.6699514 ], [ 6.8901871, 5.670076 ], [ 6.8901096, 5.6702836 ], [ 6.8900917, 5.6706395 ], [ 6.8898771, 5.6708767 ], [ 6.8894659, 5.6712089 ], [ 6.8891202, 5.6714402 ], [ 6.8882976, 5.6717012 ], [ 6.8877373, 5.6719147 ], [ 6.8874154, 5.6721638 ], [ 6.8873234, 5.6724768 ], [ 6.8873055, 5.6727022 ], [ 6.8871803, 5.6728327 ], [ 6.8870134, 5.6728327 ], [ 6.8868465, 5.6727259 ], [ 6.8867512, 5.6725302 ], [ 6.8865723, 5.6724175 ], [ 6.8864114, 5.6725005 ], [ 6.8862564, 5.6729335 ], [ 6.8860776, 5.6730225 ], [ 6.885863, 5.6729691 ], [ 6.8856723, 5.6727378 ], [ 6.8855114, 5.6725124 ], [ 6.885261, 5.6724649 ], [ 6.8849093, 5.6726488 ], [ 6.8848378, 5.6728564 ], [ 6.8848974, 5.672975 ], [ 6.8852372, 5.6730877 ], [ 6.8853325, 5.6731885 ], [ 6.8853385, 5.6734258 ], [ 6.8853445, 5.6737224 ], [ 6.8851358, 5.6739537 ], [ 6.8848497, 5.6740842 ], [ 6.8846709, 5.6744756 ], [ 6.8844504, 5.6746358 ], [ 6.8842239, 5.6749324 ], [ 6.8839735, 5.6749679 ], [ 6.8835146, 5.6749086 ], [ 6.8833715, 5.6749679 ], [ 6.8832881, 5.6751222 ], [ 6.8833894, 5.6752527 ], [ 6.8836338, 5.6753476 ], [ 6.883759, 5.6755374 ], [ 6.8836636, 5.675739 ], [ 6.8834192, 5.6757983 ], [ 6.8831093, 5.675739 ], [ 6.8827814, 5.6757153 ], [ 6.8822331, 5.6757509 ], [ 6.8820662, 5.675917 ], [ 6.881947, 5.6762076 ], [ 6.8820423, 5.6765635 ], [ 6.881786, 5.676777 ], [ 6.8816608, 5.6769787 ], [ 6.8813986, 5.6772456 ], [ 6.8812257, 5.6772812 ], [ 6.8809456, 5.6773108 ], [ 6.8806774, 5.6775362 ], [ 6.8805283, 5.6777794 ], [ 6.8803495, 5.6778862 ], [ 6.880123, 5.6777675 ], [ 6.8797833, 5.6776192 ], [ 6.8794137, 5.6776548 ], [ 6.8790799, 5.6776489 ], [ 6.8787581, 5.6778743 ], [ 6.8784243, 5.6779929 ], [ 6.8779176, 5.6780878 ], [ 6.8774706, 5.6783488 ], [ 6.8770057, 5.6785445 ], [ 6.876797, 5.6787877 ], [ 6.8765884, 5.6788836 ], [ 6.8761543, 5.6789172 ], [ 6.8756022, 5.6787746 ], [ 6.87505, 5.6785229 ], [ 6.8746834, 5.6783594 ], [ 6.8744052, 5.6783426 ], [ 6.8741902, 5.6784433 ], [ 6.8740427, 5.6787536 ], [ 6.8739289, 5.6789004 ], [ 6.8737645, 5.6789465 ], [ 6.8735538, 5.6789046 ], [ 6.8734189, 5.6787452 ], [ 6.8732082, 5.6785439 ], [ 6.8729216, 5.6784307 ], [ 6.8726434, 5.6783887 ], [ 6.8723821, 5.6784684 ], [ 6.8720997, 5.6786781 ], [ 6.8718637, 5.6791814 ], [ 6.871733, 5.6793995 ], [ 6.8714801, 5.6794876 ], [ 6.8712188, 5.679496 ], [ 6.870987, 5.679303 ], [ 6.8708142, 5.6793534 ], [ 6.8706751, 5.6795463 ], [ 6.8705782, 5.679756 ], [ 6.8704602, 5.6798567 ], [ 6.8703084, 5.6798608 ], [ 6.8700598, 5.6796889 ], [ 6.8697226, 5.6795295 ], [ 6.8695034, 5.6793072 ], [ 6.8691157, 5.6791395 ], [ 6.8689344, 5.6789465 ], [ 6.8688122, 5.6786739 ], [ 6.8686647, 5.6785817 ], [ 6.8684835, 5.6785984 ], [ 6.8682812, 5.6787117 ], [ 6.8681083, 5.6786991 ], [ 6.867965, 5.6785481 ], [ 6.8677796, 5.6784642 ], [ 6.8675984, 5.6783007 ], [ 6.8673918, 5.6781664 ], [ 6.8672738, 5.6778854 ], [ 6.8671558, 5.6776883 ], [ 6.8670252, 5.6776506 ], [ 6.8669493, 5.6777512 ], [ 6.8667976, 5.6778687 ], [ 6.8667343, 5.6781035 ], [ 6.8666332, 5.6781916 ], [ 6.8663972, 5.6781329 ], [ 6.8661822, 5.6780658 ], [ 6.8659673, 5.6781832 ], [ 6.8658155, 5.678372 ], [ 6.865824, 5.6784894 ], [ 6.8658956, 5.6786026 ], [ 6.8660473, 5.6786655 ], [ 6.8661232, 5.6787788 ], [ 6.8661527, 5.6789969 ], [ 6.8660768, 5.6792066 ], [ 6.8662201, 5.6795966 ], [ 6.8662707, 5.6798315 ], [ 6.8661906, 5.6799825 ], [ 6.8660305, 5.6800789 ], [ 6.8657987, 5.6801502 ], [ 6.8656174, 5.6801377 ], [ 6.8650316, 5.6797937 ], [ 6.8646228, 5.6796176 ], [ 6.8644036, 5.6795924 ], [ 6.8642266, 5.6797015 ], [ 6.864058, 5.6801293 ], [ 6.8639231, 5.6802677 ], [ 6.8638009, 5.680297 ], [ 6.8636281, 5.6802383 ], [ 6.8632192, 5.6799405 ], [ 6.8630085, 5.6798525 ], [ 6.8627556, 5.6798525 ], [ 6.8622794, 5.6800999 ], [ 6.862018, 5.6801712 ], [ 6.8618537, 5.6801209 ], [ 6.8617399, 5.6799825 ], [ 6.8616176, 5.6798986 ], [ 6.8614786, 5.6799196 ], [ 6.8610613, 5.6802048 ], [ 6.8606482, 5.6805571 ], [ 6.8602226, 5.6807626 ], [ 6.8600666, 5.6808674 ], [ 6.8599907, 5.681031 ], [ 6.8600245, 5.6812071 ], [ 6.8603616, 5.6815594 ], [ 6.8604965, 5.6817104 ], [ 6.8604965, 5.6818488 ], [ 6.8604207, 5.6819956 ], [ 6.8603111, 5.6820418 ], [ 6.8601551, 5.6819746 ], [ 6.8598179, 5.6818279 ], [ 6.8586462, 5.6818111 ], [ 6.8583301, 5.6818698 ], [ 6.857955, 5.6821718 ], [ 6.8578244, 5.6822892 ], [ 6.8576221, 5.6822556 ], [ 6.857542, 5.6820963 ], [ 6.8575968, 5.6816853 ], [ 6.8574914, 5.6813707 ], [ 6.8573355, 5.6812239 ], [ 6.8571079, 5.6813455 ], [ 6.8568297, 5.6815217 ], [ 6.856678, 5.6817733 ], [ 6.8561975, 5.6820669 ], [ 6.8560921, 5.6822221 ], [ 6.8561174, 5.6827212 ], [ 6.856012, 5.6828764 ], [ 6.8557802, 5.6829896 ], [ 6.8555105, 5.682977 ], [ 6.8548108, 5.6827044 ], [ 6.8542503, 5.6824234 ], [ 6.8540185, 5.682457 ], [ 6.8538752, 5.6829225 ], [ 6.8537023, 5.6831867 ], [ 6.8534157, 5.6833545 ], [ 6.8529774, 5.683388 ], [ 6.8523831, 5.6832412 ], [ 6.8520249, 5.6832832 ], [ 6.8517594, 5.6835348 ], [ 6.8515908, 5.6838913 ], [ 6.8510386, 5.6843317 ], [ 6.8503769, 5.6846798 ], [ 6.8499175, 5.6850363 ], [ 6.8491125, 5.6858038 ], [ 6.8485224, 5.686781 ], [ 6.8478986, 5.687343 ], [ 6.8472664, 5.6876743 ], [ 6.8466426, 5.6878295 ], [ 6.8464403, 5.6881524 ], [ 6.8462127, 5.6883118 ], [ 6.8460947, 5.6885215 ], [ 6.8459891, 5.6893826 ], [ 6.8456266, 5.6900453 ], [ 6.8450365, 5.6905318 ], [ 6.8446741, 5.6911357 ], [ 6.8442893, 5.6913096 ], [ 6.8439883, 5.6915429 ], [ 6.8438494, 5.691806 ], [ 6.8437958, 5.6920462 ], [ 6.8432701, 5.6929537 ], [ 6.843096, 5.6934861 ], [ 6.842845, 5.693688 ], [ 6.8423104, 5.6938426 ], [ 6.8419056, 5.6940985 ], [ 6.8415203, 5.6945906 ], [ 6.8408346, 5.6951849 ], [ 6.8403695, 5.6956612 ], [ 6.8401851, 5.6958861 ], [ 6.8400131, 5.695911 ], [ 6.8398368, 5.6958041 ], [ 6.8397295, 5.6955906 ], [ 6.839633, 5.695217 ], [ 6.8395321, 5.6950162 ], [ 6.8394828, 5.694918 ], [ 6.8391438, 5.6948142 ], [ 6.838485, 5.6951849 ], [ 6.8381202, 5.6951636 ], [ 6.8378413, 5.6952383 ], [ 6.8375301, 5.6954411 ], [ 6.837219, 5.6955586 ], [ 6.8369079, 5.6955693 ], [ 6.8363285, 5.6956653 ], [ 6.8357599, 5.6959643 ], [ 6.835438, 5.6961458 ], [ 6.8351376, 5.6962205 ], [ 6.8346245, 5.6961239 ], [ 6.8342364, 5.6961671 ], [ 6.8339574, 5.6962845 ], [ 6.8334961, 5.6966582 ], [ 6.8329918, 5.6968717 ], [ 6.8325467, 5.697207 ], [ 6.8324339, 5.6975977 ], [ 6.8325949, 5.6979606 ], [ 6.832391, 5.6982702 ], [ 6.8321121, 5.6984838 ], [ 6.8315864, 5.6988147 ], [ 6.8310285, 5.6989428 ], [ 6.8302989, 5.6989962 ], [ 6.8296873, 5.6989642 ], [ 6.8293762, 5.6988627 ], [ 6.8291509, 5.69874 ], [ 6.8287432, 5.698377 ], [ 6.8284696, 5.698345 ], [ 6.8281209, 5.6983984 ], [ 6.8277132, 5.6983129 ], [ 6.8273055, 5.6980567 ], [ 6.8269086, 5.6976404 ], [ 6.8264258, 5.6974269 ], [ 6.8258035, 5.6971173 ], [ 6.8254212, 5.6970027 ], [ 6.8252819, 5.696961 ], [ 6.8250606, 5.6969972 ], [ 6.8250123, 5.6970559 ], [ 6.8249193, 5.6971663 ], [ 6.8248108, 5.6972337 ], [ 6.8245949, 5.6972247 ], [ 6.8242291, 5.6971092 ], [ 6.8239493, 5.6970085 ], [ 6.8237722, 5.6969832 ], [ 6.8233802, 5.697074 ], [ 6.8230827, 5.6971325 ], [ 6.8227672, 5.6970959 ], [ 6.8222293, 5.6968294 ], [ 6.8217028, 5.696529 ], [ 6.8214261, 5.6962952 ], [ 6.8212545, 5.6962205 ], [ 6.820761, 5.6961991 ], [ 6.8206108, 5.6963166 ], [ 6.8203645, 5.6967016 ], [ 6.8201316, 5.696843 ], [ 6.8199211, 5.6968349 ], [ 6.8192098, 5.6966245 ], [ 6.8181201, 5.6963367 ], [ 6.8178376, 5.6963175 ], [ 6.8168094, 5.6966632 ], [ 6.8161779, 5.6970059 ], [ 6.8157399, 5.6974802 ], [ 6.8153965, 5.6977471 ], [ 6.8151177, 5.6978408 ], [ 6.8147205, 5.6979296 ], [ 6.8143265, 5.6978373 ], [ 6.8139961, 5.6977389 ], [ 6.8137906, 5.6976615 ], [ 6.8135404, 5.6974696 ], [ 6.8131757, 5.6972667 ], [ 6.8128816, 5.6972224 ], [ 6.8126929, 5.6970425 ], [ 6.812371, 5.6969464 ], [ 6.812017, 5.6969464 ], [ 6.8116629, 5.6972694 ], [ 6.8109046, 5.6977525 ], [ 6.810016, 5.6981421 ], [ 6.8095493, 5.6983823 ], [ 6.8090558, 5.6984944 ], [ 6.8085301, 5.6987346 ], [ 6.8083316, 5.6989909 ], [ 6.8082243, 5.6993538 ], [ 6.8082029, 5.6996901 ], [ 6.8082297, 5.6999463 ], [ 6.8082297, 5.7002506 ], [ 6.8074474, 5.7013436 ], [ 6.8051085, 5.7027741 ], [ 6.79893, 5.7053729 ], [ 6.7949415, 5.7070506 ], [ 6.7871033, 5.7090732 ], [ 6.7829647, 5.7095041 ], [ 6.7803495, 5.7085376 ], [ 6.7781283, 5.7069517 ], [ 6.7765095, 5.7058737 ], [ 6.7762001, 5.7055405 ], [ 6.7759695, 5.7051134 ], [ 6.7759372, 5.7045689 ], [ 6.7761988, 5.7038664 ], [ 6.7765637, 5.7035402 ] ] } },
{ "type": "Feature", "properties": { "name": null, "waterway": "stream" }, "geometry": { "type": "LineString", "coordinates": [ [ 6.7944728, 5.6957628 ], [ 6.7945211, 5.6961098 ], [ 6.7945372, 5.6963287 ], [ 6.7945157, 5.6964461 ], [ 6.794328, 5.696713 ], [ 6.7941295, 5.6968198 ], [ 6.7937969, 5.6969425 ], [ 6.7936252, 5.6970279 ], [ 6.7935984, 5.6971614 ], [ 6.7935984, 5.697519 ], [ 6.7935126, 5.6977058 ], [ 6.7935072, 5.697914 ], [ 6.7934697, 5.6980261 ], [ 6.7932122, 5.698261 ], [ 6.7930942, 5.6984265 ], [ 6.7929547, 5.6986987 ], [ 6.7928367, 5.6988108 ], [ 6.7926865, 5.6988695 ], [ 6.7925255, 5.6989656 ], [ 6.7925202, 5.6990403 ], [ 6.792547, 5.6991417 ], [ 6.792629, 5.6992457 ] ] } },
{ "type": "Feature", "properties": { "name": null, "waterway": "stream" }, "geometry": { "type": "LineString", "coordinates": [ [ 6.7876665, 5.6977616 ], [ 6.7875987, 5.6985771 ], [ 6.7877158, 5.6990308 ], [ 6.7878513, 5.6992148 ], [ 6.7880177, 5.69927 ], [ 6.7881594, 5.6992761 ], [ 6.7883012, 5.6993435 ], [ 6.7884367, 5.6994355 ], [ 6.7885415, 5.6994662 ], [ 6.7887017, 5.6994723 ], [ 6.7890714, 5.6993926 ], [ 6.7892193, 5.6993619 ], [ 6.7893118, 5.6993006 ], [ 6.7895274, 5.6991105 ], [ 6.7897678, 5.6990737 ], [ 6.7899711, 5.6991535 ], [ 6.7904579, 5.6993067 ], [ 6.790729, 5.6993067 ], [ 6.791031, 5.6992761 ], [ 6.7911974, 5.6992148 ], [ 6.7913699, 5.6990676 ], [ 6.7914931, 5.6989266 ], [ 6.7916472, 5.6987917 ], [ 6.7918752, 5.6987181 ], [ 6.7921217, 5.6986997 ], [ 6.7922449, 5.6987672 ], [ 6.7925255, 5.6989656 ] ] } },
{ "type": "Feature", "properties": { "name": null, "waterway": "stream" }, "geometry": { "type": "LineString", "coordinates": [ [ 6.792629, 5.6992457 ], [ 6.7929802, 5.6997669 ] ] } },
{ "type": "Feature", "properties": { "name": null, "waterway": "stream" }, "geometry": { "type": "LineString", "coordinates": [ [ 6.7929802, 5.6997669 ], [ 6.7931261, 5.6999874 ], [ 6.7932555, 5.7001223 ], [ 6.793428, 5.7002449 ], [ 6.7936622, 5.7004288 ], [ 6.7940504, 5.7008335 ], [ 6.7944201, 5.7010972 ], [ 6.7950055, 5.7015632 ], [ 6.7956587, 5.7019311 ], [ 6.7962564, 5.7022561 ], [ 6.7965584, 5.7023112 ], [ 6.7973779, 5.7027037 ], [ 6.7979818, 5.7032003 ], [ 6.7983947, 5.7037706 ], [ 6.7988014, 5.7048804 ], [ 6.79893, 5.7053729 ] ] } },
{ "type": "Feature", "properties": { "name": "Awbana River", "waterway": "river" }, "geometry": { "type": "LineString", "coordinates": [ [ 6.803962, 5.7164667 ], [ 6.8039569, 5.7164615 ], [ 6.8032166, 5.7149136 ], [ 6.8025099, 5.7140622 ], [ 6.8023181, 5.7139928 ], [ 6.8019935, 5.7140702 ], [ 6.8018447, 5.7140435 ], [ 6.8017213, 5.7139435 ], [ 6.8016663, 5.7137873 ], [ 6.8017709, 5.7131895 ], [ 6.8017173, 5.713008 ], [ 6.8009724, 5.7124379 ], [ 6.8005317, 5.7121006 ], [ 6.7989239, 5.7111243 ], [ 6.7970007, 5.7096663 ], [ 6.7956835, 5.7082747 ], [ 6.7949415, 5.7070506 ] ] } },
{ "type": "Feature", "properties": { "name": "Efuru River", "waterway": "river" }, "geometry": { "type": "LineString", "coordinates": [ [ 6.8040138, 5.7165523 ], [ 6.803962, 5.7164667 ] ] } },
{ "type": "Feature", "properties": { "name": "Efuru River", "waterway": "river" }, "geometry": { "type": "LineString", "coordinates": [ [ 6.8582362, 5.7232911 ], [ 6.8580822, 5.7232482 ], [ 6.8579836, 5.7231838 ], [ 6.8579096, 5.7230704 ], [ 6.857811, 5.7230091 ], [ 6.8577093, 5.7229569 ], [ 6.8576755, 5.7228895 ], [ 6.8576231, 5.722773 ], [ 6.8575615, 5.722724 ], [ 6.8574259, 5.7226534 ], [ 6.8573458, 5.7225799 ], [ 6.8572626, 5.7224603 ], [ 6.8571363, 5.7223806 ], [ 6.8569329, 5.7222948 ], [ 6.8567665, 5.7222641 ], [ 6.8566618, 5.7222396 ], [ 6.8565385, 5.7221752 ], [ 6.8563999, 5.722074 ], [ 6.8562859, 5.7220464 ], [ 6.8561072, 5.7220679 ], [ 6.8558237, 5.7221139 ], [ 6.8557005, 5.7221169 ], [ 6.8555372, 5.7220802 ], [ 6.8553986, 5.7219913 ], [ 6.8552846, 5.7218594 ], [ 6.8552137, 5.7218226 ], [ 6.8550504, 5.7218288 ], [ 6.8549641, 5.721838 ], [ 6.8548933, 5.7218165 ], [ 6.8548255, 5.7217705 ], [ 6.8547485, 5.7216969 ], [ 6.8546868, 5.7215774 ], [ 6.8545821, 5.7214394 ], [ 6.8543356, 5.7213536 ], [ 6.8541415, 5.7213229 ], [ 6.8540028, 5.7213229 ], [ 6.8537964, 5.7214026 ], [ 6.85363, 5.7214823 ], [ 6.8535037, 5.7214885 ], [ 6.8533558, 5.7214558 ], [ 6.8532819, 5.7214394 ], [ 6.8529553, 5.7212892 ], [ 6.8527827, 5.7212003 ], [ 6.8526071, 5.7211727 ], [ 6.8523021, 5.7210409 ], [ 6.8520125, 5.7208171 ], [ 6.8518369, 5.7206086 ], [ 6.8518104, 5.7205319 ], [ 6.8517722, 5.7204216 ], [ 6.8517198, 5.7203021 ], [ 6.851501, 5.7202223 ], [ 6.8512915, 5.7201334 ], [ 6.8510512, 5.7200629 ], [ 6.8509341, 5.7200445 ], [ 6.8506383, 5.7200415 ], [ 6.8503672, 5.7199648 ], [ 6.8502316, 5.7199066 ], [ 6.8501207, 5.7198422 ], [ 6.8499882, 5.7197165 ], [ 6.8498958, 5.7196061 ], [ 6.8497818, 5.7195418 ], [ 6.8496185, 5.7195326 ], [ 6.8493643, 5.7196238 ], [ 6.8491512, 5.7196324 ], [ 6.8489527, 5.7195924 ], [ 6.8488508, 5.719523 ], [ 6.8487301, 5.7193762 ], [ 6.8486202, 5.7193148 ], [ 6.848478, 5.7192721 ], [ 6.8482741, 5.7192721 ], [ 6.8480944, 5.7192695 ], [ 6.8479711, 5.7192855 ], [ 6.8477753, 5.7192988 ], [ 6.8476841, 5.7192855 ], [ 6.847609, 5.7192428 ], [ 6.8475178, 5.7191947 ], [ 6.8474185, 5.7191841 ], [ 6.8472335, 5.7191947 ], [ 6.8469518, 5.719152 ], [ 6.8468821, 5.7191547 ], [ 6.8466782, 5.71912 ], [ 6.8465468, 5.7190239 ], [ 6.8464234, 5.7189892 ], [ 6.8462196, 5.7189946 ], [ 6.8458897, 5.719136 ], [ 6.8455544, 5.7192027 ], [ 6.8453076, 5.7191921 ], [ 6.8452003, 5.7191707 ], [ 6.8450689, 5.7191574 ], [ 6.8450019, 5.7191654 ], [ 6.8448946, 5.7192107 ], [ 6.8448087, 5.7193122 ], [ 6.8446746, 5.7194056 ], [ 6.8445512, 5.7194243 ], [ 6.8444144, 5.7194002 ], [ 6.8442508, 5.7193255 ], [ 6.8441382, 5.7192588 ], [ 6.8439772, 5.7192428 ], [ 6.8437707, 5.7192641 ], [ 6.8431672, 5.7191734 ], [ 6.8425572, 5.7190635 ], [ 6.8423377, 5.7189868 ], [ 6.8421322, 5.7188939 ], [ 6.8420505, 5.7188846 ], [ 6.8419244, 5.718873 ], [ 6.8416769, 5.7189102 ], [ 6.8412659, 5.7188614 ], [ 6.8410728, 5.7188077 ], [ 6.8410021, 5.7187661 ], [ 6.8408526, 5.7186314 ], [ 6.8407839, 5.7185015 ], [ 6.8406536, 5.7183734 ], [ 6.8402244, 5.7181492 ], [ 6.838996, 5.7177969 ], [ 6.8387224, 5.7177595 ], [ 6.8382235, 5.7178449 ], [ 6.8377568, 5.7179197 ], [ 6.8361368, 5.7177542 ], [ 6.8352355, 5.7176581 ], [ 6.8334975, 5.7172151 ], [ 6.8324031, 5.7170336 ], [ 6.8316843, 5.7167507 ], [ 6.8309547, 5.7164251 ], [ 6.8304451, 5.7160568 ], [ 6.8301179, 5.7159127 ], [ 6.8299248, 5.7158807 ], [ 6.8298067, 5.7158113 ], [ 6.8295654, 5.7156725 ], [ 6.8293722, 5.7156031 ], [ 6.8291523, 5.7154536 ], [ 6.8289753, 5.7152828 ], [ 6.8286105, 5.7151067 ], [ 6.8279185, 5.7149252 ], [ 6.8274303, 5.7148558 ], [ 6.8270226, 5.714669 ], [ 6.8264594, 5.7145249 ], [ 6.8256976, 5.7145195 ], [ 6.824791, 5.7145409 ], [ 6.823584, 5.7144128 ], [ 6.8217065, 5.7144555 ], [ 6.8199845, 5.7145622 ], [ 6.8189974, 5.7150693 ], [ 6.8179728, 5.7156138 ], [ 6.8169214, 5.7162863 ], [ 6.8166639, 5.7165212 ], [ 6.8158754, 5.716676 ], [ 6.8155535, 5.7165906 ], [ 6.8152477, 5.7165212 ], [ 6.8146094, 5.7167721 ], [ 6.8142285, 5.7170977 ], [ 6.8139683, 5.7177649 ], [ 6.8138266, 5.7179987 ], [ 6.8136223, 5.7181972 ], [ 6.8130161, 5.7184534 ], [ 6.8122276, 5.7187951 ], [ 6.8119472, 5.7189116 ], [ 6.8116522, 5.7188875 ], [ 6.8111935, 5.7190423 ], [ 6.8107912, 5.7193039 ], [ 6.8107671, 5.7193813 ], [ 6.8108582, 5.7195281 ], [ 6.8108287, 5.7196535 ], [ 6.810413, 5.7199257 ], [ 6.8101528, 5.7200245 ], [ 6.8093723, 5.7200138 ], [ 6.8086401, 5.7202407 ], [ 6.807932, 5.7201206 ], [ 6.8075645, 5.7200245 ], [ 6.8073124, 5.7198136 ], [ 6.807071, 5.7193866 ], [ 6.8067035, 5.7189409 ], [ 6.8061456, 5.7186607 ], [ 6.8054403, 5.7182024 ], [ 6.8050509, 5.7178013 ], [ 6.8047209, 5.7174692 ], [ 6.8043861, 5.7171982 ], [ 6.804199, 5.7171096 ], [ 6.8040711, 5.7168325 ], [ 6.8040138, 5.7165523 ] ] } },
{ "type": "Feature", "properties": { "name": "Asa River", "waterway": "stream" }, "geometry": { "type": "LineString", "coordinates": [ [ 6.7830647, 5.745277 ], [ 6.7830537, 5.7449978 ], [ 6.7830537, 5.7447203 ], [ 6.7830322, 5.7442186 ], [ 6.7829357, 5.7436848 ], [ 6.78241, 5.7423825 ], [ 6.7823134, 5.7414217 ], [ 6.7823241, 5.7408026 ], [ 6.7825709, 5.7402795 ], [ 6.7832468, 5.739639 ], [ 6.7837082, 5.7390732 ], [ 6.7842875, 5.737109 ], [ 6.7849205, 5.7353369 ], [ 6.7859934, 5.7337677 ], [ 6.786444, 5.7325827 ], [ 6.7861221, 5.7302876 ], [ 6.7850385, 5.7283553 ], [ 6.7836545, 5.7268181 ], [ 6.7824743, 5.7260388 ], [ 6.7816482, 5.7258253 ], [ 6.7806933, 5.7259427 ], [ 6.7801462, 5.7260388 ], [ 6.7797262, 5.7259888 ] ] } },
{ "type": "Feature", "properties": { "name": null, "waterway": "stream" }, "geometry": { "type": "LineString", "coordinates": [ [ 6.7133108, 5.7373374 ], [ 6.7137791, 5.7368346 ], [ 6.7140132, 5.7362828 ], [ 6.7142597, 5.7359272 ], [ 6.7145247, 5.7356758 ], [ 6.7148759, 5.7352344 ], [ 6.7150115, 5.7349278 ], [ 6.7150177, 5.7345661 ], [ 6.7150916, 5.7342227 ], [ 6.7153751, 5.7338303 ], [ 6.7155353, 5.7336464 ], [ 6.715905, 5.7334441 ], [ 6.7160344, 5.7332417 ], [ 6.7162008, 5.7327942 ], [ 6.7162562, 5.7324263 ], [ 6.7163918, 5.7321626 ], [ 6.716817, 5.7317334 ], [ 6.7176674, 5.7309793 ], [ 6.7178368, 5.7308148 ], [ 6.7182528, 5.7301822 ], [ 6.7184315, 5.7297469 ], [ 6.7184931, 5.7294281 ], [ 6.7185794, 5.7291583 ], [ 6.7186656, 5.7290725 ], [ 6.7190001, 5.7289399 ], [ 6.7192651, 5.7287743 ], [ 6.7193699, 5.7285475 ], [ 6.7193945, 5.7283267 ], [ 6.7193021, 5.7277933 ], [ 6.7193082, 5.7275971 ], [ 6.7193822, 5.7274377 ], [ 6.7195116, 5.7272783 ], [ 6.7195609, 5.7271189 ], [ 6.7195239, 5.7268368 ], [ 6.7195116, 5.7265977 ], [ 6.7195794, 5.7263954 ], [ 6.7197396, 5.7262543 ], [ 6.7198752, 5.7260275 ], [ 6.7198197, 5.7257025 ], [ 6.7197334, 5.7255063 ], [ 6.7196348, 5.7253285 ], [ 6.719604, 5.7251384 ], [ 6.7196595, 5.7249545 ], [ 6.7197026, 5.7246295 ], [ 6.7196163, 5.724372 ], [ 6.7195732, 5.7240164 ], [ 6.719678, 5.7237957 ], [ 6.7198382, 5.7235933 ], [ 6.720097, 5.7233726 ], [ 6.7201956, 5.7230722 ], [ 6.7203003, 5.7227104 ], [ 6.7203003, 5.7222567 ], [ 6.7202264, 5.7219011 ], [ 6.7202387, 5.7213125 ], [ 6.7202079, 5.7210733 ], [ 6.7202017, 5.7208403 ], [ 6.7202017, 5.7206687 ], [ 6.7201771, 5.7205092 ], [ 6.7201833, 5.7202211 ], [ 6.7202634, 5.7199084 ], [ 6.720325, 5.7195037 ], [ 6.7202757, 5.7190929 ], [ 6.7201401, 5.7186146 ], [ 6.7199491, 5.7181977 ], [ 6.7199245, 5.7177869 ], [ 6.7200292, 5.7174619 ], [ 6.7201771, 5.7172596 ], [ 6.7202387, 5.7168549 ], [ 6.7200723, 5.7164073 ], [ 6.7199861, 5.7160701 ], [ 6.7199676, 5.7155857 ], [ 6.720023, 5.7152914 ], [ 6.7201463, 5.7150707 ], [ 6.7202017, 5.7148009 ], [ 6.7201586, 5.7145617 ], [ 6.7199799, 5.7143287 ], [ 6.7199553, 5.7139793 ], [ 6.7201278, 5.7135378 ], [ 6.720288, 5.7131699 ], [ 6.720288, 5.7129553 ], [ 6.720141, 5.7125972 ], [ 6.7200523, 5.7122254 ], [ 6.7202858, 5.7115563 ], [ 6.7204446, 5.7111846 ], [ 6.720538, 5.710915 ], [ 6.7204913, 5.7106223 ], [ 6.7204166, 5.7103388 ], [ 6.7202204, 5.7100414 ], [ 6.7200383, 5.7098742 ], [ 6.7199496, 5.7096697 ], [ 6.7198141, 5.7088658 ], [ 6.7197815, 5.7086288 ], [ 6.7196927, 5.7083314 ], [ 6.7195339, 5.7080619 ], [ 6.7194499, 5.7078714 ], [ 6.7194452, 5.7076018 ], [ 6.7195199, 5.7074253 ], [ 6.7194966, 5.7072347 ], [ 6.7193892, 5.7068212 ], [ 6.7192932, 5.7066641 ], [ 6.71915, 5.7065883 ], [ 6.7191162, 5.7065774 ], [ 6.7189351, 5.7065188 ], [ 6.718777, 5.7063897 ], [ 6.718587, 5.7062197 ], [ 6.7185729, 5.7059511 ], [ 6.7186885, 5.7056769 ], [ 6.7186513, 5.7054643 ], [ 6.7184879, 5.7051576 ], [ 6.7184085, 5.7049485 ], [ 6.7184038, 5.7048323 ], [ 6.718684, 5.7044234 ], [ 6.7188475, 5.7041771 ], [ 6.7188801, 5.7040145 ], [ 6.7188568, 5.7037124 ], [ 6.7187867, 5.7034661 ], [ 6.7185626, 5.7032431 ], [ 6.7184038, 5.7029968 ], [ 6.7184365, 5.7027041 ], [ 6.7185953, 5.70256 ], [ 6.7186326, 5.7024067 ], [ 6.7185859, 5.7022998 ], [ 6.7183618, 5.7021743 ], [ 6.7180162, 5.7020907 ], [ 6.7179135, 5.7020024 ], [ 6.7178621, 5.7018026 ], [ 6.7179135, 5.7016957 ], [ 6.7180349, 5.7014819 ], [ 6.7180956, 5.7012542 ], [ 6.7181003, 5.7010033 ], [ 6.718175, 5.700455 ], [ 6.7183338, 5.6999391 ], [ 6.7185532, 5.6996325 ], [ 6.718684, 5.699414 ], [ 6.718712, 5.6991166 ], [ 6.7186933, 5.699033 ], [ 6.7185439, 5.6988889 ], [ 6.7183664, 5.6987635 ], [ 6.718273, 5.6984893 ], [ 6.7183057, 5.698178 ], [ 6.7188008, 5.6974716 ], [ 6.7191697, 5.6971882 ], [ 6.7193479, 5.6968857 ], [ 6.7193586, 5.6967149 ], [ 6.7193425, 5.6965707 ], [ 6.7192245, 5.6963359 ], [ 6.7190314, 5.6960583 ], [ 6.7188908, 5.6954952 ], [ 6.71896, 5.6948964 ], [ 6.71896, 5.6943948 ], [ 6.7190494, 5.6941116 ], [ 6.7191917, 5.6938446 ], [ 6.71946, 5.6935008 ], [ 6.7197365, 5.6931205 ], [ 6.7199031, 5.692809 ], [ 6.71983, 5.6923519 ], [ 6.7198462, 5.6921658 ], [ 6.7199601, 5.6920444 ], [ 6.720143, 5.6918907 ], [ 6.7204195, 5.6917653 ], [ 6.7206146, 5.691563 ], [ 6.7207081, 5.6913001 ], [ 6.7207935, 5.6907216 ], [ 6.720826, 5.6903777 ], [ 6.7209724, 5.6900783 ], [ 6.7214399, 5.689512 ], [ 6.7216188, 5.6892369 ], [ 6.7216757, 5.6890225 ], [ 6.7217082, 5.6885775 ], [ 6.7217448, 5.6879383 ], [ 6.7217448, 5.6875823 ], [ 6.7218058, 5.6873598 ], [ 6.7219806, 5.6872061 ], [ 6.7222123, 5.6870443 ], [ 6.7224644, 5.6868865 ], [ 6.7226026, 5.6867085 ], [ 6.7228913, 5.6862594 ], [ 6.7229522, 5.686041 ], [ 6.7228587, 5.6857578 ], [ 6.7226351, 5.6851955 ], [ 6.7227571, 5.6847424 ], [ 6.7231311, 5.6840506 ], [ 6.7233547, 5.6837634 ], [ 6.7237044, 5.683549 ], [ 6.7238263, 5.6832536 ], [ 6.7238019, 5.6830716 ], [ 6.7236068, 5.6827277 ], [ 6.7236068, 5.6825093 ], [ 6.7237247, 5.6821128 ], [ 6.7238426, 5.681947 ], [ 6.7240228, 5.6817109 ], [ 6.7240437, 5.6815889 ], [ 6.7240216, 5.6814047 ], [ 6.7239455, 5.6812802 ], [ 6.7237573, 5.6810241 ], [ 6.7233822, 5.6806579 ], [ 6.7230672, 5.6802071 ], [ 6.722869, 5.6798971 ], [ 6.7228336, 5.6797563 ], [ 6.7228938, 5.6795344 ], [ 6.7231734, 5.6792069 ], [ 6.7236441, 5.6787561 ], [ 6.7240157, 5.6785025 ], [ 6.7245501, 5.6781151 ], [ 6.7247519, 5.6779531 ], [ 6.7250173, 5.6778193 ], [ 6.7251447, 5.6777277 ], [ 6.7251943, 5.6776115 ], [ 6.7251766, 5.6774565 ], [ 6.7250385, 5.6772382 ], [ 6.7246174, 5.6767064 ], [ 6.7243498, 5.6766239 ], [ 6.7242412, 5.6765904 ], [ 6.7240013, 5.6765621 ], [ 6.7237371, 5.6764043 ], [ 6.7234566, 5.6761737 ], [ 6.7230134, 5.6758298 ], [ 6.7222207, 5.6753646 ], [ 6.7219442, 5.6751057 ], [ 6.721745, 5.6749358 ], [ 6.7215987, 5.6746688 ], [ 6.7215255, 5.6744422 ], [ 6.7214767, 5.6741509 ], [ 6.7214198, 5.6738718 ], [ 6.7212937, 5.6736129 ], [ 6.7210905, 5.6734187 ], [ 6.7207571, 5.6732528 ], [ 6.7203912, 5.6729575 ], [ 6.7201839, 5.6726622 ], [ 6.7200091, 5.6722333 ], [ 6.7199887, 5.6720108 ], [ 6.7199643, 5.6716548 ], [ 6.7199318, 5.6706353 ], [ 6.7199969, 5.6697979 ], [ 6.7200944, 5.6694985 ], [ 6.7202327, 5.6693246 ], [ 6.7203506, 5.6692275 ], [ 6.7205457, 5.6691628 ], [ 6.7207042, 5.6691628 ], [ 6.7209522, 5.6692801 ], [ 6.7211311, 5.669365 ], [ 6.7214889, 5.6694581 ], [ 6.7217247, 5.6694743 ], [ 6.7218954, 5.6694581 ], [ 6.7221394, 5.6693731 ], [ 6.7222654, 5.6693327 ], [ 6.7224364, 5.6691514 ] ] } },
{ "type": "Feature", "properties": { "name": null, "waterway": "stream" }, "geometry": { "type": "LineString", "coordinates": [ [ 6.7530682, 5.7282141 ], [ 6.7525641, 5.7286065 ], [ 6.7519136, 5.7292052 ], [ 6.7514624, 5.7294358 ], [ 6.750942, 5.7295773 ], [ 6.750198, 5.7295288 ], [ 6.7498321, 5.7293994 ], [ 6.7491979, 5.7290191 ], [ 6.7488605, 5.7288978 ], [ 6.7480311, 5.7287764 ], [ 6.7451731, 5.7286672 ], [ 6.744173, 5.7285216 ], [ 6.7419632, 5.728092 ], [ 6.7406663, 5.7277077 ], [ 6.7400972, 5.7275216 ], [ 6.7395321, 5.7273072 ], [ 6.7391946, 5.727202 ], [ 6.7388694, 5.7270038 ], [ 6.7387068, 5.7268299 ], [ 6.7381905, 5.7260209 ], [ 6.7379994, 5.7256608 ], [ 6.737849, 5.7254222 ], [ 6.7376979, 5.7252189 ], [ 6.7375481, 5.7250581 ], [ 6.7368969, 5.7241566 ], [ 6.7364792, 5.7233782 ], [ 6.7361961, 5.7226105 ], [ 6.7359908, 5.7218498 ], [ 6.73592, 5.72123 ], [ 6.7360616, 5.7197791 ], [ 6.7362102, 5.718448 ], [ 6.7366703, 5.716983 ], [ 6.7375905, 5.7154053 ], [ 6.7379696, 5.714922 ], [ 6.738216, 5.7145725 ], [ 6.738555, 5.7142291 ], [ 6.7393129, 5.7136528 ], [ 6.7400832, 5.7132481 ], [ 6.7403112, 5.7130335 ], [ 6.7405145, 5.7126165 ], [ 6.7408534, 5.7121751 ], [ 6.7410876, 5.7119972 ], [ 6.7415251, 5.7116784 ], [ 6.7418332, 5.7112492 ], [ 6.7424186, 5.7103172 ], [ 6.7426281, 5.7100106 ], [ 6.7430064, 5.7095263 ], [ 6.7441759, 5.7087683 ], [ 6.7471209, 5.7074339 ], [ 6.748741, 5.7069268 ], [ 6.7493847, 5.7068681 ], [ 6.7508921, 5.7068521 ], [ 6.7516646, 5.706724 ], [ 6.7521849, 5.7065051 ], [ 6.7525175, 5.7063129 ], [ 6.7532632, 5.7059073 ], [ 6.7536494, 5.7055603 ], [ 6.754061, 5.7050511 ], [ 6.7543795, 5.7045862 ], [ 6.7544786, 5.7042975 ], [ 6.7544432, 5.7041003 ], [ 6.7544149, 5.703734 ], [ 6.7544857, 5.7031987 ], [ 6.7548113, 5.7022901 ], [ 6.7551086, 5.7017971 ], [ 6.7552502, 5.7011068 ], [ 6.7552856, 5.6996559 ], [ 6.7551865, 5.698543 ], [ 6.7547193, 5.6969583 ], [ 6.7541955, 5.6960919 ], [ 6.753431, 5.6954157 ], [ 6.7516048, 5.6939437 ], [ 6.7499909, 5.6934858 ], [ 6.7488088, 5.6933661 ], [ 6.7473558, 5.6933908 ], [ 6.7459543, 5.6937571 ], [ 6.7454871, 5.6940107 ], [ 6.7450907, 5.6942854 ], [ 6.7447439, 5.6947855 ], [ 6.7443475, 5.6951024 ], [ 6.7435759, 5.6954757 ], [ 6.7427832, 5.6958068 ], [ 6.7422137, 5.6960274 ], [ 6.7418173, 5.6964218 ], [ 6.7415342, 5.6968162 ], [ 6.741251, 5.6972247 ], [ 6.7410174, 5.6977178 ], [ 6.7405432, 5.6980418 ], [ 6.7399345, 5.6982812 ], [ 6.738993, 5.6983728 ], [ 6.7375703, 5.6983235 ], [ 6.736912, 5.6982672 ], [ 6.7363174, 5.6981545 ], [ 6.7359281, 5.6979432 ], [ 6.7356945, 5.697591 ], [ 6.7351014, 5.6968283 ], [ 6.7345971, 5.6961984 ], [ 6.7340071, 5.6952482 ], [ 6.7337281, 5.6946824 ], [ 6.7332507, 5.6935454 ], [ 6.732961, 5.6926967 ], [ 6.7326606, 5.691122 ], [ 6.7325265, 5.6906576 ], [ 6.7323173, 5.6901772 ], [ 6.7320705, 5.68959 ], [ 6.7318559, 5.6888694 ], [ 6.7317701, 5.6882235 ], [ 6.731754, 5.6874068 ], [ 6.7318988, 5.6870117 ], [ 6.7320759, 5.6867715 ], [ 6.7325748, 5.6864993 ], [ 6.7331058, 5.686195 ], [ 6.7332721, 5.6859068 ], [ 6.7334161, 5.6853977 ], [ 6.7333878, 5.6851582 ], [ 6.7332816, 5.6848201 ], [ 6.7333311, 5.6845525 ], [ 6.7334905, 5.6841905 ], [ 6.7342468, 5.6837634 ], [ 6.7346438, 5.6834805 ], [ 6.734853, 5.6832403 ], [ 6.7352929, 5.6829894 ], [ 6.7356155, 5.6828352 ], [ 6.7359535, 5.6825362 ], [ 6.7366348, 5.6824348 ], [ 6.7369674, 5.6824562 ], [ 6.7375306, 5.6825843 ], [ 6.7378954, 5.6825949 ], [ 6.7383085, 5.6825683 ], [ 6.7387162, 5.6825736 ], [ 6.739038, 5.6826376 ], [ 6.7393653, 5.6827551 ], [ 6.7398159, 5.6827551 ], [ 6.7402397, 5.6826964 ], [ 6.7404703, 5.6826216 ], [ 6.7418436, 5.6822747 ], [ 6.7422996, 5.682248 ], [ 6.7427824, 5.6823547 ], [ 6.7432008, 5.6825896 ], [ 6.7434047, 5.682659 ], [ 6.7436622, 5.6827017 ], [ 6.7441289, 5.6827391 ], [ 6.7445312, 5.6828725 ], [ 6.7448692, 5.6830487 ], [ 6.7455183, 5.6835878 ], [ 6.7466448, 5.684191 ], [ 6.7471705, 5.6845647 ], [ 6.7474473, 5.6847303 ], [ 6.7475868, 5.6848744 ], [ 6.7477316, 5.6850772 ], [ 6.7479676, 5.6851413 ], [ 6.7484129, 5.6850826 ], [ 6.7487616, 5.6849331 ], [ 6.7496956, 5.6845883 ], [ 6.7502406, 5.6844334 ], [ 6.7510476, 5.6842643 ], [ 6.7514015, 5.6840953 ], [ 6.7516068, 5.683884 ], [ 6.7516988, 5.683722 ], [ 6.7518616, 5.6833628 ], [ 6.7522438, 5.6830184 ], [ 6.7527266, 5.682554 ], [ 6.7530377, 5.6821216 ], [ 6.7534133, 5.681465 ], [ 6.7536708, 5.6807017 ], [ 6.7537727, 5.6802533 ], [ 6.7538746, 5.6795326 ], [ 6.75388, 5.679223 ], [ 6.7539229, 5.6787906 ], [ 6.7539873, 5.6786945 ], [ 6.7541214, 5.6786412 ], [ 6.7543628, 5.6786945 ], [ 6.7545076, 5.678796 ], [ 6.7545612, 5.6789294 ], [ 6.7545022, 5.6791536 ], [ 6.7545773, 5.6794045 ], [ 6.7546846, 5.6795646 ], [ 6.7548295, 5.6796234 ], [ 6.7550279, 5.6795967 ], [ 6.7551674, 5.6794098 ], [ 6.7552498, 5.6792682 ], [ 6.7553444, 5.6791056 ], [ 6.7556124, 5.6788079 ] ] } },
{ "type": "Feature", "properties": { "name": null, "waterway": "stream" }, "geometry": { "type": "LineString", "coordinates": [ [ 6.741937350486692, 5.77604784225267 ], [ 6.7420379, 5.7759135 ], [ 6.74215, 5.7756626 ], [ 6.7421033, 5.7754535 ], [ 6.7419912, 5.7751701 ], [ 6.7419772, 5.7750028 ], [ 6.7420286, 5.7748588 ], [ 6.742136, 5.7748123 ], [ 6.7422668, 5.7747473 ], [ 6.7423705, 5.7746153 ] ] } },
{ "type": "Feature", "properties": { "name": "Eyinja River", "waterway": "stream" }, "geometry": { "type": "LineString", "coordinates": [ [ 6.784697787360328, 5.789363907766663 ], [ 6.7841584, 5.7890647 ], [ 6.7827904, 5.7884394 ], [ 6.781712, 5.7878202 ], [ 6.7806768, 5.78706 ], [ 6.779925, 5.786122 ], [ 6.7793827, 5.7850859 ], [ 6.7790007, 5.7842276 ], [ 6.7788651, 5.7833632 ], [ 6.7788959, 5.7827072 ], [ 6.7790931, 5.7820757 ], [ 6.7796847, 5.7813339 ], [ 6.7799558, 5.7810764 ], [ 6.7803009, 5.7807882 ], [ 6.7805351, 5.7807208 ], [ 6.7811389, 5.7806779 ], [ 6.7818414, 5.7805307 ], [ 6.7822666, 5.7802487 ], [ 6.782433, 5.7799115 ], [ 6.7825192, 5.7796111 ], [ 6.7825439, 5.7792494 ], [ 6.7824083, 5.7784279 ], [ 6.7824453, 5.7779865 ], [ 6.7826856, 5.7775573 ], [ 6.7830122, 5.7773243 ], [ 6.7831848, 5.7772753 ], [ 6.7833819, 5.7772753 ], [ 6.7836531, 5.7773121 ], [ 6.7838503, 5.7772937 ], [ 6.7840474, 5.7772324 ], [ 6.7848917, 5.7767787 ], [ 6.7857913, 5.776417 ], [ 6.7865369, 5.7762576 ], [ 6.7872641, 5.7760798 ], [ 6.7887491, 5.775994 ], [ 6.7901787, 5.7758591 ], [ 6.791331, 5.7756322 ], [ 6.7922492, 5.775338 ], [ 6.792964, 5.7750927 ], [ 6.7932008, 5.7749965 ], [ 6.7938449, 5.7745739 ], [ 6.7947368, 5.7730105 ], [ 6.7948642, 5.7726161 ], [ 6.7949421, 5.7711865 ], [ 6.7948713, 5.7704541 ], [ 6.7948713, 5.7701371 ], [ 6.7949775, 5.7696653 ], [ 6.7951686, 5.7690667 ], [ 6.7952253, 5.7686385 ], [ 6.7951178, 5.7681334 ], [ 6.7950007, 5.767692 ], [ 6.7947481, 5.7672199 ], [ 6.7941504, 5.7664167 ], [ 6.7932445, 5.7652887 ], [ 6.7924989, 5.7642648 ], [ 6.7914822, 5.7630693 ], [ 6.7911001, 5.7628056 ], [ 6.7905147, 5.7625297 ], [ 6.7899601, 5.7623642 ], [ 6.789461, 5.7622968 ], [ 6.7888017, 5.7623029 ], [ 6.7883888, 5.7624562 ], [ 6.7880314, 5.7626646 ], [ 6.7875507, 5.7630202 ], [ 6.7867435, 5.763339 ], [ 6.7853077, 5.7643997 ], [ 6.7850058, 5.7648043 ], [ 6.7845991, 5.7654542 ], [ 6.7841185, 5.7660305 ], [ 6.7830955, 5.766711 ], [ 6.7827443, 5.7669931 ], [ 6.782239, 5.7676123 ], [ 6.7816906, 5.7682989 ], [ 6.7808587, 5.7695067 ], [ 6.7803596, 5.7701259 ], [ 6.7793367, 5.770923 ], [ 6.778628, 5.7712172 ], [ 6.7779748, 5.7712908 ], [ 6.7772785, 5.7711927 ], [ 6.7766315, 5.7709597 ], [ 6.7760646, 5.7706348 ], [ 6.7756702, 5.7703712 ], [ 6.7754114, 5.7700462 ], [ 6.7752327, 5.7696416 ], [ 6.7751341, 5.7693044 ], [ 6.775091, 5.7689856 ], [ 6.7749493, 5.7686177 ], [ 6.7747521, 5.7684338 ], [ 6.7745241, 5.7682989 ], [ 6.7742591, 5.7681579 ], [ 6.7737107, 5.7679127 ], [ 6.7733779, 5.767692 ], [ 6.773076, 5.7673425 ], [ 6.7729589, 5.7669808 ], [ 6.7728973, 5.766757 ], [ 6.7728973, 5.7664965 ], [ 6.7731495, 5.7654781 ], [ 6.7733163, 5.7644487 ], [ 6.7734087, 5.7641974 ], [ 6.7742036, 5.7624746 ], [ 6.7747644, 5.7609909 ], [ 6.7757996, 5.7597401 ], [ 6.7764158, 5.7591822 ], [ 6.7768349, 5.7589431 ], [ 6.7779317, 5.7588082 ], [ 6.7782337, 5.7587347 ], [ 6.7785294, 5.7585446 ], [ 6.779349, 5.7576556 ], [ 6.7803288, 5.7567789 ], [ 6.7810066, 5.756411 ], [ 6.781857, 5.7561964 ], [ 6.7824793, 5.7562577 ], [ 6.7831387, 5.7564049 ], [ 6.7837487, 5.7564171 ], [ 6.7843711, 5.7563742 ], [ 6.7858931, 5.7560615 ], [ 6.7866696, 5.7559144 ], [ 6.7878773, 5.7560247 ], [ 6.78874, 5.7560125 ], [ 6.7895842, 5.7558102 ], [ 6.7897635, 5.755721 ], [ 6.7910015, 5.7551051 ], [ 6.7915253, 5.7547495 ], [ 6.7917348, 5.7543878 ], [ 6.7917779, 5.7541425 ], [ 6.791667, 5.7538298 ], [ 6.7913528, 5.7531432 ], [ 6.7912357, 5.7525055 ], [ 6.7911802, 5.7516288 ], [ 6.7910693, 5.7511138 ], [ 6.7908351, 5.7502861 ], [ 6.790755, 5.7499366 ], [ 6.790755, 5.7494277 ], [ 6.7910077, 5.7485816 ], [ 6.7910077, 5.7480421 ], [ 6.7909214, 5.7471408 ], [ 6.7903915, 5.7455896 ], [ 6.7900156, 5.744952 ], [ 6.7894672, 5.7443389 ], [ 6.7888941, 5.7438239 ], [ 6.7881916, 5.7435664 ], [ 6.786762, 5.743223 ], [ 6.7862567, 5.7431801 ], [ 6.7857452, 5.7432169 ], [ 6.7855173, 5.7433027 ], [ 6.7852954, 5.7435357 ], [ 6.785012, 5.743971 ], [ 6.7848271, 5.7441795 ], [ 6.7846361, 5.7443205 ], [ 6.7845252, 5.744529 ], [ 6.7844512, 5.7448049 ], [ 6.7842663, 5.7451666 ], [ 6.7841246, 5.7452953 ], [ 6.7839151, 5.7453321 ], [ 6.7833235, 5.745326 ], [ 6.7830647, 5.745277 ], [ 6.7826396, 5.7450317 ], [ 6.7822144, 5.7446945 ], [ 6.7819432, 5.7445903 ], [ 6.7815612, 5.7445719 ], [ 6.7811237, 5.744719 ], [ 6.7807786, 5.7450869 ], [ 6.7805568, 5.7453751 ], [ 6.7803904, 5.7457123 ], [ 6.7802363, 5.7460433 ], [ 6.7802117, 5.7465154 ], [ 6.7803349, 5.7470611 ], [ 6.7805506, 5.7474719 ], [ 6.7805568, 5.7476804 ], [ 6.7805013, 5.7479747 ], [ 6.780261, 5.7482689 ], [ 6.7799652, 5.7487043 ], [ 6.7796509, 5.7489372 ], [ 6.779047, 5.7491702 ], [ 6.7786527, 5.7493848 ], [ 6.7783754, 5.7496484 ], [ 6.7778085, 5.750237 ], [ 6.777599, 5.7504394 ], [ 6.7770444, 5.7505988 ], [ 6.7765391, 5.7506601 ], [ 6.7762495, 5.7506601 ], [ 6.7756887, 5.7504945 ], [ 6.7751341, 5.7504148 ], [ 6.7746843, 5.7503535 ], [ 6.7742406, 5.7502002 ], [ 6.7739818, 5.7500224 ], [ 6.7737292, 5.7497956 ], [ 6.7736491, 5.7495749 ], [ 6.7735073, 5.7493542 ], [ 6.7733594, 5.7492131 ], [ 6.7730452, 5.7490599 ], [ 6.7727432, 5.7489679 ], [ 6.772392, 5.7488085 ], [ 6.7721763, 5.7487043 ], [ 6.7719791, 5.748551 ], [ 6.7717326, 5.748226 ], [ 6.7716094, 5.7479563 ], [ 6.7715478, 5.7476313 ], [ 6.7716032, 5.7472818 ], [ 6.7717819, 5.7468465 ], [ 6.7718127, 5.7465706 ], [ 6.7717758, 5.7463254 ], [ 6.7716525, 5.7460801 ], [ 6.7714862, 5.7458778 ], [ 6.7711164, 5.7456264 ], [ 6.7707097, 5.7452095 ], [ 6.7706358, 5.744903 ], [ 6.7706358, 5.7445657 ], [ 6.7707036, 5.7441917 ], [ 6.7709624, 5.7436277 ], [ 6.7711349, 5.7431127 ], [ 6.771252, 5.7422359 ], [ 6.7712273, 5.7417147 ], [ 6.7711719, 5.7414572 ], [ 6.7711904, 5.741261 ], [ 6.7716032, 5.7403107 ], [ 6.771899, 5.7395259 ], [ 6.7722811, 5.739017 ], [ 6.7727864, 5.7382138 ], [ 6.7735505, 5.7372512 ], [ 6.7739941, 5.7368282 ], [ 6.7743762, 5.7365768 ], [ 6.7745364, 5.7365216 ], [ 6.7747274, 5.7364971 ], [ 6.7748198, 5.7364419 ], [ 6.775128, 5.7361047 ], [ 6.7755655, 5.7354241 ], [ 6.7759968, 5.7343634 ], [ 6.7760954, 5.7341611 ], [ 6.7762556, 5.7340201 ], [ 6.7762988, 5.7338852 ], [ 6.7762864, 5.7337442 ], [ 6.7762495, 5.7335296 ], [ 6.7762741, 5.7333579 ], [ 6.7763912, 5.7331494 ], [ 6.7767178, 5.7326037 ], [ 6.7768225, 5.7322236 ], [ 6.7768472, 5.731868 ], [ 6.7768225, 5.7315614 ], [ 6.7766562, 5.7311813 ], [ 6.7766192, 5.7309728 ], [ 6.776613, 5.7307889 ], [ 6.7765576, 5.7306172 ], [ 6.7763419, 5.7303842 ], [ 6.7759352, 5.7300225 ], [ 6.7755285, 5.7297098 ], [ 6.775128, 5.7293358 ], [ 6.7749924, 5.729115 ], [ 6.7745487, 5.7286736 ], [ 6.7742036, 5.7282689 ], [ 6.7740619, 5.7281463 ], [ 6.7739695, 5.728042 ], [ 6.773877, 5.7278581 ], [ 6.7738093, 5.7276435 ], [ 6.7738093, 5.7275454 ], [ 6.7738832, 5.727478 ], [ 6.7740557, 5.7274718 ], [ 6.7742468, 5.7274718 ], [ 6.7744316, 5.7274289 ], [ 6.7747521, 5.7271162 ], [ 6.7749, 5.7269875 ], [ 6.7750294, 5.7269507 ], [ 6.7752512, 5.7270181 ], [ 6.7754669, 5.7272818 ], [ 6.7757627, 5.7278826 ], [ 6.7758859, 5.7281647 ], [ 6.7760646, 5.7283364 ], [ 6.7765945, 5.7285326 ], [ 6.7773032, 5.7286981 ], [ 6.7777099, 5.7286858 ], [ 6.7785972, 5.7283731 ], [ 6.7790162, 5.7280482 ], [ 6.7793367, 5.7275883 ], [ 6.7796756, 5.7267974 ], [ 6.7797434, 5.7261045 ], [ 6.7797262, 5.7259888 ], [ 6.7796879, 5.7257305 ], [ 6.7795092, 5.7254056 ], [ 6.7794537, 5.7252094 ], [ 6.7794045, 5.7250316 ], [ 6.779275, 5.7248415 ], [ 6.7792134, 5.7246391 ], [ 6.7791025, 5.7240751 ], [ 6.7788745, 5.7236275 ], [ 6.778702, 5.7233086 ], [ 6.7786219, 5.7232105 ], [ 6.7785602, 5.7231063 ], [ 6.7785541, 5.7229775 ], [ 6.7785541, 5.7228733 ], [ 6.7783076, 5.7224196 ], [ 6.7782213, 5.722254 ], [ 6.7780426, 5.722113 ], [ 6.7779379, 5.7220088 ], [ 6.7778886, 5.7219291 ], [ 6.7778824, 5.721831 ], [ 6.7778886, 5.7216961 ], [ 6.7778516, 5.7214937 ], [ 6.7777284, 5.721273 ], [ 6.7771985, 5.7206799 ], [ 6.7769036, 5.7203503 ], [ 6.7766431, 5.7201372 ], [ 6.7764842, 5.7200522 ], [ 6.7763879, 5.7199635 ], [ 6.7762915, 5.719835 ], [ 6.7760769, 5.7196669 ], [ 6.7758485, 5.7195517 ], [ 6.7754293, 5.7194015 ], [ 6.7749717, 5.719267 ], [ 6.7747153, 5.7192041 ], [ 6.7744694, 5.7191765 ], [ 6.7741448, 5.7191871 ], [ 6.7737092, 5.7192059 ], [ 6.7732854, 5.719241 ], [ 6.7729429, 5.71932 ], [ 6.7727641, 5.7193902 ], [ 6.772555, 5.7194966 ], [ 6.7722784, 5.7197362 ], [ 6.7721033, 5.7198493 ], [ 6.7720014, 5.7198749 ], [ 6.7717481, 5.7199474 ], [ 6.7712668, 5.7200601 ], [ 6.7711004, 5.7200839 ], [ 6.7709688, 5.7200348 ], [ 6.7708453, 5.7199696 ] ] } },
{ "type": "Feature", "properties": { "name": null, "waterway": "river" }, "geometry": { "type": "MultiLineString", "coordinates": [ [ [ 6.766816040630684, 5.7865700317196 ], [ 6.7667001, 5.7859691 ], [ 6.7665226, 5.7855974 ], [ 6.7661771, 5.7853651 ], [ 6.7658408, 5.7852536 ], [ 6.7654766, 5.7853094 ], [ 6.7649535, 5.7854766 ], [ 6.7647013, 5.7854859 ], [ 6.7644398, 5.785393 ], [ 6.7641409, 5.7851885 ], [ 6.7640008, 5.7849841 ], [ 6.7639635, 5.7847053 ], [ 6.7640102, 5.7842128 ], [ 6.7638888, 5.7836739 ], [ 6.7635899, 5.7831814 ], [ 6.7630668, 5.782819 ], [ 6.7624317, 5.7825774 ], [ 6.7616191, 5.7825123 ], [ 6.760984, 5.7826703 ], [ 6.7602929, 5.7829677 ], [ 6.7599753, 5.7832464 ], [ 6.7596577, 5.7837203 ], [ 6.7593495, 5.7841292 ], [ 6.7589479, 5.7843708 ], [ 6.758558284153475, 5.784464110059992 ] ], [ [ 6.757150440304638, 5.784005841686332 ], [ 6.7569491, 5.7838411 ], [ 6.756781, 5.7835438 ], [ 6.7565942, 5.7830606 ], [ 6.7565102, 5.7824287 ], [ 6.7565662, 5.7818804 ], [ 6.7565942, 5.7813229 ], [ 6.7565102, 5.7804215 ], [ 6.756314, 5.7798547 ], [ 6.7560618, 5.7795108 ], [ 6.7556976, 5.7792042 ], [ 6.7552026, 5.7789626 ], [ 6.7548196, 5.7789719 ], [ 6.7544747, 5.7790276 ], [ 6.7541049, 5.7791659 ], [ 6.7538898, 5.7793574 ], [ 6.7535086, 5.7796344 ], [ 6.752989, 5.7798082 ], [ 6.7523539, 5.779864 ], [ 6.7516347, 5.7797617 ], [ 6.7510743, 5.77939 ], [ 6.7507661, 5.7790369 ], [ 6.7505979, 5.7785351 ], [ 6.7503551, 5.7782564 ], [ 6.7499535, 5.7780055 ], [ 6.7495705, 5.7778847 ], [ 6.7490662, 5.7778289 ], [ 6.7485338, 5.7778568 ], [ 6.7479827, 5.777801 ], [ 6.7464043, 5.7773364 ], [ 6.7449472, 5.776816 ], [ 6.7442094, 5.7764071 ], [ 6.7433314, 5.7756823 ], [ 6.7425095, 5.7748553 ], [ 6.7423705, 5.7746153 ], [ 6.7420145, 5.7740004 ], [ 6.7416315, 5.7729131 ], [ 6.7413927, 5.771766 ], [ 6.7413176, 5.7708906 ], [ 6.7414356, 5.7702822 ], [ 6.7417897, 5.769535 ], [ 6.7424012, 5.7686383 ], [ 6.7427767, 5.7682967 ], [ 6.7434204, 5.7679445 ], [ 6.7437852, 5.7676776 ], [ 6.7441393, 5.76724 ], [ 6.7444075, 5.7667062 ], [ 6.7447294, 5.7660231 ], [ 6.74518, 5.7654146 ], [ 6.7460919, 5.7647528 ], [ 6.7470039, 5.7642191 ], [ 6.747594, 5.7638241 ], [ 6.7479373, 5.7635039 ], [ 6.7481733, 5.7630876 ], [ 6.7483557, 5.7626499 ], [ 6.7485381, 5.7619667 ], [ 6.7488171, 5.761401 ], [ 6.7495895, 5.7604723 ], [ 6.7507482, 5.7592127 ], [ 6.7516173, 5.7580598 ], [ 6.7520786, 5.7572485 ], [ 6.7528082, 5.7554338 ], [ 6.753173, 5.7542382 ], [ 6.7532695, 5.7532455 ], [ 6.7532373, 5.7522848 ], [ 6.7530871, 5.7516122 ], [ 6.752894, 5.7510678 ], [ 6.7524649, 5.7504807 ], [ 6.7512847, 5.7490823 ], [ 6.7505444, 5.7485059 ], [ 6.749729, 5.7482283 ], [ 6.7488385, 5.7480682 ], [ 6.747948, 5.7481429 ], [ 6.746564, 5.7482283 ], [ 6.7458237, 5.7481002 ], [ 6.745062, 5.7477906 ], [ 6.7442144, 5.7474704 ], [ 6.7434097, 5.7473636 ], [ 6.7416395, 5.747449 ], [ 6.7401374, 5.7476946 ], [ 6.7384315, 5.7478654 ], [ 6.7377771, 5.74778 ], [ 6.7370904, 5.7475451 ], [ 6.7367042, 5.7473423 ], [ 6.7361356, 5.7467125 ], [ 6.7353631, 5.7454528 ], [ 6.7350412, 5.7442786 ], [ 6.7350305, 5.7429442 ], [ 6.7352022, 5.7422824 ], [ 6.735524, 5.7416525 ], [ 6.7364789, 5.7404142 ], [ 6.7373801, 5.7395923 ], [ 6.7377771, 5.7394108 ], [ 6.7382813, 5.7390692 ], [ 6.7389787, 5.73845 ], [ 6.7400623, 5.737927 ], [ 6.7414034, 5.737532 ], [ 6.742133, 5.7375106 ], [ 6.7432702, 5.7378095 ], [ 6.7442258, 5.7382343 ], [ 6.7450021, 5.7387542 ], [ 6.7458048, 5.7397981 ], [ 6.7460454, 5.7405931 ], [ 6.7462394, 5.7417753 ], [ 6.7464002, 5.7420736 ], [ 6.7467623, 5.7424261 ], [ 6.7473536, 5.7427241 ], [ 6.7494084, 5.743401 ], [ 6.7501062, 5.7433952 ], [ 6.7507488, 5.7431999 ], [ 6.7514953, 5.7425105 ], [ 6.7526581, 5.7408609 ], [ 6.7528842, 5.74035 ], [ 6.7529911, 5.7397994 ], [ 6.7529984, 5.7393919 ], [ 6.7529884, 5.7386608 ], [ 6.7530637, 5.7380764 ], [ 6.7533772, 5.7371497 ], [ 6.7537974, 5.7362972 ], [ 6.7542106, 5.735703 ], [ 6.7548579, 5.7352143 ], [ 6.7554052, 5.7349041 ], [ 6.7560434, 5.734722 ], [ 6.7567936, 5.7346638 ], [ 6.7574758, 5.7347636 ], [ 6.7579457, 5.7349589 ], [ 6.7584702, 5.7353315 ], [ 6.7588972, 5.7358503 ], [ 6.7594409, 5.7368234 ], [ 6.7599101, 5.7380802 ], [ 6.7601497, 5.7390128 ], [ 6.7601626, 5.7395483 ], [ 6.7599714, 5.7403021 ], [ 6.7597071, 5.7407909 ], [ 6.7594995, 5.7410863 ], [ 6.7591347, 5.7413787 ], [ 6.7584478, 5.74184 ], [ 6.7581368, 5.7421509 ], [ 6.757901, 5.7426299 ], [ 6.7578417, 5.7432564 ], [ 6.7579262, 5.7438963 ], [ 6.7580863, 5.7442697 ], [ 6.7586856, 5.7449957 ], [ 6.7595884, 5.7461583 ], [ 6.7601331, 5.7465614 ], [ 6.7608694, 5.7469343 ], [ 6.7615339, 5.747041 ], [ 6.7623927, 5.7469947 ], [ 6.7630663, 5.7467635 ], [ 6.7635733, 5.7464731 ], [ 6.7639549, 5.7461171 ], [ 6.7644787, 5.745452 ], [ 6.765232, 5.7442428 ], [ 6.7655476, 5.743555 ], [ 6.7656889, 5.7430423 ], [ 6.765784, 5.7423122 ], [ 6.7657593, 5.7413726 ], [ 6.7655975, 5.7405158 ], [ 6.7654906, 5.739644 ], [ 6.7654975, 5.7392253 ], [ 6.7656376, 5.7387348 ], [ 6.7659392, 5.738147 ], [ 6.7663556, 5.7376742 ], [ 6.7670157, 5.7371992 ], [ 6.7676189, 5.7369157 ], [ 6.7680858, 5.7368154 ], [ 6.7686395, 5.7368119 ], [ 6.769048, 5.7367354 ], [ 6.7693385, 5.7365481 ], [ 6.769691, 5.7361916 ], [ 6.7699563, 5.7357186 ], [ 6.7700454, 5.7350367 ], [ 6.7699352, 5.7344497 ], [ 6.7697352, 5.7338796 ], [ 6.7691547, 5.733177 ], [ 6.7682669, 5.7329037 ], [ 6.7678326, 5.73258 ], [ 6.7672174, 5.731946 ], [ 6.7667222, 5.7317098 ], [ 6.7660652, 5.7315177 ], [ 6.7655292, 5.7311353 ], [ 6.7650954, 5.7306343 ], [ 6.7649255, 5.7297886 ], [ 6.765016, 5.7285794 ], [ 6.7653382, 5.7274088 ], [ 6.7658753, 5.7263989 ], [ 6.7659302, 5.7257251 ], [ 6.7657875, 5.7246871 ], [ 6.7657515, 5.7238194 ], [ 6.7660286, 5.7231499 ], [ 6.7665915, 5.7224647 ], [ 6.7677294, 5.7215471 ], [ 6.7681101, 5.7213769 ], [ 6.7695815, 5.7210786 ], [ 6.7703084, 5.7206324 ], [ 6.7708453, 5.7199696 ], [ 6.770959, 5.7195334 ], [ 6.7709439, 5.7191265 ], [ 6.7708095, 5.7186454 ], [ 6.7704998, 5.7182083 ], [ 6.7700832, 5.7178919 ], [ 6.7697926, 5.7177421 ], [ 6.7692393, 5.7176894 ], [ 6.7688411, 5.7177316 ], [ 6.7684643, 5.7179064 ], [ 6.7675106, 5.7185029 ], [ 6.7668683, 5.7187615 ], [ 6.7664206, 5.7188282 ], [ 6.7660152, 5.718787 ], [ 6.7656304, 5.7185571 ], [ 6.7653245, 5.7182086 ], [ 6.7651104, 5.7177607 ], [ 6.7650881, 5.717352 ], [ 6.7651672, 5.7169575 ], [ 6.7656483, 5.71649 ], [ 6.7669845, 5.7157181 ], [ 6.7674174, 5.7153842 ], [ 6.7681822, 5.7145936 ], [ 6.7687863, 5.7142644 ], [ 6.7694327, 5.7141277 ], [ 6.7699687, 5.714204 ], [ 6.770303, 5.7143973 ], [ 6.7708311, 5.715195 ], [ 6.7712911, 5.7155235 ], [ 6.7718631, 5.7154567 ], [ 6.7723918, 5.7150472 ], [ 6.7726204, 5.7143608 ], [ 6.7726203, 5.7139553 ], [ 6.7725436, 5.7132235 ], [ 6.7726549, 5.7127882 ], [ 6.7734032, 5.7119227 ], [ 6.7739011, 5.7110618 ], [ 6.7743566, 5.7096656 ], [ 6.7745301, 5.7087491 ], [ 6.774458, 5.7078014 ], [ 6.7740799, 5.7066598 ], [ 6.7735541, 5.7059028 ], [ 6.7727167, 5.7050664 ], [ 6.7720916, 5.7048216 ], [ 6.7714801, 5.7048832 ], [ 6.7707916, 5.7048319 ], [ 6.7700441, 5.7043738 ], [ 6.7695926, 5.7036593 ], [ 6.7694726, 5.7027676 ], [ 6.7696535, 5.7018237 ], [ 6.7701278, 5.7008259 ], [ 6.7709068, 5.7000076 ], [ 6.7714646, 5.6997375 ], [ 6.772139, 5.6996904 ], [ 6.7729254, 5.6999694 ], [ 6.7737817, 5.7007251 ], [ 6.7742892, 5.7010697 ], [ 6.7751814, 5.7016764 ], [ 6.7758177, 5.7025821 ], [ 6.776276, 5.7032879 ], [ 6.7765637, 5.7035402 ] ] ] } },
{ "type": "Feature", "properties": { "name": null, "waterway": "river" }, "geometry": { "type": "LineString", "coordinates": [ [ 7.0693791, 5.8189591 ], [ 7.0691547, 5.8190751 ], [ 7.0690286, 5.8190937 ], [ 7.0688418, 5.8190937 ], [ 7.0687204, 5.8190426 ], [ 7.0684869, 5.8188521 ], [ 7.0682908, 5.8186569 ], [ 7.0680479, 5.8186709 ], [ 7.0678938, 5.8187499 ], [ 7.0678378, 5.8189218 ], [ 7.0678051, 5.8191401 ], [ 7.0677304, 5.8192098 ], [ 7.0675109, 5.8193445 ], [ 7.0672634, 5.8193771 ], [ 7.0669738, 5.8193352 ], [ 7.0666609, 5.8194003 ], [ 7.0664414, 5.8195861 ], [ 7.0663434, 5.819758 ], [ 7.0662873, 5.8198695 ], [ 7.0663434, 5.8200507 ], [ 7.0664741, 5.8201947 ], [ 7.0666609, 5.820297 ], [ 7.0669365, 5.8203202 ], [ 7.0669925, 5.820427 ], [ 7.0669084, 5.8205943 ], [ 7.0666516, 5.8207104 ], [ 7.0663761, 5.8207151 ], [ 7.0661285, 5.8206779 ], [ 7.0659838, 5.8207104 ], [ 7.065853, 5.8208498 ], [ 7.0658163, 5.8210679 ], [ 7.0658071, 5.8212242 ], [ 7.065727, 5.8214295 ], [ 7.0656869, 5.8216472 ], [ 7.0657116, 5.8217422 ], [ 7.0657886, 5.8218035 ], [ 7.065881, 5.8218954 ], [ 7.0659149, 5.8220487 ], [ 7.0658718, 5.8222234 ], [ 7.0658163, 5.822297 ], [ 7.0656149, 5.822431 ], [ 7.0652396, 5.8226441 ], [ 7.0650444, 5.8227816 ], [ 7.0649062, 5.8230404 ], [ 7.0647192, 5.8232063 ], [ 7.0644996, 5.8233074 ], [ 7.0643777, 5.8234125 ], [ 7.0642882, 5.8236795 ], [ 7.06415, 5.8237563 ], [ 7.0640728, 5.8239424 ], [ 7.0641703, 5.8242578 ], [ 7.0640524, 5.8245409 ], [ 7.0640037, 5.8246663 ], [ 7.0640158, 5.8247674 ], [ 7.064085, 5.824913 ], [ 7.0642598, 5.8251436 ], [ 7.0643004, 5.8252245 ], [ 7.0642801, 5.8253054 ], [ 7.0640809, 5.8253579 ], [ 7.0639183, 5.8253094 ], [ 7.0638126, 5.8251517 ], [ 7.0636906, 5.8251436 ], [ 7.0635361, 5.8252245 ], [ 7.0633207, 5.825544 ], [ 7.0632028, 5.8259403 ], [ 7.0632028, 5.82609 ], [ 7.0632881, 5.8262275 ], [ 7.0635199, 5.8264499 ], [ 7.0638007, 5.8269011 ], [ 7.063886, 5.8273864 ], [ 7.0638332, 5.8275886 ], [ 7.0637478, 5.8276938 ], [ 7.0634917, 5.8277626 ], [ 7.0633941, 5.8278475 ], [ 7.0633738, 5.8279446 ], [ 7.0633941, 5.8280457 ], [ 7.0633657, 5.8281104 ], [ 7.0632559, 5.828167 ], [ 7.0631055, 5.8281913 ], [ 7.0629957, 5.8282196 ], [ 7.0629591, 5.8282883 ], [ 7.0629835, 5.8283773 ], [ 7.0630364, 5.8285634 ], [ 7.0631339, 5.8287049 ], [ 7.0633413, 5.8290689 ], [ 7.0633413, 5.8291943 ], [ 7.0633087, 5.8293035 ], [ 7.0631583, 5.8294572 ], [ 7.0629388, 5.8295906 ], [ 7.062764, 5.8295826 ], [ 7.0625729, 5.8294814 ], [ 7.0624916, 5.8295138 ], [ 7.0624387, 5.8296473 ], [ 7.0624875, 5.8298576 ], [ 7.0624997, 5.8300315 ], [ 7.062394, 5.8301771 ], [ 7.0621867, 5.8304036 ], [ 7.0618345, 5.8306606 ], [ 7.0615514, 5.8308085 ], [ 7.0613426, 5.8309881 ], [ 7.0612506, 5.8310127 ], [ 7.0611692, 5.8311113 ], [ 7.0609462, 5.8313578 ], [ 7.0608082, 5.8315937 ], [ 7.0607905, 5.8317768 ], [ 7.0607232, 5.8319282 ], [ 7.0605003, 5.8320936 ], [ 7.0604082, 5.8322063 ], [ 7.060433, 5.8323366 ], [ 7.0605604, 5.8325021 ], [ 7.0605215, 5.8326675 ], [ 7.0604189, 5.8327802 ], [ 7.0602844, 5.8328365 ], [ 7.0601074, 5.8329985 ], [ 7.0601145, 5.8331745 ], [ 7.0601145, 5.8333823 ], [ 7.0600331, 5.8334914 ], [ 7.0599092, 5.8335302 ], [ 7.0598066, 5.833583 ], [ 7.0597641, 5.8337168 ], [ 7.0597995, 5.8338189 ], [ 7.0599198, 5.8340442 ], [ 7.0600225, 5.8342167 ], [ 7.0601039, 5.8345019 ], [ 7.0600437, 5.8345759 ], [ 7.0599588, 5.8345688 ], [ 7.0597853, 5.8344104 ], [ 7.0596933, 5.8342449 ], [ 7.0595978, 5.8342202 ], [ 7.0594739, 5.834266 ], [ 7.0594739, 5.8343998 ], [ 7.0595164, 5.8346111 ], [ 7.0595871, 5.8348188 ], [ 7.0595871, 5.8349526 ], [ 7.0595411, 5.8350758 ], [ 7.0593146, 5.835354 ], [ 7.0591978, 5.8354138 ], [ 7.0589005, 5.8354244 ], [ 7.0588262, 5.8354525 ], [ 7.0587802, 5.8355089 ], [ 7.0587519, 5.8356215 ], [ 7.0588191, 5.8357765 ], [ 7.0590103, 5.8359631 ], [ 7.0591554, 5.8360194 ], [ 7.0595978, 5.8361638 ], [ 7.0597075, 5.8362623 ], [ 7.0597429, 5.8363891 ], [ 7.0598278, 5.8365511 ], [ 7.0600335, 5.8366856 ], [ 7.0601891, 5.8366856 ], [ 7.0602856, 5.8367283 ], [ 7.0603339, 5.8368431 ], [ 7.0603471, 5.8375112 ], [ 7.0603378, 5.8377389 ], [ 7.0602257, 5.8380037 ], [ 7.0601323, 5.838171 ], [ 7.0597727, 5.8383754 ], [ 7.0594878, 5.8385519 ], [ 7.0593851, 5.8386402 ], [ 7.059273, 5.8387981 ], [ 7.059217, 5.838984 ], [ 7.0591983, 5.8391884 ], [ 7.0593711, 5.8394996 ], [ 7.0593991, 5.8397273 ], [ 7.0593291, 5.8399363 ], [ 7.0590535, 5.8400943 ], [ 7.0588901, 5.8400664 ], [ 7.0587546, 5.8400432 ], [ 7.0586379, 5.8401129 ], [ 7.0585071, 5.8402987 ], [ 7.0584464, 5.8405031 ], [ 7.0584044, 5.8407308 ], [ 7.0583484, 5.841042 ], [ 7.0584184, 5.8413394 ], [ 7.0583343, 5.8415531 ], [ 7.0582503, 5.8416599 ], [ 7.0580355, 5.84179 ], [ 7.0579374, 5.8419201 ], [ 7.057872, 5.8421524 ], [ 7.0576338, 5.8428258 ], [ 7.0574356, 5.8432976 ], [ 7.0574285, 5.8434596 ], [ 7.0574356, 5.843706 ], [ 7.057386, 5.8438328 ], [ 7.0572498, 5.8440219 ], [ 7.0571725, 5.8441715 ], [ 7.0571319, 5.8443575 ], [ 7.0571441, 5.8446123 ], [ 7.0572091, 5.8447862 ], [ 7.0573473, 5.8449642 ], [ 7.057323, 5.8453039 ], [ 7.0572416, 5.845494 ], [ 7.057079, 5.8457003 ], [ 7.057075, 5.8458337 ], [ 7.0570831, 5.8459429 ], [ 7.0573026, 5.8461937 ], [ 7.0575628, 5.8464889 ], [ 7.0576238, 5.8467113 ], [ 7.0576157, 5.8469014 ], [ 7.0575588, 5.8471886 ], [ 7.0574896, 5.8473301 ], [ 7.0573311, 5.8474636 ], [ 7.057075, 5.8475849 ], [ 7.0569083, 5.8476415 ], [ 7.056766, 5.8478154 ], [ 7.0567457, 5.8479934 ], [ 7.0566969, 5.8480824 ], [ 7.0565871, 5.8481471 ], [ 7.0564367, 5.8481632 ], [ 7.0563391, 5.8482563 ], [ 7.0563716, 5.8483735 ], [ 7.0565058, 5.848507 ], [ 7.0565261, 5.8486405 ], [ 7.0564204, 5.848778 ], [ 7.0562115, 5.8488133 ], [ 7.0560328, 5.8486784 ], [ 7.0559219, 5.8485681 ], [ 7.0555953, 5.8485375 ], [ 7.0553981, 5.8484884 ], [ 7.0552255, 5.8483168 ], [ 7.0551393, 5.8483106 ], [ 7.0550468, 5.8483781 ], [ 7.0549606, 5.8485742 ], [ 7.054788, 5.848703 ], [ 7.0545908, 5.848703 ], [ 7.0544861, 5.8486049 ], [ 7.0544676, 5.8484332 ], [ 7.054332, 5.8483842 ], [ 7.0542458, 5.8484087 ], [ 7.0541903, 5.8485558 ], [ 7.0540178, 5.8485436 ], [ 7.0539438, 5.84847 ], [ 7.0539315, 5.84828 ], [ 7.0538514, 5.8481758 ], [ 7.0537343, 5.8481942 ], [ 7.0536542, 5.8482861 ], [ 7.0536542, 5.8485007 ], [ 7.0536912, 5.8487214 ], [ 7.0538772, 5.8491553 ], [ 7.0539635, 5.8493515 ], [ 7.0541545, 5.849471 ], [ 7.0542932, 5.8495047 ], [ 7.0544472, 5.8495262 ], [ 7.0545181, 5.849612 ], [ 7.0545397, 5.8497775 ], [ 7.0545119, 5.8499032 ], [ 7.0544411, 5.8499706 ], [ 7.0543579, 5.8499737 ], [ 7.0542993, 5.8499399 ], [ 7.0541299, 5.8498112 ], [ 7.053982, 5.8497101 ], [ 7.0538421, 5.8496917 ], [ 7.0537571, 5.8497162 ], [ 7.0534772, 5.849875 ], [ 7.0533294, 5.8499731 ], [ 7.0532246, 5.8501815 ], [ 7.0532308, 5.8503409 ], [ 7.0533294, 5.8505309 ], [ 7.0534156, 5.8506719 ], [ 7.0534156, 5.8508068 ], [ 7.0532862, 5.8510152 ], [ 7.053089, 5.8511623 ], [ 7.0529411, 5.8513217 ], [ 7.0528734, 5.8515424 ], [ 7.0529103, 5.851714 ], [ 7.0530151, 5.8518244 ], [ 7.0532246, 5.8518673 ], [ 7.0534711, 5.8519286 ], [ 7.0535204, 5.852045 ], [ 7.0533971, 5.8522228 ], [ 7.0532924, 5.8523454 ], [ 7.0532924, 5.8525232 ], [ 7.0533602, 5.8526764 ], [ 7.0534588, 5.8528297 ], [ 7.0534403, 5.8529523 ], [ 7.0533478, 5.852989 ], [ 7.0531876, 5.8529461 ], [ 7.0529966, 5.8528848 ], [ 7.052861, 5.8528848 ], [ 7.052633, 5.8529461 ], [ 7.0524975, 5.8530074 ], [ 7.0523927, 5.8530013 ], [ 7.052288, 5.8529339 ], [ 7.0520723, 5.8529339 ], [ 7.0518443, 5.8530626 ], [ 7.0517642, 5.8531546 ], [ 7.0517519, 5.8533262 ], [ 7.0519306, 5.8536511 ], [ 7.0519429, 5.8539024 ], [ 7.051832, 5.8540557 ], [ 7.0516902, 5.8540557 ], [ 7.0514499, 5.853976 ], [ 7.0513698, 5.8539085 ], [ 7.0512774, 5.8537246 ], [ 7.0511172, 5.8536879 ], [ 7.0510124, 5.8537185 ], [ 7.0510001, 5.8538105 ], [ 7.0510802, 5.8539331 ], [ 7.0511911, 5.8539944 ], [ 7.0512034, 5.8541047 ], [ 7.051148, 5.8541476 ], [ 7.0509138, 5.8541905 ], [ 7.0507351, 5.8541905 ], [ 7.0505194, 5.8543009 ], [ 7.0502668, 5.854589 ], [ 7.0501312, 5.8549752 ], [ 7.0501312, 5.8551161 ], [ 7.0501928, 5.8552694 ], [ 7.0502668, 5.8554656 ], [ 7.050273, 5.8557659 ], [ 7.0502483, 5.8558824 ], [ 7.049971, 5.8562257 ], [ 7.0498108, 5.856526 ], [ 7.0497615, 5.856857 ], [ 7.0498601, 5.8571942 ], [ 7.0500141, 5.8573904 ], [ 7.050008, 5.8575191 ], [ 7.0499279, 5.857844 ], [ 7.0495212, 5.8583834 ], [ 7.0492254, 5.8585673 ], [ 7.049059, 5.8588309 ], [ 7.0490467, 5.8591067 ], [ 7.0491946, 5.8594194 ], [ 7.0493425, 5.8597197 ], [ 7.0495951, 5.8597933 ], [ 7.0499094, 5.8598117 ], [ 7.0499094, 5.8599588 ], [ 7.04978, 5.860204 ], [ 7.049706, 5.8602775 ], [ 7.0494842, 5.8602898 ], [ 7.049324, 5.860443 ], [ 7.0492254, 5.8606515 ], [ 7.0492069, 5.8608905 ], [ 7.0492624, 5.8610376 ], [ 7.0492316, 5.8611235 ], [ 7.0491823, 5.8611541 ], [ 7.0490713, 5.8611296 ], [ 7.0490036, 5.8610009 ], [ 7.0488618, 5.8609396 ], [ 7.0487941, 5.8609763 ], [ 7.0487201, 5.8611786 ], [ 7.0486154, 5.8616813 ], [ 7.0486215, 5.8618407 ], [ 7.0487694, 5.8620307 ], [ 7.0489543, 5.8621349 ], [ 7.0489851, 5.8621962 ], [ 7.0489728, 5.8622759 ], [ 7.0488125, 5.862423 ], [ 7.0485845, 5.8624782 ], [ 7.0484243, 5.8625149 ], [ 7.0482456, 5.8626375 ], [ 7.0481039, 5.8628889 ], [ 7.0480916, 5.8630237 ], [ 7.0481224, 5.8631218 ], [ 7.0484182, 5.8633915 ], [ 7.0485907, 5.8635264 ], [ 7.0485969, 5.863698 ], [ 7.0485106, 5.8638267 ], [ 7.0483504, 5.8638635 ], [ 7.0482826, 5.8639003 ], [ 7.0482456, 5.8640045 ], [ 7.0482703, 5.8640781 ], [ 7.0483627, 5.8641884 ], [ 7.0485845, 5.8643723 ], [ 7.0487263, 5.864642 ], [ 7.0487756, 5.8649301 ], [ 7.0487756, 5.8652366 ], [ 7.0487201, 5.8654021 ], [ 7.0486338, 5.865537 ], [ 7.0484243, 5.8656718 ], [ 7.0483196, 5.8659599 ], [ 7.0481902, 5.8663338 ], [ 7.0480916, 5.8668855 ], [ 7.04803, 5.8671736 ], [ 7.0481162, 5.8676334 ], [ 7.0480916, 5.8678234 ], [ 7.0480484, 5.8680073 ], [ 7.0480828, 5.8682698 ], [ 7.0482008, 5.8685687 ], [ 7.0484476, 5.8690436 ], [ 7.0486514, 5.8695666 ], [ 7.048689, 5.8698867 ], [ 7.0486461, 5.8700628 ], [ 7.0485763, 5.8702283 ], [ 7.0481257, 5.8707192 ], [ 7.0479111, 5.8710394 ], [ 7.0477663, 5.8712475 ], [ 7.0475088, 5.8719359 ], [ 7.0473479, 5.8723521 ], [ 7.0472138, 5.8726402 ], [ 7.0471333, 5.8727523 ], [ 7.0467631, 5.8730191 ], [ 7.0465325, 5.8732272 ], [ 7.0464252, 5.8733713 ], [ 7.046393, 5.8735901 ], [ 7.0463984, 5.8738356 ], [ 7.0463501, 5.8739957 ], [ 7.0461409, 5.8743425 ], [ 7.0460175, 5.8744919 ], [ 7.0459639, 5.874668 ], [ 7.0459639, 5.8747908 ], [ 7.0460765, 5.8750522 ], [ 7.0460711, 5.8752603 ], [ 7.0460229, 5.8753777 ], [ 7.045937, 5.8755272 ], [ 7.0459263, 5.8757086 ], [ 7.0459853, 5.8758367 ], [ 7.0462106, 5.8759967 ], [ 7.0464252, 5.8760394 ], [ 7.0465164, 5.8759594 ], [ 7.0465754, 5.8757833 ], [ 7.0466451, 5.8756392 ], [ 7.0468114, 5.8756179 ], [ 7.0469616, 5.875778 ], [ 7.0470475, 5.8759594 ], [ 7.0470434, 5.8762999 ], [ 7.047001, 5.8765252 ], [ 7.0471001, 5.8766801 ], [ 7.0471779, 5.8768562 ], [ 7.047093, 5.8770744 ], [ 7.0469797, 5.8772012 ], [ 7.0464559, 5.8774899 ], [ 7.0462448, 5.877687 ], [ 7.0462042, 5.8777598 ], [ 7.0460985, 5.8778083 ], [ 7.0459155, 5.8778488 ], [ 7.0458627, 5.8778771 ], [ 7.0458058, 5.8779579 ], [ 7.0457854, 5.8780469 ], [ 7.0457651, 5.8781318 ], [ 7.0456228, 5.8782168 ], [ 7.0455659, 5.878237 ], [ 7.0454886, 5.8782168 ], [ 7.0453382, 5.8781885 ], [ 7.0452163, 5.8782329 ], [ 7.0450508, 5.8782729 ], [ 7.0449317, 5.8783017 ], [ 7.0448057, 5.8783785 ], [ 7.0447081, 5.8784392 ], [ 7.0446308, 5.8784351 ], [ 7.0445739, 5.8783704 ], [ 7.0445495, 5.8782491 ], [ 7.0445455, 5.8780752 ], [ 7.0445292, 5.8779175 ], [ 7.0444438, 5.8778407 ], [ 7.0443422, 5.8778124 ], [ 7.0441877, 5.8778043 ], [ 7.0440535, 5.877776 ], [ 7.0439519, 5.8777598 ], [ 7.0438869, 5.8777719 ], [ 7.043834, 5.8778407 ], [ 7.0438218, 5.8778973 ], [ 7.0438177, 5.8781359 ], [ 7.0437933, 5.8782249 ], [ 7.043712, 5.8783179 ], [ 7.0435494, 5.8783543 ], [ 7.0434397, 5.8783785 ], [ 7.0433665, 5.878516 ], [ 7.0433949, 5.8785726 ], [ 7.04346, 5.8785969 ], [ 7.0435616, 5.878605 ], [ 7.0437771, 5.8785888 ], [ 7.0439031, 5.8786414 ], [ 7.0439316, 5.8787263 ], [ 7.0439641, 5.8789123 ], [ 7.04396, 5.8791429 ], [ 7.0438665, 5.8792399 ], [ 7.043773, 5.8792561 ], [ 7.0436226, 5.8792116 ], [ 7.0433909, 5.8790135 ], [ 7.0431388, 5.8789083 ], [ 7.0430168, 5.87888 ], [ 7.0429193, 5.8789285 ], [ 7.0428827, 5.8790903 ], [ 7.0428542, 5.8793087 ], [ 7.0428786, 5.8795473 ], [ 7.0429355, 5.8797737 ], [ 7.0430128, 5.8799881 ], [ 7.0429681, 5.8800973 ], [ 7.0429396, 5.8802226 ], [ 7.0430372, 5.8804895 ], [ 7.0430168, 5.8805664 ], [ 7.0429274, 5.880623 ], [ 7.0428176, 5.8806068 ], [ 7.0427038, 5.8805826 ], [ 7.0425493, 5.8806432 ], [ 7.0425371, 5.8807362 ], [ 7.0425859, 5.8808292 ], [ 7.0426875, 5.8808939 ], [ 7.0428542, 5.8809789 ], [ 7.0429803, 5.8811245 ], [ 7.0430534, 5.8812498 ], [ 7.0430575, 5.8813509 ], [ 7.0430046, 5.8814925 ], [ 7.0428054, 5.8816542 ], [ 7.0426916, 5.8816906 ], [ 7.0426062, 5.8817351 ], [ 7.0426022, 5.88182 ], [ 7.0427363, 5.8822972 ], [ 7.0427648, 5.8823983 ], [ 7.0428298, 5.8824509 ], [ 7.0429803, 5.8824671 ], [ 7.0432892, 5.8824266 ], [ 7.0435413, 5.8824752 ], [ 7.0436551, 5.8825399 ], [ 7.0436551, 5.8827138 ], [ 7.0436389, 5.8828513 ], [ 7.0434803, 5.8829402 ], [ 7.0433096, 5.8829443 ], [ 7.0431429, 5.8828958 ], [ 7.0430575, 5.8829038 ], [ 7.0429965, 5.8829605 ], [ 7.0429965, 5.8830373 ], [ 7.0431266, 5.8831303 ], [ 7.0434071, 5.8832112 ], [ 7.0435535, 5.883288 ], [ 7.0436063, 5.8834296 ], [ 7.043586, 5.8834943 ], [ 7.0434803, 5.8835307 ], [ 7.0433177, 5.8835226 ], [ 7.0431429, 5.8835024 ], [ 7.0429477, 5.8834255 ], [ 7.0428583, 5.8833487 ], [ 7.0427973, 5.8831627 ], [ 7.0427201, 5.8830656 ], [ 7.0426144, 5.8830494 ], [ 7.0425331, 5.8830818 ], [ 7.0425005, 5.8831586 ], [ 7.0425005, 5.8832759 ], [ 7.0425493, 5.8834053 ], [ 7.0425331, 5.8836116 ], [ 7.042468, 5.8837652 ], [ 7.0423176, 5.8838825 ], [ 7.0422363, 5.8839715 ], [ 7.0422322, 5.8840362 ], [ 7.042281, 5.8841171 ], [ 7.0424802, 5.8841575 ], [ 7.0426631, 5.8841575 ], [ 7.0427201, 5.8842141 ], [ 7.0427241, 5.8843395 ], [ 7.0427241, 5.8844365 ], [ 7.0427851, 5.8845134 ], [ 7.0428542, 5.884566 ], [ 7.0430331, 5.8846145 ], [ 7.04309, 5.8846751 ], [ 7.0430778, 5.8847843 ], [ 7.0430168, 5.8848652 ], [ 7.0429111, 5.8849016 ], [ 7.0427567, 5.8849987 ], [ 7.0426916, 5.8851362 ], [ 7.0426469, 5.8853788 ], [ 7.0427363, 5.8856821 ], [ 7.0429152, 5.8859328 ], [ 7.0430331, 5.8860218 ], [ 7.0431144, 5.8861553 ], [ 7.0432079, 5.8862361 ], [ 7.0432852, 5.8862321 ], [ 7.0433461, 5.886224 ], [ 7.0433868, 5.8861674 ], [ 7.0434234, 5.8860339 ], [ 7.0434681, 5.8859652 ], [ 7.0435535, 5.8859531 ], [ 7.0436389, 5.8860056 ], [ 7.0437161, 5.886042 ], [ 7.0438503, 5.8860501 ], [ 7.0439478, 5.886131 ], [ 7.0439275, 5.8862806 ], [ 7.0438625, 5.8864464 ], [ 7.043586, 5.8867902 ], [ 7.0434031, 5.8869722 ], [ 7.042982, 5.8872033 ], [ 7.0428367, 5.8873021 ], [ 7.0428041, 5.8874461 ], [ 7.0428041, 5.8875901 ], [ 7.0427807, 5.887683 ], [ 7.0427153, 5.8876969 ], [ 7.0425659, 5.887683 ], [ 7.0425098, 5.8877573 ], [ 7.0424585, 5.8878549 ], [ 7.0424445, 5.8880221 ], [ 7.042295, 5.8882358 ], [ 7.0421829, 5.8883519 ], [ 7.0420755, 5.8883984 ], [ 7.0417907, 5.8884634 ], [ 7.0416132, 5.8885006 ], [ 7.0414544, 5.8886214 ], [ 7.041361, 5.8887421 ], [ 7.0411742, 5.888993 ], [ 7.0410621, 5.8891463 ], [ 7.0410108, 5.8894715 ], [ 7.0409407, 5.8896387 ], [ 7.0408894, 5.8897641 ], [ 7.0407166, 5.8899267 ], [ 7.0405251, 5.8900428 ], [ 7.0403897, 5.8902147 ], [ 7.0403663, 5.8904052 ], [ 7.0404457, 5.8907211 ], [ 7.0405905, 5.890958 ], [ 7.0408006, 5.8910788 ], [ 7.040894, 5.8911206 ], [ 7.0409267, 5.8912692 ], [ 7.0409454, 5.8913714 ], [ 7.0409174, 5.8914318 ], [ 7.040824, 5.8915294 ], [ 7.0407399, 5.8915294 ], [ 7.0406885, 5.8914364 ], [ 7.0406325, 5.8913668 ], [ 7.0405158, 5.8913575 ], [ 7.0404083, 5.8913946 ], [ 7.0402636, 5.8915154 ], [ 7.0401889, 5.8916315 ], [ 7.0401889, 5.891743 ], [ 7.0402169, 5.8918731 ], [ 7.0402075, 5.8919939 ], [ 7.0401562, 5.8920589 ], [ 7.0400674, 5.8920821 ], [ 7.0399787, 5.8920775 ], [ 7.0398106, 5.8920914 ], [ 7.0397172, 5.8920914 ], [ 7.0396331, 5.8920729 ], [ 7.0395677, 5.8920218 ], [ 7.0395491, 5.8918917 ], [ 7.0396191, 5.8917477 ], [ 7.0396051, 5.891678 ], [ 7.039521, 5.891599 ], [ 7.0394276, 5.8915944 ], [ 7.0393202, 5.8916408 ], [ 7.0392549, 5.8917152 ], [ 7.0392502, 5.8918499 ], [ 7.0392922, 5.8919939 ], [ 7.0392875, 5.8920868 ], [ 7.0391615, 5.892124 ], [ 7.039026, 5.89211 ], [ 7.0389186, 5.8922122 ], [ 7.0388285, 5.8923995 ], [ 7.0387864, 5.8925342 ], [ 7.0388705, 5.8929616 ], [ 7.0389265, 5.8931938 ], [ 7.0388471, 5.8933518 ], [ 7.0387584, 5.8933889 ], [ 7.0384268, 5.8933611 ], [ 7.0383148, 5.8933889 ], [ 7.0381793, 5.8935376 ], [ 7.038156, 5.8936816 ], [ 7.0382027, 5.8939789 ], [ 7.038212, 5.8941461 ], [ 7.0381747, 5.8942762 ], [ 7.0380486, 5.8943505 ], [ 7.0379131, 5.8943505 ], [ 7.0376656, 5.8945781 ], [ 7.0375068, 5.8947779 ], [ 7.0374555, 5.8949033 ], [ 7.0374275, 5.8950148 ], [ 7.0373574, 5.8950984 ], [ 7.0371846, 5.8950798 ], [ 7.0370585, 5.894973 ], [ 7.0369464, 5.8947825 ], [ 7.036839, 5.8947407 ], [ 7.036755, 5.8947407 ], [ 7.0366616, 5.8948104 ], [ 7.0365915, 5.894908 ], [ 7.0365962, 5.8950473 ], [ 7.0366756, 5.8952331 ], [ 7.0367503, 5.8954886 ], [ 7.0367503, 5.8957023 ], [ 7.0367503, 5.8960275 ], [ 7.0366989, 5.8961947 ], [ 7.0365448, 5.8963852 ], [ 7.03633, 5.8965524 ], [ 7.0361852, 5.8968636 ], [ 7.0361806, 5.897082 ], [ 7.0362086, 5.897226 ], [ 7.0363253, 5.897435 ], [ 7.0363954, 5.8975929 ], [ 7.03633, 5.8976998 ], [ 7.0361572, 5.897788 ], [ 7.035849, 5.8978902 ], [ 7.0356575, 5.8979413 ], [ 7.0355314, 5.8979228 ], [ 7.0353773, 5.8978438 ], [ 7.0352699, 5.8978484 ], [ 7.0351999, 5.8978902 ], [ 7.0351065, 5.8979878 ], [ 7.0351065, 5.8982154 ], [ 7.0351718, 5.8983408 ], [ 7.0352839, 5.8984291 ], [ 7.0353493, 5.8985638 ], [ 7.0353306, 5.898666 ], [ 7.0351999, 5.8987961 ], [ 7.0350364, 5.8988425 ], [ 7.0348203, 5.8988349 ], [ 7.0346007, 5.8987177 ], [ 7.0343283, 5.898661 ], [ 7.0340763, 5.898661 ], [ 7.0338689, 5.8987258 ], [ 7.0336819, 5.8987258 ], [ 7.0335356, 5.8986732 ], [ 7.0334461, 5.8985883 ], [ 7.0333892, 5.8984629 ], [ 7.033373, 5.898192 ], [ 7.0332225, 5.897739 ], [ 7.0331128, 5.897646 ], [ 7.0330193, 5.8976137 ], [ 7.0329623, 5.8976339 ], [ 7.0328439, 5.8977937 ], [ 7.0327179, 5.8979353 ], [ 7.0326569, 5.8981294 ], [ 7.0326569, 5.8984044 ], [ 7.0326488, 5.8984812 ], [ 7.032539, 5.8986146 ], [ 7.032413, 5.8986874 ], [ 7.0322951, 5.8986915 ], [ 7.032165, 5.8985944 ], [ 7.0320674, 5.8984731 ], [ 7.0320105, 5.8982749 ], [ 7.0319821, 5.8980525 ], [ 7.0319333, 5.8978746 ], [ 7.0318479, 5.8977856 ], [ 7.0317259, 5.8977331 ], [ 7.0315633, 5.8977897 ], [ 7.0312875, 5.8979831 ], [ 7.0312017, 5.8981112 ], [ 7.0311856, 5.8983513 ], [ 7.0311856, 5.8985647 ], [ 7.0311856, 5.8987408 ], [ 7.0309925, 5.8988849 ], [ 7.0306653, 5.8990023 ], [ 7.0301342, 5.8990236 ], [ 7.0293496, 5.8990513 ], [ 7.0291301, 5.8990374 ], [ 7.0290367, 5.8989863 ], [ 7.0289433, 5.8988887 ], [ 7.0289153, 5.8986611 ], [ 7.0288639, 5.898545 ], [ 7.0286818, 5.8984149 ], [ 7.0285137, 5.8983266 ], [ 7.0283643, 5.8983266 ], [ 7.0282475, 5.8983824 ], [ 7.028056, 5.89861 ], [ 7.0278832, 5.8988887 ], [ 7.0277105, 5.8993997 ], [ 7.0274116, 5.8998921 ], [ 7.0271641, 5.9001197 ], [ 7.0268418, 5.9002312 ], [ 7.0265803, 5.9002405 ], [ 7.0263842, 5.9002033 ], [ 7.0263001, 5.9002033 ], [ 7.0261554, 5.9002776 ], [ 7.0260433, 5.9004263 ], [ 7.0260386, 5.9007143 ], [ 7.0261413, 5.9009698 ], [ 7.0263608, 5.9012532 ], [ 7.0265383, 5.901425 ], [ 7.0266083, 5.901569 ], [ 7.0265943, 5.901713 ], [ 7.0264219, 5.9020577 ], [ 7.0261671, 5.9023746 ], [ 7.025718, 5.9025783 ], [ 7.0253464, 5.9025607 ], [ 7.0251376, 5.9024938 ], [ 7.0249783, 5.9023671 ], [ 7.0248191, 5.9023424 ], [ 7.0246881, 5.9023671 ], [ 7.0245855, 5.902434 ], [ 7.0244899, 5.9025713 ], [ 7.0242776, 5.9026698 ], [ 7.0241289, 5.9026522 ], [ 7.0240511, 5.9025924 ], [ 7.023998, 5.9024938 ], [ 7.0239307, 5.9023495 ], [ 7.0238635, 5.9023213 ], [ 7.0235485, 5.9023495 ], [ 7.0234105, 5.9024129 ], [ 7.0232087, 5.9025924 ], [ 7.0230636, 5.9027614 ], [ 7.0229362, 5.9028494 ], [ 7.0228265, 5.9028529 ], [ 7.0226071, 5.9027755 ], [ 7.0225221, 5.9026874 ], [ 7.0224089, 5.9026628 ], [ 7.022193, 5.9027262 ], [ 7.0220585, 5.9028388 ], [ 7.0219346, 5.903043 ], [ 7.0218568, 5.9033035 ], [ 7.0218532, 5.903557 ], [ 7.0218072, 5.9036872 ], [ 7.0215949, 5.9039654 ], [ 7.0214604, 5.9040639 ], [ 7.0212728, 5.9040745 ], [ 7.02111, 5.9040393 ], [ 7.0210144, 5.9039231 ], [ 7.0209578, 5.9037788 ], [ 7.0209614, 5.9034936 ], [ 7.0208693, 5.9030113 ], [ 7.0206499, 5.9027473 ], [ 7.0203986, 5.9025713 ], [ 7.0202394, 5.9025185 ], [ 7.0199173, 5.902522 ], [ 7.0196943, 5.9025959 ], [ 7.0194885, 5.9026324 ], [ 7.0192266, 5.9025191 ], [ 7.019051, 5.9023934 ], [ 7.0188939, 5.9022555 ], [ 7.0186505, 5.9022156 ], [ 7.0184718, 5.9022248 ], [ 7.0182345, 5.9023934 ], [ 7.0181636, 5.9025282 ], [ 7.0181698, 5.9026754 ], [ 7.0181482, 5.9027458 ], [ 7.0181051, 5.9027857 ], [ 7.0180004, 5.9027612 ], [ 7.0179418, 5.9027183 ], [ 7.017874, 5.9026049 ], [ 7.0178032, 5.9024516 ], [ 7.0177107, 5.9024149 ], [ 7.0176121, 5.902421 ], [ 7.0175474, 5.90247 ], [ 7.0175289, 5.902562 ], [ 7.0175875, 5.9028102 ], [ 7.0176121, 5.9029849 ], [ 7.0175659, 5.9030707 ], [ 7.0174858, 5.9031075 ], [ 7.0173348, 5.9030799 ], [ 7.017187, 5.9029849 ], [ 7.0169497, 5.902942 ], [ 7.016848, 5.9028746 ], [ 7.0167833, 5.9027949 ], [ 7.0167587, 5.9026662 ], [ 7.0167957, 5.9025528 ], [ 7.0167957, 5.9024394 ], [ 7.0166704, 5.9023345 ], [ 7.0164996, 5.9022941 ], [ 7.0164183, 5.9022941 ], [ 7.0163573, 5.9023507 ], [ 7.0162963, 5.9025084 ], [ 7.0162232, 5.9026297 ], [ 7.016154, 5.9026499 ], [ 7.0160727, 5.9026176 ], [ 7.0159304, 5.902468 ], [ 7.0157394, 5.9023871 ], [ 7.0154832, 5.902472 ], [ 7.0152596, 5.9027146 ], [ 7.0151783, 5.9029532 ], [ 7.0151499, 5.903111 ], [ 7.0150564, 5.903208 ], [ 7.0149669, 5.9032242 ], [ 7.0147799, 5.9030665 ], [ 7.0146498, 5.9027955 ], [ 7.0145807, 5.9023992 ], [ 7.0144222, 5.902104 ], [ 7.0141091, 5.9019948 ], [ 7.0138205, 5.9020151 ], [ 7.01367, 5.9021445 ], [ 7.0136538, 5.9024478 ], [ 7.0137839, 5.9029128 ], [ 7.0138855, 5.9031231 ], [ 7.0138855, 5.9034062 ], [ 7.0137757, 5.9035153 ], [ 7.0136131, 5.9035477 ], [ 7.0135277, 5.9035113 ], [ 7.0134261, 5.9033172 ], [ 7.0132838, 5.9029007 ], [ 7.0131009, 5.9026621 ], [ 7.0128447, 5.9025003 ], [ 7.0126293, 5.9024397 ], [ 7.0123569, 5.9025408 ], [ 7.0120886, 5.9027591 ], [ 7.0119544, 5.9030462 ], [ 7.0119219, 5.9033981 ], [ 7.0118528, 5.9036124 ], [ 7.0117308, 5.9037216 ], [ 7.0115967, 5.9037378 ], [ 7.0114422, 5.9036852 ], [ 7.0113405, 5.9035679 ], [ 7.0112877, 5.9033778 ], [ 7.0112795, 5.9030462 ], [ 7.0111738, 5.9028724 ], [ 7.0110194, 5.9027632 ], [ 7.0108771, 5.9027308 ], [ 7.0104705, 5.902743 ], [ 7.010251, 5.902743 ], [ 7.0101331, 5.902743 ], [ 7.0097201, 5.9028357 ], [ 7.0094084, 5.9029441 ], [ 7.0092449, 5.9029581 ], [ 7.0090815, 5.9029395 ], [ 7.008946, 5.9028512 ], [ 7.0088293, 5.9026747 ], [ 7.0087079, 5.9026004 ], [ 7.0085724, 5.9026004 ], [ 7.0084464, 5.9027119 ], [ 7.0083343, 5.9029023 ], [ 7.0083203, 5.9032135 ], [ 7.0083576, 5.9034923 ], [ 7.0083016, 5.9036548 ], [ 7.0082222, 5.9037059 ], [ 7.0081662, 5.9037059 ], [ 7.0080914, 5.9036363 ], [ 7.008012, 5.9035016 ], [ 7.0078719, 5.9031996 ], [ 7.0078019, 5.9030742 ], [ 7.0076898, 5.9029999 ], [ 7.0075124, 5.902907 ], [ 7.00698, 5.9027676 ], [ 7.0066671, 5.9025864 ], [ 7.0065643, 5.9024935 ], [ 7.0064803, 5.9023635 ], [ 7.0064196, 5.9022799 ], [ 7.0063168, 5.9022148 ], [ 7.0061767, 5.9022148 ], [ 7.0054949, 5.9022102 ], [ 7.0051867, 5.9021637 ], [ 7.0050326, 5.9020615 ], [ 7.0048411, 5.9020151 ], [ 7.0047244, 5.902029 ], [ 7.0044068, 5.9022473 ], [ 7.0040752, 5.9023913 ], [ 7.0038324, 5.9023821 ], [ 7.0037623, 5.902317 ], [ 7.0037203, 5.9022195 ], [ 7.0037717, 5.9019454 ], [ 7.0037483, 5.9017549 ], [ 7.0034308, 5.9011929 ], [ 7.0029871, 5.9009234 ], [ 7.0027116, 5.9009281 ], [ 7.0026042, 5.9010117 ], [ 7.0025341, 5.9011882 ], [ 7.0025435, 5.9014251 ], [ 7.0025482, 5.9016156 ], [ 7.0024688, 5.9017038 ], [ 7.0023427, 5.9017224 ], [ 7.0018523, 5.9013555 ], [ 7.0016235, 5.9013044 ], [ 7.0015348, 5.9013229 ], [ 7.0013853, 5.901453 ], [ 7.0012873, 5.9017131 ], [ 7.0012686, 5.9018571 ], [ 7.0012125, 5.9019315 ], [ 7.0011238, 5.9019315 ], [ 7.0010024, 5.9018386 ], [ 7.000923, 5.9016667 ], [ 7.0007315, 5.9015506 ], [ 7.0005727, 5.9014669 ], [ 7.0001524, 5.9014158 ], [ 6.9999003, 5.9014158 ], [ 6.9997742, 5.9014576 ], [ 6.999592, 5.9016435 ], [ 6.9995173, 5.9016899 ], [ 6.9994379, 5.9016481 ], [ 6.9994566, 5.9015087 ], [ 6.9997648, 5.9009978 ], [ 6.9998302, 5.9008584 ], [ 6.9998022, 5.9007376 ], [ 6.9997181, 5.9006308 ], [ 6.9996201, 5.9006029 ], [ 6.9994733, 5.9006986 ], [ 6.9993026, 5.9010747 ], [ 6.99908545658304, 5.901589665924142 ] ] } },
{ "type": "Feature", "properties": { "name": "Imo River", "waterway": "river" }, "geometry": { "type": "MultiLineString", "coordinates": [ [ [ 7.2748429, 5.2759003 ], [ 7.2750379, 5.2756265 ], [ 7.2751082, 5.2753292 ], [ 7.2750291, 5.2749795 ], [ 7.2746955, 5.2744548 ], [ 7.2746252, 5.2740351 ], [ 7.2747042, 5.273563 ], [ 7.2748711, 5.2730383 ], [ 7.2749834, 5.2726287 ], [ 7.2749656, 5.2720187 ], [ 7.2750011, 5.2715988 ], [ 7.2751609, 5.2712629 ], [ 7.2753651, 5.2710906 ], [ 7.2757113, 5.2710022 ], [ 7.276173, 5.2709668 ], [ 7.276426, 5.2708386 ], [ 7.2765858, 5.270653 ], [ 7.2766124, 5.2704497 ], [ 7.2765281, 5.2702331 ], [ 7.2762351, 5.2700386 ], [ 7.2758578, 5.2698883 ], [ 7.2755915, 5.2697292 ], [ 7.2754539, 5.269548 ], [ 7.2754272, 5.2693447 ], [ 7.275516, 5.2691723 ], [ 7.2757335, 5.2690751 ], [ 7.2763594, 5.2690839 ], [ 7.2767766, 5.2690043 ], [ 7.2771672, 5.268801 ], [ 7.277438, 5.2685756 ], [ 7.277466941219302, 5.268531721377188 ] ], [ [ 7.277346060019968, 5.266996393063991 ], [ 7.2771051, 5.2668164 ], [ 7.2768254, 5.2667413 ], [ 7.2765192, 5.2667413 ], [ 7.2761241, 5.2668739 ], [ 7.2757557, 5.2670242 ], [ 7.2754539, 5.267033 ], [ 7.2751831, 5.2669888 ], [ 7.274939, 5.2668474 ], [ 7.274797, 5.2667104 ], [ 7.2747215, 5.2664805 ], [ 7.2747259, 5.2661711 ], [ 7.2748147, 5.2657601 ], [ 7.2747526, 5.2654772 ], [ 7.2745129, 5.2648938 ], [ 7.2743886, 5.264549 ], [ 7.2743575, 5.2641998 ], [ 7.2744552, 5.2639037 ], [ 7.2746904, 5.2635854 ], [ 7.2747659, 5.2633512 ], [ 7.2747881, 5.263002 ], [ 7.2745129, 5.2620782 ], [ 7.274504, 5.2617821 ], [ 7.2745706, 5.2615478 ], [ 7.2747126, 5.2614019 ], [ 7.2749479, 5.2613489 ], [ 7.2752319, 5.2614417 ], [ 7.2754983, 5.2616848 ], [ 7.2757335, 5.2617909 ], [ 7.2759599, 5.2617732 ], [ 7.2761508, 5.2616495 ], [ 7.2763106, 5.2613975 ], [ 7.2763061, 5.2612251 ], [ 7.2761596, 5.2609157 ], [ 7.2759199, 5.2607257 ], [ 7.2756581, 5.2606682 ], [ 7.2752231, 5.2606019 ], [ 7.2749745, 5.2604693 ], [ 7.2748857, 5.2602704 ], [ 7.2748813, 5.2600627 ], [ 7.2749612, 5.2598549 ], [ 7.275121, 5.2596339 ], [ 7.2754406, 5.2594306 ], [ 7.2763816, 5.2591256 ], [ 7.276625175265337, 5.258998351891274 ] ], [ [ 7.275498903311744, 5.254993227868053 ], [ 7.2753163, 5.2550106 ], [ 7.2747526, 5.2552183 ], [ 7.2744419, 5.2553332 ], [ 7.2742421, 5.2553111 ], [ 7.2740557, 5.2552316 ], [ 7.2739447, 5.2550813 ], [ 7.273927, 5.2549089 ], [ 7.2740291, 5.2547056 ], [ 7.2743087, 5.2545155 ], [ 7.2748813, 5.2543078 ], [ 7.274914148715601, 5.254296551291347 ] ], [ [ 7.274084698992505, 5.253308344960952 ], [ 7.2739048, 5.253574 ], [ 7.2736429, 5.2538392 ], [ 7.2733632, 5.253963 ], [ 7.2731768, 5.2539807 ], [ 7.2730126, 5.2539055 ], [ 7.2729061, 5.2537818 ], [ 7.2728572, 5.2535696 ], [ 7.2728839, 5.2533221 ], [ 7.2730037, 5.2530702 ], [ 7.2732256, 5.2527563 ], [ 7.2732656, 5.2525486 ], [ 7.2731724, 5.2522701 ], [ 7.2730303, 5.2520138 ], [ 7.2728084, 5.2518502 ], [ 7.2725687, 5.2518281 ], [ 7.2722491, 5.2519077 ], [ 7.271965, 5.2519032 ], [ 7.2716987, 5.2517839 ], [ 7.2715034, 5.2515762 ], [ 7.2713658, 5.2513021 ], [ 7.2712105, 5.2505772 ], [ 7.2711173, 5.2502988 ], [ 7.2709397, 5.2501573 ], [ 7.2707178, 5.250122 ], [ 7.270518, 5.2501529 ], [ 7.2702916, 5.2502678 ], [ 7.2701629, 5.2504623 ], [ 7.2699987, 5.2507275 ], [ 7.2698034, 5.2508468 ], [ 7.2695016, 5.2509176 ], [ 7.2691997, 5.2510237 ], [ 7.2688491, 5.25128 ], [ 7.2686538, 5.2513286 ], [ 7.268454, 5.2512668 ], [ 7.2682853, 5.2511253 ], [ 7.2682498, 5.2509264 ], [ 7.2683031, 5.2504446 ], [ 7.2681966, 5.2501087 ], [ 7.2679036, 5.2497595 ], [ 7.2673088, 5.2492821 ], [ 7.2671357, 5.2490169 ], [ 7.2670603, 5.2487296 ], [ 7.2671046, 5.2481771 ], [ 7.2671091, 5.247766 ], [ 7.2671712, 5.2472931 ], [ 7.2672778, 5.2467317 ], [ 7.2674109, 5.246166 ], [ 7.2673932, 5.2457681 ], [ 7.2672955, 5.2455825 ], [ 7.2670869, 5.245525 ], [ 7.266865, 5.2455604 ], [ 7.2666253, 5.2457372 ], [ 7.2664388, 5.2460599 ], [ 7.266177, 5.2467096 ], [ 7.265995, 5.2468511 ], [ 7.2657686, 5.2468688 ], [ 7.2655422, 5.2467848 ], [ 7.2654268, 5.2466787 ], [ 7.2653691, 5.2464798 ], [ 7.2654135, 5.2462278 ], [ 7.2656088, 5.2458079 ], [ 7.2657686, 5.2455162 ], [ 7.2658041, 5.245167 ], [ 7.2657464, 5.2447471 ], [ 7.2655999, 5.2443183 ], [ 7.265307, 5.2438233 ], [ 7.265054, 5.243452 ], [ 7.2649918, 5.2432221 ], [ 7.2649341, 5.2421083 ], [ 7.2647743, 5.2417104 ], [ 7.2646633, 5.2414055 ], [ 7.26465, 5.2410784 ], [ 7.2647033, 5.2408176 ], [ 7.2648853, 5.2406054 ], [ 7.2652581, 5.2402695 ], [ 7.2653203, 5.2400219 ], [ 7.2653025, 5.2397877 ], [ 7.2652271, 5.2396462 ], [ 7.2650273, 5.2395755 ], [ 7.2648231, 5.2395888 ], [ 7.2646056, 5.2397302 ], [ 7.2644059, 5.2397656 ], [ 7.2641973, 5.2397214 ], [ 7.2636218, 5.2391582 ], [ 7.2631735, 5.2389416 ], [ 7.2624366, 5.2385173 ], [ 7.2621383, 5.2382154 ], [ 7.2620065, 5.2379654 ], [ 7.2619688, 5.2376466 ], [ 7.2619939, 5.237109 ], [ 7.2621383, 5.2364589 ], [ 7.2621069, 5.2359963 ], [ 7.261837, 5.2351774 ], [ 7.2618244, 5.2348461 ], [ 7.2618998, 5.234546 ], [ 7.2621195, 5.2343085 ], [ 7.2623392, 5.2342585 ], [ 7.2627095, 5.2343085 ], [ 7.2631678, 5.2345523 ], [ 7.2636009, 5.2348336 ], [ 7.2639273, 5.2349273 ], [ 7.2642726, 5.2349211 ], [ 7.2646618, 5.2347273 ], [ 7.2649756, 5.2345023 ], [ 7.2653711, 5.2343835 ], [ 7.265798, 5.2344148 ], [ 7.2663504, 5.234546 ], [ 7.2666768, 5.2345273 ], [ 7.26679453265103, 5.234497992441066 ] ], [ [ 7.266727617768345, 5.233314343824387 ], [ 7.2666015, 5.2332958 ], [ 7.2661809, 5.2333333 ], [ 7.2657791, 5.2333333 ], [ 7.2654527, 5.2331895 ], [ 7.2653083, 5.2330395 ], [ 7.2652142, 5.2327832 ], [ 7.2652016, 5.2325019 ], [ 7.265233, 5.2322581 ], [ 7.2651953, 5.2320456 ], [ 7.2650259, 5.2317705 ], [ 7.2646241, 5.2315267 ], [ 7.2638394, 5.2312204 ], [ 7.263626, 5.2310204 ], [ 7.2635884, 5.2307891 ], [ 7.263626, 5.230539 ], [ 7.2638583, 5.2302765 ], [ 7.2644232, 5.2299327 ], [ 7.2646053, 5.2297076 ], [ 7.2646241, 5.2294388 ], [ 7.2645488, 5.2292075 ], [ 7.2643605, 5.22902 ], [ 7.2640403, 5.2289387 ], [ 7.2633749, 5.22887 ], [ 7.2630297, 5.2287262 ], [ 7.2626719, 5.2284011 ], [ 7.2624459, 5.2280261 ], [ 7.2621571, 5.227876 ], [ 7.2617617, 5.2276135 ], [ 7.2616487, 5.2273447 ], [ 7.2616801, 5.2271509 ], [ 7.2617742, 5.2269821 ], [ 7.2619249, 5.2269446 ], [ 7.2621006, 5.2269384 ], [ 7.2624019, 5.2270009 ], [ 7.2628288, 5.2272447 ], [ 7.2631678, 5.2273009 ], [ 7.2633938, 5.2272322 ], [ 7.2635946, 5.2270759 ], [ 7.2636448, 5.2269009 ], [ 7.263557, 5.2266946 ], [ 7.2633059, 5.2262757 ], [ 7.2630736, 5.2257694 ], [ 7.2629606, 5.2250818 ], [ 7.2628225, 5.2245629 ], [ 7.2626091, 5.2242253 ], [ 7.2623768, 5.2240816 ], [ 7.2616424, 5.2239253 ], [ 7.2612281, 5.2237315 ], [ 7.2609456, 5.2235315 ], [ 7.260864, 5.2233439 ], [ 7.2608012, 5.2231251 ], [ 7.2608075, 5.2229063 ], [ 7.2609079, 5.2227125 ], [ 7.2611025, 5.2226188 ], [ 7.2613725, 5.2226 ], [ 7.2616926, 5.2226688 ], [ 7.2620127, 5.2228563 ], [ 7.2622638, 5.2231564 ], [ 7.2625652, 5.2234877 ], [ 7.2628978, 5.2237315 ], [ 7.2632745, 5.2239253 ], [ 7.2639022, 5.223944 ], [ 7.2642161, 5.2238565 ], [ 7.2643793, 5.223719 ], [ 7.2644797, 5.2234939 ], [ 7.2644672, 5.2232376 ], [ 7.2643856, 5.2229688 ], [ 7.2642098, 5.2227 ], [ 7.2638018, 5.2224437 ], [ 7.263218, 5.2223125 ], [ 7.2626844, 5.2221312 ], [ 7.2624208, 5.2219249 ], [ 7.2622889, 5.2215811 ], [ 7.2622387, 5.2213248 ], [ 7.2623015, 5.2208309 ], [ 7.2622199, 5.2205184 ], [ 7.2620818, 5.2202683 ], [ 7.2618872, 5.2201558 ], [ 7.2615984, 5.2201683 ], [ 7.2613662, 5.2203246 ], [ 7.2611716, 5.2205684 ], [ 7.2608766, 5.2211185 ], [ 7.2606506, 5.2213123 ], [ 7.2603367, 5.2213873 ], [ 7.2599789, 5.221356 ], [ 7.259822, 5.2212372 ], [ 7.2597215, 5.2210497 ], [ 7.2596525, 5.2208059 ], [ 7.2595144, 5.2205184 ], [ 7.2592758, 5.2202746 ], [ 7.2592131, 5.2200433 ], [ 7.2592256, 5.2197307 ], [ 7.2593637, 5.2194306 ], [ 7.2596023, 5.2193494 ], [ 7.2599726, 5.2194619 ], [ 7.2603807, 5.2196557 ], [ 7.2608201, 5.2196994 ], [ 7.2613285, 5.2196994 ], [ 7.2616675, 5.2195494 ], [ 7.2618935, 5.2193181 ], [ 7.2619939, 5.2190493 ], [ 7.2619186, 5.2187492 ], [ 7.2616675, 5.2184867 ], [ 7.2613285, 5.2182992 ], [ 7.2609205, 5.2182054 ], [ 7.2604685, 5.2182054 ], [ 7.2601986, 5.2181179 ], [ 7.2600919, 5.2180053 ], [ 7.260048, 5.2178241 ], [ 7.2600919, 5.217574 ], [ 7.2603053, 5.2173677 ], [ 7.2605752, 5.2173365 ], [ 7.2610209, 5.2173802 ], [ 7.2613411, 5.2172552 ], [ 7.2615671, 5.2170614 ], [ 7.2617177, 5.2168426 ], [ 7.2617428, 5.21653 ], [ 7.2616549, 5.2162487 ], [ 7.2614039, 5.2160174 ], [ 7.2610209, 5.2157861 ], [ 7.2605376, 5.2156111 ], [ 7.2601296, 5.2155798 ], [ 7.2595081, 5.2156986 ], [ 7.259031, 5.2159362 ], [ 7.2584912, 5.2162112 ], [ 7.258215, 5.2162425 ], [ 7.2579576, 5.2162112 ], [ 7.2577442, 5.2160674 ], [ 7.25765, 5.2158862 ], [ 7.2576375, 5.2156173 ], [ 7.2577065, 5.215286 ], [ 7.2578697, 5.2150047 ], [ 7.2580957, 5.2148297 ], [ 7.2584096, 5.2147422 ], [ 7.2589431, 5.2146421 ], [ 7.2593072, 5.2144796 ], [ 7.2595834, 5.2142421 ], [ 7.2597404, 5.2139107 ], [ 7.259822, 5.2135357 ], [ 7.259810055009904, 5.21333813365588 ] ], [ [ 7.25296497054119, 5.205717159910752 ], [ 7.2529295, 5.2057652 ], [ 7.2528604, 5.2060403 ], [ 7.2528542, 5.2064779 ], [ 7.2527914, 5.2068029 ], [ 7.2526156, 5.2069655 ], [ 7.2524022, 5.207028 ], [ 7.2522013, 5.2069655 ], [ 7.2520193, 5.2067592 ], [ 7.251831, 5.2063341 ], [ 7.2517494, 5.205809 ], [ 7.2518372, 5.2054776 ], [ 7.2520946, 5.2050963 ], [ 7.2524587, 5.2046274 ], [ 7.252497282509876, 5.20456389439288 ] ], [ [ 7.245861563725698, 5.198275696140238 ], [ 7.2456164, 5.1985198 ], [ 7.24529, 5.1989949 ], [ 7.2450138, 5.1991887 ], [ 7.2447502, 5.1992324 ], [ 7.2444614, 5.1991449 ], [ 7.2441287, 5.1988824 ], [ 7.24384, 5.1987511 ], [ 7.24357, 5.1987386 ], [ 7.2431746, 5.1988011 ], [ 7.2424401, 5.1989949 ], [ 7.2420949, 5.1989824 ], [ 7.241781, 5.1987886 ], [ 7.2416555, 5.198601 ], [ 7.2416241, 5.1983322 ], [ 7.2417371, 5.1980634 ], [ 7.2419756, 5.1978696 ], [ 7.242415, 5.1976446 ], [ 7.2429925, 5.1975445 ], [ 7.2434633, 5.1975383 ], [ 7.2437772, 5.1974508 ], [ 7.2440283, 5.1972945 ], [ 7.24409933297435, 5.197136677962628 ] ] ] } },
{ "type": "Feature", "properties": { "name": null, "waterway": "river" }, "geometry": { "type": "LineString", "coordinates": [ [ 7.1457294, 5.3366569 ], [ 7.1456811, 5.3364886 ], [ 7.1456864, 5.3362536 ], [ 7.1458286, 5.3361975 ], [ 7.1458742, 5.3360453 ], [ 7.1455979, 5.3360373 ], [ 7.1456408, 5.3357702 ], [ 7.145842, 5.3358076 ], [ 7.1458822, 5.3356741 ], [ 7.1457535, 5.3356287 ], [ 7.145732, 5.3352147 ], [ 7.1458206, 5.334702 ], [ 7.1458018, 5.3342293 ], [ 7.1459493, 5.3337726 ], [ 7.1458876, 5.33283 ], [ 7.1460056, 5.3327231 ], [ 7.1460217, 5.3325041 ], [ 7.1459252, 5.3323278 ], [ 7.1458501, 5.332221 ], [ 7.1458983, 5.3318525 ], [ 7.1457803, 5.3313771 ], [ 7.1454263, 5.3302287 ], [ 7.1444392, 5.3275955 ], [ 7.1438169, 5.3269118 ], [ 7.1434361, 5.325921 ], [ 7.1434414, 5.3255178 ], [ 7.1434548, 5.3253522 ], [ 7.1435595, 5.3252213 ], [ 7.1434897, 5.3249302 ], [ 7.143259, 5.3246044 ], [ 7.1431705, 5.3242439 ], [ 7.1431035, 5.324113 ], [ 7.1429828, 5.3240329 ], [ 7.1428326, 5.3236777 ], [ 7.1426715, 5.3230528 ], [ 7.1424329, 5.3226094 ], [ 7.1421728, 5.3221901 ], [ 7.1419609, 5.3219311 ], [ 7.1418348, 5.3218323 ], [ 7.1418616, 5.3215999 ], [ 7.1417087, 5.3213355 ], [ 7.1414807, 5.3211646 ], [ 7.1414942, 5.3209269 ], [ 7.141462, 5.3206171 ], [ 7.1410248, 5.3203634 ], [ 7.1402227, 5.3194875 ], [ 7.1389353, 5.3191563 ], [ 7.1374225, 5.3177142 ], [ 7.1362102, 5.3149099 ], [ 7.1361512, 5.3146188 ], [ 7.1358266, 5.3144532 ], [ 7.1357086, 5.3141835 ], [ 7.1358052, 5.313831 ], [ 7.1354189, 5.3132915 ], [ 7.1348369, 5.3132301 ], [ 7.1343702, 5.3128776 ] ] } },
{ "type": "Feature", "properties": { "name": null, "waterway": "river" }, "geometry": { "type": "LineString", "coordinates": [ [ 7.1457441, 5.3367891 ], [ 7.1457294, 5.3366569 ] ] } },
{ "type": "Feature", "properties": { "name": null, "waterway": "river" }, "geometry": { "type": "LineString", "coordinates": [ [ 7.139225, 5.3598131 ], [ 7.1424651, 5.3563521 ], [ 7.1437311, 5.354643 ], [ 7.144804, 5.3528271 ], [ 7.1451688, 5.350274 ], [ 7.1454047, 5.3477104 ], [ 7.145437, 5.3458837 ], [ 7.14504, 5.3411515 ], [ 7.1453565, 5.3389936 ], [ 7.1453512, 5.3382939 ], [ 7.1453726, 5.33792 ], [ 7.1455979, 5.3374928 ], [ 7.1455496, 5.3371296 ], [ 7.1456408, 5.3370975 ], [ 7.1456301, 5.3369266 ], [ 7.1457066, 5.3368478 ], [ 7.1457441, 5.3367891 ] ] } },
{ "type": "Feature", "properties": { "name": "Imo River", "waterway": "river" }, "geometry": { "type": "MultiLineString", "coordinates": [ [ [ 7.423687, 5.5847415 ], [ 7.4236624, 5.5844961 ], [ 7.423761, 5.584257 ], [ 7.423772924913662, 5.584242969309651 ] ], [ [ 7.42249734854695, 5.581288829422898 ], [ 7.4222944, 5.5814849 ], [ 7.4221157, 5.5816566 ], [ 7.4218754, 5.5817118 ], [ 7.421709, 5.581534 ], [ 7.4216412, 5.5812641 ], [ 7.4215919, 5.5809697 ], [ 7.4214872, 5.5805711 ], [ 7.421387944151484, 5.580338154285639 ] ], [ [ 7.419817281069801, 5.579319888544686 ], [ 7.4198172, 5.57932 ], [ 7.4195892, 5.5794426 ], [ 7.4193489, 5.5794978 ], [ 7.4190223, 5.5794794 ], [ 7.418782, 5.5792648 ], [ 7.4186526, 5.5790072 ], [ 7.418613230008577, 5.578795522383779 ] ], [ [ 7.416187382931892, 5.567601888447002 ], [ 7.4161554, 5.5675995 ], [ 7.4159032, 5.5675716 ], [ 7.415595, 5.5675438 ], [ 7.4153521, 5.5674787 ], [ 7.4151466, 5.5674601 ], [ 7.4148945, 5.5675159 ], [ 7.4146516, 5.5675716 ], [ 7.4140258, 5.5676925 ], [ 7.4136429, 5.5677576 ], [ 7.4131105, 5.5678784 ], [ 7.4127556, 5.5679342 ], [ 7.4124847, 5.5679714 ], [ 7.4118963, 5.5680922 ], [ 7.4115788, 5.568148 ], [ 7.4111771, 5.5682317 ], [ 7.4108596, 5.5682967 ], [ 7.4106915, 5.5682967 ], [ 7.4104206, 5.5682874 ], [ 7.4102338, 5.5682317 ], [ 7.4100657, 5.5682131 ], [ 7.4097948, 5.5681945 ], [ 7.4094212, 5.5681015 ], [ 7.4090943, 5.5679807 ], [ 7.4088048, 5.5677762 ], [ 7.408618, 5.5675995 ], [ 7.4083938, 5.5674508 ], [ 7.408179, 5.5673764 ], [ 7.4079735, 5.56733 ], [ 7.407656, 5.5672649 ], [ 7.4074225, 5.5670883 ], [ 7.4071703, 5.5668559 ], [ 7.4070037, 5.5665608 ], [ 7.40636, 5.5655784 ], [ 7.4061883, 5.5651512 ], [ 7.4061669, 5.5648736 ], [ 7.4062313, 5.5646387 ], [ 7.4064673, 5.5643183 ], [ 7.4068964, 5.5640834 ], [ 7.4072612, 5.563699 ], [ 7.4080337, 5.5633146 ], [ 7.4085487, 5.5629942 ], [ 7.4089993, 5.5626739 ], [ 7.4093426, 5.5623962 ], [ 7.409922, 5.562204 ], [ 7.4104155, 5.5619264 ], [ 7.4108447, 5.5616274 ], [ 7.4114026, 5.5612643 ], [ 7.4118102, 5.5608372 ], [ 7.4125827, 5.5602606 ], [ 7.4129046, 5.5599402 ], [ 7.4130977, 5.559449 ], [ 7.4134625, 5.5592141 ], [ 7.4138702, 5.5591287 ], [ 7.4140633, 5.5592782 ], [ 7.4144495, 5.5598334 ], [ 7.41475, 5.5598762 ], [ 7.4150933, 5.5596626 ], [ 7.4152649, 5.5594063 ], [ 7.415222, 5.5590432 ], [ 7.414986, 5.5585948 ], [ 7.41490985012978, 5.5584432100453 ] ], [ [ 7.412136475003039, 5.555595710824074 ], [ 7.4115098, 5.5552631 ], [ 7.4110378, 5.5550922 ], [ 7.4105228, 5.5549427 ], [ 7.4101795, 5.5548146 ], [ 7.4099005, 5.5545583 ], [ 7.4095787, 5.5542807 ], [ 7.4088705, 5.55364 ], [ 7.4083985, 5.5532342 ], [ 7.4080766, 5.5529779 ], [ 7.4077547, 5.5529138 ], [ 7.4071539, 5.5529352 ], [ 7.4066604, 5.5528284 ], [ 7.4063815, 5.552508 ], [ 7.4061669, 5.5520809 ], [ 7.405845, 5.5515897 ], [ 7.4055017, 5.551248 ], [ 7.4054159, 5.5508208 ], [ 7.4054159, 5.5503937 ], [ 7.4054159, 5.5499452 ], [ 7.4052013, 5.5494967 ], [ 7.4050296, 5.5491763 ], [ 7.4050511, 5.5488133 ], [ 7.4051369, 5.5484929 ], [ 7.4052871, 5.5480444 ], [ 7.4052013, 5.5477241 ], [ 7.4051155, 5.5474891 ], [ 7.4047936, 5.5473396 ], [ 7.4045146, 5.5473823 ], [ 7.4041928, 5.5474678 ], [ 7.4038709, 5.5477027 ], [ 7.4037422, 5.5478308 ], [ 7.4033988, 5.5480658 ], [ 7.4029911, 5.5482366 ], [ 7.4027337, 5.5481726 ], [ 7.4026264, 5.5480017 ], [ 7.4026264, 5.5477241 ], [ 7.402798, 5.5473183 ], [ 7.4030555, 5.546763 ], [ 7.4034418, 5.5462931 ], [ 7.4038495, 5.545866 ], [ 7.4039782, 5.5454816 ], [ 7.4038924, 5.5451398 ], [ 7.4035276, 5.5444137 ], [ 7.4032486, 5.5438584 ], [ 7.4029697, 5.5433672 ], [ 7.4029053, 5.5431322 ], [ 7.4030341, 5.5427905 ], [ 7.403313, 5.5424488 ], [ 7.4036349, 5.5421498 ], [ 7.4038495, 5.541744 ], [ 7.4041928, 5.5412742 ], [ 7.4045779, 5.5408625 ], [ 7.4050007, 5.5406359 ], [ 7.4052446, 5.5404903 ], [ 7.4054235, 5.5401827 ], [ 7.4054235, 5.5399076 ], [ 7.4052609, 5.5397133 ], [ 7.4049194, 5.5394706 ], [ 7.4045128, 5.5392925 ], [ 7.4042364, 5.5390659 ], [ 7.4041388, 5.5386936 ], [ 7.40409, 5.5382404 ], [ 7.4041713, 5.5380462 ], [ 7.4043665, 5.537852 ], [ 7.4046104, 5.5377225 ], [ 7.4049844, 5.5376739 ], [ 7.4053422, 5.5376901 ], [ 7.4056512, 5.5379329 ], [ 7.4060414, 5.5383861 ], [ 7.4063179, 5.5387584 ], [ 7.406513, 5.5389526 ], [ 7.4067895, 5.5390174 ], [ 7.4071147, 5.5388555 ], [ 7.4072773, 5.538548 ], [ 7.4072286, 5.5382566 ], [ 7.4068057, 5.5377872 ], [ 7.4063016, 5.5373826 ], [ 7.4059113, 5.5369455 ], [ 7.4056837, 5.5365085 ], [ 7.4056024, 5.5360553 ], [ 7.4056999, 5.5357478 ], [ 7.4056512, 5.5353431 ], [ 7.4054235, 5.5350842 ], [ 7.4051633, 5.5349709 ], [ 7.4048381, 5.5349547 ], [ 7.4043502, 5.5350842 ], [ 7.4039274, 5.5351327 ], [ 7.403781, 5.5349223 ], [ 7.4036835, 5.5345338 ], [ 7.4037485, 5.5341292 ], [ 7.4038786, 5.5337731 ], [ 7.4040575, 5.5334332 ], [ 7.4043827, 5.5332228 ], [ 7.4047405, 5.5330771 ], [ 7.405082, 5.5328181 ], [ 7.4052446, 5.5325753 ], [ 7.4054397, 5.5324135 ], [ 7.4058788, 5.5322516 ], [ 7.40609824763451, 5.532109663995386 ] ], [ [ 7.404649846326591, 5.529290700928594 ], [ 7.404464, 5.5291762 ], [ 7.4041713, 5.5290791 ], [ 7.4037648, 5.5291115 ], [ 7.4033745, 5.529241 ], [ 7.4031143, 5.5295161 ], [ 7.4029192, 5.5296294 ], [ 7.4025939, 5.5296294 ], [ 7.4022036, 5.5295161 ], [ 7.4019109, 5.5292733 ], [ 7.4017646, 5.5289172 ], [ 7.4016833, 5.5284964 ], [ 7.4015694, 5.5281241 ], [ 7.4013418, 5.5278813 ], [ 7.400984, 5.5277842 ], [ 7.4005937, 5.5278328 ], [ 7.4002034, 5.5278975 ], [ 7.3999107, 5.5278328 ], [ 7.3996668, 5.5277195 ], [ 7.3995692, 5.5274928 ], [ 7.3996343, 5.5272824 ], [ 7.3998131, 5.5271368 ], [ 7.4001384, 5.5269101 ], [ 7.4005124, 5.5268778 ], [ 7.4007401, 5.5266997 ], [ 7.4009677, 5.5264246 ], [ 7.4010003, 5.5261332 ], [ 7.4008376, 5.5258904 ], [ 7.4005449, 5.5256476 ], [ 7.4001872, 5.5255829 ], [ 7.3997318, 5.5256638 ], [ 7.3992765, 5.5258095 ], [ 7.399, 5.5257771 ], [ 7.3986911, 5.5255991 ], [ 7.3985772, 5.5253401 ], [ 7.3985772, 5.5249354 ], [ 7.3986098, 5.5245146 ], [ 7.3987073, 5.5238995 ], [ 7.398561, 5.5236405 ], [ 7.3983333, 5.5234463 ], [ 7.3981056, 5.5234786 ], [ 7.3977316, 5.5235758 ], [ 7.3973576, 5.523511 ], [ 7.3969998, 5.5233492 ], [ 7.3966909, 5.523074 ], [ 7.3964632, 5.5227664 ], [ 7.3963981, 5.5223294 ], [ 7.3964632, 5.5218762 ], [ 7.3965445, 5.5213906 ], [ 7.3966258, 5.5209212 ], [ 7.3964957, 5.5206136 ], [ 7.3962355, 5.5204842 ], [ 7.3959266, 5.5205003 ], [ 7.3953249, 5.5207593 ], [ 7.3949671, 5.5210992 ], [ 7.3947069, 5.5213906 ], [ 7.3945118, 5.5217467 ], [ 7.3943004, 5.5219247 ], [ 7.3940727, 5.5220057 ], [ 7.3936987, 5.5220381 ], [ 7.393406, 5.5220057 ], [ 7.3930157, 5.5218438 ], [ 7.3926091, 5.521682 ], [ 7.3922514, 5.521423 ], [ 7.3921213, 5.5212125 ], [ 7.3921701, 5.5209859 ], [ 7.3922514, 5.5206622 ], [ 7.3923678, 5.5201322 ], [ 7.3923712, 5.5194547 ], [ 7.3922077, 5.5189613 ], [ 7.3920494, 5.518669 ], [ 7.3919443, 5.5184211 ], [ 7.3920562, 5.5181371 ], [ 7.3922351, 5.5177648 ], [ 7.3926254, 5.5172307 ], [ 7.3929994, 5.5168908 ], [ 7.3932271, 5.5165347 ], [ 7.3932921, 5.5158548 ], [ 7.393162, 5.5151588 ], [ 7.3929832, 5.5147703 ], [ 7.3925766, 5.5145761 ], [ 7.3921375, 5.5145761 ], [ 7.3916172, 5.5148189 ], [ 7.3912106, 5.5151264 ], [ 7.3909504, 5.5154987 ], [ 7.3908366, 5.5159681 ], [ 7.3908203, 5.516389 ], [ 7.3908366, 5.5168584 ], [ 7.3908203, 5.5171497 ], [ 7.3906414, 5.5173278 ], [ 7.3903813, 5.5172954 ], [ 7.3899259, 5.5171012 ], [ 7.3891492, 5.516867 ], [ 7.3888426, 5.5165451 ], [ 7.3887454, 5.5162034 ], [ 7.3888128, 5.5159119 ], [ 7.3891568, 5.5155405 ], [ 7.3895784, 5.5152222 ], [ 7.3899757, 5.5147544 ], [ 7.3901093, 5.5143787 ], [ 7.3901065, 5.5140406 ], [ 7.3898933, 5.513621 ], [ 7.3895056, 5.5133852 ], [ 7.3887062, 5.5130423 ], [ 7.3877572, 5.5127837 ], [ 7.3874174, 5.5124731 ], [ 7.3871412, 5.5119716 ], [ 7.3870346, 5.5114217 ], [ 7.3869055, 5.5111167 ], [ 7.3867196, 5.5109692 ], [ 7.3863853, 5.5109113 ], [ 7.3857651, 5.5110946 ], [ 7.3854889, 5.5110464 ], [ 7.3852321, 5.5108583 ], [ 7.3850335, 5.5104966 ], [ 7.3850121, 5.5103115 ], [ 7.3850383, 5.5101927 ], [ 7.3854792, 5.5099757 ], [ 7.3859686, 5.5097153 ], [ 7.3861721, 5.5095272 ], [ 7.3862012, 5.5092281 ], [ 7.3861315, 5.5089734 ], [ 7.3858814, 5.5087989 ], [ 7.3849263, 5.5087236 ], [ 7.3842534, 5.5084468 ], [ 7.3838027, 5.5083021 ], [ 7.3830372, 5.5083938 ], [ 7.3826399, 5.5082828 ], [ 7.382417, 5.5080031 ], [ 7.3823433, 5.5076648 ], [ 7.3823366, 5.5066824 ], [ 7.3824141, 5.5065088 ], [ 7.3828405, 5.5061037 ], [ 7.3829762, 5.5057854 ], [ 7.3830471, 5.5052305 ], [ 7.3833008, 5.5044253 ], [ 7.3835374, 5.5039587 ], [ 7.3841585, 5.5034366 ], [ 7.3847593, 5.5030893 ], [ 7.385113, 5.5027469 ], [ 7.385179128435863, 5.502574027469604 ] ], [ [ 7.384849819906771, 5.501725947315168 ], [ 7.3848126, 5.5016858 ], [ 7.3844134, 5.5015312 ], [ 7.3836836, 5.5014447 ], [ 7.3833144, 5.501266 ], [ 7.3828852, 5.5009577 ], [ 7.3825837, 5.50089 ], [ 7.3822863, 5.5009513 ], [ 7.3820687, 5.5011874 ], [ 7.382041, 5.5015942 ], [ 7.3820929, 5.5020888 ], [ 7.3822946, 5.5026057 ], [ 7.3822058, 5.5028916 ], [ 7.3820089, 5.5030892 ], [ 7.3817649, 5.5031424 ], [ 7.3812084, 5.5029462 ], [ 7.3809363, 5.5026986 ], [ 7.3807923, 5.5024225 ], [ 7.380665, 5.5014205 ], [ 7.3804421, 5.5003884 ], [ 7.3802582, 5.4996856 ], [ 7.3799032, 5.4992262 ], [ 7.3793529, 5.4989435 ], [ 7.3791932, 5.4985902 ], [ 7.3793352, 5.4981661 ], [ 7.3799209, 5.4977244 ], [ 7.3802915, 5.4972957 ], [ 7.3804223, 5.4969504 ], [ 7.3804073, 5.4966345 ], [ 7.3801407, 5.4963681 ], [ 7.3798565, 5.4962865 ], [ 7.3791754, 5.496417 ], [ 7.3782702, 5.496417 ], [ 7.3773472, 5.4962049 ], [ 7.3770809, 5.4957809 ], [ 7.3770632, 5.4949328 ], [ 7.3770809, 5.4939434 ], [ 7.3764342, 5.4926997 ], [ 7.3758349, 5.4912173 ], [ 7.3754172, 5.4895723 ], [ 7.3757078, 5.4886504 ], [ 7.3757441, 5.4878188 ], [ 7.3752901, 5.4872946 ], [ 7.3745274, 5.487168 ], [ 7.3736375, 5.4871138 ], [ 7.3731109, 5.4869692 ], [ 7.3728929, 5.4865715 ], [ 7.3730564, 5.4860653 ], [ 7.3734378, 5.4855049 ], [ 7.3737418, 5.4845419 ], [ 7.3737046, 5.4840795 ], [ 7.3734445, 5.4836911 ], [ 7.3732773, 5.4830068 ], [ 7.3731286, 5.4824149 ], [ 7.372692, 5.4820543 ], [ 7.3719302, 5.4817768 ], [ 7.371317, 5.4815272 ], [ 7.3710662, 5.4811203 ], [ 7.3711127, 5.4807134 ], [ 7.3715028, 5.4804174 ], [ 7.3722739, 5.4801955 ], [ 7.3725805, 5.4799366 ], [ 7.372692, 5.4795574 ], [ 7.372692, 5.478984 ], [ 7.372404, 5.4785494 ], [ 7.3716515, 5.4783829 ], [ 7.3705924, 5.4785956 ], [ 7.3701093, 5.4787713 ], [ 7.3698027, 5.4787251 ], [ 7.3696634, 5.4784939 ], [ 7.3698585, 5.4777356 ], [ 7.3699328, 5.4770975 ], [ 7.3697749, 5.4765889 ], [ 7.3692082, 5.4760063 ], [ 7.3690595, 5.4754144 ], [ 7.3690874, 5.4747301 ], [ 7.3692586, 5.4740306 ], [ 7.3697053, 5.4733872 ], [ 7.3702566, 5.4729331 ], [ 7.3706273, 5.4726019 ], [ 7.370683459382597, 5.472378149196707 ] ], [ [ 7.370326198541626, 5.47198410397106 ], [ 7.3700665, 5.4719207 ], [ 7.3694962, 5.4719869 ], [ 7.3689639, 5.4722329 ], [ 7.3686408, 5.472706 ], [ 7.3684412, 5.4734724 ], [ 7.3683366, 5.4741347 ], [ 7.3680039, 5.4744186 ], [ 7.3675952, 5.4743523 ], [ 7.3670154, 5.4739266 ], [ 7.3665022, 5.4737846 ], [ 7.3659224, 5.4737941 ], [ 7.3653711, 5.4736238 ], [ 7.3652665, 5.4732548 ], [ 7.3653426, 5.4728479 ], [ 7.3656847, 5.4725262 ], [ 7.3661315, 5.472337 ], [ 7.3668538, 5.4722613 ], [ 7.3674622, 5.4721099 ], [ 7.368137, 5.4717031 ], [ 7.3684598, 5.4712583 ], [ 7.368489, 5.4707356 ], [ 7.3682264, 5.4700676 ], [ 7.3674582, 5.4697482 ], [ 7.3669427, 5.4695836 ], [ 7.3663787, 5.4693513 ], [ 7.3659314, 5.4692545 ], [ 7.3654257, 5.469632 ], [ 7.3650464, 5.4701063 ], [ 7.3646769, 5.4702128 ], [ 7.3641712, 5.4700386 ], [ 7.3636558, 5.4695933 ], [ 7.3633251, 5.468935 ], [ 7.3632571, 5.4682186 ], [ 7.3630118, 5.4676408 ], [ 7.3626039, 5.4671951 ], [ 7.3624347, 5.4667594 ], [ 7.3625044, 5.4662839 ], [ 7.3628029, 5.4658581 ], [ 7.3632407, 5.4656501 ], [ 7.3637381, 5.4654421 ], [ 7.3639073, 5.4651449 ], [ 7.3638177, 5.4647389 ], [ 7.36338, 5.4644615 ], [ 7.3627929, 5.4644417 ], [ 7.3621064, 5.4646101 ], [ 7.3615791, 5.4649171 ], [ 7.3610915, 5.4653232 ], [ 7.3606737, 5.4654817 ], [ 7.3603553, 5.4652737 ], [ 7.360206, 5.4647785 ], [ 7.3603055, 5.4642833 ], [ 7.360614, 5.4638078 ], [ 7.3609025, 5.4634414 ], [ 7.3609771, 5.4630998 ], [ 7.3609735, 5.4628132 ], [ 7.3607756, 5.462498 ], [ 7.3594871, 5.4614124 ], [ 7.3592352, 5.4609538 ], [ 7.3593036, 5.4604737 ], [ 7.3595555, 5.4600617 ], [ 7.3598398, 5.4597106 ], [ 7.3598326, 5.459467 ], [ 7.359757, 5.4589761 ], [ 7.3594295, 5.458797 ], [ 7.3588213, 5.4588902 ], [ 7.3584074, 5.4588364 ], [ 7.3580043, 5.4586394 ], [ 7.35781, 5.4580124 ], [ 7.3578078, 5.457328 ], [ 7.3580655, 5.4564006 ], [ 7.3584632, 5.4557298 ], [ 7.3585405, 5.455312 ], [ 7.3582938, 5.4549857 ], [ 7.3577231, 5.4546375 ], [ 7.3570787, 5.4545422 ], [ 7.3564711, 5.4546008 ], [ 7.3559998, 5.4543956 ], [ 7.3554953, 5.4536954 ], [ 7.3550056, 5.4528633 ], [ 7.3549209, 5.4523245 ], [ 7.3550829, 5.4518956 ], [ 7.3556389, 5.4515364 ], [ 7.3563238, 5.4511588 ], [ 7.356681, 5.450675 ], [ 7.3570566, 5.4501618 ], [ 7.3575574, 5.4497219 ], [ 7.3577673, 5.4494287 ], [ 7.357775256465198, 5.448999140277824 ] ], [ [ 7.357386866980719, 5.448523170060888 ], [ 7.3570415, 5.4483931 ], [ 7.3565103, 5.4485619 ], [ 7.3561223, 5.4488882 ], [ 7.3558925, 5.4492632 ], [ 7.355689, 5.4497433 ], [ 7.3553198, 5.4501521 ], [ 7.3548677, 5.4503471 ], [ 7.3543817, 5.4503396 ], [ 7.3539221, 5.450122 ], [ 7.3535717, 5.4495895 ], [ 7.353568, 5.4487869 ], [ 7.3537187, 5.4478043 ], [ 7.3539077, 5.4467046 ], [ 7.3538742, 5.4461646 ], [ 7.3535956, 5.445891 ], [ 7.3532687, 5.446087 ], [ 7.3527857, 5.4466639 ], [ 7.352351, 5.4470929 ], [ 7.3518049, 5.447607 ], [ 7.351229, 5.4479917 ], [ 7.3506309, 5.4481692 ], [ 7.350081, 5.4482506 ], [ 7.3497726, 5.4480915 ], [ 7.3497615, 5.4476477 ], [ 7.3499287, 5.4470745 ], [ 7.3501888, 5.4462571 ], [ 7.3502705, 5.4458614 ], [ 7.3506903, 5.4446224 ], [ 7.3507014, 5.4440011 ], [ 7.3505343, 5.4435129 ], [ 7.350199948999987, 5.443053120988884 ] ], [ [ 7.349330095562365, 5.442950371122227 ], [ 7.3490965, 5.443021 ], [ 7.3479745, 5.4433871 ], [ 7.3474321, 5.4435387 ], [ 7.3470122, 5.4433612 ], [ 7.3470048, 5.4426622 ], [ 7.347133618439413, 5.442112256207817 ] ], [ [ 7.343952693247471, 5.439800044748474 ], [ 7.3439053, 5.4399158 ], [ 7.3434645, 5.4404402 ], [ 7.3430183, 5.4405259 ], [ 7.3423141, 5.4403546 ], [ 7.3416207, 5.4397767 ], [ 7.3406423, 5.4390382 ], [ 7.3402499, 5.438487 ], [ 7.3401693, 5.4379197 ], [ 7.3403036, 5.4373364 ], [ 7.340724509363423, 5.436726492718977 ] ], [ [ 7.333935443621034, 5.42805765893267 ], [ 7.3334337, 5.428239 ], [ 7.3328047, 5.4281373 ], [ 7.3323639, 5.4277092 ], [ 7.331735, 5.4267995 ], [ 7.3311713, 5.4265439 ], [ 7.3306433, 5.4265932 ], [ 7.3302639, 5.4268341 ], [ 7.3299999, 5.4270805 ], [ 7.3296953, 5.4271701 ], [ 7.3294139, 5.4270637 ], [ 7.3292057, 5.4268228 ], [ 7.3291945, 5.4264923 ], [ 7.3293183, 5.4261281 ], [ 7.3296446, 5.4258144 ], [ 7.3300723, 5.4255232 ], [ 7.3302918, 5.425215 ], [ 7.3304718, 5.4247669 ], [ 7.3303311, 5.4243412 ], [ 7.3300048, 5.423921 ], [ 7.3295884, 5.4236913 ], [ 7.3291832, 5.4236745 ], [ 7.3287499, 5.423809 ], [ 7.3283279, 5.4238594 ], [ 7.3280634, 5.4237138 ], [ 7.3278834, 5.4233832 ], [ 7.3278721, 5.4229855 ], [ 7.3279959, 5.4226382 ], [ 7.328356, 5.4223301 ], [ 7.3289817, 5.4221344 ], [ 7.3297308, 5.4220898 ], [ 7.330143076765276, 5.422076449835165 ] ], [ [ 7.329389730697224, 5.42049999263586 ], [ 7.3290021, 5.4207443 ], [ 7.3286235, 5.421186 ], [ 7.3282327, 5.4214859 ], [ 7.3278826, 5.4215427 ], [ 7.327565, 5.4213887 ], [ 7.3273533, 5.4208375 ], [ 7.3273941, 5.4201607 ], [ 7.3276587, 5.4194636 ], [ 7.3280128, 5.4188152 ], [ 7.3282205, 5.4181384 ], [ 7.3281797, 5.4176885 ], [ 7.3277889, 5.4173319 ], [ 7.3272312, 5.4169509 ], [ 7.3269055, 5.4160958 ], [ 7.326759, 5.4150218 ], [ 7.326770966664251, 5.414846651550516 ] ], [ [ 7.325884950211628, 5.413333973174337 ], [ 7.3255947, 5.4132791 ], [ 7.3249605, 5.4130371 ], [ 7.3246247, 5.4126179 ], [ 7.3242978, 5.4120197 ], [ 7.323912, 5.4115711 ], [ 7.3234585, 5.4114421 ], [ 7.3229784, 5.4114597 ], [ 7.3225337, 5.4115125 ], [ 7.3220919, 5.4114099 ], [ 7.3218593, 5.4111343 ], [ 7.321765, 5.4107326 ], [ 7.3218445, 5.4103162 ], [ 7.3220536, 5.4100201 ], [ 7.3227457, 5.4094161 ], [ 7.3229784, 5.408988 ], [ 7.3229755, 5.4086743 ], [ 7.3226751, 5.4082814 ], [ 7.322033, 5.4079325 ], [ 7.3214587, 5.4078328 ], [ 7.3208638, 5.4077361 ], [ 7.3204073, 5.4073959 ], [ 7.3202954, 5.4069268 ], [ 7.3205575, 5.4063228 ], [ 7.3210346, 5.4053494 ], [ 7.321067, 5.4050562 ], [ 7.3211289, 5.4045607 ], [ 7.3209698, 5.4040652 ], [ 7.3206783, 5.4037426 ], [ 7.3206252, 5.4033028 ], [ 7.3204633, 5.4029363 ], [ 7.320104, 5.4026578 ], [ 7.3195061, 5.4024496 ], [ 7.3188699, 5.4026402 ], [ 7.318331, 5.4027076 ], [ 7.3177626, 5.4025434 ], [ 7.3173768, 5.402174 ], [ 7.3168378, 5.4016462 ], [ 7.3163813, 5.4013061 ], [ 7.3162223, 5.4007959 ], [ 7.3163401, 5.4002271 ], [ 7.3165021, 5.3997199 ], [ 7.3165698, 5.3991657 ], [ 7.3164549, 5.3986936 ], [ 7.3160544, 5.398289 ], [ 7.3156038, 5.3979606 ], [ 7.3154182, 5.397512 ], [ 7.3154212, 5.3972071 ], [ 7.315595, 5.396952 ], [ 7.3159955, 5.3967291 ], [ 7.3164343, 5.3965444 ], [ 7.3169703, 5.3964946 ], [ 7.3174239, 5.3966031 ], [ 7.3179952, 5.3967878 ], [ 7.3182898, 5.3969021 ], [ 7.3185548, 5.3968552 ], [ 7.3187639, 5.396691 ], [ 7.3188847, 5.3963978 ], [ 7.3186962, 5.3959639 ], [ 7.3183221, 5.3954595 ], [ 7.3179628, 5.3951575 ], [ 7.3171233, 5.394699 ], [ 7.3167653, 5.3943723 ], [ 7.3167312, 5.3940117 ], [ 7.3169614, 5.3936469 ], [ 7.3176986, 5.3934475 ], [ 7.3184827, 5.393405 ], [ 7.3190281, 5.3933796 ], [ 7.3193349, 5.3930953 ], [ 7.3193989, 5.3927856 ], [ 7.3192582, 5.3923529 ], [ 7.3190409, 5.391865 ], [ 7.3185807, 5.3915468 ], [ 7.3180821, 5.3913559 ], [ 7.3177966, 5.3911523 ], [ 7.317754, 5.3909656 ], [ 7.3177625, 5.3906771 ], [ 7.3180778, 5.3903038 ], [ 7.318521, 5.3897268 ], [ 7.3189301, 5.3888571 ], [ 7.3191986, 5.3880171 ], [ 7.3193222, 5.3872237 ], [ 7.319531, 5.3867401 ], [ 7.3198293, 5.3864728 ], [ 7.3205025, 5.386214 ], [ 7.3213633, 5.3859085 ], [ 7.3219514, 5.3857388 ], [ 7.322414284144312, 5.385767457947155 ] ], [ [ 7.322278222224602, 5.384893129160299 ], [ 7.3219003, 5.3850091 ], [ 7.3212525, 5.3851449 ], [ 7.3206176, 5.3852 ], [ 7.320119, 5.3851152 ], [ 7.3199315, 5.3848818 ], [ 7.3200807, 5.3844618 ], [ 7.3206304, 5.3830448 ], [ 7.3210864, 5.3822939 ], [ 7.3214869, 5.381806 ], [ 7.321498578571359, 5.381801482760935 ] ], [ [ 7.319889671091364, 5.378801407828781 ], [ 7.319548, 5.378921 ], [ 7.3189003, 5.3789507 ], [ 7.3184486, 5.3786962 ], [ 7.3181418, 5.3781234 ], [ 7.3181545, 5.3775591 ], [ 7.3178008, 5.3771052 ], [ 7.3173065, 5.3768591 ], [ 7.3166673, 5.3767912 ], [ 7.3163179, 5.3762694 ], [ 7.315994, 5.3752512 ], [ 7.3159685, 5.3746699 ], [ 7.3161858, 5.3740844 ], [ 7.3166332, 5.373639 ], [ 7.3171616, 5.3732656 ], [ 7.3175452, 5.3729517 ], [ 7.317600508586773, 5.372848287776455 ] ], [ [ 7.31688369259975, 5.371182118260529 ], [ 7.3166332, 5.3712292 ], [ 7.3162028, 5.3715261 ], [ 7.315879, 5.3719589 ], [ 7.3156361, 5.3724892 ], [ 7.3154145, 5.3728286 ], [ 7.3151503, 5.3730153 ], [ 7.3148136, 5.3730026 ], [ 7.3144259, 5.3727692 ], [ 7.3141574, 5.3723619 ], [ 7.3140935, 5.3717934 ], [ 7.3141787, 5.371174 ], [ 7.3145665, 5.3706988 ], [ 7.3151247, 5.3703679 ], [ 7.3154571, 5.3702449 ], [ 7.3155922, 5.3700768 ], [ 7.3156794, 5.3698814 ], [ 7.3158139, 5.3696969 ], [ 7.3158539, 5.3693424 ], [ 7.3158466, 5.3690421 ], [ 7.315723, 5.3687527 ], [ 7.3156089, 5.3685718 ], [ 7.3155726, 5.3682173 ], [ 7.3156598, 5.3678773 ], [ 7.315666280901384, 5.367865558942736 ] ], [ [ 7.31485920915637, 5.366294634224234 ], [ 7.3146133, 5.3664085 ], [ 7.3142427, 5.3666111 ], [ 7.3139447, 5.3668716 ], [ 7.3136032, 5.3669584 ], [ 7.3132543, 5.3669439 ], [ 7.3129782, 5.3668281 ], [ 7.3127747, 5.3665894 ], [ 7.312702, 5.3662276 ], [ 7.3127166, 5.3657573 ], [ 7.3128256, 5.3654824 ], [ 7.3131526, 5.3652436 ], [ 7.3135378, 5.3650555 ], [ 7.3140247, 5.36507 ], [ 7.314228584326928, 5.365067031600346 ] ], [ [ 7.312366040706604, 5.362012561323784 ], [ 7.3115974, 5.3619877 ], [ 7.3109725, 5.3619154 ], [ 7.3106309, 5.3616983 ], [ 7.3103838, 5.3614523 ], [ 7.3102385, 5.3610905 ], [ 7.310035, 5.3606275 ], [ 7.309877653842161, 5.360470787663542 ] ], [ [ 7.309206247320253, 5.360171577256327 ], [ 7.3089958, 5.360121 ], [ 7.3086252, 5.3599473 ], [ 7.308477971671926, 5.359808227934279 ] ], [ [ 7.307486091056239, 5.35921124844528 ], [ 7.3070409, 5.359383 ], [ 7.3065613, 5.3594843 ], [ 7.3062416, 5.3596724 ], [ 7.3055366, 5.3604755 ], [ 7.305137, 5.3610399 ], [ 7.3049698, 5.3615247 ], [ 7.3048681, 5.3619877 ], [ 7.3046646, 5.3621903 ], [ 7.304294, 5.3622627 ], [ 7.3038652, 5.3621758 ], [ 7.3035309, 5.3619371 ], [ 7.3033492, 5.3616477 ], [ 7.3032112, 5.3612714 ], [ 7.3032112, 5.3603525 ], [ 7.3031458, 5.3597375 ], [ 7.3029931, 5.3591949 ], [ 7.3026589, 5.3585003 ], [ 7.3025208, 5.3581313 ], [ 7.3025135, 5.3577333 ], [ 7.3026371, 5.3574367 ], [ 7.3028914, 5.3570025 ], [ 7.3029277, 5.356648 ], [ 7.3028841, 5.3564092 ], [ 7.3027025, 5.3562067 ], [ 7.3023391, 5.3560547 ], [ 7.3020557, 5.3559462 ], [ 7.3015543, 5.3558811 ], [ 7.3009002, 5.3559172 ], [ 7.3003842, 5.3559824 ], [ 7.3000936, 5.3558738 ], [ 7.2999119, 5.3557074 ], [ 7.2998319, 5.3554542 ], [ 7.2998247, 5.3551069 ], [ 7.29997, 5.3547306 ], [ 7.3003188, 5.3543761 ], [ 7.3005732, 5.3540433 ], [ 7.3006095, 5.3537973 ], [ 7.3005296, 5.3534789 ], [ 7.3003406, 5.3532691 ], [ 7.2999846, 5.3531533 ], [ 7.299345, 5.3530303 ], [ 7.2989744, 5.3528494 ], [ 7.2988872, 5.3526468 ], [ 7.2989017, 5.3523429 ], [ 7.2990398, 5.3520897 ], [ 7.2992724, 5.3519522 ], [ 7.2995994, 5.351916 ], [ 7.29997, 5.351945 ], [ 7.3002462, 5.3518654 ], [ 7.3004642, 5.3515977 ], [ 7.3005223, 5.3512721 ], [ 7.3004424, 5.3509754 ], [ 7.3002244, 5.3506571 ], [ 7.2998537, 5.3504545 ], [ 7.2994104, 5.3504038 ], [ 7.2988654, 5.3504907 ], [ 7.2981823, 5.3506354 ], [ 7.2978044, 5.3505702 ], [ 7.2974483, 5.3504111 ], [ 7.2972594, 5.3502012 ], [ 7.2971649, 5.3499263 ], [ 7.2971358, 5.3495356 ], [ 7.2972085, 5.3491232 ], [ 7.2973538, 5.3487252 ], [ 7.297739, 5.3481319 ], [ 7.2979425, 5.3476399 ], [ 7.2980006, 5.3472853 ], [ 7.2979716, 5.3468946 ], [ 7.2977245, 5.3464532 ], [ 7.2975428, 5.3460119 ], [ 7.2974992, 5.3456863 ], [ 7.2975791, 5.3453173 ], [ 7.2977753, 5.3449483 ], [ 7.2979425, 5.3446661 ], [ 7.2979716, 5.3444345 ], [ 7.2979207, 5.3441017 ], [ 7.2977099, 5.3437472 ], [ 7.2974265, 5.3434939 ], [ 7.2971358, 5.3432551 ], [ 7.2969178, 5.342973 ], [ 7.2967797, 5.3426112 ], [ 7.2967071, 5.3417574 ], [ 7.2965763, 5.3414245 ], [ 7.2963437, 5.3412654 ], [ 7.2959804, 5.3412147 ], [ 7.2955734, 5.3412871 ], [ 7.2952318, 5.3412654 ], [ 7.2949339, 5.3410989 ], [ 7.2944325, 5.3406286 ], [ 7.2941127, 5.3402741 ], [ 7.2940909, 5.340057 ], [ 7.2941708, 5.3398038 ], [ 7.2943453, 5.3396446 ], [ 7.2946069, 5.3396735 ], [ 7.2950356, 5.3397893 ], [ 7.2955153, 5.3398327 ], [ 7.295944, 5.3397242 ], [ 7.2965545, 5.3396301 ], [ 7.2970196, 5.3396229 ], [ 7.2973902, 5.3395433 ], [ 7.2975355, 5.339319 ], [ 7.2976009, 5.3390006 ], [ 7.297521, 5.338675 ], [ 7.2972666, 5.3382626 ], [ 7.2967507, 5.3376331 ], [ 7.2965472, 5.3371628 ], [ 7.2962274, 5.336772 ], [ 7.2958714, 5.3365984 ], [ 7.2955225, 5.3365984 ], [ 7.2951446, 5.3367069 ], [ 7.2947304, 5.337047 ], [ 7.294229, 5.3374811 ], [ 7.2938002, 5.3376982 ], [ 7.2931171, 5.337814 ], [ 7.2926665, 5.3378502 ], [ 7.2922814, 5.3379876 ], [ 7.2917654, 5.338306 ], [ 7.2914384, 5.3383639 ], [ 7.2910968, 5.338306 ], [ 7.2909006, 5.3381685 ], [ 7.2907335, 5.3379515 ], [ 7.2906826, 5.3376476 ], [ 7.2907335, 5.3373654 ], [ 7.2908498, 5.3371411 ], [ 7.2908788, 5.3367359 ], [ 7.2908134, 5.3358893 ], [ 7.290857, 5.335513 ], [ 7.2909951, 5.33505 ], [ 7.291264, 5.3346954 ], [ 7.2917145, 5.3344711 ], [ 7.2921142, 5.3342251 ], [ 7.2922741, 5.3339646 ], [ 7.2923032, 5.3336679 ], [ 7.2922087, 5.3333713 ], [ 7.2919907, 5.3332121 ], [ 7.2915547, 5.3331904 ], [ 7.2908352, 5.3333423 ], [ 7.2900722, 5.3335522 ], [ 7.2897016, 5.3335015 ], [ 7.2895417, 5.3333351 ], [ 7.2894835, 5.3331325 ], [ 7.2896143, 5.3328865 ], [ 7.2898832, 5.3326984 ], [ 7.2903629, 5.3325826 ], [ 7.2907844, 5.3324524 ], [ 7.2910242, 5.3322787 ], [ 7.2911041, 5.3320399 ], [ 7.2912422, 5.3315551 ], [ 7.2912567, 5.3311644 ], [ 7.2911114, 5.3308099 ], [ 7.2909152, 5.3305277 ], [ 7.2905954, 5.3302672 ], [ 7.2900213, 5.3299488 ], [ 7.289687, 5.3297751 ], [ 7.289469, 5.3295002 ], [ 7.2892437, 5.3291022 ], [ 7.2891056, 5.328697 ], [ 7.2890039, 5.3280892 ], [ 7.2889022, 5.3277057 ], [ 7.2886769, 5.3274887 ], [ 7.2883789, 5.3274163 ], [ 7.2879792, 5.3274163 ], [ 7.2877176, 5.3274452 ], [ 7.2873179, 5.3273512 ], [ 7.2869909, 5.3271413 ], [ 7.2866712, 5.3267144 ], [ 7.2864095, 5.3264033 ], [ 7.2863005, 5.3259474 ], [ 7.2862569, 5.3255061 ], [ 7.2863659, 5.3250936 ], [ 7.2865258, 5.3247752 ], [ 7.2866276, 5.3243339 ], [ 7.286693, 5.323878 ], [ 7.2866639, 5.3234583 ], [ 7.286613, 5.3230604 ], [ 7.2866494, 5.3227782 ], [ 7.2868238, 5.3224887 ], [ 7.2871072, 5.3219895 ], [ 7.2872235, 5.3216421 ], [ 7.2872162, 5.3212876 ], [ 7.2870854, 5.3210054 ], [ 7.286802, 5.3207521 ], [ 7.2862061, 5.3203397 ], [ 7.2858282, 5.3199707 ], [ 7.2856683, 5.3196161 ], [ 7.2855956, 5.3190517 ], [ 7.2854939, 5.3183715 ], [ 7.2854939, 5.3180387 ], [ 7.2856247, 5.3175901 ], [ 7.2856974, 5.317127 ], [ 7.2855157, 5.3158535 ], [ 7.2855884, 5.3155351 ], [ 7.28577, 5.315318 ], [ 7.2860825, 5.3151371 ], [ 7.2864895, 5.3150141 ], [ 7.2867656, 5.3148766 ], [ 7.2869328, 5.3146378 ], [ 7.286911, 5.3143629 ], [ 7.2866712, 5.3141313 ], [ 7.2863151, 5.3139577 ], [ 7.2860462, 5.3137406 ], [ 7.2858209, 5.3136538 ], [ 7.2852541, 5.3135742 ], [ 7.2846364, 5.3135307 ], [ 7.2843166, 5.313386 ], [ 7.2841495, 5.3131545 ], [ 7.2840332, 5.3127348 ], [ 7.2840186, 5.3121993 ], [ 7.2841858, 5.3115915 ], [ 7.284382, 5.3112442 ], [ 7.2846945, 5.3111574 ], [ 7.2850215, 5.3112152 ], [ 7.2852904, 5.3113961 ], [ 7.2855084, 5.3118737 ], [ 7.2857991, 5.3127058 ], [ 7.2860898, 5.3130676 ], [ 7.2864822, 5.3132341 ], [ 7.2869255, 5.3133137 ], [ 7.2872525, 5.3132341 ], [ 7.2875214, 5.3130676 ], [ 7.2877322, 5.312771 ], [ 7.2878848, 5.3123658 ], [ 7.2878557, 5.3119461 ], [ 7.2876886, 5.3115553 ], [ 7.2871508, 5.3107956 ], [ 7.2867584, 5.3102673 ], [ 7.2866639, 5.3099345 ], [ 7.2866566, 5.3097319 ], [ 7.2867293, 5.3094135 ], [ 7.2868892, 5.3092109 ], [ 7.2873397, 5.3088201 ], [ 7.2875432, 5.3085596 ], [ 7.2876232, 5.308234 ], [ 7.2876813, 5.3078361 ], [ 7.2876304, 5.3073223 ], [ 7.2874487, 5.3065408 ], [ 7.2872671, 5.3059909 ], [ 7.2870636, 5.305535 ], [ 7.2869328, 5.3048838 ], [ 7.286802, 5.3041529 ], [ 7.2867656, 5.3038852 ], [ 7.2865839, 5.3035162 ], [ 7.2863659, 5.3033353 ], [ 7.286068, 5.3031905 ], [ 7.2855956, 5.3031326 ], [ 7.2852831, 5.3030458 ], [ 7.2850142, 5.3028577 ], [ 7.2847526, 5.302561 ], [ 7.284571, 5.3021558 ], [ 7.2843965, 5.3016203 ], [ 7.2843021, 5.3011427 ], [ 7.284164, 5.3008171 ], [ 7.2838733, 5.3006145 ], [ 7.28343, 5.3004119 ], [ 7.2831829, 5.3001948 ], [ 7.2829358, 5.2996955 ], [ 7.2827832, 5.2994784 ], [ 7.2825289, 5.2992614 ], [ 7.2820783, 5.2990805 ], [ 7.2811917, 5.2987983 ], [ 7.2808138, 5.2985812 ], [ 7.2804723, 5.2982121 ], [ 7.2802979, 5.2978937 ], [ 7.2802325, 5.2975681 ], [ 7.2801525, 5.2971122 ], [ 7.2800435, 5.2968011 ], [ 7.2796075, 5.2962873 ], [ 7.2792296, 5.2957591 ], [ 7.2790407, 5.2953466 ], [ 7.2788953, 5.2948256 ], [ 7.2788881, 5.2944059 ], [ 7.2790116, 5.293979 ], [ 7.2793895, 5.2930528 ], [ 7.2794186, 5.2926693 ], [ 7.2793168, 5.292416 ], [ 7.2791569, 5.2922423 ], [ 7.2788372, 5.2922423 ], [ 7.2781323, 5.2923653 ], [ 7.2778488, 5.2923509 ], [ 7.2776599, 5.292264 ], [ 7.2775, 5.2921193 ], [ 7.2774564, 5.2919312 ], [ 7.2774637, 5.2916707 ], [ 7.2776018, 5.2914825 ], [ 7.2781686, 5.2909326 ], [ 7.2782921, 5.2906287 ], [ 7.2783503, 5.2901294 ], [ 7.2782413, 5.2897097 ], [ 7.2782776, 5.2894492 ], [ 7.2784738, 5.2892031 ], [ 7.2787645, 5.2890584 ], [ 7.2795348, 5.2888847 ], [ 7.2797964, 5.2887328 ], [ 7.2798618, 5.2884723 ], [ 7.2797456, 5.2882118 ], [ 7.2794622, 5.2880381 ], [ 7.2790407, 5.2879947 ], [ 7.2786264, 5.2881177 ], [ 7.2781323, 5.2881249 ], [ 7.2777253, 5.2880164 ], [ 7.2773692, 5.2877631 ], [ 7.2771875, 5.2875533 ], [ 7.2771149, 5.2872204 ], [ 7.2771585, 5.2869671 ], [ 7.2772965, 5.286779 ], [ 7.2775872, 5.2866922 ], [ 7.2779288, 5.2867211 ], [ 7.2782776, 5.2868948 ], [ 7.2786482, 5.286931 ], [ 7.2789971, 5.2868514 ], [ 7.2793313, 5.286627 ], [ 7.279484, 5.2863665 ], [ 7.2795203, 5.2860843 ], [ 7.2793313, 5.2856863 ], [ 7.2789317, 5.2852594 ], [ 7.278234, 5.2845864 ], [ 7.2777544, 5.2839496 ], [ 7.2774855, 5.283378 ], [ 7.2771294, 5.2830306 ], [ 7.2766498, 5.2828135 ], [ 7.2763736, 5.2826543 ], [ 7.2763082, 5.2824228 ], [ 7.2763373, 5.2821912 ], [ 7.2764826, 5.2820031 ], [ 7.2769041, 5.2819307 ], [ 7.2773547, 5.2817353 ], [ 7.2775945, 5.2814314 ], [ 7.2778634, 5.2810696 ], [ 7.2779724, 5.2806571 ], [ 7.2779361, 5.2803098 ], [ 7.2777108, 5.2800565 ], [ 7.2773838, 5.2799407 ], [ 7.2771076, 5.2799841 ], [ 7.276846, 5.2800927 ], [ 7.2766352, 5.2803966 ], [ 7.2763591, 5.2806354 ], [ 7.2761411, 5.2807078 ], [ 7.2758359, 5.2806571 ], [ 7.2754725, 5.28044 ], [ 7.2752836, 5.2801723 ], [ 7.2752109, 5.2798756 ], [ 7.2752617, 5.2795138 ], [ 7.2754725, 5.2791158 ], [ 7.2758504, 5.2787323 ], [ 7.2765117, 5.2782981 ], [ 7.2769695, 5.2780448 ], [ 7.2771076, 5.277835 ], [ 7.2771512, 5.2775817 ], [ 7.2770495, 5.2773429 ], [ 7.2767152, 5.2771909 ], [ 7.2763228, 5.2771403 ], [ 7.2757704, 5.2772343 ], [ 7.2752036, 5.2775455 ], [ 7.2749202, 5.2776251 ], [ 7.2746513, 5.2775166 ], [ 7.2744478, 5.2773139 ], [ 7.2743679, 5.2770028 ], [ 7.2743679, 5.2766337 ], [ 7.2745714, 5.2762792 ], [ 7.2748429, 5.2759003 ] ] ] } },
{ "type": "Feature", "properties": { "name": "Oramirukwa River", "waterway": "river" }, "geometry": { "type": "LineString", "coordinates": [ [ 7.1423492, 5.4762751 ], [ 7.14246, 5.4761904 ] ] } },
{ "type": "Feature", "properties": { "name": "Mbaa River", "waterway": "river" }, "geometry": { "type": "LineString", "coordinates": [ [ 7.1627014, 5.5984187 ], [ 7.162807, 5.5981224 ], [ 7.1631235, 5.5976579 ], [ 7.1632254, 5.597108 ], [ 7.163161, 5.5963712 ], [ 7.1632469, 5.5953889 ], [ 7.1631396, 5.5945453 ], [ 7.1628606, 5.5932427 ], [ 7.1626353, 5.5929116 ], [ 7.1621203, 5.5921215 ], [ 7.161777, 5.5912139 ], [ 7.1614122, 5.5901034 ], [ 7.1612406, 5.5889181 ], [ 7.1610153, 5.5882668 ], [ 7.1605754, 5.5879999 ], [ 7.15976, 5.5875727 ], [ 7.159363, 5.587167 ], [ 7.1590304, 5.5865156 ], [ 7.1586764, 5.5859711 ], [ 7.1566272, 5.5849139 ], [ 7.1553826, 5.5844975 ], [ 7.1544278, 5.5842626 ], [ 7.1524429, 5.583355 ], [ 7.1506297, 5.5824901 ], [ 7.1496642, 5.582095 ], [ 7.1486449, 5.5816892 ], [ 7.1477115, 5.5811767 ], [ 7.146939, 5.5805253 ], [ 7.1462846, 5.5797885 ], [ 7.1456838, 5.5787741 ], [ 7.1449971, 5.5775782 ], [ 7.1444714, 5.5760405 ], [ 7.1435273, 5.573072 ], [ 7.1431088, 5.5715023 ], [ 7.1425724, 5.569356 ], [ 7.1424115, 5.5680213 ], [ 7.1422934, 5.5660031 ], [ 7.1426582, 5.5646149 ], [ 7.1429372, 5.5625647 ], [ 7.1428406, 5.5611658 ], [ 7.1427762, 5.5595961 ], [ 7.1432912, 5.5574604 ], [ 7.1439779, 5.5550257 ], [ 7.144525, 5.5528046 ], [ 7.1447289, 5.551032 ], [ 7.1449971, 5.5495049 ], [ 7.145319, 5.5483944 ], [ 7.1455765, 5.5473585 ], [ 7.1456623, 5.5466431 ], [ 7.1455121, 5.5454257 ], [ 7.1453833, 5.5443579 ], [ 7.1451259, 5.5432473 ], [ 7.1449649, 5.5418911 ], [ 7.1447503, 5.5409407 ], [ 7.1449864, 5.5400223 ], [ 7.1452117, 5.5388476 ], [ 7.1453512, 5.5376943 ], [ 7.145555, 5.5367226 ], [ 7.1462953, 5.5356974 ], [ 7.1474755, 5.5347897 ], [ 7.1483982, 5.5344053 ], [ 7.1491921, 5.534149 ], [ 7.1504581, 5.533551 ], [ 7.1514773, 5.5329423 ], [ 7.1528506, 5.532088 ], [ 7.1536875, 5.531522 ], [ 7.1540603, 5.5311562 ], [ 7.154358, 5.5305529 ], [ 7.1546262, 5.5302112 ], [ 7.1549991, 5.5298214 ], [ 7.1553236, 5.5291272 ], [ 7.1556643, 5.5285266 ], [ 7.1558118, 5.528062 ], [ 7.1556294, 5.5276989 ], [ 7.1554148, 5.5272184 ], [ 7.1554792, 5.5267165 ], [ 7.1556508, 5.5262146 ], [ 7.155801, 5.526033 ], [ 7.1559083, 5.5254457 ], [ 7.1558332, 5.5250506 ], [ 7.1559083, 5.52457 ], [ 7.1561336, 5.5239613 ], [ 7.1562731, 5.5233526 ], [ 7.1561229, 5.5226157 ], [ 7.1559083, 5.522007 ], [ 7.155844, 5.5216333 ], [ 7.1559191, 5.5212275 ], [ 7.155844, 5.5209498 ], [ 7.1555543, 5.5206722 ], [ 7.1552861, 5.5204372 ], [ 7.1551895, 5.5199673 ], [ 7.1552753, 5.5192305 ], [ 7.1553826, 5.5182694 ], [ 7.1555221, 5.5173082 ], [ 7.1554792, 5.516518 ], [ 7.1553397, 5.5159093 ], [ 7.1550608, 5.5149588 ], [ 7.154932, 5.5140084 ], [ 7.1549964, 5.5131327 ], [ 7.1552646, 5.5121609 ], [ 7.1555006, 5.5116589 ], [ 7.1553612, 5.5112318 ], [ 7.1549213, 5.5107512 ], [ 7.1547174, 5.510324 ], [ 7.1549213, 5.509694 ], [ 7.1551466, 5.5091173 ], [ 7.1552217, 5.5081989 ], [ 7.1549749, 5.5074086 ], [ 7.1545887, 5.5068426 ], [ 7.1540201, 5.506063 ], [ 7.1534085, 5.505497 ], [ 7.1528399, 5.5049951 ], [ 7.1523571, 5.5046854 ], [ 7.1523249, 5.5041407 ], [ 7.1524322, 5.5034572 ], [ 7.1521532, 5.5030621 ], [ 7.1513915, 5.5025068 ], [ 7.1506727, 5.5020903 ], [ 7.1491452, 5.5007877 ] ] } },
{ "type": "Feature", "properties": { "name": "Oramirukwa River", "waterway": "river" }, "geometry": { "type": "LineString", "coordinates": [ [ 7.224197, 5.6737263 ], [ 7.2248837, 5.6477611 ], [ 7.2276303, 5.6392196 ], [ 7.2269436, 5.6330697 ], [ 7.2235104, 5.6258946 ], [ 7.2235104, 5.6200862 ], [ 7.225227, 5.6067609 ], [ 7.2293469, 5.6002689 ], [ 7.2286602, 5.5941186 ], [ 7.2276303, 5.5855763 ], [ 7.2310635, 5.5807926 ], [ 7.2286602, 5.5719084 ], [ 7.2238537, 5.5674663 ], [ 7.2204205, 5.5575568 ], [ 7.2060335, 5.5460985 ], [ 7.2021469, 5.5437759 ], [ 7.2014281, 5.5434261 ], [ 7.1973213, 5.5392111 ], [ 7.1942505, 5.5387382 ], [ 7.1939434, 5.5386761 ], [ 7.1900472, 5.5366588 ], [ 7.187376, 5.5341917 ], [ 7.1854555, 5.530657 ], [ 7.1847904, 5.5301591 ], [ 7.1844095, 5.5298721 ], [ 7.1843545, 5.5294169 ], [ 7.1842472, 5.5292394 ], [ 7.1840863, 5.5292087 ], [ 7.1839187, 5.5291166 ], [ 7.1814966, 5.5275922 ], [ 7.1800589, 5.5253923 ], [ 7.1786213, 5.523107 ], [ 7.1766468, 5.5214627 ], [ 7.1722001, 5.5185817 ], [ 7.1715429, 5.5181572 ], [ 7.1711647, 5.5179757 ], [ 7.1709153, 5.517998 ], [ 7.1707677, 5.5179802 ], [ 7.1682572, 5.5166568 ], [ 7.1622702, 5.5082846 ], [ 7.1576786, 5.5049523 ], [ 7.1555757, 5.5030941 ], [ 7.1534622, 5.5015777 ], [ 7.1515524, 5.5013961 ], [ 7.1491452, 5.5007877 ], [ 7.1481385, 5.5005869 ], [ 7.1461666, 5.5001787 ], [ 7.1435594, 5.4988651 ], [ 7.1404265, 5.4953624 ], [ 7.1399615, 5.4931936 ], [ 7.1398056, 5.4929769 ], [ 7.1396122, 5.4928724 ], [ 7.1394157, 5.4928452 ], [ 7.1391419, 5.4927038 ], [ 7.1388026, 5.4922694 ], [ 7.1381672, 5.4910874 ], [ 7.1380233, 5.4908497 ], [ 7.1379646, 5.490527 ], [ 7.1379213, 5.4897768 ], [ 7.1376028, 5.4884273 ], [ 7.1370879, 5.4871878 ], [ 7.1368093, 5.4867659 ], [ 7.1362736, 5.4854906 ], [ 7.1361359, 5.4849432 ], [ 7.1360814, 5.4845652 ], [ 7.1360501, 5.4840376 ], [ 7.1360837, 5.4834506 ], [ 7.1360388, 5.4831891 ], [ 7.1360927, 5.4827328 ], [ 7.136178, 5.4825376 ], [ 7.1362647, 5.4821502 ], [ 7.1362535, 5.481862 ], [ 7.1362298, 5.4816383 ], [ 7.1362603, 5.4814916 ], [ 7.1363415, 5.4813343 ], [ 7.1364042, 5.481221 ], [ 7.1363927, 5.4811439 ], [ 7.136327, 5.4810826 ], [ 7.1361994, 5.4810169 ], [ 7.1360831, 5.4808565 ], [ 7.1360675, 5.4806813 ], [ 7.1361223, 5.4805584 ], [ 7.136332, 5.4803291 ], [ 7.1364226, 5.4801713 ], [ 7.1364699, 5.4799416 ], [ 7.1367505, 5.4796192 ], [ 7.1373069, 5.4790696 ], [ 7.1380879, 5.4784237 ], [ 7.13856, 5.477951 ], [ 7.1397454, 5.4772353 ], [ 7.1405908, 5.4768199 ], [ 7.1412345, 5.4764667 ], [ 7.1417951, 5.4763717 ], [ 7.1421202, 5.4763755 ], [ 7.1422526, 5.4763668 ], [ 7.1423492, 5.4762751 ] ] } },
{ "type": "Feature", "properties": { "name": "Mbaa River", "waterway": "river" }, "geometry": { "type": "LineString", "coordinates": [ [ 7.1626452, 5.5987017 ], [ 7.1627014, 5.5984187 ] ] } },
{ "type": "Feature", "properties": { "name": "Mbaa River", "waterway": "river" }, "geometry": { "type": "LineString", "coordinates": [ [ 7.1619773, 5.59962 ], [ 7.1620211, 5.5994571 ], [ 7.1621539, 5.5992115 ], [ 7.1624288, 5.5990567 ], [ 7.1626452, 5.5987017 ] ] } },
{ "type": "Feature", "properties": { "name": null, "waterway": "river" }, "geometry": { "type": "LineString", "coordinates": [ [ 7.1285819, 5.3060914 ], [ 7.1283379, 5.3055224 ], [ 7.1279678, 5.3053435 ], [ 7.1277881, 5.3051458 ], [ 7.1277398, 5.304999 ], [ 7.1277934, 5.3047506 ] ] } },
{ "type": "Feature", "properties": { "name": "Oramirukwa River", "waterway": "river" }, "geometry": { "type": "LineString", "coordinates": [ [ 7.14246, 5.4761904 ], [ 7.1425192, 5.4761141 ], [ 7.1427519, 5.4759621 ], [ 7.1427816, 5.4758732 ], [ 7.1427108, 5.4755604 ], [ 7.1426661, 5.4750717 ], [ 7.1427468, 5.4748463 ], [ 7.1429961, 5.4746864 ], [ 7.1433975, 5.4746686 ], [ 7.1438141, 5.4747966 ], [ 7.1446195, 5.474788 ], [ 7.1453073, 5.4744689 ], [ 7.1460034, 5.4737139 ], [ 7.1460785, 5.4735644 ], [ 7.1461268, 5.473228 ], [ 7.1460517, 5.4725978 ], [ 7.1457942, 5.471918 ], [ 7.1456815, 5.4714855 ], [ 7.1455581, 5.4711171 ], [ 7.1454991, 5.4709088 ], [ 7.1455581, 5.4706632 ], [ 7.1456869, 5.4704709 ], [ 7.1458961, 5.4702146 ], [ 7.1460087, 5.4699796 ], [ 7.1460141, 5.4698194 ], [ 7.1459712, 5.4696806 ], [ 7.1456708, 5.469451 ], [ 7.1454133, 5.4691733 ], [ 7.1454257, 5.4686043 ], [ 7.1455518, 5.4682463 ], [ 7.1457012, 5.4680464 ], [ 7.1457666, 5.4679395 ], [ 7.1457573, 5.4677489 ], [ 7.1458507, 5.4673863 ], [ 7.1461682, 5.466675 ], [ 7.1465232, 5.4661125 ], [ 7.146738, 5.4657639 ], [ 7.1468314, 5.465485 ], [ 7.147205, 5.4646389 ], [ 7.1473824, 5.4644343 ], [ 7.1476346, 5.4642437 ], [ 7.1477887, 5.4640113 ], [ 7.1477934, 5.4638439 ], [ 7.1478168, 5.4636161 ], [ 7.14803, 5.4633215 ], [ 7.1482576, 5.4631151 ], [ 7.1484243, 5.4629573 ], [ 7.1484772, 5.4628197 ], [ 7.1484446, 5.462678 ], [ 7.1482666, 5.4624414 ], [ 7.1482076, 5.4622438 ], [ 7.1482236, 5.4620783 ], [ 7.1483095, 5.4619555 ], [ 7.1483148, 5.4618754 ], [ 7.1482076, 5.4617205 ], [ 7.1482076, 5.461619 ], [ 7.1482773, 5.4614749 ], [ 7.1483685, 5.4613787 ], [ 7.1483685, 5.4612079 ], [ 7.1483202, 5.4609355 ], [ 7.148406, 5.4605457 ], [ 7.1486635, 5.4600864 ], [ 7.1489908, 5.459734 ], [ 7.1502138, 5.4588849 ], [ 7.1506269, 5.4585485 ], [ 7.1507932, 5.4582067 ], [ 7.1508576, 5.4577742 ], [ 7.1508039, 5.4574004 ], [ 7.1505894, 5.4570212 ], [ 7.1504391, 5.4567874 ], [ 7.1503817, 5.45654 ], [ 7.1503828, 5.4562313 ], [ 7.150409, 5.4553613 ], [ 7.1503126, 5.4549876 ], [ 7.1500739, 5.4546439 ], [ 7.1497007, 5.4541958 ], [ 7.1495631, 5.4538859 ], [ 7.1495257, 5.4535486 ], [ 7.1494774, 5.4534531 ], [ 7.1494061, 5.453338 ], [ 7.1493784, 5.4531754 ], [ 7.149307, 5.4531153 ], [ 7.1492473, 5.4531051 ], [ 7.1492105, 5.4531649 ], [ 7.1492023, 5.4532697 ], [ 7.1491348, 5.4533614 ], [ 7.148999, 5.453389 ], [ 7.1488497, 5.4533525 ], [ 7.1487026, 5.4531777 ], [ 7.1486498, 5.4529858 ], [ 7.1486484, 5.4527007 ], [ 7.1487277, 5.4525296 ], [ 7.1489595, 5.4522781 ], [ 7.1489892, 5.4521168 ], [ 7.1476163, 5.4491269 ], [ 7.1464632, 5.4473321 ], [ 7.1440285, 5.4456341 ], [ 7.1434645, 5.4452025 ], [ 7.1427618, 5.4445367 ], [ 7.1420275, 5.4438293 ], [ 7.1417258, 5.443196 ], [ 7.1414995, 5.4422043 ], [ 7.1410949, 5.4417576 ], [ 7.1404914, 5.4414593 ], [ 7.1386544, 5.4412802 ], [ 7.1368659, 5.4406369 ], [ 7.1354865, 5.4403271 ], [ 7.1345484, 5.4397202 ], [ 7.1339113, 5.4387717 ], [ 7.1336261, 5.4383661 ], [ 7.133351, 5.4382115 ], [ 7.1322319, 5.438138 ], [ 7.1311078, 5.4381043 ], [ 7.1298722, 5.437931 ], [ 7.1276743, 5.4373241 ], [ 7.1261767, 5.436762 ], [ 7.1248588, 5.4363418 ], [ 7.1230238, 5.4359823 ], [ 7.1215065, 5.4356138 ], [ 7.1203964, 5.4350915 ], [ 7.1199103, 5.4348822 ], [ 7.1194291, 5.4345077 ], [ 7.1190485, 5.4341971 ], [ 7.1184733, 5.4334507 ], [ 7.1179148, 5.4322613 ], [ 7.1178448, 5.4315777 ], [ 7.1180598, 5.4312876 ], [ 7.1182743, 5.4306367 ], [ 7.1183001, 5.4289374 ], [ 7.1177993, 5.4255651 ], [ 7.1175953, 5.424959 ], [ 7.1170805, 5.4238238 ], [ 7.1169525, 5.4232551 ], [ 7.1169266, 5.4229463 ], [ 7.1168056, 5.4227409 ], [ 7.1166816, 5.4226229 ], [ 7.1165257, 5.4224286 ], [ 7.1163683, 5.4222591 ], [ 7.116122, 5.4222196 ], [ 7.1154241, 5.4221137 ], [ 7.1148869, 5.4218342 ], [ 7.1146079, 5.4214575 ], [ 7.1145245, 5.4208949 ], [ 7.1144843, 5.4207829 ], [ 7.114417, 5.4207354 ], [ 7.1142394, 5.4207029 ], [ 7.1138552, 5.4207171 ], [ 7.1135743, 5.4205743 ], [ 7.1133031, 5.4202573 ], [ 7.1132173, 5.4200772 ], [ 7.1132332, 5.4199618 ], [ 7.1132847, 5.4199146 ], [ 7.1134713, 5.4197969 ], [ 7.1135959, 5.419586 ], [ 7.1136058, 5.4193912 ], [ 7.1133515, 5.4189774 ], [ 7.1131024, 5.4187604 ], [ 7.1128003, 5.4186624 ], [ 7.1126318, 5.4185949 ], [ 7.1125606, 5.4184713 ], [ 7.1125346, 5.4182015 ], [ 7.1124839, 5.4179593 ], [ 7.1123342, 5.4177419 ], [ 7.1121599, 5.417598 ], [ 7.1115835, 5.4170318 ], [ 7.1113176, 5.416626 ], [ 7.1110333, 5.4161827 ], [ 7.1107276, 5.4156113 ], [ 7.1105613, 5.4153977 ], [ 7.1102609, 5.4151253 ], [ 7.109762, 5.4148904 ], [ 7.1090968, 5.4147996 ], [ 7.1087159, 5.4147782 ], [ 7.1081038, 5.4149817 ], [ 7.1075092, 5.4151015 ], [ 7.1069783, 5.4149676 ], [ 7.1062846, 5.4145307 ], [ 7.1058033, 5.4140022 ], [ 7.1055909, 5.4135653 ], [ 7.1052653, 5.4133539 ], [ 7.1046637, 5.4131636 ], [ 7.1041894, 5.412924 ], [ 7.1033896, 5.4122123 ], [ 7.1021013, 5.4117613 ], [ 7.1016915, 5.4116334 ], [ 7.1012314, 5.4116546 ], [ 7.1009058, 5.4116968 ], [ 7.1002405, 5.4119505 ], [ 7.0994831, 5.4120281 ], [ 7.0987044, 5.4118942 ], [ 7.0979895, 5.4116052 ], [ 7.0976427, 5.4112811 ], [ 7.0972109, 5.4110415 ], [ 7.0968782, 5.4110415 ], [ 7.0964181, 5.4112529 ], [ 7.0957811, 5.4113093 ], [ 7.0949883, 5.4113093 ], [ 7.0945353, 5.411415 ], [ 7.0940185, 5.4115911 ], [ 7.0930347, 5.4116334 ], [ 7.0920578, 5.4114361 ], [ 7.0908474, 5.411267 ], [ 7.0899414, 5.4109922 ], [ 7.0893114, 5.4105905 ], [ 7.0889079, 5.4102241 ], [ 7.0884903, 5.4099704 ], [ 7.0881647, 5.4097872 ], [ 7.0877613, 5.4096674 ], [ 7.0872021, 5.4095194 ], [ 7.0866287, 5.4092023 ], [ 7.0863173, 5.4087442 ], [ 7.0861403, 5.4080395 ], [ 7.0858604, 5.4072787 ], [ 7.0854907, 5.4068309 ], [ 7.0849299, 5.4064812 ], [ 7.0843322, 5.4059598 ], [ 7.0840179, 5.4053156 ], [ 7.0839194, 5.4048494 ], [ 7.0835928, 5.4043157 ], [ 7.0830567, 5.4038863 ], [ 7.0824281, 5.4036347 ], [ 7.0818797, 5.4035059 ], [ 7.0815809, 5.4031066 ], [ 7.0816297, 5.4022567 ], [ 7.0818329, 5.4014472 ], [ 7.0823289, 5.4007915 ], [ 7.0829469, 5.4002977 ], [ 7.0835648, 5.3994235 ], [ 7.0836624, 5.3989459 ], [ 7.0835892, 5.397594 ], [ 7.0834917, 5.3973107 ], [ 7.0831339, 5.396906 ], [ 7.0829306, 5.396566 ], [ 7.0828574, 5.3961046 ], [ 7.0826704, 5.3949713 ], [ 7.0825403, 5.3944613 ], [ 7.0821582, 5.3940809 ], [ 7.0814671, 5.3936518 ], [ 7.0811256, 5.3932471 ], [ 7.0808762, 5.3929158 ], [ 7.0807205, 5.3926339 ], [ 7.0803736, 5.3923027 ], [ 7.0799985, 5.3920913 ], [ 7.0794251, 5.3919362 ], [ 7.0791137, 5.3917671 ], [ 7.0787173, 5.3911752 ], [ 7.0785545, 5.3906255 ], [ 7.0786111, 5.3901745 ], [ 7.0787031, 5.3896812 ], [ 7.0788872, 5.389202 ], [ 7.0787597, 5.3885325 ], [ 7.0783634, 5.3876023 ], [ 7.0779953, 5.3870949 ], [ 7.0776201, 5.3866791 ], [ 7.0773653, 5.3863761 ], [ 7.0772379, 5.386066 ], [ 7.0768132, 5.3852838 ], [ 7.0766575, 5.3850019 ], [ 7.0762823, 5.3847482 ], [ 7.0758434, 5.3846425 ], [ 7.075624, 5.3844593 ], [ 7.0755674, 5.3842056 ], [ 7.0756028, 5.3839237 ], [ 7.0756169, 5.3836629 ], [ 7.0754535, 5.3832994 ], [ 7.0748455, 5.3827951 ], [ 7.0744904, 5.382221 ], [ 7.0741239, 5.3805873 ], [ 7.0738174, 5.3799134 ], [ 7.0735364, 5.3796318 ], [ 7.0732223, 5.3791097 ], [ 7.0731811, 5.3786616 ], [ 7.0733283, 5.3783659 ], [ 7.0737697, 5.3782989 ], [ 7.0740056, 5.3781017 ], [ 7.0740283, 5.3779046 ], [ 7.0739249, 5.3776581 ], [ 7.0731409, 5.3764455 ], [ 7.0731075, 5.3762933 ], [ 7.0730668, 5.3761314 ], [ 7.073079, 5.3759776 ], [ 7.0730628, 5.3757995 ], [ 7.0730018, 5.37567 ], [ 7.0728514, 5.3755405 ], [ 7.0727294, 5.3753826 ], [ 7.0726725, 5.3750871 ], [ 7.0725505, 5.374824 ], [ 7.0723798, 5.3744962 ], [ 7.0722456, 5.3742452 ], [ 7.0721879, 5.3739289 ], [ 7.0721128, 5.3738167 ], [ 7.072019, 5.3737767 ], [ 7.0718151, 5.3738114 ], [ 7.0717481, 5.37379 ], [ 7.0717051, 5.3737233 ], [ 7.0716971, 5.3735978 ], [ 7.0717185, 5.3734669 ], [ 7.0717185, 5.3732987 ], [ 7.0716166, 5.373077 ], [ 7.0715147, 5.3729355 ], [ 7.0711714, 5.3727459 ], [ 7.0707108, 5.372573 ], [ 7.0704211, 5.3724929 ], [ 7.0701905, 5.3724609 ], [ 7.0698954, 5.3724075 ], [ 7.0698096, 5.3723434 ], [ 7.0697345, 5.3722419 ], [ 7.0697184, 5.372055 ], [ 7.0697399, 5.3716865 ], [ 7.0697238, 5.3713233 ], [ 7.069654, 5.3711257 ], [ 7.0694931, 5.3709761 ], [ 7.0694073, 5.3708693 ], [ 7.0694019, 5.3707251 ], [ 7.0694663, 5.3705809 ], [ 7.0694502, 5.37041 ], [ 7.0693429, 5.3702765 ], [ 7.0692088, 5.3701376 ], [ 7.069182, 5.3699987 ], [ 7.0691551, 5.369737 ], [ 7.0691015, 5.3694593 ], [ 7.0690371, 5.3692403 ], [ 7.0688011, 5.3689947 ], [ 7.0686992, 5.3688344 ], [ 7.0686723, 5.3685567 ], [ 7.0686938, 5.3683217 ], [ 7.0685436, 5.3678571 ], [ 7.0683398, 5.3675046 ], [ 7.0682003, 5.3673176 ], [ 7.0678677, 5.3671681 ], [ 7.0676316, 5.3669544 ], [ 7.0675136, 5.3666874 ], [ 7.0674063, 5.3663296 ], [ 7.0674702, 5.3658966 ], [ 7.0674209, 5.3654304 ], [ 7.0671929, 5.3649948 ], [ 7.0668971, 5.3646083 ], [ 7.0662382, 5.3636723 ], [ 7.0659066, 5.363277 ], [ 7.0658132, 5.3630213 ], [ 7.0658319, 5.3627981 ], [ 7.0659253, 5.3626029 ], [ 7.0662662, 5.3623332 ], [ 7.0664017, 5.3620403 ], [ 7.0663752, 5.3614827 ], [ 7.0662637, 5.3607609 ], [ 7.0659926, 5.3605277 ], [ 7.0657215, 5.3603927 ], [ 7.0652347, 5.3602884 ], [ 7.065019, 5.3601719 ], [ 7.0648218, 5.359951 ], [ 7.0646431, 5.3596136 ], [ 7.0645692, 5.3593068 ], [ 7.064335, 5.3588037 ], [ 7.0642364, 5.3586197 ], [ 7.0640022, 5.3584356 ], [ 7.0637373, 5.3581289 ], [ 7.063497, 5.3576319 ], [ 7.063269, 5.3572209 ], [ 7.0629855, 5.3569939 ], [ 7.0627637, 5.3569386 ], [ 7.06221, 5.3568335 ], [ 7.0620383, 5.3567587 ], [ 7.0617862, 5.3565237 ], [ 7.0616199, 5.3563528 ], [ 7.0614322, 5.3558134 ], [ 7.0612498, 5.3555463 ], [ 7.0608689, 5.3554182 ], [ 7.0606114, 5.3554822 ], [ 7.060193, 5.3557279 ], [ 7.0599248, 5.3557386 ], [ 7.0596726, 5.3557066 ], [ 7.0589649, 5.3553753 ], [ 7.0585166, 5.3549196 ], [ 7.0583018, 5.35465 ], [ 7.0579562, 5.3541199 ], [ 7.0576853, 5.3535155 ], [ 7.0574705, 5.3526227 ], [ 7.0569568, 5.3515254 ], [ 7.0563404, 5.3504746 ], [ 7.0560882, 5.3498329 ], [ 7.0560135, 5.3495168 ], [ 7.0556492, 5.3490983 ], [ 7.0549455, 5.3486866 ], [ 7.0541811, 5.348298 ], [ 7.0536689, 5.3479256 ], [ 7.0532298, 5.347116 ], [ 7.0529696, 5.346776 ], [ 7.0528639, 5.3463146 ], [ 7.0528477, 5.3457641 ], [ 7.0526787, 5.3453764 ], [ 7.0524946, 5.3450029 ], [ 7.051985, 5.344573 ], [ 7.0517302, 5.344277 ], [ 7.0516452, 5.3440162 ], [ 7.0516806, 5.343537 ], [ 7.051893, 5.3431282 ], [ 7.0520062, 5.3427547 ], [ 7.0519242, 5.3423586 ], [ 7.0517455, 5.3420396 ], [ 7.0517024, 5.3417267 ], [ 7.0516469, 5.3415242 ], [ 7.0513696, 5.341334 ], [ 7.0510184, 5.3412788 ], [ 7.0508027, 5.3412972 ], [ 7.0505624, 5.3413708 ], [ 7.0502912, 5.3415488 ], [ 7.0500509, 5.341469 ], [ 7.0499585, 5.3413156 ], [ 7.0498168, 5.3410641 ], [ 7.0497921, 5.340696 ], [ 7.0494717, 5.3402051 ], [ 7.0491451, 5.3399658 ], [ 7.0489294, 5.339929 ], [ 7.0485042, 5.3399536 ], [ 7.0483194, 5.3399965 ], [ 7.0481283, 5.3399781 ], [ 7.04778, 5.3397981 ], [ 7.0474657, 5.3395957 ], [ 7.0470467, 5.3394177 ], [ 7.0467756, 5.3391355 ], [ 7.04664, 5.3387367 ], [ 7.0466462, 5.3384668 ], [ 7.0467263, 5.337933 ], [ 7.0465661, 5.3376814 ], [ 7.0463011, 5.3374299 ], [ 7.0460916, 5.3372458 ], [ 7.0456048, 5.3371599 ], [ 7.0449953, 5.336984 ], [ 7.0441017, 5.3366895 ], [ 7.0437135, 5.3364195 ], [ 7.0436088, 5.3361311 ], [ 7.0436149, 5.3358919 ], [ 7.0436889, 5.3355728 ], [ 7.0439662, 5.3352722 ], [ 7.0441572, 5.3349593 ], [ 7.0441572, 5.3347507 ], [ 7.0439477, 5.3345237 ], [ 7.0435841, 5.3343641 ], [ 7.0432514, 5.3343519 ], [ 7.0427769, 5.3343335 ], [ 7.0421815, 5.3343736 ], [ 7.0419667, 5.3343411 ], [ 7.0416118, 5.3342016 ], [ 7.0413456, 5.3340807 ], [ 7.0411635, 5.3338529 ], [ 7.0410234, 5.3334297 ], [ 7.0410047, 5.3330856 ], [ 7.0407555, 5.3327969 ], [ 7.0406194, 5.3327686 ], [ 7.0401044, 5.3328167 ], [ 7.0399274, 5.3328167 ], [ 7.0397772, 5.3327686 ], [ 7.0396055, 5.3326671 ], [ 7.039273, 5.3325069 ], [ 7.0390208, 5.3324535 ], [ 7.038817, 5.3324482 ], [ 7.0384897, 5.3324749 ], [ 7.0382215, 5.3324161 ], [ 7.0379748, 5.3322719 ], [ 7.0374061, 5.3319621 ], [ 7.0371218, 5.3319301 ], [ 7.0368214, 5.3319461 ], [ 7.0364137, 5.3320743 ], [ 7.0360811, 5.3321277 ], [ 7.0355769, 5.332117 ], [ 7.0351853, 5.3320155 ], [ 7.0348151, 5.3318393 ], [ 7.0345898, 5.3316737 ], [ 7.0344557, 5.3316523 ], [ 7.0340963, 5.331663 ], [ 7.0337798, 5.3315722 ], [ 7.0334096, 5.3313318 ], [ 7.0329429, 5.3308992 ], [ 7.032487, 5.330552 ], [ 7.0321467, 5.3303708 ], [ 7.0317647, 5.3301438 ], [ 7.0314504, 5.329745 ], [ 7.0313149, 5.3293769 ], [ 7.0312594, 5.3291928 ], [ 7.0311731, 5.3290885 ], [ 7.0309698, 5.3289413 ], [ 7.0306185, 5.328567 ], [ 7.0303351, 5.3281007 ], [ 7.0302735, 5.3279044 ], [ 7.0302796, 5.3276774 ], [ 7.0303659, 5.3274319 ], [ 7.030939, 5.3262723 ], [ 7.0313149, 5.3255852 ], [ 7.0312039, 5.3242354 ], [ 7.0310869, 5.3232721 ], [ 7.0308253, 5.3224084 ], [ 7.0305172, 5.3218317 ], [ 7.030246, 5.3214329 ], [ 7.030057, 5.3207193 ], [ 7.0301679, 5.3199217 ], [ 7.0302542, 5.3196149 ], [ 7.0306362, 5.319118 ], [ 7.0311415, 5.3184492 ], [ 7.0315051, 5.3181301 ], [ 7.0318748, 5.3179277 ], [ 7.0324417, 5.3175227 ], [ 7.0326944, 5.317265 ], [ 7.0329162, 5.316903 ], [ 7.0330148, 5.3163876 ], [ 7.0330086, 5.3162097 ], [ 7.0329285, 5.3159643 ], [ 7.032682, 5.3152648 ], [ 7.0326019, 5.3147003 ], [ 7.0326389, 5.3142892 ], [ 7.0328484, 5.3138659 ], [ 7.0333167, 5.313326 ], [ 7.0335755, 5.3131419 ], [ 7.0338343, 5.313056 ], [ 7.03405, 5.3129087 ], [ 7.0340993, 5.3127431 ], [ 7.0340562, 5.3125651 ], [ 7.0337974, 5.3123749 ], [ 7.0335139, 5.3121663 ], [ 7.0334769, 5.3119823 ], [ 7.0335078, 5.3117614 ], [ 7.033668, 5.3115712 ], [ 7.0339946, 5.3114607 ], [ 7.0341548, 5.3113073 ], [ 7.0342102, 5.3111171 ], [ 7.0341363, 5.3108717 ], [ 7.0339417, 5.3106818 ], [ 7.0338369, 5.3105652 ], [ 7.0338492, 5.3104118 ], [ 7.0339848, 5.310148 ], [ 7.0340279, 5.3100007 ], [ 7.0339848, 5.3098412 ], [ 7.033917, 5.3096939 ], [ 7.0339478, 5.3094546 ], [ 7.0339047, 5.3093074 ], [ 7.0338061, 5.3090681 ], [ 7.0337876, 5.3088779 ], [ 7.0337876, 5.3086447 ], [ 7.0336952, 5.308387 ], [ 7.0333255, 5.3079391 ], [ 7.032888, 5.3075403 ], [ 7.0326784, 5.3071599 ], [ 7.0323888, 5.3064543 ], [ 7.032167, 5.3062702 ], [ 7.0318219, 5.3060432 ], [ 7.0314768, 5.305945 ], [ 7.031218, 5.3057916 ], [ 7.0310825, 5.3056014 ], [ 7.0310701, 5.3053437 ], [ 7.0311502, 5.3049817 ], [ 7.031255, 5.3045706 ], [ 7.031255, 5.3043006 ], [ 7.0309592, 5.3028772 ], [ 7.0308144, 5.3021878 ], [ 7.030786, 5.3018918 ], [ 7.0308144, 5.3016804 ], [ 7.0309347, 5.3014407 ], [ 7.0311541, 5.3011941 ], [ 7.0312886, 5.3009756 ], [ 7.0313523, 5.3006161 ], [ 7.0312603, 5.3001721 ], [ 7.0311541, 5.2998761 ], [ 7.0308427, 5.2996717 ], [ 7.0304604, 5.2994884 ], [ 7.0302976, 5.2993474 ], [ 7.0300782, 5.2990162 ], [ 7.0294341, 5.2987131 ], [ 7.028608, 5.2985008 ], [ 7.0282379, 5.2983031 ], [ 7.0280716, 5.2980521 ], [ 7.0279643, 5.2977957 ], [ 7.0279428, 5.2975286 ], [ 7.0280179, 5.297112 ], [ 7.0280823, 5.2968022 ], [ 7.028014, 5.2964802 ], [ 7.0277451, 5.2961841 ], [ 7.0274974, 5.2959955 ], [ 7.027214, 5.2958973 ], [ 7.0269367, 5.295836 ], [ 7.0268073, 5.2957255 ], [ 7.0267087, 5.2955108 ], [ 7.0267395, 5.2953758 ], [ 7.0269305, 5.2952285 ], [ 7.0274913, 5.2949524 ], [ 7.0277377, 5.2947622 ], [ 7.0279226, 5.2944615 ], [ 7.0278856, 5.2941241 ], [ 7.027693, 5.293769 ], [ 7.0273462, 5.2935998 ], [ 7.0269356, 5.2935787 ], [ 7.0266454, 5.2934871 ], [ 7.026242, 5.2931487 ], [ 7.0260155, 5.2928104 ], [ 7.0259801, 5.2924369 ], [ 7.0260862, 5.2920563 ], [ 7.026334, 5.2917461 ], [ 7.0264048, 5.2913937 ], [ 7.0263481, 5.2912598 ], [ 7.0261712, 5.2910907 ], [ 7.0261429, 5.290851 ], [ 7.0261358, 5.2904634 ], [ 7.0260862, 5.2902026 ], [ 7.0258668, 5.2898925 ], [ 7.0254775, 5.2896246 ], [ 7.0249395, 5.2893497 ], [ 7.0245856, 5.2892934 ], [ 7.0237362, 5.2893497 ], [ 7.022632, 5.2893286 ], [ 7.0221634, 5.289225 ], [ 7.0218163, 5.2888539 ], [ 7.021612, 5.2882311 ], [ 7.0212193, 5.2877498 ], [ 7.0210616, 5.2876521 ], [ 7.0208514, 5.2875809 ], [ 7.0203757, 5.2876213 ], [ 7.0200195, 5.287445 ], [ 7.018535, 5.2860161 ], [ 7.0135554, 5.2828501 ], [ 7.0107281, 5.2816748 ], [ 7.008755, 5.2800476 ], [ 7.0071457, 5.2775708 ], [ 7.0048583, 5.2754707 ], [ 7.0028278, 5.2745841 ], [ 7.0002505, 5.2732985 ], [ 6.9985142, 5.2728685 ], [ 6.9968838, 5.2721598 ], [ 6.9951144, 5.2708982 ], [ 6.9927972, 5.2687436 ], [ 6.9902941, 5.2640242 ], [ 6.9899448, 5.2635597 ], [ 6.9896085, 5.2632999 ], [ 6.9891746, 5.2632071 ], [ 6.988826, 5.2630037 ], [ 6.9885211, 5.26209 ], [ 6.9888711, 5.260837 ], [ 6.9883061, 5.2598718 ], [ 6.9882843, 5.2595665 ], [ 6.9883618, 5.2592233 ], [ 6.9883627, 5.2589523 ], [ 6.9882981, 5.2587022 ], [ 6.9882344, 5.2584556 ], [ 6.9882493, 5.2582546 ], [ 6.9882768, 5.2581226 ], [ 6.9882912, 5.2579896 ], [ 6.9882753, 5.257915 ], [ 6.9882898, 5.2577298 ], [ 6.9882264, 5.2576421 ], [ 6.9881216, 5.2575705 ], [ 6.9880762, 5.2574967 ], [ 6.9881137, 5.2573763 ], [ 6.9881761, 5.2572381 ], [ 6.9884297, 5.2568056 ], [ 6.9885978, 5.2564597 ], [ 6.9886495, 5.2561299 ], [ 6.9884712, 5.2559522 ], [ 6.9882902, 5.2559525 ], [ 6.9878621, 5.2561052 ], [ 6.9875609, 5.2561099 ], [ 6.9873085, 5.2559245 ], [ 6.9870938, 5.2555529 ], [ 6.9869426, 5.2553949 ], [ 6.9868524, 5.2552166 ], [ 6.9868979, 5.2550836 ], [ 6.9871163, 5.2549789 ], [ 6.9872171, 5.2548768 ], [ 6.9871984, 5.2547573 ], [ 6.9870891, 5.2546874 ], [ 6.9869215, 5.2546279 ], [ 6.9867943, 5.2544584 ], [ 6.986735, 5.2542802 ] ] } },
{ "type": "Feature", "properties": { "name": "Otamiri River", "waterway": "river" }, "geometry": { "type": "LineString", "coordinates": [ [ 7.0699938, 5.4655212 ], [ 7.069674, 5.465729 ], [ 7.0693734, 5.4661017 ], [ 7.0690758, 5.4663214 ], [ 7.0687837, 5.4664741 ], [ 7.0684863, 5.4665607 ], [ 7.0682623, 5.4665445 ], [ 7.0679845, 5.4665705 ], [ 7.0676424, 5.4666538 ], [ 7.0675748, 5.4667574 ], [ 7.0674297, 5.466991 ], [ 7.0667591, 5.4672352 ], [ 7.0655715, 5.4673278 ], [ 7.0646833, 5.4675533 ], [ 7.0630137, 5.4675824 ], [ 7.0617566, 5.4677236 ], [ 7.0609368, 5.4679932 ], [ 7.0601695, 5.4683346 ], [ 7.0597967, 5.4684092 ], [ 7.0593809, 5.4683937 ], [ 7.0589501, 5.4683133 ], [ 7.058514, 5.4683129 ], [ 7.0579567, 5.4684454 ], [ 7.0566344, 5.4688337 ], [ 7.0550251, 5.4696667 ], [ 7.0532012, 5.4707774 ], [ 7.0522356, 5.4714823 ], [ 7.0515919, 5.4716959 ], [ 7.0509196, 5.4721524 ], [ 7.0503308, 5.4724382 ], [ 7.0492393, 5.4729199 ], [ 7.0475578, 5.4732766 ], [ 7.0461774, 5.4734051 ], [ 7.0449829, 5.4733834 ], [ 7.0440602, 5.4731698 ], [ 7.0435524, 5.4729533 ], [ 7.0433874, 5.4728593 ], [ 7.0432387, 5.4727924 ], [ 7.0430901, 5.4727677 ], [ 7.0429839, 5.4727712 ], [ 7.0428494, 5.47281 ], [ 7.0427078, 5.4728593 ], [ 7.0426335, 5.4728593 ], [ 7.0424884, 5.4728029 ], [ 7.0423858, 5.4727395 ], [ 7.042361, 5.4726832 ], [ 7.0423929, 5.4726092 ], [ 7.042492, 5.4725035 ], [ 7.0425203, 5.472426 ], [ 7.0425096, 5.4723661 ], [ 7.0424424, 5.4722991 ], [ 7.0422493, 5.4722238 ], [ 7.0419252, 5.4720938 ], [ 7.0416958, 5.47194 ], [ 7.0414048, 5.4717387 ], [ 7.0412801, 5.471628 ], [ 7.0411556, 5.4714846 ], [ 7.0408905, 5.4712353 ], [ 7.0405351, 5.4709156 ], [ 7.0398065, 5.470455 ], [ 7.0386383, 5.4700489 ], [ 7.0380521, 5.4696881 ] ] } },
{ "type": "Feature", "properties": { "name": "Otamiri River", "waterway": "river" }, "geometry": { "type": "LineString", "coordinates": [ [ 7.0380521, 5.4696881 ], [ 7.0375156, 5.469357 ] ] } },
{ "type": "Feature", "properties": { "name": null, "waterway": "stream" }, "geometry": { "type": "LineString", "coordinates": [ [ 7.0299048, 5.4743521 ], [ 7.0298954, 5.4742275 ], [ 7.0298989, 5.4741822 ], [ 7.0299129, 5.4741404 ], [ 7.0300331, 5.4739567 ], [ 7.030067, 5.47393 ], [ 7.0301945, 5.4738692 ] ] } },
{ "type": "Feature", "properties": { "name": "Nworie River", "waterway": "river" }, "geometry": { "type": "LineString", "coordinates": [ [ 7.0101693, 5.5239778 ], [ 7.0130239, 5.5212061 ], [ 7.0136681, 5.5206187 ], [ 7.0144996, 5.5195879 ], [ 7.0150205, 5.5185241 ], [ 7.0156724, 5.5173962 ], [ 7.0160768, 5.5160586 ], [ 7.0163865, 5.5156755 ], [ 7.0164749, 5.5154386 ], [ 7.0165107, 5.5152771 ], [ 7.0164496, 5.5151377 ], [ 7.016229, 5.5148905 ], [ 7.0160765, 5.5148034 ], [ 7.0159554, 5.5146638 ], [ 7.0159248, 5.5144677 ], [ 7.0159939, 5.5142114 ], [ 7.0160671, 5.5140786 ], [ 7.016283, 5.5138528 ], [ 7.0163377, 5.513679 ], [ 7.0164683, 5.5126868 ], [ 7.0171527, 5.5113351 ], [ 7.0177141, 5.5101963 ], [ 7.0178766, 5.5098135 ], [ 7.0179008, 5.5093524 ], [ 7.0178302, 5.5087284 ], [ 7.0177719, 5.5084488 ], [ 7.0178362, 5.5081796 ], [ 7.0179709, 5.507973 ], [ 7.0180951, 5.5078401 ], [ 7.0181892, 5.5076244 ], [ 7.018311, 5.5063193 ], [ 7.0182788, 5.5054543 ], [ 7.0184448, 5.5050592 ], [ 7.0186675, 5.504607 ], [ 7.0189297, 5.5039902 ], [ 7.0190102, 5.5035974 ], [ 7.0188689, 5.5033077 ], [ 7.019105, 5.5023997 ], [ 7.0191264, 5.5019301 ], [ 7.0194805, 5.500702 ], [ 7.019384, 5.5003066 ], [ 7.019577, 5.4997622 ], [ 7.0198667, 5.499666 ], [ 7.0200137, 5.4993048 ], [ 7.0205073, 5.4982796 ], [ 7.0216226, 5.4968737 ], [ 7.0218724, 5.4966416 ], [ 7.0220739, 5.4963618 ], [ 7.0221446, 5.4961533 ], [ 7.0222302, 5.4958462 ], [ 7.0222874, 5.4954795 ], [ 7.0223949, 5.4950525 ], [ 7.023063, 5.4935033 ], [ 7.023744, 5.4920515 ], [ 7.0241143, 5.4914044 ], [ 7.0241513, 5.4913338 ], [ 7.0241482, 5.4912449 ], [ 7.0241051, 5.4911621 ], [ 7.0240927, 5.491067 ], [ 7.0241082, 5.4909627 ], [ 7.0242376, 5.4907058 ], [ 7.024293, 5.4903156 ], [ 7.0243245, 5.4902229 ], [ 7.0243945, 5.4900662 ], [ 7.0244594, 5.4898209 ], [ 7.0245813, 5.4894921 ], [ 7.0247483, 5.4890545 ], [ 7.0248454, 5.4887549 ], [ 7.024998, 5.4881111 ], [ 7.0250353, 5.4879524 ], [ 7.0250521, 5.4878022 ], [ 7.0250908, 5.487428 ], [ 7.0252052, 5.4868927 ], [ 7.0251912, 5.4861799 ], [ 7.0251586, 5.4859596 ], [ 7.0251624, 5.4857228 ], [ 7.0253491, 5.4851205 ], [ 7.0253706, 5.4848532 ], [ 7.0253502, 5.4846892 ], [ 7.0251989, 5.4843942 ], [ 7.0251975, 5.484231 ], [ 7.0253188, 5.4840581 ], [ 7.0254933, 5.4840043 ], [ 7.0256301, 5.4838773 ], [ 7.0257355, 5.4835442 ], [ 7.0258596, 5.4831033 ], [ 7.0259848, 5.4827977 ], [ 7.026068, 5.4825146 ], [ 7.0262719, 5.4819804 ], [ 7.0266604, 5.4811552 ], [ 7.0268814, 5.4809398 ], [ 7.0271301, 5.4805491 ], [ 7.0273325, 5.4801459 ], [ 7.0273746, 5.4795137 ], [ 7.027558, 5.4790574 ], [ 7.027706, 5.4787401 ], [ 7.0278023, 5.4785177 ], [ 7.0279501, 5.4781953 ], [ 7.0280298, 5.4780366 ], [ 7.0281013, 5.477843 ], [ 7.0281861, 5.4777193 ], [ 7.0283149, 5.4775218 ], [ 7.0283703, 5.477441 ], [ 7.0284358, 5.4773389 ], [ 7.0285186, 5.4771074 ], [ 7.0285793, 5.4768536 ], [ 7.0289253, 5.4762205 ], [ 7.0289661, 5.4760961 ], [ 7.0289889, 5.4758886 ], [ 7.0290245, 5.4758127 ], [ 7.0292045, 5.4756332 ], [ 7.029291, 5.475531 ], [ 7.0293436, 5.4753706 ], [ 7.0294741, 5.4750363 ], [ 7.0296299, 5.4747931 ], [ 7.0298853, 5.47437 ], [ 7.0299048, 5.4743521 ], [ 7.0300772, 5.4741944 ], [ 7.0301731, 5.4740003 ], [ 7.0301827, 5.4738985 ], [ 7.0301945, 5.4738692 ], [ 7.0302146, 5.4738196 ], [ 7.0302878, 5.4736982 ], [ 7.0303569, 5.4734877 ], [ 7.0303691, 5.4732085 ], [ 7.0303691, 5.4730142 ], [ 7.030426, 5.472824 ], [ 7.0304789, 5.4726864 ], [ 7.0306212, 5.4725003 ], [ 7.0307187, 5.4723222 ], [ 7.0307553, 5.4721765 ], [ 7.0307269, 5.4719742 ], [ 7.0307269, 5.4718406 ], [ 7.0307431, 5.4717597 ], [ 7.0308407, 5.4716707 ], [ 7.0310811, 5.471515 ], [ 7.0312288, 5.4712936 ], [ 7.0314549, 5.4707158 ], [ 7.031611, 5.4700477 ], [ 7.0316521, 5.4698169 ], [ 7.0316371, 5.4695333 ], [ 7.0316318, 5.4693927 ], [ 7.031716, 5.4692717 ], [ 7.0320154, 5.4690433 ], [ 7.0321007, 5.4689034 ], [ 7.0321301, 5.4687466 ], [ 7.0321106, 5.4685898 ], [ 7.0321521, 5.4684495 ], [ 7.0323654, 5.4683221 ], [ 7.0326264, 5.4680972 ], [ 7.0328996, 5.4676671 ], [ 7.0328325, 5.4673703 ], [ 7.0326854, 5.4672317 ], [ 7.0324127, 5.4670557 ], [ 7.032301, 5.4668477 ], [ 7.032548, 5.4656393 ], [ 7.0329923, 5.4646101 ] ] } },
{ "type": "Feature", "properties": { "name": "River Okitankwo", "waterway": "river" }, "geometry": { "type": "LineString", "coordinates": [ [ 7.0916004, 5.6833367 ], [ 7.0911679, 5.6830196 ], [ 7.0907548, 5.6825125 ], [ 7.0887136, 5.6794912 ], [ 7.0859939, 5.6767711 ], [ 7.0857204, 5.6765246 ], [ 7.0852678, 5.6761148 ], [ 7.0850895, 5.675741 ], [ 7.0851537, 5.6754044 ], [ 7.0853911, 5.6750216 ], [ 7.0855954, 5.674524 ], [ 7.0856186, 5.6742203 ], [ 7.0855383, 5.6737178 ], [ 7.0854874, 5.6728412 ], [ 7.0852646, 5.6721661 ], [ 7.0846169, 5.6713879 ], [ 7.0839024, 5.6709106 ], [ 7.0826485, 5.6708541 ], [ 7.0813982, 5.6710717 ], [ 7.0807093, 5.6710008 ], [ 7.0803053, 5.6708016 ], [ 7.0795085, 5.6697472 ], [ 7.0793918, 5.6688621 ], [ 7.0790764, 5.6680789 ], [ 7.0786789, 5.6677348 ], [ 7.0785485, 5.667634 ], [ 7.0783833, 5.6675109 ], [ 7.0781769, 5.6674622 ], [ 7.077702, 5.6674219 ], [ 7.0773217, 5.6672913 ], [ 7.0769808, 5.6669838 ], [ 7.076837, 5.6666773 ], [ 7.0767512, 5.6662279 ], [ 7.076513, 5.6660785 ], [ 7.0760136, 5.6661563 ], [ 7.0749488, 5.6668666 ], [ 7.0738083, 5.6671974 ], [ 7.0727619, 5.6670765 ], [ 7.0720075, 5.6664951 ], [ 7.0718058, 5.6660169 ], [ 7.071562, 5.6656212 ], [ 7.0710137, 5.6653959 ], [ 7.0705459, 5.6649806 ], [ 7.0702014, 5.6642783 ], [ 7.069494, 5.6630296 ], [ 7.0688509, 5.6622647 ], [ 7.0682295, 5.6613317 ], [ 7.0679708, 5.660591 ], [ 7.068036, 5.6599332 ], [ 7.0682447, 5.6592104 ], [ 7.0681956, 5.6585016 ], [ 7.067804, 5.6578694 ], [ 7.0675993, 5.6572416 ], [ 7.0676918, 5.6560886 ], [ 7.0682859, 5.6548501 ], [ 7.0695304, 5.6524158 ], [ 7.0709037, 5.6501096 ], [ 7.0711007, 5.6479385 ], [ 7.0711305, 5.6472366 ], [ 7.0709651, 5.6461756 ], [ 7.0709836, 5.6454613 ], [ 7.0710473, 5.6453151 ], [ 7.0716333, 5.6439598 ], [ 7.0717191, 5.6413974 ], [ 7.0707321, 5.6388349 ], [ 7.0689296, 5.6366995 ], [ 7.0669555, 5.634735 ], [ 7.0664553, 5.6342403 ], [ 7.0659574, 5.6335904 ], [ 7.0652979, 5.6327317 ], [ 7.065174, 5.6323519 ], [ 7.064811, 5.6319486 ], [ 7.0644064, 5.631766 ], [ 7.0629096, 5.6310646 ], [ 7.0621717, 5.6303262 ], [ 7.0620604, 5.6300816 ], [ 7.0620192, 5.6296287 ], [ 7.0618892, 5.6292862 ], [ 7.0616368, 5.6288642 ], [ 7.0608908, 5.627763 ], [ 7.0588016, 5.6266631 ], [ 7.0571708, 5.6254673 ], [ 7.0563125, 5.6236308 ], [ 7.0546817, 5.6211964 ], [ 7.0545959, 5.6197016 ], [ 7.0533084, 5.6178651 ], [ 7.0521068, 5.6159432 ], [ 7.0528793, 5.6136796 ], [ 7.0532226, 5.6107753 ], [ 7.0529374, 5.6099107 ], [ 7.0528383, 5.609694 ], [ 7.0527702, 5.6095309 ], [ 7.0526647, 5.608469 ], [ 7.0534372, 5.6066751 ], [ 7.0542955, 5.605522 ], [ 7.0543813, 5.6044542 ], [ 7.05554, 5.6038136 ], [ 7.0566988, 5.6028312 ], [ 7.056055, 5.6008666 ], [ 7.0549392, 5.5995425 ], [ 7.0551538, 5.5973216 ], [ 7.056055, 5.5959121 ], [ 7.0569133, 5.5933068 ], [ 7.0573425, 5.5919827 ], [ 7.0574927, 5.5899966 ], [ 7.0578789, 5.58816 ], [ 7.0588231, 5.5860672 ], [ 7.0601749, 5.5851062 ], [ 7.0614195, 5.5842946 ], [ 7.0643806, 5.5833977 ], [ 7.0659256, 5.5808991 ], [ 7.0661831, 5.5781014 ], [ 7.0654535, 5.5756241 ], [ 7.0645952, 5.5733603 ], [ 7.0657539, 5.5699861 ], [ 7.0675993, 5.5680853 ], [ 7.0700884, 5.5663555 ], [ 7.0716762, 5.5655012 ], [ 7.0737791, 5.5638781 ], [ 7.0742082, 5.5627889 ], [ 7.0746374, 5.56076 ], [ 7.0754313, 5.5595213 ], [ 7.0757746, 5.5585389 ], [ 7.0753884, 5.5570012 ], [ 7.0746803, 5.5539259 ], [ 7.0747232, 5.5526017 ], [ 7.0737576, 5.5510213 ], [ 7.0744443, 5.5493768 ], [ 7.0746588, 5.5471557 ], [ 7.0745301, 5.5456179 ], [ 7.0760536, 5.5432046 ], [ 7.0772767, 5.5434822 ], [ 7.0784139, 5.5423289 ], [ 7.0799804, 5.5419658 ], [ 7.0801306, 5.540599 ], [ 7.0808172, 5.5402145 ], [ 7.0821905, 5.539403 ], [ 7.0830917, 5.5384419 ], [ 7.0841646, 5.5387195 ], [ 7.0859456, 5.5383351 ], [ 7.090795, 5.537075 ], [ 7.0918679, 5.5377157 ], [ 7.0942068, 5.5378439 ], [ 7.0963955, 5.537075 ], [ 7.0973611, 5.5354305 ], [ 7.0978546, 5.533252 ], [ 7.0978546, 5.530625 ], [ 7.0969963, 5.5285533 ], [ 7.0966959, 5.5278271 ], [ 7.0968675, 5.5260757 ], [ 7.0972752, 5.5231497 ], [ 7.0978331, 5.5209925 ], [ 7.0981121, 5.5186218 ], [ 7.0986485, 5.5172762 ], [ 7.0995068, 5.5175111 ], [ 7.1008158, 5.5162083 ], [ 7.102468, 5.5149695 ], [ 7.104249, 5.5151404 ], [ 7.1062231, 5.5144356 ], [ 7.1074891, 5.5135599 ], [ 7.1087122, 5.5115094 ], [ 7.1087551, 5.5100998 ], [ 7.1081757, 5.5081775 ], [ 7.1080041, 5.5065756 ], [ 7.1080041, 5.5054436 ], [ 7.1083689, 5.5035854 ], [ 7.1088409, 5.5025815 ], [ 7.1086907, 5.5001893 ], [ 7.1090126, 5.4982457 ], [ 7.1094847, 5.4964302 ], [ 7.1092915, 5.494102 ], [ 7.110064, 5.4925855 ], [ 7.1097636, 5.4907914 ], [ 7.1088195, 5.4897661 ], [ 7.1083689, 5.4895739 ], [ 7.108562, 5.4885273 ], [ 7.1087193, 5.4862328 ], [ 7.108717, 5.4856425 ], [ 7.1085399, 5.4852841 ], [ 7.1084805, 5.4849643 ], [ 7.1085834, 5.4844476 ], [ 7.1092861, 5.4833488 ], [ 7.1095484, 5.4828557 ], [ 7.1096663, 5.4823181 ], [ 7.1099804, 5.4817514 ], [ 7.1104449, 5.481468 ], [ 7.1107467, 5.4812441 ], [ 7.1108473, 5.48095 ], [ 7.1108486, 5.4805488 ], [ 7.1108134, 5.4795976 ], [ 7.1109501, 5.4791885 ], [ 7.1112757, 5.4789254 ], [ 7.1116252, 5.4787689 ], [ 7.1117408, 5.4786879 ], [ 7.1117681, 5.478468 ], [ 7.1116723, 5.4781991 ], [ 7.1117849, 5.4778005 ], [ 7.1118971, 5.4776878 ], [ 7.1120798, 5.4777197 ], [ 7.1123209, 5.4778221 ], [ 7.1126644, 5.4778472 ], [ 7.1129618, 5.4777359 ], [ 7.1134278, 5.4772841 ], [ 7.1136307, 5.4769786 ], [ 7.1136474, 5.4766728 ], [ 7.1135796, 5.476279 ], [ 7.113626, 5.4760853 ], [ 7.1138535, 5.4758106 ], [ 7.1150102, 5.4752401 ], [ 7.1156132, 5.4751891 ], [ 7.1161258, 5.4751776 ], [ 7.1162384, 5.4750814 ], [ 7.1164235, 5.4747761 ], [ 7.1165027, 5.474668 ], [ 7.1167632, 5.4745959 ], [ 7.1174454, 5.4743659 ], [ 7.1188617, 5.4730202 ], [ 7.1191433, 5.472048 ], [ 7.1200135, 5.471343 ], [ 7.1216726, 5.4707774 ], [ 7.1222744, 5.4701697 ], [ 7.1226811, 5.4693891 ], [ 7.1243977, 5.4679579 ], [ 7.1253116, 5.4678222 ], [ 7.1272719, 5.4678266 ], [ 7.1284747, 5.4680434 ], [ 7.1302458, 5.4687993 ], [ 7.1312436, 5.469536 ], [ 7.1316931, 5.4699743 ], [ 7.1322294, 5.4702732 ], [ 7.1329565, 5.4704358 ], [ 7.13341, 5.470457 ], [ 7.1341193, 5.4704552 ], [ 7.1349604, 5.470367 ], [ 7.135211, 5.4702904 ], [ 7.1354736, 5.4702602 ], [ 7.1357094, 5.4703087 ], [ 7.135876, 5.4703816 ], [ 7.1361159, 5.4705434 ], [ 7.136181, 5.4707741 ], [ 7.1361566, 5.4709522 ], [ 7.1361159, 5.4712719 ], [ 7.136181, 5.4714662 ], [ 7.1363273, 5.4715795 ], [ 7.1365347, 5.4717292 ], [ 7.1366363, 5.4718992 ], [ 7.136864, 5.4720327 ], [ 7.1370754, 5.4720772 ], [ 7.1373437, 5.4720691 ], [ 7.137612, 5.4719963 ], [ 7.1377421, 5.4718911 ], [ 7.1378071, 5.4718425 ], [ 7.1379291, 5.4718708 ], [ 7.1380429, 5.4720287 ], [ 7.1380276, 5.472273 ], [ 7.1381027, 5.4725721 ], [ 7.1382154, 5.4727216 ], [ 7.1383871, 5.4728444 ], [ 7.1385802, 5.4729459 ], [ 7.1389825, 5.473026 ], [ 7.1396209, 5.4729298 ], [ 7.1400983, 5.4729298 ], [ 7.1403826, 5.4730206 ], [ 7.1406367, 5.4732406 ], [ 7.1410413, 5.4736762 ], [ 7.1415127, 5.4741331 ], [ 7.1417476, 5.4745833 ], [ 7.1419167, 5.4748765 ], [ 7.1421569, 5.4750575 ], [ 7.1424153, 5.475125 ], [ 7.1426661, 5.4750717 ] ] } },
{ "type": "Feature", "properties": { "name": null, "waterway": "river" }, "geometry": { "type": "LineString", "coordinates": [ [ 7.0918763, 5.68353 ], [ 7.0916004, 5.6833367 ] ] } },
{ "type": "Feature", "properties": { "name": null, "waterway": "canal" }, "geometry": { "type": "LineString", "coordinates": [ [ 7.0922915, 5.6839325 ], [ 7.0916166, 5.6839125 ], [ 7.0914304, 5.6839044 ], [ 7.0913545, 5.6838581 ], [ 7.0912208, 5.6837236 ], [ 7.091188, 5.6836682 ], [ 7.0912014, 5.6835868 ], [ 7.0911661, 5.68335 ], [ 7.0911679, 5.6830196 ] ] } },
{ "type": "Feature", "properties": { "name": null, "waterway": "river" }, "geometry": { "type": "LineString", "coordinates": [ [ 7.1286705, 5.740918 ], [ 7.1285448, 5.7407045 ], [ 7.128134, 5.7396002 ], [ 7.1272087, 5.7375239 ], [ 7.1267366, 5.733382 ], [ 7.1266079, 5.7324853 ], [ 7.12502, 5.7295389 ], [ 7.12447, 5.7284223 ], [ 7.1241596, 5.7281764 ], [ 7.1236887, 5.7279039 ], [ 7.1233951, 5.7275275 ], [ 7.1230816, 5.7266401 ], [ 7.122876, 5.7258635 ], [ 7.1227936, 5.7257681 ], [ 7.122692, 5.725733 ], [ 7.1225257, 5.7257375 ], [ 7.1224283, 5.7256798 ], [ 7.1223084, 5.725481 ], [ 7.1217584, 5.7238169 ], [ 7.121458, 5.7221943 ], [ 7.1196127, 5.7196749 ], [ 7.1178531, 5.7178814 ], [ 7.1157932, 5.7145507 ], [ 7.1138191, 5.7119885 ], [ 7.1119308, 5.7098107 ], [ 7.1093988, 5.7076756 ], [ 7.107768, 5.7051988 ], [ 7.1064994, 5.7011825 ], [ 7.106266, 5.7002026 ], [ 7.106505, 5.6987305 ], [ 7.1063777, 5.6978659 ], [ 7.1059988, 5.6972614 ], [ 7.1054069, 5.6970933 ], [ 7.1050036, 5.6969073 ], [ 7.1046217, 5.696731 ], [ 7.1043348, 5.6963166 ], [ 7.1034765, 5.6953344 ], [ 7.1023178, 5.6935836 ], [ 7.1002579, 5.692975 ], [ 7.098788, 5.6929003 ], [ 7.0985412, 5.6928683 ], [ 7.0982408, 5.69258 ], [ 7.0981872, 5.6924305 ], [ 7.0981285, 5.6921456 ], [ 7.0980005, 5.6918383 ], [ 7.0978469, 5.6916687 ], [ 7.0976169, 5.6914447 ], [ 7.0973289, 5.6911494 ], [ 7.0969379, 5.6907695 ], [ 7.0964143, 5.6901619 ], [ 7.0956847, 5.6891957 ], [ 7.0947337, 5.6875361 ], [ 7.0942657, 5.6864339 ], [ 7.0939869, 5.6857607 ], [ 7.0935282, 5.6850641 ], [ 7.0928362, 5.6843248 ], [ 7.0922915, 5.6839325 ], [ 7.0918763, 5.68353 ] ] } },
{ "type": "Feature", "properties": { "name": "Mbaa River", "waterway": "river" }, "geometry": { "type": "LineString", "coordinates": [ [ 7.1619433, 5.5997467 ], [ 7.1619773, 5.59962 ] ] } },
{ "type": "Feature", "properties": { "name": null, "waterway": "canal" }, "geometry": { "type": "LineString", "coordinates": [ [ 7.1628307, 5.6004832 ], [ 7.1628848, 5.6002879 ], [ 7.1627745, 5.599463 ], [ 7.1627372, 5.5991754 ], [ 7.1626943, 5.599114 ], [ 7.1626294, 5.5991092 ] ] } },
{ "type": "Feature", "properties": { "name": "Mbaa River", "waterway": "river" }, "geometry": { "type": "LineString", "coordinates": [ [ 7.1618103, 5.6001945 ], [ 7.1619433, 5.5997467 ] ] } },
{ "type": "Feature", "properties": { "name": "Mbaa River", "waterway": "river" }, "geometry": { "type": "LineString", "coordinates": [ [ 7.1766217, 5.6472603 ], [ 7.1765438, 5.6464982 ], [ 7.1764465, 5.6457425 ], [ 7.176083, 5.6447543 ], [ 7.1755898, 5.6438049 ], [ 7.1752653, 5.6429911 ], [ 7.1749278, 5.642623 ], [ 7.1739348, 5.6422096 ], [ 7.1733832, 5.6418738 ], [ 7.1729654, 5.6414016 ], [ 7.1724744, 5.6407577 ], [ 7.1717493, 5.6396251 ], [ 7.1713776, 5.6391227 ], [ 7.1707489, 5.6386341 ], [ 7.1703037, 5.6380541 ], [ 7.1693951, 5.6372594 ], [ 7.1683671, 5.6364373 ], [ 7.1678164, 5.6357934 ], [ 7.1672703, 5.6352865 ], [ 7.1669536, 5.6348572 ], [ 7.1665681, 5.6341082 ], [ 7.1663111, 5.6338022 ], [ 7.1659807, 5.6331034 ], [ 7.165609, 5.6324595 ], [ 7.1653658, 5.6320895 ], [ 7.164916, 5.6318429 ], [ 7.1642644, 5.6313588 ], [ 7.163888, 5.6308108 ], [ 7.1636861, 5.6301714 ], [ 7.1633511, 5.6294224 ], [ 7.1627729, 5.6284176 ], [ 7.162571, 5.6276549 ], [ 7.1624791, 5.6269559 ], [ 7.1624389, 5.6259808 ], [ 7.1624556, 5.625614 ], [ 7.1623564, 5.624936 ], [ 7.1620972, 5.6240009 ], [ 7.1620157, 5.6232944 ], [ 7.1619138, 5.6228833 ], [ 7.161617, 5.6224201 ], [ 7.1614981, 5.6220612 ], [ 7.1614632, 5.6213405 ], [ 7.1614894, 5.6205385 ], [ 7.1610743, 5.6189061 ], [ 7.1612608, 5.61715 ], [ 7.161169, 5.6145193 ], [ 7.1608386, 5.6130212 ], [ 7.160086, 5.6099156 ], [ 7.1601778, 5.6078512 ], [ 7.1607652, 5.6047455 ], [ 7.1616463, 5.6020234 ], [ 7.1618103, 5.6001945 ] ] } },
{ "type": "Feature", "properties": { "name": "Eme River", "waterway": "river" }, "geometry": { "type": "LineString", "coordinates": [ [ 7.429880419143409, 5.615884381703207 ], [ 7.4297615, 5.6157213 ], [ 7.4297151, 5.6155807 ], [ 7.4297244, 5.6153976 ], [ 7.4297597, 5.6152792 ], [ 7.4298322, 5.615159 ] ] } },
{ "type": "Feature", "properties": { "name": "Imo River", "waterway": "river" }, "geometry": { "type": "LineString", "coordinates": [ [ 7.4163578, 5.6368217 ], [ 7.4164796, 5.6364539 ], [ 7.4166834, 5.6360642 ], [ 7.4168819, 5.6358 ], [ 7.4169524, 5.6357228 ] ] } },
{ "type": "Feature", "properties": { "name": "River Uyin", "waterway": "river" }, "geometry": { "type": "MultiLineString", "coordinates": [ [ [ 7.3762841, 5.7050011 ], [ 7.3766147, 5.7050664 ], [ 7.3768476, 5.7049766 ], [ 7.3772849, 5.704811 ], [ 7.3781451, 5.7046928 ], [ 7.3784446, 5.7046077 ], [ 7.3786109, 5.704428 ], [ 7.3786109, 5.704201 ], [ 7.3786252, 5.7039834 ], [ 7.378744, 5.7037753 ], [ 7.3790149, 5.7036855 ], [ 7.3791717, 5.7037659 ], [ 7.3792906, 5.7040922 ], [ 7.3794759, 5.7042766 ], [ 7.379647, 5.7042766 ], [ 7.3797231, 5.7041206 ], [ 7.379666, 5.7036334 ], [ 7.3795472, 5.7028105 ], [ 7.3794284, 5.7026308 ], [ 7.3791005, 5.7022809 ], [ 7.3789341, 5.7020539 ], [ 7.3786965, 5.7018363 ], [ 7.3785681, 5.7015857 ], [ 7.3785444, 5.701387 ], [ 7.3786347, 5.7010985 ], [ 7.3789151, 5.7009094 ], [ 7.379205, 5.7008905 ], [ 7.3794569, 5.700985 ], [ 7.3797563, 5.7013019 ], [ 7.3800035, 5.7016093 ], [ 7.3802459, 5.7017843 ], [ 7.3805215, 5.7020728 ], [ 7.3807117, 5.7021437 ], [ 7.3808067, 5.7020302 ], [ 7.3807972, 5.7018836 ], [ 7.3805643, 5.7014485 ], [ 7.3804455, 5.7009472 ], [ 7.3803029, 5.700077 ], [ 7.3801663, 5.6993697 ], [ 7.3800905, 5.6991508 ], [ 7.3798869, 5.698972 ], [ 7.3794467, 5.6988021 ], [ 7.3792101, 5.6987545 ], [ 7.3791292, 5.6986561 ], [ 7.3791352, 5.6985488 ], [ 7.3792281, 5.6984267 ], [ 7.3794048, 5.6983164 ], [ 7.3796353, 5.6981227 ], [ 7.3799618, 5.6978456 ], [ 7.3802822, 5.697634 ], [ 7.3806355, 5.6975178 ], [ 7.3809919, 5.6975297 ], [ 7.3814261, 5.6974642 ], [ 7.3816867, 5.6973837 ], [ 7.3818873, 5.6973688 ], [ 7.3819502, 5.6974672 ], [ 7.3819502, 5.6975685 ], [ 7.3818304, 5.6976728 ], [ 7.3816388, 5.6977443 ], [ 7.3814501, 5.6978039 ], [ 7.3812524, 5.6979231 ], [ 7.3811057, 5.6981138 ], [ 7.3810308, 5.6983015 ], [ 7.3810278, 5.6984624 ], [ 7.3811686, 5.6988945 ], [ 7.3813093, 5.6990942 ], [ 7.381501, 5.6991955 ], [ 7.3817765, 5.6991746 ], [ 7.3820221, 5.6990733 ], [ 7.3823664, 5.6988349 ], [ 7.3827498, 5.6985101 ], [ 7.3828516, 5.6983611 ], [ 7.3828695, 5.6982121 ], [ 7.3828186, 5.698078 ], [ 7.38263, 5.6979261 ], [ 7.3825701, 5.6978009 ], [ 7.3826, 5.6976698 ], [ 7.3827168, 5.6975715 ], [ 7.3830642, 5.697494 ], [ 7.3835703, 5.6974582 ], [ 7.3839865, 5.6975208 ], [ 7.384262, 5.6976549 ], [ 7.3844028, 5.6978545 ], [ 7.3844627, 5.6981674 ], [ 7.384474635250725, 5.698184678041262 ] ], [ [ 7.385043605202966, 5.697411757736123 ], [ 7.3850096, 5.6972752 ], [ 7.3849827, 5.6968616 ], [ 7.3849683, 5.6966859 ], [ 7.3848718, 5.6965061 ], [ 7.3846296, 5.6963693 ], [ 7.38441, 5.6963223 ], [ 7.3843319, 5.6962467 ], [ 7.3842971, 5.6960976 ], [ 7.3843627, 5.6958831 ], [ 7.3844284, 5.6957606 ], [ 7.3845188, 5.6956993 ], [ 7.3847014, 5.6956891 ], [ 7.3848534, 5.6957545 ], [ 7.3850114, 5.6959567 ], [ 7.3851695, 5.6961752 ], [ 7.3853953, 5.6963101 ], [ 7.3854507, 5.6963247 ], [ 7.3855431, 5.6963489 ], [ 7.3855965, 5.6963264 ], [ 7.3856519, 5.6962202 ], [ 7.3856519, 5.6960772 ], [ 7.3855841, 5.6959179 ], [ 7.3854897, 5.6957034 ], [ 7.385424, 5.695395 ], [ 7.3853665, 5.6951805 ], [ 7.3851387, 5.694776 ], [ 7.3847589, 5.6940713 ], [ 7.3845701, 5.6935811 ], [ 7.3844284, 5.6931011 ], [ 7.3844449, 5.6928662 ], [ 7.3845188, 5.6926803 ], [ 7.3846255, 5.6925863 ], [ 7.384761, 5.6925843 ], [ 7.3848718, 5.6926639 ], [ 7.3849827, 5.692809 ], [ 7.385075, 5.6929213 ], [ 7.3852187, 5.692952 ], [ 7.385344, 5.6929193 ], [ 7.3854261, 5.6928355 ], [ 7.3854774, 5.6926966 ], [ 7.3854528, 5.6925026 ], [ 7.3853596, 5.6922397 ], [ 7.3850547, 5.6920201 ], [ 7.3846875, 5.691815 ], [ 7.3845351, 5.6916316 ], [ 7.3845307, 5.6915392 ], [ 7.3846077, 5.691467 ], [ 7.3848602, 5.6914843 ], [ 7.3852028, 5.6913283 ], [ 7.3855047, 5.6910336 ], [ 7.3857544, 5.6907217 ], [ 7.3858995, 5.690427 ], [ 7.3860098, 5.690323 ], [ 7.3861724, 5.6903288 ], [ 7.3863582, 5.6904559 ], [ 7.3865498, 5.6907448 ], [ 7.3867356, 5.6908025 ], [ 7.3869214, 5.6907217 ], [ 7.3871594, 5.6905021 ], [ 7.3872233, 5.6903461 ], [ 7.387142, 5.6901439 ], [ 7.3868807, 5.6899533 ], [ 7.3864627, 5.6897395 ], [ 7.3862247, 5.6895777 ], [ 7.3861608, 5.6893986 ], [ 7.3862014, 5.6892715 ], [ 7.3863234, 5.6891675 ], [ 7.386573, 5.689052 ], [ 7.386904, 5.6888324 ], [ 7.3871246, 5.6886071 ], [ 7.3873162, 5.6884107 ], [ 7.387653, 5.6882604 ], [ 7.3879839, 5.6882258 ], [ 7.3881813, 5.6882027 ], [ 7.3883787, 5.6880467 ], [ 7.3884948, 5.6877925 ], [ 7.388489, 5.6875036 ], [ 7.3885703, 5.6872147 ], [ 7.3887097, 5.6869663 ], [ 7.389209, 5.6865792 ], [ 7.3895283, 5.686377 ], [ 7.389987, 5.6862961 ], [ 7.3904631, 5.6862845 ], [ 7.3908347, 5.686273 ], [ 7.3910669, 5.6861401 ], [ 7.3912179, 5.685961 ], [ 7.3914327, 5.685857 ], [ 7.3916592, 5.685857 ], [ 7.391845, 5.6860014 ], [ 7.391932, 5.6861459 ], [ 7.3920598, 5.6861921 ], [ 7.3921933, 5.6861285 ], [ 7.3923036, 5.6859783 ], [ 7.3923327, 5.6857819 ], [ 7.3923443, 5.685404 ], [ 7.3924488, 5.6851266 ], [ 7.3927275, 5.6848378 ], [ 7.3927623, 5.684572 ], [ 7.3926114, 5.6843178 ], [ 7.3921701, 5.6840636 ], [ 7.3918336, 5.6838849 ], [ 7.3916387, 5.6835371 ], [ 7.3915446, 5.6830622 ], [ 7.3915446, 5.6825673 ], [ 7.3917059, 5.6822663 ], [ 7.3920554, 5.6819988 ], [ 7.392331, 5.6818583 ], [ 7.3926267, 5.6820322 ], [ 7.392815, 5.6821727 ], [ 7.3929897, 5.6821392 ], [ 7.3930771, 5.681865 ], [ 7.3929292, 5.6814838 ], [ 7.3925797, 5.6811293 ], [ 7.3922235, 5.6809019 ], [ 7.391921, 5.680855 ], [ 7.3916992, 5.6810022 ], [ 7.3915177, 5.6812296 ], [ 7.3912488, 5.6813901 ], [ 7.3910203, 5.6813433 ], [ 7.3908456, 5.6811761 ], [ 7.3908859, 5.6808952 ], [ 7.3910338, 5.6805206 ], [ 7.3912421, 5.68032 ], [ 7.3916656, 5.6802063 ], [ 7.3924318, 5.6800792 ], [ 7.3934064, 5.6798451 ], [ 7.3938165, 5.6799253 ], [ 7.3943407, 5.6800457 ], [ 7.395033, 5.6803266 ], [ 7.3958665, 5.6808015 ], [ 7.3968142, 5.6813433 ], [ 7.3977552, 5.6821058 ], [ 7.3983736, 5.6824068 ], [ 7.398703, 5.6825606 ], [ 7.3989517, 5.6825874 ], [ 7.3991668, 5.6824469 ], [ 7.3992273, 5.6822596 ], [ 7.3990794, 5.6819519 ], [ 7.3988172, 5.6815239 ], [ 7.3987299, 5.6810758 ], [ 7.3986761, 5.6800457 ], [ 7.3987904, 5.6793368 ], [ 7.3987904, 5.6788418 ], [ 7.3987702, 5.678407 ], [ 7.3988307, 5.677979 ], [ 7.3991466, 5.6773904 ], [ 7.3997045, 5.6764272 ], [ 7.4000809, 5.6758855 ], [ 7.4003632, 5.6756246 ], [ 7.4006791, 5.675424 ], [ 7.4010958, 5.6753103 ], [ 7.4016067, 5.6754039 ], [ 7.4018822, 5.6753838 ], [ 7.4021646, 5.6751765 ], [ 7.4022587, 5.6748889 ], [ 7.4022183, 5.6746347 ], [ 7.4020503, 5.6743805 ], [ 7.4020368, 5.6742334 ], [ 7.4021041, 5.6740729 ], [ 7.4022452, 5.6739792 ], [ 7.4024401, 5.6740327 ], [ 7.4026687, 5.6742334 ], [ 7.4027292, 5.6745009 ], [ 7.4027628, 5.6747819 ], [ 7.402877, 5.6748889 ], [ 7.4031862, 5.6749023 ], [ 7.4034215, 5.6749959 ], [ 7.4037038, 5.6748755 ], [ 7.4037844, 5.6747016 ], [ 7.4036433, 5.6744207 ], [ 7.4033879, 5.6740863 ], [ 7.4033005, 5.6738053 ], [ 7.4031593, 5.6735512 ], [ 7.4031459, 5.6733037 ], [ 7.4032803, 5.6730295 ], [ 7.4037105, 5.6728154 ], [ 7.4043289, 5.6727753 ], [ 7.4050413, 5.6728489 ], [ 7.4053169, 5.6727753 ], [ 7.4054984, 5.6725947 ], [ 7.4055656, 5.6723472 ], [ 7.4055186, 5.6719058 ], [ 7.4055253, 5.6716851 ], [ 7.4056933, 5.6715178 ], [ 7.4059017, 5.6714108 ], [ 7.4062848, 5.6713974 ], [ 7.4066142, 5.6713105 ], [ 7.4069771, 5.6711031 ], [ 7.4074275, 5.6708155 ], [ 7.4077367, 5.670762 ], [ 7.4080257, 5.6708423 ], [ 7.408187, 5.6710296 ], [ 7.408187, 5.6712704 ], [ 7.4082542, 5.6715312 ], [ 7.4083887, 5.6716449 ], [ 7.4085836, 5.6716048 ], [ 7.408886, 5.671364 ], [ 7.4090272, 5.6711633 ], [ 7.4092087, 5.6710363 ], [ 7.4093902, 5.6709961 ], [ 7.409538, 5.6711098 ], [ 7.4096052, 5.6712503 ], [ 7.4095111, 5.6715178 ], [ 7.4095784, 5.6717787 ], [ 7.4098136, 5.6718857 ], [ 7.4100623, 5.671879 ], [ 7.4103513, 5.6716917 ], [ 7.4105731, 5.6714041 ], [ 7.4106807, 5.6709694 ], [ 7.4107613, 5.6703607 ], [ 7.4108353, 5.6699928 ], [ 7.4109294, 5.6698524 ], [ 7.411084, 5.6698256 ], [ 7.4112923, 5.669946 ], [ 7.4114537, 5.6701935 ], [ 7.411659447782661, 5.670305806878965 ] ], [ [ 7.412670557493144, 5.668434244590914 ], [ 7.4126299, 5.6681802 ], [ 7.412482, 5.6680465 ], [ 7.4122199, 5.6679127 ], [ 7.4121997, 5.6677254 ], [ 7.412267, 5.6675114 ], [ 7.4124686, 5.6673107 ], [ 7.4128316, 5.6666887 ], [ 7.4131206, 5.6662673 ], [ 7.4134298, 5.6660131 ], [ 7.4138532, 5.6657857 ], [ 7.4140078, 5.665585 ], [ 7.4141154, 5.6653309 ], [ 7.4141557, 5.6650165 ], [ 7.4142296, 5.6648627 ], [ 7.4144178, 5.6647289 ], [ 7.414665078151122, 5.664742223390531 ] ], [ [ 7.415109925584169, 5.66391884722823 ], [ 7.4151236, 5.6638192 ], [ 7.415184407758932, 5.66378098682338 ] ], [ [ 7.416552933619275, 5.659616985690821 ], [ 7.416282, 5.6593474 ], [ 7.4158829, 5.6588891 ], [ 7.4156802, 5.6585163 ], [ 7.4156387, 5.6580868 ], [ 7.415478, 5.6575536 ], [ 7.4152518, 5.6571152 ], [ 7.4148172, 5.6567538 ], [ 7.4144005, 5.6566294 ], [ 7.4142576, 5.6564339 ], [ 7.4142635, 5.6561022 ], [ 7.4144302, 5.6557467 ], [ 7.4148477, 5.6553774 ], [ 7.4153383, 5.6549065 ], [ 7.4157134, 5.6546481 ], [ 7.4161809, 5.6545562 ], [ 7.4163886, 5.6544528 ], [ 7.4164059, 5.6542116 ], [ 7.4162674, 5.6539876 ], [ 7.4158, 5.6538613 ], [ 7.4152459, 5.6539244 ], [ 7.4149574, 5.6541082 ], [ 7.4146746, 5.6542633 ], [ 7.4144726, 5.6541829 ], [ 7.4142706, 5.6540163 ], [ 7.4142649, 5.6536545 ], [ 7.4144207, 5.6532812 ], [ 7.4146919, 5.6529826 ], [ 7.4150844, 5.652793 ], [ 7.4157002, 5.6526727 ], [ 7.4162037, 5.652745 ], [ 7.4165953, 5.6528675 ], [ 7.416931, 5.6528063 ], [ 7.4170713, 5.6525928 ], [ 7.4170984, 5.6522797 ], [ 7.4168869, 5.6519775 ], [ 7.4166374, 5.6516914 ], [ 7.4165181, 5.6514863 ], [ 7.4165127, 5.6512866 ], [ 7.4165886, 5.6511571 ], [ 7.4167839, 5.6511031 ], [ 7.4170388, 5.6511571 ], [ 7.4174781, 5.6513028 ], [ 7.4178903, 5.6515619 ], [ 7.417909933953906, 5.651587413798643 ] ], [ [ 7.41897760853325, 5.644547007322892 ], [ 7.4188372, 5.6444346 ], [ 7.418545, 5.6443202 ], [ 7.4182097, 5.6443774 ], [ 7.4177163, 5.6444394 ], [ 7.4171128, 5.6444585 ], [ 7.4167679, 5.6442821 ], [ 7.416265, 5.643896 ], [ 7.4157908, 5.6435242 ], [ 7.4152639, 5.6432144 ], [ 7.4150052, 5.6430189 ], [ 7.4149669, 5.6427806 ], [ 7.4150339, 5.6425518 ], [ 7.4151968, 5.6423993 ], [ 7.4156183, 5.6422944 ], [ 7.4161835, 5.6419989 ], [ 7.4172016, 5.6412005 ], [ 7.417573, 5.6405812 ], [ 7.4175359, 5.6400729 ], [ 7.4175545, 5.6396201 ], [ 7.4173687, 5.6391302 ], [ 7.4170344, 5.6389084 ], [ 7.4165608, 5.6390471 ], [ 7.4161614, 5.639463 ], [ 7.4159757, 5.6394722 ], [ 7.41592, 5.6393058 ], [ 7.416018, 5.6390617 ], [ 7.4160959, 5.6389138 ], [ 7.4161738, 5.6387518 ], [ 7.4162941, 5.638632 ], [ 7.4164074, 5.6384207 ], [ 7.4165277, 5.6382234 ], [ 7.4165985, 5.6380896 ], [ 7.4167613, 5.6379065 ], [ 7.4168533, 5.6377374 ], [ 7.4169453, 5.6374838 ], [ 7.4169028, 5.6372936 ], [ 7.416825, 5.6371457 ], [ 7.4166976, 5.63704 ], [ 7.4163578, 5.6368217 ], [ 7.4159473, 5.636723 ], [ 7.4156641, 5.6366949 ], [ 7.415473, 5.6367019 ], [ 7.4153527, 5.6367512 ], [ 7.4152323, 5.6368428 ], [ 7.4150978, 5.636871 ], [ 7.4148926, 5.636878 ], [ 7.4146519, 5.6368287 ], [ 7.4144325, 5.6367301 ], [ 7.4143334, 5.6366315 ], [ 7.4143051, 5.6364906 ], [ 7.4143546, 5.6363638 ], [ 7.4144466, 5.6362299 ], [ 7.414567, 5.6361595 ], [ 7.4146802, 5.6361243 ], [ 7.4148147, 5.6361877 ], [ 7.4150129, 5.6362511 ], [ 7.4151545, 5.6363004 ], [ 7.4152748, 5.6363215 ], [ 7.4153881, 5.6363004 ], [ 7.4155155, 5.6362581 ], [ 7.4156287, 5.6361666 ], [ 7.415742, 5.6359975 ], [ 7.4158552, 5.6357791 ], [ 7.4159048, 5.6356664 ], [ 7.4160251, 5.6355748 ], [ 7.4162021, 5.6355748 ], [ 7.4163366, 5.6356312 ], [ 7.4163821, 5.6355216 ], [ 7.4165596, 5.6354718 ], [ 7.4168217, 5.6355324 ], [ 7.4168886, 5.6355587 ], [ 7.4169306, 5.6357092 ], [ 7.4169524, 5.6357228 ], [ 7.4170161, 5.6356382 ], [ 7.4171435, 5.6356171 ], [ 7.4172709, 5.6353635 ], [ 7.4173629, 5.6351945 ], [ 7.4173771, 5.6350043 ], [ 7.4173205, 5.6348211 ], [ 7.4171931, 5.6346098 ], [ 7.4170444, 5.6343985 ], [ 7.4168462, 5.6342012 ], [ 7.416648, 5.6341237 ], [ 7.4164711, 5.6341096 ], [ 7.4162658, 5.6341801 ], [ 7.4160251, 5.6343421 ], [ 7.4156854, 5.6347014 ], [ 7.4155579, 5.6348563 ], [ 7.4154093, 5.634969 ], [ 7.4152253, 5.6350747 ], [ 7.4150625, 5.6350958 ], [ 7.4149138, 5.6350324 ], [ 7.4148147, 5.6348845 ], [ 7.4147156, 5.6346239 ], [ 7.4146944, 5.6343632 ], [ 7.4146802, 5.6340744 ], [ 7.4147298, 5.6337856 ], [ 7.4148359, 5.6336025 ], [ 7.4149138, 5.6334827 ], [ 7.4150412, 5.6334264 ], [ 7.4152677, 5.6333137 ], [ 7.4153739, 5.6332503 ], [ 7.4155084, 5.633215 ], [ 7.4156358, 5.633215 ], [ 7.4157632, 5.6332432 ], [ 7.4159685, 5.6331869 ], [ 7.4161171, 5.6330812 ], [ 7.4162516, 5.6329474 ], [ 7.4164074, 5.6328206 ], [ 7.4165064, 5.6326797 ], [ 7.4165914, 5.6324965 ], [ 7.4165843, 5.6323416 ], [ 7.4165135, 5.6321584 ], [ 7.4164923, 5.6319471 ], [ 7.4165418, 5.6318273 ], [ 7.4167117, 5.6317357 ], [ 7.4168674, 5.6316653 ], [ 7.4170586, 5.6316512 ], [ 7.4172992, 5.6316724 ], [ 7.4175187, 5.6316935 ], [ 7.4176107, 5.6317569 ], [ 7.417639, 5.6319048 ], [ 7.4176956, 5.6320457 ], [ 7.4178301, 5.6321936 ], [ 7.4180637, 5.6323486 ], [ 7.4182619, 5.632412 ], [ 7.4184601, 5.6324261 ], [ 7.4186017, 5.6323697 ], [ 7.4188069, 5.6322711 ], [ 7.4189768, 5.6321443 ], [ 7.4190617, 5.6319964 ], [ 7.4190971, 5.6318696 ], [ 7.4190688, 5.6317428 ], [ 7.418991, 5.6316019 ], [ 7.4188777, 5.6314469 ], [ 7.4185592, 5.6308834 ], [ 7.4184035, 5.6307073 ], [ 7.4183893, 5.6305735 ], [ 7.4184247, 5.6304678 ], [ 7.4185096, 5.630348 ], [ 7.4186087, 5.6302212 ], [ 7.4187361, 5.6301508 ], [ 7.418998, 5.6300874 ], [ 7.4191538, 5.6300804 ], [ 7.4192883, 5.6301297 ], [ 7.4194227, 5.6302424 ], [ 7.4195714, 5.630348 ], [ 7.419713, 5.6303692 ], [ 7.4199324, 5.6302001 ], [ 7.4199749, 5.6299747 ], [ 7.4199253, 5.6297281 ], [ 7.41972, 5.6294393 ], [ 7.4195572, 5.628904 ], [ 7.4194935, 5.628587 ], [ 7.4195077, 5.6283756 ], [ 7.4195714, 5.6282629 ], [ 7.4196209, 5.6281854 ], [ 7.4196846, 5.6280727 ], [ 7.419805, 5.6279882 ], [ 7.419897, 5.6279037 ], [ 7.4200103, 5.6278191 ], [ 7.4201518, 5.6277769 ], [ 7.42035, 5.6277698 ], [ 7.4205553, 5.6277839 ], [ 7.4207252, 5.6277628 ], [ 7.4208738, 5.6277064 ], [ 7.4209871, 5.6276501 ], [ 7.4212985, 5.6274388 ], [ 7.421525, 5.6272979 ], [ 7.4216524, 5.6272133 ], [ 7.4218365, 5.6271711 ], [ 7.4220205, 5.6271429 ], [ 7.4222966, 5.627157 ], [ 7.4224665, 5.6271922 ], [ 7.4225939, 5.6272838 ], [ 7.4227071, 5.6274669 ], [ 7.422877, 5.6276078 ], [ 7.4230823, 5.6276783 ], [ 7.42333, 5.6276712 ], [ 7.4235424, 5.6276149 ], [ 7.4237052, 5.6274599 ], [ 7.4237618, 5.6273401 ], [ 7.4237618, 5.627164 ], [ 7.4237264, 5.6270091 ], [ 7.4236202, 5.6266498 ], [ 7.4235707, 5.6264103 ], [ 7.4235848, 5.6262271 ], [ 7.4236202, 5.6260933 ], [ 7.4236698, 5.6259454 ], [ 7.4237193, 5.6258538 ], [ 7.4238113, 5.6258045 ], [ 7.4238892, 5.6257199 ], [ 7.4239529, 5.6256143 ], [ 7.4240237, 5.6255016 ], [ 7.4241157, 5.6253889 ], [ 7.4242573, 5.6252409 ], [ 7.4244413, 5.6250296 ], [ 7.4245192, 5.624938 ], [ 7.4245617, 5.6248112 ], [ 7.4245617, 5.624614 ], [ 7.4245192, 5.6244238 ], [ 7.4243847, 5.623987 ], [ 7.4242502, 5.6235785 ], [ 7.4241228, 5.6232756 ], [ 7.4239812, 5.623022 ], [ 7.4238326, 5.6228529 ], [ 7.4237123, 5.6226979 ], [ 7.4235778, 5.6224584 ], [ 7.4233937, 5.6222541 ], [ 7.4231531, 5.6219935 ], [ 7.4230115, 5.6217188 ], [ 7.4229973, 5.6214722 ], [ 7.4230115, 5.621282 ], [ 7.4230894, 5.6211341 ], [ 7.4231601, 5.6210002 ], [ 7.4232309, 5.6208664 ], [ 7.4233725, 5.6207255 ], [ 7.4234928, 5.6205987 ], [ 7.4236556, 5.6205142 ], [ 7.4237689, 5.6204437 ], [ 7.4239034, 5.6203944 ], [ 7.4240166, 5.6202888 ], [ 7.4241936, 5.6201338 ], [ 7.4243068, 5.620007 ], [ 7.4243564, 5.6198872 ], [ 7.4244696, 5.6197534 ], [ 7.4246466, 5.6196407 ], [ 7.4248377, 5.6195843 ], [ 7.4249934, 5.6195773 ], [ 7.4250925, 5.6196618 ], [ 7.4252129, 5.6198238 ], [ 7.4253332, 5.62 ], [ 7.425496, 5.6200281 ], [ 7.4256588, 5.62 ], [ 7.4257862, 5.6198943 ], [ 7.4258995, 5.6197182 ], [ 7.4258995, 5.6195562 ], [ 7.4258075, 5.6193941 ], [ 7.4255951, 5.6193096 ], [ 7.4253544, 5.6191969 ], [ 7.4251067, 5.6190771 ], [ 7.4249793, 5.6189222 ], [ 7.4248094, 5.618739 ], [ 7.4247174, 5.6185911 ], [ 7.4246749, 5.6183868 ], [ 7.4247174, 5.6182248 ], [ 7.4248023, 5.6180487 ], [ 7.4249014, 5.6179289 ], [ 7.4251138, 5.6177598 ], [ 7.425319, 5.6175978 ], [ 7.4254465, 5.6174358 ], [ 7.4255526, 5.6172597 ], [ 7.4256305, 5.6171118 ], [ 7.4256942, 5.6169709 ], [ 7.4257508, 5.6168582 ], [ 7.4259632, 5.6169075 ], [ 7.4261614, 5.616999 ], [ 7.4263737, 5.6171118 ], [ 7.4265861, 5.6171963 ], [ 7.4267701, 5.6172033 ], [ 7.427032, 5.6171681 ], [ 7.427393, 5.6171047 ], [ 7.4276974, 5.6170131 ], [ 7.4278814, 5.6169638 ], [ 7.428023, 5.6169427 ], [ 7.4282424, 5.6170343 ], [ 7.4283628, 5.617154 ], [ 7.4283911, 5.617309 ], [ 7.4284052, 5.6175203 ], [ 7.4283981, 5.6177387 ], [ 7.4283415, 5.6179219 ], [ 7.4282849, 5.6180346 ], [ 7.4282212, 5.6181121 ], [ 7.4281079, 5.6181755 ], [ 7.4279947, 5.6182036 ], [ 7.4278177, 5.6182107 ], [ 7.4276478, 5.6182107 ], [ 7.4274426, 5.6182459 ], [ 7.4272868, 5.6182882 ], [ 7.4271948, 5.6183375 ], [ 7.427117, 5.6184009 ], [ 7.4270745, 5.6185065 ], [ 7.4270674, 5.6186545 ], [ 7.4270957, 5.6188235 ], [ 7.4271523, 5.6189856 ], [ 7.4272585, 5.6191264 ], [ 7.427393, 5.6192392 ], [ 7.4275346, 5.6192744 ], [ 7.427662, 5.6192532 ], [ 7.4278177, 5.6192321 ], [ 7.427931, 5.6192039 ], [ 7.4281009, 5.6191617 ], [ 7.4282495, 5.6191194 ], [ 7.4283981, 5.6190208 ], [ 7.4286105, 5.6189151 ], [ 7.4287804, 5.6188165 ], [ 7.4289432, 5.6186545 ], [ 7.4290494, 5.6185347 ], [ 7.4291909, 5.6183727 ], [ 7.4292476, 5.6181825 ], [ 7.4292546, 5.617943 ], [ 7.4292405, 5.6177246 ], [ 7.4291697, 5.6173231 ], [ 7.4291555, 5.6169004 ], [ 7.4291272, 5.616682 ], [ 7.4290564, 5.6165482 ], [ 7.4289149, 5.6164144 ], [ 7.428745, 5.6162171 ], [ 7.428653, 5.6159072 ], [ 7.4285893, 5.6155479 ], [ 7.4285822, 5.6152661 ], [ 7.4285822, 5.6150266 ], [ 7.4286813, 5.6148646 ], [ 7.4288724, 5.6148153 ], [ 7.4289998, 5.6148364 ], [ 7.429198, 5.6149139 ], [ 7.4293467, 5.6150125 ], [ 7.4295024, 5.6151464 ], [ 7.4296813, 5.6152075 ], [ 7.4297951, 5.6151953 ], [ 7.4298322, 5.615159 ], [ 7.4299418, 5.6150653 ], [ 7.4299908, 5.6148716 ], [ 7.4299868, 5.6146639 ], [ 7.4299766, 5.6145617 ], [ 7.4298846, 5.6144067 ], [ 7.4298351, 5.6142095 ], [ 7.4297855, 5.6139418 ], [ 7.4297572, 5.6137163 ], [ 7.4297147, 5.6134839 ], [ 7.4297572, 5.6132937 ], [ 7.4298705, 5.613188 ], [ 7.4300191, 5.6131105 ], [ 7.4301961, 5.6131176 ], [ 7.4303305, 5.6132021 ], [ 7.430465, 5.6133219 ], [ 7.4305783, 5.6134627 ], [ 7.430713421487599, 5.613636393542623 ] ], [ [ 7.431571099623961, 5.611321813866371 ], [ 7.4314419, 5.6111381 ], [ 7.4312649, 5.610962 ], [ 7.4310879, 5.6108492 ], [ 7.4309322, 5.610807 ], [ 7.4306915, 5.6108211 ], [ 7.4304296, 5.610814 ], [ 7.4301819, 5.6107718 ], [ 7.4299695, 5.6107577 ], [ 7.4298563, 5.6107013 ], [ 7.4297926, 5.6105675 ], [ 7.4297855, 5.6103914 ], [ 7.4298563, 5.6102082 ], [ 7.4299908, 5.6100321 ], [ 7.4301465, 5.609863 ], [ 7.4302102, 5.6097362 ], [ 7.4302031, 5.6095671 ], [ 7.430189, 5.6093488 ], [ 7.430189, 5.6090459 ], [ 7.4301394, 5.6088416 ], [ 7.4301465, 5.6086232 ], [ 7.4301819, 5.6084118 ], [ 7.4302102, 5.6082428 ], [ 7.4303022, 5.608116 ], [ 7.4304013, 5.6079962 ], [ 7.43055, 5.6078765 ], [ 7.4306986, 5.6077497 ], [ 7.4309181, 5.6075806 ], [ 7.431021705314093, 5.607451642502158 ] ], [ [ 7.429203206764569, 5.604233299003844 ], [ 7.4291909, 5.6042274 ], [ 7.4289361, 5.6041147 ], [ 7.4288087, 5.604002 ], [ 7.4287945, 5.6037765 ], [ 7.4288582, 5.6035934 ], [ 7.4289361, 5.6034736 ], [ 7.428947300686374, 5.603466170973323 ] ], [ [ 7.428642377043276, 5.6021685056857 ], [ 7.4285751, 5.6022408 ], [ 7.4284406, 5.6024029 ], [ 7.4282637, 5.6025156 ], [ 7.4280725, 5.6025508 ], [ 7.4278885, 5.6025367 ], [ 7.4277257, 5.6024663 ], [ 7.4275275, 5.6022972 ], [ 7.4274143, 5.6021492 ], [ 7.4272798, 5.601959 ], [ 7.4271665, 5.6016843 ], [ 7.4270249, 5.6015223 ], [ 7.4268834, 5.601473 ], [ 7.426763, 5.6014941 ], [ 7.4266781, 5.6015857 ], [ 7.4266639, 5.6018182 ], [ 7.4267135, 5.6021774 ], [ 7.4267914, 5.6025015 ], [ 7.4268197, 5.6027762 ], [ 7.4267914, 5.603058 ], [ 7.4267206, 5.6032552 ], [ 7.4266215, 5.603368 ], [ 7.426395, 5.6034525 ], [ 7.4260835, 5.6035089 ], [ 7.4258287, 5.6035159 ], [ 7.425588, 5.6034877 ], [ 7.4254181, 5.6034173 ], [ 7.4252978, 5.6032834 ], [ 7.4252129, 5.6031989 ], [ 7.4250218, 5.6029453 ], [ 7.4248448, 5.6026776 ], [ 7.4246749, 5.6023676 ], [ 7.4245333, 5.6019802 ], [ 7.4244555, 5.6016632 ], [ 7.4243847, 5.6014941 ], [ 7.4242714, 5.6012757 ], [ 7.4240945, 5.6010362 ], [ 7.4238467, 5.6006206 ], [ 7.423783, 5.6004163 ], [ 7.4237689, 5.6002049 ], [ 7.4238113, 5.600057 ], [ 7.4239458, 5.5999513 ], [ 7.424144, 5.5999232 ], [ 7.4242714, 5.5999232 ], [ 7.4244696, 5.5999725 ], [ 7.424774, 5.6000429 ], [ 7.425043, 5.6000288 ], [ 7.4252341, 5.5999866 ], [ 7.4253474, 5.5999302 ], [ 7.425404, 5.5998175 ], [ 7.4253969, 5.5996836 ], [ 7.425312, 5.5995427 ], [ 7.4251209, 5.5993032 ], [ 7.4249297, 5.5990708 ], [ 7.4248393, 5.598945 ], [ 7.4247592, 5.5986813 ], [ 7.4246606, 5.5985525 ], [ 7.4245559, 5.598485 ], [ 7.424408, 5.5984666 ], [ 7.4242478, 5.5984666 ], [ 7.4240752, 5.5984789 ], [ 7.423952, 5.5984666 ], [ 7.4238472, 5.5983991 ], [ 7.4237178, 5.5983501 ], [ 7.4234652, 5.5983133 ], [ 7.4231386, 5.5982826 ], [ 7.4229044, 5.5982949 ], [ 7.422621, 5.5982704 ], [ 7.42243, 5.5982152 ], [ 7.4223067, 5.598117 ], [ 7.4222389, 5.597976 ], [ 7.4222143, 5.5978043 ], [ 7.4222266, 5.5976264 ], [ 7.4222882, 5.5974915 ], [ 7.4224238, 5.5973627 ], [ 7.4229106, 5.5971174 ], [ 7.4231324, 5.5970132 ], [ 7.4232618, 5.5968905 ], [ 7.423305, 5.5966636 ], [ 7.4233358, 5.5964121 ], [ 7.4233235, 5.5961423 ], [ 7.4234036, 5.5958847 ], [ 7.4235207, 5.5956026 ], [ 7.4236254, 5.5953634 ], [ 7.4236439, 5.5952224 ], [ 7.4236377, 5.5950016 ], [ 7.4236008, 5.5948299 ], [ 7.4235699, 5.5946275 ], [ 7.4236008, 5.5944435 ], [ 7.4237117, 5.5941798 ], [ 7.4237979, 5.5939223 ], [ 7.423989, 5.5935604 ], [ 7.4241492, 5.5930575 ], [ 7.4243032, 5.5925792 ], [ 7.424445, 5.592248 ], [ 7.4246052, 5.5921008 ], [ 7.4247777, 5.5919475 ], [ 7.4249934, 5.5918003 ], [ 7.4252276, 5.5917022 ], [ 7.4254679, 5.5916102 ], [ 7.425585, 5.5915059 ], [ 7.4256527, 5.5913465 ], [ 7.4256219, 5.5911748 ], [ 7.4255172, 5.5909969 ], [ 7.4253138, 5.5908559 ], [ 7.425092, 5.5907393 ], [ 7.4248763, 5.590678 ], [ 7.4246052, 5.5906412 ], [ 7.4243587, 5.590537 ], [ 7.4242416, 5.5903898 ], [ 7.4241122, 5.5901997 ], [ 7.4241307, 5.5899666 ], [ 7.4242355, 5.5897458 ], [ 7.4244142, 5.5895925 ], [ 7.424673, 5.5895128 ], [ 7.4249318, 5.5894699 ], [ 7.4251474, 5.5893717 ], [ 7.4252276, 5.5892368 ], [ 7.4252522, 5.5889792 ], [ 7.4252337, 5.5887523 ], [ 7.4251783, 5.588507 ], [ 7.4250981, 5.5883966 ], [ 7.4249503, 5.5883108 ], [ 7.4248085, 5.5882188 ], [ 7.4247161, 5.5881084 ], [ 7.424673, 5.587906 ], [ 7.4246175, 5.5877036 ], [ 7.4245128, 5.587446 ], [ 7.4243649, 5.5872682 ], [ 7.4241677, 5.5871149 ], [ 7.423952, 5.5869186 ], [ 7.4238596, 5.5867285 ], [ 7.4238472, 5.5865077 ], [ 7.4238719, 5.5863053 ], [ 7.4240136, 5.5861765 ], [ 7.4242601, 5.5861091 ], [ 7.4245374, 5.5861213 ], [ 7.4249749, 5.5861275 ], [ 7.4252214, 5.5861091 ], [ 7.4255048, 5.5859496 ], [ 7.4256589, 5.5857288 ], [ 7.425746982027359, 5.58547679249576 ] ], [ [ 7.425026504372563, 5.585026480278655 ], [ 7.4244881, 5.584999 ], [ 7.4240259, 5.5849561 ], [ 7.4238472, 5.5848825 ], [ 7.423687, 5.5847415 ] ] ] } },
{ "type": "Feature", "properties": { "name": "River Abuba", "waterway": "river" }, "geometry": { "type": "LineString", "coordinates": [ [ 7.256762, 5.8662598 ], [ 7.2567609, 5.866205 ], [ 7.2566612, 5.8659887 ], [ 7.2564166, 5.8657183 ], [ 7.2562581, 5.8654479 ], [ 7.2561267, 5.8651776 ], [ 7.2560678, 5.8648622 ], [ 7.2560361, 5.8646594 ], [ 7.2560814, 5.8642809 ], [ 7.2559991, 5.8635412 ], [ 7.255661, 5.8630149 ], [ 7.2552782, 5.8626183 ], [ 7.2549273, 5.8623327 ], [ 7.2546642, 5.8621899 ], [ 7.254385, 5.8619361 ], [ 7.2540835, 5.8614815 ], [ 7.2536568, 5.8610451 ], [ 7.2533082, 5.8608597 ], [ 7.2524607, 5.860776 ], [ 7.2519799, 5.8608358 ], [ 7.2517696, 5.8608717 ], [ 7.2514991, 5.8608059 ], [ 7.2512827, 5.8607103 ], [ 7.2511565, 5.8605967 ], [ 7.2509221, 5.860501 ], [ 7.2504894, 5.8605668 ], [ 7.250267, 5.8607282 ], [ 7.2499386, 5.8611567 ], [ 7.249709, 5.8614888 ], [ 7.2494221, 5.8616653 ], [ 7.2490725, 5.8617951 ], [ 7.248655, 5.8619145 ], [ 7.2483785, 5.8618729 ], [ 7.2480968, 5.8616861 ], [ 7.2479663, 5.8614369 ], [ 7.2478985, 5.8611047 ], [ 7.2477159, 5.8608504 ], [ 7.247612, 5.8607037 ], [ 7.2471732, 5.8601808 ], [ 7.2470167, 5.8598954 ], [ 7.2469564, 5.859572 ], [ 7.2468778, 5.8593764 ], [ 7.2468345, 5.8590673 ], [ 7.2467954, 5.8586527 ], [ 7.2465075, 5.8581434 ], [ 7.2463446, 5.857863 ], [ 7.2460877, 5.8577321 ], [ 7.2456742, 5.8576635 ], [ 7.2452105, 5.8576947 ], [ 7.2449035, 5.8577944 ], [ 7.2445276, 5.8580126 ], [ 7.2442331, 5.8580686 ], [ 7.2438509, 5.8580499 ], [ 7.243381, 5.8578131 ], [ 7.2430301, 5.8575638 ], [ 7.2426291, 5.8571275 ], [ 7.2424036, 5.8566912 ], [ 7.242178, 5.8562175 ], [ 7.2420402, 5.8560555 ], [ 7.2418397, 5.8559121 ], [ 7.2415765, 5.8558062 ], [ 7.2413071, 5.8556441 ], [ 7.241163, 5.8554322 ], [ 7.2410565, 5.8551019 ], [ 7.2410941, 5.8546219 ], [ 7.2412445, 5.8542106 ], [ 7.2415515, 5.8537743 ], [ 7.2417081, 5.8534564 ], [ 7.2418021, 5.8532258 ], [ 7.2418334, 5.8529702 ], [ 7.2418146, 5.852802 ], [ 7.2417332, 5.8527147 ], [ 7.2415703, 5.8526773 ], [ 7.241257, 5.852696 ], [ 7.24095, 5.8526898 ], [ 7.2407432, 5.8525776 ], [ 7.2405803, 5.852347 ], [ 7.2405114, 5.8520104 ], [ 7.2404425, 5.8517424 ], [ 7.2402608, 5.8515554 ], [ 7.2399287, 5.851437 ], [ 7.2395841, 5.8513809 ], [ 7.2392521, 5.8512998 ], [ 7.238945, 5.8510568 ], [ 7.2388636, 5.8508199 ], [ 7.238826, 5.850608 ], [ 7.2387884, 5.8502652 ], [ 7.238707, 5.8500159 ], [ 7.2385315, 5.8497853 ], [ 7.2382496, 5.8494238 ], [ 7.2380741, 5.8490436 ], [ 7.2379802, 5.8487381 ], [ 7.237999, 5.8484888 ], [ 7.2380052, 5.8482333 ], [ 7.2379614, 5.8479777 ], [ 7.2378862, 5.8477097 ], [ 7.2377045, 5.8474355 ], [ 7.2376572, 5.8472573 ], [ 7.2376898, 5.8470896 ], [ 7.2377768, 5.8467054 ], [ 7.2379346, 5.8462725 ], [ 7.2380977, 5.8461048 ], [ 7.238299, 5.8459749 ], [ 7.2385166, 5.8459425 ], [ 7.238609, 5.8459262 ], [ 7.2386525, 5.8458126 ], [ 7.2385057, 5.8456449 ], [ 7.2383969, 5.8455637 ], [ 7.2383425, 5.8454284 ], [ 7.2383969, 5.8452607 ], [ 7.2385873, 5.8451416 ], [ 7.2387994, 5.8451687 ], [ 7.2389735, 5.8452607 ], [ 7.239153, 5.8453635 ], [ 7.2392726, 5.8453851 ], [ 7.2393379, 5.8453364 ], [ 7.2393597, 5.845212 ], [ 7.2392672, 5.8450064 ], [ 7.2392291, 5.8447574 ], [ 7.2392291, 5.8446168 ], [ 7.2393542, 5.8443462 ], [ 7.2395011, 5.8440648 ], [ 7.2395011, 5.8438213 ], [ 7.2393705, 5.8435995 ], [ 7.2391203, 5.8434155 ], [ 7.2388212, 5.8433506 ], [ 7.238609, 5.8432586 ], [ 7.2385278, 5.8431446 ], [ 7.2383969, 5.842961 ], [ 7.2380651, 5.8422846 ], [ 7.2379237, 5.8419653 ], [ 7.2378693, 5.8416623 ], [ 7.237891, 5.8414188 ], [ 7.2379633, 5.841121 ], [ 7.2379305, 5.8409619 ], [ 7.2378526, 5.8408029 ], [ 7.2377215, 5.8406438 ], [ 7.2376026, 5.8404522 ], [ 7.237578, 5.8402442 ], [ 7.2375903, 5.8400688 ], [ 7.2376518, 5.8398731 ], [ 7.2377681, 5.8397593 ], [ 7.238092, 5.839646 ], [ 7.2384016, 5.8396319 ], [ 7.2391881, 5.8393911 ], [ 7.2394514, 5.8391256 ], [ 7.239697, 5.838814 ], [ 7.2398109, 5.8384706 ], [ 7.2398892, 5.8382688 ], [ 7.2399853, 5.8376457 ], [ 7.2399959, 5.8374616 ], [ 7.2399924, 5.8372492 ], [ 7.2399532, 5.8370863 ], [ 7.2398073, 5.8368208 ], [ 7.2396187, 5.8363995 ], [ 7.2395475, 5.8361587 ], [ 7.2395226, 5.8360065 ], [ 7.2395155, 5.8357834 ], [ 7.2394906, 5.8356241 ], [ 7.2394514, 5.8354613 ], [ 7.2394657, 5.8353444 ], [ 7.2395404, 5.8352347 ], [ 7.2397041, 5.8351497 ], [ 7.2399177, 5.8351072 ], [ 7.24027, 5.8350612 ], [ 7.2405084, 5.8350293 ], [ 7.2407077, 5.8349514 ], [ 7.2408181, 5.8348523 ], [ 7.2408999, 5.8346328 ], [ 7.2409533, 5.8344204 ], [ 7.2409782, 5.8342788 ], [ 7.2410316, 5.8341619 ], [ 7.2411739, 5.8340132 ], [ 7.2413483, 5.8338716 ], [ 7.2414409, 5.8337831 ], [ 7.2415334, 5.8336733 ], [ 7.2415796, 5.8334892 ], [ 7.2416402, 5.8333264 ], [ 7.2417896, 5.833075 ], [ 7.2419249, 5.8328697 ], [ 7.2420779, 5.8327351 ], [ 7.242263, 5.8326395 ], [ 7.2423697, 5.8325652 ], [ 7.2424373, 5.8324448 ], [ 7.2424907, 5.8322819 ], [ 7.2424872, 5.8321155 ], [ 7.242448, 5.8320058 ], [ 7.2423448, 5.8319208 ], [ 7.2422096, 5.8318713 ], [ 7.2419462, 5.8318465 ], [ 7.2417291, 5.8317969 ], [ 7.2414942, 5.8317226 ], [ 7.2413946, 5.8316588 ], [ 7.2413448, 5.8315845 ], [ 7.2413056, 5.8314747 ], [ 7.2413199, 5.8314145 ], [ 7.2414373, 5.8313189 ], [ 7.2414693, 5.8312481 ], [ 7.2414658, 5.8311702 ], [ 7.2414195, 5.8311171 ], [ 7.2413092, 5.8310994 ], [ 7.2411917, 5.8310746 ], [ 7.2411134, 5.8310074 ], [ 7.2410992, 5.8309189 ], [ 7.2411206, 5.8308197 ], [ 7.2411989, 5.8306498 ], [ 7.2413875, 5.8304303 ], [ 7.2414444, 5.8302391 ], [ 7.241569, 5.8297505 ], [ 7.2416757, 5.8294921 ], [ 7.2418217, 5.8292973 ], [ 7.2419498, 5.8291911 ], [ 7.2421402, 5.8290966 ], [ 7.242217, 5.8290109 ], [ 7.242231, 5.8289113 ], [ 7.2421984, 5.8287677 ], [ 7.2421518, 5.8286032 ], [ 7.2421565, 5.828536 ], [ 7.2421961, 5.8284688 ], [ 7.2422985, 5.8284318 ], [ 7.2425011, 5.8284063 ], [ 7.2427852, 5.8283553 ], [ 7.2431671, 5.828221 ], [ 7.2435932, 5.8279638 ], [ 7.2437213, 5.8278202 ], [ 7.2438191, 5.8276488 ], [ 7.2438354, 5.8270743 ], [ 7.2437771, 5.8267176 ], [ 7.2437329, 5.8264072 ], [ 7.2436025, 5.8260713 ], [ 7.243528, 5.825923 ], [ 7.2434162, 5.8258211 ], [ 7.2433068, 5.8257423 ], [ 7.243053, 5.8256311 ], [ 7.2429854, 5.8255639 ], [ 7.2429202, 5.8254203 ], [ 7.2429202, 5.8252674 ], [ 7.2429575, 5.8250566 ], [ 7.2430763, 5.8247833 ], [ 7.2431601, 5.8246119 ], [ 7.243209, 5.8243941 ], [ 7.2431973, 5.824137 ], [ 7.2431717, 5.8239401 ], [ 7.243181, 5.823815 ], [ 7.2432323, 5.8236945 ], [ 7.2433836, 5.8234953 ], [ 7.2435094, 5.8233772 ], [ 7.2436491, 5.8233077 ], [ 7.2437748, 5.8232266 ], [ 7.2439238, 5.8231015 ], [ 7.2441264, 5.8229602 ], [ 7.2444338, 5.8228513 ], [ 7.2450159, 5.82271 ], [ 7.2452395, 5.8226822 ], [ 7.2453745, 5.8226892 ], [ 7.2455305, 5.8226892 ], [ 7.2455818, 5.822659 ], [ 7.2456423, 5.8225895 ], [ 7.2456889, 5.8224019 ], [ 7.2457727, 5.8222189 ], [ 7.2458705, 5.8220706 ], [ 7.2459753, 5.821839 ], [ 7.2460335, 5.8215541 ], [ 7.2460824, 5.8213548 ], [ 7.2461522, 5.8212367 ], [ 7.2462361, 5.8211417 ], [ 7.2464852, 5.821005 ], [ 7.2466412, 5.8209471 ], [ 7.2467903, 5.8208985 ], [ 7.2469253, 5.8208383 ], [ 7.2471372, 5.8206993 ], [ 7.2473328, 5.8205788 ], [ 7.2476377, 5.8204392 ], [ 7.2479308, 5.8202542 ], [ 7.2479955, 5.8201777 ], [ 7.248042, 5.8200993 ], [ 7.2480804, 5.8199525 ], [ 7.2481289, 5.819858 ], [ 7.2482017, 5.8197896 ], [ 7.2483152, 5.8197493 ], [ 7.2485981, 5.8197004 ], [ 7.2488195, 5.8196311 ], [ 7.2489752, 5.8195332 ], [ 7.2491679, 5.8193578 ], [ 7.2493524, 5.8191988 ], [ 7.2495779, 5.8190356 ], [ 7.2498197, 5.8189459 ], [ 7.250037, 5.8189255 ], [ 7.2502502, 5.8189826 ], [ 7.2505699, 5.8191254 ], [ 7.250779, 5.8191743 ], [ 7.250943, 5.8191417 ], [ 7.2510455, 5.8190601 ], [ 7.2512914, 5.8188032 ], [ 7.2514554, 5.8186604 ], [ 7.2520129, 5.8184565 ], [ 7.2524721, 5.8183138 ], [ 7.2526196, 5.8182077 ], [ 7.2526893, 5.8180772 ], [ 7.252718, 5.8179427 ], [ 7.2526606, 5.8177836 ], [ 7.252509, 5.8176449 ], [ 7.2523163, 5.8174492 ], [ 7.2522466, 5.8172738 ], [ 7.2522466, 5.8171719 ], [ 7.2523491, 5.816919 ], [ 7.252677, 5.816605 ], [ 7.2531239, 5.8162542 ], [ 7.2532346, 5.8161074 ], [ 7.2533686, 5.8158821 ], [ 7.2534571, 5.8156206 ], [ 7.253463, 5.8155213 ], [ 7.253425, 5.815386 ], [ 7.2532563, 5.8151425 ], [ 7.2530768, 5.8149531 ], [ 7.2528865, 5.8148557 ], [ 7.2526961, 5.8148124 ], [ 7.2524404, 5.8147854 ], [ 7.2522011, 5.814688 ], [ 7.2519999, 5.8145527 ], [ 7.2518911, 5.8144553 ], [ 7.2518748, 5.8143471 ], [ 7.2520107, 5.8140927 ], [ 7.2521141, 5.8137951 ], [ 7.252163, 5.8133838 ], [ 7.2521848, 5.8132377 ], [ 7.2522718, 5.8130646 ], [ 7.2524078, 5.8129347 ], [ 7.2525819, 5.8128427 ], [ 7.2526635, 5.8127345 ], [ 7.252707, 5.8125776 ], [ 7.2527015, 5.8124152 ], [ 7.2527668, 5.8122745 ], [ 7.2528756, 5.812123 ], [ 7.2531312, 5.8119769 ], [ 7.2532618, 5.8118578 ], [ 7.2534848, 5.8115602 ], [ 7.2536589, 5.8113762 ], [ 7.2538492, 5.8112626 ], [ 7.2541593, 5.8111544 ], [ 7.2543388, 5.8110029 ], [ 7.2544367, 5.8108622 ], [ 7.2544584, 5.8107106 ], [ 7.2543986, 5.8106078 ], [ 7.2542898, 5.8105862 ], [ 7.2541756, 5.8106132 ], [ 7.2540342, 5.810689 ], [ 7.2539036, 5.8107215 ], [ 7.2537731, 5.810689 ], [ 7.2537187, 5.8106078 ], [ 7.2537459, 5.8104888 ], [ 7.2538275, 5.8104022 ], [ 7.2540777, 5.8101857 ], [ 7.2541647, 5.8100667 ], [ 7.2542191, 5.8099314 ], [ 7.2541865, 5.8097853 ], [ 7.2541103, 5.8096392 ], [ 7.2540994, 5.809531 ], [ 7.2541701, 5.8093578 ], [ 7.2543388, 5.8091576 ], [ 7.2545781, 5.8090169 ], [ 7.2547467, 5.8089249 ], [ 7.2548337, 5.8088004 ], [ 7.2548881, 5.8086597 ], [ 7.2549915, 5.8084703 ], [ 7.255122, 5.8082863 ], [ 7.255171, 5.8081889 ], [ 7.2551873, 5.8080969 ], [ 7.2551003, 5.8079508 ], [ 7.2549969, 5.8078697 ], [ 7.2549752, 5.8077777 ], [ 7.2549915, 5.8077019 ], [ 7.2551492, 5.8075612 ], [ 7.2555354, 5.8073448 ], [ 7.2556768, 5.8072257 ], [ 7.2557584, 5.8070742 ], [ 7.2558074, 5.8068415 ], [ 7.2558346, 5.8066629 ], [ 7.2559216, 5.8064898 ], [ 7.256063, 5.8062571 ], [ 7.2561229, 5.8060406 ], [ 7.2561392, 5.8059107 ], [ 7.2560957, 5.8057484 ], [ 7.2560304, 5.8056023 ], [ 7.2560249, 5.8054454 ], [ 7.2560467, 5.8053534 ], [ 7.2560957, 5.805256 ], [ 7.2561609, 5.8051964 ], [ 7.256286, 5.8051694 ], [ 7.2565281, 5.8052236 ], [ 7.2568929, 5.805325 ], [ 7.2570243, 5.805357 ], [ 7.2571182, 5.805357 ], [ 7.2572281, 5.8052983 ], [ 7.2575527, 5.804898 ], [ 7.2577297, 5.8046845 ], [ 7.2578209, 5.8045324 ], [ 7.2579416, 5.8043243 ], [ 7.2580945, 5.8041909 ], [ 7.2587436, 5.8038546 ], [ 7.2589448, 5.8037933 ], [ 7.2590547, 5.8037799 ], [ 7.2592183, 5.8038066 ], [ 7.2594866, 5.8038867 ], [ 7.2596207, 5.8039107 ], [ 7.2597816, 5.803924 ], [ 7.2598916, 5.8038813 ], [ 7.2600042, 5.8037746 ], [ 7.2600579, 5.8036412 ], [ 7.2600713, 5.8035291 ], [ 7.2600284, 5.803425 ], [ 7.2598996, 5.8033023 ], [ 7.2597548, 5.8031875 ], [ 7.2596663, 5.8031475 ], [ 7.259567, 5.8031315 ], [ 7.2594758, 5.8031341 ], [ 7.2589635, 5.8032302 ], [ 7.2588348, 5.8032462 ], [ 7.2587919, 5.8032409 ], [ 7.258757, 5.8032142 ], [ 7.2587463, 5.8031475 ], [ 7.258757, 5.8030834 ], [ 7.2588294, 5.8030141 ], [ 7.2589662, 5.8028993 ], [ 7.2590118, 5.8028193 ], [ 7.2590091, 5.8026378 ], [ 7.2589582, 5.802475 ], [ 7.2588992, 5.802379 ], [ 7.2587838, 5.8022776 ], [ 7.2586926, 5.8021948 ], [ 7.258647, 5.8021255 ], [ 7.2586309, 5.8020401 ], [ 7.2586604, 5.8019734 ], [ 7.2587302, 5.801904 ], [ 7.2588428, 5.801864 ], [ 7.2589823, 5.8018613 ], [ 7.2591781, 5.8018826 ], [ 7.2592827, 5.8019253 ], [ 7.2593525, 5.8020107 ], [ 7.2594276, 5.8021495 ], [ 7.2594919, 5.8022029 ], [ 7.2595456, 5.8022162 ], [ 7.259626, 5.8022135 ], [ 7.2597119, 5.8021655 ], [ 7.2598138, 5.8020828 ], [ 7.2598755, 5.8019787 ], [ 7.2599479, 5.8016078 ], [ 7.2599559, 5.801437 ], [ 7.2599935, 5.8012796 ], [ 7.2600552, 5.8010527 ], [ 7.260082, 5.8008233 ], [ 7.2600498, 5.8005511 ], [ 7.2600552, 5.800479 ], [ 7.2600981, 5.8003936 ], [ 7.2602134, 5.8003082 ], [ 7.2603663, 5.8002549 ], [ 7.2604253, 5.8002148 ], [ 7.2604602, 5.8001375 ], [ 7.2604575, 5.8000334 ], [ 7.2603744, 5.7999133 ], [ 7.260302, 5.7998146 ], [ 7.2602134, 5.7997105 ], [ 7.2601705, 5.7996224 ], [ 7.2601196, 5.799425 ], [ 7.2601115, 5.7992835 ], [ 7.2600632, 5.7991475 ], [ 7.2599533, 5.798974 ], [ 7.2598916, 5.7988459 ], [ 7.2598862, 5.7987178 ], [ 7.2599023, 5.7986298 ], [ 7.2600123, 5.7985177 ], [ 7.260192, 5.7984083 ], [ 7.2603958, 5.7983869 ], [ 7.2606024, 5.798427 ], [ 7.2607338, 5.798467 ], [ 7.2608572, 5.798475 ], [ 7.260951, 5.7984403 ], [ 7.2610181, 5.7983976 ], [ 7.2610449, 5.7982855 ], [ 7.2610208, 5.7981975 ], [ 7.2609671, 5.7981067 ], [ 7.2608894, 5.7980667 ], [ 7.2607096, 5.7980614 ], [ 7.2606158, 5.7980454 ], [ 7.2605514, 5.7980053 ], [ 7.2605112, 5.797928 ], [ 7.2605192, 5.7978532 ], [ 7.2605675, 5.7977999 ], [ 7.2607365, 5.7977198 ], [ 7.2608035, 5.7976504 ], [ 7.2608491, 5.7975517 ], [ 7.2608491, 5.7974556 ], [ 7.2608035, 5.7973462 ], [ 7.2607257, 5.7972368 ], [ 7.2607123, 5.7971728 ], [ 7.2607204, 5.7971114 ], [ 7.2607418, 5.79705 ], [ 7.2608118, 5.7970189 ], [ 7.2608894, 5.7970073 ], [ 7.2613239, 5.797034 ], [ 7.261694, 5.7971087 ], [ 7.2617906, 5.7971701 ], [ 7.2618308, 5.7972528 ], [ 7.2618013, 5.7973409 ], [ 7.2616484, 5.797509 ], [ 7.2615733, 5.7976184 ], [ 7.2615599, 5.7977198 ], [ 7.2616162, 5.7978105 ], [ 7.2617396, 5.7978506 ], [ 7.2620293, 5.7978079 ], [ 7.2621554, 5.7978159 ], [ 7.2623431, 5.7978959 ], [ 7.2624531, 5.7979706 ], [ 7.2624799, 5.798032 ], [ 7.2624745, 5.7980907 ], [ 7.2624343, 5.7981815 ], [ 7.2624102, 5.7982669 ], [ 7.2624182, 5.7983309 ], [ 7.2624638, 5.7983816 ], [ 7.2625577, 5.7984163 ], [ 7.2626408, 5.7984163 ], [ 7.2627401, 5.7983683 ], [ 7.2628581, 5.7982722 ], [ 7.2629412, 5.7982375 ], [ 7.2631093, 5.7982018 ], [ 7.2632085, 5.7981361 ], [ 7.2632841, 5.7979998 ], [ 7.2632935, 5.7978683 ], [ 7.2631802, 5.7975911 ], [ 7.2631235, 5.7974173 ], [ 7.2631802, 5.7973092 ], [ 7.263303, 5.7972622 ], [ 7.2634777, 5.7972904 ], [ 7.2637468, 5.7974267 ], [ 7.2638649, 5.7975582 ], [ 7.2640254, 5.7976663 ], [ 7.2641718, 5.7976804 ], [ 7.2642757, 5.7976334 ], [ 7.2644315, 5.7973609 ], [ 7.2645732, 5.7971683 ], [ 7.2647054, 5.7970837 ], [ 7.264814, 5.7970743 ], [ 7.2649179, 5.7971119 ], [ 7.2651398, 5.7972341 ], [ 7.2653618, 5.7972857 ], [ 7.2654798, 5.7972857 ], [ 7.2659945, 5.7970978 ], [ 7.2660795, 5.7971213 ], [ 7.2661079, 5.7972012 ], [ 7.2660559, 5.7974502 ], [ 7.2658812, 5.7979059 ], [ 7.265834, 5.7980421 ], [ 7.2658576, 5.7981314 ], [ 7.2659615, 5.7981267 ], [ 7.2663581, 5.7976804 ], [ 7.266514, 5.7975347 ], [ 7.2667265, 5.7973938 ], [ 7.2667501, 5.7973233 ], [ 7.2667642, 5.7972247 ], [ 7.266717, 5.7971119 ], [ 7.266632, 5.7968629 ], [ 7.2665234, 5.796581 ], [ 7.266462, 5.7960032 ], [ 7.2664054, 5.7951952 ], [ 7.2664242, 5.7947676 ], [ 7.2665281, 5.7944012 ], [ 7.2666273, 5.7941381 ], [ 7.2667359, 5.7940113 ], [ 7.2669295, 5.7939032 ], [ 7.267142, 5.7938609 ], [ 7.267345, 5.793875 ], [ 7.2677559, 5.7939784 ], [ 7.2682706, 5.7940676 ], [ 7.26845, 5.7941052 ], [ 7.2686295, 5.7942697 ], [ 7.2686767, 5.7944717 ], [ 7.2687664, 5.7946173 ], [ 7.2688372, 5.7946596 ], [ 7.2689411, 5.7946314 ], [ 7.2690167, 5.7944952 ], [ 7.2691017, 5.7941475 ], [ 7.2692811, 5.7937294 ], [ 7.2693897, 5.7934804 ], [ 7.2694936, 5.7931844 ], [ 7.2695361, 5.7930623 ], [ 7.2696589, 5.7928462 ], [ 7.2697628, 5.7924422 ], [ 7.2697675, 5.7922589 ], [ 7.2696919, 5.7920992 ], [ 7.269555, 5.7919536 ], [ 7.2693047, 5.791822 ], [ 7.2690214, 5.7916623 ], [ 7.2684831, 5.7913052 ], [ 7.2683367, 5.7911314 ], [ 7.2683036, 5.7909294 ], [ 7.268365, 5.7902341 ], [ 7.2683697, 5.7897972 ], [ 7.2683886, 5.7896422 ], [ 7.2685067, 5.789412 ], [ 7.2689033, 5.7889563 ], [ 7.2692858, 5.7885522 ], [ 7.2699186, 5.7880918 ], [ 7.2701925, 5.7878851 ], [ 7.2704758, 5.7875375 ], [ 7.2706174, 5.7874435 ], [ 7.2707638, 5.7874059 ], [ 7.271033, 5.7874106 ], [ 7.2713824, 5.7874717 ], [ 7.2715194, 5.7874717 ], [ 7.2717177, 5.7873871 ], [ 7.2719538, 5.7871945 ], [ 7.2723221, 5.7866777 ], [ 7.2724591, 5.7863817 ], [ 7.2725629, 5.786269 ], [ 7.2728227, 5.786114 ], [ 7.2729407, 5.7859636 ], [ 7.272969, 5.7858556 ], [ 7.2729927, 5.7857428 ], [ 7.2729927, 5.7855643 ], [ 7.2730777, 5.785414 ], [ 7.2733232, 5.7851415 ], [ 7.2736632, 5.7847844 ], [ 7.2738898, 5.7845589 ], [ 7.2741401, 5.7844133 ], [ 7.2747351, 5.784169 ], [ 7.2752923, 5.7839998 ], [ 7.2763453, 5.7838542 ], [ 7.2766759, 5.7838166 ], [ 7.276912, 5.783718 ], [ 7.2770159, 5.7835958 ], [ 7.2770584, 5.7834032 ], [ 7.2770395, 5.7832763 ], [ 7.2769214, 5.7831401 ], [ 7.276572, 5.7829428 ], [ 7.2762178, 5.7828347 ], [ 7.2760101, 5.7827784 ], [ 7.2758967, 5.7827361 ], [ 7.2758401, 5.7825998 ], [ 7.2759015, 5.782379 ], [ 7.2761092, 5.7819844 ], [ 7.2762226, 5.7816931 ], [ 7.2764445, 5.7812656 ], [ 7.2765625, 5.7811293 ], [ 7.2767467, 5.7810025 ], [ 7.2770442, 5.7808334 ], [ 7.2772153, 5.780703 ], [ 7.2774119, 5.7804336 ], [ 7.2775591, 5.7802277 ], [ 7.2776949, 5.7801505 ], [ 7.2778593, 5.7801443 ], [ 7.2780193, 5.7802849 ], [ 7.2780708, 5.7805245 ], [ 7.2780188, 5.7811624 ], [ 7.2780366, 5.7812734 ], [ 7.2781354, 5.7813423 ], [ 7.2783654, 5.7813092 ], [ 7.2788746, 5.7811691 ], [ 7.2793983, 5.7804605 ], [ 7.2800478, 5.7800019 ], [ 7.2804039, 5.779335 ], [ 7.2811581, 5.778939 ], [ 7.281619, 5.7784596 ], [ 7.2815352, 5.7777926 ], [ 7.2814994, 5.7770385 ], [ 7.2819462, 5.7771194 ], [ 7.2822102, 5.7771194 ], [ 7.2824133, 5.7767961 ], [ 7.2826367, 5.7767759 ], [ 7.2828804, 5.7770183 ], [ 7.2831241, 5.7770789 ], [ 7.2834288, 5.7768567 ], [ 7.2837334, 5.7768769 ], [ 7.284038, 5.7772406 ], [ 7.2845458, 5.7773618 ], [ 7.284891, 5.7769173 ], [ 7.2867593, 5.7727153 ], [ 7.2868971, 5.7718143 ], [ 7.2867593, 5.7711483 ], [ 7.286464, 5.7706978 ], [ 7.2866018, 5.7702668 ], [ 7.2870152, 5.769738 ], [ 7.2874877, 5.7697967 ], [ 7.2881768, 5.7703844 ], [ 7.2887084, 5.7709328 ], [ 7.289299, 5.7708153 ], [ 7.289614, 5.7703844 ], [ 7.2898896, 5.7701493 ], [ 7.2901653, 5.7703452 ], [ 7.2900275, 5.7708349 ], [ 7.2899487, 5.7711679 ], [ 7.290244, 5.7713834 ], [ 7.2906772, 5.7711483 ], [ 7.2909725, 5.7707761 ], [ 7.2910315, 5.7702081 ], [ 7.2907165, 5.7698751 ], [ 7.2907165, 5.7696008 ], [ 7.2912481, 5.7692678 ], [ 7.2917676, 5.7693134 ], [ 7.2920895, 5.7688331 ], [ 7.2922718, 5.7684915 ], [ 7.29176, 5.7683472 ], [ 7.2926853, 5.767407 ], [ 7.2936106, 5.7664472 ], [ 7.2938272, 5.7652327 ], [ 7.293705, 5.7646318 ], [ 7.2931324, 5.7644229 ], [ 7.2924835, 5.7641381 ], [ 7.2924072, 5.7639102 ], [ 7.2927316, 5.7637773 ], [ 7.2930561, 5.7633595 ], [ 7.2933806, 5.7632646 ], [ 7.2938768, 5.7633975 ], [ 7.2940295, 5.7630937 ], [ 7.2937814, 5.7626569 ], [ 7.2938195, 5.7621442 ], [ 7.2940867, 5.7615555 ], [ 7.2946593, 5.7616315 ], [ 7.2953082, 5.7617454 ], [ 7.2958426, 5.7611758 ], [ 7.2963579, 5.7613467 ], [ 7.2966633, 5.7618404 ], [ 7.2965106, 5.7622961 ], [ 7.2960335, 5.7624101 ], [ 7.2959571, 5.7627519 ], [ 7.296377, 5.7629607 ], [ 7.2969417, 5.7628088 ], [ 7.2978578, 5.7619733 ], [ 7.2992774, 5.7603674 ], [ 7.3001681, 5.7592932 ], [ 7.3009914, 5.7591455 ], [ 7.3012478, 5.7587964 ], [ 7.3012073, 5.7583936 ], [ 7.3008564, 5.7583264 ], [ 7.3007619, 5.7579773 ], [ 7.3010628, 5.7578262 ], [ 7.3016548, 5.7577341 ], [ 7.3021544, 5.757955 ], [ 7.3021914, 5.7585994 ], [ 7.3026539, 5.7587098 ], [ 7.3030795, 5.75836 ], [ 7.3035475, 5.7579131 ], [ 7.3040101, 5.758134 ], [ 7.3045467, 5.7585206 ], [ 7.3050092, 5.7584286 ], [ 7.3051572, 5.7579315 ], [ 7.3046762, 5.7573425 ], [ 7.3042506, 5.7569007 ], [ 7.3044357, 5.7564773 ], [ 7.3052312, 5.7566061 ], [ 7.3058603, 5.7570847 ], [ 7.3063229, 5.7569559 ], [ 7.3063229, 5.7566429 ], [ 7.3060638, 5.7562563 ], [ 7.3063969, 5.7558329 ], [ 7.3067854, 5.7559066 ], [ 7.3072665, 5.75633 ], [ 7.3076365, 5.7568638 ], [ 7.3080991, 5.756827 ], [ 7.3085246, 5.7565141 ], [ 7.3087096, 5.7560354 ], [ 7.3082286, 5.7556673 ], [ 7.3079881, 5.7552991 ], [ 7.3081546, 5.755023 ], [ 7.3087096, 5.7551518 ], [ 7.3089502, 5.7548573 ], [ 7.3087981, 5.7544336 ], [ 7.308547, 5.7540053 ], [ 7.3086725, 5.7535057 ], [ 7.3091389, 5.7535057 ], [ 7.3094258, 5.7532737 ], [ 7.3093182, 5.7527561 ], [ 7.3089236, 5.7524706 ], [ 7.3085649, 5.7529881 ], [ 7.3080986, 5.7530952 ], [ 7.3079013, 5.7527918 ], [ 7.3078474, 5.7524171 ], [ 7.308242, 5.7520423 ], [ 7.3083138, 5.7516318 ], [ 7.3078654, 5.7513998 ], [ 7.3074887, 5.7516675 ], [ 7.3071838, 5.7514712 ], [ 7.3071659, 5.7510429 ], [ 7.307704, 5.7506682 ], [ 7.3083138, 5.7504897 ], [ 7.3083497, 5.7500079 ], [ 7.3078654, 5.7497937 ], [ 7.3077757, 5.7494725 ], [ 7.3073811, 5.7493297 ], [ 7.3069148, 5.7501149 ], [ 7.3065202, 5.750454 ], [ 7.3063229, 5.7501863 ], [ 7.3065381, 5.7493832 ], [ 7.3065381, 5.7490263 ], [ 7.3064646, 5.7483627 ], [ 7.306008, 5.7479337 ], [ 7.3061602, 5.7476561 ], [ 7.306566, 5.7475804 ], [ 7.3070226, 5.7470756 ], [ 7.3079104, 5.7460661 ], [ 7.308367, 5.7453089 ], [ 7.3088743, 5.7452584 ], [ 7.3091533, 5.7448546 ], [ 7.3089758, 5.7444508 ], [ 7.3085445, 5.744148 ], [ 7.3087221, 5.7438703 ], [ 7.3093309, 5.7437441 ], [ 7.3099904, 5.7435675 ], [ 7.3101933, 5.7439713 ], [ 7.3099396, 5.744577 ], [ 7.3101679, 5.7450818 ], [ 7.3107513, 5.7451323 ], [ 7.3111318, 5.7445265 ], [ 7.3117152, 5.7451323 ], [ 7.3124762, 5.7447284 ], [ 7.3127174, 5.744041 ], [ 7.3133321, 5.743992 ], [ 7.3137501, 5.7435027 ], [ 7.3142174, 5.7436984 ], [ 7.3147583, 5.743992 ], [ 7.3150042, 5.7436495 ], [ 7.314537, 5.7429889 ], [ 7.3145124, 5.7420592 ], [ 7.3149551, 5.7416922 ], [ 7.3150042, 5.7406646 ], [ 7.3155452, 5.7402486 ], [ 7.3152747, 5.739637 ], [ 7.3145616, 5.7397838 ], [ 7.3139714, 5.7402731 ], [ 7.3132829, 5.7400284 ], [ 7.3131125, 5.7393063 ], [ 7.3131647, 5.7388565 ], [ 7.313356, 5.738078 ], [ 7.3137385, 5.7376108 ], [ 7.313895, 5.7370226 ], [ 7.314382, 5.736934 ], [ 7.3146174, 5.7370467 ], [ 7.3148707, 5.7372038 ], [ 7.3153654, 5.7372186 ], [ 7.3158421, 5.7371415 ], [ 7.3160805, 5.7369844 ], [ 7.3162653, 5.7366672 ], [ 7.3163785, 5.7362817 ], [ 7.3163427, 5.7358281 ], [ 7.3163517, 5.7356146 ], [ 7.3164053, 5.7354753 ], [ 7.3166199, 5.7353804 ], [ 7.3170966, 5.7353478 ], [ 7.3174065, 5.7352915 ], [ 7.3177581, 5.7349624 ], [ 7.3178296, 5.7346659 ], [ 7.3179339, 5.7344761 ], [ 7.3181127, 5.734405 ], [ 7.3182379, 5.734485 ], [ 7.3184703, 5.7346896 ], [ 7.3188487, 5.7348438 ], [ 7.3191944, 5.7350009 ], [ 7.3194596, 5.7349861 ], [ 7.3196384, 5.7348823 ], [ 7.3197486, 5.7346629 ], [ 7.3197754, 5.7344287 ], [ 7.319686, 5.7341085 ], [ 7.3196801, 5.7338861 ], [ 7.3197933, 5.7337408 ], [ 7.3200168, 5.7337408 ], [ 7.3204131, 5.7338802 ], [ 7.3207826, 5.7338772 ], [ 7.3209942, 5.7337023 ], [ 7.3210836, 5.7335452 ], [ 7.3211383, 5.7332894 ], [ 7.3211636, 5.7329875 ], [ 7.3213309, 5.7327185 ], [ 7.3217946, 5.7325498 ], [ 7.3222174, 5.7324218 ], [ 7.3223788, 5.7322917 ], [ 7.3224339, 5.732123 ], [ 7.3223665, 5.7319787 ], [ 7.3222276, 5.7319157 ], [ 7.3220356, 5.7319116 ], [ 7.3217354, 5.7317877 ], [ 7.3216067, 5.7316312 ], [ 7.321621, 5.7314442 ], [ 7.3217354, 5.7312999 ], [ 7.3219703, 5.731241 ], [ 7.3221112, 5.7311515 ], [ 7.3222828, 5.7309706 ], [ 7.3224748, 5.730741 ], [ 7.322632, 5.7306251 ], [ 7.3228669, 5.7305337 ], [ 7.323061, 5.7305723 ], [ 7.3232285, 5.7306881 ], [ 7.3233653, 5.7308365 ], [ 7.3234511, 5.7310113 ], [ 7.3234307, 5.7312592 ], [ 7.3233613, 5.7314198 ], [ 7.323206, 5.7315275 ], [ 7.3230998, 5.7316881 ], [ 7.3230344, 5.7320153 ], [ 7.3230161, 5.7323527 ], [ 7.3230365, 5.7325539 ], [ 7.3231611, 5.7326433 ], [ 7.3233367, 5.7326839 ], [ 7.323539, 5.73269 ], [ 7.3236697, 5.7326392 ], [ 7.3237248, 5.7325031 ], [ 7.3238045, 5.7322714 ], [ 7.3238188, 5.7319706 ], [ 7.3238086, 5.7315986 ], [ 7.3237583, 5.7311734 ], [ 7.323788, 5.7308759 ], [ 7.323881, 5.7305784 ], [ 7.3238929, 5.7302848 ], [ 7.323879, 5.7297114 ], [ 7.3239147, 5.7294987 ], [ 7.3240256, 5.7293391 ], [ 7.3241563, 5.7292642 ], [ 7.324285, 5.7292327 ], [ 7.3244295, 5.7292681 ], [ 7.3245662, 5.7293863 ], [ 7.3246394, 5.7295223 ], [ 7.3246038, 5.7296642 ], [ 7.3245622, 5.7297745 ], [ 7.3245662, 5.7298789 ], [ 7.3246157, 5.7299774 ], [ 7.3247464, 5.7300109 ], [ 7.324877, 5.7299912 ], [ 7.3249879, 5.7299203 ], [ 7.325081, 5.7297709 ], [ 7.3251958, 5.7293217 ], [ 7.3252236, 5.7289907 ], [ 7.325382, 5.7288015 ], [ 7.3256038, 5.7286557 ], [ 7.3259839, 5.7285651 ], [ 7.3262651, 5.7285178 ], [ 7.3264275, 5.7283247 ], [ 7.3265067, 5.7280134 ], [ 7.326475, 5.7276312 ], [ 7.3263653, 5.7270321 ], [ 7.3262813, 5.7265919 ], [ 7.3262925, 5.725873 ], [ 7.3264998, 5.7254272 ], [ 7.3266398, 5.7252098 ], [ 7.3267966, 5.7251692 ], [ 7.326903, 5.7252862 ], [ 7.3269198, 5.7254395 ], [ 7.3269226, 5.7256345 ], [ 7.327001, 5.72581 ], [ 7.3272307, 5.726111 ], [ 7.3275079, 5.7262001 ], [ 7.3281184, 5.7262419 ], [ 7.3286023, 5.7262349 ], [ 7.3285706, 5.725699 ], [ 7.3280162, 5.7251631 ], [ 7.3280637, 5.7247533 ], [ 7.3285054, 5.7246111 ], [ 7.3287272, 5.7250997 ], [ 7.329044, 5.7254623 ], [ 7.329345, 5.7258878 ], [ 7.3296618, 5.7257775 ], [ 7.3297252, 5.725415 ], [ 7.3292817, 5.7248633 ], [ 7.3294401, 5.7244219 ], [ 7.3297569, 5.7235708 ], [ 7.3300579, 5.7234447 ], [ 7.3304184, 5.7235463 ], [ 7.3307562, 5.7238519 ], [ 7.3309712, 5.7237907 ], [ 7.3310634, 5.7232712 ], [ 7.331048, 5.7226447 ], [ 7.3313091, 5.7223086 ], [ 7.3318926, 5.7222474 ], [ 7.3324762, 5.7225378 ], [ 7.3325069, 5.7229045 ], [ 7.3323687, 5.7232559 ], [ 7.3325991, 5.7236379 ], [ 7.3330444, 5.7238671 ], [ 7.3334437, 5.7237755 ], [ 7.3337047, 5.7235157 ], [ 7.3338737, 5.7230267 ], [ 7.3336433, 5.7225683 ], [ 7.3331212, 5.722278 ], [ 7.3328448, 5.7220182 ], [ 7.3330444, 5.7217279 ], [ 7.3335205, 5.7217126 ], [ 7.3339658, 5.7217585 ], [ 7.3344879, 5.7220029 ], [ 7.3348258, 5.7220182 ], [ 7.3349794, 5.7216973 ], [ 7.334964, 5.7213153 ], [ 7.3348872, 5.7209639 ], [ 7.3351329, 5.7207652 ], [ 7.335394, 5.7209028 ], [ 7.3354861, 5.7212389 ], [ 7.3353326, 5.7215293 ], [ 7.3355322, 5.7217737 ], [ 7.3358547, 5.7218043 ], [ 7.3361311, 5.7215598 ], [ 7.3364536, 5.7211473 ], [ 7.3363922, 5.7207958 ], [ 7.3360543, 5.7205819 ], [ 7.336039, 5.7203221 ], [ 7.3364075, 5.7200929 ], [ 7.3368068, 5.7201235 ], [ 7.3372368, 5.7208416 ], [ 7.3377896, 5.7215598 ], [ 7.3381582, 5.7216973 ], [ 7.3384039, 5.7215293 ], [ 7.3384193, 5.7212084 ], [ 7.33802, 5.7205972 ], [ 7.3372327, 5.7200756 ], [ 7.3370838, 5.7195275 ], [ 7.3374262, 5.7192016 ], [ 7.3380068, 5.719009 ], [ 7.3381706, 5.7185794 ], [ 7.3378282, 5.7184017 ], [ 7.3371136, 5.7183721 ], [ 7.3366819, 5.718061 ], [ 7.3367712, 5.7175721 ], [ 7.3372029, 5.7174833 ], [ 7.3381408, 5.7177203 ], [ 7.3386172, 5.718135 ], [ 7.3390192, 5.7179869 ], [ 7.3391234, 5.7175573 ], [ 7.3392127, 5.7170389 ], [ 7.3396593, 5.7169796 ], [ 7.3399571, 5.7172907 ], [ 7.3402399, 5.7172166 ], [ 7.3405377, 5.7168611 ], [ 7.340808, 5.7161048 ], [ 7.3411183, 5.7160617 ], [ 7.3414827, 5.7160223 ], [ 7.3419878, 5.7159146 ], [ 7.342446, 5.715814 ], [ 7.3426986, 5.7157027 ], [ 7.342998, 5.7153473 ], [ 7.3432304, 5.7152963 ], [ 7.3437815, 5.7154182 ], [ 7.3445163, 5.7157837 ], [ 7.3452102, 5.7164945 ], [ 7.3455367, 5.7174084 ], [ 7.3460028, 5.7181699 ], [ 7.3467274, 5.7185203 ], [ 7.3477632, 5.7187538 ], [ 7.3482975, 5.7188007 ], [ 7.3486871, 5.7189299 ], [ 7.348817, 5.7192028 ], [ 7.3486727, 5.7195474 ], [ 7.3487449, 5.7197915 ], [ 7.3490335, 5.7199351 ], [ 7.3492933, 5.7197772 ], [ 7.3496108, 5.7194612 ], [ 7.3499427, 5.7193176 ], [ 7.3502602, 5.7192889 ], [ 7.3505633, 5.7192171 ], [ 7.3507076, 5.7189874 ], [ 7.3505777, 5.7186284 ], [ 7.3500293, 5.7180109 ], [ 7.3498273, 5.7172785 ], [ 7.3497516, 5.7163315 ], [ 7.3495698, 5.7157886 ], [ 7.349164, 5.715371 ], [ 7.3485764, 5.7153431 ], [ 7.3482966, 5.7149812 ], [ 7.3483945, 5.7145357 ], [ 7.3487723, 5.7141599 ], [ 7.349234, 5.7141877 ], [ 7.3497516, 5.7143547 ], [ 7.3502133, 5.7142295 ], [ 7.350745, 5.7141042 ], [ 7.3510807, 5.7142851 ], [ 7.3514305, 5.7146471 ], [ 7.3514025, 5.7151761 ], [ 7.3510388, 5.715538 ], [ 7.3505351, 5.7158861 ], [ 7.3505491, 5.716067 ], [ 7.3508149, 5.7162759 ], [ 7.3511647, 5.7162341 ], [ 7.3515424, 5.7158443 ], [ 7.3518362, 5.7152457 ], [ 7.3520461, 5.7145775 ], [ 7.352158, 5.7139232 ], [ 7.3522979, 5.7135891 ], [ 7.3525078, 5.7135612 ], [ 7.3526197, 5.7139232 ], [ 7.3526757, 5.7143269 ], [ 7.3529555, 5.7143965 ], [ 7.3532353, 5.7142434 ], [ 7.3534032, 5.7136169 ], [ 7.3532773, 5.7128652 ], [ 7.3534592, 5.7124336 ], [ 7.3539069, 5.7122805 ], [ 7.354287, 5.7119942 ], [ 7.3543925, 5.7117222 ], [ 7.3544884, 5.7114407 ], [ 7.3544213, 5.7111496 ], [ 7.3542391, 5.7109111 ], [ 7.3540185, 5.7107584 ], [ 7.3536876, 5.7106486 ], [ 7.3535246, 5.7105246 ], [ 7.3534335, 5.7103528 ], [ 7.3534239, 5.7101667 ], [ 7.3534958, 5.7100093 ], [ 7.3536109, 5.7099091 ], [ 7.3537835, 5.7099091 ], [ 7.3540808, 5.7100904 ], [ 7.3542631, 5.7101858 ], [ 7.3544117, 5.7101906 ], [ 7.3545268, 5.7100522 ], [ 7.3545796, 5.7098136 ], [ 7.3544836, 5.7095798 ], [ 7.3542487, 5.7093079 ], [ 7.3541672, 5.7091409 ], [ 7.3541911, 5.7089929 ], [ 7.3543254, 5.7089118 ], [ 7.3545748, 5.7088975 ], [ 7.3548193, 5.7089977 ], [ 7.3551933, 5.7091933 ], [ 7.355553, 5.7092315 ], [ 7.3559174, 5.7091838 ], [ 7.3562003, 5.7091695 ], [ 7.3567422, 5.7093747 ], [ 7.3572792, 5.7097087 ], [ 7.3576389, 5.7099568 ], [ 7.3582239, 5.7099902 ], [ 7.3586247, 5.7097793 ], [ 7.3588552, 5.7094284 ], [ 7.3591536, 5.7091585 ], [ 7.3594791, 5.7091585 ], [ 7.3597368, 5.7092665 ], [ 7.3597368, 5.7095229 ], [ 7.3597639, 5.7097658 ], [ 7.3599267, 5.7099952 ], [ 7.3603471, 5.7100087 ], [ 7.3606591, 5.7097928 ], [ 7.3610214, 5.7090766 ], [ 7.36112, 5.7087201 ], [ 7.361235, 5.7084454 ], [ 7.3613731, 5.7083015 ], [ 7.3615506, 5.7082753 ], [ 7.3617412, 5.7083375 ], [ 7.3618924, 5.7085206 ], [ 7.3619187, 5.7087627 ], [ 7.3618234, 5.7089981 ], [ 7.3616689, 5.7092925 ], [ 7.3616591, 5.7094364 ], [ 7.3617215, 5.7095378 ], [ 7.3618201, 5.709564 ], [ 7.3619779, 5.7095051 ], [ 7.3621094, 5.7093677 ], [ 7.3623046, 5.7092569 ], [ 7.362472, 5.7091783 ], [ 7.3626114, 5.7090164 ], [ 7.362895, 5.7084983 ], [ 7.3631739, 5.7080265 ], [ 7.3632762, 5.7076472 ], [ 7.3632297, 5.7073928 ], [ 7.3630437, 5.7072078 ], [ 7.3628578, 5.7071477 ], [ 7.3627183, 5.7072356 ], [ 7.3626393, 5.7074345 ], [ 7.3624999, 5.7075316 ], [ 7.362286, 5.7074853 ], [ 7.362128, 5.7073327 ], [ 7.3620815, 5.7071569 ], [ 7.3621698, 5.7069071 ], [ 7.3623139, 5.7067129 ], [ 7.3628206, 5.7065186 ], [ 7.3632297, 5.7064307 ], [ 7.3634947, 5.7064538 ], [ 7.363755, 5.7065649 ], [ 7.3638665, 5.7067684 ], [ 7.3638805, 5.7070505 ], [ 7.3639363, 5.7077027 ], [ 7.3639967, 5.7081283 ], [ 7.3644005, 5.7086286 ], [ 7.3649395, 5.7089688 ], [ 7.3653077, 5.7089033 ], [ 7.3655575, 5.7086548 ], [ 7.3658205, 5.7086155 ], [ 7.3660966, 5.7087464 ], [ 7.3662412, 5.7090996 ], [ 7.3659914, 5.7093089 ], [ 7.3656627, 5.7096229 ], [ 7.3657021, 5.7099238 ], [ 7.3659388, 5.7101986 ], [ 7.3662806, 5.7102901 ], [ 7.3665962, 5.7102116 ], [ 7.3666882, 5.7098977 ], [ 7.366754, 5.7094397 ], [ 7.3669118, 5.7092697 ], [ 7.3672273, 5.7091781 ], [ 7.3672668, 5.7088641 ], [ 7.3669906, 5.7085632 ], [ 7.366513, 5.7083552 ], [ 7.366282, 5.708276 ], [ 7.366051, 5.7081777 ], [ 7.3659856, 5.7080778 ], [ 7.3659538, 5.7079208 ], [ 7.3659904, 5.7077813 ], [ 7.3661099, 5.7076386 ], [ 7.3662931, 5.7075594 ], [ 7.3664764, 5.7075467 ], [ 7.3667138, 5.7075784 ], [ 7.366959, 5.7076376 ], [ 7.3672834, 5.7077175 ], [ 7.3675491, 5.7077391 ], [ 7.3678209, 5.7076438 ], [ 7.3680186, 5.7075393 ], [ 7.3681731, 5.7073333 ], [ 7.3682595, 5.7070536 ], [ 7.368346, 5.7068231 ], [ 7.3683152, 5.7066171 ], [ 7.3682101, 5.7064358 ], [ 7.368068, 5.7063436 ], [ 7.3679352, 5.7063067 ], [ 7.367858, 5.7062391 ], [ 7.3678302, 5.7061376 ], [ 7.3678518, 5.70603 ], [ 7.3679568, 5.705944 ], [ 7.3682101, 5.7057657 ], [ 7.3684912, 5.705572 ], [ 7.3686828, 5.7055136 ], [ 7.3688774, 5.7055106 ], [ 7.3690318, 5.7055966 ], [ 7.3691492, 5.7057042 ], [ 7.3691801, 5.7058456 ], [ 7.3691091, 5.7060208 ], [ 7.36897, 5.7063374 ], [ 7.3688959, 5.7066264 ], [ 7.3688372, 5.7070044 ], [ 7.3688094, 5.7072903 ], [ 7.3687816, 5.7075423 ], [ 7.3687569, 5.7077913 ], [ 7.3686951, 5.7081571 ], [ 7.3687816, 5.70836 ], [ 7.3689515, 5.7084768 ], [ 7.3692419, 5.7085229 ], [ 7.3694272, 5.7084952 ], [ 7.3695755, 5.7083999 ], [ 7.3698134, 5.7082954 ], [ 7.3701099, 5.7082985 ], [ 7.3703509, 5.708277 ], [ 7.3704961, 5.7081663 ], [ 7.3704961, 5.7080188 ], [ 7.3703416, 5.7078651 ], [ 7.3700821, 5.7077606 ], [ 7.3697578, 5.7075669 ], [ 7.3695662, 5.7074194 ], [ 7.3695415, 5.7072503 ], [ 7.369594, 5.7071397 ], [ 7.3697856, 5.7071366 ], [ 7.370147, 5.7072442 ], [ 7.3704466, 5.707318 ], [ 7.3707277, 5.7072503 ], [ 7.3709131, 5.7072596 ], [ 7.3711355, 5.707404 ], [ 7.3712745, 5.7075823 ], [ 7.3712776, 5.707736 ], [ 7.3713147, 5.7079081 ], [ 7.3714537, 5.707985 ], [ 7.3716359, 5.7079696 ], [ 7.3719634, 5.7076991 ], [ 7.3723557, 5.7073026 ], [ 7.3727604, 5.7069952 ], [ 7.3729828, 5.7068569 ], [ 7.3732176, 5.7068077 ], [ 7.373372, 5.7068507 ], [ 7.3734029, 5.7070382 ], [ 7.3734678, 5.7071919 ], [ 7.3736686, 5.707321 ], [ 7.3739528, 5.7073241 ], [ 7.3740825, 5.7072257 ], [ 7.3740887, 5.7070382 ], [ 7.3741134, 5.7068384 ], [ 7.3742184, 5.7066848 ], [ 7.3743821, 5.7065772 ], [ 7.3745428, 5.7065495 ], [ 7.3748146, 5.7065925 ], [ 7.3750309, 5.7067216 ], [ 7.3750525, 5.7069491 ], [ 7.3749413, 5.7071581 ], [ 7.3746633, 5.7075485 ], [ 7.3746787, 5.7077759 ], [ 7.3747714, 5.707819 ], [ 7.3749258, 5.7077575 ], [ 7.375105, 5.7076253 ], [ 7.3753058, 5.7074255 ], [ 7.3754911, 5.7072196 ], [ 7.3756765, 5.7068815 ], [ 7.3757321, 5.7064573 ], [ 7.3758, 5.7060638 ], [ 7.3758464, 5.7057442 ], [ 7.3756987, 5.7053694 ], [ 7.375192, 5.7046739 ], [ 7.374493, 5.7039784 ], [ 7.3740561, 5.7034567 ], [ 7.3740911, 5.7029872 ], [ 7.3744056, 5.702796 ], [ 7.3748599, 5.7029177 ], [ 7.3752619, 5.7032307 ], [ 7.3758036, 5.7040131 ], [ 7.376031, 5.7046757 ], [ 7.3762841, 5.7050011 ] ] } },
{ "type": "Feature", "properties": { "name": null, "waterway": "stream" }, "geometry": { "type": "LineString", "coordinates": [ [ 7.2251639, 5.8535893 ], [ 7.2253231, 5.8533429 ], [ 7.2254764, 5.8531043 ], [ 7.2255676, 5.8530487 ], [ 7.225736, 5.852983 ], [ 7.225964, 5.852987 ], [ 7.2265146, 5.852987 ], [ 7.2270926, 5.8528696 ], [ 7.2274584, 5.8526544 ], [ 7.2278909, 5.8523297 ], [ 7.2285276, 5.8519379 ], [ 7.2287017, 5.8518768 ], [ 7.2289168, 5.8518768 ], [ 7.2292411, 5.8519549 ], [ 7.2294357, 5.8519481 ], [ 7.2297157, 5.8519006 ], [ 7.2300656, 5.8517775 ], [ 7.2302559, 5.8516874 ], [ 7.2306545, 5.8514125 ], [ 7.2307089, 5.8512999 ], [ 7.2307904, 5.8510926 ], [ 7.2308085, 5.8508583 ], [ 7.2307904, 5.8505969 ], [ 7.2308312, 5.8502589 ], [ 7.2310723, 5.8495462 ], [ 7.2312112, 5.8492851 ], [ 7.2313632, 5.8491166 ], [ 7.2319032, 5.8487172 ], [ 7.2322355, 5.8485243 ], [ 7.2328174, 5.8484222 ], [ 7.2334788, 5.8481572 ], [ 7.2340851, 5.8478008 ], [ 7.2350825, 5.8468997 ], [ 7.2355464, 5.8462248 ], [ 7.2357194, 5.8453983 ], [ 7.2356433, 5.8450195 ], [ 7.2354771, 5.8446545 ], [ 7.2352625, 5.8443239 ], [ 7.2350479, 5.844014 ], [ 7.2349856, 5.8437661 ], [ 7.2351033, 5.8434217 ], [ 7.2353456, 5.8431669 ], [ 7.2357507, 5.8429304 ], [ 7.2359125, 5.8427175 ], [ 7.235949, 5.8425255 ], [ 7.2359177, 5.8420999 ], [ 7.2358081, 5.8417106 ], [ 7.2357507, 5.8412849 ], [ 7.2358655, 5.8411188 ], [ 7.236116, 5.8409735 ], [ 7.2366743, 5.8408593 ], [ 7.2370395, 5.8408541 ], [ 7.2373317, 5.8408801 ], [ 7.2374882, 5.8408645 ], [ 7.2375821, 5.840797 ], [ 7.2377215, 5.8406438 ] ] } },
{ "type": "Feature", "properties": { "name": "Imo River", "waterway": "stream" }, "geometry": { "type": "LineString", "coordinates": [ [ 7.2567643, 5.8663744 ], [ 7.256762, 5.8662598 ] ] } },
{ "type": "Feature", "properties": { "name": "Njaba River", "waterway": "river" }, "geometry": { "type": "LineString", "coordinates": [ [ 7.0587695, 5.7278522 ], [ 7.0570743, 5.728055 ], [ 7.0565057, 5.7283753 ], [ 7.0562053, 5.7287809 ], [ 7.0557654, 5.7285247 ], [ 7.0551538, 5.7281191 ], [ 7.0547676, 5.728023 ], [ 7.0543706, 5.7281618 ], [ 7.0536464, 5.7283646 ], [ 7.0530054, 5.728458 ], [ 7.0522383, 5.7284927 ], [ 7.051624, 5.7286315 ], [ 7.0510018, 5.7286848 ], [ 7.0505834, 5.7282899 ], [ 7.0502293, 5.7282045 ], [ 7.0496285, 5.7284393 ], [ 7.0490813, 5.7285567 ], [ 7.0488989, 5.7288877 ], [ 7.0484161, 5.7289944 ], [ 7.048223, 5.7292079 ], [ 7.0481694, 5.7295816 ], [ 7.0476437, 5.7296883 ], [ 7.046721, 5.7297203 ], [ 7.0461953, 5.7298164 ], [ 7.0450365, 5.729763 ], [ 7.0448112, 5.7296456 ], [ 7.0445645, 5.7295495 ], [ 7.0442104, 5.7295922 ], [ 7.0438456, 5.7298912 ], [ 7.0434701, 5.7298484 ], [ 7.0431483, 5.7300193 ], [ 7.0429337, 5.7302861 ], [ 7.0419466, 5.730521 ], [ 7.041142, 5.7305423 ], [ 7.0404661, 5.7308092 ], [ 7.0399189, 5.7311935 ], [ 7.0392752, 5.73098 ], [ 7.0381379, 5.7314284 ], [ 7.0373654, 5.7316526 ], [ 7.0353806, 5.7316953 ], [ 7.0339751, 5.7310868 ], [ 7.0328915, 5.7302114 ], [ 7.0324704, 5.7294268 ] ] } },
{ "type": "Feature", "properties": { "name": null, "waterway": "river" }, "geometry": { "type": "LineString", "coordinates": [ [ 7.1287266, 5.7410132 ], [ 7.1286705, 5.740918 ] ] } },
{ "type": "Feature", "properties": { "name": null, "waterway": "river" }, "geometry": { "type": "LineString", "coordinates": [ [ 7.1364355, 5.7443132 ], [ 7.1329164, 5.7458504 ], [ 7.1311569, 5.7459358 ], [ 7.1286678, 5.7428187 ], [ 7.1288764, 5.7412674 ], [ 7.1287266, 5.7410132 ] ] } },
{ "type": "Feature", "properties": { "name": null, "waterway": "stream" }, "geometry": { "type": "LineString", "coordinates": [ [ 7.1523565, 5.7694454 ], [ 7.1516133, 5.7695017 ], [ 7.1509125, 5.7694383 ], [ 7.1506152, 5.7692623 ], [ 7.150318, 5.7688961 ], [ 7.1503109, 5.7681918 ], [ 7.150233, 5.7679171 ], [ 7.1498508, 5.7676495 ], [ 7.149511, 5.7676495 ], [ 7.1492208, 5.7677904 ], [ 7.1487465, 5.7679805 ], [ 7.1483218, 5.7680862 ], [ 7.1480033, 5.7680721 ], [ 7.1472389, 5.7681355 ], [ 7.1467858, 5.7682341 ], [ 7.1458586, 5.7686989 ], [ 7.1454197, 5.7688115 ], [ 7.145087, 5.7688397 ], [ 7.1446552, 5.7686848 ], [ 7.1444783, 5.7684946 ], [ 7.1442872, 5.7683045 ], [ 7.1438554, 5.7682693 ], [ 7.1435369, 5.7684946 ], [ 7.1429706, 5.7687341 ], [ 7.1420433, 5.7689383 ], [ 7.1415337, 5.7691073 ], [ 7.1406064, 5.7697412 ], [ 7.1401675, 5.7699595 ], [ 7.1400118, 5.7701989 ], [ 7.1400118, 5.7706074 ], [ 7.139849, 5.7708398 ], [ 7.1396367, 5.7709736 ], [ 7.1393394, 5.7709736 ], [ 7.1390421, 5.7710018 ], [ 7.1385183, 5.7714947 ], [ 7.1383555, 5.7717905 ], [ 7.138221, 5.7721638 ], [ 7.1380157, 5.7723539 ], [ 7.1376406, 5.772537 ], [ 7.1372796, 5.7725863 ], [ 7.1371168, 5.7725793 ], [ 7.1364372, 5.7727061 ], [ 7.1359488, 5.7729244 ], [ 7.135517, 5.7729385 ], [ 7.1350215, 5.7728399 ], [ 7.1347101, 5.7726638 ], [ 7.1339598, 5.77253 ], [ 7.1335634, 5.7727272 ], [ 7.1333864, 5.7730159 ], [ 7.1333581, 5.7733047 ], [ 7.133259, 5.77353 ], [ 7.1326417, 5.7739929 ], [ 7.1322555, 5.774201 ], [ 7.131861, 5.7743509 ], [ 7.1317115, 5.7743973 ], [ 7.1315761, 5.7745135 ], [ 7.1313566, 5.7748527 ], [ 7.1311698, 5.7750246 ], [ 7.1309176, 5.7751036 ], [ 7.1307635, 5.7751036 ], [ 7.130558, 5.7750153 ], [ 7.1303526, 5.7749781 ], [ 7.1301284, 5.7751129 ], [ 7.1300537, 5.775243 ], [ 7.1300584, 5.7754939 ], [ 7.1300117, 5.7756611 ], [ 7.1299323, 5.7757866 ], [ 7.1295773, 5.7760235 ], [ 7.1293438, 5.7764557 ], [ 7.1293438, 5.776674 ], [ 7.1294139, 5.7769156 ], [ 7.1295166, 5.7771108 ], [ 7.1295447, 5.7772966 ], [ 7.1294092, 5.7775429 ], [ 7.1289858, 5.7779665 ], [ 7.1286885, 5.7780369 ], [ 7.1284691, 5.7780439 ], [ 7.1282143, 5.7781637 ], [ 7.128009, 5.7785158 ], [ 7.1276268, 5.7787693 ], [ 7.1273295, 5.7787834 ], [ 7.1269402, 5.7786989 ], [ 7.1259775, 5.7786285 ], [ 7.1255811, 5.7786285 ], [ 7.1251776, 5.7788116 ], [ 7.1249794, 5.7790088 ], [ 7.1247459, 5.7790721 ], [ 7.1245335, 5.7789806 ], [ 7.1242574, 5.7788609 ], [ 7.1241017, 5.7788538 ], [ 7.1239389, 5.778889 ], [ 7.1238115, 5.7790088 ], [ 7.1237266, 5.7793186 ], [ 7.1235921, 5.7795581 ], [ 7.1233373, 5.7797482 ], [ 7.1230329, 5.7798398 ], [ 7.1227922, 5.7800581 ], [ 7.1227073, 5.7803257 ], [ 7.1227568, 5.7805792 ], [ 7.1230046, 5.780882 ], [ 7.1232311, 5.7812835 ], [ 7.1233302, 5.7817201 ], [ 7.1233019, 5.7819666 ], [ 7.1227568, 5.7822623 ], [ 7.122325, 5.7823609 ], [ 7.1220773, 5.7823116 ], [ 7.1217729, 5.7823398 ], [ 7.1214402, 5.7825933 ], [ 7.1210085, 5.7828116 ], [ 7.1207961, 5.7828539 ], [ 7.1204705, 5.7827271 ], [ 7.1202794, 5.782699 ], [ 7.1200175, 5.7827694 ], [ 7.1196777, 5.7830229 ], [ 7.1193663, 5.7831145 ], [ 7.1190761, 5.7829807 ], [ 7.1187646, 5.7826004 ], [ 7.1186655, 5.7822835 ], [ 7.1186443, 5.7818187 ], [ 7.1184602, 5.7811989 ], [ 7.118078, 5.7804595 ], [ 7.1179577, 5.7801848 ], [ 7.1176462, 5.780051 ], [ 7.1171083, 5.7800158 ], [ 7.1166057, 5.7801426 ], [ 7.1156719, 5.7806037 ], [ 7.1154307, 5.7808116 ], [ 7.1152325, 5.7809313 ], [ 7.1145954, 5.7810299 ], [ 7.1142274, 5.7811919 ], [ 7.1139796, 5.7814102 ], [ 7.1135478, 5.7816426 ], [ 7.1131868, 5.7817623 ], [ 7.1129533, 5.7819032 ], [ 7.1128046, 5.7821849 ], [ 7.1128542, 5.7824947 ], [ 7.1130099, 5.7828046 ], [ 7.1133426, 5.78303 ], [ 7.1137814, 5.7831215 ], [ 7.1139088, 5.7833469 ], [ 7.1139088, 5.7837765 ], [ 7.1136328, 5.7842201 ], [ 7.1130453, 5.7845652 ], [ 7.1125215, 5.7846427 ], [ 7.1120472, 5.784861 ], [ 7.1113889, 5.7851779 ], [ 7.1109005, 5.7852413 ], [ 7.1107023, 5.785206 ], [ 7.1103696, 5.7850511 ], [ 7.1098034, 5.7847413 ], [ 7.1094707, 5.7846356 ], [ 7.10923, 5.7846356 ], [ 7.1091097, 5.7847483 ], [ 7.1090814, 5.7849737 ], [ 7.1091168, 5.7852906 ], [ 7.1090814, 5.7854525 ], [ 7.1087275, 5.7857413 ], [ 7.1083381, 5.7860934 ], [ 7.1081966, 5.7863469 ], [ 7.1082107, 5.7866286 ], [ 7.1085859, 5.7868258 ], [ 7.1089398, 5.7868187 ], [ 7.1093433, 5.7866638 ], [ 7.1099379, 5.7866849 ], [ 7.110674, 5.7874173 ], [ 7.1110562, 5.7880864 ], [ 7.1110421, 5.7883399 ], [ 7.1107023, 5.7886357 ], [ 7.1097397, 5.7889948 ], [ 7.108593, 5.789354 ], [ 7.108324, 5.7894455 ], [ 7.1080055, 5.7896216 ], [ 7.1076161, 5.7897624 ], [ 7.1072268, 5.7897624 ], [ 7.1067597, 5.7898892 ], [ 7.1062925, 5.7901286 ], [ 7.1053144, 5.7905322 ], [ 7.1048523, 5.7905997 ], [ 7.1043901, 5.7904096 ], [ 7.1042114, 5.790428 ], [ 7.1040185, 5.7904814 ], [ 7.1037289, 5.790463 ], [ 7.1035564, 5.7903894 ], [ 7.1033654, 5.7902607 ], [ 7.1031189, 5.7899971 ], [ 7.1028477, 5.7895066 ], [ 7.102552, 5.7892798 ], [ 7.102287, 5.789194 ], [ 7.102059, 5.7892124 ], [ 7.1017262, 5.7893411 ], [ 7.1015352, 5.7896047 ], [ 7.1012887, 5.7896354 ], [ 7.1008574, 5.7895618 ], [ 7.100691, 5.7894882 ], [ 7.1004445, 5.7893104 ], [ 7.0999885, 5.7891327 ], [ 7.0997051, 5.7891204 ], [ 7.0996003, 5.7891265 ], [ 7.0993846, 5.7892982 ], [ 7.0991998, 5.7895618 ], [ 7.0990704, 5.7898315 ], [ 7.0988855, 5.7899112 ], [ 7.0987376, 5.7899051 ], [ 7.0986205, 5.789807 ], [ 7.0985528, 5.7896108 ], [ 7.0986021, 5.7890039 ], [ 7.0984234, 5.7886606 ], [ 7.0982323, 5.7885564 ], [ 7.0980721, 5.788679 ], [ 7.0980721, 5.7888384 ], [ 7.0981214, 5.7891878 ], [ 7.0980968, 5.7893779 ], [ 7.097955, 5.7895986 ], [ 7.0977763, 5.7897396 ], [ 7.0976654, 5.7898867 ], [ 7.0976654, 5.7900155 ], [ 7.0976962, 5.7903159 ], [ 7.0977517, 5.7906469 ], [ 7.0976839, 5.7907695 ], [ 7.0975483, 5.7908308 ], [ 7.0974251, 5.7908125 ], [ 7.097308, 5.7907205 ], [ 7.0972526, 5.7905059 ], [ 7.0971538, 5.790169 ], [ 7.0970837, 5.7898856 ], [ 7.0969523, 5.7897123 ], [ 7.0966446, 5.789585 ], [ 7.0964659, 5.7895789 ], [ 7.0962255, 5.7896524 ], [ 7.0957387, 5.7903391 ], [ 7.0955847, 5.7907192 ], [ 7.0956032, 5.7910196 ], [ 7.0957326, 5.791461 ], [ 7.0953998, 5.7921783 ], [ 7.0948945, 5.7926258 ], [ 7.0944755, 5.7927423 ], [ 7.0941304, 5.7927116 ], [ 7.0938408, 5.7926319 ], [ 7.0936744, 5.7926626 ], [ 7.0934526, 5.7927852 ], [ 7.093163, 5.7934228 ], [ 7.0929103, 5.7935822 ], [ 7.0925961, 5.793576 ], [ 7.0926392, 5.7934902 ], [ 7.092251, 5.7932818 ], [ 7.0920785, 5.7932327 ], [ 7.0919491, 5.7932511 ], [ 7.0916471, 5.7936006 ], [ 7.0914869, 5.7937293 ], [ 7.0912466, 5.793717 ], [ 7.09092, 5.7935025 ], [ 7.0906735, 5.7931101 ], [ 7.0905564, 5.7929385 ], [ 7.0903592, 5.7929078 ], [ 7.0902421, 5.7930917 ], [ 7.0903161, 5.7934718 ], [ 7.0899525, 5.7939868 ], [ 7.0894349, 5.7946734 ], [ 7.0889666, 5.7949248 ], [ 7.0885044, 5.7949983 ], [ 7.0881778, 5.7949064 ], [ 7.0878266, 5.7946489 ], [ 7.0876294, 5.7946182 ], [ 7.0874384, 5.7947409 ], [ 7.0872412, 5.795029 ], [ 7.0869146, 5.7956359 ], [ 7.0864216, 5.7961019 ], [ 7.0861752, 5.7964268 ], [ 7.085522, 5.7967823 ], [ 7.0853001, 5.796862 ], [ 7.0852139, 5.7970398 ], [ 7.0852447, 5.797187 ], [ 7.0854049, 5.7974445 ], [ 7.0854049, 5.7975855 ], [ 7.0852632, 5.7978797 ], [ 7.0848195, 5.7979042 ], [ 7.0843265, 5.7977571 ], [ 7.0840492, 5.7977265 ], [ 7.0839075, 5.7977448 ], [ 7.0837226, 5.7978736 ], [ 7.0836734, 5.7980636 ], [ 7.0838212, 5.798407 ], [ 7.084154, 5.7987135 ], [ 7.0842588, 5.7989219 ], [ 7.0841602, 5.7991242 ], [ 7.0839014, 5.7992284 ], [ 7.083507, 5.7992223 ], [ 7.0829955, 5.7991549 ], [ 7.082359, 5.7990301 ], [ 7.0821498, 5.7990354 ], [ 7.0819888, 5.7991635 ], [ 7.0817635, 5.7992969 ], [ 7.0814685, 5.799329 ], [ 7.0810179, 5.799329 ], [ 7.0804653, 5.7991742 ], [ 7.079768, 5.7989233 ], [ 7.0795105, 5.7988219 ], [ 7.0792959, 5.7988219 ], [ 7.0791725, 5.7988486 ], [ 7.0789794, 5.7990461 ], [ 7.0788882, 5.7992329 ], [ 7.0789472, 5.799457 ], [ 7.0791028, 5.7996438 ], [ 7.0792262, 5.8000228 ], [ 7.0792262, 5.8002042 ], [ 7.0791618, 5.8003857 ], [ 7.0789526, 5.8004924 ], [ 7.0787916, 5.8004657 ], [ 7.07862, 5.8003483 ], [ 7.0784698, 5.8001135 ], [ 7.0783035, 5.7999961 ], [ 7.0780138, 5.8000067 ], [ 7.0778421, 5.8000815 ], [ 7.077649, 5.8003323 ], [ 7.0775632, 5.8005938 ], [ 7.0774769, 5.8010825 ], [ 7.0773968, 5.8014166 ], [ 7.0774443, 5.8015688 ], [ 7.0775564, 5.8017686 ], [ 7.0775704, 5.8019405 ], [ 7.077519, 5.8020613 ], [ 7.0774023, 5.8021402 ], [ 7.0771174, 5.8022982 ], [ 7.0769119, 5.8025863 ], [ 7.0768512, 5.8028836 ], [ 7.0769072, 5.8030741 ], [ 7.0772808, 5.8036409 ], [ 7.0774209, 5.8040405 ], [ 7.0775937, 5.8048582 ], [ 7.0775237, 5.8053135 ], [ 7.0773416, 5.8058013 ], [ 7.0770894, 5.8058246 ], [ 7.0769026, 5.8058246 ], [ 7.076613, 5.8059732 ], [ 7.0763095, 5.8062706 ], [ 7.0762628, 5.8065772 ], [ 7.0762628, 5.8068653 ], [ 7.0761741, 5.8072091 ], [ 7.0758238, 5.8077202 ], [ 7.0755763, 5.8078177 ], [ 7.0753288, 5.8077527 ], [ 7.0750159, 5.8077109 ], [ 7.0746656, 5.8078084 ], [ 7.0744602, 5.8080314 ], [ 7.0743033, 5.8082657 ], [ 7.073811, 5.8087237 ], [ 7.0734094, 5.8090071 ], [ 7.0731619, 5.8092626 ], [ 7.0730498, 5.8094671 ], [ 7.0728162, 5.8098956 ] ] } },
{ "type": "Feature", "properties": { "name": null, "waterway": "river" }, "geometry": { "type": "LineString", "coordinates": [ [ 7.0728162, 5.8098956 ], [ 7.0727091, 5.810043 ], [ 7.0726366, 5.8101213 ], [ 7.0725077, 5.8101912 ], [ 7.0723106, 5.8102433 ], [ 7.0721886, 5.810302 ], [ 7.0721336, 5.810386 ], [ 7.0721027, 5.8105141 ], [ 7.0721336, 5.8105835 ], [ 7.0722221, 5.8106329 ], [ 7.0722757, 5.8106729 ], [ 7.0723106, 5.8108517 ], [ 7.0723441, 5.8109077 ], [ 7.072446, 5.8109864 ], [ 7.0726016, 5.8109891 ], [ 7.0728068, 5.8110545 ], [ 7.0728779, 5.8110264 ], [ 7.072957, 5.8109571 ], [ 7.0730764, 5.8110051 ], [ 7.0731045, 5.8110851 ], [ 7.073085, 5.8112978 ], [ 7.0731059, 5.8114307 ], [ 7.0730578, 5.8114828 ], [ 7.0729114, 5.8115254 ], [ 7.0727789, 5.8116811 ], [ 7.0727532, 5.8117563 ], [ 7.0727599, 5.811843 ], [ 7.072844, 5.8119528 ], [ 7.0729423, 5.8120938 ], [ 7.0730161, 5.8122015 ], [ 7.0730992, 5.8122579 ], [ 7.0733991, 5.8123443 ], [ 7.0735008, 5.8124841 ], [ 7.0736458, 5.8127737 ], [ 7.0738202, 5.8130834 ], [ 7.0738805, 5.8134339 ], [ 7.0738167, 5.8138616 ], [ 7.0735108, 5.8142259 ], [ 7.0732105, 5.8147956 ], [ 7.0731169, 5.815437 ], [ 7.0729901, 5.8158076 ], [ 7.0727744, 5.8159932 ], [ 7.0718305, 5.8162259 ], [ 7.0711425, 5.8167515 ], [ 7.0706463, 5.8175974 ], [ 7.0699663, 5.8182745 ], [ 7.0699261, 5.8184813 ], [ 7.069876, 5.8185979 ], [ 7.0698602, 5.8186311 ], [ 7.0698416, 5.8186554 ], [ 7.0697853, 5.8187235 ], [ 7.0696405, 5.8187928 ], [ 7.0695022, 5.8188708 ] ] } },
{ "type": "Feature", "properties": { "name": null, "waterway": "river" }, "geometry": { "type": "LineString", "coordinates": [ [ 7.0695022, 5.8188708 ], [ 7.0693791, 5.8189591 ] ] } },
{ "type": "Feature", "properties": { "name": null, "waterway": "river" }, "geometry": { "type": "LineString", "coordinates": [ [ 7.0550626, 5.8675369 ], [ 7.0552182, 5.8673207 ], [ 7.0552853, 5.8670326 ], [ 7.0554221, 5.8669579 ], [ 7.055591, 5.8667391 ], [ 7.0557547, 5.8664536 ], [ 7.0560309, 5.8662882 ], [ 7.0561758, 5.8660774 ], [ 7.0561221, 5.8657572 ], [ 7.0561007, 5.8655437 ], [ 7.0564869, 5.8653463 ], [ 7.0567203, 5.8652716 ], [ 7.0567229, 5.8651542 ], [ 7.0568141, 5.8650208 ], [ 7.0571253, 5.864834 ], [ 7.0574042, 5.8647113 ], [ 7.057651, 5.8645458 ], [ 7.0578709, 5.864263 ], [ 7.0581177, 5.8641189 ], [ 7.0583618, 5.8639508 ], [ 7.0585683, 5.8637614 ], [ 7.0587346, 5.8635293 ], [ 7.058858, 5.8633718 ], [ 7.0590235, 5.8631876 ], [ 7.0591934, 5.8629239 ], [ 7.0593504, 5.8628368 ], [ 7.0595203, 5.8627037 ] ] } },
{ "type": "Feature", "properties": { "name": null, "waterway": "river" }, "geometry": { "type": "LineString", "coordinates": [ [ 7.0533996, 5.8681084 ], [ 7.0526223, 5.8681135 ], [ 7.0514227, 5.8682825 ], [ 7.0501665, 5.8683952 ], [ 7.0492141, 5.868641 ], [ 7.0484476, 5.8690436 ] ] } },
{ "type": "Feature", "properties": { "name": null, "waterway": "stream" }, "geometry": { "type": "LineString", "coordinates": [ [ 7.0414666, 5.9129574 ], [ 7.0413709, 5.9129643 ], [ 7.0412086, 5.912962 ], [ 7.041065, 5.9129748 ], [ 7.0409739, 5.9129864 ], [ 7.0408992, 5.913048 ], [ 7.0407918, 5.9131409 ], [ 7.0406727, 5.9131606 ], [ 7.0405244, 5.9131095 ], [ 7.0403797, 5.913048 ], [ 7.0402279, 5.91289 ], [ 7.0401041, 5.9127785 ], [ 7.0400177, 5.9127123 ], [ 7.0399512, 5.9125521 ], [ 7.0398823, 5.9123523 ], [ 7.0398823, 5.912242 ], [ 7.0398228, 5.9121572 ], [ 7.0397737, 5.9120876 ], [ 7.0397515, 5.9119192 ], [ 7.0396943, 5.9116765 ], [ 7.0396698, 5.9115871 ], [ 7.039657, 5.9114163 ], [ 7.0395566, 5.9112689 ], [ 7.0393803, 5.9110738 ], [ 7.0392491, 5.9109803 ], [ 7.0390981, 5.9108546 ], [ 7.0387884, 5.9107566 ], [ 7.0385034, 5.9107121 ], [ 7.0383974, 5.910713 ] ] } },
{ "type": "Feature", "properties": { "name": null, "waterway": "stream" }, "geometry": { "type": "LineString", "coordinates": [ [ 7.0393364, 5.9145365 ], [ 7.039354, 5.9144984 ], [ 7.0393272, 5.9143596 ], [ 7.0393513, 5.9141916 ], [ 7.0394935, 5.9141008 ], [ 7.0395525, 5.9140288 ], [ 7.0395739, 5.913818 ], [ 7.0395785, 5.913649 ], [ 7.0395325, 5.9134553 ], [ 7.0394724, 5.9133374 ], [ 7.0393627, 5.9132987 ], [ 7.039237, 5.9132459 ], [ 7.0391981, 5.9131878 ], [ 7.0391751, 5.9131174 ], [ 7.0391025, 5.9130523 ], [ 7.0389751, 5.9130276 ], [ 7.0389008, 5.9129854 ], [ 7.038876, 5.9128357 ], [ 7.0388866, 5.9126879 ], [ 7.0389309, 5.9126104 ], [ 7.0390158, 5.9125541 ], [ 7.0391008, 5.912526 ], [ 7.0391184, 5.9124098 ] ] } },
{ "type": "Feature", "properties": { "name": "Imo River", "waterway": "stream" }, "geometry": { "type": "LineString", "coordinates": [ [ 7.2693356, 5.8856609 ], [ 7.2692322, 5.8855736 ], [ 7.2691209, 5.8854068 ], [ 7.2688816, 5.8851371 ], [ 7.268762, 5.8849863 ], [ 7.268435, 5.8842962 ], [ 7.2682357, 5.8838202 ], [ 7.2682436, 5.8834474 ], [ 7.2680602, 5.8829397 ], [ 7.2677971, 5.8825827 ], [ 7.2677253, 5.88244 ], [ 7.2675658, 5.8821147 ], [ 7.267502, 5.8816467 ], [ 7.267518, 5.8812025 ], [ 7.2676455, 5.8808058 ], [ 7.2677333, 5.8804647 ], [ 7.2677492, 5.8802109 ], [ 7.2676136, 5.8800284 ], [ 7.2671591, 5.8797587 ], [ 7.266864, 5.8796001 ], [ 7.2664015, 5.8795287 ], [ 7.2658672, 5.8793303 ], [ 7.2657528, 5.8791414 ], [ 7.2656484, 5.8787677 ], [ 7.2654696, 5.8782524 ], [ 7.265374, 5.8780316 ], [ 7.2651896, 5.8778924 ], [ 7.2651145, 5.8777192 ], [ 7.2650872, 5.8775664 ], [ 7.2651282, 5.8774306 ], [ 7.2651487, 5.8773287 ], [ 7.2650838, 5.8772506 ], [ 7.2649643, 5.8771962 ], [ 7.2648892, 5.8770876 ], [ 7.264879, 5.8769891 ], [ 7.2648585, 5.876894 ], [ 7.2647629, 5.8768193 ], [ 7.2645307, 5.8767921 ], [ 7.2644115, 5.87674 ], [ 7.2643172, 5.8765639 ], [ 7.2643172, 5.8763449 ], [ 7.2642501, 5.8762342 ], [ 7.2638878, 5.8761756 ], [ 7.263625, 5.8761756 ], [ 7.2632944, 5.8762522 ], [ 7.2630271, 5.8763108 ], [ 7.2628142, 5.8762837 ], [ 7.2624609, 5.8761621 ], [ 7.2619898, 5.8758422 ], [ 7.2617633, 5.8756259 ], [ 7.2615459, 5.8752384 ], [ 7.2614553, 5.8750942 ], [ 7.2613058, 5.8749815 ], [ 7.2610768, 5.8747192 ], [ 7.2609463, 5.8742884 ], [ 7.2609463, 5.8739406 ], [ 7.2609729, 5.8738224 ], [ 7.2610454, 5.8734995 ], [ 7.2610611, 5.8731361 ], [ 7.2609974, 5.8727173 ], [ 7.260773, 5.872297 ], [ 7.2605089, 5.8719724 ], [ 7.260052, 5.8715729 ], [ 7.2596574, 5.8713319 ], [ 7.2593528, 5.8709462 ], [ 7.2592351, 5.8705537 ], [ 7.2592351, 5.8703195 ], [ 7.2593597, 5.8699339 ], [ 7.2594843, 5.8696377 ], [ 7.2594151, 5.8693416 ], [ 7.2592143, 5.8691419 ], [ 7.258972, 5.8689491 ], [ 7.2581135, 5.8686185 ], [ 7.2578406, 5.8685175 ], [ 7.2575761, 5.868356 ], [ 7.2573237, 5.8682604 ], [ 7.2571133, 5.8682185 ], [ 7.2569691, 5.8681049 ], [ 7.2568849, 5.8679614 ], [ 7.2568789, 5.8676864 ], [ 7.2568789, 5.867256 ], [ 7.2567654, 5.8664303 ], [ 7.2567643, 5.8663744 ] ] } },
{ "type": "Feature", "properties": { "name": null, "waterway": "stream" }, "geometry": { "type": "LineString", "coordinates": [ [ 7.1364409, 5.8898315 ], [ 7.1368915, 5.8897728 ], [ 7.1372402, 5.8900183 ], [ 7.1376693, 5.8902638 ], [ 7.1381146, 5.8902051 ], [ 7.138474, 5.8899969 ], [ 7.1388978, 5.8898849 ], [ 7.1393055, 5.8900183 ], [ 7.139681, 5.8899436 ], [ 7.1402013, 5.8900717 ] ] } },
{ "type": "Feature", "properties": { "name": null, "waterway": "stream" }, "geometry": { "type": "LineString", "coordinates": [ [ 7.0392897, 5.9146372 ], [ 7.0393364, 5.9145365 ] ] } },
{ "type": "Feature", "properties": { "name": null, "waterway": "stream" }, "geometry": { "type": "MultiLineString", "coordinates": [ [ [ 7.041173924864593, 5.921800160393611 ], [ 7.0411593, 5.9217551 ], [ 7.0410719, 5.921652 ], [ 7.04101663316002, 5.921626773361751 ] ], [ [ 7.038308930900449, 5.918350085538885 ], [ 7.0383236, 5.9182734 ], [ 7.0383338, 5.9181521 ], [ 7.0384253, 5.9179803 ], [ 7.0384944, 5.9178529 ], [ 7.0385716, 5.9176931 ], [ 7.0385533, 5.9176062 ], [ 7.0385188, 5.9174626 ], [ 7.038531, 5.9172867 ], [ 7.0385818, 5.9171371 ], [ 7.0385798, 5.9170623 ], [ 7.0385533, 5.9169268 ], [ 7.0385574, 5.9167873 ], [ 7.0386042, 5.9166822 ], [ 7.0385859, 5.9165811 ], [ 7.0385046, 5.9164739 ], [ 7.0385127, 5.9163506 ], [ 7.0386143, 5.9161868 ], [ 7.0387058, 5.9161565 ], [ 7.0388379, 5.9161585 ], [ 7.0389497, 5.9160675 ], [ 7.0389721, 5.9159786 ], [ 7.0389599, 5.9158795 ], [ 7.0390229, 5.9158249 ], [ 7.0390961, 5.915831 ], [ 7.0391896, 5.9158633 ], [ 7.0393014, 5.9158451 ], [ 7.0393644, 5.9157845 ], [ 7.0394538, 5.9156308 ], [ 7.0395418, 5.9154321 ], [ 7.0395686, 5.9152881 ], [ 7.0395391, 5.9151654 ], [ 7.0394801, 5.9150666 ], [ 7.0393191, 5.9149679 ], [ 7.0392601, 5.9147011 ], [ 7.0392897, 5.9146372 ] ] ] } },
{ "type": "Feature", "properties": { "name": null, "waterway": "stream" }, "geometry": { "type": "LineString", "coordinates": [ [ 7.0413663, 5.9212006 ], [ 7.0412912, 5.9211659 ], [ 7.0412228, 5.9211525 ], [ 7.0411062, 5.9210818 ], [ 7.0409935, 5.9210605 ], [ 7.0408862, 5.9210378 ], [ 7.040842, 5.9210258 ], [ 7.0407669, 5.9209578 ], [ 7.0407333, 5.9209191 ], [ 7.0406556, 5.9209071 ], [ 7.0405282, 5.9208617 ], [ 7.0403994, 5.9208004 ], [ 7.0402988, 5.9207697 ], [ 7.040262325523819, 5.920763647583265 ] ] } }
]
}
