{
"type": "FeatureCollection",
"name": "NGA030_Osun_drainage",
"crs": { "type": "name", "properties": { "name": "urn:ogc:def:crs:OGC:1.3:CRS84" } },
"features": [
{ "type": "Feature", "properties": { "name": null, "waterway": "river" }, "geometry": { "type": "MultiLineString", "coordinates": [ [ [ 4.370577285980592, 7.034645806839883 ], [ 4.3705773, 7.0346458 ], [ 4.3715426, 7.0325567 ], [ 4.371482053114414, 7.032246773773117 ] ], [ [ 4.375926284640365, 6.995017138525255 ], [ 4.376743, 6.9946118 ], [ 4.376785067276918, 6.99440994521046 ] ] ] } },
{ "type": "Feature", "properties": { "name": null, "waterway": "stream" }, "geometry": { "type": "LineString", "coordinates": [ [ 4.225273, 7.0966342 ], [ 4.2230414, 7.0966342 ], [ 4.2206381, 7.0932273 ], [ 4.2202948, 7.0898203 ], [ 4.2202948, 7.0836877 ], [ 4.2199515, 7.0790882 ], [ 4.2206381, 7.0763625 ], [ 4.2211531, 7.0727851 ], [ 4.2201231, 7.0712519 ], [ 4.2180632, 7.0685262 ], [ 4.2168616, 7.0654598 ], [ 4.2190932, 7.0610304 ] ] } },
{ "type": "Feature", "properties": { "name": "Owenna", "waterway": "river" }, "geometry": { "type": "MultiLineString", "coordinates": [ [ [ 4.5442322, 7.189389 ], [ 4.5435026, 7.1858124 ], [ 4.5415714, 7.1802346 ], [ 4.541786, 7.1780205 ], [ 4.5396832, 7.1770838 ], [ 4.5402411, 7.172613 ], [ 4.5445755, 7.1672053 ], [ 4.5452192, 7.1654596 ], [ 4.5429877, 7.1626493 ], [ 4.5401982, 7.1557938 ], [ 4.5376421, 7.1511296 ], [ 4.5380541, 7.14886 ], [ 4.5386893, 7.1473611 ], [ 4.5375606, 7.145858 ], [ 4.5361744, 7.1444145 ], [ 4.5351917, 7.144968 ], [ 4.5343591, 7.1463094 ], [ 4.5335566, 7.1462625 ], [ 4.5341274, 7.143929 ], [ 4.5329043, 7.1414976 ], [ 4.5319215, 7.1406034 ], [ 4.5313336, 7.1388447 ], [ 4.5301878, 7.1366559 ], [ 4.5294711, 7.1353316 ], [ 4.5293895, 7.1334665 ], [ 4.5283252, 7.1320868 ], [ 4.528896, 7.1305495 ], [ 4.5306126, 7.1274665 ], [ 4.5285656, 7.1260868 ], [ 4.5287329, 7.1227609 ], [ 4.5302822, 7.1220455 ], [ 4.5315911, 7.1214749 ], [ 4.5305997, 7.1204316 ], [ 4.5296299, 7.1188006 ], [ 4.5280634, 7.1190518 ], [ 4.5270034, 7.1175103 ], [ 4.5252353, 7.1168545 ], [ 4.5244671, 7.1142653 ], [ 4.5233513, 7.1139332 ], [ 4.5222913, 7.1123107 ], [ 4.5221834, 7.1102598 ], [ 4.5224244, 7.1085887 ], [ 4.5182058, 7.102171 ], [ 4.5165407, 7.1011277 ], [ 4.5164892, 7.0991091 ], [ 4.5137898, 7.0978911 ], [ 4.5129744, 7.0939135 ], [ 4.5121547, 7.0922952 ], [ 4.5122878, 7.0904171 ], [ 4.5133821, 7.0900211 ], [ 4.514116, 7.0889692 ], [ 4.5140344, 7.0876703 ], [ 4.5123693, 7.0876617 ], [ 4.5110089, 7.0862904 ], [ 4.5100819, 7.0853067 ], [ 4.5105197, 7.0836117 ], [ 4.511584, 7.082317 ], [ 4.5118286, 7.0810181 ], [ 4.5110089, 7.0799619 ], [ 4.5103265, 7.0801152 ], [ 4.5103265, 7.0811714 ], [ 4.5098673, 7.0821552 ], [ 4.5090477, 7.0819081 ], [ 4.5084769, 7.0806944 ], [ 4.5082323, 7.079881 ], [ 4.5091292, 7.0790079 ], [ 4.5114166, 7.0773853 ], [ 4.5091292, 7.0767337 ], [ 4.5077387, 7.0770616 ], [ 4.505696, 7.0775471 ], [ 4.5050952, 7.0752516 ], [ 4.5039965, 7.0748683 ], [ 4.5033442, 7.0757627 ], [ 4.5023614, 7.0756817 ], [ 4.5020353, 7.07414 ], [ 4.5025589, 7.0721682 ], [ 4.5015461, 7.0715421 ], [ 4.5020353, 7.0697576 ], [ 4.5020353, 7.0680541 ], [ 4.5033442, 7.0678922 ], [ 4.5051252, 7.0674067 ], [ 4.5074941, 7.0678922 ], [ 4.5092923, 7.0687866 ], [ 4.5108158, 7.0693275 ], [ 4.511335, 7.0672449 ], [ 4.5124508, 7.0651921 ], [ 4.5131332, 7.0638377 ], [ 4.5120431, 7.0632457 ], [ 4.512644, 7.0611588 ], [ 4.5108458, 7.0613207 ], [ 4.5088846, 7.0596171 ], [ 4.5075456, 7.0595915 ], [ 4.5072495, 7.0610779 ], [ 4.5057475, 7.0612142 ], [ 4.5059406, 7.0601878 ], [ 4.5055329, 7.0588888 ], [ 4.5055844, 7.0564313 ], [ 4.5046322, 7.0548232 ], [ 4.5037519, 7.0563887 ], [ 4.5026876, 7.0567124 ], [ 4.4970013, 7.0556988 ], [ 4.4972931, 7.0525726 ], [ 4.4979497, 7.0503835 ], [ 4.4976193, 7.0468144 ], [ 4.4963147, 7.0469762 ], [ 4.4936968, 7.047219 ], [ 4.4931261, 7.0475427 ], [ 4.492963, 7.0486798 ], [ 4.4917699, 7.0492889 ], [ 4.4907872, 7.0475043 ], [ 4.4912764, 7.044097 ], [ 4.4899375, 7.043488 ], [ 4.4873539, 7.0430408 ], [ 4.4872381, 7.0412178 ], [ 4.4883024, 7.0391905 ], [ 4.4901821, 7.0368351 ], [ 4.4922592, 7.034927 ], [ 4.4920146, 7.0331424 ], [ 4.4909159, 7.0327165 ], [ 4.4890362, 7.0332829 ], [ 4.4875642, 7.0325546 ], [ 4.4876458, 7.0313365 ], [ 4.4891178, 7.0297137 ], [ 4.4895598, 7.0285211 ], [ 4.4886285, 7.0276863 ], [ 4.4864227, 7.027929 ], [ 4.4844958, 7.0285211 ], [ 4.4838392, 7.0268174 ], [ 4.484543, 7.0248453 ], [ 4.4863411, 7.0229797 ], [ 4.486045, 7.0221108 ], [ 4.484543, 7.0209523 ], [ 4.4821869, 7.0207095 ], [ 4.4804703, 7.0219277 ], [ 4.4786078, 7.0225964 ], [ 4.4775435, 7.0205689 ], [ 4.4755007, 7.0210545 ], [ 4.473767, 7.0203048 ], [ 4.4723937, 7.0212164 ], [ 4.4707629, 7.021868 ], [ 4.4697629, 7.0228179 ], [ 4.4678833, 7.0223323 ], [ 4.4672438, 7.0225155 ], [ 4.4664113, 7.0216849 ], [ 4.4651023, 7.0213569 ], [ 4.4649393, 7.020143 ], [ 4.4625703, 7.018763 ], [ 4.461343, 7.0172211 ], [ 4.461034, 7.0152149 ], [ 4.4588281, 7.0129361 ], [ 4.4572746, 7.0126124 ], [ 4.455558, 7.0110747 ], [ 4.4537598, 7.0096904 ], [ 4.4518758, 7.0095285 ], [ 4.4503266, 7.0096989 ], [ 4.44967, 7.0083103 ], [ 4.451142, 7.0072582 ], [ 4.4502451, 7.0067769 ], [ 4.4493438, 7.0061295 ], [ 4.4463998, 7.0047409 ], [ 4.4447648, 7.0044981 ], [ 4.444633775536204, 7.003194362401626 ] ], [ [ 4.416907360258284, 6.994059618284743 ], [ 4.4169073, 6.9940596 ], [ 4.416907301929649, 6.994059555779252 ] ], [ [ 4.411176312835488, 6.988931887656657 ], [ 4.4111763, 6.9889319 ], [ 4.4105441, 6.9895044 ], [ 4.4093585, 6.9886729 ], [ 4.40941459476722, 6.987393136588399 ] ], [ [ 4.40723517653674, 6.985758629803197 ], [ 4.4068948, 6.9857228 ], [ 4.4054478, 6.9845195 ], [ 4.40527604987103, 6.984289335941473 ] ], [ [ 4.403375393875794, 6.982863893556392 ], [ 4.4016153, 6.9820352 ], [ 4.399940059924085, 6.980741881914343 ] ] ] } },
{ "type": "Feature", "properties": { "name": null, "waterway": "stream" }, "geometry": { "type": "LineString", "coordinates": [ [ 4.224758, 7.117416 ], [ 4.2204664, 7.1133278 ], [ 4.2193723, 7.111603 ], [ 4.2180204, 7.1104958 ], [ 4.2152308, 7.1087073 ], [ 4.2138576, 7.1075148 ], [ 4.2129564, 7.1059391 ], [ 4.211905, 7.1047893 ], [ 4.2101453, 7.1038313 ], [ 4.2084503, 7.1035969 ], [ 4.2070341, 7.1025961 ], [ 4.2048453, 7.1005521 ], [ 4.2037511, 7.0997429 ], [ 4.2036438, 7.0986356 ], [ 4.2044805, 7.0973582 ], [ 4.2066908, 7.0948028 ], [ 4.2077635, 7.090672 ], [ 4.2082785, 7.0844756 ], [ 4.2077207, 7.0828145 ], [ 4.2083859, 7.08093 ], [ 4.2085898, 7.0793649 ], [ 4.2077206, 7.0783003 ], [ 4.2063904, 7.0777572 ], [ 4.2052638, 7.0771503 ], [ 4.2049956, 7.076373 ], [ 4.2049847, 7.0741905 ], [ 4.2044055, 7.073296 ], [ 4.2034399, 7.0726891 ], [ 4.2033219, 7.0714434 ], [ 4.202796, 7.0704853 ], [ 4.2020559, 7.0698889 ], [ 4.2003393, 7.0684409 ], [ 4.1986654, 7.0671633 ], [ 4.1977644, 7.066354 ], [ 4.1962623, 7.0659707 ], [ 4.1956936, 7.0654385 ], [ 4.1947494, 7.0640011 ] ] } },
{ "type": "Feature", "properties": { "name": null, "waterway": "river" }, "geometry": { "type": "LineString", "coordinates": [ [ 4.3902137, 7.1891065 ], [ 4.3894198, 7.1875312 ], [ 4.3879928, 7.1861633 ], [ 4.3878426, 7.185828 ], [ 4.3877514, 7.1854022 ], [ 4.3879177, 7.1849232 ], [ 4.388261, 7.1842047 ], [ 4.3884488, 7.1837683 ], [ 4.3885078, 7.1832786 ], [ 4.3887492, 7.1828901 ], [ 4.3890872, 7.181996 ], [ 4.3891998, 7.1814105 ], [ 4.3894895, 7.1807665 ], [ 4.3897577, 7.1803833 ], [ 4.3898918, 7.1798244 ], [ 4.389688, 7.1789942 ], [ 4.3896397, 7.1785471 ], [ 4.3893608, 7.1775092 ], [ 4.3892427, 7.1770036 ], [ 4.389173, 7.1765086 ], [ 4.3887492, 7.1760243 ], [ 4.388422, 7.1756357 ], [ 4.3883844, 7.1750024 ], [ 4.3884327, 7.174385 ], [ 4.3881001, 7.1739432 ], [ 4.3878694, 7.1735281 ], [ 4.387789, 7.1731182 ], [ 4.3877943, 7.1727776 ], [ 4.3874725, 7.1722613 ], [ 4.3872525, 7.1717876 ], [ 4.3871882, 7.1713778 ], [ 4.3874349, 7.1709946 ], [ 4.3873974, 7.1705688 ], [ 4.3874188, 7.1700259 ], [ 4.3879821, 7.1695469 ], [ 4.3888619, 7.1691583 ], [ 4.389747, 7.1690359 ], [ 4.390616, 7.1691051 ], [ 4.3913188, 7.1695682 ], [ 4.39222, 7.1699248 ], [ 4.3931749, 7.1697332 ], [ 4.3936791, 7.1695096 ], [ 4.3939259, 7.1693712 ], [ 4.394119, 7.1687751 ], [ 4.394355, 7.1682961 ], [ 4.394237, 7.1677106 ], [ 4.394119, 7.1669974 ], [ 4.3937757, 7.1665716 ], [ 4.393368, 7.1662416 ], [ 4.3930461, 7.1658158 ], [ 4.3928959, 7.1651558 ], [ 4.3926599, 7.1643681 ], [ 4.3921663, 7.1638039 ], [ 4.3918445, 7.1633887 ], [ 4.3916299, 7.162899 ], [ 4.3915119, 7.1622923 ], [ 4.3919947, 7.1618345 ], [ 4.3924131, 7.1608765 ], [ 4.3927135, 7.1600249 ], [ 4.392574, 7.158641 ], [ 4.3925204, 7.1581513 ], [ 4.3927242, 7.1574913 ], [ 4.3923809, 7.1563736 ], [ 4.3923595, 7.1559265 ], [ 4.3919732, 7.1552664 ], [ 4.3918123, 7.1547022 ], [ 4.3918874, 7.15384 ], [ 4.3917586, 7.1531054 ], [ 4.3909862, 7.1528074 ], [ 4.3892588, 7.1527861 ], [ 4.3880357, 7.1525732 ], [ 4.3877353, 7.1522219 ], [ 4.3874993, 7.1519345 ], [ 4.3864693, 7.1511254 ], [ 4.3858363, 7.1501886 ], [ 4.3856432, 7.1495925 ], [ 4.3856432, 7.1490283 ], [ 4.3853213, 7.1483363 ], [ 4.38486, 7.1469418 ], [ 4.384742, 7.1461114 ], [ 4.3847956, 7.1450894 ], [ 4.3847098, 7.1445678 ], [ 4.3847742, 7.143961 ] ] } },
{ "type": "Feature", "properties": { "name": null, "waterway": "river" }, "geometry": { "type": "LineString", "coordinates": [ [ 4.3848683, 7.2006428 ], [ 4.3857025, 7.2017232 ], [ 4.3860672, 7.2024629 ], [ 4.3865232, 7.2027716 ], [ 4.3870168, 7.2027823 ], [ 4.387521, 7.202447 ], [ 4.3879609, 7.2018562 ], [ 4.388272, 7.2008184 ], [ 4.3873923, 7.1965873 ], [ 4.3874405, 7.1956932 ], [ 4.3877731, 7.194831 ], [ 4.3881486, 7.1944372 ], [ 4.3902032, 7.1934526 ], [ 4.3910883, 7.1923775 ], [ 4.3912654, 7.1917016 ], [ 4.3910454, 7.1908766 ], [ 4.390686, 7.190057 ], [ 4.3902137, 7.1891065 ] ] } },
{ "type": "Feature", "properties": { "name": null, "waterway": "river" }, "geometry": { "type": "LineString", "coordinates": [ [ 4.3798553, 7.2159596 ], [ 4.3805381, 7.2157145 ], [ 4.3822923, 7.2139902 ], [ 4.3840572, 7.2133143 ], [ 4.3850228, 7.2126172 ], [ 4.385468, 7.2120743 ], [ 4.3858918, 7.2118934 ], [ 4.3863247, 7.2114253 ], [ 4.3862512, 7.2102542 ], [ 4.386793, 7.2090301 ], [ 4.3866466, 7.2075189 ], [ 4.3864765, 7.2068747 ], [ 4.3846312, 7.204368 ], [ 4.3837514, 7.2037746 ], [ 4.3834832, 7.202814 ], [ 4.3828754, 7.2022501 ], [ 4.3823926, 7.2014411 ], [ 4.3820761, 7.2014038 ], [ 4.3815987, 7.2015742 ], [ 4.3813948, 7.2015635 ], [ 4.3812285, 7.2010153 ], [ 4.3810193, 7.2005576 ], [ 4.3810891, 7.2003075 ], [ 4.3818079, 7.1997593 ], [ 4.38206, 7.1991739 ], [ 4.3823808, 7.1984525 ], [ 4.3824505, 7.1978671 ], [ 4.3822145, 7.1976755 ], [ 4.3819624, 7.1979523 ], [ 4.3817585, 7.1979682 ], [ 4.3815332, 7.1977181 ], [ 4.3817746, 7.1971805 ], [ 4.3825632, 7.1963609 ], [ 4.382531, 7.1959724 ], [ 4.3827349, 7.1954881 ], [ 4.3833518, 7.1951049 ], [ 4.3841189, 7.1950144 ], [ 4.38465, 7.1952699 ], [ 4.3849235, 7.195717 ], [ 4.3849289, 7.1963024 ], [ 4.3848484, 7.1967601 ], [ 4.3847787, 7.1975904 ], [ 4.3844997, 7.1984259 ], [ 4.384548, 7.1994318 ], [ 4.3848683, 7.2006428 ] ] } },
{ "type": "Feature", "properties": { "name": null, "waterway": "river" }, "geometry": { "type": "LineString", "coordinates": [ [ 4.3846183, 7.2317063 ], [ 4.3847158, 7.2315369 ], [ 4.3850492, 7.2309723 ], [ 4.385311, 7.2304813 ], [ 4.3857023, 7.2295714 ], [ 4.3862227, 7.2284583 ], [ 4.386426, 7.2278533 ], [ 4.3866374, 7.2270708 ], [ 4.3866862, 7.2259093 ], [ 4.3866048, 7.2251511 ], [ 4.3865967, 7.2245299 ], [ 4.3865154, 7.2238846 ], [ 4.3864097, 7.2237636 ], [ 4.3856535, 7.222836 ], [ 4.3850437, 7.222352 ], [ 4.3845884, 7.2220132 ], [ 4.3839623, 7.2214486 ], [ 4.383759, 7.2210372 ], [ 4.3834013, 7.2210049 ], [ 4.3828809, 7.2209969 ], [ 4.3825638, 7.2206258 ], [ 4.3821898, 7.2200208 ], [ 4.3818483, 7.2197062 ], [ 4.3815637, 7.2193836 ], [ 4.3807688, 7.2184949 ], [ 4.3802025, 7.217905 ], [ 4.3796787, 7.2172308 ], [ 4.3793724, 7.2165254 ], [ 4.3793971, 7.2161953 ], [ 4.3796312, 7.2159935 ], [ 4.3798553, 7.2159596 ] ] } },
{ "type": "Feature", "properties": { "name": null, "waterway": "stream" }, "geometry": { "type": "LineString", "coordinates": [ [ 4.2169475, 7.2305919 ], [ 4.2140292, 7.2318691 ], [ 4.2114543, 7.233572 ], [ 4.2079352, 7.234679 ], [ 4.2051028, 7.2354453 ], [ 4.2032146, 7.2378294 ] ] } },
{ "type": "Feature", "properties": { "name": null, "waterway": "stream" }, "geometry": { "type": "LineString", "coordinates": [ [ 4.2190074, 7.2354453 ], [ 4.2160892, 7.2369779 ], [ 4.2150592, 7.2391066 ], [ 4.2142867, 7.2400432 ], [ 4.2118648, 7.2422138 ] ] } },
{ "type": "Feature", "properties": { "name": "Oni", "waterway": "river" }, "geometry": { "type": "MultiLineString", "coordinates": [ [ [ 4.6675038, 7.1409292 ], [ 4.661539, 7.1425075 ], [ 4.6615958, 7.1460022 ], [ 4.6519931, 7.1461253 ], [ 4.6504772, 7.14551 ], [ 4.6498227, 7.1441769 ], [ 4.6509595, 7.1429121 ], [ 4.6528888, 7.1418314 ], [ 4.6527913, 7.138955 ], [ 4.653717, 7.1387132 ], [ 4.6536683, 7.1379639 ], [ 4.6525721, 7.1377705 ], [ 4.6523285, 7.1365136 ], [ 4.653717, 7.1356918 ], [ 4.6544235, 7.1339272 ], [ 4.6542677, 7.1318541 ], [ 4.6551418, 7.1298995 ], [ 4.6573342, 7.129271 ], [ 4.657560128780517, 7.128596882547416 ] ], [ [ 4.652955735828909, 7.124811125267036 ], [ 4.6531929, 7.1258869 ], [ 4.6515977, 7.1288102 ], [ 4.6490414, 7.1305576 ], [ 4.6471099, 7.130163 ], [ 4.6470289, 7.128807 ], [ 4.6461823, 7.1282635 ], [ 4.6463317, 7.1251502 ], [ 4.6455847, 7.1240631 ], [ 4.6458337, 7.1224323 ], [ 4.6447879, 7.1213946 ], [ 4.645289242747644, 7.120399576704225 ] ], [ [ 4.625472145744896, 7.100767489689932 ], [ 4.6171119, 7.0970071 ], [ 4.61600343646328, 7.083492480717184 ] ], [ [ 4.613139698603833, 7.058974142874765 ], [ 4.6103157, 7.0578356 ], [ 4.6098264, 7.0515765 ], [ 4.6116206, 7.050929 ], [ 4.6114031, 7.0471519 ], [ 4.610805, 7.0468821 ], [ 4.6110225, 7.0421876 ], [ 4.6096633, 7.0417559 ], [ 4.6062924, 7.043051 ], [ 4.6060205, 7.040407 ], [ 4.6083584, 7.0361441 ], [ 4.609384013231014, 7.031089668282521 ] ] ] } },
{ "type": "Feature", "properties": { "name": null, "waterway": "river" }, "geometry": { "type": "LineString", "coordinates": [ [ 4.5843995, 7.2686926 ], [ 4.5843659, 7.2686487 ], [ 4.5843512, 7.2686048 ], [ 4.5843405, 7.2685689 ], [ 4.5843083, 7.2684465 ], [ 4.5842855, 7.2684133 ], [ 4.5842117, 7.2683574 ], [ 4.584197, 7.2683428 ], [ 4.5841768, 7.2683135 ], [ 4.5841473, 7.2682922 ], [ 4.5841138, 7.2682895 ], [ 4.5840937, 7.2683002 ], [ 4.584032, 7.2683148 ], [ 4.5840105, 7.2683162 ], [ 4.5839435, 7.2683414 ], [ 4.5838912, 7.2683494 ], [ 4.5838778, 7.2683534 ] ] } },
{ "type": "Feature", "properties": { "name": null, "waterway": "river" }, "geometry": { "type": "LineString", "coordinates": [ [ 4.5848206, 7.2690877 ], [ 4.5847522, 7.2690372 ], [ 4.5846717, 7.2689654 ], [ 4.5846006, 7.2689002 ], [ 4.5845081, 7.2688097 ], [ 4.5844612, 7.2687405 ] ] } },
{ "type": "Feature", "properties": { "name": null, "waterway": "stream" }, "geometry": { "type": "LineString", "coordinates": [ [ 4.5854911, 7.4196313 ], [ 4.5855275, 7.4198185 ], [ 4.5856508, 7.4199778 ], [ 4.5857965, 7.4202742 ], [ 4.5859422, 7.4204891 ], [ 4.5860506, 7.4205854 ], [ 4.5860553, 7.4207026 ], [ 4.586058, 7.4207707 ], [ 4.5863046, 7.4210781 ], [ 4.5864615, 7.4213004 ], [ 4.586667, 7.4214597 ], [ 4.5868463, 7.4215746 ], [ 4.5870892, 7.4215264 ], [ 4.5874665, 7.4214894 ], [ 4.5876683, 7.4214745 ], [ 4.5879746, 7.4216931 ], [ 4.5883005, 7.4218309 ], [ 4.5885657, 7.4219272 ], [ 4.5887563, 7.4219643 ], [ 4.5888758, 7.4219568 ], [ 4.5889804, 7.4220235 ], [ 4.5890925, 7.4221495 ], [ 4.589156, 7.4223125 ], [ 4.589227, 7.4225496 ], [ 4.589298, 7.4227459 ], [ 4.589481, 7.4228052 ], [ 4.5896828, 7.4227422 ] ] } },
{ "type": "Feature", "properties": { "name": null, "waterway": "stream" }, "geometry": { "type": "LineString", "coordinates": [ [ 4.5525751, 7.471519 ], [ 4.5526367, 7.4714375 ], [ 4.5529479, 7.4711237 ] ] } },
{ "type": "Feature", "properties": { "name": null, "waterway": "stream" }, "geometry": { "type": "LineString", "coordinates": [ [ 4.5525035, 7.4716137 ], [ 4.5525751, 7.471519 ] ] } },
{ "type": "Feature", "properties": { "name": null, "waterway": "stream" }, "geometry": { "type": "LineString", "coordinates": [ [ 4.5521506, 7.4722019 ], [ 4.5522344, 7.4719694 ], [ 4.5525035, 7.4716137 ] ] } },
{ "type": "Feature", "properties": { "name": null, "waterway": "stream" }, "geometry": { "type": "LineString", "coordinates": [ [ 4.5521195, 7.4722883 ], [ 4.5521506, 7.4722019 ] ] } },
{ "type": "Feature", "properties": { "name": null, "waterway": "stream" }, "geometry": { "type": "LineString", "coordinates": [ [ 4.5514729, 7.4739461 ], [ 4.5514995, 7.4735438 ], [ 4.5518053, 7.4729427 ], [ 4.5520735, 7.4724162 ], [ 4.5521195, 7.4722883 ] ] } },
{ "type": "Feature", "properties": { "name": null, "waterway": "stream" }, "geometry": { "type": "LineString", "coordinates": [ [ 4.551468, 7.4740213 ], [ 4.5514729, 7.4739461 ] ] } },
{ "type": "Feature", "properties": { "name": null, "waterway": "stream" }, "geometry": { "type": "LineString", "coordinates": [ [ 4.2421817, 7.2450668 ], [ 4.2406367, 7.2436193 ], [ 4.2382335, 7.2419164 ], [ 4.2347144, 7.2421719 ], [ 4.2317103, 7.2426827 ], [ 4.2286204, 7.2426827 ], [ 4.2243289, 7.2417461 ], [ 4.2219256, 7.2434491 ], [ 4.2205524, 7.2442154 ], [ 4.2197458, 7.2449199 ] ] } },
{ "type": "Feature", "properties": { "name": null, "waterway": "river" }, "geometry": { "type": "LineString", "coordinates": [ [ 4.4025859, 7.2636254 ], [ 4.4036025, 7.2626888 ], [ 4.4041926, 7.2616777 ], [ 4.4046566, 7.2601878 ], [ 4.4048631, 7.2598418 ], [ 4.4071054, 7.258288 ], [ 4.4084546, 7.2568885 ], [ 4.4087148, 7.2557709 ], [ 4.4085538, 7.2548769 ], [ 4.407497, 7.2541266 ], [ 4.4064054, 7.2537595 ], [ 4.4055658, 7.253786 ], [ 4.4045359, 7.2540361 ], [ 4.4025296, 7.2549301 ], [ 4.401167, 7.2554942 ], [ 4.3997186, 7.2557124 ], [ 4.3991044, 7.255622 ], [ 4.3987369, 7.2552015 ], [ 4.3984607, 7.254265 ], [ 4.3979055, 7.2537488 ], [ 4.3971115, 7.253206 ], [ 4.3967789, 7.2532379 ], [ 4.396154, 7.2531847 ], [ 4.3957168, 7.2529186 ], [ 4.3949765, 7.2521151 ], [ 4.3946144, 7.2520725 ], [ 4.394322, 7.2525142 ], [ 4.3935871, 7.2530703 ], [ 4.3928978, 7.2537541 ], [ 4.3919563, 7.2545816 ], [ 4.3909639, 7.2548503 ], [ 4.3904865, 7.2553586 ], [ 4.3901592, 7.2554889 ], [ 4.3895155, 7.2555155 ], [ 4.3885178, 7.2546361 ], [ 4.3882388, 7.2540867 ], [ 4.3879598, 7.2537328 ], [ 4.3872785, 7.2536317 ], [ 4.3854949, 7.2527271 ], [ 4.384827, 7.2524663 ], [ 4.3837058, 7.2516468 ], [ 4.3831855, 7.251237 ], [ 4.3830407, 7.2509231 ], [ 4.3834108, 7.2496193 ], [ 4.3839553, 7.2489009 ], [ 4.3847278, 7.2485443 ], [ 4.3848619, 7.2481186 ], [ 4.3848726, 7.2478286 ], [ 4.3847921, 7.2474295 ], [ 4.3844676, 7.2462374 ], [ 4.3844005, 7.2452982 ], [ 4.3845373, 7.2445452 ], [ 4.3847197, 7.2439705 ], [ 4.3847305, 7.2434649 ], [ 4.3848283, 7.2429699 ], [ 4.3848253, 7.2419747 ], [ 4.3845802, 7.2414055 ], [ 4.3844461, 7.2409265 ], [ 4.3845105, 7.240256 ], [ 4.3847144, 7.2397717 ], [ 4.3848436, 7.2393996 ], [ 4.3848914, 7.2388082 ], [ 4.3848324, 7.2380901 ], [ 4.3849987, 7.2378187 ], [ 4.3850845, 7.2372705 ], [ 4.385224, 7.2366479 ], [ 4.3851703, 7.2359508 ], [ 4.3848377, 7.2353654 ], [ 4.3845642, 7.234764 ], [ 4.3843818, 7.234168 ], [ 4.3843549, 7.2337423 ], [ 4.3843925, 7.2333857 ], [ 4.3844676, 7.2332207 ], [ 4.3844193, 7.2326992 ], [ 4.3843657, 7.232167 ], [ 4.3844461, 7.2319009 ], [ 4.3846183, 7.2317063 ] ] } },
{ "type": "Feature", "properties": { "name": null, "waterway": "stream" }, "geometry": { "type": "LineString", "coordinates": [ [ 4.2428683, 7.291043 ], [ 4.2401218, 7.2898511 ], [ 4.238491, 7.2884037 ], [ 4.2359161, 7.2870415 ], [ 4.2347144, 7.2849131 ], [ 4.2330836, 7.2815076 ], [ 4.231367, 7.279294 ], [ 4.228363, 7.2769101 ], [ 4.2247581, 7.2732491 ], [ 4.2219256, 7.2694177 ], [ 4.2204665, 7.2663527 ], [ 4.2208099, 7.2624361 ], [ 4.2177199, 7.2568167 ], [ 4.2154883, 7.2533258 ], [ 4.2139434, 7.2495795 ], [ 4.2140292, 7.2465994 ], [ 4.2127418, 7.2425976 ] ] } },
{ "type": "Feature", "properties": { "name": null, "waterway": "stream" }, "geometry": { "type": "LineString", "coordinates": [ [ 4.2142867, 7.2781872 ], [ 4.2118835, 7.2782723 ], [ 4.2087936, 7.2776763 ], [ 4.2051028, 7.2775912 ], [ 4.2023563, 7.2780169 ], [ 4.2003821, 7.2761438 ] ] } },
{ "type": "Feature", "properties": { "name": null, "waterway": "river" }, "geometry": { "type": "LineString", "coordinates": [ [ 4.3996543, 7.3261364 ], [ 4.3994182, 7.3248222 ], [ 4.3994933, 7.324519 ], [ 4.4003355, 7.3240986 ], [ 4.4005501, 7.3239177 ], [ 4.4006038, 7.3236357 ], [ 4.4006628, 7.3210392 ], [ 4.4004965, 7.3200762 ], [ 4.4007164, 7.3194111 ], [ 4.4011509, 7.3183736 ], [ 4.4011617, 7.3175276 ], [ 4.4008076, 7.3167508 ], [ 4.4000137, 7.3160271 ], [ 4.3987691, 7.3154312 ], [ 4.3961889, 7.3136115 ], [ 4.3949872, 7.3130581 ], [ 4.3947244, 7.3129304 ], [ 4.3945473, 7.3126272 ], [ 4.3946546, 7.3122228 ], [ 4.3950623, 7.3120366 ], [ 4.3954915, 7.3112225 ], [ 4.3961728, 7.3103871 ], [ 4.3971544, 7.30886 ], [ 4.398222, 7.307732 ], [ 4.3992895, 7.3062688 ], [ 4.3994719, 7.3059655 ], [ 4.3995416, 7.3055717 ], [ 4.3996114, 7.3049971 ], [ 4.3994611, 7.303901 ], [ 4.3992519, 7.303188 ], [ 4.3992466, 7.3025548 ], [ 4.3994397, 7.3021717 ], [ 4.4001156, 7.3011926 ], [ 4.4003677, 7.2997507 ], [ 4.4001478, 7.2993356 ], [ 4.3990964, 7.2984736 ], [ 4.3971866, 7.2961963 ], [ 4.3971652, 7.295893 ], [ 4.3973905, 7.2955737 ], [ 4.3979752, 7.2951693 ], [ 4.3979698, 7.2941956 ], [ 4.398104, 7.2935464 ], [ 4.3979967, 7.2927536 ], [ 4.3976051, 7.2922055 ], [ 4.3976694, 7.2912584 ], [ 4.3975353, 7.2908806 ], [ 4.3972403, 7.2906305 ], [ 4.3966717, 7.290556 ], [ 4.396044, 7.2905773 ], [ 4.3957436, 7.2903644 ], [ 4.3957329, 7.2899281 ], [ 4.3959367, 7.2894333 ], [ 4.3960279, 7.2892364 ], [ 4.3958348, 7.2890182 ], [ 4.3953842, 7.288965 ], [ 4.3949443, 7.2888 ], [ 4.3945742, 7.2884755 ], [ 4.3946654, 7.2876347 ], [ 4.3949819, 7.2868312 ], [ 4.3950891, 7.2861182 ], [ 4.3952501, 7.28565 ], [ 4.3959796, 7.2849423 ], [ 4.3962908, 7.2842026 ], [ 4.3963659, 7.2836599 ], [ 4.3961942, 7.2829043 ], [ 4.3959099, 7.2821753 ], [ 4.3958187, 7.2816698 ], [ 4.3960923, 7.2812228 ], [ 4.3965483, 7.2805364 ], [ 4.3974388, 7.2796051 ], [ 4.3980449, 7.2792752 ], [ 4.3985224, 7.2791901 ], [ 4.3991017, 7.2791156 ], [ 4.3999761, 7.278791 ], [ 4.4004053, 7.2784611 ], [ 4.4007808, 7.2779396 ], [ 4.4010061, 7.277349 ], [ 4.4006091, 7.2768434 ], [ 4.4003195, 7.2761464 ], [ 4.4002283, 7.2757153 ], [ 4.4003731, 7.274715 ], [ 4.4009471, 7.2732995 ], [ 4.4010973, 7.2726995 ], [ 4.4008934, 7.2718854 ], [ 4.3998957, 7.2706934 ], [ 4.3991876, 7.2698739 ], [ 4.3989944, 7.269129 ], [ 4.3992895, 7.2677933 ], [ 4.3996435, 7.267027 ], [ 4.4003892, 7.2663299 ], [ 4.401387, 7.2648453 ], [ 4.4025859, 7.2636254 ] ] } },
{ "type": "Feature", "properties": { "name": null, "waterway": "stream" }, "geometry": { "type": "LineString", "coordinates": [ [ 4.2357444, 7.3145401 ], [ 4.2328261, 7.3130928 ], [ 4.2292213, 7.313178 ], [ 4.2264747, 7.3115605 ], [ 4.2226981, 7.3079849 ], [ 4.2185783, 7.3050903 ], [ 4.2153167, 7.3034728 ], [ 4.2130851, 7.3024512 ], [ 4.2084502, 7.3014295 ], [ 4.2040729, 7.2999822 ], [ 4.1996955, 7.3009187 ], [ 4.1961764, 7.2996417 ], [ 4.1929364, 7.2998332 ] ] } },
{ "type": "Feature", "properties": { "name": "Aworin", "waterway": "stream" }, "geometry": { "type": "LineString", "coordinates": [ [ 4.2291354, 7.3555719 ], [ 4.2269897, 7.3527628 ], [ 4.2276763, 7.3497834 ], [ 4.2301654, 7.348166 ], [ 4.2314529, 7.346123 ], [ 4.2312812, 7.3439949 ], [ 4.2296504, 7.3393129 ], [ 4.2275046, 7.336759 ], [ 4.2245006, 7.3352267 ], [ 4.2199515, 7.3331837 ], [ 4.2165183, 7.3326729 ], [ 4.2143725, 7.3302041 ], [ 4.2102527, 7.3263733 ], [ 4.206562, 7.3241599 ], [ 4.2035579, 7.3225425 ], [ 4.2037295, 7.3210101 ], [ 4.2040729, 7.3193926 ], [ 4.2001247, 7.3168387 ], [ 4.1958331, 7.313859 ], [ 4.194889, 7.3103686 ], [ 4.1936874, 7.3074741 ], [ 4.1926574, 7.3048349 ], [ 4.1930007, 7.3030471 ], [ 4.1929364, 7.2998332 ] ] } },
{ "type": "Feature", "properties": { "name": null, "waterway": "stream" }, "geometry": { "type": "LineString", "coordinates": [ [ 4.2050219, 7.3657061 ], [ 4.2049683, 7.36583 ], [ 4.2047973, 7.3658931 ], [ 4.2045854, 7.3659006 ], [ 4.2043533, 7.3661573 ], [ 4.2037537, 7.3663381 ], [ 4.2034287, 7.3662306 ], [ 4.2028019, 7.3655388 ], [ 4.2022335, 7.3649763 ], [ 4.201732, 7.3644077 ], [ 4.2013788, 7.364249 ] ] } },
{ "type": "Feature", "properties": { "name": null, "waterway": "stream" }, "geometry": { "type": "LineString", "coordinates": [ [ 4.2498205, 7.3696173 ], [ 4.2503355, 7.3733627 ], [ 4.2491339, 7.377108 ], [ 4.2451857, 7.3786401 ] ] } },
{ "type": "Feature", "properties": { "name": null, "waterway": "stream" }, "geometry": { "type": "LineString", "coordinates": [ [ 4.2546271, 7.3760865 ], [ 4.2534254, 7.3805128 ], [ 4.2515372, 7.3828961 ], [ 4.2497171, 7.384792 ] ] } },
{ "type": "Feature", "properties": { "name": null, "waterway": "river" }, "geometry": { "type": "LineString", "coordinates": [ [ 4.719098979227986, 7.186933688409324 ], [ 4.7188268, 7.1868851 ] ] } },
{ "type": "Feature", "properties": { "name": null, "waterway": "river" }, "geometry": { "type": "MultiLineString", "coordinates": [ [ [ 4.7465881, 7.2320106 ], [ 4.7467142, 7.231992 ], [ 4.7467947, 7.2319441 ], [ 4.7468376, 7.2317445 ], [ 4.7468939, 7.2316275 ], [ 4.7469985, 7.2315423 ], [ 4.7471165, 7.2314997 ], [ 4.7472104, 7.2315184 ], [ 4.747425, 7.2316355 ], [ 4.7475564, 7.2317472 ], [ 4.7477844, 7.2317791 ], [ 4.7480929, 7.2317605 ], [ 4.7482243, 7.2317073 ], [ 4.7484121, 7.2314864 ], [ 4.7486239, 7.2314598 ], [ 4.7487044, 7.2315157 ], [ 4.7488037, 7.2316674 ], [ 4.7488466, 7.2317366 ], [ 4.7489485, 7.2317419 ], [ 4.7490021, 7.231678 ], [ 4.7490263, 7.2315397 ], [ 4.7490558, 7.2311379 ], [ 4.7490772, 7.2308265 ], [ 4.7490799, 7.2306802 ], [ 4.749127254160297, 7.230586300523759 ] ], [ [ 4.746912756070268, 7.223950591349582 ], [ 4.7468403, 7.2239534 ], [ 4.7466874, 7.2238736 ], [ 4.7465399, 7.2236794 ], [ 4.7464648, 7.2234851 ], [ 4.7464809, 7.2232776 ], [ 4.7465318, 7.2231419 ], [ 4.7465586, 7.22307 ], [ 4.74665766397364, 7.222947385934435 ] ] ] } },
{ "type": "Feature", "properties": { "name": null, "waterway": "river" }, "geometry": { "type": "LineString", "coordinates": [ [ 4.7619662, 7.3789253 ], [ 4.7619605, 7.378993 ], [ 4.7620004, 7.3790984 ], [ 4.7620212, 7.3791981 ], [ 4.7619947, 7.3792564 ], [ 4.7619036, 7.3792808 ], [ 4.7618429, 7.3792357 ], [ 4.7617993, 7.3791153 ], [ 4.7617386, 7.3790438 ], [ 4.7616533, 7.3790118 ], [ 4.7614579, 7.3790231 ], [ 4.761365, 7.3791021 ], [ 4.7612796, 7.3791943 ], [ 4.761255, 7.3793071 ], [ 4.7612815, 7.3794181 ], [ 4.7614598, 7.3794482 ], [ 4.7615888, 7.3795028 ], [ 4.76164, 7.3795441 ], [ 4.7616248, 7.3796119 ], [ 4.7615376, 7.379657 ], [ 4.7613972, 7.379689 ], [ 4.76131, 7.3797153 ], [ 4.7612019, 7.3796946 ], [ 4.7611184, 7.3796589 ], [ 4.7610293, 7.3796307 ], [ 4.7609439, 7.3795291 ], [ 4.7608889, 7.379467 ], [ 4.7607486, 7.3794445 ], [ 4.7606822, 7.3794651 ], [ 4.7606082, 7.3795178 ], [ 4.7605665, 7.3795667 ], [ 4.7605513, 7.3796476 ], [ 4.7605343, 7.379783 ], [ 4.7605077, 7.3798639 ], [ 4.7604812, 7.3799899 ], [ 4.7604338, 7.380178 ], [ 4.7604205, 7.380289 ], [ 4.7604869, 7.3803586 ], [ 4.7605779, 7.3804188 ], [ 4.7606708, 7.3805429 ], [ 4.760705, 7.3806407 ], [ 4.7607087, 7.3807188 ], [ 4.7606282, 7.3809183 ], [ 4.7605585, 7.3809928 ], [ 4.7603627, 7.3809741 ], [ 4.7602339, 7.380905 ], [ 4.7601374, 7.3807746 ], [ 4.760073, 7.3806523 ], [ 4.7599603, 7.3804847 ], [ 4.7598611, 7.3804368 ], [ 4.7597914, 7.3804022 ], [ 4.7597163, 7.3804687 ], [ 4.7596894, 7.3805805 ], [ 4.759668, 7.3806842 ], [ 4.7596224, 7.3808305 ], [ 4.7595768, 7.3809715 ], [ 4.7595795, 7.3810965 ], [ 4.7595902, 7.3811923 ], [ 4.7595634, 7.381296 ], [ 4.7595017, 7.3813306 ], [ 4.7593515, 7.3813173 ], [ 4.7592978, 7.3812481 ], [ 4.7592522, 7.3811391 ], [ 4.7591798, 7.3809768 ], [ 4.759161, 7.3808571 ], [ 4.759035, 7.38078 ], [ 4.7589062, 7.3807746 ], [ 4.7587802, 7.3807959 ], [ 4.7587372, 7.3808385 ], [ 4.7587614, 7.3809156 ], [ 4.7588284, 7.3809954 ], [ 4.7588016, 7.3811178 ], [ 4.7587292, 7.3811683 ], [ 4.7586353, 7.3811976 ], [ 4.7584932, 7.3811763 ], [ 4.7584047, 7.3811045 ], [ 4.758343, 7.381014 ], [ 4.7583108, 7.3808252 ], [ 4.7582679, 7.3806629 ], [ 4.7581767, 7.3805964 ], [ 4.7580399, 7.3806097 ], [ 4.7579058, 7.3805938 ], [ 4.7575919, 7.3805246 ], [ 4.7573479, 7.3804342 ], [ 4.7572164, 7.3803437 ], [ 4.7570689, 7.3802506 ], [ 4.7569321, 7.3801416 ], [ 4.7568865, 7.3799899 ], [ 4.7569563, 7.379825 ], [ 4.7570635, 7.3797 ], [ 4.7572325, 7.3795856 ], [ 4.7573237, 7.3794766 ], [ 4.7573747, 7.3792638 ], [ 4.7573505, 7.3791095 ], [ 4.757313, 7.3789845 ], [ 4.7571896, 7.3789126 ], [ 4.7570957, 7.37891 ], [ 4.7569643, 7.3789472 ], [ 4.7568651, 7.3790483 ], [ 4.7567766, 7.3791148 ], [ 4.7567524, 7.3792212 ], [ 4.7566156, 7.3792265 ], [ 4.7565754, 7.3790988 ], [ 4.7565968, 7.3789047 ], [ 4.7567014, 7.3787318 ], [ 4.7568946, 7.3786653 ], [ 4.7571172, 7.3785988 ], [ 4.7572593, 7.3785136 ], [ 4.7572701, 7.3783514 ], [ 4.7571896, 7.378245 ], [ 4.7570287, 7.3781625 ], [ 4.7569214, 7.3780561 ], [ 4.7569428, 7.3779417 ], [ 4.7570743, 7.3778939 ], [ 4.7571977, 7.3779018 ], [ 4.7572969, 7.3779151 ], [ 4.7574176, 7.377838 ], [ 4.7574766, 7.3777875 ], [ 4.757651, 7.3778407 ], [ 4.7578119, 7.3780402 ], [ 4.758013, 7.3781279 ], [ 4.7582035, 7.3780694 ], [ 4.7583483, 7.3778806 ], [ 4.7584073, 7.3778194 ], [ 4.7584932, 7.3778061 ], [ 4.7586809, 7.3778566 ], [ 4.7587891, 7.3778698 ], [ 4.7588874, 7.3778433 ], [ 4.7590189, 7.3776837 ], [ 4.7592254, 7.3774709 ], [ 4.7593488, 7.377298 ], [ 4.7595473, 7.3771145 ], [ 4.7597216, 7.3769735 ], [ 4.7597458, 7.3767128 ], [ 4.7597216, 7.3765186 ], [ 4.7596385, 7.3763324 ], [ 4.7594588, 7.3761143 ], [ 4.7592764, 7.3757552 ], [ 4.7591262, 7.3754094 ], [ 4.7589545, 7.3752019 ], [ 4.7588445, 7.3750929 ], [ 4.7587158, 7.3750583 ], [ 4.7585093, 7.3749413 ], [ 4.7583296, 7.3747577 ], [ 4.7580023, 7.3745768 ], [ 4.7578414, 7.3744704 ], [ 4.7576831, 7.3744598 ], [ 4.757541, 7.374364 ], [ 4.7575007, 7.3742496 ], [ 4.757482, 7.3739358 ], [ 4.7574391, 7.3737203 ], [ 4.7573693, 7.3735793 ], [ 4.757313, 7.3734995 ], [ 4.7573371, 7.3734197 ], [ 4.7574364, 7.3734091 ], [ 4.7575222, 7.3733745 ], [ 4.757541, 7.3732787 ], [ 4.757482, 7.3732122 ], [ 4.7573505, 7.3731378 ], [ 4.7572003, 7.3730899 ], [ 4.7570716, 7.3730526 ], [ 4.7568651, 7.373042 ], [ 4.7567149, 7.3730526 ], [ 4.756562, 7.3731298 ], [ 4.7564681, 7.3731058 ], [ 4.7564252, 7.3730234 ], [ 4.7564305, 7.3728345 ], [ 4.7564305, 7.3727042 ], [ 4.7563715, 7.372627 ], [ 4.756224, 7.372635 ], [ 4.7561811, 7.3726829 ], [ 4.7561543, 7.3728239 ], [ 4.7561462, 7.3730021 ], [ 4.7561301, 7.3731431 ], [ 4.7560443, 7.3731936 ], [ 4.7559451, 7.3731484 ], [ 4.7558485, 7.3730633 ], [ 4.7557654, 7.3729702 ], [ 4.7557171, 7.372901 ], [ 4.7555132, 7.3726696 ], [ 4.7554354, 7.3725259 ], [ 4.7553523, 7.3724169 ], [ 4.7552906, 7.3723025 ], [ 4.7552423, 7.3721349 ], [ 4.7552423, 7.3719727 ], [ 4.7551511, 7.3718689 ], [ 4.7550031, 7.3717858 ], [ 4.7547671, 7.3716901 ], [ 4.7546464, 7.3715597 ], [ 4.7546196, 7.3714879 ], [ 4.7546437, 7.3713789 ], [ 4.75492, 7.371198 ], [ 4.7550594, 7.3711075 ], [ 4.7551399, 7.3710623 ], [ 4.7552767, 7.3711128 ], [ 4.7554055, 7.3711634 ], [ 4.7555583, 7.3711421 ], [ 4.7556173, 7.3710357 ], [ 4.7555986, 7.370916 ], [ 4.7554913, 7.3708309 ], [ 4.7552928, 7.370775 ], [ 4.7551346, 7.3707005 ], [ 4.7550487, 7.3705649 ], [ 4.7550621, 7.3704159 ], [ 4.7550648, 7.3702271 ], [ 4.7550299, 7.3701446 ], [ 4.7549227, 7.3700488 ], [ 4.7547993, 7.3699823 ], [ 4.7545981, 7.3699584 ], [ 4.7543218, 7.3699504 ], [ 4.7541314, 7.3699451 ], [ 4.753949, 7.3700036 ], [ 4.7538712, 7.3700196 ], [ 4.7537291, 7.3700887 ], [ 4.7536111, 7.3700834 ], [ 4.753536, 7.3698919 ], [ 4.7534796, 7.3697296 ], [ 4.7534179, 7.3695009 ], [ 4.7533589, 7.3694237 ], [ 4.7531819, 7.3694078 ], [ 4.7529325, 7.3694929 ], [ 4.7527045, 7.3695408 ], [ 4.7525677, 7.3696365 ], [ 4.7525355, 7.3698041 ], [ 4.7526294, 7.3699132 ], [ 4.7527098, 7.3700435 ], [ 4.7526803, 7.3701499 ], [ 4.7526267, 7.3701818 ], [ 4.7524604, 7.3702084 ], [ 4.7522431, 7.3702217 ], [ 4.7520312, 7.3702483 ], [ 4.7518408, 7.3702111 ], [ 4.7516101, 7.3701419 ], [ 4.7514411, 7.3700355 ], [ 4.7513795, 7.3698972 ], [ 4.7513714, 7.3697908 ], [ 4.7514465, 7.3696392 ], [ 4.7516021, 7.3694929 ], [ 4.7517496, 7.3694024 ], [ 4.7518006, 7.3693093 ], [ 4.7517657, 7.3692109 ], [ 4.7516745, 7.3691364 ], [ 4.7513741, 7.3691657 ], [ 4.7510415, 7.3692003 ], [ 4.7509208, 7.3692375 ], [ 4.7508859, 7.3693093 ], [ 4.7508859, 7.3695487 ], [ 4.750902, 7.3697376 ], [ 4.7509476, 7.369961 ], [ 4.7509154, 7.3700914 ], [ 4.750835, 7.3701446 ], [ 4.7507304, 7.3701473 ], [ 4.750556, 7.3700781 ], [ 4.7504058, 7.3700063 ], [ 4.7502502, 7.369828 ], [ 4.7501993, 7.3696365 ], [ 4.7501483, 7.3694663 ], [ 4.750084, 7.3693785 ], [ 4.7499793, 7.3692561 ], [ 4.7498855, 7.3690726 ], [ 4.7497675, 7.3689316 ], [ 4.7495824, 7.3688731 ], [ 4.7494268, 7.3687773 ], [ 4.7493303, 7.3686975 ], [ 4.749164, 7.3683916 ], [ 4.7491237, 7.3682533 ], [ 4.7491586, 7.3681682 ], [ 4.7492256, 7.3681256 ], [ 4.7494402, 7.3680963 ], [ 4.7496012, 7.3679953 ], [ 4.749746, 7.3679846 ], [ 4.7498613, 7.3680032 ], [ 4.7499874, 7.3681256 ], [ 4.7501322, 7.3681815 ], [ 4.7502932, 7.3681336 ], [ 4.7504005, 7.3680032 ], [ 4.7503414, 7.3678197 ], [ 4.7502663, 7.3676628 ], [ 4.7501456, 7.3674899 ], [ 4.7500437, 7.3673356 ], [ 4.7499579, 7.3671893 ], [ 4.7499445, 7.3670696 ], [ 4.7499981, 7.3670031 ], [ 4.7501591, 7.3669871 ], [ 4.7504165, 7.3671041 ], [ 4.7506016, 7.3672238 ], [ 4.7508242, 7.3673941 ], [ 4.7508967, 7.3675351 ], [ 4.7510495, 7.3675883 ], [ 4.751248, 7.3675484 ], [ 4.7513875, 7.3675191 ], [ 4.7515726, 7.3675111 ], [ 4.7518006, 7.367559 ], [ 4.7518542, 7.3676734 ], [ 4.7518649, 7.3678144 ], [ 4.7519132, 7.3679022 ], [ 4.7520017, 7.3679421 ], [ 4.752168, 7.3679128 ], [ 4.752219, 7.3677984 ], [ 4.7522163, 7.3676628 ], [ 4.7521305, 7.3674313 ], [ 4.7520581, 7.3672159 ], [ 4.7520473, 7.3670589 ], [ 4.7520098, 7.3666812 ], [ 4.7519561, 7.3664099 ], [ 4.7518552, 7.3661421 ], [ 4.7517157, 7.3658389 ], [ 4.751485, 7.3653601 ], [ 4.7513563, 7.3648281 ], [ 4.7513348, 7.3641471 ], [ 4.7512275, 7.3635353 ], [ 4.7509861, 7.3630298 ], [ 4.7508082, 7.3625158 ], [ 4.7506603, 7.3621546 ], [ 4.7503834, 7.3617295 ], [ 4.7500913, 7.3614549 ], [ 4.7498827, 7.3612706 ], [ 4.7497309, 7.3610938 ], [ 4.7496399, 7.3608643 ], [ 4.749382, 7.3602699 ], [ 4.7492378, 7.3600141 ], [ 4.7492037, 7.3597507 ], [ 4.7493251, 7.3595401 ], [ 4.7492758, 7.3593482 ], [ 4.7491733, 7.3592203 ], [ 4.7488737, 7.3590473 ], [ 4.7483995, 7.3589908 ], [ 4.7480657, 7.3589081 ], [ 4.7477471, 7.3585319 ], [ 4.7475536, 7.3583137 ], [ 4.7472767, 7.3581933 ], [ 4.747125, 7.3580503 ], [ 4.7470264, 7.3577795 ], [ 4.7469695, 7.3573657 ], [ 4.7468633, 7.356854 ], [ 4.7469391, 7.3565305 ], [ 4.7470567, 7.3562596 ], [ 4.7472009, 7.3558458 ], [ 4.7471402, 7.3555035 ], [ 4.7471174, 7.3552928 ], [ 4.7472426, 7.3550295 ], [ 4.7473678, 7.3548301 ], [ 4.7474095, 7.3545705 ], [ 4.7473336, 7.3543147 ], [ 4.7472198, 7.3541266 ], [ 4.7470453, 7.3539949 ], [ 4.746795, 7.3538369 ], [ 4.7466584, 7.3537391 ], [ 4.7466053, 7.3534946 ], [ 4.746685, 7.3531974 ], [ 4.7469126, 7.3530205 ], [ 4.7471364, 7.3528023 ], [ 4.7471288, 7.3525164 ], [ 4.7470226, 7.3522117 ], [ 4.746814, 7.3520274 ], [ 4.7465484, 7.3518844 ], [ 4.7462753, 7.3516624 ], [ 4.7461767, 7.3515722 ], [ 4.7461995, 7.3513652 ], [ 4.7463512, 7.3511132 ], [ 4.7464536, 7.3509176 ], [ 4.7465408, 7.3507069 ], [ 4.746575, 7.3505188 ], [ 4.746537, 7.3502667 ], [ 4.7466281, 7.3500899 ], [ 4.7469353, 7.3499545 ], [ 4.747125, 7.349868 ], [ 4.7471629, 7.3494767 ], [ 4.7470909, 7.3492698 ], [ 4.7470871, 7.3488597 ], [ 4.7469202, 7.3485437 ], [ 4.7468253, 7.34816 ], [ 4.7466584, 7.3477687 ], [ 4.7464422, 7.3473699 ], [ 4.7461577, 7.3470276 ], [ 4.7458543, 7.346911 ], [ 4.745676, 7.3468733 ], [ 4.7454712, 7.3468884 ], [ 4.7452549, 7.3467906 ], [ 4.7451146, 7.3465536 ], [ 4.7449098, 7.3464181 ], [ 4.7446063, 7.3462225 ], [ 4.7444015, 7.3460833 ], [ 4.7441435, 7.3460419 ], [ 4.7440373, 7.3461285 ], [ 4.7439008, 7.3461397 ], [ 4.7437528, 7.3459516 ], [ 4.743787, 7.3456018 ], [ 4.7439387, 7.3455002 ], [ 4.744117, 7.3453497 ], [ 4.7442384, 7.3451729 ], [ 4.744318, 7.3448569 ], [ 4.7442611, 7.3445747 ], [ 4.7440715, 7.3442963 ], [ 4.7440297, 7.3442248 ], [ 4.7439046, 7.3441571 ], [ 4.7437035, 7.3441722 ], [ 4.7433773, 7.3442173 ], [ 4.7432142, 7.3440104 ], [ 4.7432749, 7.3437395 ], [ 4.7434228, 7.3436869 ], [ 4.7436428, 7.3437621 ], [ 4.7437718, 7.3438185 ], [ 4.7439804, 7.3437809 ], [ 4.7441625, 7.3435853 ], [ 4.7443066, 7.3433671 ], [ 4.7444735, 7.3430285 ], [ 4.7445229, 7.3427539 ], [ 4.7445001, 7.3425168 ], [ 4.7442459, 7.3423664 ], [ 4.744007, 7.3422685 ], [ 4.7439121, 7.3420428 ], [ 4.7437832, 7.3417456 ], [ 4.7436851, 7.3415315 ], [ 4.7435751, 7.3412531 ], [ 4.7435637, 7.3409446 ], [ 4.743613, 7.3403239 ], [ 4.7436775, 7.3398273 ], [ 4.7437344, 7.3392893 ], [ 4.7437837, 7.3389507 ], [ 4.7438254, 7.3387287 ], [ 4.7438709, 7.3385256 ], [ 4.7438482, 7.3382923 ], [ 4.7437571, 7.3380139 ], [ 4.7436889, 7.337649 ], [ 4.7435713, 7.3374722 ], [ 4.7433664, 7.3371373 ], [ 4.7432375, 7.3369041 ], [ 4.7431313, 7.3367235 ], [ 4.7430175, 7.336415 ], [ 4.7429454, 7.3360388 ], [ 4.742805, 7.3356249 ], [ 4.7428654, 7.3352891 ], [ 4.7430551, 7.3350183 ], [ 4.7431233, 7.3346007 ], [ 4.7430475, 7.3342395 ], [ 4.7430285, 7.3338858 ], [ 4.7429716, 7.3333366 ], [ 4.7431423, 7.3330168 ], [ 4.7434003, 7.3329039 ], [ 4.7434875, 7.3325315 ], [ 4.7433509, 7.3321816 ], [ 4.7432296, 7.3318693 ], [ 4.7432258, 7.3315683 ], [ 4.7432068, 7.3311507 ], [ 4.7429906, 7.3308347 ], [ 4.7427933, 7.3305789 ], [ 4.7425885, 7.3303193 ], [ 4.7423682, 7.3302022 ], [ 4.742224, 7.3300253 ], [ 4.7422582, 7.3296491 ], [ 4.7424402, 7.329382 ], [ 4.7426489, 7.3292616 ], [ 4.7429296, 7.3292278 ], [ 4.7433696, 7.3293971 ], [ 4.7436655, 7.3296077 ], [ 4.7439196, 7.329984 ], [ 4.7441017, 7.3301156 ], [ 4.7444582, 7.3301646 ], [ 4.7447579, 7.3298937 ], [ 4.7453155, 7.3295363 ], [ 4.7455962, 7.3293293 ], [ 4.7459034, 7.3289494 ], [ 4.7459869, 7.3285618 ], [ 4.7459983, 7.3282232 ], [ 4.7458428, 7.3277755 ], [ 4.7457517, 7.3274858 ], [ 4.7453989, 7.3273767 ], [ 4.7450007, 7.3272338 ], [ 4.7446744, 7.3269742 ], [ 4.7441206, 7.3267183 ], [ 4.7435175, 7.3266092 ], [ 4.7428878, 7.3265566 ], [ 4.7424896, 7.3263384 ], [ 4.7421574, 7.3262501 ], [ 4.7416946, 7.3262313 ], [ 4.7415164, 7.3260921 ], [ 4.7412964, 7.3257535 ], [ 4.7409398, 7.3250951 ], [ 4.7407729, 7.3246587 ], [ 4.7405339, 7.3240003 ], [ 4.740238, 7.3237595 ], [ 4.7400332, 7.3235376 ], [ 4.7400598, 7.3233306 ], [ 4.739908, 7.3229281 ], [ 4.739616, 7.322676 ], [ 4.7391532, 7.3223637 ], [ 4.7387094, 7.3221944 ], [ 4.7383756, 7.322153 ], [ 4.7380987, 7.3220214 ], [ 4.7380532, 7.3218483 ], [ 4.7380911, 7.321615 ] ] } },
{ "type": "Feature", "properties": { "name": null, "waterway": "river" }, "geometry": { "type": "LineString", "coordinates": [ [ 4.7703462, 7.3788611 ], [ 4.7702416, 7.3787414 ], [ 4.7700887, 7.3786616 ], [ 4.7697802, 7.3785845 ], [ 4.7695067, 7.3784036 ], [ 4.7693404, 7.378236 ], [ 4.7692223, 7.3780525 ], [ 4.7689568, 7.377978 ], [ 4.7687261, 7.3778317 ], [ 4.7686242, 7.3776827 ], [ 4.7685518, 7.3774327 ], [ 4.7684311, 7.3772997 ], [ 4.7681763, 7.3772651 ], [ 4.7679885, 7.3772545 ], [ 4.7677552, 7.3773396 ], [ 4.7676318, 7.3773609 ], [ 4.7674735, 7.3772651 ], [ 4.7673663, 7.3771507 ], [ 4.7672187, 7.3771082 ], [ 4.7670551, 7.3771401 ], [ 4.7669505, 7.3771055 ], [ 4.7667574, 7.3769406 ], [ 4.7666474, 7.3768847 ], [ 4.7664972, 7.3769326 ], [ 4.7663685, 7.3769885 ], [ 4.7661298, 7.3769858 ], [ 4.766001, 7.3769326 ], [ 4.7658937, 7.3768528 ], [ 4.7657918, 7.3768129 ], [ 4.7656577, 7.3768289 ], [ 4.765655, 7.3769539 ], [ 4.7656738, 7.3770869 ], [ 4.7656791, 7.3772518 ], [ 4.7656818, 7.3774008 ], [ 4.765647, 7.3775045 ], [ 4.7655343, 7.377555 ], [ 4.7653948, 7.3775338 ], [ 4.7653117, 7.3774513 ], [ 4.765309, 7.3773715 ], [ 4.765309, 7.3772917 ], [ 4.7652741, 7.3772225 ], [ 4.7651937, 7.3771587 ], [ 4.7649442, 7.3772332 ], [ 4.7647377, 7.3773821 ] ] } },
{ "type": "Feature", "properties": { "name": null, "waterway": "river" }, "geometry": { "type": "LineString", "coordinates": [ [ 5.006260497118862, 7.395498022567737 ], [ 5.0061692, 7.3953087 ], [ 5.0060888, 7.394671 ], [ 5.005995, 7.3944097 ], [ 5.005678, 7.3944142 ], [ 5.0051733, 7.3944186 ], [ 5.0050974, 7.3942415 ], [ 5.0050706, 7.3940112 ], [ 5.0051287, 7.3938562 ], [ 5.004892, 7.3935063 ], [ 5.0044856, 7.3933336 ], [ 5.0044276, 7.3928952 ], [ 5.0042758, 7.3924745 ], [ 5.0042445, 7.3921335 ], [ 5.0045169, 7.3918324 ], [ 5.0047045, 7.3918766 ], [ 5.0049992, 7.3921114 ], [ 5.0054636, 7.3922442 ], [ 5.0057271, 7.3922088 ], [ 5.0059504, 7.3918235 ], [ 5.005992517414507, 7.391663858152052 ] ] } },
{ "type": "Feature", "properties": { "name": null, "waterway": "stream" }, "geometry": { "type": "LineString", "coordinates": [ [ 4.743796, 7.4117893 ], [ 4.7433561, 7.4119382 ], [ 4.7430665, 7.4120765 ], [ 4.7430128, 7.4125712 ], [ 4.7430289, 7.4128053 ], [ 4.7432381, 7.4129596 ], [ 4.7432435, 7.4131192 ], [ 4.7431952, 7.413449 ], [ 4.743104, 7.413699 ], [ 4.7430396, 7.4139277 ], [ 4.7430825, 7.4141192 ], [ 4.7432596, 7.4142097 ], [ 4.7433186, 7.4142576 ], [ 4.7433347, 7.4144065 ], [ 4.7433347, 7.4148321 ], [ 4.7434581, 7.4150395 ], [ 4.7435439, 7.4151406 ], [ 4.7433722, 7.4153853 ], [ 4.7435224, 7.4154757 ], [ 4.7436083, 7.4156034 ], [ 4.7435975, 7.4158002 ], [ 4.7436029, 7.4160609 ], [ 4.7437746, 7.4161354 ], [ 4.7440052, 7.4162683 ], [ 4.744016, 7.4163322 ], [ 4.7439945, 7.4164492 ], [ 4.7439033, 7.4166194 ], [ 4.7437585, 7.4168216 ], [ 4.7439569, 7.4168961 ], [ 4.7441125, 7.4169333 ], [ 4.7442144, 7.4169865 ], [ 4.7442198, 7.4170716 ], [ 4.7438139, 7.4170689 ], [ 4.7434813, 7.4171647 ], [ 4.7432774, 7.4175211 ], [ 4.743197, 7.4177711 ], [ 4.7429234, 7.4177605 ], [ 4.7428644, 7.417803 ], [ 4.7429019, 7.4180424 ], [ 4.7429931, 7.4181222 ], [ 4.7431165, 7.4181754 ], [ 4.7433257, 7.418319 ], [ 4.743315, 7.4184627 ], [ 4.7431487, 7.4185956 ], [ 4.7432184, 7.4188191 ], [ 4.7431755, 7.4189255 ] ] } },
{ "type": "Feature", "properties": { "name": null, "waterway": "stream" }, "geometry": { "type": "LineString", "coordinates": [ [ 4.7406489, 7.422814 ], [ 4.7406113, 7.4230108 ], [ 4.7406757, 7.4232023 ], [ 4.7407025, 7.4233725 ], [ 4.7405416, 7.4234789 ], [ 4.7404343, 7.4235481 ], [ 4.7404236, 7.4237289 ], [ 4.7404289, 7.4238938 ], [ 4.7404826, 7.4240056 ], [ 4.7406167, 7.4241545 ], [ 4.7406489, 7.4243247 ], [ 4.7404879, 7.4246439 ], [ 4.7402841, 7.424995 ], [ 4.7399032, 7.4255003 ], [ 4.7395974, 7.4255641 ], [ 4.7392058, 7.425495 ], [ 4.7389473, 7.4255774 ], [ 4.7392356, 7.4258168 ], [ 4.7392691, 7.4260176 ], [ 4.7393308, 7.4262956 ], [ 4.7393603, 7.4263647 ], [ 4.7394542, 7.4264059 ], [ 4.7395776, 7.4263887 ], [ 4.7397271, 7.4263926 ], [ 4.7399377, 7.4266467 ], [ 4.7400664, 7.4266839 ], [ 4.7402354, 7.4268328 ], [ 4.7403722, 7.4270137 ], [ 4.7404741, 7.4271892 ], [ 4.7404768, 7.4273329 ], [ 4.7404714, 7.4275031 ], [ 4.740517, 7.4275696 ], [ 4.7406323, 7.427543 ], [ 4.7406994, 7.4274446 ], [ 4.7407826, 7.4273142 ], [ 4.7408416, 7.427285 ], [ 4.7409113, 7.4273435 ], [ 4.7409623, 7.4274206 ], [ 4.7410293, 7.4274259 ], [ 4.7410803, 7.4273249 ], [ 4.7411849, 7.4273089 ], [ 4.7413485, 7.4273914 ], [ 4.7414156, 7.4276334 ], [ 4.7415255, 7.4278994 ], [ 4.7416677, 7.4281175 ], [ 4.7419922, 7.4281813 ], [ 4.7422229, 7.4280244 ], [ 4.7424455, 7.4278116 ], [ 4.7428365, 7.4277172 ], [ 4.7432763, 7.4279752 ] ] } },
{ "type": "Feature", "properties": { "name": null, "waterway": "stream" }, "geometry": { "type": "LineString", "coordinates": [ [ 4.6149792, 7.4297412 ], [ 4.6145286, 7.4294114 ], [ 4.6141852, 7.4290789 ], [ 4.6138741, 7.4284938 ], [ 4.6138526, 7.4282917 ], [ 4.6142925, 7.4278236 ], [ 4.6141209, 7.4274299 ], [ 4.6142925, 7.4272916 ], [ 4.6138634, 7.4271214 ], [ 4.6137024, 7.4269618 ], [ 4.6138741, 7.4263448 ], [ 4.6137454, 7.4261639 ], [ 4.6133162, 7.426015 ], [ 4.6132304, 7.4258022 ], [ 4.6129943, 7.4258128 ], [ 4.6125545, 7.4256745 ], [ 4.6123399, 7.425749 ], [ 4.6121468, 7.4256532 ], [ 4.612254, 7.4250894 ], [ 4.6125974, 7.4245574 ], [ 4.6126188, 7.4243447 ], [ 4.6123828, 7.4237276 ], [ 4.612018, 7.4231531 ], [ 4.6119215, 7.4227063 ], [ 4.6116854, 7.4223339 ], [ 4.6114601, 7.422302 ], [ 4.611149, 7.4228871 ], [ 4.6105482, 7.4235574 ], [ 4.6103765, 7.4239617 ], [ 4.6099903, 7.4241957 ], [ 4.609089, 7.4234936 ], [ 4.608617, 7.4235574 ], [ 4.6081234, 7.4230999 ], [ 4.6074904, 7.4228765 ], [ 4.6073295, 7.4230361 ], [ 4.6073617, 7.4232489 ], [ 4.6075763, 7.4238659 ], [ 4.6076085, 7.4243128 ], [ 4.6080162, 7.4247915 ], [ 4.607984, 7.4250043 ], [ 4.6076299, 7.4252703 ], [ 4.6067287, 7.4253128 ], [ 4.6064712, 7.4253889 ], [ 4.6056129, 7.4256426 ], [ 4.6054198, 7.4257596 ], [ 4.6055056, 7.4262597 ], [ 4.6053232, 7.4263873 ], [ 4.6048726, 7.4264937 ], [ 4.604422, 7.4264937 ], [ 4.604025, 7.4263129 ], [ 4.6035851, 7.4263554 ], [ 4.6030487, 7.4259511 ], [ 4.6023728, 7.4258767 ], [ 4.6023191, 7.4256639 ], [ 4.6019222, 7.4254937 ], [ 4.6014072, 7.4250096 ], [ 4.6008225, 7.4248553 ], [ 4.6003987, 7.4250468 ], [ 4.6000661, 7.424967 ], [ 4.5999427, 7.4250096 ], [ 4.599755, 7.4253873 ], [ 4.599358, 7.4251532 ], [ 4.598784, 7.4250947 ], [ 4.598446, 7.4254298 ], [ 4.5983978, 7.4256479 ], [ 4.5982261, 7.4257703 ], [ 4.5979901, 7.4257862 ], [ 4.5966919, 7.4253234 ], [ 4.5963325, 7.4253181 ], [ 4.5959999, 7.4250734 ], [ 4.5960535, 7.424866 ], [ 4.5961125, 7.4247809 ], [ 4.5961071, 7.4246692 ], [ 4.5964451, 7.4241159 ], [ 4.5964773, 7.4240095 ], [ 4.5964344, 7.4239032 ], [ 4.5963646, 7.4238127 ], [ 4.5962466, 7.4237648 ], [ 4.5961286, 7.4237329 ], [ 4.5957853, 7.4237223 ], [ 4.5956512, 7.4235468 ], [ 4.5955439, 7.4235787 ], [ 4.5954366, 7.4235574 ], [ 4.5950504, 7.4232967 ], [ 4.5948787, 7.4231531 ], [ 4.5945246, 7.4226478 ], [ 4.5945032, 7.4225414 ], [ 4.5945193, 7.422435 ], [ 4.5943852, 7.4224031 ], [ 4.5942618, 7.4224509 ], [ 4.594015, 7.4228286 ], [ 4.5939024, 7.4228339 ], [ 4.5937897, 7.422818 ], [ 4.5937629, 7.4227116 ], [ 4.5938058, 7.4224988 ], [ 4.5937146, 7.4224297 ], [ 4.5933016, 7.4223499 ], [ 4.5930763, 7.4224137 ], [ 4.5928617, 7.4223499 ], [ 4.5926149, 7.4223392 ], [ 4.5923789, 7.4223605 ], [ 4.5921536, 7.4223818 ], [ 4.5919283, 7.4224243 ], [ 4.5917137, 7.4224988 ], [ 4.5914884, 7.4224669 ], [ 4.5913275, 7.422318 ], [ 4.5911021, 7.4223605 ], [ 4.5909627, 7.4227861 ], [ 4.5908125, 7.4229031 ], [ 4.5906274, 7.4228286 ], [ 4.590386, 7.4227728 ], [ 4.5901956, 7.4227329 ], [ 4.5901366, 7.4227488 ], [ 4.5899756, 7.4226744 ], [ 4.5899086, 7.4225919 ] ] } },
{ "type": "Feature", "properties": { "name": null, "waterway": "stream" }, "geometry": { "type": "LineString", "coordinates": [ [ 4.6060798, 7.4900026 ], [ 4.6062058, 7.4900053 ], [ 4.6063292, 7.4899681 ], [ 4.6064365, 7.4898564 ], [ 4.6064955, 7.4897872 ], [ 4.606584, 7.4897154 ], [ 4.6066403, 7.4896649 ], [ 4.6066967, 7.4895958 ], [ 4.6067181, 7.4894974 ], [ 4.6067423, 7.4893538 ], [ 4.6067744, 7.4892554 ], [ 4.6068388, 7.4891836 ], [ 4.6069622, 7.4890479 ], [ 4.6070571, 7.4889812 ] ] } },
{ "type": "Feature", "properties": { "name": null, "waterway": "river" }, "geometry": { "type": "LineString", "coordinates": [ [ 4.6423052, 7.6187338 ], [ 4.6423146, 7.6186852 ], [ 4.6423963, 7.6186828 ], [ 4.642436, 7.618706 ], [ 4.6425014, 7.6186088 ], [ 4.642485, 7.618382 ], [ 4.6424056, 7.6182408 ], [ 4.6422679, 7.6181413 ], [ 4.6421184, 7.6179978 ], [ 4.6419923, 7.6178566 ], [ 4.6417402, 7.6177316 ], [ 4.641523, 7.617646 ], [ 4.64146, 7.6175534 ], [ 4.6414413, 7.6174192 ], [ 4.6414296, 7.6172456 ], [ 4.641544, 7.6170813 ], [ 4.6416234, 7.6170072 ], [ 4.6417121, 7.616954 ], [ 4.6417962, 7.616873 ], [ 4.6419153, 7.6167712 ], [ 4.6420554, 7.6166508 ], [ 4.6422025, 7.6165606 ], [ 4.642483, 7.6164556 ], [ 4.6426093, 7.6164068 ], [ 4.6428989, 7.6163243 ], [ 4.6431423, 7.6162205 ], [ 4.643204, 7.616135 ], [ 4.6432471, 7.6158571 ], [ 4.6429698, 7.6155914 ], [ 4.6428959, 7.6154387 ], [ 4.6427048, 7.6152372 ], [ 4.6425046, 7.6150387 ], [ 4.6423782, 7.6147913 ], [ 4.6422304, 7.6147119 ], [ 4.6420917, 7.6146569 ], [ 4.6419192, 7.614547 ], [ 4.6417774, 7.6144187 ], [ 4.6417374, 7.6142874 ], [ 4.641722, 7.6142019 ], [ 4.6417805, 7.614095 ], [ 4.6418082, 7.613924 ], [ 4.641762, 7.6137713 ], [ 4.6418545, 7.6135484 ], [ 4.6417343, 7.6133926 ], [ 4.6415679, 7.6132491 ], [ 4.6415001, 7.613133 ], [ 4.6414755, 7.6129926 ], [ 4.6415307, 7.6125932 ] ] } },
{ "type": "Feature", "properties": { "name": null, "waterway": "stream" }, "geometry": { "type": "LineString", "coordinates": [ [ 4.2568587, 7.3903865 ], [ 4.2547987, 7.3920889 ], [ 4.2506788, 7.3910675 ] ] } },
{ "type": "Feature", "properties": { "name": null, "waterway": "stream" }, "geometry": { "type": "LineString", "coordinates": [ [ 4.2685316, 7.3880032 ], [ 4.2626951, 7.3910675 ], [ 4.2609785, 7.3946424 ], [ 4.2592619, 7.3982173 ], [ 4.2573736, 7.4016219 ], [ 4.2549704, 7.4041754 ], [ 4.2515372, 7.4067288 ], [ 4.2499922, 7.409112 ] ] } },
{ "type": "Feature", "properties": { "name": null, "waterway": "stream" }, "geometry": { "type": "LineString", "coordinates": [ [ 4.2419241, 7.3653612 ], [ 4.2384909, 7.370128 ], [ 4.2398642, 7.3745543 ], [ 4.2451857, 7.3786401 ], [ 4.2481039, 7.3818747 ], [ 4.2497171, 7.384792 ], [ 4.2510222, 7.387152 ], [ 4.2506788, 7.3910675 ], [ 4.2482756, 7.3941317 ], [ 4.2467306, 7.3990684 ], [ 4.2463873, 7.4033242 ], [ 4.2477606, 7.4063883 ], [ 4.2499922, 7.409112 ], [ 4.2508505, 7.4125166 ], [ 4.2503355, 7.4150699 ], [ 4.246559, 7.4174531 ], [ 4.2446707, 7.4205171 ], [ 4.2426108, 7.4234109 ], [ 4.2400358, 7.4274963 ], [ 4.2383334, 7.4281456 ], [ 4.2355726, 7.4291985 ], [ 4.2321394, 7.431922 ], [ 4.2280195, 7.4346455 ], [ 4.2216681, 7.4354966 ], [ 4.2187498, 7.43822 ], [ 4.2175483, 7.4426881 ] ] } },
{ "type": "Feature", "properties": { "name": null, "waterway": "stream" }, "geometry": { "type": "LineString", "coordinates": [ [ 4.2101668, 7.4048563 ], [ 4.2151449, 7.4057074 ], [ 4.2166899, 7.4089418 ], [ 4.2196081, 7.4116654 ] ] } },
{ "type": "Feature", "properties": { "name": null, "waterway": "stream" }, "geometry": { "type": "LineString", "coordinates": [ [ 4.2101668, 7.4080906 ], [ 4.2132567, 7.4120059 ], [ 4.21463, 7.4147295 ], [ 4.2144583, 7.4172829 ], [ 4.2166899, 7.4203469 ] ] } },
{ "type": "Feature", "properties": { "name": null, "waterway": "stream" }, "geometry": { "type": "LineString", "coordinates": [ [ 4.2259596, 7.393621 ], [ 4.222698, 7.4011112 ], [ 4.2214964, 7.4075799 ], [ 4.2196081, 7.4116654 ], [ 4.2192648, 7.4171127 ], [ 4.2166899, 7.4203469 ], [ 4.2132567, 7.4247727 ], [ 4.2118834, 7.4280069 ], [ 4.2077635, 7.4309007 ], [ 4.2026137, 7.4337944 ], [ 4.1998671, 7.435837 ], [ 4.1979788, 7.4390711 ], [ 4.1959189, 7.4416244 ], [ 4.1933012, 7.4439647 ] ] } },
{ "type": "Feature", "properties": { "name": null, "waterway": "stream" }, "geometry": { "type": "LineString", "coordinates": [ [ 4.2304228, 7.4126868 ], [ 4.2323111, 7.4177936 ], [ 4.235401, 7.4203469 ], [ 4.2371176, 7.4223896 ], [ 4.2383334, 7.4281456 ] ] } },
{ "type": "Feature", "properties": { "name": null, "waterway": "stream" }, "geometry": { "type": "LineString", "coordinates": [ [ 4.287586, 7.4067288 ], [ 4.2778013, 7.4104738 ], [ 4.2723082, 7.4126868 ], [ 4.2693899, 7.4184745 ], [ 4.2661284, 7.42273 ], [ 4.2592619, 7.4274963 ], [ 4.2565153, 7.4312411 ], [ 4.2522238, 7.4346455 ], [ 4.2487906, 7.4366881 ], [ 4.2446707, 7.4351561 ], [ 4.2383192, 7.4341348 ], [ 4.234886, 7.4332837 ], [ 4.2321394, 7.431922 ] ] } },
{ "type": "Feature", "properties": { "name": null, "waterway": "stream" }, "geometry": { "type": "LineString", "coordinates": [ [ 4.3049238, 7.4331135 ], [ 4.2980574, 7.4280069 ], [ 4.2937659, 7.425794 ], [ 4.2868994, 7.4235812 ], [ 4.2829512, 7.4263047 ], [ 4.276943, 7.4280069 ], [ 4.2731665, 7.4291985 ], [ 4.2705916, 7.43039 ], [ 4.266815, 7.4312411 ], [ 4.2602919, 7.4322624 ], [ 4.2565153, 7.4312411 ] ] } },
{ "type": "Feature", "properties": { "name": null, "waterway": "stream" }, "geometry": { "type": "LineString", "coordinates": [ [ 4.3016623, 7.4465606 ], [ 4.3023489, 7.4443478 ], [ 4.3001173, 7.4416244 ], [ 4.2965124, 7.439752 ], [ 4.2946242, 7.4370285 ], [ 4.2925642, 7.4332837 ], [ 4.288101, 7.4314113 ], [ 4.2826079, 7.4305602 ], [ 4.2800329, 7.4322624 ], [ 4.277458, 7.4310709 ], [ 4.2731665, 7.4291985 ] ] } },
{ "type": "Feature", "properties": { "name": null, "waterway": "stream" }, "geometry": { "type": "LineString", "coordinates": [ [ 4.2669867, 7.4453691 ], [ 4.2621802, 7.4416244 ], [ 4.2582319, 7.4392413 ], [ 4.2560003, 7.4400924 ], [ 4.2549704, 7.4370285 ], [ 4.2522238, 7.4346455 ] ] } },
{ "type": "Feature", "properties": { "name": null, "waterway": "stream" }, "geometry": { "type": "LineString", "coordinates": [ [ 4.290161, 7.4545606 ], [ 4.2923926, 7.4497946 ], [ 4.2913626, 7.4450287 ], [ 4.2887877, 7.4402626 ], [ 4.2865561, 7.4366881 ], [ 4.2853544, 7.4351561 ], [ 4.2800329, 7.4322624 ] ] } },
{ "type": "Feature", "properties": { "name": null, "waterway": "stream" }, "geometry": { "type": "LineString", "coordinates": [ [ 4.2408941, 7.4465606 ], [ 4.2386625, 7.4479223 ], [ 4.2357443, 7.4513266 ], [ 4.2352293, 7.4531989 ] ] } },
{ "type": "Feature", "properties": { "name": null, "waterway": "stream" }, "geometry": { "type": "LineString", "coordinates": [ [ 4.2781447, 7.4583052 ], [ 4.2729948, 7.4550712 ], [ 4.2681883, 7.4530287 ], [ 4.2638968, 7.4499649 ], [ 4.2620085, 7.4491138 ], [ 4.2587469, 7.4511563 ], [ 4.256687, 7.4547308 ], [ 4.2527388, 7.4572839 ], [ 4.2506788, 7.4603477 ], [ 4.2479323, 7.4611987 ], [ 4.2447566, 7.4617093 ] ] } },
{ "type": "Feature", "properties": { "name": null, "waterway": "stream" }, "geometry": { "type": "LineString", "coordinates": [ [ 4.2518805, 7.4542201 ], [ 4.2463873, 7.4542201 ], [ 4.2415808, 7.454901 ], [ 4.2376247, 7.4591859 ] ] } },
{ "type": "Feature", "properties": { "name": null, "waterway": "stream" }, "geometry": { "type": "LineString", "coordinates": [ [ 4.2221831, 7.4640922 ], [ 4.2190932, 7.4623902 ], [ 4.2156599, 7.4637518 ], [ 4.2134283, 7.4637518 ] ] } },
{ "type": "Feature", "properties": { "name": null, "waterway": "stream" }, "geometry": { "type": "LineString", "coordinates": [ [ 4.2111967, 7.4838358 ], [ 4.2149733, 7.4809424 ], [ 4.2173765, 7.4802616 ], [ 4.2180632, 7.4766874 ], [ 4.2178915, 7.4727727 ], [ 4.2158316, 7.4700494 ], [ 4.2132567, 7.467156 ], [ 4.2134283, 7.4637518 ], [ 4.213085, 7.4613689 ], [ 4.2093085, 7.4586456 ], [ 4.2063902, 7.4566031 ], [ 4.2046736, 7.4535393 ], [ 4.2035579, 7.4498371 ] ] } },
{ "type": "Feature", "properties": { "name": "Agbora", "waterway": "river" }, "geometry": { "type": "LineString", "coordinates": [ [ 4.3238067, 7.5502934 ], [ 4.3250083, 7.5472303 ], [ 4.3244075, 7.5451882 ], [ 4.324665, 7.5427206 ], [ 4.32518, 7.5410188 ], [ 4.3245792, 7.5377004 ], [ 4.3243217, 7.5357433 ], [ 4.323635, 7.5348924 ], [ 4.3230342, 7.5339565 ], [ 4.3220042, 7.5331056 ], [ 4.3206309, 7.5327652 ], [ 4.3184852, 7.5328503 ], [ 4.3167686, 7.5327652 ], [ 4.3153094, 7.5328503 ], [ 4.313507, 7.5322547 ], [ 4.3123054, 7.5302125 ], [ 4.3107604, 7.5280001 ], [ 4.3090438, 7.5255325 ], [ 4.3062972, 7.523235 ], [ 4.302864, 7.5205972 ], [ 4.2995166, 7.5198313 ], [ 4.2982291, 7.5161723 ], [ 4.297285, 7.5125984 ], [ 4.2986583, 7.5091095 ], [ 4.2971133, 7.5051101 ], [ 4.2947101, 7.5011957 ], [ 4.2917918, 7.4974514 ], [ 4.2880153, 7.4950687 ], [ 4.2869853, 7.4939624 ], [ 4.2867278, 7.4920052 ], [ 4.2852687, 7.4914095 ], [ 4.2848395, 7.4898777 ], [ 4.2829513, 7.4882609 ], [ 4.2813205, 7.4865589 ], [ 4.2798614, 7.4844314 ], [ 4.2789172, 7.4827294 ], [ 4.2758273, 7.482389 ], [ 4.2729949, 7.4816231 ], [ 4.2706775, 7.479836 ], [ 4.2676734, 7.478134 ], [ 4.2663859, 7.4769426 ], [ 4.2631244, 7.475581 ], [ 4.2607211, 7.4726024 ], [ 4.2570304, 7.4708153 ], [ 4.2556571, 7.4697941 ], [ 4.253168, 7.4685175 ], [ 4.249649, 7.4678367 ], [ 4.2466449, 7.4670708 ], [ 4.2453574, 7.4658793 ], [ 4.2453574, 7.4638369 ], [ 4.2447566, 7.4617093 ], [ 4.2403792, 7.460688 ], [ 4.2376247, 7.4591859 ], [ 4.236946, 7.4588157 ], [ 4.2343711, 7.4575392 ], [ 4.2320537, 7.4576243 ], [ 4.2311954, 7.455837 ], [ 4.2311954, 7.4541775 ], [ 4.2302942, 7.4536243 ], [ 4.2290496, 7.4531562 ], [ 4.2272472, 7.452986 ], [ 4.2256164, 7.4519222 ], [ 4.2247152, 7.4508583 ], [ 4.2246294, 7.4492413 ], [ 4.2256164, 7.4480924 ], [ 4.2257452, 7.446986 ], [ 4.2252731, 7.4461775 ], [ 4.2240715, 7.4456243 ], [ 4.2223119, 7.4446881 ], [ 4.2208528, 7.4437945 ], [ 4.2199945, 7.4423902 ], [ 4.2187929, 7.4414966 ], [ 4.2175483, 7.4426881 ], [ 4.2160034, 7.4439221 ], [ 4.2144584, 7.4439647 ], [ 4.213128, 7.4443902 ], [ 4.2118835, 7.4440073 ], [ 4.2107677, 7.4440924 ], [ 4.2102098, 7.4448583 ], [ 4.2098665, 7.4464754 ], [ 4.209094, 7.4478796 ], [ 4.2072916, 7.4484754 ], [ 4.2048883, 7.4490711 ], [ 4.2035579, 7.4498371 ], [ 4.2028713, 7.4490286 ], [ 4.2009401, 7.4489435 ], [ 4.1995668, 7.4481349 ], [ 4.1981935, 7.4474115 ], [ 4.1972923, 7.4466456 ], [ 4.1962194, 7.4458371 ], [ 4.1947174, 7.4449434 ], [ 4.1942882, 7.443837 ], [ 4.1933012, 7.4439647 ], [ 4.1921854, 7.4443477 ], [ 4.1904687, 7.4446456 ], [ 4.1893959, 7.4445179 ], [ 4.1884517, 7.443837 ], [ 4.1876792, 7.4440073 ], [ 4.186306, 7.4447307 ], [ 4.1858339, 7.4455817 ], [ 4.1851902, 7.4463051 ], [ 4.1844177, 7.4457945 ], [ 4.182744, 7.4453264 ], [ 4.1803836, 7.444986 ], [ 4.1789674, 7.4445605 ], [ 4.1782808, 7.4454966 ], [ 4.177165, 7.445369 ], [ 4.17562, 7.44422 ], [ 4.174633, 7.4430285 ], [ 4.1745472, 7.441837 ], [ 4.1751051, 7.4400923 ], [ 4.1751909, 7.4391136 ], [ 4.1748905, 7.438305 ], [ 4.1729593, 7.4374965 ], [ 4.1723156, 7.4368582 ], [ 4.1727447, 7.4362624 ], [ 4.1724872, 7.4349858 ], [ 4.1720581, 7.4337092 ], [ 4.1703844, 7.4326878 ], [ 4.1689252, 7.4314963 ], [ 4.1687536, 7.4295388 ], [ 4.1673803, 7.4287302 ], [ 4.166522, 7.4274961 ], [ 4.1650199, 7.4269855 ], [ 4.1620159, 7.4253684 ], [ 4.1603851, 7.4240917 ], [ 4.1593122, 7.423198 ], [ 4.1573381, 7.4229427 ], [ 4.1553211, 7.4214958 ], [ 4.1532611, 7.4190701 ], [ 4.1526603, 7.4173679 ], [ 4.1526603, 7.4157507 ], [ 4.1537332, 7.4149847 ], [ 4.1545057, 7.4144315 ], [ 4.1542911, 7.4136655 ], [ 4.1530466, 7.4131548 ], [ 4.1503429, 7.4119632 ], [ 4.1480255, 7.4100481 ], [ 4.1467809, 7.4074947 ], [ 4.1468668, 7.4051966 ], [ 4.1462659, 7.4039624 ], [ 4.143691, 7.4021325 ], [ 4.1426181, 7.4006004 ], [ 4.1413861, 7.398358 ] ] } },
{ "type": "Feature", "properties": { "name": null, "waterway": "stream" }, "geometry": { "type": "LineString", "coordinates": [ [ 4.2489622, 7.4933668 ], [ 4.2427824, 7.4897927 ], [ 4.2391775, 7.486559 ], [ 4.2372893, 7.483155 ], [ 4.2352293, 7.4804318 ], [ 4.2323111, 7.4778788 ], [ 4.2324827, 7.475496 ], [ 4.233856, 7.4731131 ], [ 4.2336844, 7.4702196 ], [ 4.2329977, 7.467156 ], [ 4.2329977, 7.4637518 ], [ 4.2343711, 7.4575392 ] ] } },
{ "type": "Feature", "properties": { "name": null, "waterway": "stream" }, "geometry": { "type": "LineString", "coordinates": [ [ 4.277458, 7.4722621 ], [ 4.2755697, 7.475496 ], [ 4.2733381, 7.478049 ], [ 4.2706775, 7.479836 ] ] } },
{ "type": "Feature", "properties": { "name": null, "waterway": "stream" }, "geometry": { "type": "LineString", "coordinates": [ [ 4.551468, 7.4740213 ], [ 4.5514619, 7.4741129 ], [ 4.5514566, 7.4749001 ], [ 4.5512152, 7.4753469 ], [ 4.5513171, 7.4757777 ], [ 4.5515317, 7.4763947 ], [ 4.5515719, 7.4768441 ], [ 4.5516041, 7.477618 ], [ 4.5515719, 7.4779105 ], [ 4.5515051, 7.4779488 ], [ 4.5514512, 7.4779797 ], [ 4.551403, 7.478074 ] ] } },
{ "type": "Feature", "properties": { "name": null, "waterway": "stream" }, "geometry": { "type": "LineString", "coordinates": [ [ 4.5546779, 7.475799 ], [ 4.5543426, 7.4760782 ], [ 4.5539859, 7.4764638 ], [ 4.5536238, 7.4767484 ], [ 4.5534629, 7.4769425 ], [ 4.5532027, 7.4772271 ], [ 4.5530203, 7.4773414 ], [ 4.5527977, 7.4773494 ], [ 4.5525616, 7.4776153 ], [ 4.552398, 7.477852 ], [ 4.5522371, 7.4779983 ], [ 4.5520681, 7.4780036 ], [ 4.5516416, 7.4779744 ], [ 4.5515051, 7.4779488 ] ] } },
{ "type": "Feature", "properties": { "name": null, "waterway": "stream" }, "geometry": { "type": "LineString", "coordinates": [ [ 4.5647389, 7.4764744 ], [ 4.5650285, 7.4770063 ], [ 4.5652699, 7.4775169 ], [ 4.5656052, 7.4779398 ], [ 4.5658037, 7.4782935 ], [ 4.5659968, 7.4783945 ], [ 4.5662114, 7.4783972 ], [ 4.5663375, 7.4785568 ], [ 4.5664877, 7.4788546 ], [ 4.5666727, 7.479187 ], [ 4.5669356, 7.4793812 ], [ 4.5671361, 7.4794636 ] ] } },
{ "type": "Feature", "properties": { "name": null, "waterway": "stream" }, "geometry": { "type": "LineString", "coordinates": [ [ 4.5671361, 7.4794636 ], [ 4.5673131, 7.4795806 ] ] } },
{ "type": "Feature", "properties": { "name": null, "waterway": "stream" }, "geometry": { "type": "LineString", "coordinates": [ [ 4.5673131, 7.4795806 ], [ 4.5676893, 7.4798599 ], [ 4.56781, 7.4801763 ], [ 4.5677295, 7.4802827 ], [ 4.5678985, 7.4804582 ], [ 4.5681131, 7.4804928 ], [ 4.5683867, 7.480538 ], [ 4.5686375, 7.4804423 ], [ 4.5688051, 7.4804582 ], [ 4.5689875, 7.4805978 ], [ 4.5692235, 7.480764 ], [ 4.5696741, 7.4809236 ], [ 4.5699906, 7.4809928 ], [ 4.570291, 7.4809768 ], [ 4.5708758, 7.4809263 ] ] } },
{ "type": "Feature", "properties": { "name": null, "waterway": "stream" }, "geometry": { "type": "LineString", "coordinates": [ [ 4.551403, 7.478074 ], [ 4.5513895, 7.478231 ], [ 4.551124, 7.478711 ], [ 4.5509309, 7.4790514 ], [ 4.5508128, 7.4791445 ], [ 4.5504239, 7.4792881 ], [ 4.5501021, 7.4794822 ], [ 4.5498687, 7.4795328 ], [ 4.5495522, 7.4796312 ], [ 4.5491928, 7.4799051 ], [ 4.5487207, 7.4802987 ], [ 4.5483774, 7.4807614 ], [ 4.5480797, 7.4813996 ], [ 4.5479, 7.4820379 ], [ 4.54768, 7.4822666 ], [ 4.5475057, 7.4825671 ], [ 4.5472375, 7.482982 ], [ 4.5470041, 7.4831655 ], [ 4.5467734, 7.4834527 ], [ 4.546579, 7.4835391 ], [ 4.5464757, 7.4835737 ], [ 4.5463859, 7.4835723 ], [ 4.5463242, 7.4835883 ], [ 4.5462517, 7.4836003 ], [ 4.5461927, 7.4836162 ], [ 4.5461646, 7.4836069 ], [ 4.5460573, 7.4836588 ], [ 4.5459352, 7.4837066 ], [ 4.5458078, 7.4837439 ], [ 4.5456835, 7.4837133 ] ] } },
{ "type": "Feature", "properties": { "name": null, "waterway": "stream" }, "geometry": { "type": "LineString", "coordinates": [ [ 4.545777, 7.4840962 ], [ 4.5456871, 7.4837798 ], [ 4.5456835, 7.4837133 ], [ 4.5456791, 7.4836335 ], [ 4.5456094, 7.4835218 ], [ 4.5454296, 7.4833782 ], [ 4.5451695, 7.4833782 ], [ 4.5449495, 7.4834766 ], [ 4.5448074, 7.4835511 ], [ 4.5445016, 7.4836362 ], [ 4.544338, 7.4836096 ], [ 4.544287, 7.4835325 ], [ 4.5443246, 7.4834926 ], [ 4.5443782, 7.4831894 ], [ 4.5443433, 7.4829421 ], [ 4.5442575, 7.4828836 ], [ 4.5440215, 7.4828011 ], [ 4.5437264, 7.4825857 ], [ 4.5435199, 7.4823224 ], [ 4.5434985, 7.4821389 ], [ 4.5434716, 7.4819927 ], [ 4.5432973, 7.481631 ], [ 4.5432222, 7.481397 ], [ 4.5432168, 7.4812188 ], [ 4.543182, 7.4810459 ], [ 4.5429955, 7.480905 ], [ 4.5430586, 7.4807228 ], [ 4.5430183, 7.4802947 ], [ 4.5429875, 7.4802415 ], [ 4.5429955, 7.4801697 ], [ 4.5429178, 7.4800487 ], [ 4.5426495, 7.4797681 ], [ 4.5422459, 7.4793306 ], [ 4.5420393, 7.479203 ], [ 4.5417041, 7.4791418 ], [ 4.5415485, 7.4790833 ], [ 4.5412508, 7.4786844 ], [ 4.5406204, 7.4785488 ], [ 4.5402932, 7.4784424 ], [ 4.5399874, 7.4785754 ], [ 4.5397031, 7.4786818 ], [ 4.5394698, 7.4787137 ], [ 4.5391962, 7.478836 ], [ 4.5390594, 7.4789769 ], [ 4.5390353, 7.4792216 ], [ 4.5389722, 7.4793719 ], [ 4.5388193, 7.4794224 ], [ 4.5387094, 7.4795261 ], [ 4.5384693, 7.4798904 ], [ 4.5383808, 7.4799716 ], [ 4.5382534, 7.4801245 ], [ 4.5381448, 7.480296 ], [ 4.537662, 7.480655 ], [ 4.5374206, 7.4808624 ], [ 4.5372811, 7.48103 ], [ 4.5371148, 7.481038 ], [ 4.5369002, 7.4810326 ], [ 4.5367688, 7.4812215 ], [ 4.5364898, 7.481623 ], [ 4.5360929, 7.482123 ], [ 4.535889, 7.4823889 ] ] } },
{ "type": "Feature", "properties": { "name": null, "waterway": "stream" }, "geometry": { "type": "LineString", "coordinates": [ [ 4.5259514, 7.481873 ], [ 4.526284, 7.4822453 ], [ 4.5265898, 7.4824953 ], [ 4.527263, 7.4828251 ], [ 4.5274857, 7.4830724 ], [ 4.5277002, 7.4833649 ], [ 4.5280892, 7.4835856 ], [ 4.5282045, 7.4837904 ], [ 4.5284727, 7.4839314 ], [ 4.5286927, 7.4841095 ], [ 4.5288187, 7.4842106 ], [ 4.5291004, 7.4842957 ], [ 4.5292506, 7.4844313 ], [ 4.5292747, 7.4845696 ], [ 4.5292076, 7.4846973 ], [ 4.5292586, 7.4848222 ], [ 4.5292532, 7.484918 ], [ 4.529262, 7.4850004 ] ] } },
{ "type": "Feature", "properties": { "name": null, "waterway": "stream" }, "geometry": { "type": "LineString", "coordinates": [ [ 4.5712191, 7.4810592 ], [ 4.5709187, 7.4819422 ], [ 4.5707926, 7.4822267 ], [ 4.5707296, 7.4823437 ], [ 4.5707282, 7.4828663 ], [ 4.570625, 7.4833397 ], [ 4.5706008, 7.4836109 ], [ 4.5705633, 7.483712 ], [ 4.5704225, 7.4846348 ], [ 4.5704198, 7.4850031 ], [ 4.5703688, 7.4852584 ], [ 4.5703152, 7.4856014 ], [ 4.570283, 7.4859658 ], [ 4.5703125, 7.4861931 ], [ 4.5703259, 7.4863633 ], [ 4.5704842, 7.4870268 ], [ 4.5706236, 7.4875055 ], [ 4.5706934, 7.4879363 ], [ 4.5708865, 7.4888192 ], [ 4.5711064, 7.4901329 ], [ 4.5711896, 7.4905345 ], [ 4.5711172, 7.4906435 ], [ 4.5709106, 7.4908377 ], [ 4.570629, 7.4910743 ], [ 4.5704614, 7.4910943 ], [ 4.5704587, 7.4911608 ], [ 4.5704895, 7.491311 ], [ 4.5707256, 7.4916647 ], [ 4.5707846, 7.4919227 ], [ 4.5707497, 7.4922471 ], [ 4.5706786, 7.4924226 ], [ 4.5706779, 7.4925323 ] ] } },
{ "type": "Feature", "properties": { "name": null, "waterway": "stream" }, "geometry": { "type": "LineString", "coordinates": [ [ 4.535889, 7.4823889 ], [ 4.5357737, 7.4823756 ], [ 4.535535, 7.4825937 ], [ 4.5350173, 7.4830219 ], [ 4.5347196, 7.4830511 ], [ 4.5345077, 7.4830777 ], [ 4.5338881, 7.4832266 ], [ 4.5337969, 7.4831655 ], [ 4.5329118, 7.4831016 ], [ 4.5324022, 7.4830857 ], [ 4.5320105, 7.483224 ], [ 4.5317048, 7.4834048 ], [ 4.530943, 7.483809 ], [ 4.5302296, 7.4840643 ], [ 4.5297575, 7.4844632 ], [ 4.529262, 7.4850004 ], [ 4.5291835, 7.4850855 ], [ 4.5279443, 7.486378 ], [ 4.5273542, 7.4875374 ], [ 4.5271665, 7.4886863 ], [ 4.5270055, 7.4889682 ], [ 4.5267051, 7.4892873 ], [ 4.5267159, 7.4896011 ], [ 4.5267856, 7.4902287 ], [ 4.5267749, 7.4906808 ], [ 4.5265925, 7.490952 ], [ 4.5264879, 7.4912658 ], [ 4.5264128, 7.4915903 ], [ 4.5263779, 7.4918243 ], [ 4.5264906, 7.4919918 ], [ 4.5265047, 7.4920106 ] ] } },
{ "type": "Feature", "properties": { "name": null, "waterway": "stream" }, "geometry": { "type": "LineString", "coordinates": [ [ 4.5181684, 7.4886883 ], [ 4.5179633, 7.4887915 ], [ 4.5177202, 7.4888604 ], [ 4.5173257, 7.4889511 ], [ 4.516909, 7.4888823 ], [ 4.5164577, 7.4887446 ], [ 4.516142, 7.4886977 ], [ 4.5158485, 7.4885693 ], [ 4.5154697, 7.4884254 ], [ 4.5152772, 7.4884379 ], [ 4.5150688, 7.4885255 ], [ 4.5147595, 7.4884974 ], [ 4.5145449, 7.4884692 ], [ 4.5143523, 7.4885913 ], [ 4.5142292, 7.4885255 ], [ 4.5139673, 7.4884035 ], [ 4.5136863, 7.4883691 ], [ 4.5135759, 7.4883378 ], [ 4.5134023, 7.4883472 ], [ 4.513175, 7.4884097 ], [ 4.5129446, 7.4883252 ], [ 4.5128215, 7.4883378 ], [ 4.5126037, 7.4883972 ], [ 4.5124427, 7.488416 ], [ 4.5122155, 7.4883628 ], [ 4.5120892, 7.4884254 ], [ 4.5119914, 7.4886695 ], [ 4.512045, 7.4888447 ], [ 4.5118335, 7.4893142 ], [ 4.5115747, 7.489746 ], [ 4.5115747, 7.4901591 ], [ 4.5113664, 7.4906285 ], [ 4.5109497, 7.4907537 ], [ 4.5104005, 7.4911856 ], [ 4.5098198, 7.4914172 ] ] } },
{ "type": "Feature", "properties": { "name": null, "waterway": "stream" }, "geometry": { "type": "LineString", "coordinates": [ [ 4.5265047, 7.4920106 ], [ 4.5268365, 7.4925842 ] ] } },
{ "type": "Feature", "properties": { "name": null, "waterway": "stream" }, "geometry": { "type": "LineString", "coordinates": [ [ 4.5706779, 7.4925323 ], [ 4.5706775, 7.4925908 ] ] } },
{ "type": "Feature", "properties": { "name": null, "waterway": "stream" }, "geometry": { "type": "LineString", "coordinates": [ [ 4.5268365, 7.4925842 ], [ 4.5268541, 7.4926333 ] ] } },
{ "type": "Feature", "properties": { "name": null, "waterway": "stream" }, "geometry": { "type": "LineString", "coordinates": [ [ 4.5268541, 7.4926333 ], [ 4.5268768, 7.4926965 ], [ 4.5269439, 7.4929625 ], [ 4.5269707, 7.4930449 ] ] } },
{ "type": "Feature", "properties": { "name": null, "waterway": "stream" }, "geometry": { "type": "LineString", "coordinates": [ [ 4.5706775, 7.4925908 ], [ 4.5706773, 7.4926274 ], [ 4.5708516, 7.492884 ], [ 4.5709589, 7.4929425 ], [ 4.5710327, 7.4931167 ], [ 4.5711065, 7.4933653 ] ] } },
{ "type": "Feature", "properties": { "name": null, "waterway": "stream" }, "geometry": { "type": "LineString", "coordinates": [ [ 4.5225031, 7.4956002 ], [ 4.5226335, 7.4956776 ], [ 4.5228562, 7.495784 ], [ 4.5235053, 7.4958691 ], [ 4.5237896, 7.4958584 ], [ 4.5240793, 7.4959808 ], [ 4.5242429, 7.4959382 ], [ 4.5246854, 7.4956244 ], [ 4.5248249, 7.4956005 ], [ 4.5251575, 7.4956085 ], [ 4.5253748, 7.4955393 ], [ 4.5256403, 7.4953904 ], [ 4.526158, 7.4949303 ], [ 4.526284, 7.4948559 ], [ 4.5263109, 7.4947601 ], [ 4.5263417, 7.4946019 ], [ 4.5266193, 7.4941804 ], [ 4.5269787, 7.4938693 ], [ 4.5270967, 7.4937017 ], [ 4.5271571, 7.4934943 ], [ 4.5271879, 7.49338 ], [ 4.5270967, 7.4932297 ], [ 4.5269707, 7.4930449 ] ] } },
{ "type": "Feature", "properties": { "name": null, "waterway": "stream" }, "geometry": { "type": "LineString", "coordinates": [ [ 4.5101371, 7.4947761 ], [ 4.5102739, 7.4947814 ], [ 4.5105717, 7.4948373 ], [ 4.5106977, 7.4947761 ], [ 4.5108935, 7.4948452 ], [ 4.5111161, 7.4948904 ], [ 4.5115051, 7.4949755 ], [ 4.511717, 7.4949091 ], [ 4.5118189, 7.4946431 ], [ 4.5119449, 7.4943081 ], [ 4.512122, 7.4942575 ], [ 4.5124412, 7.4943214 ], [ 4.5127684, 7.4944065 ], [ 4.5131546, 7.4946378 ], [ 4.5133343, 7.4947788 ], [ 4.5134792, 7.4947681 ], [ 4.5135918, 7.4948426 ], [ 4.5137286, 7.4948878 ], [ 4.5137876, 7.4947734 ], [ 4.5137742, 7.4944277 ], [ 4.5138279, 7.4943932 ], [ 4.5140424, 7.4944543 ], [ 4.514139, 7.4945647 ], [ 4.5143013, 7.4946059 ], [ 4.5144957, 7.4946471 ], [ 4.5145883, 7.4946631 ], [ 4.5147666, 7.4947256 ], [ 4.5150241, 7.4948373 ], [ 4.5152012, 7.4948718 ], [ 4.5153554, 7.4948133 ], [ 4.5154251, 7.4947641 ], [ 4.5154908, 7.4946591 ], [ 4.5156397, 7.4947216 ], [ 4.5157778, 7.4947349 ], [ 4.5160246, 7.4947016 ], [ 4.5161104, 7.4946431 ], [ 4.5161399, 7.4944916 ], [ 4.5162874, 7.4945554 ], [ 4.5164645, 7.4947362 ], [ 4.51662, 7.4947814 ], [ 4.5167702, 7.4946511 ], [ 4.5169741, 7.4946405 ], [ 4.5172396, 7.4946644 ], [ 4.5176956, 7.4948186 ], [ 4.5179799, 7.4948399 ], [ 4.5182213, 7.4948373 ], [ 4.5185244, 7.4948665 ], [ 4.5187363, 7.4948506 ], [ 4.5190179, 7.4950473 ], [ 4.519313, 7.4952122 ], [ 4.5195222, 7.4951963 ], [ 4.5195946, 7.4953186 ], [ 4.5196402, 7.4954542 ], [ 4.5196375, 7.4956723 ], [ 4.5196509, 7.4958372 ], [ 4.5198521, 7.4959143 ], [ 4.5201015, 7.495901 ], [ 4.5202303, 7.4958637 ], [ 4.520359, 7.4958372 ], [ 4.5208847, 7.4956483 ], [ 4.5215687, 7.4954569 ], [ 4.5219898, 7.4953026 ], [ 4.5221132, 7.4953691 ], [ 4.5221497, 7.4953908 ] ] } },
{ "type": "Feature", "properties": { "name": null, "waterway": "stream" }, "geometry": { "type": "LineString", "coordinates": [ [ 4.5107031, 7.4962228 ], [ 4.5107233, 7.4963025 ], [ 4.5107487, 7.4966376 ] ] } },
{ "type": "Feature", "properties": { "name": null, "waterway": "stream" }, "geometry": { "type": "LineString", "coordinates": [ [ 4.5708669, 7.4975507 ], [ 4.5709757, 7.4974126 ], [ 4.5710932, 7.4973047 ], [ 4.5712499, 7.497227 ], [ 4.5714589, 7.4972011 ], [ 4.5715981, 7.4972184 ], [ 4.5718245, 7.4971623 ], [ 4.5720552, 7.4971407 ], [ 4.5722075, 7.4971321 ], [ 4.5724034, 7.4971062 ], [ 4.5725122, 7.4970846 ], [ 4.5726254, 7.4970544 ], [ 4.5727473, 7.4970414 ], [ 4.5728561, 7.4970501 ], [ 4.5729605, 7.4970199 ], [ 4.5730998, 7.4969292 ], [ 4.5732565, 7.4968904 ], [ 4.5734263, 7.4968904 ], [ 4.5735786, 7.4968645 ], [ 4.5736744, 7.4968472 ], [ 4.5737963, 7.4968127 ], [ 4.5739225, 7.4967566 ], [ 4.5740357, 7.496735 ], [ 4.5741488, 7.4967264 ], [ 4.5742794, 7.4966789 ], [ 4.5744448, 7.4966056 ], [ 4.5746233, 7.496571 ], [ 4.5747756, 7.496571 ], [ 4.5749585, 7.4965667 ], [ 4.5751239, 7.4965408 ], [ 4.5752675, 7.4965193 ], [ 4.5753633, 7.4965193 ], [ 4.5755025, 7.4965581 ], [ 4.5756027, 7.4965926 ], [ 4.575668, 7.496653 ], [ 4.5757768, 7.4966876 ], [ 4.5758899, 7.4967048 ], [ 4.576051, 7.4967523 ], [ 4.5761859, 7.4967782 ], [ 4.5763687, 7.4967825 ], [ 4.5765516, 7.4967523 ], [ 4.5767387, 7.4967566 ], [ 4.5768867, 7.4967566 ], [ 4.5770304, 7.4967652 ], [ 4.577174, 7.4967868 ], [ 4.5773786, 7.4968041 ], [ 4.5775179, 7.4968429 ], [ 4.577618, 7.4968731 ], [ 4.5777486, 7.4968774 ], [ 4.5778748, 7.4968559 ], [ 4.5780054, 7.4968472 ], [ 4.5781185, 7.4969163 ], [ 4.5782448, 7.4970242 ], [ 4.5783231, 7.4971019 ], [ 4.5784581, 7.497145 ], [ 4.578593, 7.4971148 ], [ 4.5786626, 7.4970889 ], [ 4.5787715, 7.4971148 ], [ 4.5788846, 7.4971838 ], [ 4.5790196, 7.497227 ], [ 4.579111, 7.4972184 ], [ 4.5792677, 7.4972874 ], [ 4.5793939, 7.4973176 ], [ 4.5795201, 7.4973565 ], [ 4.5796899, 7.4973478 ], [ 4.5797769, 7.4973522 ], [ 4.5798596, 7.4973133 ] ] } },
{ "type": "Feature", "properties": { "name": null, "waterway": "river" }, "geometry": { "type": "LineString", "coordinates": [ [ 4.5721605, 7.4923029 ], [ 4.572013, 7.4924306 ], [ 4.571836, 7.4926939 ], [ 4.5717582, 7.4928986 ], [ 4.5716885, 7.4931326 ], [ 4.5713773, 7.493364 ], [ 4.5711065, 7.4933653 ], [ 4.5710099, 7.4936033 ], [ 4.5706075, 7.4945447 ], [ 4.5706263, 7.4947043 ], [ 4.5707551, 7.4948559 ], [ 4.5707439, 7.4950132 ], [ 4.5707757, 7.4952609 ], [ 4.5708348, 7.4955851 ], [ 4.5707666, 7.4958193 ], [ 4.5707303, 7.4963958 ], [ 4.5706803, 7.4969182 ], [ 4.5706122, 7.4972154 ], [ 4.5705759, 7.4974181 ], [ 4.570535, 7.4975216 ], [ 4.5704487, 7.4975892 ], [ 4.5701807, 7.4977198 ], [ 4.5699672, 7.4978729 ], [ 4.5695402, 7.4980936 ], [ 4.5690496, 7.4983232 ], [ 4.5684501, 7.4985439 ], [ 4.5680413, 7.4987466 ], [ 4.5676325, 7.4989492 ], [ 4.5673963, 7.4991294 ], [ 4.5671373, 7.499296 ], [ 4.5666695, 7.4995257 ], [ 4.5662516, 7.4997463 ], [ 4.5656929, 7.5001066 ], [ 4.5654521, 7.5002552 ], [ 4.5649434, 7.500566 ], [ 4.5647345, 7.500665 ], [ 4.5645573, 7.5007011 ], [ 4.5642939, 7.5007371 ], [ 4.5639305, 7.5009127 ], [ 4.5636579, 7.5011064 ], [ 4.5634944, 7.5013225 ], [ 4.5633809, 7.5014982 ], [ 4.5632355, 7.501971 ], [ 4.5632037, 7.5022863 ], [ 4.563181, 7.5025745 ], [ 4.5632547, 7.5028984 ] ] } },
{ "type": "Feature", "properties": { "name": null, "waterway": "river" }, "geometry": { "type": "LineString", "coordinates": [ [ 4.5717157, 7.4991474 ], [ 4.571633, 7.498992 ], [ 4.571572, 7.498854 ], [ 4.5715328, 7.4987159 ], [ 4.5715067, 7.498595 ], [ 4.5715416, 7.4984526 ], [ 4.5715459, 7.4983361 ], [ 4.5714806, 7.4982627 ], [ 4.571411, 7.498198 ], [ 4.5712847, 7.4980167 ], [ 4.5711759, 7.4978571 ], [ 4.5710845, 7.4977449 ], [ 4.5710062, 7.4976499 ], [ 4.5709278, 7.4975895 ], [ 4.5708669, 7.4975507 ], [ 4.5707668, 7.4975507 ], [ 4.5706231, 7.4975507 ], [ 4.570535, 7.4975216 ] ] } },
{ "type": "Feature", "properties": { "name": null, "waterway": "stream" }, "geometry": { "type": "LineString", "coordinates": [ [ 4.5133102, 7.5022327 ], [ 4.5131975, 7.5020412 ], [ 4.5131653, 7.5018444 ], [ 4.513101, 7.5016689 ], [ 4.5130312, 7.5014987 ], [ 4.5130366, 7.5014136 ], [ 4.5129991, 7.5012594 ], [ 4.5129186, 7.5011743 ], [ 4.5128113, 7.501036 ], [ 4.5127255, 7.5009509 ], [ 4.5126289, 7.5007807 ], [ 4.5125431, 7.5006318 ], [ 4.5124572, 7.5005201 ], [ 4.5123553, 7.5004404 ], [ 4.5122856, 7.5004191 ], [ 4.5121944, 7.5004297 ], [ 4.5121086, 7.5004935 ], [ 4.5120549, 7.5005627 ], [ 4.5119798, 7.5006106 ], [ 4.5119047, 7.500584 ], [ 4.5118082, 7.5005627 ], [ 4.5117277, 7.5005042 ], [ 4.5116311, 7.5004616 ], [ 4.5115989, 7.5003499 ], [ 4.5115882, 7.5002595 ], [ 4.5115399, 7.5001904 ], [ 4.511556, 7.5001159 ], [ 4.5115775, 7.5000362 ], [ 4.511556, 7.4999511 ], [ 4.511497, 7.4998234 ], [ 4.5114648, 7.4997383 ], [ 4.5113897, 7.4996958 ], [ 4.5112932, 7.4996904 ], [ 4.5112181, 7.4996585 ], [ 4.5111161, 7.4996 ], [ 4.5110357, 7.4995468 ], [ 4.5109123, 7.4995043 ], [ 4.5108157, 7.4995043 ], [ 4.5107567, 7.4994511 ], [ 4.5107192, 7.499382 ], [ 4.5106709, 7.4992862 ], [ 4.5106816, 7.4991852 ], [ 4.5106977, 7.4990575 ], [ 4.5107299, 7.4989352 ], [ 4.5107514, 7.4988129 ], [ 4.5107353, 7.4987012 ], [ 4.5107084, 7.4985629 ], [ 4.5106655, 7.4984459 ], [ 4.5105636, 7.4983449 ], [ 4.5104563, 7.4982598 ], [ 4.5103115, 7.4982013 ], [ 4.5102525, 7.4981587 ], [ 4.5101935, 7.4981002 ], [ 4.5101774, 7.4980417 ], [ 4.5102471, 7.4979566 ], [ 4.5103866, 7.4978981 ], [ 4.5104617, 7.4978715 ], [ 4.5104992, 7.4977705 ], [ 4.51051, 7.4976747 ], [ 4.5104188, 7.4976162 ], [ 4.5103598, 7.4976109 ], [ 4.5103276, 7.4975311 ], [ 4.5103061, 7.4974407 ], [ 4.5102954, 7.4973343 ], [ 4.5102954, 7.4972546 ], [ 4.5103115, 7.4971801 ], [ 4.5103598, 7.4971056 ], [ 4.5104027, 7.4970205 ], [ 4.510467, 7.4969035 ], [ 4.5105421, 7.4968078 ], [ 4.5105904, 7.4967067 ], [ 4.5106494, 7.4966855 ], [ 4.5107487, 7.4966376 ] ] } },
{ "type": "Feature", "properties": { "name": null, "waterway": "stream" }, "geometry": { "type": "LineString", "coordinates": [ [ 4.5824146, 7.5026422 ], [ 4.5814061, 7.5016317 ], [ 4.5807302, 7.5007382 ], [ 4.5805639, 7.500201 ], [ 4.5806256, 7.4997569 ], [ 4.5806605, 7.4995548 ], [ 4.580529, 7.4992995 ], [ 4.5804915, 7.4990655 ], [ 4.5804512, 7.4988102 ], [ 4.5803896, 7.4985164 ], [ 4.5802635, 7.4980709 ], [ 4.5802689, 7.4976003 ], [ 4.5802259, 7.4973224 ] ] } },
{ "type": "Feature", "properties": { "name": null, "waterway": "canal" }, "geometry": { "type": "LineString", "coordinates": [ [ 4.5296288, 7.5016556 ], [ 4.5295, 7.5016663 ], [ 4.5293954, 7.5016849 ], [ 4.5292693, 7.5016849 ], [ 4.5291433, 7.5016902 ], [ 4.5290548, 7.5016902 ], [ 4.5289957, 7.5016822 ], [ 4.5289153, 7.5016397 ], [ 4.5288482, 7.5015918 ], [ 4.5287436, 7.5015174 ], [ 4.5286632, 7.5014456 ], [ 4.5285934, 7.5013631 ], [ 4.52847, 7.5012647 ], [ 4.5283842, 7.5012328 ], [ 4.5282608, 7.5011849 ], [ 4.5281321, 7.5011504 ], [ 4.5280248, 7.5011504 ], [ 4.5279014, 7.5011823 ], [ 4.5277914, 7.501177 ], [ 4.5276976, 7.5011663 ], [ 4.527593, 7.5011743 ], [ 4.5275018, 7.5011982 ], [ 4.5273891, 7.5012302 ], [ 4.5272845, 7.5012328 ], [ 4.5272201, 7.5012222 ], [ 4.5271423, 7.501177 ], [ 4.5270538, 7.5011185 ], [ 4.5270377, 7.5010812 ], [ 4.5269948, 7.5010094 ], [ 4.5269439, 7.500927 ], [ 4.5268956, 7.5008738 ], [ 4.5268446, 7.5008472 ], [ 4.5267802, 7.5008313 ], [ 4.5267025, 7.5008313 ], [ 4.526622, 7.5008552 ], [ 4.5265254, 7.5008259 ], [ 4.5264477, 7.5007834 ], [ 4.5263699, 7.5007089 ], [ 4.5263457, 7.5005973 ], [ 4.5261928, 7.5003074 ], [ 4.5259514, 7.5001744 ], [ 4.5258924, 7.5000361 ], [ 4.525651, 7.4997942 ], [ 4.5257771, 7.4994192 ], [ 4.525761, 7.4990416 ], [ 4.5255196, 7.4988076 ], [ 4.5250529, 7.4988448 ], [ 4.5249027, 7.4989246 ], [ 4.524664, 7.4990363 ], [ 4.5246023, 7.499116 ], [ 4.5243019, 7.4990097 ], [ 4.5240095, 7.4990256 ], [ 4.5238861, 7.4990735 ], [ 4.523921, 7.4992543 ], [ 4.5238861, 7.4994352 ], [ 4.5238754, 7.4995176 ], [ 4.5238707, 7.4995488 ], [ 4.5237031, 7.4996732 ], [ 4.5233175, 7.4999457 ], [ 4.5231405, 7.5001 ], [ 4.522993, 7.500201 ], [ 4.5226899, 7.500193 ], [ 4.5226577, 7.5003074 ], [ 4.5228213, 7.5005786 ], [ 4.5226416, 7.5011424 ], [ 4.522545, 7.5013073 ], [ 4.5226389, 7.5014535 ], [ 4.5225343, 7.5016157 ], [ 4.5224673, 7.5016902 ], [ 4.5226067, 7.501895 ], [ 4.5226389, 7.50202 ], [ 4.5225853, 7.5022167 ], [ 4.5225477, 7.5024082 ], [ 4.5224807, 7.5025811 ], [ 4.5223492, 7.5029401 ], [ 4.5220891, 7.5029879 ], [ 4.5219174, 7.5028124 ], [ 4.5218772, 7.5021636 ], [ 4.5218047, 7.5018764 ], [ 4.5217887, 7.5016769 ], [ 4.5216224, 7.5014934 ], [ 4.521448, 7.5011982 ], [ 4.5212898, 7.5010892 ], [ 4.5212361, 7.500919 ], [ 4.521094, 7.5009164 ], [ 4.5209894, 7.5009456 ], [ 4.5207292, 7.5009828 ], [ 4.5205227, 7.5011238 ], [ 4.520418, 7.5013126 ], [ 4.5203698, 7.5015147 ], [ 4.5202947, 7.5016211 ], [ 4.5202571, 7.5017115 ], [ 4.5199701, 7.5017008 ], [ 4.5197287, 7.5017593 ], [ 4.5196375, 7.5018338 ], [ 4.5192432, 7.5012381 ], [ 4.5190515, 7.5013777 ], [ 4.5188878, 7.5012448 ], [ 4.5181838, 7.5008446 ], [ 4.5179933, 7.500943 ], [ 4.5178726, 7.5010041 ], [ 4.5178485, 7.5010919 ], [ 4.5177868, 7.5013525 ], [ 4.5177144, 7.5016051 ], [ 4.517481, 7.5017833 ], [ 4.5172664, 7.5017381 ], [ 4.5168588, 7.5017221 ], [ 4.5166308, 7.5018657 ], [ 4.5163679, 7.5019854 ], [ 4.5158744, 7.5020997 ], [ 4.515633, 7.5021875 ], [ 4.5154533, 7.5022939 ], [ 4.5151395, 7.5025624 ], [ 4.5149758, 7.5026715 ], [ 4.5146942, 7.5028337 ], [ 4.5146352, 7.5031927 ], [ 4.5144206, 7.5036155 ], [ 4.5145467, 7.5040862 ], [ 4.5142382, 7.504267 ], [ 4.5141202, 7.504259 ] ] } },
{ "type": "Feature", "properties": { "name": null, "waterway": "canal" }, "geometry": { "type": "LineString", "coordinates": [ [ 4.5301519, 7.5019473 ], [ 4.5300557, 7.501833 ], [ 4.5299784, 7.5017839 ], [ 4.529939, 7.5017589 ], [ 4.5298222, 7.5016894 ], [ 4.5296288, 7.5016556 ] ] } },
{ "type": "Feature", "properties": { "name": null, "waterway": "river" }, "geometry": { "type": "LineString", "coordinates": [ [ 4.5524624, 7.4994142 ], [ 4.5524034, 7.4997067 ], [ 4.5524141, 7.4999407 ], [ 4.5523873, 7.5004034 ], [ 4.5522746, 7.5006427 ], [ 4.5522532, 7.500797 ], [ 4.5524088, 7.5009565 ], [ 4.5525697, 7.501132 ], [ 4.5526341, 7.5014512 ], [ 4.5526716, 7.5018766 ], [ 4.5526394, 7.5023234 ], [ 4.5526233, 7.5026691 ], [ 4.5528594, 7.5030095 ], [ 4.5530686, 7.5033126 ], [ 4.5532349, 7.5035785 ], [ 4.5534387, 7.5038285 ], [ 4.5534816, 7.5040413 ], [ 4.5535728, 7.5044455 ], [ 4.5536157, 7.5047486 ], [ 4.5538089, 7.5049773 ], [ 4.5540073, 7.5052166 ], [ 4.5542005, 7.5054347 ], [ 4.554415, 7.5057113 ], [ 4.5546672, 7.5060835 ], [ 4.5548013, 7.506291 ], [ 4.5549837, 7.5066739 ], [ 4.5550534, 7.5069345 ], [ 4.5551226, 7.5071881 ] ] } },
{ "type": "Feature", "properties": { "name": null, "waterway": "river" }, "geometry": { "type": "LineString", "coordinates": [ [ 4.5632547, 7.5028984 ], [ 4.5633968, 7.5033412 ], [ 4.563478, 7.5035022 ], [ 4.5634678, 7.5037744 ], [ 4.5630365, 7.5043242 ], [ 4.562716, 7.5046174 ], [ 4.56226, 7.5048252 ], [ 4.5618657, 7.5050084 ], [ 4.5611139, 7.504984 ], [ 4.5603128, 7.5051184 ], [ 4.5593146, 7.505265 ], [ 4.5583286, 7.5053872 ], [ 4.5576138, 7.5055461 ], [ 4.5569853, 7.5059126 ], [ 4.5563074, 7.5063891 ], [ 4.5557159, 7.5067313 ], [ 4.5552599, 7.5070734 ], [ 4.5551226, 7.5071881 ], [ 4.5546314, 7.5075988 ], [ 4.5539905, 7.5081731 ], [ 4.5535961, 7.5086129 ], [ 4.5533127, 7.5089184 ], [ 4.5530292, 7.5093705 ], [ 4.5527211, 7.509957 ], [ 4.5525239, 7.510409 ], [ 4.5522281, 7.5109344 ], [ 4.5518707, 7.5113376 ], [ 4.551575, 7.5117164 ], [ 4.5512669, 7.5120219 ], [ 4.5510602, 7.5124007 ] ] } },
{ "type": "Feature", "properties": { "name": null, "waterway": "river" }, "geometry": { "type": "LineString", "coordinates": [ [ 4.5510602, 7.5124007 ], [ 4.5506672, 7.5127181 ], [ 4.550085, 7.5132087 ], [ 4.549692, 7.5136994 ], [ 4.5492554, 7.5141178 ], [ 4.5490229, 7.5147208 ], [ 4.5485126, 7.5154347 ], [ 4.5480914, 7.5164091 ], [ 4.547713, 7.5171739 ], [ 4.5474219, 7.5175923 ], [ 4.5471744, 7.5178665 ], [ 4.5468251, 7.5180397 ], [ 4.5463448, 7.5180974 ], [ 4.5457626, 7.5181118 ], [ 4.545326, 7.5180541 ], [ 4.5447729, 7.5179242 ], [ 4.5442344, 7.5177222 ], [ 4.5436958, 7.5177078 ], [ 4.5431719, 7.5175491 ], [ 4.5428226, 7.5172893 ], [ 4.5423277, 7.5169286 ], [ 4.5420799, 7.5164843 ], [ 4.5419925, 7.5157628 ], [ 4.5418907, 7.5148826 ], [ 4.5415118, 7.5142454 ], [ 4.5413098, 7.5141274 ], [ 4.5410247, 7.5140529 ], [ 4.5405024, 7.5139306 ], [ 4.5402349, 7.5137912 ], [ 4.5398589, 7.513442 ], [ 4.5395002, 7.513208 ], [ 4.5387507, 7.5129276 ] ] } },
{ "type": "Feature", "properties": { "name": null, "waterway": "stream" }, "geometry": { "type": "LineString", "coordinates": [ [ 4.5823127, 7.5170019 ], [ 4.5814544, 7.5169806 ], [ 4.5809904, 7.5169939 ], [ 4.5804459, 7.5170817 ], [ 4.579668, 7.5173104 ], [ 4.5785093, 7.5175657 ], [ 4.5778924, 7.5175391 ], [ 4.5769322, 7.5176507 ], [ 4.5762509, 7.517805 ], [ 4.5757735, 7.5176401 ], [ 4.5755267, 7.5176242 ], [ 4.5751029, 7.5177571 ], [ 4.5746013, 7.5178502 ], [ 4.574596, 7.5179007 ], [ 4.57436, 7.5178369 ], [ 4.5741481, 7.5177465 ], [ 4.5738745, 7.5178183 ], [ 4.5736197, 7.5179539 ], [ 4.5734104, 7.5180629 ], [ 4.5734051, 7.5181906 ], [ 4.5732093, 7.5182943 ], [ 4.5730457, 7.5184166 ], [ 4.5726648, 7.518491 ], [ 4.5725253, 7.5185921 ], [ 4.5723832, 7.5187064 ], [ 4.5722759, 7.518757 ], [ 4.5720854, 7.5187463 ], [ 4.5720026, 7.5187827 ] ] } },
{ "type": "Feature", "properties": { "name": null, "waterway": "stream" }, "geometry": { "type": "LineString", "coordinates": [ [ 4.2276762, 7.48741 ], [ 4.2299078, 7.4850272 ], [ 4.2304228, 7.480602 ], [ 4.2323111, 7.4778788 ] ] } },
{ "type": "Feature", "properties": { "name": null, "waterway": "stream" }, "geometry": { "type": "LineString", "coordinates": [ [ 4.4991052, 7.4890054 ], [ 4.4993412, 7.4890958 ], [ 4.4997865, 7.4892926 ], [ 4.5002103, 7.4894522 ], [ 4.5004141, 7.4894415 ], [ 4.5004839, 7.4894256 ], [ 4.500677, 7.4892873 ], [ 4.5008594, 7.4892501 ], [ 4.5010364, 7.4893937 ], [ 4.5010686, 7.4896809 ], [ 4.501251, 7.4896489 ], [ 4.5014012, 7.4895798 ], [ 4.5015836, 7.4895053 ], [ 4.5018786, 7.4896755 ], [ 4.5021951, 7.4898138 ], [ 4.5021522, 7.4899438 ] ] } },
{ "type": "Feature", "properties": { "name": null, "waterway": "stream" }, "geometry": { "type": "LineString", "coordinates": [ [ 4.5004141, 7.4894415 ], [ 4.5005182, 7.4895088 ], [ 4.5006402, 7.4896176 ], [ 4.5007378, 7.4897063 ], [ 4.5008557, 7.4897466 ], [ 4.5009451, 7.4897869 ], [ 4.5010468, 7.4898474 ], [ 4.5011051, 7.4899498 ] ] } },
{ "type": "Feature", "properties": { "name": null, "waterway": "stream" }, "geometry": { "type": "LineString", "coordinates": [ [ 4.4941593, 7.4919835 ], [ 4.4943738, 7.4920845 ], [ 4.4945401, 7.4920181 ], [ 4.4945911, 7.4918798 ], [ 4.4944248, 7.491808 ], [ 4.4943846, 7.4917335 ], [ 4.4945696, 7.4916165 ], [ 4.4948244, 7.4915367 ], [ 4.4948915, 7.4913772 ], [ 4.4949693, 7.4911245 ], [ 4.4950846, 7.4910926 ], [ 4.4951865, 7.4911804 ], [ 4.4951436, 7.4913851 ], [ 4.4951195, 7.4916006 ], [ 4.4952295, 7.4916777 ], [ 4.4953314, 7.491792 ], [ 4.4953394, 7.4919755 ], [ 4.4952858, 7.4921776 ], [ 4.4951946, 7.4924861 ], [ 4.4951463, 7.492885 ], [ 4.4951356, 7.49301 ], [ 4.4950658, 7.4931908 ], [ 4.49509, 7.493369 ], [ 4.4951275, 7.4934514 ], [ 4.4953421, 7.4934302 ], [ 4.4959, 7.4932626 ], [ 4.4962487, 7.4930844 ], [ 4.4964391, 7.4930259 ], [ 4.4966188, 7.4930632 ], [ 4.4968576, 7.4931243 ], [ 4.4971687, 7.4930206 ], [ 4.4974503, 7.4930153 ], [ 4.4977427, 7.4931536 ], [ 4.497968, 7.4932227 ], [ 4.4982174, 7.4930924 ], [ 4.4983301, 7.4929143 ], [ 4.4985688, 7.4930392 ], [ 4.4989711, 7.4931802 ], [ 4.4990999, 7.4935445 ], [ 4.4992689, 7.4936136 ], [ 4.4994217, 7.4935525 ], [ 4.4996229, 7.4932627 ], [ 4.4997624, 7.4930924 ], [ 4.4999984, 7.4930632 ], [ 4.5000897, 7.4928796 ], [ 4.5003632, 7.4927813 ], [ 4.500492, 7.492869 ], [ 4.500677, 7.4925739 ], [ 4.5008514, 7.4924888 ], [ 4.5010284, 7.4917415 ], [ 4.5010311, 7.4914357 ], [ 4.5009077, 7.4913373 ], [ 4.5007789, 7.4911352 ], [ 4.5009506, 7.4907895 ], [ 4.5010311, 7.4905501 ], [ 4.5009345, 7.4901991 ], [ 4.5008809, 7.4899598 ], [ 4.5011051, 7.4899498 ], [ 4.5012403, 7.4899438 ], [ 4.5017553, 7.4900129 ], [ 4.5021522, 7.4899438 ] ] } },
{ "type": "Feature", "properties": { "name": null, "waterway": "stream" }, "geometry": { "type": "LineString", "coordinates": [ [ 4.5021522, 7.4899438 ], [ 4.502238, 7.4899814 ], [ 4.502521, 7.4900026 ], [ 4.5027584, 7.4899362 ], [ 4.5032304, 7.4899627 ], [ 4.5037132, 7.4900372 ], [ 4.5039171, 7.4899149 ], [ 4.504298, 7.489883 ], [ 4.5048988, 7.4899521 ], [ 4.5054299, 7.4903563 ], [ 4.5052797, 7.4905877 ], [ 4.5051241, 7.4907286 ], [ 4.5050329, 7.4908563 ], [ 4.5051107, 7.490968 ], [ 4.5052797, 7.4911116 ], [ 4.5054352, 7.4913775 ], [ 4.5056525, 7.4915078 ], [ 4.5060575, 7.491553 ], [ 4.5064303, 7.4917418 ], [ 4.5066851, 7.4920929 ], [ 4.5072269, 7.492271 ], [ 4.5076883, 7.4924678 ], [ 4.5081523, 7.4925902 ], [ 4.5083615, 7.4926779 ], [ 4.5085385, 7.4930476 ], [ 4.508906, 7.4935847 ], [ 4.5092225, 7.4940315 ], [ 4.5094103, 7.4943506 ], [ 4.5101371, 7.4947761 ], [ 4.5104241, 7.4950048 ], [ 4.5105368, 7.4952441 ], [ 4.5106119, 7.4954303 ], [ 4.5107084, 7.4957015 ], [ 4.5107835, 7.4959196 ], [ 4.5107245, 7.4961164 ], [ 4.5107031, 7.4962228 ] ] } },
{ "type": "Feature", "properties": { "name": null, "waterway": "stream" }, "geometry": { "type": "LineString", "coordinates": [ [ 4.2136, 7.4904735 ], [ 4.2113684, 7.4954092 ], [ 4.2063902, 7.499664 ], [ 4.2020987, 7.5020467 ], [ 4.1980873, 7.5030471 ] ] } },
{ "type": "Feature", "properties": { "name": null, "waterway": "stream" }, "geometry": { "type": "LineString", "coordinates": [ [ 4.2414091, 7.5083438 ], [ 4.2369459, 7.5037486 ], [ 4.2285345, 7.5098755 ], [ 4.222698, 7.5107264 ], [ 4.2165182, 7.5110668 ], [ 4.2105101, 7.5097053 ], [ 4.2046736, 7.5063015 ], [ 4.201412, 7.5044294 ], [ 4.1980873, 7.5030471 ], [ 4.1960905, 7.5022169 ], [ 4.191284, 7.5051102 ], [ 4.1883658, 7.5039188 ], [ 4.1841459, 7.5028737 ] ] } },
{ "type": "Feature", "properties": { "name": "Oṣun River", "waterway": "river" }, "geometry": { "type": "LineString", "coordinates": [ [ 4.3662143, 7.6873501 ], [ 4.3681197, 7.6842369 ], [ 4.3686175, 7.6820764 ], [ 4.3670726, 7.6800349 ], [ 4.3655276, 7.677313 ], [ 4.3660426, 7.6754416 ], [ 4.3667292, 7.6744209 ], [ 4.3674331, 7.6721582 ], [ 4.3670726, 7.6686366 ], [ 4.3670726, 7.6660847 ], [ 4.3672442, 7.6631926 ], [ 4.3660426, 7.6599601 ], [ 4.3639998, 7.6588883 ], [ 4.3610816, 7.6595688 ], [ 4.3593478, 7.6591095 ], [ 4.3578029, 7.6562173 ], [ 4.3572879, 7.6540055 ], [ 4.3553996, 7.6529847 ], [ 4.3535113, 7.6526445 ], [ 4.351623, 7.650773 ], [ 4.3509364, 7.6480509 ], [ 4.3524814, 7.6443079 ], [ 4.3540263, 7.6427767 ], [ 4.3550563, 7.6398844 ], [ 4.3550563, 7.6364816 ], [ 4.3552279, 7.6334191 ], [ 4.354198, 7.6315475 ], [ 4.3512797, 7.6312073 ], [ 4.3494086, 7.6297951 ], [ 4.3492198, 7.6269537 ], [ 4.3493914, 7.6250821 ], [ 4.3471598, 7.6240613 ], [ 4.3459582, 7.6206584 ], [ 4.3452716, 7.6187868 ], [ 4.3428683, 7.6184465 ], [ 4.3401217, 7.6189569 ], [ 4.3380618, 7.6184465 ], [ 4.3380618, 7.6172555 ], [ 4.3365168, 7.6160644 ], [ 4.3346286, 7.6158943 ], [ 4.3320536, 7.6150435 ], [ 4.3284488, 7.614363 ], [ 4.3255305, 7.6138525 ], [ 4.3245005, 7.6128316 ], [ 4.3234706, 7.6111301 ], [ 4.3224406, 7.6082376 ], [ 4.3210673, 7.6051749 ], [ 4.3208957, 7.6038137 ], [ 4.319179, 7.6034734 ], [ 4.3176341, 7.6022823 ], [ 4.3159175, 7.6009211 ], [ 4.313703, 7.5988282 ], [ 4.310596, 7.5973478 ], [ 4.3087077, 7.5949657 ], [ 4.3059611, 7.592073 ], [ 4.3040728, 7.5905416 ], [ 4.3028712, 7.5883296 ], [ 4.3033862, 7.586628 ], [ 4.3032145, 7.5837353 ], [ 4.3035579, 7.5822038 ], [ 4.3016867, 7.5809617 ], [ 4.2985797, 7.5816934 ], [ 4.2966914, 7.5827143 ], [ 4.2956786, 7.5847052 ], [ 4.2930865, 7.5859473 ], [ 4.2925887, 7.5874277 ], [ 4.2894816, 7.5876489 ], [ 4.2881083, 7.5876489 ], [ 4.2862201, 7.5886699 ], [ 4.2834735, 7.58884 ], [ 4.2819285, 7.589861 ], [ 4.2804007, 7.5892995 ], [ 4.2796969, 7.5883296 ], [ 4.277122, 7.5890102 ], [ 4.2755942, 7.5894696 ], [ 4.2745471, 7.5874788 ], [ 4.2754054, 7.5849264 ], [ 4.2738604, 7.5832248 ], [ 4.2723155, 7.5822038 ], [ 4.2716288, 7.5801619 ], [ 4.2697577, 7.5789197 ], [ 4.2676806, 7.5774393 ], [ 4.2654662, 7.5767076 ], [ 4.2632174, 7.5764183 ], [ 4.2608142, 7.576078 ], [ 4.2596125, 7.5745465 ], [ 4.2577414, 7.5731342 ], [ 4.2554927, 7.5721642 ], [ 4.2537761, 7.5718239 ], [ 4.2524028, 7.5704626 ], [ 4.2503428, 7.5687609 ], [ 4.2493129, 7.5668891 ], [ 4.2482829, 7.5651874 ], [ 4.2465663, 7.5643366 ], [ 4.244678, 7.5628051 ], [ 4.2426352, 7.561733 ], [ 4.2424464, 7.558721 ], [ 4.2409015, 7.5568492 ], [ 4.2374682, 7.5565088 ], [ 4.2352538, 7.5567981 ], [ 4.2333484, 7.5570193 ], [ 4.2287135, 7.5563387 ], [ 4.2252803, 7.5563387 ], [ 4.2225337, 7.5561685 ], [ 4.2191005, 7.555658 ], [ 4.2158389, 7.555658 ], [ 4.2108607, 7.5571895 ], [ 4.2089896, 7.5557771 ], [ 4.2067408, 7.554637 ], [ 4.2029643, 7.5532756 ], [ 4.200561, 7.5537861 ] ] } },
{ "type": "Feature", "properties": { "name": null, "waterway": "stream" }, "geometry": { "type": "LineString", "coordinates": [ [ 4.2263888, 7.626354 ], [ 4.2226981, 7.6272898 ], [ 4.2189216, 7.6270346 ], [ 4.2133426, 7.6267794 ], [ 4.2078494, 7.628736 ], [ 4.2023563, 7.6303524 ], [ 4.1962811, 7.6318437 ] ] } },
{ "type": "Feature", "properties": { "name": null, "waterway": "stream" }, "geometry": { "type": "LineString", "coordinates": [ [ 4.2167448, 7.7363288 ], [ 4.2158317, 7.7357419 ], [ 4.2151022, 7.7344661 ], [ 4.2130422, 7.7339133 ], [ 4.2115831, 7.7331053 ], [ 4.2100381, 7.7311917 ], [ 4.2082357, 7.7289378 ], [ 4.2063045, 7.7269817 ], [ 4.2051458, 7.725153 ], [ 4.2034721, 7.7239198 ], [ 4.2018413, 7.7228141 ], [ 4.199953, 7.7216659 ] ] } },
{ "type": "Feature", "properties": { "name": "Omitu", "waterway": "river" }, "geometry": { "type": "LineString", "coordinates": [ [ 4.242830868335264, 7.066739409980141 ], [ 4.2416667, 7.0663115 ], [ 4.2402934, 7.066567 ], [ 4.2382335, 7.0667374 ], [ 4.2360877, 7.0659708 ], [ 4.2348003, 7.0663967 ], [ 4.2337703, 7.0673336 ], [ 4.2324828, 7.0657152 ], [ 4.2305945, 7.0645227 ], [ 4.2294788, 7.0638413 ], [ 4.2271613, 7.0623081 ], [ 4.2240714, 7.0625636 ], [ 4.2215823, 7.061797 ], [ 4.2190932, 7.0610304 ], [ 4.2175483, 7.059923 ], [ 4.2142867, 7.058986 ], [ 4.211111, 7.0572824 ], [ 4.2082786, 7.0569417 ], [ 4.2077636, 7.0559195 ], [ 4.2063903, 7.0548974 ], [ 4.2033004, 7.0536197 ], [ 4.2023456, 7.0534066 ], [ 4.2013263, 7.0539604 ], [ 4.200865, 7.0546844 ], [ 4.2001139, 7.0548867 ], [ 4.1994381, 7.054695 ], [ 4.1990089, 7.0539604 ], [ 4.1979897, 7.052278 ], [ 4.1972816, 7.0516072 ], [ 4.196992799156674, 7.051469636481612 ] ] } },
{ "type": "Feature", "properties": { "name": null, "waterway": "stream" }, "geometry": { "type": "LineString", "coordinates": [ [ 4.190858495771426, 7.068649197489992 ], [ 4.1914986, 7.06826 ], [ 4.1923356, 7.0666628 ], [ 4.1926896, 7.0655874 ], [ 4.1938591, 7.0649379 ], [ 4.1947494, 7.0640011 ], [ 4.1947172, 7.0625424 ], [ 4.1951895, 7.0612858 ], [ 4.1954683, 7.0602425 ], [ 4.1957259, 7.0589221 ], [ 4.1966913, 7.0578255 ], [ 4.1975069, 7.0570907 ], [ 4.197818, 7.0558662 ], [ 4.1978502, 7.0547056 ], [ 4.19748, 7.0537048 ], [ 4.196713, 7.0529914 ], [ 4.196555482939691, 7.052590910351324 ] ] } },
{ "type": "Feature", "properties": { "name": "Omitu", "waterway": "stream" }, "geometry": { "type": "LineString", "coordinates": [ [ 4.190769, 7.0942493 ], [ 4.1892241, 7.0910127 ], [ 4.1881941, 7.086243 ], [ 4.1885374, 7.0823249 ], [ 4.1905866, 7.0789498 ], [ 4.1920245, 7.0775655 ], [ 4.1937195, 7.0766713 ], [ 4.194181, 7.0746695 ], [ 4.1947067, 7.073839 ], [ 4.1945992, 7.0726893 ], [ 4.1942561, 7.0713476 ], [ 4.1948567, 7.0694738 ], [ 4.1953933, 7.0674294 ], [ 4.1956936, 7.0654385 ] ] } },
{ "type": "Feature", "properties": { "name": null, "waterway": "stream" }, "geometry": { "type": "LineString", "coordinates": [ [ 4.1986655, 7.1163939 ], [ 4.1952323, 7.1148608 ], [ 4.1924857, 7.1140091 ], [ 4.1894816, 7.1143498 ], [ 4.1873359, 7.1156273 ], [ 4.1862201, 7.1175862 ], [ 4.1849326, 7.1198858 ], [ 4.1822719, 7.1214188 ], [ 4.180295702874761, 7.122921905408083 ] ] } },
{ "type": "Feature", "properties": { "name": null, "waterway": "stream" }, "geometry": { "type": "LineString", "coordinates": [ [ 4.1794824, 7.1511842 ], [ 4.1781091, 7.1498216 ], [ 4.1766929, 7.1482461 ], [ 4.175182665926197, 7.14717988124069 ] ] } },
{ "type": "Feature", "properties": { "name": "Oran", "waterway": "stream" }, "geometry": { "type": "LineString", "coordinates": [ [ 4.253683, 7.2249721 ], [ 4.2508506, 7.2207997 ], [ 4.2487048, 7.2177343 ], [ 4.2444133, 7.2150095 ], [ 4.2422675, 7.2134768 ], [ 4.2400359, 7.2126253 ], [ 4.2388343, 7.2110074 ], [ 4.2329978, 7.2087083 ], [ 4.2247581, 7.2043655 ], [ 4.2182349, 7.2013851 ], [ 4.2132568, 7.1987453 ], [ 4.2103385, 7.1961056 ], [ 4.2066478, 7.1953392 ], [ 4.2014979, 7.1934658 ], [ 4.1956615, 7.1909111 ], [ 4.1947173, 7.1899744 ], [ 4.1905116, 7.1900595 ], [ 4.1858768, 7.188101 ], [ 4.183216, 7.1867385 ], [ 4.1805553, 7.1858869 ], [ 4.1779803, 7.1862275 ], [ 4.1760062, 7.1869088 ], [ 4.173603, 7.1856314 ], [ 4.1693973, 7.183758 ], [ 4.1669082, 7.1826509 ], [ 4.1636466, 7.1835877 ], [ 4.1617583, 7.1847799 ], [ 4.1588401, 7.1869939 ], [ 4.1571235, 7.1881861 ], [ 4.1550635, 7.1886119 ], [ 4.1542911, 7.1917627 ], [ 4.1535636, 7.1922623 ], [ 4.1520595, 7.1932954 ], [ 4.1475963, 7.195254 ], [ 4.1455363, 7.1972126 ], [ 4.1433047, 7.1995117 ], [ 4.1435622, 7.2013 ], [ 4.1429614, 7.2035991 ], [ 4.1394424, 7.2047061 ], [ 4.1375541, 7.2068349 ], [ 4.1343783, 7.2083677 ], [ 4.1320609, 7.2093043 ], [ 4.1303443, 7.2110925 ], [ 4.1308593, 7.2135619 ], [ 4.128971, 7.2148392 ], [ 4.1264819, 7.2144986 ], [ 4.1221904, 7.2153501 ], [ 4.1203879, 7.2174789 ], [ 4.119358, 7.2191819 ], [ 4.1167476, 7.2223901 ] ] } },
{ "type": "Feature", "properties": { "name": null, "waterway": "stream" }, "geometry": { "type": "LineString", "coordinates": [ [ 4.211111, 7.220374 ], [ 4.2075919, 7.2200334 ], [ 4.2054462, 7.2194373 ], [ 4.2019271, 7.2202888 ], [ 4.1979789, 7.2191819 ], [ 4.1958331, 7.2188413 ], [ 4.1941165, 7.2160313 ], [ 4.1921424, 7.2139877 ], [ 4.1909408, 7.2132213 ], [ 4.1875075, 7.2131362 ], [ 4.1843318, 7.2123698 ], [ 4.1826152, 7.2100707 ], [ 4.1784095, 7.2087934 ], [ 4.1759204, 7.2079419 ], [ 4.173541, 7.2071747 ], [ 4.1724872, 7.2068349 ], [ 4.1706847, 7.2057279 ], [ 4.1703876, 7.2055314 ], [ 4.1696548, 7.2050467 ], [ 4.1687106, 7.2031733 ], [ 4.1679381, 7.1993414 ], [ 4.1665649, 7.196361 ], [ 4.1663932, 7.1934658 ], [ 4.1654491, 7.1912517 ], [ 4.163475, 7.1905705 ], [ 4.1604709, 7.1909111 ], [ 4.157896, 7.1916775 ], [ 4.1560077, 7.1931251 ], [ 4.1535636, 7.1922623 ] ] } },
{ "type": "Feature", "properties": { "name": null, "waterway": "stream" }, "geometry": { "type": "LineString", "coordinates": [ [ 4.2099952, 7.2084528 ], [ 4.2068194, 7.2080271 ], [ 4.2018413, 7.208538 ], [ 4.198923, 7.2089637 ], [ 4.1969489, 7.210241 ], [ 4.1954898, 7.2120292 ], [ 4.1932582, 7.2123698 ], [ 4.1909408, 7.2132213 ] ] } },
{ "type": "Feature", "properties": { "name": null, "waterway": "stream" }, "geometry": { "type": "LineString", "coordinates": [ [ 4.1823577, 7.2196928 ], [ 4.179697, 7.2171383 ], [ 4.1778087, 7.2154352 ], [ 4.1758346, 7.2133065 ], [ 4.1747188, 7.211348 ], [ 4.1739463, 7.2101559 ], [ 4.173541, 7.2071747 ] ] } },
{ "type": "Feature", "properties": { "name": null, "waterway": "stream" }, "geometry": { "type": "LineString", "coordinates": [ [ 4.206047, 7.2259938 ], [ 4.2023563, 7.2244612 ], [ 4.200983, 7.2235245 ], [ 4.1978931, 7.2232691 ], [ 4.1963481, 7.2222473 ], [ 4.194889, 7.2210552 ], [ 4.1958331, 7.2188413 ] ] } },
{ "type": "Feature", "properties": { "name": "Oshun River", "waterway": "river" }, "geometry": { "type": "MultiLineString", "coordinates": [ [ [ 4.104941865449048, 7.236625530629581 ], [ 4.1048588, 7.2362136 ], [ 4.104472940327041, 7.235922225156536 ] ], [ [ 4.080569819673547, 7.198203675918901 ], [ 4.0806437, 7.1968603 ], [ 4.079862989909898, 7.195800412267022 ] ], [ [ 4.079021823558777, 7.192661512918389 ], [ 4.0790006, 7.1923194 ], [ 4.078723347496637, 7.191541971284336 ] ], [ [ 4.072137448108293, 7.162648346868486 ], [ 4.0764187, 7.1619674 ], [ 4.0786485, 7.1597161 ], [ 4.0826779, 7.1561839 ], [ 4.0852989, 7.1535056 ], [ 4.0854163, 7.1522635 ], [ 4.08498108364429, 7.151936362934483 ] ], [ [ 4.071117813628222, 7.142316148801899 ], [ 4.0711375, 7.142249 ], [ 4.071053028, 7.141813165938622 ] ], [ [ 4.071053028, 7.139276133167904 ], [ 4.071237605061587, 7.138701771899098 ] ], [ [ 4.072437091597525, 7.136816790189539 ], [ 4.0727023, 7.1365818 ], [ 4.0747366, 7.1358831 ], [ 4.0770446, 7.1378628 ], [ 4.0795874, 7.1425596 ], [ 4.0813869, 7.1429089 ], [ 4.0830691, 7.142249 ], [ 4.0848686, 7.1424431 ], [ 4.0857683, 7.1419385 ], [ 4.0858857, 7.1410457 ], [ 4.0874114, 7.1395319 ], [ 4.0876852, 7.1384839 ], [ 4.08753729650735, 7.138115125223577 ] ] ] } },
{ "type": "Feature", "properties": { "name": null, "waterway": "stream" }, "geometry": { "type": "LineString", "coordinates": [ [ 4.1276836, 7.1700475 ], [ 4.1267394, 7.1671521 ], [ 4.1251086, 7.1648527 ], [ 4.1231345, 7.1625534 ], [ 4.1212463, 7.1618721 ], [ 4.1197871, 7.161276 ], [ 4.1182797, 7.1614091 ] ] } },
{ "type": "Feature", "properties": { "name": null, "waterway": "stream" }, "geometry": { "type": "LineString", "coordinates": [ [ 4.1276836, 7.191422 ], [ 4.1290568, 7.1904853 ], [ 4.1316318, 7.1902299 ], [ 4.1324901, 7.1891228 ], [ 4.1332625, 7.1881861 ], [ 4.1329192, 7.186483 ], [ 4.1304301, 7.1836728 ], [ 4.1294002, 7.1812884 ], [ 4.127941, 7.1786485 ], [ 4.1265678, 7.1773712 ], [ 4.1247653, 7.175157 ], [ 4.1209888, 7.1743055 ], [ 4.1205596, 7.1720913 ], [ 4.1199588, 7.1693662 ], [ 4.1191863, 7.1666411 ], [ 4.1187572, 7.1645973 ], [ 4.1181563, 7.1632347 ], [ 4.1182797, 7.1614091 ], [ 4.118076, 7.1610257 ], [ 4.1176683, 7.160914 ], [ 4.1171694, 7.1604882 ], [ 4.1167939, 7.1601049 ], [ 4.1162144, 7.1599134 ] ] } },
{ "type": "Feature", "properties": { "name": null, "waterway": "stream" }, "geometry": { "type": "LineString", "coordinates": [ [ 4.1144656, 7.1907408 ], [ 4.1159247, 7.1944025 ], [ 4.1141223, 7.1984047 ], [ 4.1103458, 7.2003633 ], [ 4.1054534, 7.2025773 ], [ 4.0999602, 7.2032585 ], [ 4.0957545, 7.2030882 ], [ 4.0913772, 7.202407 ], [ 4.0876006, 7.2025773 ], [ 4.0854549, 7.203514 ], [ 4.084168831316638, 7.203751098222576 ] ] } },
{ "type": "Feature", "properties": { "name": null, "waterway": "stream" }, "geometry": { "type": "LineString", "coordinates": [ [ 4.1382407, 7.2411501 ], [ 4.1342067, 7.2418313 ], [ 4.1314601, 7.2427679 ], [ 4.1285419, 7.2443005 ], [ 4.1269969, 7.2467697 ], [ 4.1257094, 7.2499201 ], [ 4.1241645, 7.2517081 ], [ 4.1231345, 7.2534961 ], [ 4.1203021, 7.2543476 ], [ 4.11791430224338, 7.2543476 ] ] } },
{ "type": "Feature", "properties": { "name": null, "waterway": "stream" }, "geometry": { "type": "LineString", "coordinates": [ [ 4.1408156, 7.2698434 ], [ 4.1367816, 7.2690772 ], [ 4.1324901, 7.2678001 ], [ 4.1282844, 7.2684812 ], [ 4.1268779, 7.2689999 ], [ 4.125917911999977, 7.269353930111468 ] ] } },
{ "type": "Feature", "properties": { "name": null, "waterway": "stream" }, "geometry": { "type": "LineString", "coordinates": [ [ 4.1359233, 7.2734193 ], [ 4.134035, 7.2748667 ], [ 4.1313743, 7.2758884 ], [ 4.129486068854537, 7.276374983243673 ] ] } },
{ "type": "Feature", "properties": { "name": null, "waterway": "stream" }, "geometry": { "type": "LineString", "coordinates": [ [ 4.129907779248264, 7.294282783391315 ], [ 4.1302426, 7.2941886 ] ] } },
{ "type": "Feature", "properties": { "name": "Oṣun River", "waterway": "river" }, "geometry": { "type": "MultiLineString", "coordinates": [ [ [ 4.1290369772962, 7.307884037309941 ], [ 4.1295287, 7.308154 ], [ 4.1298503, 7.3081938 ], [ 4.1303393, 7.3074364 ], [ 4.1304063, 7.306287 ], [ 4.1311766, 7.3045993 ], [ 4.1310493, 7.303915 ], [ 4.1315919, 7.3025728 ], [ 4.1316924, 7.29945 ], [ 4.132101, 7.2971245 ], [ 4.1320139, 7.2961678 ], [ 4.1307546, 7.2948854 ], [ 4.1302426, 7.2941886 ], [ 4.129662082638172, 7.293398526933207 ] ], [ [ 4.12835173518263, 7.289030574754811 ], [ 4.1287383, 7.2888058 ], [ 4.1285843, 7.2880217 ], [ 4.1287584, 7.2871978 ], [ 4.1286713, 7.2865068 ], [ 4.128806755568919, 7.285502484083188 ] ], [ [ 4.128818393844509, 7.285459808137079 ], [ 4.130078, 7.2847128 ], [ 4.1301651, 7.2837825 ], [ 4.1301048, 7.2825268 ], [ 4.1311297, 7.2817428 ], [ 4.1310828, 7.2806265 ], [ 4.12971210500001, 7.277810135339376 ] ] ] } },
{ "type": "Feature", "properties": { "name": null, "waterway": "stream" }, "geometry": { "type": "LineString", "coordinates": [ [ 4.1403006, 7.3365889 ], [ 4.13696816007533, 7.334889123795289 ] ] } },
{ "type": "Feature", "properties": { "name": null, "waterway": "stream" }, "geometry": { "type": "LineString", "coordinates": [ [ 4.1817569, 7.1376857 ], [ 4.1794824, 7.1368766 ], [ 4.1777658, 7.1372599 ], [ 4.177133605076802, 7.137099995440452 ] ] } },
{ "type": "Feature", "properties": { "name": null, "waterway": "stream" }, "geometry": { "type": "MultiLineString", "coordinates": [ [ [ 4.2194366, 7.1433066 ], [ 4.2160033, 7.1425402 ], [ 4.2126559, 7.1406665 ], [ 4.210081, 7.1395594 ], [ 4.2068194, 7.1371747 ], [ 4.2042445, 7.1356418 ], [ 4.1985797, 7.1317241 ], [ 4.1919707, 7.1286581 ], [ 4.1880225, 7.1267844 ], [ 4.1863917, 7.1255921 ], [ 4.1805553, 7.1245701 ], [ 4.179961577013816, 7.12437770528057 ] ], [ [ 4.124756050755562, 7.150320770012471 ], [ 4.1235959, 7.1538137 ], [ 4.1229951, 7.1543139 ], [ 4.1222978, 7.1546652 ], [ 4.1205703, 7.1550592 ], [ 4.1191864, 7.1556552 ], [ 4.1185426, 7.1569008 ], [ 4.117298, 7.1590618 ], [ 4.1162144, 7.1599134 ], [ 4.1147017, 7.1596578 ], [ 4.1134572, 7.1588914 ], [ 4.1121054, 7.1587317 ], [ 4.1113543, 7.1581782 ], [ 4.1106032, 7.1579547 ], [ 4.1082, 7.1572734 ], [ 4.1049384, 7.1560811 ], [ 4.1022777, 7.1561663 ], [ 4.1005611, 7.1567624 ], [ 4.0988444, 7.1548889 ], [ 4.0972137, 7.1532708 ], [ 4.0967845, 7.1513972 ], [ 4.0948962, 7.1506307 ], [ 4.0934371, 7.1485016 ], [ 4.0926646, 7.1465429 ], [ 4.092493, 7.1450099 ], [ 4.0929221, 7.1423698 ], [ 4.0930938, 7.1408369 ], [ 4.0905189, 7.1388781 ], [ 4.0889739, 7.1381967 ], [ 4.0876852, 7.1384839 ] ] ] } },
{ "type": "Feature", "properties": { "name": null, "waterway": "stream" }, "geometry": { "type": "LineString", "coordinates": [ [ 4.1708564, 7.2262493 ], [ 4.1697406, 7.22378 ], [ 4.168539, 7.2213106 ], [ 4.1678523, 7.2194373 ], [ 4.1678523, 7.2173086 ], [ 4.1690539, 7.2153501 ], [ 4.1702556, 7.2138174 ], [ 4.1704272, 7.2120292 ], [ 4.1696548, 7.2104965 ], [ 4.1703876, 7.2055314 ] ] } },
{ "type": "Feature", "properties": { "name": null, "waterway": "stream" }, "geometry": { "type": "LineString", "coordinates": [ [ 4.1479396, 7.257583 ], [ 4.145148, 7.2585852 ] ] } },
{ "type": "Feature", "properties": { "name": null, "waterway": "stream" }, "geometry": { "type": "LineString", "coordinates": [ [ 4.1470813, 7.256987 ], [ 4.145148, 7.2585852 ], [ 4.1445064, 7.2591156 ], [ 4.1414165, 7.2606482 ], [ 4.1401064, 7.2614304 ] ] } },
{ "type": "Feature", "properties": { "name": null, "waterway": "stream" }, "geometry": { "type": "LineString", "coordinates": [ [ 4.1719722, 7.2643093 ], [ 4.167509, 7.265331 ], [ 4.1651916, 7.2666932 ], [ 4.1623592, 7.2670338 ], [ 4.160385, 7.2679703 ] ] } },
{ "type": "Feature", "properties": { "name": null, "waterway": "stream" }, "geometry": { "type": "LineString", "coordinates": [ [ 4.1481113, 7.2757181 ], [ 4.1465663, 7.2774209 ], [ 4.1440772, 7.2801454 ], [ 4.1421031, 7.281167 ], [ 4.139614, 7.2814224 ], [ 4.1359233, 7.2809116 ], [ 4.1310828, 7.2806265 ] ] } },
{ "type": "Feature", "properties": { "name": null, "waterway": "stream" }, "geometry": { "type": "LineString", "coordinates": [ [ 4.1484546, 7.2814224 ], [ 4.145708, 7.2821035 ], [ 4.1427898, 7.2825292 ], [ 4.141159, 7.2821887 ], [ 4.139614, 7.2814224 ] ] } },
{ "type": "Feature", "properties": { "name": "Aworin", "waterway": "stream" }, "geometry": { "type": "LineString", "coordinates": [ [ 4.1929364, 7.2998332 ], [ 4.1919707, 7.2991309 ], [ 4.1843318, 7.2973431 ], [ 4.178667, 7.2958106 ], [ 4.1738605, 7.2987904 ], [ 4.1702556, 7.2983647 ], [ 4.166479, 7.2952998 ], [ 4.160385, 7.2944484 ], [ 4.1566943, 7.2939376 ], [ 4.1527461, 7.2934268 ], [ 4.1496562, 7.2930011 ], [ 4.1442489, 7.2920646 ], [ 4.1400432, 7.2916389 ], [ 4.1370391, 7.2918092 ], [ 4.1342067, 7.2916389 ], [ 4.129135268356345, 7.291642428136525 ] ] } },
{ "type": "Feature", "properties": { "name": null, "waterway": "stream" }, "geometry": { "type": "LineString", "coordinates": [ [ 4.1690539, 7.3079849 ], [ 4.1651916, 7.3052606 ], [ 4.1615008, 7.303643 ], [ 4.1590976, 7.3047498 ], [ 4.1565227, 7.3041538 ], [ 4.1539477, 7.3039836 ], [ 4.150257, 7.3038133 ], [ 4.147253, 7.3039836 ], [ 4.1439056, 7.3024512 ], [ 4.1417598, 7.3003228 ], [ 4.1404723, 7.2978539 ], [ 4.1389274, 7.2961512 ], [ 4.1370391, 7.2918092 ] ] } },
{ "type": "Feature", "properties": { "name": null, "waterway": "stream" }, "geometry": { "type": "LineString", "coordinates": [ [ 4.1813277, 7.2621807 ], [ 4.1808986, 7.2650755 ], [ 4.1817569, 7.2679703 ], [ 4.1818427, 7.2699286 ] ] } },
{ "type": "Feature", "properties": { "name": null, "waterway": "stream" }, "geometry": { "type": "LineString", "coordinates": [ [ 4.2142009, 7.2690772 ], [ 4.2088794, 7.2668635 ], [ 4.2030429, 7.2654161 ], [ 4.1984939, 7.264139 ], [ 4.1940307, 7.2631173 ], [ 4.1899108, 7.2624361 ], [ 4.1883659, 7.2646498 ], [ 4.1866492, 7.2671189 ], [ 4.183731, 7.2682258 ], [ 4.1818427, 7.2699286 ], [ 4.1802028, 7.2713229 ], [ 4.1794395, 7.271972 ], [ 4.1756629, 7.2735896 ], [ 4.1738605, 7.2740153 ], [ 4.173088, 7.2754627 ] ] } },
{ "type": "Feature", "properties": { "name": "Oranyan", "waterway": "stream" }, "geometry": { "type": "LineString", "coordinates": [ [ 4.2426108, 7.3249261 ], [ 4.24304, 7.3213506 ], [ 4.2438125, 7.3187116 ], [ 4.247074, 7.3156468 ], [ 4.2502498, 7.3136888 ], [ 4.2529964, 7.3101983 ], [ 4.255228, 7.3066227 ], [ 4.2590045, 7.3052606 ], [ 4.2616653, 7.302366 ], [ 4.2620944, 7.2998971 ], [ 4.2617511, 7.2969174 ], [ 4.2610644, 7.2945336 ], [ 4.2602061, 7.2921498 ], [ 4.2608928, 7.2884037 ], [ 4.2613219, 7.2855942 ], [ 4.2616653, 7.2841469 ], [ 4.2602061, 7.2820184 ], [ 4.2598628, 7.2796345 ], [ 4.2590903, 7.2772506 ], [ 4.2590903, 7.2745262 ], [ 4.2575454, 7.2731639 ], [ 4.2553138, 7.2728234 ], [ 4.2535113, 7.2727382 ], [ 4.2515372, 7.2716314 ], [ 4.2498206, 7.2694177 ], [ 4.2485332, 7.2673744 ], [ 4.2450141, 7.2649053 ], [ 4.242525, 7.2627767 ], [ 4.2408942, 7.2609036 ], [ 4.2384051, 7.2597967 ], [ 4.2356586, 7.2588602 ], [ 4.231367, 7.2576682 ], [ 4.2290496, 7.2555396 ], [ 4.2276763, 7.2538367 ], [ 4.2267322, 7.2514527 ], [ 4.2241572, 7.2489835 ], [ 4.222784, 7.2466846 ], [ 4.2206382, 7.2453223 ], [ 4.2197458, 7.2449199 ], [ 4.2178058, 7.2440451 ], [ 4.2154883, 7.2435342 ], [ 4.2127418, 7.2425976 ], [ 4.2118648, 7.2422138 ], [ 4.2098235, 7.2413204 ], [ 4.2063045, 7.2398729 ], [ 4.2032146, 7.2378294 ], [ 4.200983, 7.2377443 ], [ 4.1962623, 7.2383403 ], [ 4.1936874, 7.2374888 ], [ 4.1924857, 7.2349344 ], [ 4.188795, 7.2345938 ], [ 4.1851901, 7.2345938 ], [ 4.1819285, 7.2336572 ], [ 4.1800403, 7.2339126 ], [ 4.1777228, 7.2364671 ], [ 4.1748046, 7.238766 ], [ 4.1706847, 7.2395323 ], [ 4.166994, 7.2397026 ], [ 4.1645049, 7.2400432 ], [ 4.1630458, 7.2406392 ], [ 4.1602134, 7.2414056 ], [ 4.1575526, 7.2414907 ], [ 4.1541194, 7.2413204 ], [ 4.1528319, 7.2417461 ], [ 4.1510295, 7.2419164 ], [ 4.1469096, 7.2383403 ], [ 4.1437339, 7.2348493 ], [ 4.1407298, 7.2320394 ], [ 4.1383266, 7.2295701 ], [ 4.1362666, 7.2276968 ], [ 4.1343783, 7.2267602 ], [ 4.1336059, 7.2247166 ], [ 4.130001, 7.222673 ], [ 4.1266536, 7.2236097 ], [ 4.1240787, 7.2255681 ], [ 4.1212463, 7.2242057 ], [ 4.1184997, 7.222673 ], [ 4.1167476, 7.2223901 ], [ 4.114809, 7.222077 ], [ 4.1116332, 7.2208849 ], [ 4.1082, 7.2206294 ], [ 4.1051959, 7.2204591 ], [ 4.1015052, 7.2188413 ], [ 4.098072, 7.2170531 ], [ 4.0956687, 7.2176492 ], [ 4.0942954, 7.2164571 ], [ 4.092493, 7.2151798 ], [ 4.0902614, 7.214754 ], [ 4.088703683047941, 7.215223026079067 ] ] } },
{ "type": "Feature", "properties": { "name": null, "waterway": "stream" }, "geometry": { "type": "LineString", "coordinates": [ [ 4.1944598, 7.2698434 ], [ 4.1915416, 7.2720571 ], [ 4.19034, 7.2735896 ], [ 4.18906, 7.2747607 ] ] } },
{ "type": "Feature", "properties": { "name": null, "waterway": "stream" }, "geometry": { "type": "LineString", "coordinates": [ [ 4.2165183, 7.2896808 ], [ 4.2129993, 7.2886592 ], [ 4.2087077, 7.2870415 ], [ 4.2056178, 7.2859348 ], [ 4.2034721, 7.286701 ], [ 4.2017554, 7.2893402 ], [ 4.1990089, 7.2898511 ], [ 4.1947173, 7.2912984 ], [ 4.1929149, 7.2907024 ], [ 4.1923999, 7.2889997 ], [ 4.1918849, 7.2877226 ], [ 4.1906833, 7.2862753 ], [ 4.1872501, 7.2844023 ], [ 4.1843318, 7.2844023 ], [ 4.1793536, 7.2838914 ], [ 4.1772079, 7.2819333 ], [ 4.1754054, 7.2792088 ], [ 4.173088, 7.2754627 ], [ 4.1718005, 7.2752924 ], [ 4.1687965, 7.2753776 ], [ 4.1660499, 7.2746964 ], [ 4.1640758, 7.2743559 ], [ 4.1631316, 7.2735896 ], [ 4.1627883, 7.271972 ], [ 4.1626166, 7.269588 ], [ 4.1618442, 7.2686515 ], [ 4.160385, 7.2679703 ], [ 4.1572093, 7.2674595 ], [ 4.1536903, 7.2654161 ], [ 4.1522311, 7.2643093 ], [ 4.1480254, 7.2637133 ], [ 4.1440772, 7.2633727 ], [ 4.1414165, 7.2622659 ], [ 4.1401064, 7.2614304 ], [ 4.1390132, 7.2607333 ], [ 4.1338634, 7.2590304 ], [ 4.1314601, 7.2597116 ], [ 4.1286277, 7.2577533 ], [ 4.1270827, 7.2567316 ], [ 4.1266536, 7.2586047 ], [ 4.1274261, 7.2603076 ], [ 4.1272544, 7.2626064 ], [ 4.125811786281367, 7.263458481334576 ] ] } },
{ "type": "Feature", "properties": { "name": null, "waterway": "stream" }, "geometry": { "type": "LineString", "coordinates": [ [ 4.2158317, 7.2741856 ], [ 4.2103385, 7.2742707 ], [ 4.2034721, 7.2760587 ], [ 4.2003821, 7.2761438 ], [ 4.1966056, 7.2763992 ], [ 4.1920566, 7.2768249 ], [ 4.18906, 7.2747607 ], [ 4.1858768, 7.2725679 ], [ 4.1817569, 7.2716314 ], [ 4.1802028, 7.2713229 ] ] } },
{ "type": "Feature", "properties": { "name": null, "waterway": "stream" }, "geometry": { "type": "LineString", "coordinates": [ [ 4.1773523, 7.3534765 ], [ 4.1763342, 7.3535938 ], [ 4.1757606, 7.353636 ], [ 4.1753775, 7.3536863 ] ] } },
{ "type": "Feature", "properties": { "name": null, "waterway": "stream" }, "geometry": { "type": "LineString", "coordinates": [ [ 4.1753775, 7.3536863 ], [ 4.17512, 7.35398 ] ] } },
{ "type": "Feature", "properties": { "name": null, "waterway": "stream" }, "geometry": { "type": "LineString", "coordinates": [ [ 4.17512, 7.35398 ], [ 4.1746583, 7.3541719 ], [ 4.174673, 7.3546744 ], [ 4.1746194, 7.3548009 ], [ 4.1746809, 7.355096 ], [ 4.1744794, 7.3553154 ], [ 4.1742386, 7.35526 ], [ 4.1736777, 7.3553664 ], [ 4.1733449, 7.3557514 ], [ 4.1732495, 7.3560497 ], [ 4.172715, 7.3560173 ], [ 4.1724465, 7.3561695 ], [ 4.1722665, 7.3562974 ], [ 4.1722571, 7.3565221 ], [ 4.1724082, 7.3566101 ], [ 4.1718006, 7.3585087 ], [ 4.1718097, 7.3589064 ] ] } },
{ "type": "Feature", "properties": { "name": null, "waterway": "stream" }, "geometry": { "type": "LineString", "coordinates": [ [ 4.1718097, 7.3589064 ], [ 4.1718125, 7.3590284 ] ] } },
{ "type": "Feature", "properties": { "name": null, "waterway": "stream" }, "geometry": { "type": "LineString", "coordinates": [ [ 4.1498279, 7.3168387 ], [ 4.145708, 7.3137739 ], [ 4.1440772, 7.3105389 ], [ 4.1410731, 7.3091767 ], [ 4.1392707, 7.3088362 ], [ 4.1353225, 7.3065376 ], [ 4.1329192, 7.305516 ], [ 4.1311766, 7.3045993 ] ] } },
{ "type": "Feature", "properties": { "name": null, "waterway": "stream" }, "geometry": { "type": "LineString", "coordinates": [ [ 4.1740321, 7.3189669 ], [ 4.1707706, 7.3163279 ], [ 4.1648482, 7.314455 ], [ 4.16193, 7.3123267 ], [ 4.1599559, 7.3103686 ], [ 4.1581534, 7.3079849 ], [ 4.1575526, 7.3065376 ], [ 4.1565227, 7.3041538 ] ] } },
{ "type": "Feature", "properties": { "name": null, "waterway": "stream" }, "geometry": { "type": "LineString", "coordinates": [ [ 4.1528319, 7.3285016 ], [ 4.1476821, 7.3266287 ], [ 4.1439914, 7.3252666 ], [ 4.1414165, 7.3260328 ], [ 4.1392706, 7.3272247 ] ] } },
{ "type": "Feature", "properties": { "name": null, "waterway": "stream" }, "geometry": { "type": "LineString", "coordinates": [ [ 4.1582393, 7.3370996 ], [ 4.1541194, 7.3384616 ], [ 4.1494845, 7.338036 ], [ 4.1455292, 7.3367531 ] ] } },
{ "type": "Feature", "properties": { "name": null, "waterway": "stream" }, "geometry": { "type": "LineString", "coordinates": [ [ 4.1606425, 7.3398236 ], [ 4.1598701, 7.3382913 ], [ 4.1582393, 7.3370996 ] ] } },
{ "type": "Feature", "properties": { "name": null, "waterway": "stream" }, "geometry": { "type": "LineString", "coordinates": [ [ 4.1576385, 7.3524223 ], [ 4.1567373, 7.3537417 ], [ 4.1562223, 7.355274 ], [ 4.1560936, 7.3577 ], [ 4.156394, 7.3591471 ], [ 4.1551494, 7.3605516 ], [ 4.1540336, 7.3617008 ] ] } },
{ "type": "Feature", "properties": { "name": null, "waterway": "stream" }, "geometry": { "type": "LineString", "coordinates": [ [ 4.1730787, 7.3658532 ], [ 4.17295, 7.365776 ], [ 4.1724496, 7.3654914 ], [ 4.1716718, 7.3643396 ], [ 4.1716747, 7.3634488 ], [ 4.1710174, 7.3636533 ], [ 4.1707814, 7.3636639 ], [ 4.1703844, 7.3639566 ], [ 4.1673374, 7.3639991 ], [ 4.1662645, 7.3643822 ], [ 4.1633892, 7.3639566 ], [ 4.1608142, 7.3644247 ], [ 4.1567373, 7.3635309 ], [ 4.1540336, 7.3617008 ], [ 4.1522741, 7.3610624 ], [ 4.1499567, 7.3616582 ], [ 4.1471672, 7.361488 ], [ 4.1447639, 7.3591045 ], [ 4.1406011, 7.3570616 ], [ 4.137160168090073, 7.355393161391644 ] ] } },
{ "type": "Feature", "properties": { "name": null, "waterway": "stream" }, "geometry": { "type": "LineString", "coordinates": [ [ 4.1452788, 7.372256 ], [ 4.1421031, 7.3736179 ], [ 4.1397857, 7.3739584 ], [ 4.1372966, 7.3741287 ], [ 4.1355507, 7.3750965 ] ] } },
{ "type": "Feature", "properties": { "name": null, "waterway": "stream" }, "geometry": { "type": "LineString", "coordinates": [ [ 4.1800403, 7.3791508 ], [ 4.1758346, 7.3782996 ], [ 4.1734625, 7.3782996 ], [ 4.1729163, 7.3782996 ], [ 4.171543, 7.3794061 ], [ 4.1712855, 7.3817043 ], [ 4.1700839, 7.3832365 ], [ 4.1681956, 7.3836621 ], [ 4.1637324, 7.3820448 ], [ 4.1590976, 7.3799168 ], [ 4.1550635, 7.3783847 ], [ 4.1514587, 7.3771079 ], [ 4.1475963, 7.3768525 ], [ 4.1427039, 7.3780442 ], [ 4.1396999, 7.3776186 ], [ 4.1358488, 7.3766802 ] ] } },
{ "type": "Feature", "properties": { "name": null, "waterway": "stream" }, "geometry": { "type": "LineString", "coordinates": [ [ 4.1481971, 7.3925995 ], [ 4.1461372, 7.3932804 ], [ 4.1437339, 7.3932804 ], [ 4.1413601, 7.3941164 ] ] } },
{ "type": "Feature", "properties": { "name": null, "waterway": "stream" }, "geometry": { "type": "LineString", "coordinates": [ [ 4.1718125, 7.3590284 ], [ 4.1722003, 7.3599983 ], [ 4.1718945, 7.3602457 ], [ 4.1719052, 7.3604931 ], [ 4.1717067, 7.3608495 ], [ 4.1713902, 7.3611741 ], [ 4.1714492, 7.3613948 ], [ 4.1719535, 7.3616662 ], [ 4.172101, 7.3617885 ], [ 4.1721842, 7.3619827 ], [ 4.1721492, 7.3626956 ], [ 4.1716747, 7.3634488 ] ] } },
{ "type": "Feature", "properties": { "name": null, "waterway": "stream" }, "geometry": { "type": "LineString", "coordinates": [ [ 4.1907247, 7.3657464 ], [ 4.1905602, 7.365756 ], [ 4.1903958, 7.3657227 ], [ 4.1903088, 7.3656741 ], [ 4.1902975, 7.365561 ], [ 4.1902738, 7.365499 ], [ 4.1901996, 7.3654765 ], [ 4.1901469, 7.3654904 ], [ 4.1901121, 7.3655581 ], [ 4.1900233, 7.365615 ], [ 4.1899417, 7.3656361 ], [ 4.1898291, 7.3655751 ], [ 4.1896952, 7.3655532 ], [ 4.1895368, 7.3655576 ], [ 4.1894815, 7.365574 ], [ 4.1894353, 7.3656115 ], [ 4.1893721, 7.3656019 ], [ 4.1892516, 7.3655707 ], [ 4.1891995, 7.3655104 ], [ 4.1891156, 7.3653948 ], [ 4.1889824, 7.3653167 ], [ 4.1888121, 7.3652203 ], [ 4.188649, 7.3651024 ], [ 4.188348, 7.36482 ], [ 4.1881264, 7.3645717 ], [ 4.1878615, 7.3641767 ], [ 4.187716, 7.364035 ], [ 4.1875038, 7.3639415 ], [ 4.1870065, 7.3638327 ], [ 4.1865365, 7.3636878 ], [ 4.186109, 7.3636031 ], [ 4.1857849, 7.363587 ], [ 4.1856642, 7.3635647 ], [ 4.1855906, 7.3634701 ], [ 4.1854348, 7.3633021 ], [ 4.1852049, 7.3631746 ], [ 4.1851772, 7.3631381 ], [ 4.1851368, 7.3631088 ], [ 4.1851001, 7.363084 ], [ 4.1850543, 7.3630807 ], [ 4.1847393, 7.3631546 ], [ 4.1846578, 7.3631559 ], [ 4.1845712, 7.3631319 ], [ 4.184491, 7.3630927 ], [ 4.1844108, 7.3630865 ], [ 4.1843359, 7.3630955 ], [ 4.1842687, 7.3631222 ] ] } },
{ "type": "Feature", "properties": { "name": null, "waterway": "stream" }, "geometry": { "type": "LineString", "coordinates": [ [ 4.1842687, 7.3631222 ], [ 4.1841734, 7.3631212 ], [ 4.1840868, 7.3631074 ], [ 4.1839393, 7.3631139 ], [ 4.183833, 7.3631353 ], [ 4.1837407, 7.3631145 ], [ 4.1835561, 7.3631536 ], [ 4.1834058, 7.3631799 ], [ 4.1832899, 7.3632446 ], [ 4.1831889, 7.3632994 ], [ 4.1829806, 7.3634564 ], [ 4.1829246, 7.3635185 ], [ 4.1828362, 7.363527 ], [ 4.1827568, 7.3635798 ], [ 4.1826304, 7.3636638 ], [ 4.1824281, 7.3638353 ], [ 4.1816735, 7.3642751 ], [ 4.1813797, 7.3645436 ], [ 4.1813025, 7.3645686 ], [ 4.1812527, 7.3646045 ], [ 4.1811819, 7.3646404 ], [ 4.1810909, 7.3646835 ], [ 4.1810099, 7.3647053 ], [ 4.1809562, 7.364731 ], [ 4.1809534, 7.3647646 ], [ 4.1809154, 7.3647996 ], [ 4.1808466, 7.3648266 ], [ 4.1807883, 7.3648161 ], [ 4.1806368, 7.3647977 ], [ 4.1804003, 7.3648275 ], [ 4.1800791, 7.3649291 ], [ 4.1798884, 7.3650217 ], [ 4.1798113, 7.3650801 ], [ 4.1797159, 7.3651926 ], [ 4.1796714, 7.3652545 ], [ 4.1796741, 7.3653059 ], [ 4.1796651, 7.3653252 ], [ 4.1796434, 7.3653392 ], [ 4.179621, 7.3653332 ], [ 4.1796093, 7.3653186 ], [ 4.1795832, 7.3653118 ], [ 4.1795593, 7.3653166 ], [ 4.1794594, 7.3653486 ], [ 4.1793478, 7.3653308 ], [ 4.1792716, 7.3652891 ], [ 4.1791954, 7.3652904 ], [ 4.179108, 7.3653144 ], [ 4.1790162, 7.3653158 ], [ 4.1788939, 7.3653402 ], [ 4.1788188, 7.3653209 ], [ 4.1787518, 7.3652608 ], [ 4.1786719, 7.3652051 ], [ 4.1779851, 7.3647014 ], [ 4.1779607, 7.3645988 ], [ 4.1779664, 7.3644995 ], [ 4.1779488, 7.3644093 ], [ 4.1778915, 7.3643136 ], [ 4.1778036, 7.3642584 ], [ 4.1777488, 7.36413 ], [ 4.1777852, 7.3640342 ], [ 4.177806, 7.3639002 ], [ 4.1777808, 7.3637966 ], [ 4.1776515, 7.3636329 ], [ 4.1774712, 7.3634438 ], [ 4.1774261, 7.3633712 ], [ 4.1773402, 7.3633542 ], [ 4.1772557, 7.3633947 ], [ 4.1771839, 7.3634656 ], [ 4.1770148, 7.3635112 ], [ 4.1769139, 7.3635795 ], [ 4.1768733, 7.3636662 ], [ 4.176899, 7.3637605 ], [ 4.1769301, 7.3638174 ], [ 4.1769209, 7.3639212 ], [ 4.1768819, 7.3640478 ], [ 4.1768193, 7.3640883 ], [ 4.1767526, 7.364139 ], [ 4.1766652, 7.3641545 ], [ 4.1765499, 7.3641916 ], [ 4.176409, 7.3642968 ], [ 4.1763453, 7.3643829 ], [ 4.1762901, 7.3645413 ], [ 4.1763552, 7.3646337 ], [ 4.1763619, 7.3647097 ], [ 4.1763117, 7.3647733 ], [ 4.1762743, 7.3649177 ], [ 4.1760589, 7.365243 ], [ 4.1758781, 7.3656553 ], [ 4.1757037, 7.3657271 ], [ 4.1755608, 7.3658049 ], [ 4.1754695, 7.3658888 ], [ 4.1753538, 7.3659271 ], [ 4.1752345, 7.3659496 ], [ 4.1751112, 7.3660396 ], [ 4.175082, 7.36608 ], [ 4.175119, 7.3661829 ], [ 4.175227, 7.36626 ], [ 4.1753478, 7.3663557 ], [ 4.1753778, 7.3664923 ], [ 4.17537, 7.3666464 ], [ 4.1753252, 7.3667566 ], [ 4.1752512, 7.3667846 ], [ 4.1751732, 7.3668091 ], [ 4.175072, 7.3668334 ], [ 4.1749987, 7.3668606 ], [ 4.1749135, 7.3668306 ], [ 4.174651, 7.3666322 ], [ 4.1745599, 7.3664927 ], [ 4.1744682, 7.36648 ], [ 4.1741089, 7.3664385 ], [ 4.1738324, 7.3663202 ], [ 4.1737264, 7.3661857 ], [ 4.1733375, 7.3661005 ], [ 4.1730787, 7.3658532 ] ] } },
{ "type": "Feature", "properties": { "name": null, "waterway": "stream" }, "geometry": { "type": "LineString", "coordinates": [ [ 4.1979261, 7.3647196 ], [ 4.1978936, 7.3648066 ], [ 4.1978737, 7.3648691 ], [ 4.1978405, 7.3649161 ], [ 4.1978015, 7.3649575 ], [ 4.1977877, 7.3649871 ], [ 4.1977754, 7.3650274 ], [ 4.1977668, 7.3650531 ], [ 4.1977242, 7.3650739 ], [ 4.197678, 7.3650818 ], [ 4.1976355, 7.3650873 ], [ 4.1975788, 7.3650891 ], [ 4.1975147, 7.3650928 ], [ 4.1974309, 7.3651069 ], [ 4.1973674, 7.3651289 ], [ 4.1973206, 7.3651509 ], [ 4.1972928, 7.365179 ], [ 4.1972731, 7.3652297 ], [ 4.1972651, 7.3652688 ], [ 4.1972398, 7.3652884 ], [ 4.1972121, 7.3653 ], [ 4.1971708, 7.3652963 ], [ 4.197131, 7.3653032 ], [ 4.1970391, 7.3653674 ], [ 4.1969843, 7.3654089 ], [ 4.1969442, 7.3654267 ], [ 4.1969141, 7.3654261 ], [ 4.1968795, 7.3654261 ], [ 4.1968543, 7.3654462 ], [ 4.1968376, 7.365467 ], [ 4.1968179, 7.3654847 ] ] } },
{ "type": "Feature", "properties": { "name": null, "waterway": "stream" }, "geometry": { "type": "LineString", "coordinates": [ [ 4.1947119, 7.3657649 ], [ 4.194683, 7.3657512 ], [ 4.1946151, 7.365685 ], [ 4.194537, 7.3656466 ], [ 4.1944727, 7.3656419 ], [ 4.1944409, 7.3656667 ], [ 4.1943876, 7.3656885 ], [ 4.194355, 7.3657068 ], [ 4.1942924, 7.3657054 ], [ 4.1941952, 7.3657178 ], [ 4.1941616, 7.3657402 ], [ 4.1941218, 7.3657432 ], [ 4.1940927, 7.3657282 ], [ 4.1940013, 7.3657262 ], [ 4.1939547, 7.3657046 ], [ 4.1939115, 7.3656931 ], [ 4.1938753, 7.3656565 ], [ 4.1938681, 7.3656133 ], [ 4.1938657, 7.3655615 ], [ 4.1938076, 7.3654994 ], [ 4.1937601, 7.3654202 ], [ 4.1937535, 7.3653533 ], [ 4.1937339, 7.3653114 ], [ 4.1936915, 7.3652772 ], [ 4.1936587, 7.3652755 ], [ 4.1936059, 7.3652742 ], [ 4.1935514, 7.3652912 ], [ 4.1935086, 7.3652847 ], [ 4.1934006, 7.3652578 ], [ 4.1932547, 7.3652285 ], [ 4.1931036, 7.3652296 ], [ 4.1929036, 7.3652773 ], [ 4.1926707, 7.3652992 ], [ 4.19254, 7.3653292 ], [ 4.19244, 7.3653269 ], [ 4.1924031, 7.3653452 ], [ 4.1923824, 7.3653796 ], [ 4.1923713, 7.3654181 ], [ 4.1923691, 7.3654609 ], [ 4.1923141, 7.3655006 ], [ 4.1922627, 7.3655223 ], [ 4.1920996, 7.3655932 ], [ 4.1915642, 7.3657607 ], [ 4.1915305, 7.3657845 ], [ 4.1914892, 7.3657812 ], [ 4.1914569, 7.3657733 ], [ 4.1914524, 7.3657479 ], [ 4.1914755, 7.3657262 ], [ 4.1914374, 7.3656814 ], [ 4.1913732, 7.3656321 ], [ 4.1912753, 7.3655959 ], [ 4.1911467, 7.3655793 ] ] } },
{ "type": "Feature", "properties": { "name": null, "waterway": "stream" }, "geometry": { "type": "LineString", "coordinates": [ [ 4.1967105, 7.3654772 ], [ 4.1966593, 7.3655331 ], [ 4.1966291, 7.3655618 ], [ 4.196597, 7.3655667 ], [ 4.1965601, 7.3655587 ], [ 4.1964798, 7.3655336 ], [ 4.1964265, 7.3655227 ], [ 4.1963786, 7.365515 ], [ 4.1963131, 7.365515 ], [ 4.1962859, 7.3655182 ], [ 4.196267, 7.3655292 ], [ 4.1962569, 7.3655413 ], [ 4.196263, 7.365576 ], [ 4.1962561, 7.3655969 ], [ 4.1962325, 7.3656119 ], [ 4.1961979, 7.3656243 ], [ 4.196176, 7.3656381 ], [ 4.196154, 7.3656647 ], [ 4.1961174, 7.3656852 ], [ 4.1960926, 7.3656977 ], [ 4.1960668, 7.3657339 ], [ 4.1960137, 7.3657738 ], [ 4.1959681, 7.3657972 ], [ 4.1959284, 7.3658153 ], [ 4.1958415, 7.3658632 ], [ 4.1958061, 7.3658601 ], [ 4.1957395, 7.3658467 ], [ 4.1956594, 7.3658443 ], [ 4.1955374, 7.3658736 ], [ 4.1954314, 7.3659237 ], [ 4.1953316, 7.3660178 ], [ 4.1952413, 7.3660687 ], [ 4.1951582, 7.3660687 ], [ 4.1950751, 7.3660557 ], [ 4.1950115, 7.3660316 ], [ 4.194936, 7.3659761 ], [ 4.1948315, 7.3658755 ], [ 4.1947678, 7.3658082 ], [ 4.1947119, 7.3657649 ] ] } },
{ "type": "Feature", "properties": { "name": null, "waterway": "stream" }, "geometry": { "type": "LineString", "coordinates": [ [ 4.1899417, 7.3656361 ], [ 4.189964, 7.365734 ], [ 4.1899538, 7.3659061 ], [ 4.1899105, 7.3661111 ] ] } },
{ "type": "Feature", "properties": { "name": null, "waterway": "stream" }, "geometry": { "type": "LineString", "coordinates": [ [ 4.1797686, 7.3714827 ], [ 4.1773117, 7.3702617 ], [ 4.1775003, 7.3700188 ], [ 4.1771623, 7.3699523 ], [ 4.1772643, 7.3696145 ], [ 4.177275, 7.3693352 ], [ 4.1770872, 7.3692261 ], [ 4.1762236, 7.3687446 ], [ 4.1748895, 7.368789 ], [ 4.174331, 7.3677975 ], [ 4.1745329, 7.3668131 ], [ 4.174651, 7.3666322 ] ] } },
{ "type": "Feature", "properties": { "name": null, "waterway": "stream" }, "geometry": { "type": "LineString", "coordinates": [ [ 4.1935114, 7.3817971 ], [ 4.1914557, 7.3817044 ] ] } },
{ "type": "Feature", "properties": { "name": null, "waterway": "stream" }, "geometry": { "type": "LineString", "coordinates": [ [ 4.198923, 7.4009409 ], [ 4.1976356, 7.3974511 ], [ 4.1972854, 7.3961567 ], [ 4.1970739, 7.395496 ], [ 4.1964339, 7.3939614 ], [ 4.1945457, 7.3908971 ], [ 4.1924857, 7.3886841 ] ] } },
{ "type": "Feature", "properties": { "name": null, "waterway": "stream" }, "geometry": { "type": "LineString", "coordinates": [ [ 4.1481113, 7.3982172 ], [ 4.1457938, 7.3983023 ], [ 4.1439056, 7.3979618 ], [ 4.1415939, 7.3972659 ] ] } },
{ "type": "Feature", "properties": { "name": null, "waterway": "stream" }, "geometry": { "type": "LineString", "coordinates": [ [ 4.160385, 7.3939614 ], [ 4.1639898, 7.3960042 ], [ 4.1674916, 7.3983674 ], [ 4.169998, 7.4007707 ], [ 4.1698263, 7.4040051 ], [ 4.1675947, 7.4065586 ], [ 4.1664872, 7.4086251 ], [ 4.1651916, 7.4109844 ] ] } },
{ "type": "Feature", "properties": { "name": null, "waterway": "stream" }, "geometry": { "type": "LineString", "coordinates": [ [ 4.1535186, 7.4007707 ], [ 4.1515445, 7.4017069 ], [ 4.150257, 7.4034092 ], [ 4.1482528, 7.4048671 ], [ 4.1468668, 7.4051966 ] ] } },
{ "type": "Feature", "properties": { "name": null, "waterway": "stream" }, "geometry": { "type": "LineString", "coordinates": [ [ 4.1441631, 7.420517 ], [ 4.1430044, 7.4217086 ], [ 4.1414594, 7.4230278 ], [ 4.1396999, 7.4240917 ], [ 4.1390991, 7.425496 ], [ 4.138868604698864, 7.42580768862581 ] ] } },
{ "type": "Feature", "properties": { "name": null, "waterway": "stream" }, "geometry": { "type": "LineString", "coordinates": [ [ 4.1454076, 7.4247726 ], [ 4.1446781, 7.4261769 ], [ 4.1440773, 7.4279217 ], [ 4.1435194, 7.4287728 ], [ 4.1425323, 7.429709 ], [ 4.1410091, 7.4300676 ] ] } },
{ "type": "Feature", "properties": { "name": null, "waterway": "stream" }, "geometry": { "type": "LineString", "coordinates": [ [ 4.1502571, 7.4326027 ], [ 4.1490125, 7.433624 ], [ 4.1483259, 7.435539 ], [ 4.1473817, 7.4364326 ], [ 4.1464805, 7.437071 ], [ 4.1454935, 7.4368156 ], [ 4.1445064, 7.4364326 ], [ 4.1432619, 7.4361348 ], [ 4.14184, 7.4363475 ] ] } },
{ "type": "Feature", "properties": { "name": null, "waterway": "stream" }, "geometry": { "type": "LineString", "coordinates": [ [ 4.1674232, 7.4525605 ], [ 4.1656208, 7.4521775 ], [ 4.1641187, 7.4512413 ], [ 4.1625309, 7.4505179 ], [ 4.1600847, 7.4501775 ], [ 4.1569089, 7.4499222 ], [ 4.1531753, 7.4497945 ], [ 4.1514158, 7.4491988 ], [ 4.1496133, 7.4490286 ], [ 4.1485834, 7.44822 ], [ 4.1469097, 7.4459222 ], [ 4.1456651, 7.4441349 ], [ 4.1447639, 7.4431136 ], [ 4.1441202, 7.4427306 ], [ 4.1428962, 7.4419265 ] ] } },
{ "type": "Feature", "properties": { "name": "Oṣun River", "waterway": "river" }, "geometry": { "type": "MultiLineString", "coordinates": [ [ [ 4.200561, 7.5537861 ], [ 4.2004065, 7.5464176 ], [ 4.2014193, 7.5432353 ], [ 4.2038226, 7.5423844 ], [ 4.2055392, 7.5405125 ], [ 4.2055392, 7.5391511 ], [ 4.2029643, 7.5372791 ], [ 4.200655, 7.5345885 ], [ 4.1999753, 7.5337414 ], [ 4.1990843, 7.5325477 ], [ 4.1973261, 7.530695 ], [ 4.1966128, 7.5294509 ], [ 4.195839, 7.5274486 ], [ 4.1960978, 7.526728 ], [ 4.1967845, 7.525877 ], [ 4.1966971, 7.5251065 ], [ 4.1962844, 7.5243843 ], [ 4.195272, 7.5237381 ], [ 4.1942434, 7.5231209 ], [ 4.1936946, 7.522133 ], [ 4.1943812, 7.5197504 ], [ 4.1947245, 7.5173678 ], [ 4.1931796, 7.5163467 ], [ 4.191978, 7.514815 ], [ 4.1916346, 7.5115815 ], [ 4.189918, 7.51022 ], [ 4.1870641, 7.5101919 ], [ 4.1859569, 7.507154 ], [ 4.1847553, 7.504431 ], [ 4.1841459, 7.5028737 ], [ 4.1807127, 7.4965766 ], [ 4.1792621, 7.4942194 ], [ 4.1776853, 7.4934385 ], [ 4.1763167, 7.4928796 ], [ 4.1741252, 7.4924281 ], [ 4.1733828, 7.4923193 ], [ 4.1729858, 7.4918033 ], [ 4.1725781, 7.4906279 ], [ 4.1726586, 7.4897557 ], [ 4.1724011, 7.4890589 ], [ 4.1718807, 7.4884327 ], [ 4.1708615, 7.4874208 ], [ 4.1695418, 7.4857241 ], [ 4.168587, 7.4851231 ], [ 4.1680023, 7.4838626 ], [ 4.1679647, 7.4832616 ], [ 4.1681471, 7.4830222 ], [ 4.1684421, 7.4830275 ], [ 4.1686996, 7.483219 ], [ 4.1690859, 7.483086 ], [ 4.1692683, 7.4824371 ], [ 4.1688391, 7.4808096 ], [ 4.168469, 7.4800278 ], [ 4.1678896, 7.4791555 ], [ 4.1671547, 7.4777354 ], [ 4.166291, 7.4768418 ], [ 4.1652825, 7.477379 ], [ 4.1637182, 7.478025 ], [ 4.1620016, 7.4792164 ], [ 4.1608944, 7.4785612 ], [ 4.16037, 7.4777901 ], [ 4.1594748, 7.4771057 ], [ 4.1586175, 7.4760751 ], [ 4.1576996, 7.4751499 ], [ 4.1564478, 7.4738712 ], [ 4.1554919, 7.4722164 ], [ 4.154368851914418, 7.471019160913946 ] ], [ [ 4.143043187652832, 7.442658220613747 ], [ 4.1430416, 7.4426472 ], [ 4.1428962, 7.4419265 ], [ 4.1425266, 7.440094 ], [ 4.14184, 7.4389025 ], [ 4.14184, 7.4363475 ], [ 4.14184, 7.4356684 ], [ 4.1416017, 7.4331699 ], [ 4.1410091, 7.4300676 ], [ 4.1407101, 7.4291946 ], [ 4.139394483478819, 7.428647359895268 ] ], [ [ 4.135321139999974, 7.400527137362966 ], [ 4.1413861, 7.398358 ], [ 4.1415939, 7.3972659 ], [ 4.1419221, 7.3955406 ], [ 4.1413601, 7.3941164 ], [ 4.1405497, 7.3920625 ], [ 4.1370976, 7.3833137 ], [ 4.1367352, 7.3813884 ], [ 4.1358488, 7.3766802 ], [ 4.1355507, 7.3750965 ], [ 4.13426, 7.3682397 ], [ 4.1340709823627, 7.367235647765923 ] ] ] } },
{ "type": "Feature", "properties": { "name": null, "waterway": "stream" }, "geometry": { "type": "LineString", "coordinates": [ [ 4.1626166, 7.458986 ], [ 4.1590117, 7.4600073 ], [ 4.1567801, 7.4625604 ], [ 4.1542052, 7.4651135 ], [ 4.153158228764205, 7.466176951893485 ] ] } },
{ "type": "Feature", "properties": { "name": null, "waterway": "stream" }, "geometry": { "type": "LineString", "coordinates": [ [ 4.1734312, 7.4720919 ], [ 4.168968, 7.4729429 ], [ 4.1672514, 7.4743045 ], [ 4.1652825, 7.477379 ] ] } },
{ "type": "Feature", "properties": { "name": null, "waterway": "stream" }, "geometry": { "type": "LineString", "coordinates": [ [ 4.1772078, 7.4019624 ], [ 4.177079, 7.4019133 ], [ 4.1733764, 7.4019688 ], [ 4.1729162, 7.4019624 ], [ 4.1698263, 7.4040051 ] ] } },
{ "type": "Feature", "properties": { "name": null, "waterway": "stream" }, "geometry": { "type": "LineString", "coordinates": [ [ 4.1973781, 7.4051967 ], [ 4.194374, 7.4045157 ], [ 4.1922282, 7.4036646 ], [ 4.1893958, 7.4058776 ], [ 4.1866492, 7.4068138 ], [ 4.1839027, 7.4073245 ], [ 4.1814994, 7.4086012 ], [ 4.1798686, 7.4103886 ], [ 4.177637, 7.4116653 ], [ 4.1749763, 7.4123462 ], [ 4.1716289, 7.4120058 ], [ 4.1672515, 7.4116653 ], [ 4.1651916, 7.4109844 ], [ 4.16193, 7.4122611 ], [ 4.1598701, 7.4128569 ], [ 4.1575526, 7.4126016 ], [ 4.1560935, 7.4137081 ], [ 4.1542911, 7.4136655 ] ] } },
{ "type": "Feature", "properties": { "name": null, "waterway": "stream" }, "geometry": { "type": "LineString", "coordinates": [ [ 4.1978071, 7.4203469 ], [ 4.1936873, 7.4189851 ], [ 4.1909407, 7.416602 ], [ 4.1854475, 7.4152402 ], [ 4.1840742, 7.4120059 ], [ 4.1798686, 7.4103886 ] ] } },
{ "type": "Feature", "properties": { "name": null, "waterway": "stream" }, "geometry": { "type": "LineString", "coordinates": [ [ 4.1847609, 7.4264749 ], [ 4.1828726, 7.4225598 ], [ 4.1813276, 7.4208576 ], [ 4.1794394, 7.4194958 ], [ 4.1780661, 7.4179638 ], [ 4.1773794, 7.4150699 ], [ 4.1749763, 7.4123462 ] ] } },
{ "type": "Feature", "properties": { "name": null, "waterway": "stream" }, "geometry": { "type": "LineString", "coordinates": [ [ 4.1818426, 7.4610285 ], [ 4.182186, 7.4569435 ], [ 4.1844176, 7.4552414 ], [ 4.1866492, 7.452518 ], [ 4.1892241, 7.4503053 ] ] } },
{ "type": "Feature", "properties": { "name": null, "waterway": "stream" }, "geometry": { "type": "LineString", "coordinates": [ [ 4.2039869, 7.4748151 ], [ 4.1960905, 7.4668155 ], [ 4.1921423, 7.4610285 ], [ 4.1909407, 7.4574541 ], [ 4.1893957, 7.4545606 ], [ 4.1897391, 7.452518 ], [ 4.1892241, 7.4503053 ], [ 4.1876792, 7.4440073 ] ] } },
{ "type": "Feature", "properties": { "name": null, "waterway": "stream" }, "geometry": { "type": "LineString", "coordinates": [ [ 4.1851042, 7.479751 ], [ 4.181671, 7.4789 ], [ 4.1790961, 7.4768576 ], [ 4.1758345, 7.4765172 ], [ 4.1744612, 7.4787298 ], [ 4.1718863, 7.4809424 ], [ 4.1688391, 7.4808096 ] ] } },
{ "type": "Feature", "properties": { "name": null, "waterway": "stream" }, "geometry": { "type": "LineString", "coordinates": [ [ 4.1869925, 7.4887715 ], [ 4.1832159, 7.48741 ], [ 4.181156, 7.4892821 ], [ 4.1777228, 7.4899629 ], [ 4.1725781, 7.4906279 ] ] } },
{ "type": "Feature", "properties": { "name": null, "waterway": "stream" }, "geometry": { "type": "LineString", "coordinates": [ [ 4.2039869, 7.486559 ], [ 4.1981505, 7.4921755 ], [ 4.1954039, 7.4962601 ], [ 4.1924856, 7.4991534 ], [ 4.191284, 7.5051102 ] ] } },
{ "type": "Feature", "properties": { "name": null, "waterway": "stream" }, "geometry": { "type": "LineString", "coordinates": [ [ 4.1795253, 7.5213204 ], [ 4.177165, 7.5216608 ], [ 4.1763925, 7.5220862 ], [ 4.1749334, 7.5220437 ], [ 4.1743606, 7.5218215 ], [ 4.1739463, 7.5216608 ], [ 4.1716289, 7.5206822 ], [ 4.1693973, 7.5198313 ], [ 4.1681099, 7.5188102 ], [ 4.1670799, 7.5182996 ], [ 4.1660928, 7.5180443 ], [ 4.1641429, 7.5175602 ] ] } },
{ "type": "Feature", "properties": { "name": null, "waterway": "stream" }, "geometry": { "type": "LineString", "coordinates": [ [ 4.1518019, 7.3473149 ], [ 4.147682, 7.3410155 ], [ 4.1459654, 7.3377807 ], [ 4.1455292, 7.3367531 ], [ 4.1445921, 7.3345458 ], [ 4.1406439, 7.3313109 ], [ 4.1392706, 7.3272247 ], [ 4.1372107, 7.3238195 ], [ 4.136009, 7.3192224 ], [ 4.132992101584311, 7.316581401386908 ] ] } },
{ "type": "Feature", "properties": { "name": null, "waterway": "stream" }, "geometry": { "type": "LineString", "coordinates": [ [ 4.1437339, 7.3681702 ], [ 4.1414165, 7.3664677 ], [ 4.1404939, 7.3659941 ], [ 4.1382407, 7.366638 ], [ 4.1361808, 7.3674892 ], [ 4.13426, 7.3682397 ] ] } },
{ "type": "Feature", "properties": { "name": null, "waterway": "stream" }, "geometry": { "type": "LineString", "coordinates": [ [ 4.134998807411023, 7.383198569010306 ], [ 4.1367352, 7.3813884 ] ] } },
{ "type": "Feature", "properties": { "name": null, "waterway": "stream" }, "geometry": { "type": "LineString", "coordinates": [ [ 4.135321139999974, 7.394625473473732 ], [ 4.1366099, 7.3950679 ], [ 4.1382407, 7.3941316 ], [ 4.1405497, 7.3920625 ] ] } },
{ "type": "Feature", "properties": { "name": null, "waterway": "stream" }, "geometry": { "type": "LineString", "coordinates": [ [ 4.11014319374877, 7.612278891979405 ], [ 4.1110324, 7.6130401 ], [ 4.1127061, 7.6131677 ], [ 4.113779, 7.6135505 ], [ 4.1152811, 7.613508 ], [ 4.1165685, 7.6139759 ], [ 4.1171693, 7.6142311 ], [ 4.1179594, 7.6153125 ] ] } },
{ "type": "Feature", "properties": { "name": null, "waterway": "stream" }, "geometry": { "type": "LineString", "coordinates": [ [ 4.1179594, 7.6153125 ], [ 4.1180256, 7.6154032 ] ] } },
{ "type": "Feature", "properties": { "name": null, "waterway": "stream" }, "geometry": { "type": "LineString", "coordinates": [ [ 4.1180256, 7.6154032 ], [ 4.1180706, 7.6154647 ], [ 4.1186714, 7.615805 ], [ 4.1194439, 7.6160602 ], [ 4.1210746, 7.6159752 ] ] } },
{ "type": "Feature", "properties": { "name": "Oba", "waterway": "river" }, "geometry": { "type": "MultiLineString", "coordinates": [ [ [ 4.095309, 7.7108526 ], [ 4.0946388, 7.7099179 ], [ 4.0936732, 7.7092587 ], [ 4.0928364, 7.70844 ], [ 4.0918614, 7.7078534 ], [ 4.092139, 7.7070366 ], [ 4.0923901, 7.7060904 ], [ 4.0920746, 7.7053568 ], [ 4.0917483, 7.7044659 ], [ 4.0924072, 7.7041022 ], [ 4.0939951, 7.7040597 ], [ 4.0949392, 7.7038045 ], [ 4.0957117, 7.7045275 ], [ 4.0963983, 7.7051654 ], [ 4.0977716, 7.7055907 ], [ 4.0993166, 7.7057183 ], [ 4.1002607, 7.7059734 ], [ 4.1017198, 7.7053781 ], [ 4.1027069, 7.7049103 ], [ 4.1042089, 7.7042298 ], [ 4.1053247, 7.7046976 ], [ 4.1056251, 7.705293 ], [ 4.1048097, 7.706101 ], [ 4.105153, 7.7072493 ], [ 4.1062259, 7.7086527 ], [ 4.1082, 7.7104388 ], [ 4.109745, 7.7103113 ], [ 4.1107019, 7.7100359 ], [ 4.1110754, 7.7099285 ], [ 4.1125345, 7.7095458 ], [ 4.1144228, 7.7086952 ], [ 4.1163539, 7.7085251 ], [ 4.1181993, 7.7082274 ], [ 4.1186714, 7.7078447 ], [ 4.1191434, 7.7075044 ], [ 4.1203451, 7.7065688 ], [ 4.1212034, 7.7062711 ], [ 4.1218471, 7.7065263 ], [ 4.1218471, 7.7074619 ], [ 4.1227912, 7.7085251 ], [ 4.1239929, 7.7087803 ], [ 4.1261816, 7.7085251 ], [ 4.127469, 7.7084401 ], [ 4.1281557, 7.7074194 ], [ 4.1280269, 7.7055056 ], [ 4.129014, 7.7039321 ], [ 4.129486, 7.7033367 ], [ 4.1304731, 7.7032942 ], [ 4.1324043, 7.7038045 ], [ 4.1325759, 7.7024862 ], [ 4.1324043, 7.6992965 ], [ 4.1315889, 7.6972552 ], [ 4.1312885, 7.6962345 ], [ 4.1314601, 7.6952988 ], [ 4.1324901, 7.695469 ], [ 4.1332197, 7.6953414 ], [ 4.1338634, 7.6936827 ], [ 4.1338205, 7.6924494 ], [ 4.1339922, 7.6918115 ], [ 4.1346359, 7.6915563 ], [ 4.1349792, 7.6908758 ], [ 4.1347646, 7.6901953 ], [ 4.1339922, 7.6893873 ], [ 4.1322326, 7.6893448 ], [ 4.1315031, 7.6894298 ], [ 4.1315889, 7.6888344 ], [ 4.1316318, 7.6879838 ], [ 4.1310739, 7.6877712 ], [ 4.1305589, 7.6887493 ], [ 4.1296577, 7.6884516 ], [ 4.1287565, 7.687516 ], [ 4.1281557, 7.686878 ], [ 4.1267395, 7.6866229 ], [ 4.1260099, 7.6859424 ], [ 4.1255378, 7.6853044 ], [ 4.1254091, 7.6841561 ], [ 4.1258382, 7.6836032 ], [ 4.1265249, 7.6826676 ], [ 4.126997, 7.6800307 ], [ 4.1281986, 7.6785847 ], [ 4.1292715, 7.678287 ], [ 4.1303873, 7.677649 ], [ 4.1306448, 7.6765432 ], [ 4.1296577, 7.6758202 ], [ 4.1276407, 7.6750546 ], [ 4.1272115, 7.6741189 ], [ 4.1277265, 7.6728855 ], [ 4.1287565, 7.6716947 ], [ 4.1281986, 7.6709291 ], [ 4.1274261, 7.6696106 ], [ 4.126954, 7.6681646 ], [ 4.1265249, 7.6675266 ], [ 4.1266965, 7.666761 ], [ 4.1273832, 7.6659104 ], [ 4.1278982, 7.6649747 ], [ 4.1285848, 7.6638689 ], [ 4.1291856, 7.6629331 ], [ 4.1288423, 7.6614871 ], [ 4.1279411, 7.6604663 ], [ 4.1268682, 7.6604237 ], [ 4.125967, 7.6599134 ], [ 4.1251945, 7.6598283 ], [ 4.1243362, 7.6592754 ], [ 4.1239929, 7.6581695 ], [ 4.1241216, 7.6571913 ], [ 4.1245508, 7.6563406 ], [ 4.1243791, 7.6558728 ], [ 4.12395, 7.654937 ], [ 4.124422, 7.6540438 ], [ 4.124937, 7.6534484 ], [ 4.1251945, 7.6522575 ], [ 4.124937, 7.6512367 ], [ 4.1257524, 7.6504711 ], [ 4.1263532, 7.6500883 ], [ 4.1273403, 7.6502159 ], [ 4.1284132, 7.6503009 ], [ 4.1290569, 7.6505561 ], [ 4.1296148, 7.6504285 ], [ 4.1298723, 7.6498331 ], [ 4.1294431, 7.6492376 ], [ 4.1283702, 7.648472 ], [ 4.1262245, 7.6471109 ], [ 4.1258382, 7.6461752 ], [ 4.1255807, 7.6449842 ], [ 4.1255378, 7.6432829 ], [ 4.1260099, 7.6425598 ], [ 4.1270828, 7.6423471 ], [ 4.1278553, 7.6417942 ], [ 4.1287565, 7.6411136 ], [ 4.1290569, 7.6399652 ], [ 4.1287994, 7.6392846 ], [ 4.1279411, 7.6385616 ], [ 4.1257095, 7.6374557 ], [ 4.1239929, 7.6365199 ], [ 4.1219759, 7.6351162 ], [ 4.1210746, 7.6344782 ], [ 4.1212034, 7.6331171 ], [ 4.1213321, 7.6319261 ], [ 4.1214609, 7.6311605 ], [ 4.1223192, 7.631203 ], [ 4.1229629, 7.6324365 ], [ 4.12395, 7.6335425 ], [ 4.1254091, 7.6337551 ], [ 4.1266536, 7.6335425 ], [ 4.127984, 7.6338827 ], [ 4.1287136, 7.6333298 ], [ 4.1305589, 7.6325216 ], [ 4.131031, 7.6316709 ], [ 4.1307306, 7.6306075 ], [ 4.1306448, 7.6299695 ], [ 4.1300439, 7.6286509 ], [ 4.1293573, 7.6279278 ], [ 4.1280269, 7.626992 ], [ 4.125967, 7.6274599 ], [ 4.1246366, 7.6272472 ], [ 4.1242504, 7.6266092 ], [ 4.1249799, 7.6255883 ], [ 4.125452, 7.6248227 ], [ 4.1265678, 7.6253331 ], [ 4.1280269, 7.6256734 ], [ 4.1296148, 7.6255458 ], [ 4.1304731, 7.6242697 ], [ 4.1301298, 7.6233233 ], [ 4.1299581, 7.6222014 ], [ 4.1296309, 7.6212284 ], [ 4.1289711, 7.6206541 ], [ 4.1279411, 7.6195482 ], [ 4.1275119, 7.6186975 ], [ 4.1276836, 7.6173788 ], [ 4.1285419, 7.6167833 ], [ 4.129486, 7.6170385 ], [ 4.1301727, 7.6177191 ], [ 4.1313743, 7.6182721 ], [ 4.132533, 7.6176341 ], [ 4.134078, 7.6176341 ], [ 4.1356659, 7.6177617 ], [ 4.1369104, 7.6173788 ], [ 4.1381549, 7.6184848 ], [ 4.1389703, 7.6195907 ], [ 4.1407728, 7.6195482 ], [ 4.1425752, 7.6190803 ], [ 4.1439914, 7.61874 ], [ 4.1440232, 7.6178756 ], [ 4.1432619, 7.6175065 ], [ 4.1412448, 7.6168259 ], [ 4.1402149, 7.6161027 ], [ 4.1404295, 7.6149968 ], [ 4.1412019, 7.6146565 ], [ 4.1424036, 7.614614 ], [ 4.1427898, 7.6134229 ], [ 4.1420173, 7.611764 ], [ 4.1412448, 7.6103602 ], [ 4.1396141, 7.6086162 ], [ 4.1372966, 7.6076378 ], [ 4.1357946, 7.6065744 ], [ 4.1354513, 7.6056811 ], [ 4.1360521, 7.6050856 ], [ 4.1375112, 7.6046602 ], [ 4.1396141, 7.6040221 ], [ 4.1405582, 7.6023631 ], [ 4.1400861, 7.6014273 ], [ 4.1390562, 7.6009168 ], [ 4.1374042, 7.5997677 ], [ 4.137254939095829, 7.599663882670028 ] ], [ [ 4.141479863589553, 7.593453080158688 ], [ 4.1419315, 7.5931748 ], [ 4.1434335, 7.5930047 ], [ 4.1441202, 7.5917285 ], [ 4.1436052, 7.5906225 ], [ 4.143361768819573, 7.589898517374846 ] ], [ [ 4.147502455992755, 7.571212132260446 ], [ 4.1486692, 7.5710965 ], [ 4.1494846, 7.571607 ], [ 4.1492271, 7.5730534 ], [ 4.1499567, 7.5736915 ], [ 4.1507291, 7.5733086 ], [ 4.1520595, 7.5719899 ], [ 4.1526174, 7.5710114 ], [ 4.1535615, 7.5707987 ], [ 4.1544628, 7.5703733 ], [ 4.1544199, 7.5689269 ], [ 4.1545057, 7.5670125 ], [ 4.154139936927029, 7.566613667820118 ] ], [ [ 4.154501640840309, 7.539276196066465 ], [ 4.1545937, 7.5391229 ], [ 4.1551923, 7.5381258 ], [ 4.155879, 7.5373174 ], [ 4.15622527123822, 7.536173225696931 ] ], [ [ 4.157266372858728, 7.534298979638136 ], [ 4.1586256, 7.5345095 ], [ 4.1595268, 7.5347222 ], [ 4.1601276, 7.5340415 ], [ 4.1606855, 7.5324248 ], [ 4.1612863, 7.5306379 ], [ 4.1609001, 7.529319 ], [ 4.1613721, 7.5276172 ], [ 4.1620588, 7.5263834 ], [ 4.1627106, 7.5245271 ] ] ] } },
{ "type": "Feature", "properties": { "name": null, "waterway": "stream" }, "geometry": { "type": "LineString", "coordinates": [ [ 4.094351459674607, 7.62094734469474 ], [ 4.0951109, 7.6214623 ], [ 4.0955829, 7.6223981 ], [ 4.0968703, 7.6226109 ] ] } },
{ "type": "Feature", "properties": { "name": null, "waterway": "stream" }, "geometry": { "type": "LineString", "coordinates": [ [ 4.0946597, 7.6254595 ], [ 4.0956687, 7.6243123 ], [ 4.0968703, 7.6226109 ], [ 4.1004752, 7.6220154 ], [ 4.103651, 7.6214198 ], [ 4.1059684, 7.6212497 ], [ 4.1074275, 7.6213348 ], [ 4.1084575, 7.6226109 ], [ 4.1104316, 7.6228661 ], [ 4.1128348, 7.6219303 ], [ 4.1155814, 7.6203139 ], [ 4.1184138, 7.6188677 ], [ 4.1195296, 7.6172513 ], [ 4.1210746, 7.6159752 ], [ 4.1226195, 7.6156349 ], [ 4.1242503, 7.6165707 ], [ 4.1247484, 7.6163912 ], [ 4.1261386, 7.6158901 ], [ 4.1277694, 7.6160602 ], [ 4.1285419, 7.6167833 ] ] } },
{ "type": "Feature", "properties": { "name": "Oba", "waterway": "river" }, "geometry": { "type": "MultiLineString", "coordinates": [ [ [ 4.162598, 7.5210915 ], [ 4.1627052, 7.5206501 ], [ 4.1634187, 7.5197992 ], [ 4.1639712, 7.5183792 ], [ 4.1641429, 7.5175602 ], [ 4.1636869, 7.5172464 ], [ 4.1638318, 7.5168954 ], [ 4.163758483688177, 7.516442893310556 ] ], [ [ 4.164719384157212, 7.513329320720645 ], [ 4.1647732, 7.5132472 ], [ 4.164772627364033, 7.51300988020711 ] ], [ [ 4.165261931666942, 7.510074226494085 ], [ 4.1655778, 7.5094499 ], [ 4.1657308, 7.5087372 ], [ 4.1657039, 7.508325 ], [ 4.165653, 7.5080245 ], [ 4.165624252218267, 7.507900430626204 ] ] ] } },
{ "type": "Feature", "properties": { "name": null, "waterway": "river" }, "geometry": { "type": "LineString", "coordinates": [ [ 4.1627106, 7.5245271 ], [ 4.1629574, 7.5230699 ], [ 4.1629413, 7.5221073 ], [ 4.1626891, 7.5216819 ], [ 4.162598, 7.5210915 ] ] } },
{ "type": "Feature", "properties": { "name": null, "waterway": "stream" }, "geometry": { "type": "LineString", "coordinates": [ [ 4.154584824620382, 7.539126444237358 ], [ 4.1545937, 7.5391229 ] ] } },
{ "type": "Feature", "properties": { "name": null, "waterway": "stream" }, "geometry": { "type": "LineString", "coordinates": [ [ 4.1630458, 7.5622053 ], [ 4.1627883, 7.5643324 ], [ 4.1621017, 7.5667998 ], [ 4.1611575, 7.5682463 ], [ 4.1596984, 7.5690971 ], [ 4.1584109, 7.5707137 ] ] } },
{ "type": "Feature", "properties": { "name": null, "waterway": "stream" }, "geometry": { "type": "LineString", "coordinates": [ [ 4.1602134, 7.573096 ], [ 4.1604709, 7.5757335 ], [ 4.1609, 7.5779456 ], [ 4.1621017, 7.5809234 ], [ 4.1622733, 7.5830504 ], [ 4.1632175, 7.5850924 ], [ 4.1650199, 7.5858581 ] ] } },
{ "type": "Feature", "properties": { "name": null, "waterway": "stream" }, "geometry": { "type": "LineString", "coordinates": [ [ 4.1653632, 7.5925793 ], [ 4.1636466, 7.5912181 ], [ 4.1617583, 7.5905374 ], [ 4.1594409, 7.5891762 ], [ 4.1586684, 7.5876447 ], [ 4.1572093, 7.5853476 ], [ 4.1560077, 7.5841565 ], [ 4.1541194, 7.5822847 ], [ 4.1532611, 7.5803279 ], [ 4.152317, 7.5782859 ], [ 4.1514587, 7.5768396 ], [ 4.1503429, 7.5753932 ], [ 4.1507291, 7.5733086 ] ] } },
{ "type": "Feature", "properties": { "name": null, "waterway": "stream" }, "geometry": { "type": "LineString", "coordinates": [ [ 4.1588401, 7.5937704 ], [ 4.1547202, 7.5961526 ], [ 4.1525745, 7.5975138 ], [ 4.1515307, 7.5990875 ] ] } },
{ "type": "Feature", "properties": { "name": null, "waterway": "stream" }, "geometry": { "type": "LineString", "coordinates": [ [ 4.1683673, 7.6004064 ], [ 4.1654491, 7.6018527 ], [ 4.1618442, 7.6017677 ], [ 4.1584109, 7.6011721 ], [ 4.1566085, 7.6005766 ], [ 4.1532611, 7.5996407 ], [ 4.1515307, 7.5990875 ], [ 4.1506003, 7.59879 ], [ 4.1495704, 7.5993004 ] ] } },
{ "type": "Feature", "properties": { "name": null, "waterway": "stream" }, "geometry": { "type": "LineString", "coordinates": [ [ 4.1765557, 7.6385673 ], [ 4.1749763, 7.6375833 ], [ 4.1737236, 7.636303 ], [ 4.1726647, 7.6352207 ], [ 4.1714221, 7.6352009 ], [ 4.1704887, 7.6349023 ], [ 4.1676094, 7.6337194 ], [ 4.1675193, 7.6336321 ], [ 4.1671176, 7.6332425 ], [ 4.1660945, 7.6326319 ], [ 4.1656188, 7.6318529 ], [ 4.1656207, 7.631118 ], [ 4.1647786, 7.6276131 ], [ 4.1650199, 7.6256734 ], [ 4.1657065, 7.6240571 ], [ 4.1642474, 7.6220154 ], [ 4.1633891, 7.6196333 ], [ 4.16296, 7.6185274 ], [ 4.1611575, 7.6174214 ], [ 4.1594409, 7.6158901 ], [ 4.1580676, 7.6131677 ], [ 4.1561793, 7.6108707 ], [ 4.1548919, 7.6091692 ], [ 4.1530894, 7.607808 ], [ 4.1509437, 7.6063618 ], [ 4.1495704, 7.6047453 ], [ 4.1486262, 7.6028736 ], [ 4.149742, 7.6012572 ], [ 4.1495704, 7.5993004 ], [ 4.1485404, 7.5981944 ], [ 4.1465663, 7.5979392 ], [ 4.145708, 7.5973437 ], [ 4.1454505, 7.5959824 ], [ 4.1443347, 7.5947913 ], [ 4.1434335, 7.5930047 ] ] } },
{ "type": "Feature", "properties": { "name": null, "waterway": "stream" }, "geometry": { "type": "LineString", "coordinates": [ [ 4.1537761, 7.6291614 ], [ 4.1517161, 7.6278853 ], [ 4.1515445, 7.6265242 ], [ 4.1500854, 7.6250779 ], [ 4.1500854, 7.6236317 ], [ 4.1480254, 7.6221855 ], [ 4.1451568, 7.620944 ], [ 4.1433047, 7.620484 ], [ 4.1425752, 7.6190803 ] ] } },
{ "type": "Feature", "properties": { "name": null, "waterway": "stream" }, "geometry": { "type": "LineString", "coordinates": [ [ 4.1751909, 7.5274895 ], [ 4.1746759, 7.525575 ], [ 4.1742467, 7.5241284 ], [ 4.1743606, 7.5218215 ] ] } },
{ "type": "Feature", "properties": { "name": null, "waterway": "stream" }, "geometry": { "type": "LineString", "coordinates": [ [ 4.1790961, 7.5579511 ], [ 4.1769504, 7.5555687 ], [ 4.1757487, 7.5518249 ], [ 4.1743754, 7.5487618 ], [ 4.1730022, 7.5457838 ], [ 4.1721439, 7.5434864 ], [ 4.1709422, 7.5408487 ], [ 4.1689681, 7.539232 ], [ 4.1673373, 7.5376153 ], [ 4.165964, 7.5364241 ], [ 4.1644191, 7.535403 ], [ 4.1625308, 7.5331056 ], [ 4.1620158, 7.5315739 ], [ 4.1612863, 7.5306379 ] ] } },
{ "type": "Feature", "properties": { "name": null, "waterway": "stream" }, "geometry": { "type": "LineString", "coordinates": [ [ 4.1742896, 7.5627158 ], [ 4.1730022, 7.5650982 ], [ 4.1709422, 7.5670551 ], [ 4.1706847, 7.5681612 ], [ 4.1692256, 7.5695225 ], [ 4.168024, 7.5707987 ], [ 4.1670798, 7.5718197 ], [ 4.165964, 7.5725855 ] ] } },
{ "type": "Feature", "properties": { "name": null, "waterway": "stream" }, "geometry": { "type": "LineString", "coordinates": [ [ 4.1951465, 7.605511 ], [ 4.1936015, 7.6027886 ], [ 4.1920566, 7.6011721 ], [ 4.1911983, 7.5998109 ], [ 4.19034, 7.5978541 ], [ 4.1901683, 7.5958973 ], [ 4.188795, 7.5946212 ], [ 4.1879367, 7.5929196 ], [ 4.1875934, 7.5907076 ], [ 4.1881942, 7.5886657 ], [ 4.1886233, 7.586879 ], [ 4.1888808, 7.584752 ], [ 4.1880225, 7.5828803 ], [ 4.1866492, 7.5806682 ], [ 4.1839027, 7.5799876 ], [ 4.1820144, 7.5791367 ], [ 4.1808127, 7.5782009 ], [ 4.1794395, 7.5771799 ], [ 4.1772937, 7.5764142 ], [ 4.1739463, 7.5775202 ], [ 4.1723155, 7.5768396 ], [ 4.1700839, 7.5755633 ], [ 4.1691398, 7.5747976 ], [ 4.1668223, 7.5734363 ], [ 4.165964, 7.5725855 ], [ 4.1630458, 7.5726706 ], [ 4.1602134, 7.573096 ], [ 4.1584968, 7.5726706 ], [ 4.1574668, 7.5719899 ], [ 4.1584109, 7.5707137 ], [ 4.1572093, 7.5701181 ], [ 4.1555785, 7.5701181 ], [ 4.1544199, 7.5689269 ] ] } },
{ "type": "Feature", "properties": { "name": null, "waterway": "stream" }, "geometry": { "type": "LineString", "coordinates": [ [ 4.1747188, 7.5983646 ], [ 4.1750621, 7.5959824 ], [ 4.1759204, 7.5951316 ], [ 4.1747188, 7.5932599 ], [ 4.1743754, 7.5913031 ], [ 4.1745471, 7.589006 ], [ 4.1744613, 7.5877298 ], [ 4.1738605, 7.585773 ], [ 4.1734313, 7.5838162 ], [ 4.1738605, 7.5819444 ], [ 4.1736888, 7.5793069 ], [ 4.1723155, 7.5768396 ] ] } },
{ "type": "Feature", "properties": { "name": null, "waterway": "stream" }, "geometry": { "type": "LineString", "coordinates": [ [ 4.1846751, 7.5998109 ], [ 4.1841601, 7.5967481 ], [ 4.1822719, 7.594451 ], [ 4.1806411, 7.5927495 ], [ 4.1811561, 7.5907927 ], [ 4.1779803, 7.5886657 ], [ 4.1758346, 7.5877298 ], [ 4.1744613, 7.5877298 ] ] } },
{ "type": "Feature", "properties": { "name": null, "waterway": "stream" }, "geometry": { "type": "LineString", "coordinates": [ [ 4.1868088, 7.6065413 ], [ 4.1867293, 7.6067001 ], [ 4.1864428, 7.6068761 ], [ 4.1862435, 7.6070117 ], [ 4.1845893, 7.6093394 ], [ 4.1802119, 7.6103603 ], [ 4.1775512, 7.611126 ], [ 4.1760921, 7.6121468 ], [ 4.175459, 7.6149057 ], [ 4.1754335, 7.6150168 ], [ 4.1728707, 7.6175637 ] ] } },
{ "type": "Feature", "properties": { "name": null, "waterway": "stream" }, "geometry": { "type": "LineString", "coordinates": [ [ 4.2115401, 7.6182722 ], [ 4.2099952, 7.6172513 ], [ 4.2075061, 7.6163155 ], [ 4.2041587, 7.61572 ], [ 4.2020129, 7.6147841 ], [ 4.198923, 7.6144438 ], [ 4.1971206, 7.6158901 ], [ 4.1945966, 7.6168805 ], [ 4.1936355, 7.6171506 ], [ 4.1934452, 7.6174108 ], [ 4.1933562, 7.6174838 ], [ 4.1931295, 7.6175569 ], [ 4.1930196, 7.6177191 ], [ 4.1929235, 7.617854 ], [ 4.1928171, 7.6178866 ], [ 4.1927513, 7.6179836 ], [ 4.1927929, 7.6180713 ], [ 4.1926574, 7.6182722 ], [ 4.1914862, 7.6183683 ], [ 4.1908931, 7.6182398 ], [ 4.1903887, 7.6180385 ], [ 4.1902759, 7.6178671 ], [ 4.1899728, 7.6177456 ], [ 4.1897001, 7.6175843 ], [ 4.1894777, 7.6176501 ], [ 4.1892108, 7.6176992 ], [ 4.1889218, 7.6176957 ], [ 4.1888347, 7.6176885 ], [ 4.1887569, 7.6176819 ], [ 4.1886368, 7.6176513 ], [ 4.188484, 7.6176579 ], [ 4.1883686, 7.6177302 ], [ 4.1882466, 7.6178613 ], [ 4.1881406, 7.6179756 ], [ 4.1880454, 7.617957 ], [ 4.1879703, 7.6179823 ], [ 4.1879099, 7.6180508 ], [ 4.1877758, 7.6180501 ], [ 4.1877075, 7.6180102 ], [ 4.1876873, 7.6179584 ], [ 4.1876377, 7.6179039 ], [ 4.187537, 7.6178821 ], [ 4.1874272, 7.6179198 ], [ 4.1873883, 7.6179278 ], [ 4.1870363, 7.6178264 ], [ 4.1867204, 7.6178168 ], [ 4.1866234, 7.6177825 ], [ 4.1864928, 7.6178854 ], [ 4.1862857, 7.6180254 ], [ 4.1860341, 7.6180916 ], [ 4.1856908, 7.6179177 ], [ 4.1852628, 7.6177386 ], [ 4.1852134, 7.6177192 ], [ 4.1850467, 7.6176832 ], [ 4.1847463, 7.6176393 ], [ 4.1844848, 7.6175941 ], [ 4.1840812, 7.6176371 ], [ 4.1830443, 7.6175065 ], [ 4.1805553, 7.6176766 ], [ 4.1790961, 7.6188677 ], [ 4.1778087, 7.619293 ], [ 4.1775097, 7.6193474 ], [ 4.1771758, 7.6193661 ], [ 4.1765601, 7.619176 ] ] } },
{ "type": "Feature", "properties": { "name": null, "waterway": "stream" }, "geometry": { "type": "LineString", "coordinates": [ [ 4.196135, 7.6318958 ], [ 4.192829, 7.6330746 ], [ 4.1904258, 7.6317986 ], [ 4.1868209, 7.6295867 ], [ 4.185916, 7.6286549 ], [ 4.1853975, 7.6283718 ], [ 4.1839471, 7.6265466 ], [ 4.1838953, 7.6264404 ], [ 4.183892, 7.6264031 ], [ 4.1839068, 7.6263519 ], [ 4.1839242, 7.6262994 ], [ 4.1839165, 7.6262305 ], [ 4.1839043, 7.626043 ], [ 4.1837378, 7.6258668 ], [ 4.1836098, 7.6256399 ], [ 4.1825294, 7.6244824 ], [ 4.18132, 7.6235011 ], [ 4.1808807, 7.6232171 ], [ 4.1807117, 7.6231268 ], [ 4.1804158, 7.6229738 ], [ 4.180051, 7.6227802 ], [ 4.1796286, 7.6226334 ], [ 4.1793618, 7.6224473 ], [ 4.1792384, 7.6222532 ], [ 4.1791675, 7.622036 ], [ 4.1786242, 7.6215726 ], [ 4.1783586, 7.6213202 ], [ 4.1779044, 7.6208285 ], [ 4.1774643, 7.6208108 ], [ 4.1766366, 7.6203192 ], [ 4.1764945, 7.620145 ], [ 4.1764168, 7.619937 ], [ 4.1765158, 7.6194287 ], [ 4.1765267, 7.61937 ], [ 4.1765414, 7.6192863 ], [ 4.1765601, 7.619176 ], [ 4.1764905, 7.6188224 ], [ 4.1764341, 7.6186443 ], [ 4.1763368, 7.6184227 ], [ 4.1761933, 7.6182466 ], [ 4.1760893, 7.6180376 ], [ 4.1759983, 7.6178507 ], [ 4.1759661, 7.6178002 ], [ 4.1758963, 7.6177869 ], [ 4.1758038, 7.6178188 ], [ 4.1757421, 7.6178946 ], [ 4.1757005, 7.617965 ], [ 4.1755918, 7.6180355 ], [ 4.1755128, 7.6180182 ], [ 4.1753975, 7.6179198 ], [ 4.1752405, 7.6178653 ], [ 4.1750957, 7.6178879 ], [ 4.174975, 7.6179491 ], [ 4.1748349, 7.6179459 ], [ 4.1746169, 7.6178653 ], [ 4.1743889, 7.6176367 ], [ 4.1743018, 7.6176074 ], [ 4.1741328, 7.6177124 ], [ 4.1739732, 7.6177975 ], [ 4.1739209, 7.6177962 ], [ 4.1737801, 7.6176779 ], [ 4.1736996, 7.617634 ], [ 4.1736004, 7.6176247 ], [ 4.1735038, 7.6177031 ], [ 4.1733684, 7.6178666 ], [ 4.1732933, 7.6179065 ], [ 4.1732302, 7.6178879 ], [ 4.1731632, 7.6178294 ], [ 4.1730653, 7.6176925 ], [ 4.1729821, 7.6176141 ], [ 4.1728707, 7.6175637 ], [ 4.1726549, 7.6175144 ], [ 4.1721792, 7.6168806 ], [ 4.1710281, 7.6164856 ], [ 4.1691398, 7.6171662 ], [ 4.1663074, 7.6173363 ], [ 4.1647624, 7.6179319 ], [ 4.16296, 7.6185274 ] ] } },
{ "type": "Feature", "properties": { "name": null, "waterway": "stream" }, "geometry": { "type": "LineString", "coordinates": [ [ 4.1962811, 7.6318437 ], [ 4.196135, 7.6318958 ] ] } },
{ "type": "Feature", "properties": { "name": null, "waterway": "stream" }, "geometry": { "type": "LineString", "coordinates": [ [ 4.0943118, 7.625855 ], [ 4.0946597, 7.6254595 ] ] } },
{ "type": "Feature", "properties": { "name": null, "waterway": "stream" }, "geometry": { "type": "LineString", "coordinates": [ [ 4.0873431, 7.644644 ], [ 4.0885448, 7.643453 ], [ 4.0905189, 7.6425173 ], [ 4.0916347, 7.6416666 ], [ 4.091463, 7.6403906 ], [ 4.0913772, 7.6380087 ], [ 4.0907764, 7.6361371 ], [ 4.0898322, 7.6351163 ], [ 4.0898322, 7.6336541 ], [ 4.0898322, 7.6335 ], [ 4.0890943, 7.6315939 ], [ 4.088867489093374, 7.631007977398395 ] ] } },
{ "type": "Feature", "properties": { "name": null, "waterway": "stream" }, "geometry": { "type": "MultiLineString", "coordinates": [ [ [ 4.077059860439364, 7.650752563767187 ], [ 4.0777301, 7.6500883 ], [ 4.077827842954943, 7.649352130670666 ] ], [ [ 4.090406683498506, 7.627841692272577 ], [ 4.0908622, 7.627545 ], [ 4.0925788, 7.6265241 ], [ 4.0942096, 7.6259712 ], [ 4.0943118, 7.625855 ] ] ] } },
{ "type": "Feature", "properties": { "name": null, "waterway": "stream" }, "geometry": { "type": "LineString", "coordinates": [ [ 4.0897464, 7.6506412 ], [ 4.0925359, 7.6505561 ], [ 4.0943384, 7.649748 ], [ 4.0986728, 7.6494503 ], [ 4.101634, 7.6495353 ], [ 4.1028719, 7.6496251 ], [ 4.1033935, 7.6496629 ], [ 4.1048955, 7.6499607 ], [ 4.1069555, 7.6500883 ], [ 4.1089296, 7.6497055 ], [ 4.1109895, 7.6496629 ], [ 4.1131353, 7.6483869 ], [ 4.115324, 7.6489824 ], [ 4.1176843, 7.6488123 ], [ 4.1194868, 7.6487272 ], [ 4.1205304, 7.6486302 ] ] } },
{ "type": "Feature", "properties": { "name": null, "waterway": "stream" }, "geometry": { "type": "LineString", "coordinates": [ [ 4.0966558, 7.6542565 ], [ 4.0986299, 7.652938 ], [ 4.1003894, 7.6523 ], [ 4.1014623, 7.6515344 ], [ 4.1020631, 7.6508539 ], [ 4.1028719, 7.6496251 ] ] } },
{ "type": "Feature", "properties": { "name": null, "waterway": "stream" }, "geometry": { "type": "LineString", "coordinates": [ [ 4.0753268, 7.6851344 ], [ 4.0770434, 7.6829228 ], [ 4.0785455, 7.6812216 ], [ 4.0803909, 7.6805411 ], [ 4.0820217, 7.6797755 ], [ 4.08288, 7.6787548 ], [ 4.0840816, 7.6781168 ], [ 4.0852832, 7.6764581 ], [ 4.0850257, 7.6752673 ], [ 4.0849399, 7.6729706 ], [ 4.0848112, 7.6710142 ], [ 4.0854549, 7.6698233 ], [ 4.085412, 7.6692279 ], [ 4.0865278, 7.6685048 ], [ 4.0878152, 7.6674415 ], [ 4.0897464, 7.666761 ], [ 4.0913343, 7.6659529 ], [ 4.0925788, 7.6656127 ], [ 4.0936946, 7.6659954 ], [ 4.0951538, 7.6668036 ], [ 4.0964841, 7.6672289 ], [ 4.0982866, 7.6678243 ], [ 4.0988341, 7.6677809 ], [ 4.0993595, 7.6677392 ], [ 4.1009044, 7.6665909 ], [ 4.1029214, 7.6642942 ], [ 4.1052818, 7.6623377 ], [ 4.1073417, 7.6606789 ], [ 4.11026, 7.6585098 ], [ 4.1129636, 7.6563406 ], [ 4.1154098, 7.654299 ], [ 4.1174268, 7.6514493 ], [ 4.1197443, 7.6501733 ], [ 4.1205304, 7.6486302 ], [ 4.1208346, 7.6485969 ], [ 4.1226625, 7.6476639 ], [ 4.1240787, 7.6470258 ], [ 4.1258382, 7.6461752 ] ] } },
{ "type": "Feature", "properties": { "name": null, "waterway": "stream" }, "geometry": { "type": "LineString", "coordinates": [ [ 4.0763568, 7.670121 ], [ 4.0775156, 7.6695256 ], [ 4.0785884, 7.6693554 ], [ 4.0794897, 7.6691003 ], [ 4.0809059, 7.6682922 ], [ 4.0821075, 7.6687175 ], [ 4.08288, 7.6690152 ], [ 4.0843391, 7.6689301 ], [ 4.085412, 7.6692279 ] ] } },
{ "type": "Feature", "properties": { "name": null, "waterway": "stream" }, "geometry": { "type": "MultiLineString", "coordinates": [ [ [ 4.055387386478063, 7.677600799567796 ], [ 4.0551565, 7.6766284 ], [ 4.056214598007356, 7.673089284448416 ] ], [ [ 4.071536070656767, 7.660825316561492 ], [ 4.0725803, 7.6594455 ], [ 4.0741252, 7.6568085 ], [ 4.0751552, 7.6553624 ], [ 4.0761851, 7.6544267 ], [ 4.076064166809235, 7.652568233115568 ] ] ] } },
{ "type": "Feature", "properties": { "name": null, "waterway": "stream" }, "geometry": { "type": "LineString", "coordinates": [ [ 4.1470813, 7.6731408 ], [ 4.1442489, 7.6711843 ], [ 4.1404723, 7.669313 ], [ 4.1377257, 7.6685474 ], [ 4.1342925, 7.6681221 ], [ 4.1319751, 7.6673565 ], [ 4.1297435, 7.6671013 ], [ 4.1273832, 7.6659104 ] ] } },
{ "type": "Feature", "properties": { "name": null, "waterway": "stream" }, "geometry": { "type": "LineString", "coordinates": [ [ 4.1051101, 7.6767984 ], [ 4.1078567, 7.6751823 ], [ 4.1106032, 7.6740765 ], [ 4.1135215, 7.6732258 ], [ 4.1158389, 7.6726304 ], [ 4.1178989, 7.6723752 ], [ 4.1199588, 7.6705038 ], [ 4.1209888, 7.6691428 ], [ 4.1231345, 7.6682071 ], [ 4.1265249, 7.6675266 ] ] } },
{ "type": "Feature", "properties": { "name": null, "waterway": "stream" }, "geometry": { "type": "LineString", "coordinates": [ [ 4.1766489, 7.6386253 ], [ 4.1765557, 7.6385673 ] ] } },
{ "type": "Feature", "properties": { "name": null, "waterway": "stream" }, "geometry": { "type": "LineString", "coordinates": [ [ 4.1914558, 7.6511091 ], [ 4.1874861, 7.6493653 ], [ 4.1861343, 7.6478766 ], [ 4.1849195, 7.6470947 ], [ 4.18347, 7.6461618 ], [ 4.1812495, 7.643739 ], [ 4.1810506, 7.6434113 ], [ 4.1805225, 7.6425414 ], [ 4.1803444, 7.6410691 ], [ 4.1803335, 7.6409789 ], [ 4.1799696, 7.6407433 ], [ 4.1779803, 7.6394548 ], [ 4.1766489, 7.6386253 ] ] } },
{ "type": "Feature", "properties": { "name": null, "waterway": "stream" }, "geometry": { "type": "LineString", "coordinates": [ [ 4.2196081, 7.7154146 ], [ 4.21463, 7.7120125 ], [ 4.213085, 7.7070793 ], [ 4.2128276, 7.7055482 ], [ 4.2129993, 7.7043574 ], [ 4.2104243, 7.702231 ], [ 4.2081927, 7.7001046 ], [ 4.2063903, 7.697723 ], [ 4.2032146, 7.6944058 ], [ 4.2000388, 7.6908333 ], [ 4.1997813, 7.685985 ], [ 4.1996097, 7.6821573 ], [ 4.1980647, 7.6787548 ], [ 4.1971206, 7.6764582 ], [ 4.1957473, 7.6724603 ], [ 4.1937732, 7.6712694 ], [ 4.1899108, 7.6692279 ], [ 4.1901683, 7.6668461 ], [ 4.1900396, 7.6636988 ], [ 4.1902126, 7.6608857 ], [ 4.1902541, 7.6602111 ], [ 4.1896533, 7.6583397 ], [ 4.1883659, 7.6577868 ], [ 4.1867351, 7.6579994 ], [ 4.1833046, 7.6570281 ], [ 4.1813277, 7.6564683 ], [ 4.1764354, 7.6555325 ], [ 4.1736888, 7.6554475 ], [ 4.1710535, 7.6552082 ], [ 4.1704243, 7.6550628 ], [ 4.1671657, 7.6540864 ], [ 4.1638183, 7.6546819 ], [ 4.1634405, 7.6545051 ], [ 4.1607284, 7.6532358 ], [ 4.157992, 7.6527117 ], [ 4.1574556, 7.650798 ], [ 4.1572293, 7.6499906 ], [ 4.1556644, 7.648387 ], [ 4.1533469, 7.6460901 ], [ 4.1516303, 7.6449843 ], [ 4.1501811, 7.6438831 ], [ 4.1490554, 7.6430277 ], [ 4.1464805, 7.6412413 ], [ 4.1445922, 7.6400503 ], [ 4.1427898, 7.6358819 ], [ 4.1407298, 7.6329045 ], [ 4.1378974, 7.6317135 ], [ 4.1344642, 7.6303524 ], [ 4.1306448, 7.6299695 ] ] } },
{ "type": "Feature", "properties": { "name": null, "waterway": "stream" }, "geometry": { "type": "LineString", "coordinates": [ [ 4.1770362, 7.6911736 ], [ 4.1753196, 7.6886218 ], [ 4.1743754, 7.6868356 ], [ 4.1736888, 7.6857298 ], [ 4.1735171, 7.6836883 ], [ 4.1726588, 7.6821573 ], [ 4.172573, 7.6807112 ], [ 4.1731738, 7.6792652 ], [ 4.1733959, 7.6773694 ] ] } },
{ "type": "Feature", "properties": { "name": null, "waterway": "stream" }, "geometry": { "type": "LineString", "coordinates": [ [ 4.2091369, 7.7150743 ], [ 4.2093944, 7.7118423 ], [ 4.2082786, 7.7096309 ], [ 4.2075061, 7.7086102 ], [ 4.2042445, 7.7078447 ], [ 4.2016696, 7.7072493 ], [ 4.2002105, 7.7060585 ], [ 4.1979789, 7.7055482 ], [ 4.1956615, 7.7045275 ], [ 4.192829, 7.7035919 ], [ 4.1901683, 7.7025713 ], [ 4.1876792, 7.7017207 ], [ 4.1862201, 7.7001897 ], [ 4.1855334, 7.6987437 ], [ 4.1845893, 7.6972127 ], [ 4.1840743, 7.6955115 ] ] } },
{ "type": "Feature", "properties": { "name": null, "waterway": "stream" }, "geometry": { "type": "LineString", "coordinates": [ [ 4.183731, 7.7108216 ], [ 4.1817569, 7.7094608 ], [ 4.1799544, 7.7091205 ], [ 4.1799544, 7.7069942 ], [ 4.1768645, 7.7058034 ], [ 4.1707706, 7.7051229 ], [ 4.1675948, 7.7050379 ], [ 4.1652774, 7.7060585 ], [ 4.1628741, 7.7080148 ] ] } },
{ "type": "Feature", "properties": { "name": null, "waterway": "stream" }, "geometry": { "type": "LineString", "coordinates": [ [ 4.1917991, 7.7186466 ], [ 4.1896533, 7.7182213 ], [ 4.1854476, 7.7185615 ], [ 4.1828727, 7.7185615 ], [ 4.1808127, 7.7203476 ], [ 4.1783237, 7.7223889 ], [ 4.1752338, 7.7217085 ], [ 4.1719722, 7.7200925 ], [ 4.1690539, 7.7200074 ], [ 4.1657924, 7.7207729 ], [ 4.1644191, 7.7218786 ], [ 4.1646766, 7.7248554 ], [ 4.1631316, 7.7271518 ], [ 4.1625308, 7.7307239 ], [ 4.1616725, 7.732595 ], [ 4.1604709, 7.7344661 ], [ 4.1595267, 7.7361671 ], [ 4.1575097, 7.7367306 ], [ 4.1555786, 7.7371345 ], [ 4.1537761, 7.7372303 ], [ 4.1529929, 7.7364967 ], [ 4.1525102, 7.7360289 ], [ 4.1518342, 7.7355717 ] ] } },
{ "type": "Feature", "properties": { "name": null, "waterway": "stream" }, "geometry": { "type": "LineString", "coordinates": [ [ 4.2000388, 7.7314043 ], [ 4.1965198, 7.7319997 ], [ 4.1925716, 7.7314043 ], [ 4.1888808, 7.7311492 ], [ 4.1862201, 7.7307239 ], [ 4.1802978, 7.7303837 ], [ 4.1752338, 7.7314894 ], [ 4.1733455, 7.7335306 ], [ 4.1713714, 7.7352316 ], [ 4.1693973, 7.7348914 ], [ 4.1663932, 7.734296 ], [ 4.1647624, 7.7331053 ], [ 4.1645441, 7.7330754 ], [ 4.1642302, 7.7330754 ], [ 4.163802, 7.7329962 ], [ 4.1637312, 7.7329669 ] ] } },
{ "type": "Feature", "properties": { "name": null, "waterway": "stream" }, "geometry": { "type": "LineString", "coordinates": [ [ 4.1816711, 7.7604055 ], [ 4.182744, 7.7598527 ], [ 4.183731, 7.75947 ], [ 4.1843319, 7.7587471 ], [ 4.184761, 7.7579392 ], [ 4.185276, 7.7573439 ], [ 4.1859626, 7.7563659 ], [ 4.1865205, 7.7558131 ], [ 4.1871213, 7.7553028 ], [ 4.1875934, 7.75475 ], [ 4.187808, 7.7540696 ], [ 4.1880655, 7.7532617 ], [ 4.1881084, 7.7521986 ], [ 4.1877651, 7.7517734 ], [ 4.187293, 7.7512631 ], [ 4.1865634, 7.7504977 ], [ 4.1863918, 7.7498173 ], [ 4.1861772, 7.749222 ], [ 4.1858768, 7.748244 ] ] } },
{ "type": "Feature", "properties": { "name": null, "waterway": "stream" }, "geometry": { "type": "LineString", "coordinates": [ [ 4.1990947, 7.761256 ], [ 4.1981935, 7.7598102 ], [ 4.1979789, 7.7584495 ], [ 4.1973781, 7.7574289 ], [ 4.196434, 7.7560682 ], [ 4.1949319, 7.7547075 ], [ 4.1931724, 7.7533893 ], [ 4.1920566, 7.7520711 ], [ 4.1912412, 7.7508804 ], [ 4.1912841, 7.7490094 ] ] } },
{ "type": "Feature", "properties": { "name": null, "waterway": "stream" }, "geometry": { "type": "LineString", "coordinates": [ [ 4.1840743, 7.6955115 ], [ 4.1858768, 7.6936403 ], [ 4.1895675, 7.690408 ], [ 4.18931, 7.6879413 ], [ 4.1881942, 7.6848792 ], [ 4.1855334, 7.6825826 ], [ 4.1845035, 7.6809664 ], [ 4.1809844, 7.6801158 ], [ 4.176607, 7.6786698 ], [ 4.1755771, 7.6766283 ], [ 4.1733959, 7.6773694 ], [ 4.172573, 7.677649 ], [ 4.1707706, 7.6769685 ], [ 4.1673373, 7.6766283 ], [ 4.1649341, 7.6737362 ], [ 4.1625308, 7.6717798 ], [ 4.1586684, 7.6717798 ], [ 4.1559219, 7.672035 ], [ 4.1540336, 7.6694831 ], [ 4.1540336, 7.6663357 ], [ 4.1527461, 7.6634436 ], [ 4.1495704, 7.6615722 ], [ 4.1459655, 7.6597007 ], [ 4.1420173, 7.6577442 ], [ 4.1397857, 7.6578293 ], [ 4.1365241, 7.6585098 ], [ 4.1343783, 7.6589352 ], [ 4.1318034, 7.6579994 ], [ 4.130001, 7.6563832 ], [ 4.128971, 7.6552773 ], [ 4.1275119, 7.653576 ], [ 4.1251945, 7.6522575 ] ] } },
{ "type": "Feature", "properties": { "name": null, "waterway": "stream" }, "geometry": { "type": "LineString", "coordinates": [ [ 4.1510295, 7.6836883 ], [ 4.1478538, 7.6838585 ], [ 4.1452788, 7.6835182 ], [ 4.1435622, 7.6824975 ], [ 4.1425323, 7.6807963 ], [ 4.1404723, 7.6796905 ], [ 4.1384124, 7.6800307 ], [ 4.1363525, 7.6795204 ], [ 4.1336059, 7.6794353 ], [ 4.1315459, 7.6802009 ], [ 4.1309451, 7.67901 ], [ 4.1303873, 7.677649 ] ] } },
{ "type": "Feature", "properties": { "name": null, "waterway": "stream" }, "geometry": { "type": "LineString", "coordinates": [ [ 4.177637, 7.6990839 ], [ 4.1742896, 7.6972977 ], [ 4.1705989, 7.6965322 ], [ 4.1676807, 7.6960219 ], [ 4.1650199, 7.6953414 ], [ 4.1633033, 7.6946609 ], [ 4.1627883, 7.6927046 ], [ 4.1618442, 7.6894724 ], [ 4.1613292, 7.6881965 ], [ 4.1620158, 7.6858148 ], [ 4.1613292, 7.6847091 ], [ 4.1602134, 7.6834332 ], [ 4.1590118, 7.6823274 ], [ 4.157896, 7.6807112 ], [ 4.157896, 7.6794353 ], [ 4.1567802, 7.6774789 ], [ 4.155836, 7.6728856 ], [ 4.1559219, 7.672035 ] ] } },
{ "type": "Feature", "properties": { "name": null, "waterway": "stream" }, "geometry": { "type": "LineString", "coordinates": [ [ 4.1628741, 7.7080148 ], [ 4.1580676, 7.7075045 ], [ 4.1567802, 7.7043574 ], [ 4.1540336, 7.7018057 ], [ 4.1506003, 7.6994242 ], [ 4.1474246, 7.6995943 ], [ 4.144678, 7.697723 ], [ 4.1415023, 7.6942357 ], [ 4.1389274, 7.6916839 ], [ 4.1349792, 7.6908758 ] ] } },
{ "type": "Feature", "properties": { "name": null, "waterway": "stream" }, "geometry": { "type": "LineString", "coordinates": [ [ 4.1733455, 7.7137135 ], [ 4.1727447, 7.7143939 ], [ 4.1693973, 7.7140537 ], [ 4.1671657, 7.7120974 ], [ 4.1655349, 7.7104814 ], [ 4.1643333, 7.7096309 ], [ 4.1628741, 7.7080148 ] ] } },
{ "type": "Feature", "properties": { "name": null, "waterway": "stream" }, "geometry": { "type": "LineString", "coordinates": [ [ 4.1506862, 7.7156697 ], [ 4.1487121, 7.7148192 ], [ 4.1455363, 7.7156697 ], [ 4.141674, 7.71618 ], [ 4.1384124, 7.7174558 ], [ 4.1354083, 7.7183914 ], [ 4.1325759, 7.7189868 ], [ 4.1314601, 7.7178811 ], [ 4.1303443, 7.7162651 ], [ 4.129486, 7.7156697 ] ] } },
{ "type": "Feature", "properties": { "name": null, "waterway": "stream" }, "geometry": { "type": "LineString", "coordinates": [ [ 4.1560077, 7.7203476 ], [ 4.1518878, 7.7220487 ], [ 4.1492271, 7.7228992 ], [ 4.1455363, 7.7238348 ], [ 4.1426181, 7.7246003 ], [ 4.1405582, 7.7262162 ], [ 4.1385841, 7.7273219 ], [ 4.1369533, 7.7280023 ], [ 4.1356658, 7.7280874 ], [ 4.1347217, 7.7269817 ], [ 4.1327476, 7.7256209 ], [ 4.1317176, 7.7243451 ], [ 4.1309451, 7.7229843 ], [ 4.1297435, 7.7216234 ] ] } },
{ "type": "Feature", "properties": { "name": null, "waterway": "stream" }, "geometry": { "type": "LineString", "coordinates": [ [ 4.1636273, 7.732924 ], [ 4.1635653, 7.7328983 ], [ 4.1631927, 7.7327408 ], [ 4.162968, 7.7326125 ], [ 4.1623135, 7.7324401 ], [ 4.1620403, 7.7325129 ], [ 4.1616725, 7.732595 ] ] } },
{ "type": "Feature", "properties": { "name": null, "waterway": "stream" }, "geometry": { "type": "LineString", "coordinates": [ [ 4.1637312, 7.7329669 ], [ 4.1636273, 7.732924 ] ] } },
{ "type": "Feature", "properties": { "name": null, "waterway": "stream" }, "geometry": { "type": "LineString", "coordinates": [ [ 4.1615223, 7.7444381 ], [ 4.1597628, 7.7436939 ], [ 4.1587758, 7.7432049 ], [ 4.1579604, 7.7435025 ], [ 4.1569733, 7.743375 ], [ 4.156394, 7.7426733 ], [ 4.1564798, 7.7418228 ], [ 4.1555785, 7.7416103 ], [ 4.1537761, 7.7414402 ], [ 4.1530894, 7.7404196 ], [ 4.1524028, 7.7390588 ], [ 4.151641, 7.7370176 ], [ 4.1518342, 7.7355717 ], [ 4.1511261, 7.7347957 ], [ 4.1497528, 7.7344768 ], [ 4.1482829, 7.7353166 ], [ 4.1468238, 7.7361671 ], [ 4.1444205, 7.7382083 ], [ 4.1413306, 7.7375279 ], [ 4.1387557, 7.7348063 ], [ 4.1374683, 7.7330203 ], [ 4.1353225, 7.7320847 ], [ 4.134035, 7.7313193 ], [ 4.1317606, 7.7312342 ] ] } },
{ "type": "Feature", "properties": { "name": null, "waterway": "stream" }, "geometry": { "type": "LineString", "coordinates": [ [ 4.067435711004095, 7.680755260965905 ], [ 4.0672588, 7.6799882 ], [ 4.0666151, 7.6781594 ], [ 4.0657997, 7.6767559 ], [ 4.0649843, 7.6746718 ], [ 4.0643835, 7.6725453 ], [ 4.0649843, 7.6699509 ], [ 4.0643835, 7.6688451 ], [ 4.064013487248708, 7.668632776028539 ] ] } },
{ "type": "Feature", "properties": { "name": null, "waterway": "stream" }, "geometry": { "type": "LineString", "coordinates": [ [ 4.0942525, 7.681902 ], [ 4.0958404, 7.6806687 ], [ 4.0966129, 7.6791801 ], [ 4.0977716, 7.6782444 ], [ 4.098587, 7.6773938 ], [ 4.099102, 7.6767559 ], [ 4.0990161, 7.6756075 ], [ 4.0988874, 7.6729706 ], [ 4.0990591, 7.6714395 ], [ 4.0987587, 7.6705038 ], [ 4.0988016, 7.6693554 ], [ 4.0988341, 7.6677809 ] ] } },
{ "type": "Feature", "properties": { "name": null, "waterway": "stream" }, "geometry": { "type": "LineString", "coordinates": [ [ 4.1034793, 7.6823274 ], [ 4.106655, 7.6824124 ], [ 4.1095733, 7.6830929 ], [ 4.1128348, 7.681817 ], [ 4.1174697, 7.6814768 ], [ 4.1210746, 7.6821573 ], [ 4.1253661, 7.6826676 ], [ 4.1265249, 7.6826676 ] ] } },
{ "type": "Feature", "properties": { "name": null, "waterway": "stream" }, "geometry": { "type": "LineString", "coordinates": [ [ 4.1021918, 7.6858148 ], [ 4.1046809, 7.6882816 ], [ 4.1052817, 7.6898977 ], [ 4.1075992, 7.6910034 ], [ 4.1088008, 7.6930448 ], [ 4.1118049, 7.6936403 ], [ 4.1162681, 7.6920241 ], [ 4.1206454, 7.6916839 ], [ 4.1231345, 7.691769 ], [ 4.125452, 7.6933851 ], [ 4.1269111, 7.6946609 ], [ 4.128971, 7.6961069 ], [ 4.1312885, 7.6962345 ] ] } },
{ "type": "Feature", "properties": { "name": null, "waterway": "stream" }, "geometry": { "type": "LineString", "coordinates": [ [ 4.0817213, 7.6903655 ], [ 4.0831375, 7.6910459 ], [ 4.0852403, 7.6910034 ], [ 4.0864849, 7.6916413 ], [ 4.0877723, 7.6923643 ], [ 4.0887165, 7.6928322 ], [ 4.0890169, 7.6943207 ], [ 4.0893173, 7.6967023 ], [ 4.0895319, 7.6987011 ], [ 4.0900039, 7.7002322 ], [ 4.0903902, 7.7017206 ], [ 4.0907335, 7.7025287 ], [ 4.0912485, 7.7032091 ], [ 4.0924072, 7.7041022 ] ] } },
{ "type": "Feature", "properties": { "name": null, "waterway": "stream" }, "geometry": { "type": "LineString", "coordinates": [ [ 4.077664657161675, 7.703843340091695 ], [ 4.0779447, 7.7038896 ], [ 4.0795326, 7.7038896 ], [ 4.0812063, 7.7043574 ], [ 4.0829229, 7.7046126 ], [ 4.0839529, 7.7052505 ], [ 4.085412, 7.7057608 ], [ 4.0873003, 7.7058033 ], [ 4.088931, 7.7059309 ], [ 4.0901327, 7.7063137 ], [ 4.0909051, 7.7063137 ], [ 4.0923901, 7.7060904 ] ] } },
{ "type": "Feature", "properties": { "name": null, "waterway": "stream" }, "geometry": { "type": "LineString", "coordinates": [ [ 4.0942096, 7.6909183 ], [ 4.0947675, 7.6926195 ], [ 4.09554, 7.6943632 ], [ 4.0976858, 7.6952138 ], [ 4.0988874, 7.6964471 ], [ 4.0992307, 7.6985735 ], [ 4.0994024, 7.7007425 ], [ 4.0991878, 7.7021034 ], [ 4.0988445, 7.7033367 ], [ 4.0982437, 7.7041448 ], [ 4.0979862, 7.7046126 ], [ 4.0977716, 7.7055907 ] ] } },
{ "type": "Feature", "properties": { "name": null, "waterway": "stream" }, "geometry": { "type": "LineString", "coordinates": [ [ 4.1444206, 7.7059309 ], [ 4.1422748, 7.7065688 ], [ 4.1384124, 7.7069941 ], [ 4.1352796, 7.706824 ], [ 4.1337776, 7.7059734 ], [ 4.132533, 7.7054631 ], [ 4.1322755, 7.7048252 ], [ 4.1324043, 7.7038045 ] ] } },
{ "type": "Feature", "properties": { "name": null, "waterway": "stream" }, "geometry": { "type": "LineString", "coordinates": [ [ 4.076101108056154, 7.719736134078713 ], [ 4.0782451, 7.7198373 ], [ 4.0802192, 7.7200925 ], [ 4.0814208, 7.7202626 ], [ 4.0827083, 7.720858 ], [ 4.0857123, 7.7211131 ], [ 4.0878581, 7.7201775 ], [ 4.0890597, 7.7195822 ], [ 4.0913772, 7.7194971 ], [ 4.0923213, 7.719327 ], [ 4.0935229, 7.7188167 ], [ 4.094971, 7.7174921 ] ] } },
{ "type": "Feature", "properties": { "name": null, "waterway": "stream" }, "geometry": { "type": "LineString", "coordinates": [ [ 4.1317606, 7.7312342 ], [ 4.1299152, 7.7312342 ], [ 4.128456, 7.7303837 ], [ 4.1281985, 7.729108 ], [ 4.1283702, 7.7270667 ], [ 4.1287135, 7.7256209 ], [ 4.1290568, 7.7244301 ], [ 4.1294002, 7.7229843 ], [ 4.1297435, 7.7216234 ], [ 4.1299581, 7.7206134 ], [ 4.1300332, 7.7200711 ], [ 4.1296792, 7.7197097 ], [ 4.1287672, 7.7192313 ], [ 4.1283809, 7.7177429 ], [ 4.129486, 7.7156697 ], [ 4.131031, 7.7139686 ], [ 4.1315459, 7.7120124 ], [ 4.1302585, 7.7103964 ], [ 4.1285419, 7.7084401 ], [ 4.1281557, 7.7074194 ] ] } },
{ "type": "Feature", "properties": { "name": null, "waterway": "stream" }, "geometry": { "type": "LineString", "coordinates": [ [ 4.1573381, 7.7658483 ], [ 4.1556644, 7.7652955 ], [ 4.1540336, 7.764275 ], [ 4.1521453, 7.7634671 ], [ 4.152015, 7.7633994 ], [ 4.1495275, 7.7621064 ], [ 4.1483317, 7.7608895 ], [ 4.1479396, 7.7604906 ], [ 4.1459226, 7.7598527 ], [ 4.1443348, 7.758577 ], [ 4.1440617, 7.7582848 ], [ 4.1432619, 7.7574289 ], [ 4.1427469, 7.756536 ], [ 4.1424465, 7.7553453 ], [ 4.1425752, 7.7540696 ], [ 4.1425752, 7.7533893 ], [ 4.1419744, 7.7522411 ], [ 4.1415453, 7.7506253 ], [ 4.1419315, 7.7493496 ], [ 4.1413736, 7.7473935 ], [ 4.1413736, 7.7460752 ], [ 4.1409015, 7.7445869 ], [ 4.1398286, 7.7430986 ], [ 4.1380691, 7.7405896 ], [ 4.1361808, 7.7394415 ], [ 4.1350221, 7.7390162 ] ] } },
{ "type": "Feature", "properties": { "name": null, "waterway": "stream" }, "geometry": { "type": "LineString", "coordinates": [ [ 4.1559648, 7.7545374 ], [ 4.1544628, 7.7541122 ], [ 4.1524221, 7.7538916 ], [ 4.1521024, 7.753857 ], [ 4.1506862, 7.7530491 ], [ 4.1489267, 7.7531767 ], [ 4.1472101, 7.752879 ], [ 4.1459655, 7.7532617 ], [ 4.1446352, 7.7533893 ], [ 4.1437339, 7.7536019 ], [ 4.1425752, 7.7533893 ] ] } },
{ "type": "Feature", "properties": { "name": null, "waterway": "stream" }, "geometry": { "type": "LineString", "coordinates": [ [ 4.171586, 7.7701005 ], [ 4.1708135, 7.7695052 ], [ 4.1697406, 7.7691225 ], [ 4.1687107, 7.7683996 ], [ 4.1679811, 7.7678894 ], [ 4.1677236, 7.7670389 ], [ 4.1675949, 7.7659759 ], [ 4.1678953, 7.7651255 ], [ 4.1679382, 7.7638498 ], [ 4.167509, 7.7627017 ], [ 4.1672515, 7.7615536 ], [ 4.1668224, 7.7610008 ], [ 4.1660499, 7.7602779 ], [ 4.1654062, 7.7595976 ], [ 4.1646337, 7.7587471 ], [ 4.1644191, 7.7577266 ], [ 4.1641616, 7.7563659 ], [ 4.1637754, 7.7555579 ], [ 4.1633892, 7.7548776 ], [ 4.1636467, 7.7533467 ], [ 4.1631317, 7.7521986 ], [ 4.1626596, 7.7511781 ], [ 4.1628313, 7.7501575 ], [ 4.1622734, 7.7493921 ], [ 4.1618013, 7.7486692 ], [ 4.1611146, 7.7476911 ], [ 4.1612434, 7.7467131 ], [ 4.1615009, 7.7461603 ], [ 4.1617764, 7.7444496 ] ] } },
{ "type": "Feature", "properties": { "name": null, "waterway": "stream" }, "geometry": { "type": "LineString", "coordinates": [ [ 4.1597628, 7.7579604 ], [ 4.1587543, 7.7578541 ], [ 4.1578746, 7.7582581 ], [ 4.1570592, 7.7586833 ], [ 4.1565656, 7.7591086 ], [ 4.1554713, 7.7595338 ], [ 4.1549309, 7.7596841 ], [ 4.1542482, 7.759874 ], [ 4.1531968, 7.7603417 ], [ 4.1522312, 7.7605756 ], [ 4.1520423, 7.7605635 ], [ 4.151566, 7.7605331 ], [ 4.1511154, 7.7601716 ], [ 4.1508364, 7.760044 ], [ 4.1503644, 7.760363 ], [ 4.1498279, 7.7605543 ], [ 4.1492486, 7.7605968 ], [ 4.1483317, 7.7608895 ] ] } },
{ "type": "Feature", "properties": { "name": null, "waterway": "stream" }, "geometry": { "type": "LineString", "coordinates": [ [ 4.1581106, 7.7603204 ], [ 4.1572737, 7.7601078 ], [ 4.1569948, 7.7598102 ], [ 4.1567373, 7.7595125 ], [ 4.1565656, 7.7591086 ] ] } },
{ "type": "Feature", "properties": { "name": null, "waterway": "stream" }, "geometry": { "type": "LineString", "coordinates": [ [ 4.1633033, 7.7733321 ], [ 4.1609001, 7.7743526 ], [ 4.1577243, 7.775118 ], [ 4.1559219, 7.7749904 ], [ 4.1542053, 7.7756282 ], [ 4.1522741, 7.7748628 ], [ 4.1505146, 7.774225 ], [ 4.1493558, 7.7738423 ], [ 4.1476821, 7.7735022 ], [ 4.1461372, 7.7743951 ], [ 4.1449785, 7.7747778 ], [ 4.1433477, 7.7750754 ], [ 4.1421032, 7.7748203 ], [ 4.1411161, 7.7753306 ] ] } },
{ "type": "Feature", "properties": { "name": null, "waterway": "stream" }, "geometry": { "type": "LineString", "coordinates": [ [ 4.1518879, 7.7851102 ], [ 4.1507291, 7.7838346 ], [ 4.1494846, 7.7830693 ], [ 4.1476392, 7.7815386 ], [ 4.1463947, 7.7803905 ], [ 4.1455793, 7.7791574 ], [ 4.1444635, 7.7780944 ], [ 4.1433048, 7.7776267 ], [ 4.1419744, 7.7767338 ], [ 4.1411161, 7.7753306 ] ] } },
{ "type": "Feature", "properties": { "name": null, "waterway": "stream" }, "geometry": { "type": "LineString", "coordinates": [ [ 4.1731738, 7.7882142 ], [ 4.172573, 7.7864284 ], [ 4.1718864, 7.7830268 ], [ 4.1712855, 7.7816662 ], [ 4.1699981, 7.7816662 ], [ 4.1657065, 7.7827717 ], [ 4.1617583, 7.783537 ], [ 4.1596126, 7.7839622 ], [ 4.1578101, 7.785493 ], [ 4.1556751, 7.7853867 ], [ 4.1547632, 7.7852059 ], [ 4.1538405, 7.7852165 ], [ 4.1527247, 7.7854929 ], [ 4.1518879, 7.7851102 ] ] } },
{ "type": "Feature", "properties": { "name": null, "waterway": "stream" }, "geometry": { "type": "LineString", "coordinates": [ [ 4.1676781, 7.8005366 ], [ 4.1674125, 7.8003001 ], [ 4.1672328, 7.80013 ], [ 4.1671684, 7.8001274 ], [ 4.1670611, 7.8001779 ], [ 4.16697, 7.8001593 ], [ 4.1668493, 7.8001221 ], [ 4.1666186, 7.8000982 ], [ 4.1664469, 7.8001194 ], [ 4.1662779, 7.8002231 ], [ 4.1662002, 7.8003107 ], [ 4.1661116, 7.8003466 ], [ 4.1660419, 7.8003612 ], [ 4.1659252, 7.800332 ], [ 4.1657495, 7.80013 ], [ 4.1654706, 7.8000131 ], [ 4.1651273, 7.7997261 ], [ 4.1648912, 7.7995135 ], [ 4.1646981, 7.7994338 ], [ 4.164328, 7.7994072 ], [ 4.1640812, 7.7993488 ], [ 4.1637486, 7.7992053 ], [ 4.1633785, 7.7990086 ], [ 4.1630244, 7.7989395 ], [ 4.1628259, 7.7988386 ], [ 4.1625792, 7.7985941 ], [ 4.1623485, 7.7984665 ], [ 4.1621017, 7.7983443 ], [ 4.1617209, 7.7979722 ], [ 4.1588831, 7.7958676 ], [ 4.1576385, 7.7947196 ], [ 4.1558361, 7.7938692 ], [ 4.154334, 7.7918283 ], [ 4.1527462, 7.7891071 ], [ 4.1515874, 7.786811 ], [ 4.1518879, 7.7851102 ] ] } },
{ "type": "Feature", "properties": { "name": null, "waterway": "stream" }, "geometry": { "type": "LineString", "coordinates": [ [ 4.1690969, 7.8014375 ], [ 4.1676781, 7.8005366 ] ] } },
{ "type": "Feature", "properties": { "name": "Oba", "waterway": "river" }, "geometry": { "type": "LineString", "coordinates": [ [ 4.0841909, 7.7373011 ], [ 4.0843022, 7.737325 ], [ 4.0844631, 7.737224 ], [ 4.0846321, 7.7372931 ], [ 4.0848132, 7.7370832 ], [ 4.0852262, 7.7365782 ], [ 4.0858109, 7.7359563 ], [ 4.0862401, 7.7355895 ], [ 4.0866049, 7.7354034 ], [ 4.0871199, 7.7351217 ], [ 4.0875413, 7.7349436 ], [ 4.0877076, 7.7351563 ], [ 4.0877398, 7.7355337 ], [ 4.0878793, 7.7358367 ], [ 4.0880831, 7.7361396 ], [ 4.0884318, 7.7365436 ], [ 4.0886088, 7.7369689 ], [ 4.0888771, 7.7372081 ], [ 4.089392, 7.7374048 ], [ 4.090009, 7.737426 ], [ 4.0905937, 7.7372878 ], [ 4.0916992, 7.7362615 ], [ 4.0917631, 7.7362779 ], [ 4.0921547, 7.7355921 ], [ 4.0922942, 7.7350606 ], [ 4.09238, 7.7347629 ], [ 4.0925892, 7.7345662 ], [ 4.0931364, 7.734444 ], [ 4.0934368, 7.7342951 ], [ 4.0936031, 7.7341303 ], [ 4.0936729, 7.7336094 ], [ 4.0935119, 7.7333862 ], [ 4.093131, 7.7329024 ], [ 4.093072, 7.7326154 ], [ 4.0930828, 7.7322858 ], [ 4.0934315, 7.7317968 ], [ 4.093866, 7.7313503 ], [ 4.0945097, 7.7311483 ], [ 4.0950622, 7.7310313 ], [ 4.0959313, 7.7310526 ], [ 4.0969988, 7.731127 ], [ 4.098018, 7.7310101 ], [ 4.0990158, 7.7307443 ], [ 4.0993672, 7.7304546 ], [ 4.0992814, 7.7299177 ], [ 4.0993028, 7.7293011 ], [ 4.0990668, 7.7290194 ], [ 4.0984552, 7.728424 ], [ 4.0980744, 7.7276585 ], [ 4.09801, 7.727212 ], [ 4.0981012, 7.7267921 ], [ 4.0983533, 7.7261489 ], [ 4.098364, 7.725713 ], [ 4.0983211, 7.7253462 ], [ 4.0982836, 7.7252186 ], [ 4.0977203, 7.7251708 ], [ 4.0973823, 7.7249369 ], [ 4.0968727, 7.7245754 ], [ 4.0962129, 7.7242033 ], [ 4.0961727, 7.7239083 ], [ 4.0963926, 7.7233767 ], [ 4.0963604, 7.7229568 ], [ 4.0962853, 7.7222391 ], [ 4.0963604, 7.7216438 ], [ 4.0964248, 7.7211547 ], [ 4.0962049, 7.7205487 ], [ 4.0960064, 7.7198842 ], [ 4.0957542, 7.7191507 ], [ 4.0956255, 7.7185712 ], [ 4.0952071, 7.7179333 ], [ 4.094971, 7.7174921 ], [ 4.0946009, 7.716716 ], [ 4.0945526, 7.7162057 ], [ 4.0945151, 7.7154934 ], [ 4.0944829, 7.7146269 ], [ 4.0945526, 7.7141857 ], [ 4.094853, 7.7136062 ], [ 4.094971, 7.7132129 ], [ 4.0949174, 7.7127663 ], [ 4.0951159, 7.7121763 ], [ 4.0954431, 7.7114958 ], [ 4.095309, 7.7108526 ] ] } },
{ "type": "Feature", "properties": { "name": "Onikudu", "waterway": "stream" }, "geometry": { "type": "LineString", "coordinates": [ [ 4.07462297777001, 7.731387330210171 ], [ 4.076786, 7.7323399 ], [ 4.0779018, 7.7337007 ], [ 4.0796018, 7.7364007 ] ] } },
{ "type": "Feature", "properties": { "name": null, "waterway": "stream" }, "geometry": { "type": "LineString", "coordinates": [ [ 4.065168373975357, 7.74530740152701 ], [ 4.0658634, 7.7456146 ] ] } },
{ "type": "Feature", "properties": { "name": null, "waterway": "stream" }, "geometry": { "type": "LineString", "coordinates": [ [ 4.107685, 7.7446294 ], [ 4.1078138, 7.743779 ], [ 4.1082, 7.742886 ], [ 4.1094446, 7.7425032 ], [ 4.1105604, 7.742078 ], [ 4.1121053, 7.7411425 ], [ 4.1135215, 7.7408023 ], [ 4.1140794, 7.7396116 ], [ 4.1144228, 7.7382508 ], [ 4.114809, 7.7368475 ], [ 4.1154098, 7.7362947 ], [ 4.1169762, 7.7360182 ] ] } },
{ "type": "Feature", "properties": { "name": null, "waterway": "stream" }, "geometry": { "type": "LineString", "coordinates": [ [ 4.0956478, 7.7564183 ], [ 4.0959126, 7.754986 ], [ 4.0965232, 7.7531909 ], [ 4.0974597, 7.7509922 ], [ 4.0981519, 7.750266 ], [ 4.0990068, 7.7494592 ], [ 4.0990272, 7.7477647 ], [ 4.0985387, 7.7467763 ], [ 4.0984368, 7.7457072 ], [ 4.0984775, 7.744154 ], [ 4.0973782, 7.7423991 ], [ 4.0961161, 7.7414308 ], [ 4.0950982, 7.7398171 ], [ 4.0934696, 7.7392926 ], [ 4.0925128, 7.7380621 ], [ 4.0916992, 7.7362615 ] ] } },
{ "type": "Feature", "properties": { "name": null, "waterway": "stream" }, "geometry": { "type": "LineString", "coordinates": [ [ 4.1411161, 7.7753306 ], [ 4.1405153, 7.7739699 ], [ 4.1402149, 7.7730344 ], [ 4.1393995, 7.7717163 ], [ 4.1386699, 7.7711635 ], [ 4.1387987, 7.7693776 ], [ 4.1382837, 7.7675067 ], [ 4.1371679, 7.7670389 ], [ 4.1369533, 7.7646152 ], [ 4.1363954, 7.7635096 ], [ 4.1364812, 7.7620214 ], [ 4.1376829, 7.7607457 ], [ 4.137125, 7.7592999 ], [ 4.1370821, 7.7576415 ], [ 4.1371679, 7.7561107 ], [ 4.1374683, 7.7542397 ], [ 4.1363096, 7.751901 ], [ 4.1363096, 7.7492645 ], [ 4.1357517, 7.7476911 ], [ 4.1359233, 7.7467131 ], [ 4.1350221, 7.7437364 ], [ 4.1343355, 7.7412275 ], [ 4.1350221, 7.7390162 ], [ 4.1348505, 7.7372727 ], [ 4.1339063, 7.7360395 ], [ 4.1325759, 7.7341684 ], [ 4.1317606, 7.7312342 ] ] } },
{ "type": "Feature", "properties": { "name": null, "waterway": "stream" }, "geometry": { "type": "LineString", "coordinates": [ [ 4.0906905, 7.7643176 ], [ 4.085884, 7.7649979 ], [ 4.0805625, 7.7647428 ], [ 4.0754985, 7.7638073 ], [ 4.0733527, 7.7627017 ], [ 4.0727519, 7.7607457 ], [ 4.0710353, 7.7589598 ], [ 4.0699195, 7.7577692 ], [ 4.0693187, 7.7558982 ], [ 4.0698116, 7.752615 ] ] } },
{ "type": "Feature", "properties": { "name": null, "waterway": "stream" }, "geometry": { "type": "LineString", "coordinates": [ [ 4.1023635, 7.7701856 ], [ 4.1016769, 7.7680595 ], [ 4.1009044, 7.7662736 ], [ 4.1004752, 7.765168 ], [ 4.101076, 7.7635522 ], [ 4.1033076, 7.7618513 ], [ 4.1042518, 7.7602355 ], [ 4.1064834, 7.7602355 ], [ 4.1088866, 7.759385 ], [ 4.1103458, 7.7586196 ], [ 4.1120624, 7.7585346 ], [ 4.1127092, 7.7575871 ], [ 4.1136932, 7.7561533 ], [ 4.1154956, 7.7540272 ], [ 4.1177272, 7.7536019 ], [ 4.1184138, 7.751816 ], [ 4.1191863, 7.7504552 ], [ 4.1209245, 7.7494346 ] ] } },
{ "type": "Feature", "properties": { "name": null, "waterway": "stream" }, "geometry": { "type": "LineString", "coordinates": [ [ 4.0809917, 7.7782645 ], [ 4.0784167, 7.7777543 ], [ 4.0766143, 7.7763086 ], [ 4.074726, 7.775203 ], [ 4.0718936, 7.775118 ], [ 4.0704345, 7.7742676 ], [ 4.0695762, 7.7736723 ], [ 4.069567830739633, 7.7736659450052 ] ] } },
{ "type": "Feature", "properties": { "name": null, "waterway": "stream" }, "geometry": { "type": "LineString", "coordinates": [ [ 4.1050243, 7.8536891 ], [ 4.1039943, 7.8522436 ], [ 4.1037368, 7.850033 ], [ 4.1050243, 7.8477372 ], [ 4.1042518, 7.8452715 ], [ 4.1041581, 7.8442975 ], [ 4.1040801, 7.8434859 ], [ 4.1054534, 7.8420404 ], [ 4.1068267, 7.8410201 ], [ 4.1085433, 7.8384692 ], [ 4.1100883, 7.8363435 ], [ 4.1104316, 7.8340477 ], [ 4.1106891, 7.8322621 ], [ 4.1101741, 7.8312417 ], [ 4.1105174, 7.8300513 ], [ 4.1116332, 7.8287758 ], [ 4.113779, 7.8266501 ], [ 4.1159247, 7.8259698 ], [ 4.1176414, 7.8242692 ], [ 4.1182422, 7.8216332 ], [ 4.1191863, 7.8196774 ], [ 4.1182422, 7.8181469 ], [ 4.1184138, 7.8170414 ], [ 4.1199588, 7.8154258 ], [ 4.1181563, 7.8139802 ], [ 4.1180705, 7.8116843 ], [ 4.1180705, 7.8099836 ], [ 4.1179594, 7.8095434 ], [ 4.1175555, 7.8079428 ], [ 4.119358, 7.8053067 ], [ 4.1207313, 7.8054768 ], [ 4.1211176, 7.805498 ], [ 4.1212678, 7.8048602 ], [ 4.1214609, 7.80435 ], [ 4.122169, 7.8042437 ], [ 4.1226196, 7.8039886 ], [ 4.1228127, 7.8031807 ], [ 4.1224265, 7.8029044 ], [ 4.1220617, 7.8023729 ], [ 4.1227269, 7.8017564 ], [ 4.1226625, 7.8010974 ], [ 4.122169, 7.8005234 ], [ 4.1222119, 7.7997368 ], [ 4.1221261, 7.799099 ], [ 4.122684, 7.7986951 ], [ 4.1232204, 7.7982699 ], [ 4.1233063, 7.7974833 ], [ 4.1238212, 7.7966329 ], [ 4.1242075, 7.796144 ], [ 4.1243148, 7.7953148 ], [ 4.1244864, 7.7943794 ], [ 4.1241431, 7.7939117 ], [ 4.1235852, 7.7933165 ], [ 4.1233706, 7.7929763 ], [ 4.1237139, 7.7925511 ], [ 4.12395, 7.792296 ], [ 4.1238212, 7.7915519 ], [ 4.1232204, 7.790574 ], [ 4.1222548, 7.7898299 ], [ 4.1212034, 7.7900212 ], [ 4.1210103, 7.7888732 ], [ 4.1213107, 7.7874488 ], [ 4.1220617, 7.7864921 ], [ 4.1231131, 7.7863008 ], [ 4.12395, 7.7864708 ], [ 4.1243791, 7.7861094 ], [ 4.1246581, 7.7856842 ], [ 4.1243791, 7.7849827 ], [ 4.1236496, 7.7842173 ], [ 4.1230917, 7.7833031 ], [ 4.1221046, 7.7828992 ], [ 4.1214394, 7.7826228 ], [ 4.1213965, 7.7815598 ], [ 4.1218257, 7.7801141 ], [ 4.1220832, 7.7796464 ], [ 4.1217828, 7.7793275 ], [ 4.1211605, 7.7789873 ], [ 4.1203666, 7.7790511 ], [ 4.1197872, 7.778392 ], [ 4.1195512, 7.7777542 ], [ 4.1197657, 7.7767763 ], [ 4.1197443, 7.7760534 ], [ 4.1192722, 7.7755644 ], [ 4.1191649, 7.7746502 ], [ 4.1192722, 7.7734171 ], [ 4.1190147, 7.7726092 ], [ 4.1192508, 7.7716312 ], [ 4.1191649, 7.7705895 ], [ 4.1195297, 7.7697178 ], [ 4.1191864, 7.769165 ], [ 4.1190147, 7.7685059 ], [ 4.1192722, 7.7678256 ], [ 4.1195941, 7.767124 ], [ 4.1195726, 7.7665924 ], [ 4.119401, 7.7658483 ], [ 4.1197657, 7.764764 ], [ 4.1198945, 7.7635096 ], [ 4.1204953, 7.7624466 ], [ 4.1205382, 7.7613622 ], [ 4.1209459, 7.7585132 ], [ 4.1210317, 7.7571738 ], [ 4.1213321, 7.7556217 ], [ 4.1217613, 7.7544523 ], [ 4.121933, 7.7536444 ], [ 4.1219115, 7.7526451 ], [ 4.1214824, 7.7520498 ], [ 4.1217398, 7.7510505 ], [ 4.1212249, 7.7501787 ], [ 4.1209245, 7.7494346 ], [ 4.1209245, 7.7487755 ], [ 4.1205167, 7.7481589 ], [ 4.1197443, 7.7470533 ], [ 4.1200876, 7.7461603 ], [ 4.1195726, 7.7452673 ], [ 4.1194439, 7.7446932 ], [ 4.119637, 7.7442467 ], [ 4.1200447, 7.7444806 ], [ 4.1205382, 7.7444593 ], [ 4.1205811, 7.7440979 ], [ 4.1203236, 7.7435876 ], [ 4.1200661, 7.7427371 ], [ 4.1202378, 7.7415677 ], [ 4.1198516, 7.7402707 ], [ 4.1193795, 7.7394202 ], [ 4.1188645, 7.738676 ], [ 4.118135, 7.738187 ], [ 4.1174054, 7.7379744 ], [ 4.1170192, 7.7371877 ], [ 4.1169762, 7.7360182 ], [ 4.116826, 7.7345724 ], [ 4.1167187, 7.7330628 ], [ 4.1160965, 7.732191 ], [ 4.1153025, 7.7317445 ], [ 4.1146588, 7.7318295 ], [ 4.114058, 7.7310853 ], [ 4.1136074, 7.7304687 ], [ 4.1133714, 7.7294056 ], [ 4.1130924, 7.7287252 ], [ 4.1135859, 7.7282999 ], [ 4.1135645, 7.7277258 ], [ 4.1135001, 7.727173 ], [ 4.1137576, 7.7267052 ], [ 4.1134786, 7.7261099 ], [ 4.1132855, 7.7251956 ], [ 4.1128993, 7.7240261 ], [ 4.113307, 7.7227716 ], [ 4.1139078, 7.7221124 ], [ 4.1137361, 7.7216872 ], [ 4.1126418, 7.7205177 ], [ 4.1119981, 7.7195396 ], [ 4.1111612, 7.7186465 ], [ 4.1105389, 7.7184977 ], [ 4.1102171, 7.7179448 ], [ 4.1103244, 7.7167966 ], [ 4.1106248, 7.7157547 ], [ 4.111011, 7.7156059 ], [ 4.1116333, 7.7156484 ], [ 4.1124058, 7.7159673 ], [ 4.1129207, 7.7156484 ], [ 4.1131782, 7.7150743 ], [ 4.1134572, 7.7147553 ], [ 4.113543, 7.7141387 ], [ 4.1133928, 7.7134795 ], [ 4.1124916, 7.7128629 ], [ 4.1116333, 7.7121612 ], [ 4.1109681, 7.7115871 ], [ 4.110775, 7.7108216 ], [ 4.1107019, 7.7100359 ] ] } },
{ "type": "Feature", "properties": { "name": null, "waterway": "stream" }, "geometry": { "type": "LineString", "coordinates": [ [ 4.1443777, 7.7948472 ], [ 4.1428327, 7.7937417 ], [ 4.1421032, 7.793359 ], [ 4.1410732, 7.7931464 ], [ 4.1380691, 7.7901701 ], [ 4.1369104, 7.7891496 ], [ 4.1348934, 7.7882992 ], [ 4.1328764, 7.7873213 ], [ 4.1313743, 7.7865559 ], [ 4.1296148, 7.7861307 ], [ 4.1278553, 7.7863858 ], [ 4.1263961, 7.7863858 ], [ 4.1252374, 7.7867685 ], [ 4.1243791, 7.7861094 ] ] } },
{ "type": "Feature", "properties": { "name": null, "waterway": "stream" }, "geometry": { "type": "LineString", "coordinates": [ [ 4.0952396, 7.7919984 ], [ 4.0943813, 7.7930614 ], [ 4.0929222, 7.7930614 ], [ 4.0912914, 7.7936991 ], [ 4.0897464, 7.7940818 ], [ 4.0881156, 7.7943794 ], [ 4.0860128, 7.7948472 ], [ 4.0848541, 7.7949322 ], [ 4.0836762, 7.7951105 ] ] } },
{ "type": "Feature", "properties": { "name": null, "waterway": "stream" }, "geometry": { "type": "LineString", "coordinates": [ [ 4.091978, 7.8003746 ], [ 4.0876006, 7.8005447 ], [ 4.0871518, 7.8001635 ], [ 4.086399, 7.7995242 ], [ 4.084854, 7.7969731 ], [ 4.0837382, 7.7954425 ], [ 4.0836762, 7.7951105 ], [ 4.0835237, 7.7942944 ], [ 4.0830087, 7.7936141 ], [ 4.0821075, 7.7927212 ], [ 4.0812063, 7.7917433 ], [ 4.0794038, 7.7904252 ], [ 4.078288, 7.7899575 ], [ 4.0759277, 7.7889795 ], [ 4.0735244, 7.7893622 ], [ 4.0717649, 7.7905102 ], [ 4.071193592707289, 7.790767494020118 ] ] } },
{ "type": "Feature", "properties": { "name": "Oba", "waterway": "river" }, "geometry": { "type": "MultiLineString", "coordinates": [ [ [ 4.069446692346274, 7.771243262354754 ], [ 4.0695735, 7.7711681 ], [ 4.0701058, 7.7710821 ], [ 4.0705248, 7.7705612 ], [ 4.0707541, 7.7697892 ], [ 4.0710489, 7.7692209 ], [ 4.0712983, 7.768537 ], [ 4.0712462, 7.7682864 ], [ 4.0709564, 7.7680391 ], [ 4.0708037, 7.7676475 ], [ 4.070879, 7.7662773 ], [ 4.0711524, 7.7653559 ], [ 4.0708045, 7.7648139 ], [ 4.0703186, 7.7648146 ], [ 4.070163280880592, 7.764857247290506 ] ], [ [ 4.070051969142032, 7.765705466644916 ], [ 4.0702211, 7.7661334 ], [ 4.070011, 7.7666393 ], [ 4.069876, 7.7672728 ], [ 4.069840413850433, 7.767317563402944 ] ], [ [ 4.063474898529195, 7.754582235284962 ], [ 4.0636481, 7.7543828 ], [ 4.0638371, 7.7540403 ], [ 4.0636274, 7.7533351 ], [ 4.0635488, 7.7527963 ], [ 4.0635674, 7.7525778 ], [ 4.0638446, 7.7523631 ], [ 4.064313, 7.7523758 ], [ 4.0648724, 7.7523675 ], [ 4.0653797, 7.7522636 ], [ 4.0657648, 7.7520134 ], [ 4.0668317, 7.7519521 ], [ 4.0679253, 7.7523031 ], [ 4.0692907, 7.7524559 ], [ 4.0698116, 7.752615 ], [ 4.0704446, 7.7527426 ], [ 4.0709488, 7.7526097 ], [ 4.0711742, 7.7520462 ], [ 4.0711527, 7.7516476 ], [ 4.0708523, 7.7514775 ], [ 4.0700315, 7.7516051 ], [ 4.0696452, 7.751536 ], [ 4.0692322, 7.7512649 ], [ 4.0692054, 7.7509672 ], [ 4.069318, 7.7506696 ], [ 4.069774, 7.7503772 ], [ 4.0698545, 7.7499839 ], [ 4.0695058, 7.7495587 ], [ 4.0691893, 7.749261 ], [ 4.0686904, 7.7489899 ], [ 4.0679287, 7.7485594 ], [ 4.0664935, 7.7477114 ], [ 4.0661332, 7.747468 ], [ 4.0656118, 7.7472077 ], [ 4.0649801, 7.7467209 ], [ 4.0648012, 7.7463481 ], [ 4.0649407, 7.7460239 ], [ 4.0651982, 7.7458857 ], [ 4.0658634, 7.7456146 ], [ 4.0667345, 7.7450668 ], [ 4.0675259, 7.7448092 ], [ 4.0683095, 7.7442307 ], [ 4.0688553, 7.7436468 ], [ 4.0690552, 7.7432651 ], [ 4.0693356, 7.7429624 ], [ 4.0697671, 7.7428523 ], [ 4.0702725, 7.7431502 ], [ 4.0706737, 7.743377 ], [ 4.0716476, 7.7437622 ], [ 4.0725871, 7.7438183 ], [ 4.0731832, 7.743949 ], [ 4.0735041, 7.74392 ], [ 4.0742195, 7.7435925 ], [ 4.074512, 7.743558 ], [ 4.0748045, 7.7436229 ], [ 4.0753237, 7.7433832 ], [ 4.0754004, 7.7431719 ], [ 4.0752564, 7.7429507 ], [ 4.0753314, 7.74254 ], [ 4.0756273, 7.7420959 ], [ 4.076796, 7.741123 ], [ 4.0770985, 7.7406563 ], [ 4.077142, 7.7401449 ], [ 4.0772369, 7.739615 ], [ 4.0779521, 7.7380453 ], [ 4.0782847, 7.7374127 ], [ 4.0787827, 7.7367977 ], [ 4.079138, 7.7364748 ], [ 4.0796018, 7.7364007 ], [ 4.0803875, 7.7367908 ], [ 4.0810366, 7.7368121 ], [ 4.081538, 7.7365654 ], [ 4.0823022, 7.7363321 ], [ 4.082882, 7.73644 ], [ 4.0835954, 7.7367802 ], [ 4.0841909, 7.7373011 ] ] ] } },
{ "type": "Feature", "properties": { "name": null, "waterway": "stream" }, "geometry": { "type": "LineString", "coordinates": [ [ 4.0882015, 7.8071774 ], [ 4.0870857, 7.8052641 ], [ 4.0867424, 7.8039461 ], [ 4.086914, 7.8030532 ], [ 4.0868282, 7.8020328 ], [ 4.0867853, 7.8012674 ], [ 4.0871518, 7.8001635 ] ] } },
{ "type": "Feature", "properties": { "name": null, "waterway": "stream" }, "geometry": { "type": "LineString", "coordinates": [ [ 4.0984582, 7.8006722 ], [ 4.0988445, 7.8029682 ], [ 4.0991878, 7.8044563 ], [ 4.0996599, 7.8057318 ], [ 4.100089, 7.8063271 ], [ 4.1007328, 7.8069648 ], [ 4.1012907, 7.8074325 ], [ 4.1020631, 7.8080278 ], [ 4.1028356, 7.8077727 ], [ 4.1032648, 7.8078577 ], [ 4.1037797, 7.8081978 ], [ 4.1043376, 7.8078577 ], [ 4.1048526, 7.8071349 ], [ 4.1053247, 7.8075176 ], [ 4.1063976, 7.8076876 ], [ 4.1070842, 7.8070499 ], [ 4.1079425, 7.8072199 ], [ 4.1090154, 7.8073475 ], [ 4.1098308, 7.8073475 ], [ 4.1109037, 7.8075176 ], [ 4.1116762, 7.8070924 ], [ 4.112277, 7.8070499 ], [ 4.1127061, 7.8071774 ], [ 4.1130495, 7.8077302 ], [ 4.1133928, 7.8081553 ], [ 4.1137361, 7.808538 ], [ 4.1145515, 7.8090907 ], [ 4.1151523, 7.8094309 ], [ 4.1156673, 7.8095159 ], [ 4.1161823, 7.8098985 ], [ 4.1167402, 7.809856 ], [ 4.1179594, 7.8095434 ] ] } },
{ "type": "Feature", "properties": { "name": null, "waterway": "stream" }, "geometry": { "type": "LineString", "coordinates": [ [ 4.1161823, 7.8098985 ], [ 4.1155386, 7.8107064 ], [ 4.1147232, 7.8112166 ], [ 4.1138649, 7.8115992 ], [ 4.1132211, 7.8118118 ], [ 4.1126203, 7.8123645 ], [ 4.1121482, 7.8130023 ], [ 4.1111612, 7.8133424 ], [ 4.1097879, 7.81347 ], [ 4.1085863, 7.8130448 ], [ 4.1071701, 7.813555 ], [ 4.105668, 7.8137676 ], [ 4.1044235, 7.8139802 ], [ 4.1030931, 7.8141928 ], [ 4.1022777, 7.8142353 ], [ 4.1018056, 7.8145754 ], [ 4.1004753, 7.8138526 ], [ 4.0997028, 7.8133849 ], [ 4.0985012, 7.8129598 ], [ 4.0975999, 7.8125346 ], [ 4.0968275, 7.812322 ], [ 4.0960979, 7.8118969 ], [ 4.0952825, 7.8118969 ], [ 4.0946817, 7.8114717 ], [ 4.0942955, 7.810919 ], [ 4.093523, 7.8104088 ], [ 4.0930938, 7.8101536 ], [ 4.0923214, 7.809856 ] ] } },
{ "type": "Feature", "properties": { "name": null, "waterway": "stream" }, "geometry": { "type": "LineString", "coordinates": [ [ 4.0872573, 7.8148306 ], [ 4.0877723, 7.8169564 ], [ 4.0861415, 7.8194223 ], [ 4.0851974, 7.8214631 ], [ 4.0854549, 7.8240991 ], [ 4.0850257, 7.826565 ], [ 4.0839957, 7.8289459 ], [ 4.0833776, 7.8299155 ], [ 4.0829658, 7.8305615 ], [ 4.081335, 7.8310717 ], [ 4.0800475, 7.8303064 ], [ 4.0791034, 7.8296261 ], [ 4.078925176849349, 7.82952017661757 ] ] } },
{ "type": "Feature", "properties": { "name": null, "waterway": "stream" }, "geometry": { "type": "LineString", "coordinates": [ [ 4.0932654, 7.823759 ], [ 4.0922355, 7.8250345 ], [ 4.0912055, 7.8261399 ], [ 4.0902614, 7.826565 ], [ 4.0889739, 7.826395 ], [ 4.0885448, 7.8262142 ], [ 4.0878367, 7.8260973 ], [ 4.0870856, 7.8262249 ], [ 4.0850257, 7.826565 ] ] } },
{ "type": "Feature", "properties": { "name": null, "waterway": "stream" }, "geometry": { "type": "LineString", "coordinates": [ [ 4.0939521, 7.8357483 ], [ 4.0907764, 7.8360884 ], [ 4.0892314, 7.8354082 ], [ 4.0860557, 7.8364285 ], [ 4.0840816, 7.8347279 ], [ 4.0831374, 7.8327723 ], [ 4.081335, 7.8310717 ] ] } },
{ "type": "Feature", "properties": { "name": null, "waterway": "stream" }, "geometry": { "type": "LineString", "coordinates": [ [ 4.5749071, 7.5203843 ], [ 4.5748723, 7.5202434 ], [ 4.574891, 7.5200466 ], [ 4.5748401, 7.5197807 ], [ 4.574604, 7.5196026 ], [ 4.5741186, 7.5194297 ], [ 4.5739952, 7.5194882 ], [ 4.5735875, 7.5194749 ], [ 4.5733139, 7.5194058 ], [ 4.5731208, 7.5193154 ], [ 4.5727962, 7.5193047 ], [ 4.5725816, 7.5191877 ], [ 4.5722544, 7.5188846 ], [ 4.5720026, 7.5187827 ], [ 4.5719191, 7.518749 ], [ 4.5712352, 7.5182358 ], [ 4.5707577, 7.5177864 ], [ 4.5705405, 7.5176747 ], [ 4.5704386, 7.5173742 ], [ 4.5700899, 7.5172758 ], [ 4.5698056, 7.5172412 ], [ 4.5694569, 7.5171987 ], [ 4.5690036, 7.5172173 ], [ 4.5686522, 7.5172971 ], [ 4.5682687, 7.5172758 ], [ 4.5680541, 7.5172891 ], [ 4.5675632, 7.5170843 ], [ 4.5673433, 7.5169487 ], [ 4.5672467, 7.5167493 ], [ 4.5673031, 7.5165791 ], [ 4.5671502, 7.5163584 ], [ 4.5669074, 7.5164156 ], [ 4.5667237, 7.5165046 ], [ 4.5664716, 7.5165086 ], [ 4.5660907, 7.5164967 ], [ 4.5657045, 7.5165312 ], [ 4.5655274, 7.5164914 ], [ 4.5652485, 7.5165625 ], [ 4.5649883, 7.5164355 ], [ 4.5646611, 7.516252 ] ] } },
{ "type": "Feature", "properties": { "name": "River Osun", "waterway": "river" }, "geometry": { "type": "LineString", "coordinates": [ [ 4.5523459, 7.7258564 ], [ 4.5519609, 7.7257924 ], [ 4.5515473, 7.725564 ], [ 4.5512238, 7.7254182 ], [ 4.5509002, 7.7253776 ], [ 4.5505733, 7.7250674 ], [ 4.5504057, 7.7247836 ], [ 4.5505067, 7.7244388 ], [ 4.5508332, 7.7242518 ], [ 4.5512453, 7.7241813 ], [ 4.5513123, 7.7239925 ], [ 4.5515254, 7.7238036 ], [ 4.551748, 7.7238046 ], [ 4.5521563, 7.7238383 ], [ 4.5526469, 7.723904 ], [ 4.5530117, 7.7238713 ], [ 4.5534294, 7.7239831 ], [ 4.5538802, 7.7238746 ], [ 4.5543312, 7.7238862 ], [ 4.5547821, 7.7239372 ], [ 4.5558429, 7.723957 ], [ 4.5565657, 7.7238091 ], [ 4.5574079, 7.7237467 ], [ 4.5579671, 7.7234375 ], [ 4.5582267, 7.7232237 ], [ 4.5583868, 7.7230099 ], [ 4.5583133, 7.7226364 ], [ 4.5581505, 7.7223379 ], [ 4.5579961, 7.7218073 ], [ 4.5580914, 7.7215091 ], [ 4.5582065, 7.7212833 ], [ 4.5584291, 7.7209032 ], [ 4.5588774, 7.720681 ], [ 4.5593388, 7.7204915 ], [ 4.5595365, 7.7203508 ], [ 4.5596809, 7.7200458 ], [ 4.5596236, 7.7198072 ], [ 4.5595133, 7.7195818 ], [ 4.5591376, 7.7193038 ], [ 4.5589364, 7.7191319 ], [ 4.5586845, 7.7190112 ], [ 4.5582811, 7.7188978 ], [ 4.5578767, 7.7189444 ], [ 4.5574324, 7.7189713 ], [ 4.55725, 7.7189059 ], [ 4.5570214, 7.7188141 ], [ 4.556668, 7.718528 ], [ 4.5565013, 7.7184211 ], [ 4.5563612, 7.7181432 ], [ 4.5563201, 7.7176384 ], [ 4.5563586, 7.7171335 ], [ 4.5564736, 7.716625 ], [ 4.5566374, 7.7162326 ], [ 4.5568408, 7.7158139 ], [ 4.557102, 7.7157504 ], [ 4.5572305, 7.7158972 ], [ 4.557422, 7.7160699 ], [ 4.5576575, 7.7161887 ], [ 4.5582639, 7.7163816 ], [ 4.5586794, 7.7164412 ], [ 4.5591745, 7.7165864 ], [ 4.559663, 7.7167349 ], [ 4.5599139, 7.7168617 ], [ 4.5600984, 7.7169885 ], [ 4.5607638, 7.7172314 ], [ 4.5610501, 7.7173857 ], [ 4.5613031, 7.7174216 ], [ 4.561806, 7.717408 ], [ 4.5621436, 7.717296 ], [ 4.5623457, 7.7172006 ], [ 4.562687, 7.717138 ], [ 4.5631662, 7.7169855 ], [ 4.5635724, 7.7167409 ], [ 4.5640548, 7.7166016 ], [ 4.5643321, 7.7165749 ], [ 4.5646302, 7.7167514 ], [ 4.5647174, 7.7168391 ], [ 4.5648379, 7.7169933 ], [ 4.5650719, 7.7171957 ], [ 4.5653524, 7.7173587 ], [ 4.5656808, 7.7172433 ], [ 4.5658549, 7.7171867 ], [ 4.5660371, 7.7172165 ], [ 4.5661758, 7.7173333 ], [ 4.5663153, 7.7175001 ], [ 4.5663857, 7.7179023 ], [ 4.5665537, 7.7182233 ], [ 4.5667098, 7.7186166 ], [ 4.5666915, 7.7189761 ], [ 4.5668418, 7.719335 ], [ 4.5670692, 7.719882 ], [ 4.5675154, 7.72035 ], [ 4.5679251, 7.7207071 ], [ 4.5682327, 7.720797 ], [ 4.5684873, 7.720821 ], [ 4.5691591, 7.7207704 ], [ 4.5695613, 7.7207386 ], [ 4.569789, 7.7208147 ], [ 4.5699901, 7.720904 ], [ 4.5701686, 7.7214806 ], [ 4.5703737, 7.7219257 ], [ 4.5705609, 7.7222831 ], [ 4.570655, 7.7226141 ], [ 4.5708303, 7.7232499 ], [ 4.5708216, 7.7237657 ], [ 4.570574, 7.7240448 ], [ 4.5705187, 7.7244488 ], [ 4.5705697, 7.7248133 ], [ 4.5706738, 7.7254298 ], [ 4.5709317, 7.7257709 ], [ 4.571289, 7.7261382 ], [ 4.571627, 7.7263253 ], [ 4.5718734, 7.7266214 ], [ 4.5721924, 7.7273282 ], [ 4.5723087, 7.7277145 ], [ 4.5724848, 7.7281468 ], [ 4.572462, 7.7284115 ], [ 4.5722797, 7.7286761 ], [ 4.5720229, 7.7288884 ], [ 4.5719608, 7.7291918 ], [ 4.5719718, 7.7293835 ], [ 4.5721927, 7.7294906 ], [ 4.5727211, 7.7295508 ], [ 4.573223, 7.7295453 ], [ 4.5738717, 7.7293534 ], [ 4.5741429, 7.7291589 ], [ 4.5741989, 7.7289367 ], [ 4.5740426, 7.7286816 ], [ 4.5739531, 7.7284222 ], [ 4.574134, 7.7281347 ], [ 4.5744368, 7.7279975 ], [ 4.5747462, 7.72813 ], [ 4.5752047, 7.7282217 ], [ 4.5755703, 7.7284383 ], [ 4.5759292, 7.7285465 ], [ 4.576341, 7.7284821 ], [ 4.5767659, 7.728339 ], [ 4.5772387, 7.7278818 ], [ 4.5774951, 7.7278176 ], [ 4.5776696, 7.7277526 ], [ 4.5779638, 7.7278651 ], [ 4.5781679, 7.7281153 ], [ 4.57879, 7.7282998 ], [ 4.579223, 7.7283758 ], [ 4.5798883, 7.7285964 ], [ 4.5803459, 7.7288145 ], [ 4.5807371, 7.7291115 ], [ 4.5811621, 7.7294991 ], [ 4.5816867, 7.7297355 ], [ 4.5828287, 7.7296929 ], [ 4.5832437, 7.7298861 ], [ 4.5836718, 7.7299609 ], [ 4.5839606, 7.7298944 ], [ 4.5841699, 7.7296569 ], [ 4.5848846, 7.7292253 ], [ 4.585295, 7.7289043 ], [ 4.5858847, 7.7288858 ], [ 4.5861764, 7.7289785 ], [ 4.5865214, 7.7292553 ], [ 4.5869194, 7.729427 ], [ 4.5870984, 7.7294799 ], [ 4.5872443, 7.7295723 ], [ 4.5879706, 7.7297775 ], [ 4.5885859, 7.7300576 ], [ 4.5889333, 7.73027 ], [ 4.5894334, 7.7303509 ], [ 4.5898443, 7.7302917 ], [ 4.5902154, 7.7301537 ], [ 4.5906631, 7.7300728 ], [ 4.5909296, 7.7299773 ], [ 4.5910372, 7.7298056 ], [ 4.5914344, 7.7292687 ], [ 4.5916861, 7.7286124 ], [ 4.5915, 7.7279423 ], [ 4.591805, 7.7274563 ], [ 4.5921701, 7.7272305 ], [ 4.5926412, 7.7273861 ], [ 4.5927216, 7.7275618 ], [ 4.5928551, 7.7276718 ], [ 4.5930551, 7.7276569 ], [ 4.5932418, 7.7276945 ], [ 4.5936217, 7.7279408 ], [ 4.5938415, 7.7281954 ], [ 4.593942, 7.7285159 ], [ 4.5938402, 7.7288046 ], [ 4.5940171, 7.7295339 ], [ 4.5943523, 7.7305214 ], [ 4.5946476, 7.7314234 ], [ 4.5950744, 7.7330207 ], [ 4.5951019, 7.7332814 ], [ 4.5949569, 7.7335289 ], [ 4.5947125, 7.7337896 ], [ 4.5945941, 7.7340371 ], [ 4.5947386, 7.7342705 ] ] } },
{ "type": "Feature", "properties": { "name": "River Osun", "waterway": "river" }, "geometry": { "type": "LineString", "coordinates": [ [ 4.555862, 7.743173 ], [ 4.5561934, 7.7428418 ], [ 4.556591, 7.741969 ], [ 4.5570227, 7.7414119 ], [ 4.5573382, 7.7411334 ], [ 4.557574, 7.740868 ], [ 4.557893, 7.7404621 ], [ 4.5580528, 7.7400168 ], [ 4.5582006, 7.7393488 ], [ 4.558145, 7.7390313 ], [ 4.558063, 7.7386875 ], [ 4.558034, 7.7382944 ], [ 4.5579122, 7.7381511 ], [ 4.5579032, 7.737827 ], [ 4.5577747, 7.7372268 ], [ 4.5575319, 7.7371277 ], [ 4.5571563, 7.7370813 ], [ 4.5565889, 7.7371217 ], [ 4.5562443, 7.7371744 ], [ 4.5559385, 7.7372328 ], [ 4.5554737, 7.7373552 ], [ 4.5550867, 7.7374136 ], [ 4.5546996, 7.7374063 ], [ 4.5542388, 7.7373205 ], [ 4.5537513, 7.7371558 ], [ 4.5533037, 7.7368498 ], [ 4.5528561, 7.7367278 ], [ 4.5523969, 7.7364296 ], [ 4.5521739, 7.7364185 ], [ 4.5519509, 7.7363089 ], [ 4.5518434, 7.735945 ], [ 4.5516437, 7.7357926 ], [ 4.5514175, 7.7356797 ], [ 4.55132, 7.7352763 ], [ 4.5516538, 7.7348861 ], [ 4.5519055, 7.7347863 ], [ 4.5521638, 7.7346536 ], [ 4.5523756, 7.7344092 ], [ 4.552468, 7.7341647 ], [ 4.5527455, 7.7334104 ], [ 4.5527913, 7.7328558 ], [ 4.5528637, 7.7323275 ], [ 4.5529467, 7.7321084 ], [ 4.5530603, 7.7314898 ], [ 4.5528308, 7.7312077 ], [ 4.5525083, 7.7310309 ], [ 4.5521287, 7.7310847 ], [ 4.5512235, 7.7308902 ], [ 4.5508272, 7.7305822 ], [ 4.5509087, 7.7301426 ], [ 4.5514258, 7.7299341 ], [ 4.5518634, 7.7299942 ], [ 4.5523011, 7.7298965 ], [ 4.5530049, 7.7298412 ], [ 4.5536735, 7.7299463 ], [ 4.555192, 7.7301934 ], [ 4.5566308, 7.7301248 ], [ 4.5573514, 7.7297825 ], [ 4.5576023, 7.7296015 ], [ 4.5578199, 7.7290391 ], [ 4.5575433, 7.7285255 ], [ 4.5574316, 7.7283476 ], [ 4.5573596, 7.7281961 ], [ 4.5572356, 7.7278338 ], [ 4.5570542, 7.7275211 ], [ 4.5567135, 7.7267942 ], [ 4.5565958, 7.726429 ], [ 4.5563586, 7.7261295 ], [ 4.5559488, 7.7259156 ], [ 4.5551742, 7.7259251 ], [ 4.5543704, 7.7258825 ], [ 4.5535865, 7.7257347 ], [ 4.5525403, 7.7257512 ], [ 4.5523459, 7.7258564 ] ] } },
{ "type": "Feature", "properties": { "name": "River Osun", "waterway": "river" }, "geometry": { "type": "LineString", "coordinates": [ [ 4.5556931, 7.7437763 ], [ 4.555862, 7.743173 ] ] } },
{ "type": "Feature", "properties": { "name": "River Osun", "waterway": "river" }, "geometry": { "type": "LineString", "coordinates": [ [ 4.5528151, 7.7543407 ], [ 4.5538327, 7.7548781 ], [ 4.5550248, 7.7558237 ], [ 4.555043, 7.7559794 ], [ 4.5547673, 7.7562808 ], [ 4.553807, 7.7564616 ], [ 4.5527437, 7.7567172 ], [ 4.5521441, 7.7566051 ], [ 4.5510518, 7.7557668 ], [ 4.5507225, 7.7557227 ], [ 4.550524, 7.7559406 ], [ 4.5504006, 7.7561958 ], [ 4.5504403, 7.7565747 ], [ 4.5516023, 7.7575725 ], [ 4.5523307, 7.7580247 ], [ 4.5533082, 7.7582953 ], [ 4.5548799, 7.7584707 ], [ 4.5552898, 7.7584457 ], [ 4.5576179, 7.7575102 ], [ 4.5580879, 7.7569293 ], [ 4.558571, 7.7554326 ], [ 4.5590087, 7.7540766 ], [ 4.5591507, 7.7537241 ], [ 4.5591998, 7.7534767 ], [ 4.5594082, 7.7530255 ], [ 4.5595456, 7.7525303 ], [ 4.5597094, 7.7521929 ], [ 4.5598067, 7.7516283 ], [ 4.5599835, 7.7511557 ], [ 4.5600984, 7.750158 ], [ 4.5600976, 7.7495309 ], [ 4.5599908, 7.7491009 ], [ 4.5599138, 7.7489289 ], [ 4.5597573, 7.7487833 ], [ 4.5595112, 7.7486079 ], [ 4.5593646, 7.7483931 ], [ 4.5592282, 7.7480912 ], [ 4.5590255, 7.7478617 ], [ 4.5587572, 7.7477827 ], [ 4.5584225, 7.7478351 ], [ 4.5577266, 7.7479268 ], [ 4.5575452, 7.7478559 ], [ 4.5572099, 7.7479068 ], [ 4.557057, 7.7478081 ], [ 4.5567064, 7.7477158 ], [ 4.5563735, 7.7477188 ], [ 4.5560272, 7.7477877 ], [ 4.5554143, 7.7476098 ], [ 4.5552671, 7.7474946 ], [ 4.554881, 7.7473531 ], [ 4.5543477, 7.7470963 ], [ 4.5539659, 7.7467169 ], [ 4.5538097, 7.7462323 ], [ 4.5540313, 7.7459262 ], [ 4.5545583, 7.7456595 ], [ 4.5550082, 7.7452249 ], [ 4.5552516, 7.74489 ], [ 4.5555347, 7.7443842 ], [ 4.5556931, 7.7437763 ] ] } },
{ "type": "Feature", "properties": { "name": "River Osun", "waterway": "river" }, "geometry": { "type": "LineString", "coordinates": [ [ 4.552618, 7.7542404 ], [ 4.5528151, 7.7543407 ] ] } },
{ "type": "Feature", "properties": { "name": null, "waterway": "stream" }, "geometry": { "type": "LineString", "coordinates": [ [ 4.5724985, 7.7793062 ], [ 4.5724663, 7.7792371 ], [ 4.5724288, 7.7791494 ], [ 4.5723617, 7.7790617 ], [ 4.5722464, 7.7789235 ], [ 4.5721793, 7.7787641 ], [ 4.5720962, 7.7786604 ], [ 4.5720077, 7.7785568 ], [ 4.5719111, 7.7785169 ], [ 4.5717448, 7.7784212 ], [ 4.5716932, 7.7783887 ], [ 4.5716462, 7.7783741 ], [ 4.5716087, 7.7783475 ], [ 4.5715577, 7.7783196 ], [ 4.5715269, 7.778297 ], [ 4.5714819, 7.7782724 ], [ 4.5714484, 7.7782412 ], [ 4.5714162, 7.7782153 ], [ 4.5713565, 7.778188 ], [ 4.5712962, 7.7781449 ], [ 4.5712647, 7.7781023 ], [ 4.5712352, 7.7780817 ], [ 4.5712184, 7.7780552 ], [ 4.5711896, 7.7780266 ], [ 4.5711762, 7.7779994 ], [ 4.5711614, 7.7779522 ], [ 4.5711413, 7.7778877 ], [ 4.5711426, 7.7778519 ], [ 4.5711386, 7.7776878 ], [ 4.5711145, 7.7776001 ], [ 4.5710903, 7.7774991 ], [ 4.5710662, 7.7774353 ], [ 4.571034, 7.7773662 ], [ 4.5709401, 7.7773077 ], [ 4.5708463, 7.7772945 ], [ 4.5707524, 7.7772945 ], [ 4.5706961, 7.7772865 ], [ 4.5706585, 7.7772732 ], [ 4.5705754, 7.7772626 ], [ 4.5704734, 7.7772227 ], [ 4.5704198, 7.7771828 ], [ 4.5703179, 7.7771456 ], [ 4.5700671, 7.7770818 ], [ 4.5699571, 7.7770353 ], [ 4.5698538, 7.7769902 ], [ 4.5698029, 7.7769662 ], [ 4.5696822, 7.7769131 ], [ 4.5695843, 7.7768666 ], [ 4.5694529, 7.7767722 ], [ 4.5692477, 7.7766752 ], [ 4.5690961, 7.7766048 ], [ 4.5689794, 7.7764959 ], [ 4.5687783, 7.7764028 ], [ 4.5686106, 7.7763271 ], [ 4.5684443, 7.7762554 ], [ 4.5682915, 7.776161 ], [ 4.5681117, 7.7760467 ], [ 4.5679857, 7.7759497 ], [ 4.5678838, 7.7758594 ], [ 4.5678368, 7.7757916 ], [ 4.5677564, 7.7757371 ], [ 4.567696, 7.7756707 ], [ 4.5676222, 7.7756162 ], [ 4.5675753, 7.7755684 ], [ 4.5675418, 7.7755205 ], [ 4.5675015, 7.7754687 ], [ 4.5674506, 7.7754209 ], [ 4.5673943, 7.7753531 ], [ 4.5673192, 7.7752853 ], [ 4.5672588, 7.7752242 ], [ 4.5671904, 7.775179 ], [ 4.5671529, 7.7751485 ], [ 4.5671207, 7.7751166 ], [ 4.5670992, 7.7750874 ], [ 4.5670536, 7.7750688 ], [ 4.5670281, 7.7750528 ], [ 4.5669638, 7.775001 ], [ 4.5669141, 7.7749757 ], [ 4.5668578, 7.7749239 ], [ 4.5667613, 7.7748429 ], [ 4.5666607, 7.7747631 ], [ 4.5666164, 7.7747126 ], [ 4.5665708, 7.7746808 ], [ 4.56654, 7.7746568 ], [ 4.5664709, 7.7746063 ], [ 4.5664246, 7.7745698 ], [ 4.5663911, 7.7745246 ], [ 4.5663757, 7.7744967 ], [ 4.566318, 7.7744569 ], [ 4.5662798, 7.7744243 ], [ 4.5662469, 7.7743911 ], [ 4.5662107, 7.7743552 ], [ 4.5661993, 7.7743246 ], [ 4.5661759, 7.7742841 ], [ 4.5661363, 7.7742609 ], [ 4.5661075, 7.7742303 ], [ 4.5660592, 7.7741991 ], [ 4.5660076, 7.7741605 ], [ 4.5659398, 7.7740928 ], [ 4.5659204, 7.7740675 ], [ 4.5658728, 7.774025 ], [ 4.5658446, 7.7739738 ], [ 4.5658191, 7.7739346 ], [ 4.5657816, 7.7738842 ], [ 4.565746, 7.7738636 ], [ 4.5656884, 7.7738097 ], [ 4.5656542, 7.7737659 ], [ 4.5656294, 7.7737413 ], [ 4.5655791, 7.7737254 ], [ 4.5655636, 7.7737094 ], [ 4.5654845, 7.7735951 ], [ 4.5654383, 7.7735606 ], [ 4.565392, 7.7734849 ], [ 4.5653598, 7.7734058 ], [ 4.5653243, 7.7733453 ], [ 4.5652847, 7.773253 ], [ 4.5652237, 7.7731726 ], [ 4.5651506, 7.7730231 ], [ 4.5650842, 7.7728949 ], [ 4.5650467, 7.7728284 ], [ 4.5650245, 7.7727673 ], [ 4.5649803, 7.7726883 ], [ 4.5649481, 7.7726231 ], [ 4.5649219, 7.7725766 ], [ 4.5648964, 7.7725394 ], [ 4.5648716, 7.772477 ], [ 4.5648495, 7.7724178 ], [ 4.564824, 7.7723667 ], [ 4.5647704, 7.7722504 ], [ 4.5647033, 7.7721242 ], [ 4.5646597, 7.7720219 ], [ 4.5646088, 7.7719315 ], [ 4.5644512, 7.7716126 ], [ 4.564411, 7.7715242 ], [ 4.5643795, 7.7714538 ], [ 4.5643459, 7.771392 ], [ 4.5642983, 7.771293 ], [ 4.5642655, 7.771214 ], [ 4.5642185, 7.7711402 ], [ 4.5641877, 7.7710618 ], [ 4.5641649, 7.7710053 ], [ 4.5641394, 7.7709343 ], [ 4.5641173, 7.7708632 ], [ 4.5640744, 7.7707947 ], [ 4.5640482, 7.7707482 ], [ 4.5640361, 7.770703 ], [ 4.5639597, 7.7706153 ], [ 4.5639268, 7.7705921 ], [ 4.5638859, 7.7705529 ], [ 4.563837, 7.770511 ], [ 4.5638155, 7.7704665 ], [ 4.5637786, 7.770428 ], [ 4.5637404, 7.7703735 ], [ 4.5636868, 7.770315 ], [ 4.5636204, 7.7702386 ], [ 4.5635158, 7.7700792 ], [ 4.5633361, 7.7698161 ], [ 4.5631832, 7.769545 ], [ 4.5630974, 7.769351 ], [ 4.5630893, 7.7692181 ], [ 4.5631242, 7.7690427 ], [ 4.5631805, 7.7687557 ], [ 4.5631886, 7.7685192 ], [ 4.563143, 7.768365 ], [ 4.5630893, 7.7681471 ], [ 4.5630813, 7.7677963 ], [ 4.5630679, 7.7675119 ], [ 4.5630786, 7.7673605 ], [ 4.5630786, 7.7672329 ], [ 4.5631269, 7.7669911 ], [ 4.5631939, 7.7667173 ], [ 4.563261, 7.76651 ], [ 4.5633146, 7.7663745 ], [ 4.5633468, 7.7662124 ], [ 4.5633683, 7.7660609 ], [ 4.5634139, 7.7658961 ], [ 4.5634326, 7.7657712 ], [ 4.5634192, 7.7656649 ], [ 4.5634058, 7.7653699 ], [ 4.5633978, 7.7652025 ], [ 4.5633683, 7.7650537 ], [ 4.5632932, 7.7648915 ], [ 4.5632449, 7.764655 ], [ 4.5631456, 7.7642723 ], [ 4.5630786, 7.7640703 ], [ 4.5630008, 7.7637674 ], [ 4.5629632, 7.7634803 ], [ 4.5628855, 7.7630365 ], [ 4.5628345, 7.7626432 ], [ 4.5627755, 7.7623429 ], [ 4.5627567, 7.762125 ], [ 4.5627218, 7.7618937 ], [ 4.562569, 7.7612001 ], [ 4.5624965, 7.7608174 ], [ 4.5624697, 7.7605623 ], [ 4.5623893, 7.7602965 ], [ 4.5622471, 7.7600254 ], [ 4.5621908, 7.7598474 ], [ 4.5620272, 7.7595258 ], [ 4.5617938, 7.7592574 ], [ 4.5616302, 7.7589757 ], [ 4.5615229, 7.7588002 ], [ 4.5615175, 7.7586434 ], [ 4.5614263, 7.758484 ], [ 4.5612895, 7.7583112 ], [ 4.5611984, 7.7581013 ], [ 4.5610964, 7.7577558 ], [ 4.5610401, 7.7576256 ], [ 4.5609355, 7.7574767 ], [ 4.5607826, 7.7573146 ], [ 4.5606807, 7.7571738 ], [ 4.5605573, 7.7568947 ], [ 4.5603615, 7.7565917 ], [ 4.5602623, 7.7563791 ], [ 4.5601657, 7.7561931 ], [ 4.560096, 7.7560469 ], [ 4.5599806, 7.7557971 ], [ 4.5598465, 7.7555074 ], [ 4.5597768, 7.7553905 ], [ 4.5596132, 7.7552496 ], [ 4.5595086, 7.7551327 ], [ 4.5593503, 7.7551274 ], [ 4.5592082, 7.7551938 ], [ 4.5590633, 7.7552735 ], [ 4.5589694, 7.755316 ], [ 4.5588461, 7.7553905 ], [ 4.5587522, 7.7554117 ], [ 4.5586529, 7.7554356 ], [ 4.558571, 7.7554326 ] ] } },
{ "type": "Feature", "properties": { "name": null, "waterway": "stream" }, "geometry": { "type": "LineString", "coordinates": [ [ 4.5526863, 7.7688633 ], [ 4.5525409, 7.768852 ], [ 4.5518897, 7.7688169 ], [ 4.5514579, 7.7689993 ], [ 4.5499502, 7.768354 ], [ 4.5493415, 7.7675124 ], [ 4.5491291, 7.7672529 ], [ 4.5486124, 7.7669724 ], [ 4.5479045, 7.7668952 ], [ 4.5470127, 7.7664183 ], [ 4.5465172, 7.7661799 ], [ 4.5461845, 7.7662921 ], [ 4.545873, 7.7661168 ], [ 4.5456819, 7.7658082 ], [ 4.5455262, 7.7657801 ], [ 4.5451652, 7.7657731 ], [ 4.545059, 7.7656959 ], [ 4.5449033, 7.7658152 ], [ 4.544691, 7.7656749 ], [ 4.5439831, 7.7662851 ], [ 4.5434735, 7.7662009 ], [ 4.5433885, 7.7658152 ], [ 4.5418945, 7.7655294 ] ] } },
{ "type": "Feature", "properties": { "name": null, "waterway": "stream" }, "geometry": { "type": "LineString", "coordinates": [ [ 4.5558294, 7.7881258 ], [ 4.5557114, 7.788086 ], [ 4.555765, 7.7876847 ], [ 4.5556229, 7.7873977 ], [ 4.5556068, 7.7872063 ], [ 4.5556309, 7.7870469 ], [ 4.5556524, 7.7868635 ], [ 4.5555746, 7.7866828 ], [ 4.5554351, 7.7864623 ], [ 4.5549952, 7.7862576 ], [ 4.554694, 7.7860722 ], [ 4.5543274, 7.7860185 ], [ 4.5538607, 7.7855321 ], [ 4.5534369, 7.7854524 ], [ 4.5530184, 7.785564 ], [ 4.5527288, 7.7855747 ], [ 4.552364, 7.7855268 ], [ 4.5522728, 7.7852611 ], [ 4.5518437, 7.7851734 ], [ 4.5514319, 7.7851003 ], [ 4.5511535, 7.7848856 ], [ 4.55098, 7.7845755 ], [ 4.5508169, 7.7843448 ], [ 4.5505969, 7.7841721 ], [ 4.5501873, 7.7838765 ], [ 4.5498419, 7.7839117 ], [ 4.5495316, 7.7839004 ], [ 4.5492545, 7.7837815 ], [ 4.5490971, 7.7835496 ], [ 4.5482924, 7.7829756 ], [ 4.5479866, 7.7825611 ], [ 4.5476768, 7.7822515 ], [ 4.547481, 7.7820349 ], [ 4.5469285, 7.7812496 ], [ 4.5464618, 7.7808908 ], [ 4.5461936, 7.7805427 ], [ 4.5458422, 7.780168 ], [ 4.5453809, 7.7796179 ], [ 4.5453004, 7.7794584 ], [ 4.5450644, 7.7786399 ], [ 4.5444474, 7.7769603 ], [ 4.5442651, 7.7766361 ], [ 4.5438887, 7.7762686 ], [ 4.5435838, 7.7758442 ], [ 4.5433692, 7.7758016 ], [ 4.543219, 7.7757963 ], [ 4.5430943, 7.7757345 ], [ 4.5429843, 7.7756727 ], [ 4.5428797, 7.7755897 ], [ 4.5427597, 7.7755067 ], [ 4.5426617, 7.7753413 ], [ 4.5425959, 7.7752289 ], [ 4.5424023, 7.7750137 ], [ 4.5419141, 7.7744436 ], [ 4.5418323, 7.7744303 ], [ 4.5417295, 7.7745226 ], [ 4.54146, 7.7746263 ], [ 4.5412382, 7.7745831 ], [ 4.5410021, 7.7743865 ], [ 4.5408828, 7.7743905 ], [ 4.5407433, 7.7744144 ], [ 4.5405695, 7.7743007 ], [ 4.5404577, 7.7741314 ], [ 4.5404568, 7.7739008 ], [ 4.5403866, 7.7738244 ], [ 4.5402391, 7.7735454 ], [ 4.5400272, 7.7734184 ], [ 4.5399667, 7.7733654 ], [ 4.5399185, 7.7731268 ], [ 4.5399065, 7.7728052 ], [ 4.5396932, 7.7723601 ], [ 4.5395377, 7.7720771 ], [ 4.5392654, 7.7715549 ], [ 4.5391747, 7.7714213 ], [ 4.5390777, 7.7712094 ], [ 4.5389114, 7.7708001 ], [ 4.5386271, 7.7704121 ], [ 4.5384661, 7.7701676 ], [ 4.5384661, 7.76987 ], [ 4.5380638, 7.7694554 ], [ 4.5376779, 7.7692295 ] ] } },
{ "type": "Feature", "properties": { "name": null, "waterway": "stream" }, "geometry": { "type": "LineString", "coordinates": [ [ 4.5725589, 7.7793966 ], [ 4.5724985, 7.7793062 ] ] } },
{ "type": "Feature", "properties": { "name": null, "waterway": "stream" }, "geometry": { "type": "LineString", "coordinates": [ [ 4.2352724, 7.7316169 ], [ 4.2337703, 7.7314468 ], [ 4.2321825, 7.7312767 ], [ 4.2306375, 7.730894 ], [ 4.2290496, 7.7310641 ], [ 4.2273759, 7.7315744 ], [ 4.2263889, 7.7316169 ], [ 4.2258739, 7.7318721 ], [ 4.2241573, 7.7314894 ] ] } },
{ "type": "Feature", "properties": { "name": "Oṣun River", "waterway": "river" }, "geometry": { "type": "LineString", "coordinates": [ [ 4.4706603, 7.7803335 ], [ 4.4701561, 7.7795188 ], [ 4.4698021, 7.7786329 ], [ 4.4699979, 7.7778791 ], [ 4.4703385, 7.7771448 ], [ 4.4696438, 7.7756435 ], [ 4.4650819, 7.7729995 ], [ 4.4641164, 7.7708737 ], [ 4.4625582, 7.7683544 ], [ 4.4607187, 7.7667572 ], [ 4.4603205, 7.7651789 ], [ 4.4612118, 7.7631496 ], [ 4.4606239, 7.7626422 ], [ 4.4596757, 7.762661 ], [ 4.458974, 7.7635254 ], [ 4.4583482, 7.7637133 ], [ 4.4562432, 7.7617779 ], [ 4.4561294, 7.7601807 ], [ 4.4557502, 7.7588842 ], [ 4.4547516, 7.7578939 ], [ 4.4536819, 7.7565022 ], [ 4.4531888, 7.7542473 ], [ 4.4496994, 7.7541722 ], [ 4.4479168, 7.7538339 ], [ 4.4454894, 7.7549614 ], [ 4.4440482, 7.754811 ], [ 4.4429103, 7.7538339 ], [ 4.4426828, 7.7521804 ], [ 4.4433276, 7.7514287 ], [ 4.4431758, 7.750414 ], [ 4.4412036, 7.749249 ], [ 4.440483, 7.747633 ], [ 4.4387383, 7.7470317 ], [ 4.4377521, 7.7479712 ], [ 4.4352868, 7.7484974 ], [ 4.4340352, 7.7491738 ], [ 4.433087, 7.7507147 ], [ 4.431001, 7.7512784 ], [ 4.4302803, 7.7509026 ], [ 4.4295597, 7.7484598 ], [ 4.4286874, 7.7482343 ], [ 4.4255014, 7.747633 ], [ 4.4190157, 7.7485725 ], [ 4.4158298, 7.747182 ], [ 4.4108612, 7.7420709 ], [ 4.4084718, 7.738914 ], [ 4.4081684, 7.7372603 ], [ 4.4070305, 7.7374858 ], [ 4.4059306, 7.7374482 ], [ 4.4044514, 7.7361704 ], [ 4.4015689, 7.7347423 ], [ 4.3988002, 7.7328255 ], [ 4.3976623, 7.7311719 ], [ 4.3964107, 7.7316981 ], [ 4.3956521, 7.7315853 ], [ 4.3953866, 7.7307209 ], [ 4.3962211, 7.7293303 ], [ 4.3963728, 7.7272632 ], [ 4.3956521, 7.7260605 ], [ 4.3920869, 7.725121 ], [ 4.3922765, 7.7230163 ], [ 4.3917835, 7.7206861 ], [ 4.39258, 7.7179424 ], [ 4.3916318, 7.7157249 ], [ 4.3917835, 7.7144846 ], [ 4.3934902, 7.7129812 ], [ 4.3940212, 7.7110268 ], [ 4.3937557, 7.7100496 ], [ 4.3915559, 7.7093355 ], [ 4.3907974, 7.7072683 ], [ 4.3914042, 7.7050884 ], [ 4.3908353, 7.702946 ], [ 4.3887113, 7.7010667 ], [ 4.3860564, 7.7020063 ], [ 4.3844634, 7.7017432 ], [ 4.3840841, 7.6998639 ], [ 4.3844255, 7.6970826 ], [ 4.384122, 7.6958046 ], [ 4.3818843, 7.6946395 ], [ 4.3797603, 7.6951281 ], [ 4.3786225, 7.6949026 ], [ 4.3772571, 7.6933991 ], [ 4.3730471, 7.6915574 ], [ 4.3711507, 7.6902418 ], [ 4.3662143, 7.6873501 ] ] } },
{ "type": "Feature", "properties": { "name": null, "waterway": "stream" }, "geometry": { "type": "LineString", "coordinates": [ [ 4.21875, 7.7220486 ], [ 4.2208099, 7.723367 ], [ 4.2234706, 7.7253231 ], [ 4.2247152, 7.7272793 ], [ 4.2244577, 7.7303837 ], [ 4.2241573, 7.7314894 ], [ 4.2224836, 7.7326801 ], [ 4.2210674, 7.7343385 ], [ 4.2198228, 7.7356993 ], [ 4.2178058, 7.7361671 ], [ 4.2167448, 7.7363288 ], [ 4.2161321, 7.7364222 ], [ 4.2145872, 7.7380807 ], [ 4.213643, 7.7405471 ], [ 4.2113256, 7.7422906 ], [ 4.2091369, 7.7433962 ], [ 4.2073345, 7.7435238 ], [ 4.2062187, 7.7441192 ], [ 4.2062187, 7.7454799 ], [ 4.2062616, 7.7467131 ] ] } },
{ "type": "Feature", "properties": { "name": null, "waterway": "stream" }, "geometry": { "type": "LineString", "coordinates": [ [ 4.2062616, 7.7467131 ], [ 4.2052745, 7.7475636 ], [ 4.2048025, 7.7479038 ], [ 4.2036438, 7.7480739 ], [ 4.2022705, 7.7480739 ], [ 4.202013, 7.7488818 ], [ 4.199953, 7.7493496 ] ] } },
{ "type": "Feature", "properties": { "name": null, "waterway": "stream" }, "geometry": { "type": "LineString", "coordinates": [ [ 4.2228269, 7.7507103 ], [ 4.2203378, 7.7502851 ], [ 4.2180204, 7.7496047 ], [ 4.2156601, 7.7494346 ], [ 4.2135143, 7.7488818 ], [ 4.2102527, 7.7479463 ], [ 4.2077207, 7.7465855 ], [ 4.2062616, 7.7467131 ] ] } },
{ "type": "Feature", "properties": { "name": "River Osun", "waterway": "river" }, "geometry": { "type": "LineString", "coordinates": [ [ 4.4496994, 7.7541722 ], [ 4.4501764, 7.753267 ], [ 4.4503963, 7.7525547 ], [ 4.4507718, 7.7519594 ], [ 4.4509488, 7.7517255 ], [ 4.4511688, 7.7515873 ], [ 4.4515121, 7.7515873 ], [ 4.4518447, 7.7516405 ], [ 4.4520163, 7.7517308 ], [ 4.4523007, 7.7519116 ], [ 4.452545, 7.7520301 ], [ 4.4527245, 7.7520179 ], [ 4.4530195, 7.7518956 ], [ 4.4533199, 7.7518637 ], [ 4.4536686, 7.7519009 ], [ 4.4541138, 7.7521135 ], [ 4.4543445, 7.7522783 ], [ 4.4546664, 7.7524644 ], [ 4.4549614, 7.7525388 ], [ 4.4552618, 7.7525707 ], [ 4.4555837, 7.7526398 ], [ 4.4558734, 7.7528364 ], [ 4.4562379, 7.7528199 ], [ 4.4565868, 7.7527354 ], [ 4.4570804, 7.7525441 ], [ 4.4574505, 7.7522889 ], [ 4.4578797, 7.7518478 ], [ 4.458282, 7.7515661 ], [ 4.4587702, 7.7513162 ], [ 4.4591832, 7.7511302 ], [ 4.4595855, 7.7507847 ], [ 4.4599718, 7.7506996 ], [ 4.4603449, 7.7506056 ], [ 4.4607013, 7.7504711 ], [ 4.4610286, 7.750705 ], [ 4.4613236, 7.7507953 ], [ 4.4616562, 7.7508644 ], [ 4.4619137, 7.7507953 ], [ 4.4623804, 7.750806 ], [ 4.4627237, 7.7507103 ], [ 4.4628257, 7.7504604 ], [ 4.4631153, 7.7503541 ], [ 4.4634959, 7.7502048 ], [ 4.4641828, 7.7501256 ], [ 4.4648749, 7.7502266 ], [ 4.4654167, 7.7502053 ], [ 4.4657117, 7.7501894 ], [ 4.4663072, 7.750014 ], [ 4.4667095, 7.7498332 ], [ 4.4672352, 7.7495994 ], [ 4.4675624, 7.7493229 ], [ 4.4677609, 7.7490891 ], [ 4.4677931, 7.7488127 ], [ 4.467777, 7.7483768 ], [ 4.4677877, 7.7479835 ], [ 4.4679111, 7.7476486 ], [ 4.4680828, 7.7474944 ], [ 4.4683295, 7.747537 ], [ 4.4685602, 7.747622 ], [ 4.4688392, 7.7480632 ], [ 4.468925, 7.748515 ], [ 4.4691157, 7.7488089 ], [ 4.4691235, 7.7495196 ], [ 4.4691718, 7.7500831 ], [ 4.4691396, 7.7506571 ], [ 4.4689733, 7.7509388 ], [ 4.4689894, 7.751279 ], [ 4.4687692, 7.7516187 ], [ 4.4685763, 7.7520444 ], [ 4.4682813, 7.7524909 ], [ 4.4682008, 7.7528683 ], [ 4.4683832, 7.7532617 ], [ 4.4687104, 7.7536018 ], [ 4.4690591, 7.7538357 ], [ 4.4694078, 7.7540749 ], [ 4.4697028, 7.7540855 ], [ 4.4700408, 7.7540537 ], [ 4.4703466, 7.7538464 ], [ 4.4706041, 7.7536018 ], [ 4.4709903, 7.7534849 ], [ 4.4712961, 7.7536231 ], [ 4.4716877, 7.7539633 ], [ 4.4719022, 7.7541812 ], [ 4.4721112, 7.7543519 ], [ 4.4724709, 7.754734 ], [ 4.4727284, 7.755138 ], [ 4.4729108, 7.7553878 ], [ 4.4731361, 7.7559193 ], [ 4.4733697, 7.7561548 ], [ 4.4738012, 7.7565519 ], [ 4.4742358, 7.7568336 ], [ 4.4746542, 7.75711 ], [ 4.4749868, 7.7573173 ], [ 4.4752604, 7.7574342 ], [ 4.4755262, 7.757404 ], [ 4.4758826, 7.7573013 ], [ 4.4762903, 7.7572322 ], [ 4.4766927, 7.7572003 ], [ 4.4771591, 7.7573816 ], [ 4.4781947, 7.7580614 ], [ 4.4789565, 7.7586461 ], [ 4.4795304, 7.7591351 ], [ 4.4803297, 7.7595072 ], [ 4.4826791, 7.7608312 ], [ 4.4834784, 7.7606399 ], [ 4.4841653, 7.7609157 ], [ 4.4846832, 7.7621771 ], [ 4.4845623, 7.7631109 ], [ 4.4841382, 7.7636802 ], [ 4.4844815, 7.7644456 ], [ 4.4857156, 7.764477 ], [ 4.4865793, 7.7643653 ], [ 4.4883335, 7.7643919 ], [ 4.4897333, 7.764318 ], [ 4.4908976, 7.765253 ], [ 4.4918201, 7.7663166 ], [ 4.4927108, 7.767783 ], [ 4.4930968, 7.7695482 ], [ 4.4943523, 7.7690268 ], [ 4.4956288, 7.7687084 ], [ 4.4959617, 7.7681232 ], [ 4.4963694, 7.7677724 ], [ 4.4965922, 7.7675029 ], [ 4.4973886, 7.7675173 ], [ 4.4979358, 7.7671346 ], [ 4.4984722, 7.7666775 ], [ 4.4989443, 7.7661141 ], [ 4.4992018, 7.7653912 ], [ 4.499768, 7.7646965 ], [ 4.5006931, 7.7641899 ], [ 4.5018279, 7.7641437 ], [ 4.5043277, 7.7661794 ], [ 4.5049632, 7.7665074 ], [ 4.5058697, 7.7671505 ], [ 4.5065188, 7.7677033 ], [ 4.5067388, 7.7681179 ], [ 4.506819, 7.7684852 ], [ 4.5064706, 7.7693191 ], [ 4.5059019, 7.7700951 ], [ 4.5049363, 7.7708765 ], [ 4.5046198, 7.7712273 ], [ 4.5044748, 7.7717221 ], [ 4.5048237, 7.7723753 ], [ 4.5052636, 7.7728803 ], [ 4.5061753, 7.773593 ], [ 4.5074254, 7.7734277 ], [ 4.507876, 7.7732842 ], [ 4.5080692, 7.7730769 ], [ 4.5081818, 7.772758 ], [ 4.5086002, 7.7726783 ], [ 4.5089218, 7.7728542 ], [ 4.5092225, 7.7733214 ], [ 4.5095819, 7.7737785 ], [ 4.5099682, 7.7741134 ], [ 4.5104008, 7.774317 ], [ 4.5112395, 7.773922 ], [ 4.5120799, 7.7733497 ], [ 4.5126289, 7.7732045 ], [ 4.5131702, 7.7732646 ], [ 4.513616, 7.7734862 ], [ 4.5138703, 7.7737589 ], [ 4.5141202, 7.7741453 ], [ 4.5144899, 7.7744366 ], [ 4.515059, 7.774209 ], [ 4.5155198, 7.7738892 ], [ 4.5160085, 7.7730025 ], [ 4.5162445, 7.7722797 ], [ 4.5165981, 7.7717073 ], [ 4.5170224, 7.7713336 ], [ 4.517532, 7.7712113 ], [ 4.5180952, 7.7712166 ], [ 4.5185888, 7.7711635 ], [ 4.5189316, 7.7708303 ], [ 4.5191306, 7.770515 ], [ 4.5194417, 7.7699941 ], [ 4.5198545, 7.7696917 ], [ 4.5202732, 7.7694679 ], [ 4.5207399, 7.7692979 ], [ 4.5210725, 7.7689949 ], [ 4.5214587, 7.7685697 ], [ 4.5217752, 7.7682561 ], [ 4.5224456, 7.7681291 ], [ 4.5227462, 7.7678415 ], [ 4.5231807, 7.7675917 ], [ 4.5237172, 7.7675066 ], [ 4.5240766, 7.7673206 ], [ 4.5244467, 7.7672143 ], [ 4.5248649, 7.7672945 ], [ 4.5248812, 7.7675066 ], [ 4.5248759, 7.7677299 ], [ 4.5248973, 7.7681338 ], [ 4.5249081, 7.7689417 ], [ 4.5249671, 7.7694254 ], [ 4.5250207, 7.7697337 ], [ 4.5251441, 7.7699622 ], [ 4.5252997, 7.7700898 ], [ 4.5256105, 7.7702817 ], [ 4.5257986, 7.7701483 ], [ 4.5260668, 7.7702386 ], [ 4.5262921, 7.770127 ], [ 4.5266191, 7.7698458 ], [ 4.5269626, 7.7694733 ], [ 4.5272362, 7.7689152 ], [ 4.5275742, 7.7681657 ], [ 4.5278156, 7.7677299 ], [ 4.5282209, 7.7673328 ], [ 4.5293981, 7.7667094 ], [ 4.5297763, 7.7664622 ], [ 4.5301738, 7.7663114 ], [ 4.5305514, 7.7662336 ], [ 4.5308894, 7.7664064 ], [ 4.5312488, 7.7668449 ], [ 4.5315412, 7.767201 ], [ 4.5316565, 7.7674056 ], [ 4.531697, 7.7676305 ], [ 4.5316619, 7.768078 ], [ 4.5315358, 7.768575 ], [ 4.5311764, 7.7689125 ], [ 4.5308626, 7.7693058 ], [ 4.5309752, 7.7697736 ], [ 4.5311227, 7.7701509 ], [ 4.5311847, 7.7704024 ], [ 4.531399, 7.7712033 ], [ 4.5315331, 7.771695 ], [ 4.531619, 7.7720192 ], [ 4.5319033, 7.7721468 ], [ 4.532091, 7.7723089 ], [ 4.5322898, 7.7724752 ], [ 4.5325229, 7.7730211 ], [ 4.5324531, 7.7735606 ], [ 4.5324826, 7.7738955 ], [ 4.5325629, 7.7742123 ], [ 4.5328233, 7.7746024 ], [ 4.5332605, 7.7747538 ], [ 4.5336845, 7.7747793 ], [ 4.5342019, 7.7745333 ], [ 4.5346472, 7.7742914 ], [ 4.534792, 7.7739991 ], [ 4.5349023, 7.7737243 ], [ 4.5350602, 7.7730636 ], [ 4.5351917, 7.7726251 ], [ 4.5358703, 7.7716684 ], [ 4.5362028, 7.7709615 ], [ 4.5366323, 7.7700117 ], [ 4.5368707, 7.7695397 ], [ 4.537096, 7.7692925 ], [ 4.5373186, 7.7692048 ], [ 4.5374799, 7.7692038 ], [ 4.5376779, 7.7692295 ], [ 4.5380911, 7.7693457 ], [ 4.5384613, 7.7692686 ], [ 4.5387352, 7.7688822 ], [ 4.5389736, 7.76828 ], [ 4.5396014, 7.7676039 ], [ 4.5408994, 7.7667173 ], [ 4.5412561, 7.7664383 ], [ 4.5415378, 7.7661008 ], [ 4.5417899, 7.7658217 ], [ 4.5418945, 7.7655294 ], [ 4.5419699, 7.7653263 ], [ 4.5419811, 7.7650724 ], [ 4.5419544, 7.7642884 ], [ 4.5418167, 7.7637514 ], [ 4.5417818, 7.7632704 ], [ 4.541629, 7.7631375 ], [ 4.5415592, 7.7629727 ], [ 4.5416343, 7.7627362 ], [ 4.5417362, 7.7625768 ], [ 4.5418489, 7.7624598 ], [ 4.5418838, 7.7623562 ], [ 4.5418757, 7.7621569 ], [ 4.5419141, 7.7619682 ], [ 4.5422896, 7.7606288 ], [ 4.5433614, 7.7581523 ], [ 4.5443353, 7.7565811 ], [ 4.5456445, 7.7552459 ], [ 4.546431, 7.7549307 ], [ 4.5474469, 7.7533005 ], [ 4.5479223, 7.7519966 ], [ 4.5476004, 7.7512844 ], [ 4.5476004, 7.751008 ], [ 4.5477442, 7.750477 ], [ 4.5478356, 7.7503196 ], [ 4.5480285, 7.7503068 ], [ 4.5487824, 7.7504525 ], [ 4.549453, 7.7505295 ], [ 4.5501611, 7.7505455 ], [ 4.5508459, 7.7506678 ], [ 4.5511827, 7.7510775 ], [ 4.5513126, 7.7515183 ], [ 4.5511999, 7.7524803 ], [ 4.5512053, 7.7532936 ], [ 4.5513866, 7.7536024 ], [ 4.552618, 7.7542404 ] ] } },
{ "type": "Feature", "properties": { "name": null, "waterway": "stream" }, "geometry": { "type": "LineString", "coordinates": [ [ 4.2462157, 7.7864284 ], [ 4.2438125, 7.7843874 ], [ 4.2432117, 7.7814961 ], [ 4.2426967, 7.7797102 ], [ 4.2434692, 7.7775842 ], [ 4.2427825, 7.7763936 ], [ 4.2412376, 7.775033 ], [ 4.2395209, 7.7733321 ], [ 4.238491, 7.7709509 ], [ 4.2357444, 7.7683146 ], [ 4.232912, 7.7661035 ], [ 4.227848, 7.7645727 ], [ 4.225273, 7.7645727 ], [ 4.2236423, 7.7630419 ], [ 4.2219256, 7.7619363 ], [ 4.2176341, 7.7603205 ], [ 4.2136001, 7.7581944 ], [ 4.2111968, 7.757514 ], [ 4.2081069, 7.7547926 ], [ 4.2056178, 7.753687 ], [ 4.2024421, 7.7511356 ], [ 4.199953, 7.7493496 ], [ 4.1988372, 7.7485842 ], [ 4.1974639, 7.7492646 ], [ 4.195404, 7.7485842 ], [ 4.1937732, 7.748244 ], [ 4.1923999, 7.748244 ], [ 4.1912841, 7.7490094 ], [ 4.1895675, 7.748329 ], [ 4.1869926, 7.7477337 ], [ 4.1858768, 7.748244 ], [ 4.1845893, 7.748329 ], [ 4.183216, 7.7488393 ], [ 4.1805553, 7.748244 ], [ 4.1782378, 7.7475636 ], [ 4.1760921, 7.7470533 ], [ 4.1740321, 7.7467131 ], [ 4.1724872, 7.7455225 ], [ 4.1714572, 7.7456075 ], [ 4.1691398, 7.7455225 ], [ 4.1678523, 7.7454374 ], [ 4.165964, 7.7448421 ], [ 4.1640758, 7.7443318 ], [ 4.1624664, 7.7444806 ], [ 4.1617764, 7.7444496 ], [ 4.1615223, 7.7444381 ] ] } },
{ "type": "Feature", "properties": { "name": null, "waterway": "river" }, "geometry": { "type": "LineString", "coordinates": [ [ 4.470014, 7.7732311 ], [ 4.4697833, 7.7735765 ], [ 4.4696116, 7.7739805 ], [ 4.4695204, 7.774613 ], [ 4.4696224, 7.7752508 ], [ 4.4696438, 7.7756435 ] ] } },
{ "type": "Feature", "properties": { "name": null, "waterway": "river" }, "geometry": { "type": "LineString", "coordinates": [ [ 4.4726828, 7.7756574 ], [ 4.4725272, 7.7755724 ], [ 4.4723073, 7.7754395 ], [ 4.4718888, 7.7754129 ], [ 4.471449, 7.7753545 ], [ 4.4711378, 7.7753598 ], [ 4.4706711, 7.7753917 ], [ 4.4703975, 7.7754235 ], [ 4.470081, 7.7756043 ], [ 4.4696438, 7.7756435 ] ] } },
{ "type": "Feature", "properties": { "name": "Ojutu River", "waterway": "river" }, "geometry": { "type": "LineString", "coordinates": [ [ 4.5136685, 7.8421686 ], [ 4.5127765, 7.841265 ], [ 4.5122936, 7.8403281 ], [ 4.5119314, 7.839564 ], [ 4.5107107, 7.8392119 ], [ 4.5100668, 7.838667 ], [ 4.5093357, 7.8384012 ], [ 4.5082559, 7.838461 ], [ 4.5075449, 7.8382883 ], [ 4.5066059, 7.8388066 ], [ 4.5060962, 7.8389394 ], [ 4.5055462, 7.8387069 ], [ 4.5045737, 7.8379561 ], [ 4.5039834, 7.8372584 ], [ 4.5033999, 7.8366737 ], [ 4.501978, 7.8359096 ], [ 4.5008445, 7.8351255 ], [ 4.5010725, 7.8344212 ], [ 4.5007976, 7.8332319 ], [ 4.5010122, 7.8327535 ], [ 4.5016091, 7.8323482 ], [ 4.5021322, 7.8318034 ], [ 4.5023334, 7.830448 ], [ 4.5022127, 7.8297437 ], [ 4.5024072, 7.8286408 ], [ 4.5027291, 7.8279631 ], [ 4.5025547, 7.8271326 ], [ 4.5019847, 7.8267937 ], [ 4.5017767, 7.8261359 ], [ 4.5014884, 7.8260429 ], [ 4.5006903, 7.8262356 ], [ 4.5002879, 7.8262555 ], [ 4.4994093, 7.8259632 ], [ 4.498524, 7.8258303 ], [ 4.4983295, 7.8255579 ], [ 4.4983697, 7.8249998 ], [ 4.498752, 7.8245679 ], [ 4.4991477, 7.8239965 ], [ 4.4989465, 7.8233254 ], [ 4.4980076, 7.8214716 ], [ 4.4980612, 7.819578 ], [ 4.4985508, 7.818588 ], [ 4.4983563, 7.8180033 ], [ 4.4973034, 7.8176312 ], [ 4.4952713, 7.8185282 ], [ 4.4945603, 7.8184219 ], [ 4.4935879, 7.8177973 ], [ 4.49283, 7.8171728 ], [ 4.4921258, 7.8173389 ], [ 4.491663, 7.8173123 ], [ 4.4913747, 7.8170399 ], [ 4.4912741, 7.8167342 ], [ 4.4896913, 7.8160631 ], [ 4.4891078, 7.8155848 ], [ 4.4890206, 7.8148539 ], [ 4.4887054, 7.8144751 ], [ 4.4889602, 7.8139436 ], [ 4.4890273, 7.8132924 ], [ 4.4885713, 7.812309 ], [ 4.4872702, 7.8107609 ], [ 4.4867403, 7.8098506 ], [ 4.4866062, 7.8091064 ], [ 4.4867672, 7.8080234 ], [ 4.4865257, 7.8073395 ], [ 4.4862494, 7.8073085 ], [ 4.4851778, 7.8069869 ], [ 4.4829674, 7.8062135 ], [ 4.4824751, 7.8058108 ], [ 4.4814625, 7.8057909 ], [ 4.4804498, 7.8054853 ], [ 4.4799468, 7.8050866 ], [ 4.4796249, 7.8036515 ], [ 4.479122, 7.8027213 ], [ 4.4790817, 7.8019904 ], [ 4.4786928, 7.8010337 ], [ 4.4792561, 7.8004755 ], [ 4.4792695, 7.799366 ], [ 4.479008, 7.7987547 ], [ 4.4784916, 7.7984956 ], [ 4.4781093, 7.7980105 ], [ 4.4774186, 7.7970471 ], [ 4.4772576, 7.7962896 ], [ 4.4770229, 7.7958378 ], [ 4.4766205, 7.7943761 ], [ 4.475742, 7.7933728 ], [ 4.4755609, 7.7925887 ], [ 4.4758157, 7.7922034 ], [ 4.4760371, 7.7917383 ], [ 4.4758828, 7.7913396 ], [ 4.4763724, 7.7910672 ], [ 4.4765333, 7.7908545 ], [ 4.4779282, 7.7902698 ], [ 4.4788269, 7.7899177 ], [ 4.4792091, 7.7898645 ], [ 4.4795713, 7.7897316 ], [ 4.4797188, 7.7894393 ], [ 4.479578, 7.7890207 ], [ 4.4789811, 7.7882366 ], [ 4.4779282, 7.7870008 ], [ 4.4775259, 7.7858646 ], [ 4.4764596, 7.7853729 ], [ 4.4759968, 7.7854526 ], [ 4.4757084, 7.7862965 ], [ 4.4752725, 7.7866353 ], [ 4.4743269, 7.7868679 ], [ 4.4740664, 7.7864957 ], [ 4.4740463, 7.7855221 ], [ 4.4733287, 7.7845387 ], [ 4.4729666, 7.7834091 ], [ 4.4722895, 7.7813567 ], [ 4.4706603, 7.7803335 ] ] } },
{ "type": "Feature", "properties": { "name": null, "waterway": "river" }, "geometry": { "type": "LineString", "coordinates": [ [ 4.6422856, 7.6188339 ], [ 4.6423052, 7.6187338 ] ] } },
{ "type": "Feature", "properties": { "name": null, "waterway": "river" }, "geometry": { "type": "LineString", "coordinates": [ [ 4.6335928, 7.6488461 ], [ 4.6339337, 7.6489942 ], [ 4.6340505, 7.6491423 ], [ 4.6341999, 7.649147 ], [ 4.6349658, 7.6487906 ], [ 4.6351293, 7.6488369 ], [ 4.635218, 7.6487767 ], [ 4.6352086, 7.6486656 ], [ 4.6351619, 7.6484296 ], [ 4.6351293, 7.6479713 ], [ 4.635176, 7.6477445 ], [ 4.6353954, 7.647689 ], [ 4.6354515, 7.6476057 ], [ 4.6356056, 7.6474576 ], [ 4.635769, 7.6474437 ], [ 4.6358251, 7.6473511 ], [ 4.635685, 7.6471567 ], [ 4.6355589, 7.6468837 ], [ 4.6356476, 7.6466846 ], [ 4.6355869, 7.6465319 ], [ 4.6354375, 7.6464393 ], [ 4.6354328, 7.6461107 ], [ 4.6353768, 7.6457913 ], [ 4.6353722, 7.6452669 ], [ 4.6353313, 7.6451863 ], [ 4.6353225, 7.6450565 ], [ 4.6353462, 7.6448372 ], [ 4.6353887, 7.6447267 ], [ 4.6354223, 7.6446863 ], [ 4.6354949, 7.6446846 ], [ 4.6355851, 7.6447495 ], [ 4.6357285, 7.6447793 ], [ 4.6359762, 7.644774 ], [ 4.6361231, 7.6447705 ], [ 4.6361903, 7.6448722 ], [ 4.6363124, 7.6449038 ], [ 4.6365177, 7.6449354 ], [ 4.6367159, 7.6448021 ], [ 4.6369021, 7.6446787 ], [ 4.6371399, 7.6444913 ], [ 4.6372355, 7.6443785 ], [ 4.6373147, 7.6440582 ], [ 4.6374489, 7.6438285 ], [ 4.6375892, 7.6436975 ], [ 4.6377132, 7.6436411 ], [ 4.6378128, 7.6436593 ], [ 4.6379103, 7.6436774 ], [ 4.6381116, 7.6436613 ], [ 4.6384185, 7.6436149 ], [ 4.6384632, 7.6436028 ], [ 4.6385364, 7.6434638 ], [ 4.6386909, 7.6432886 ], [ 4.6388129, 7.6431737 ], [ 4.6388881, 7.6429017 ], [ 4.6390324, 7.6427426 ], [ 4.6391056, 7.6424545 ], [ 4.6392072, 7.6422409 ], [ 4.639258, 7.6420677 ], [ 4.6392458, 7.6418642 ], [ 4.6392052, 7.641836 ], [ 4.6391442, 7.6417816 ], [ 4.639008, 7.6416466 ], [ 4.638882, 7.6414532 ], [ 4.6388718, 7.6413444 ], [ 4.6389023, 7.6411631 ], [ 4.638943, 7.6410764 ], [ 4.639071, 7.64102 ], [ 4.6392235, 7.641012 ], [ 4.6393658, 7.6410543 ], [ 4.6395508, 7.6411046 ], [ 4.6396991, 7.6411006 ], [ 4.6399756, 7.6410482 ], [ 4.6402134, 7.6410241 ], [ 4.6404187, 7.6409878 ], [ 4.6405183, 7.6409898 ], [ 4.6406159, 7.6409918 ], [ 4.6407358, 7.6409072 ], [ 4.6408415, 7.6408024 ], [ 4.6410326, 7.6405849 ], [ 4.6411993, 7.640462 ], [ 4.6413375, 7.6403653 ], [ 4.6414656, 7.6403794 ], [ 4.6416038, 7.6404962 ], [ 4.641864, 7.6407742 ], [ 4.6419311, 7.6408165 ], [ 4.6420226, 7.6408307 ], [ 4.642112, 7.6407904 ], [ 4.6422441, 7.6407259 ], [ 4.6424433, 7.6407198 ], [ 4.6425877, 7.6406957 ], [ 4.6426995, 7.6406534 ], [ 4.6428357, 7.6406513 ], [ 4.6429901, 7.6406654 ], [ 4.6430897, 7.6406836 ], [ 4.6432609, 7.6410543 ], [ 4.6434166, 7.6413139 ], [ 4.643636, 7.641342 ], [ 4.6438059, 7.6412788 ], [ 4.6440536, 7.6410614 ], [ 4.6441669, 7.6405492 ], [ 4.6443014, 7.6403037 ], [ 4.6444642, 7.6401914 ], [ 4.6445845, 7.6402826 ], [ 4.6447544, 7.640444 ], [ 4.6449243, 7.640444 ], [ 4.6453632, 7.6403668 ], [ 4.6455118, 7.6403949 ], [ 4.6455472, 7.6405212 ], [ 4.6456038, 7.6406545 ], [ 4.6458232, 7.6406895 ], [ 4.6460073, 7.6406545 ], [ 4.6461347, 7.6405983 ], [ 4.6462692, 7.6405001 ], [ 4.6463125, 7.6403781 ], [ 4.6463822, 7.640394 ], [ 4.6464117, 7.6404233 ], [ 4.6465539, 7.6404206 ], [ 4.6466531, 7.6403781 ], [ 4.6467014, 7.640176 ], [ 4.6467363, 7.6399979 ], [ 4.6466263, 7.6399581 ], [ 4.6465432, 7.6398836 ], [ 4.6465378, 7.6397773 ], [ 4.646578, 7.6396816 ], [ 4.6466344, 7.6396204 ], [ 4.6466907, 7.6396683 ], [ 4.6467577, 7.6396683 ], [ 4.6468972, 7.6396417 ], [ 4.6469267, 7.6397161 ], [ 4.6470206, 7.6397294 ], [ 4.6471306, 7.6397029 ], [ 4.6472754, 7.6396258 ], [ 4.6473907, 7.6395327 ], [ 4.6474927, 7.6395114 ], [ 4.6476187, 7.6395354 ], [ 4.6476938, 7.6395593 ], [ 4.6477475, 7.6394928 ], [ 4.647785, 7.6393652 ], [ 4.647844, 7.6392908 ], [ 4.6479862, 7.6391898 ], [ 4.6480345, 7.6383763 ], [ 4.6479916, 7.6381929 ], [ 4.6479165, 7.6380786 ], [ 4.6477904, 7.6380281 ], [ 4.6475651, 7.6379483 ], [ 4.647372, 7.6377277 ], [ 4.6473425, 7.6375416 ], [ 4.6473255, 7.6374622 ], [ 4.6472593, 7.6373874 ], [ 4.6472244, 7.6372864 ], [ 4.6473532, 7.6371534 ], [ 4.6473022, 7.6368796 ], [ 4.6472674, 7.6362549 ], [ 4.6472218, 7.6359439 ], [ 4.6470769, 7.635585 ], [ 4.6471547, 7.6353723 ], [ 4.6473666, 7.6351144 ], [ 4.6475731, 7.6348938 ], [ 4.6475436, 7.6345694 ], [ 4.6475019, 7.6344624 ], [ 4.647619, 7.634383 ], [ 4.6476005, 7.6342364 ], [ 4.6474372, 7.6341509 ], [ 4.6470274, 7.6342028 ], [ 4.6469134, 7.6342517 ], [ 4.6467563, 7.6343678 ], [ 4.646633, 7.6344044 ], [ 4.646442, 7.6345082 ], [ 4.6462726, 7.6345724 ], [ 4.6461154, 7.6345174 ], [ 4.6460785, 7.6343464 ], [ 4.6460969, 7.6340715 ], [ 4.6462017, 7.6339402 ], [ 4.6461925, 7.6338517 ], [ 4.6461401, 7.6336929 ], [ 4.6461771, 7.6335616 ], [ 4.6461401, 7.633415 ], [ 4.6460815, 7.6333295 ], [ 4.6461339, 7.6332318 ], [ 4.6462756, 7.6331096 ], [ 4.6463835, 7.6329661 ], [ 4.6465129, 7.6328867 ], [ 4.6465529, 7.6328042 ], [ 4.6465468, 7.6326699 ], [ 4.6464543, 7.6324989 ], [ 4.6464513, 7.6323675 ], [ 4.6465036, 7.632224 ], [ 4.6466947, 7.6320744 ], [ 4.6467779, 7.631998 ], [ 4.6468888, 7.6317568 ], [ 4.6469381, 7.6316072 ], [ 4.6469966, 7.6313903 ], [ 4.6469966, 7.631085 ], [ 4.6469781, 7.6309201 ], [ 4.6471322, 7.6307552 ], [ 4.6472154, 7.6306147 ], [ 4.6472862, 7.6305109 ], [ 4.6472924, 7.6303612 ], [ 4.6472955, 7.630178 ], [ 4.6473848, 7.6300436 ], [ 4.6478131, 7.6295581 ], [ 4.6478994, 7.6294726 ], [ 4.6479271, 7.6293901 ], [ 4.6479517, 7.629268 ], [ 4.6479086, 7.6291275 ], [ 4.6478501, 7.6290054 ], [ 4.6477484, 7.6289168 ], [ 4.6476097, 7.6288985 ], [ 4.6472677, 7.6288374 ], [ 4.6471106, 7.6287305 ], [ 4.6469904, 7.6285992 ], [ 4.6468025, 7.6283732 ], [ 4.6466762, 7.628306 ], [ 4.6464882, 7.6281259 ], [ 4.646214, 7.6278999 ], [ 4.6461401, 7.6277808 ], [ 4.6461432, 7.6276464 ], [ 4.646251, 7.627396 ], [ 4.6463249, 7.6271822 ], [ 4.6463095, 7.6270021 ], [ 4.6463249, 7.6268249 ], [ 4.6461955, 7.6267242 ], [ 4.6460692, 7.6266234 ], [ 4.6459922, 7.6265532 ], [ 4.6458936, 7.6265043 ], [ 4.6458227, 7.6263821 ], [ 4.6457488, 7.6262661 ], [ 4.6454099, 7.6258722 ], [ 4.6451511, 7.6256401 ], [ 4.6451295, 7.6254752 ], [ 4.645034, 7.625411 ], [ 4.6448768, 7.62535 ], [ 4.6446211, 7.6250843 ], [ 4.6444301, 7.625014 ], [ 4.6442021, 7.625014 ], [ 4.6439525, 7.6250232 ], [ 4.6437492, 7.6250934 ], [ 4.6436013, 7.6251087 ], [ 4.643475, 7.6250904 ], [ 4.643361, 7.6250049 ], [ 4.6432104, 7.6247615 ], [ 4.6432104, 7.6246445 ], [ 4.6431832, 7.6246007 ], [ 4.6431202, 7.6245243 ], [ 4.6431178, 7.624441 ], [ 4.6431692, 7.624404 ], [ 4.6431832, 7.6243739 ], [ 4.6431528, 7.6243345 ], [ 4.6431809, 7.6242929 ], [ 4.6431902, 7.624235 ], [ 4.6432719, 7.6242327 ], [ 4.6434237, 7.6242327 ], [ 4.6435241, 7.624198 ], [ 4.6436245, 7.6241332 ], [ 4.6436362, 7.6240661 ], [ 4.6437156, 7.6240846 ], [ 4.6437763, 7.6240939 ], [ 4.643823, 7.6240776 ], [ 4.6438487, 7.6240059 ], [ 4.643809, 7.6238462 ], [ 4.6437903, 7.6237768 ], [ 4.6436525, 7.6237027 ], [ 4.6435358, 7.6235615 ], [ 4.6434867, 7.6234319 ], [ 4.6434727, 7.6233857 ], [ 4.6434727, 7.6233047 ], [ 4.6434307, 7.623226 ], [ 4.643398, 7.6230778 ], [ 4.643356, 7.622983 ], [ 4.6433583, 7.6228464 ], [ 4.6433863, 7.622696 ], [ 4.6433677, 7.6226127 ], [ 4.6432229, 7.6224692 ], [ 4.6430034, 7.6223372 ], [ 4.6428306, 7.622078 ], [ 4.6427722, 7.6219207 ], [ 4.6427022, 7.6217818 ], [ 4.6426065, 7.6216915 ], [ 4.6425714, 7.6215411 ], [ 4.6425481, 7.6214138 ], [ 4.6425598, 7.6213305 ], [ 4.642492, 7.621305 ], [ 4.6424874, 7.6212634 ], [ 4.6425411, 7.6211916 ], [ 4.6426135, 7.6211222 ], [ 4.6427139, 7.6210273 ], [ 4.6427746, 7.620988 ], [ 4.6428073, 7.6209347 ], [ 4.6427769, 7.6207797 ], [ 4.6427419, 7.6205043 ], [ 4.6427325, 7.6201062 ], [ 4.6427115, 7.6199511 ], [ 4.6427325, 7.6196965 ], [ 4.6427232, 7.6195369 ], [ 4.6426835, 7.6194281 ], [ 4.6423613, 7.6190439 ], [ 4.6422772, 7.6189351 ], [ 4.6422796, 7.6188541 ], [ 4.6422856, 7.6188339 ] ] } },
{ "type": "Feature", "properties": { "name": "River Oyile", "waterway": "river" }, "geometry": { "type": "LineString", "coordinates": [ [ 4.7459401, 7.7279144 ], [ 4.7456018, 7.7275562 ], [ 4.7454838, 7.7273595 ], [ 4.7455643, 7.7270672 ], [ 4.7457949, 7.7269183 ], [ 4.7458647, 7.7266632 ], [ 4.7456286, 7.7264027 ], [ 4.7453765, 7.7265515 ], [ 4.7452156, 7.7267004 ], [ 4.7449474, 7.7267748 ], [ 4.7447274, 7.7269662 ], [ 4.7446577, 7.7272692 ], [ 4.7445558, 7.7275349 ], [ 4.7442607, 7.727705 ], [ 4.7440408, 7.7275668 ], [ 4.7440086, 7.7272319 ], [ 4.743853, 7.7271363 ], [ 4.7435633, 7.7270937 ], [ 4.7433809, 7.7272798 ], [ 4.7433863, 7.72762 ], [ 4.7434882, 7.7277954 ], [ 4.7436009, 7.7280771 ], [ 4.7435687, 7.7282951 ], [ 4.7433434, 7.7284173 ], [ 4.7431556, 7.7283748 ], [ 4.7429893, 7.7282207 ], [ 4.7427533, 7.727923 ], [ 4.7426514, 7.7276838 ], [ 4.7424529, 7.7275084 ], [ 4.7421632, 7.7274765 ], [ 4.7419433, 7.7273648 ], [ 4.7418145, 7.7271203 ], [ 4.7417931, 7.7266685 ], [ 4.7417663, 7.7263602 ], [ 4.7416, 7.7261475 ], [ 4.7413586, 7.7260465 ], [ 4.7412405, 7.725818 ], [ 4.7413371, 7.7254831 ], [ 4.7415409, 7.7253396 ], [ 4.7417233, 7.725313 ], [ 4.7418574, 7.7254671 ], [ 4.7420237, 7.7254459 ], [ 4.742131, 7.7252386 ], [ 4.742072, 7.7248399 ], [ 4.7418896, 7.7246113 ], [ 4.7416268, 7.72459 ], [ 4.7415731, 7.7247973 ], [ 4.7413478, 7.7250312 ], [ 4.7409401, 7.7251535 ], [ 4.7407363, 7.7250685 ], [ 4.7407041, 7.7249037 ], [ 4.7407792, 7.7246751 ], [ 4.7406344, 7.7245475 ], [ 4.7402964, 7.7245688 ], [ 4.7400657, 7.7247495 ], [ 4.7399692, 7.7248292 ], [ 4.7397331, 7.7248186 ], [ 4.7394166, 7.724893 ], [ 4.7391806, 7.725111 ], [ 4.7390197, 7.7251482 ], [ 4.7388695, 7.72501 ], [ 4.7387675, 7.7249037 ], [ 4.7386334, 7.7250844 ], [ 4.7385422, 7.7250472 ], [ 4.738451, 7.7246857 ], [ 4.7383116, 7.724404 ], [ 4.7381024, 7.7243402 ], [ 4.7379468, 7.7243561 ], [ 4.7375713, 7.724489 ], [ 4.737228, 7.7246272 ], [ 4.7369168, 7.7246379 ], [ 4.7366861, 7.7245635 ], [ 4.7363482, 7.7244306 ], [ 4.7362677, 7.7245741 ], [ 4.7362999, 7.7247336 ], [ 4.7363214, 7.7250259 ], [ 4.7362248, 7.7251535 ], [ 4.7359673, 7.7251854 ], [ 4.735683, 7.7250631 ], [ 4.7353558, 7.7249621 ], [ 4.735227, 7.7248877 ], [ 4.7352217, 7.7246804 ], [ 4.7352914, 7.7245369 ], [ 4.7352646, 7.7242764 ], [ 4.7351144, 7.7241754 ], [ 4.7349427, 7.7242179 ], [ 4.734755, 7.7242445 ], [ 4.734417, 7.7240691 ], [ 4.7342936, 7.724 ], [ 4.7341863, 7.7241116 ], [ 4.7341756, 7.724303 ], [ 4.7338108, 7.724489 ], [ 4.733489, 7.724606 ], [ 4.733328, 7.7243242 ], [ 4.7330759, 7.7241595 ], [ 4.7328881, 7.7243508 ], [ 4.7327862, 7.7245262 ], [ 4.7325555, 7.7245209 ], [ 4.7324483, 7.7242711 ], [ 4.7322927, 7.7240319 ], [ 4.7320513, 7.7239947 ], [ 4.7318153, 7.7241701 ], [ 4.7316865, 7.7242658 ], [ 4.731547, 7.7241967 ], [ 4.7313486, 7.7239149 ], [ 4.7310857, 7.7236651 ], [ 4.7306995, 7.7234737 ], [ 4.7304902, 7.7234578 ], [ 4.7304044, 7.7231069 ], [ 4.7302971, 7.7229103 ], [ 4.7300235, 7.7226923 ], [ 4.7297821, 7.7227083 ], [ 4.7295461, 7.7228518 ], [ 4.7294335, 7.7230697 ], [ 4.7292189, 7.7232239 ], [ 4.7289507, 7.7234153 ], [ 4.7287575, 7.7236226 ], [ 4.7285, 7.7238458 ], [ 4.7283123, 7.7238618 ], [ 4.7281406, 7.7236066 ], [ 4.7280333, 7.7234153 ], [ 4.7277919, 7.7232079 ], [ 4.7276417, 7.723075 ], [ 4.7277222, 7.7229422 ], [ 4.7279529, 7.7228571 ], [ 4.7281138, 7.722671 ], [ 4.7281835, 7.7222511 ], [ 4.7280977, 7.7220172 ], [ 4.7277759, 7.7218577 ], [ 4.7275023, 7.7217993 ], [ 4.727336, 7.7220863 ], [ 4.7273413, 7.7223096 ], [ 4.7271536, 7.7224637 ], [ 4.7269015, 7.7225275 ], [ 4.7266869, 7.7224425 ], [ 4.7265045, 7.722384 ], [ 4.7263382, 7.722485 ], [ 4.7261612, 7.7227561 ], [ 4.7258715, 7.7230857 ], [ 4.7255443, 7.7234418 ], [ 4.725276, 7.7238724 ], [ 4.7251956, 7.7241435 ], [ 4.7252546, 7.7244784 ], [ 4.7251741, 7.7247548 ], [ 4.7250024, 7.7250259 ], [ 4.7247932, 7.7250259 ], [ 4.7245465, 7.724994 ], [ 4.724171, 7.725212 ], [ 4.7240154, 7.7254193 ], [ 4.723656, 7.7254352 ], [ 4.7232858, 7.725297 ], [ 4.723082, 7.7251163 ], [ 4.7227494, 7.7250897 ], [ 4.7223149, 7.7250631 ], [ 4.7220252, 7.7251163 ], [ 4.7217355, 7.7250897 ], [ 4.7214029, 7.7248611 ], [ 4.7210864, 7.7245581 ], [ 4.7210167, 7.7243455 ], [ 4.720668, 7.7243721 ], [ 4.7203676, 7.7246326 ], [ 4.7202174, 7.724707 ], [ 4.7200296, 7.724489 ], [ 4.719858, 7.7244997 ], [ 4.7197507, 7.7247017 ], [ 4.7197239, 7.7249409 ], [ 4.7195576, 7.7250259 ], [ 4.7193644, 7.724994 ], [ 4.7191499, 7.724909 ], [ 4.7190855, 7.7250578 ], [ 4.7191981, 7.7252013 ], [ 4.7191552, 7.7253183 ], [ 4.7189728, 7.7252439 ], [ 4.7187905, 7.7250366 ], [ 4.7188495, 7.7246113 ], [ 4.7188387, 7.7242817 ], [ 4.7187905, 7.7240053 ], [ 4.7186671, 7.7237448 ], [ 4.7184686, 7.7238405 ], [ 4.7183452, 7.7240053 ], [ 4.7183077, 7.7242764 ], [ 4.7182218, 7.7244784 ], [ 4.7180019, 7.7245422 ], [ 4.7177337, 7.7244199 ], [ 4.7174976, 7.7241595 ], [ 4.7174547, 7.7239787 ], [ 4.7175244, 7.7238671 ], [ 4.7177766, 7.7237767 ], [ 4.7179912, 7.7236173 ], [ 4.7181467, 7.7233302 ], [ 4.7181789, 7.7230538 ], [ 4.7180287, 7.7228093 ], [ 4.7177873, 7.7227986 ], [ 4.7175566, 7.7229475 ], [ 4.7171972, 7.7231123 ], [ 4.7168217, 7.7231388 ], [ 4.7163604, 7.7230432 ], [ 4.7161673, 7.7234471 ], [ 4.7160868, 7.7237236 ], [ 4.7163228, 7.7240638 ], [ 4.7162155, 7.7244678 ], [ 4.7157488, 7.7247336 ], [ 4.7151856, 7.7248399 ], [ 4.7146813, 7.7248186 ], [ 4.7144184, 7.7245688 ], [ 4.714279, 7.7243296 ], [ 4.7140483, 7.7241541 ], [ 4.7138445, 7.7241754 ], [ 4.7136835, 7.7244944 ], [ 4.7135816, 7.7248505 ], [ 4.7133402, 7.7254033 ], [ 4.7130344, 7.725701 ], [ 4.7126965, 7.7260359 ], [ 4.7123263, 7.726307 ], [ 4.7120957, 7.7264984 ], [ 4.7118864, 7.7265728 ], [ 4.7114251, 7.72661 ], [ 4.711114, 7.7266579 ], [ 4.7108779, 7.7267057 ], [ 4.71054, 7.726525 ], [ 4.7101913, 7.7262911 ], [ 4.7099445, 7.7263017 ], [ 4.7095637, 7.7264877 ], [ 4.7093705, 7.7267163 ], [ 4.709113, 7.7267695 ], [ 4.7085873, 7.7265728 ], [ 4.708303, 7.7266047 ], [ 4.70789, 7.7268014 ], [ 4.7078578, 7.72703 ], [ 4.7080455, 7.7272373 ], [ 4.7080026, 7.7275668 ], [ 4.7079865, 7.7277741 ], [ 4.707552, 7.7277848 ], [ 4.7072355, 7.7276838 ], [ 4.7072355, 7.7273117 ], [ 4.707037, 7.7269449 ], [ 4.7070209, 7.7266685 ], [ 4.7068278, 7.7264877 ], [ 4.706227, 7.7262592 ], [ 4.7053937, 7.7261512 ], [ 4.7050236, 7.7259811 ], [ 4.7048734, 7.7256249 ], [ 4.7045515, 7.7252634 ], [ 4.7043584, 7.7251252 ], [ 4.7038219, 7.725205 ], [ 4.7037361, 7.7253857 ], [ 4.7037629, 7.7255505 ], [ 4.703602, 7.7256143 ], [ 4.7032265, 7.725609 ], [ 4.7029797, 7.7254601 ], [ 4.702733, 7.7254548 ], [ 4.7025828, 7.7256355 ], [ 4.7022984, 7.7257897 ], [ 4.7020088, 7.7259758 ], [ 4.7018639, 7.7263106 ], [ 4.7018532, 7.7265658 ], [ 4.7018532, 7.7269113 ], [ 4.7019605, 7.7273632 ], [ 4.7021107, 7.7276715 ], [ 4.7024057, 7.7283359 ], [ 4.7023735, 7.7288356 ], [ 4.7019873, 7.7292555 ], [ 4.7016118, 7.7295107 ], [ 4.7012041, 7.7296383 ], [ 4.7007159, 7.7297286 ], [ 4.7002063, 7.7297871 ], [ 4.6998362, 7.7296967 ], [ 4.6993534, 7.7298137 ], [ 4.69923, 7.7300263 ], [ 4.6991549, 7.7302283 ], [ 4.6990691, 7.7302655 ], [ 4.6988706, 7.7300688 ], [ 4.6987365, 7.7300742 ], [ 4.6986775, 7.7302177 ], [ 4.6988438, 7.7303771 ], [ 4.6988062, 7.7304994 ], [ 4.6986399, 7.7305951 ], [ 4.6984683, 7.7305366 ], [ 4.6982054, 7.7303453 ], [ 4.6979425, 7.7302549 ], [ 4.6978835, 7.7303878 ], [ 4.6980337, 7.730526 ], [ 4.6980766, 7.7307333 ], [ 4.6979533, 7.7309406 ], [ 4.6976529, 7.731031 ], [ 4.6973846, 7.7308875 ], [ 4.6972022, 7.7306961 ], [ 4.6971325, 7.7304197 ], [ 4.6971701, 7.7300316 ], [ 4.697095, 7.7297871 ], [ 4.6969018, 7.7294044 ], [ 4.6968589, 7.7292236 ], [ 4.6970681, 7.7289419 ], [ 4.6969769, 7.7287452 ], [ 4.6968589, 7.728522 ], [ 4.6968106, 7.7282615 ], [ 4.6967248, 7.7279532 ], [ 4.6965853, 7.7275598 ], [ 4.6966658, 7.7273791 ], [ 4.6966926, 7.7270602 ], [ 4.6965371, 7.7266402 ], [ 4.6962688, 7.7263106 ], [ 4.6962474, 7.7258694 ], [ 4.6960489, 7.7256143 ], [ 4.6956948, 7.7255292 ], [ 4.6954749, 7.7254176 ], [ 4.6953944, 7.7251518 ], [ 4.6952281, 7.7249817 ], [ 4.6949546, 7.7250508 ], [ 4.6949546, 7.7253591 ], [ 4.6949707, 7.7257791 ], [ 4.6946381, 7.725912 ], [ 4.6943108, 7.7260714 ], [ 4.6938924, 7.7263479 ], [ 4.6937422, 7.726603 ], [ 4.6938763, 7.7268635 ], [ 4.6940587, 7.7271931 ], [ 4.6939514, 7.727496 ], [ 4.6935866, 7.7277725 ], [ 4.6931038, 7.7278947 ], [ 4.692782, 7.7281818 ], [ 4.6927015, 7.7285592 ], [ 4.6925084, 7.7288409 ], [ 4.6922294, 7.7288356 ], [ 4.6920846, 7.7289472 ], [ 4.691634, 7.7291227 ], [ 4.6913014, 7.729314 ], [ 4.6912638, 7.729532 ], [ 4.6912477, 7.7299944 ], [ 4.6911565, 7.7300742 ], [ 4.6908991, 7.7301645 ], [ 4.6905504, 7.7301273 ], [ 4.6903573, 7.7299519 ], [ 4.689971, 7.72992 ], [ 4.689735, 7.7300954 ], [ 4.6894936, 7.7303718 ], [ 4.6891342, 7.7305473 ], [ 4.6888177, 7.7307227 ], [ 4.6885441, 7.7307014 ], [ 4.6882812, 7.730627 ], [ 4.6879754, 7.7307705 ], [ 4.6877716, 7.7309938 ], [ 4.6875731, 7.7309778 ], [ 4.6873693, 7.7308715 ], [ 4.6870742, 7.7309885 ], [ 4.6867577, 7.7312383 ], [ 4.6864573, 7.7313499 ], [ 4.686232, 7.7316635 ], [ 4.6862857, 7.7320356 ], [ 4.6863125, 7.7322802 ], [ 4.6860872, 7.7325672 ], [ 4.6857814, 7.7327851 ], [ 4.6854756, 7.7329659 ], [ 4.6850304, 7.7331838 ], [ 4.6846388, 7.7333539 ], [ 4.6843437, 7.7334177 ], [ 4.6839575, 7.7332104 ], [ 4.6836786, 7.7332529 ], [ 4.6835605, 7.7333592 ], [ 4.6836303, 7.7336675 ], [ 4.6838073, 7.7339865 ], [ 4.683877, 7.7342469 ], [ 4.6837429, 7.7344117 ], [ 4.6834747, 7.7343001 ], [ 4.6832601, 7.7341513 ], [ 4.6831099, 7.7337579 ], [ 4.6829758, 7.7335187 ], [ 4.6827666, 7.7332795 ], [ 4.6824608, 7.7331891 ], [ 4.6821497, 7.7332104 ], [ 4.6819834, 7.7334124 ], [ 4.6819029, 7.7336782 ], [ 4.6816937, 7.7338057 ], [ 4.6815596, 7.7337685 ], [ 4.6814899, 7.7336303 ], [ 4.6814255, 7.733322 ], [ 4.6813772, 7.7330616 ], [ 4.6814684, 7.732833 ], [ 4.6816293, 7.7326363 ], [ 4.6818064, 7.7325619 ], [ 4.681919, 7.732429 ], [ 4.6819727, 7.7322961 ], [ 4.681742, 7.7322217 ], [ 4.6815328, 7.732328 ], [ 4.6813826, 7.7324981 ], [ 4.6812377, 7.7324821 ], [ 4.6812807, 7.7322589 ], [ 4.6813879, 7.7319612 ], [ 4.6815542, 7.731722 ], [ 4.6818868, 7.7315679 ], [ 4.6822463, 7.731536 ], [ 4.682434, 7.7314084 ], [ 4.6823965, 7.7311851 ], [ 4.6822355, 7.7308556 ], [ 4.6819458, 7.7305579 ], [ 4.6818332, 7.7301752 ], [ 4.6817956, 7.7298084 ], [ 4.6818493, 7.7293459 ], [ 4.6820317, 7.7288781 ], [ 4.6822945, 7.7285645 ], [ 4.6823965, 7.7282402 ], [ 4.6823482, 7.7279957 ], [ 4.6819834, 7.7276236 ], [ 4.681742, 7.7273419 ], [ 4.6816186, 7.7270602 ], [ 4.6816508, 7.7267518 ], [ 4.6815006, 7.7262894 ], [ 4.6814148, 7.7259492 ], [ 4.6813826, 7.725508 ], [ 4.6812914, 7.7252794 ], [ 4.6810124, 7.7250242 ], [ 4.6809534, 7.7247372 ], [ 4.6808569, 7.7244501 ], [ 4.6806047, 7.7243385 ], [ 4.6805726, 7.7242162 ], [ 4.6807549, 7.7237804 ], [ 4.6806637, 7.7232647 ], [ 4.6806852, 7.7230149 ], [ 4.6808569, 7.7226268 ], [ 4.6812163, 7.7221909 ], [ 4.6812377, 7.721973 ], [ 4.6811305, 7.721771 ], [ 4.6808622, 7.7216328 ], [ 4.6807925, 7.7214946 ], [ 4.6807925, 7.7212501 ], [ 4.6808998, 7.7210374 ], [ 4.6811787, 7.7207823 ], [ 4.6813558, 7.7206175 ], [ 4.6814738, 7.7207663 ], [ 4.681742, 7.7207132 ], [ 4.681919, 7.7204474 ], [ 4.6819351, 7.7200062 ], [ 4.6818332, 7.7196713 ], [ 4.6816454, 7.7192779 ], [ 4.6816293, 7.7190599 ], [ 4.6815703, 7.7186825 ], [ 4.6814791, 7.718321 ], [ 4.6815864, 7.7178533 ], [ 4.681801, 7.7175821 ], [ 4.6819619, 7.7176353 ], [ 4.6820853, 7.7178479 ], [ 4.6822087, 7.7181031 ], [ 4.6825252, 7.7181244 ], [ 4.6826593, 7.7178692 ], [ 4.6825896, 7.7176778 ], [ 4.6824501, 7.7174971 ], [ 4.6823857, 7.7173376 ], [ 4.682316, 7.717008 ], [ 4.6822731, 7.7167104 ], [ 4.6821229, 7.7163755 ], [ 4.6819566, 7.7161735 ], [ 4.681683, 7.7159714 ], [ 4.6813826, 7.7158173 ], [ 4.6812377, 7.71561 ], [ 4.6810929, 7.7154877 ], [ 4.6807496, 7.7154611 ], [ 4.6804063, 7.7153601 ], [ 4.6801219, 7.7152538 ], [ 4.6798805, 7.7152485 ], [ 4.6797679, 7.7154611 ], [ 4.6797035, 7.7157588 ], [ 4.6794299, 7.7163382 ], [ 4.6793334, 7.7166997 ], [ 4.6791456, 7.7170559 ], [ 4.6787862, 7.7173164 ], [ 4.6784697, 7.7173961 ], [ 4.6783249, 7.7175768 ], [ 4.6781854, 7.7178001 ], [ 4.6782819, 7.7180446 ], [ 4.6784268, 7.7182679 ], [ 4.678636, 7.718539 ], [ 4.6788184, 7.7187729 ], [ 4.6790973, 7.7189749 ], [ 4.6792636, 7.7191503 ], [ 4.6793012, 7.7196606 ], [ 4.6791403, 7.7200115 ], [ 4.6788452, 7.7203889 ], [ 4.6785394, 7.7204952 ], [ 4.678357, 7.7205484 ], [ 4.6782068, 7.7207344 ], [ 4.6777723, 7.7209896 ], [ 4.6775417, 7.7211065 ], [ 4.6773539, 7.7213457 ], [ 4.6771501, 7.7213617 ], [ 4.6769301, 7.7214308 ], [ 4.6768175, 7.7216009 ], [ 4.6767531, 7.7219039 ], [ 4.6765331, 7.7220102 ], [ 4.6760396, 7.7221112 ], [ 4.6759752, 7.7223398 ], [ 4.6760289, 7.7226215 ], [ 4.6761201, 7.7229458 ], [ 4.6760289, 7.7231425 ], [ 4.6759001, 7.7233657 ], [ 4.6757499, 7.7237378 ], [ 4.6756587, 7.7239345 ], [ 4.6752564, 7.7242747 ], [ 4.6749238, 7.7244342 ], [ 4.6746449, 7.7245565 ], [ 4.6743606, 7.7246893 ], [ 4.6741406, 7.724886 ], [ 4.6737758, 7.7251252 ], [ 4.673572, 7.7251252 ], [ 4.6733038, 7.7249817 ], [ 4.6731267, 7.7248541 ], [ 4.6729175, 7.7247 ], [ 4.6726869, 7.7245033 ], [ 4.6724776, 7.7244395 ], [ 4.6718125, 7.7243864 ], [ 4.6715389, 7.7243385 ], [ 4.671217, 7.7242535 ], [ 4.670863, 7.7241099 ], [ 4.6707235, 7.7239292 ], [ 4.6708093, 7.7236103 ], [ 4.6707449, 7.7233817 ], [ 4.670525, 7.7232966 ], [ 4.6700207, 7.7234295 ], [ 4.6697418, 7.7235571 ], [ 4.6695272, 7.7236847 ], [ 4.6692054, 7.7236794 ], [ 4.6688513, 7.7237538 ], [ 4.6683739, 7.7238495 ], [ 4.6680949, 7.7238016 ], [ 4.6677516, 7.7236315 ], [ 4.6674619, 7.7233764 ], [ 4.6671293, 7.7230893 ], [ 4.6668987, 7.7230946 ], [ 4.6666733, 7.7231744 ], [ 4.6665285, 7.7233179 ], [ 4.6664802, 7.7235146 ], [ 4.6665768, 7.72369 ], [ 4.6668343, 7.7238069 ], [ 4.6670059, 7.7238814 ], [ 4.6670274, 7.7240674 ], [ 4.6668987, 7.7242269 ], [ 4.666507, 7.7243172 ], [ 4.6662442, 7.7242694 ], [ 4.6660779, 7.7239132 ], [ 4.6657292, 7.7235943 ], [ 4.665402, 7.7236262 ], [ 4.6649943, 7.7236156 ], [ 4.6648602, 7.7237219 ], [ 4.6646671, 7.7239451 ], [ 4.664651, 7.724094 ], [ 4.6647743, 7.7242428 ], [ 4.6647314, 7.7245033 ], [ 4.6644525, 7.7246043 ], [ 4.6641199, 7.7246521 ], [ 4.6640126, 7.724801 ], [ 4.6640877, 7.724987 ], [ 4.6642486, 7.7254442 ], [ 4.6648816, 7.7260395 ], [ 4.6651284, 7.7264648 ], [ 4.6651499, 7.7272515 ], [ 4.6657238, 7.7273738 ], [ 4.6662496, 7.7276289 ], [ 4.6668128, 7.727799 ], [ 4.6669201, 7.7279957 ], [ 4.666845, 7.7283785 ], [ 4.6668235, 7.7285432 ], [ 4.666904, 7.7288462 ], [ 4.6672152, 7.7291758 ], [ 4.6674995, 7.7294416 ], [ 4.667478, 7.7296542 ], [ 4.6674244, 7.7299519 ], [ 4.6672044, 7.7301805 ], [ 4.6668504, 7.7303612 ], [ 4.6663086, 7.730627 ], [ 4.6662066, 7.7307546 ], [ 4.6662013, 7.7309725 ], [ 4.6664266, 7.7314031 ], [ 4.6661423, 7.7317539 ], [ 4.6657614, 7.7320463 ], [ 4.6654932, 7.7324343 ], [ 4.6651659, 7.7327373 ], [ 4.6647475, 7.7328915 ], [ 4.6644578, 7.7327745 ], [ 4.6642164, 7.732732 ], [ 4.6639268, 7.7328383 ], [ 4.6637551, 7.7331147 ], [ 4.6636693, 7.7336782 ], [ 4.6636854, 7.7341885 ], [ 4.6635781, 7.7345978 ], [ 4.6632991, 7.7347626 ], [ 4.6631114, 7.73472 ], [ 4.6627788, 7.7347944 ], [ 4.6622531, 7.7348795 ], [ 4.6618293, 7.7350071 ], [ 4.661545, 7.7352835 ], [ 4.6614377, 7.7356503 ], [ 4.6612446, 7.7358097 ], [ 4.6609495, 7.7358841 ], [ 4.6606759, 7.7358469 ], [ 4.6604935, 7.7356981 ], [ 4.6604399, 7.7353313 ], [ 4.6603487, 7.7351772 ], [ 4.6600751, 7.7351665 ], [ 4.6599249, 7.735326 ], [ 4.6597586, 7.7355546 ], [ 4.6598015, 7.7357087 ], [ 4.6599678, 7.7358576 ], [ 4.6600537, 7.736033 ], [ 4.6600054, 7.7363094 ], [ 4.6598069, 7.736336 ], [ 4.6595548, 7.7361127 ], [ 4.6592222, 7.7358257 ], [ 4.6588413, 7.7354802 ], [ 4.6585355, 7.7350868 ], [ 4.6583424, 7.7345606 ], [ 4.6581707, 7.7341991 ], [ 4.6579079, 7.7339971 ], [ 4.6574841, 7.7339652 ], [ 4.6570764, 7.7340184 ], [ 4.6568243, 7.7343267 ], [ 4.6566955, 7.7346243 ], [ 4.6564595, 7.7346243 ], [ 4.6560998, 7.7340705 ], [ 4.6556707, 7.7336134 ], [ 4.6541901, 7.7338816 ], [ 4.6539111, 7.7341769 ], [ 4.6540506, 7.734634 ], [ 4.6546472, 7.7347257 ], [ 4.6550376, 7.7349742 ], [ 4.6551771, 7.7352636 ], [ 4.6552845, 7.7365713 ], [ 4.6554024, 7.7374087 ], [ 4.6558209, 7.7381447 ], [ 4.6560623, 7.7391972 ], [ 4.6550699, 7.740744 ], [ 4.6548499, 7.7414751 ], [ 4.6547641, 7.742445 ], [ 4.6543671, 7.7432795 ], [ 4.6537287, 7.7435931 ], [ 4.6531558, 7.7434592 ], [ 4.6527052, 7.7429542 ], [ 4.6513255, 7.7413819 ], [ 4.6511163, 7.7407972 ], [ 4.650538, 7.7406845 ], [ 4.6501786, 7.7412639 ], [ 4.6495498, 7.7415655 ], [ 4.6485843, 7.7414031 ], [ 4.648182, 7.7409619 ], [ 4.6483643, 7.7401941 ], [ 4.6478762, 7.7397051 ], [ 4.6474535, 7.7392971 ], [ 4.6467765, 7.7394736 ], [ 4.6466584, 7.7396998 ], [ 4.6465791, 7.7400041 ], [ 4.6466316, 7.7402579 ], [ 4.6468462, 7.740428 ], [ 4.6463967, 7.7407907 ], [ 4.6464235, 7.7417635 ], [ 4.6459558, 7.7421526 ], [ 4.6452047, 7.7417941 ], [ 4.644502, 7.7413393 ], [ 4.6427854, 7.7402922 ], [ 4.6406675, 7.7400306 ], [ 4.6396203, 7.7393064 ], [ 4.6391429, 7.739317 ], [ 4.6384037, 7.7399307 ], [ 4.6374917, 7.7405782 ], [ 4.63673, 7.7415084 ], [ 4.6363105, 7.7425382 ], [ 4.6363652, 7.7437207 ], [ 4.6364671, 7.7453993 ], [ 4.6357257, 7.7462857 ], [ 4.6354307, 7.746982 ], [ 4.6348418, 7.7476382 ], [ 4.6337474, 7.7483334 ], [ 4.6333386, 7.7480345 ], [ 4.6323902, 7.7483505 ], [ 4.6308084, 7.7483257 ], [ 4.6290216, 7.7485759 ], [ 4.6279792, 7.749203 ], [ 4.6262792, 7.7504817 ], [ 4.6251128, 7.7510104 ], [ 4.6249515, 7.7514777 ], [ 4.6253237, 7.7521785 ], [ 4.6255373, 7.752893 ], [ 4.6256621, 7.753403 ], [ 4.6247891, 7.75385 ], [ 4.6241325, 7.7549941 ], [ 4.624058, 7.7556704 ], [ 4.6237478, 7.7561253 ], [ 4.6230653, 7.7560392 ], [ 4.6226434, 7.7555843 ], [ 4.6222091, 7.7547974 ], [ 4.6202733, 7.7518588 ], [ 4.619566, 7.7509981 ], [ 4.6186106, 7.750285 ], [ 4.6182631, 7.7496825 ], [ 4.61835, 7.7485882 ], [ 4.6178536, 7.7473218 ], [ 4.6174193, 7.7465103 ], [ 4.6176551, 7.7459939 ], [ 4.6183748, 7.7457848 ], [ 4.6187098, 7.7451332 ], [ 4.6186478, 7.7439282 ], [ 4.6176303, 7.7420347 ], [ 4.6166624, 7.741592 ], [ 4.6159551, 7.741592 ], [ 4.6157938, 7.7422806 ], [ 4.6161784, 7.7430675 ], [ 4.6164886, 7.7435593 ], [ 4.6164762, 7.7444692 ], [ 4.6160047, 7.744752 ], [ 4.6149624, 7.7450348 ], [ 4.6143916, 7.7447643 ], [ 4.6138208, 7.7443585 ], [ 4.6128032, 7.7436823 ], [ 4.6114259, 7.7433134 ], [ 4.6102594, 7.7431782 ], [ 4.6095521, 7.7432519 ], [ 4.6088945, 7.7436823 ], [ 4.6084229, 7.7447151 ], [ 4.6082864, 7.7452438 ], [ 4.6075915, 7.7461537 ], [ 4.6072689, 7.7466209 ], [ 4.6061769, 7.746916 ], [ 4.605755, 7.7466455 ], [ 4.6056682, 7.7461783 ], [ 4.6053083, 7.745834 ], [ 4.604874, 7.7454529 ], [ 4.6043404, 7.7448504 ], [ 4.6033973, 7.7444815 ], [ 4.6034594, 7.7453176 ], [ 4.6035214, 7.7460676 ], [ 4.6031616, 7.7464611 ], [ 4.6027025, 7.7458463 ], [ 4.6024791, 7.7450471 ], [ 4.6018835, 7.7446536 ], [ 4.6011389, 7.7442848 ], [ 4.6006922, 7.7438421 ], [ 4.5999477, 7.7435716 ], [ 4.5996747, 7.7414445 ], [ 4.5992404, 7.7408543 ], [ 4.598682, 7.7406944 ], [ 4.5981856, 7.740719 ], [ 4.5973294, 7.7399936 ], [ 4.5966594, 7.7390714 ], [ 4.5959521, 7.7387517 ], [ 4.5954805, 7.7385058 ], [ 4.5954309, 7.7380139 ], [ 4.5962995, 7.7351736 ], [ 4.5956667, 7.734731 ], [ 4.5951695, 7.7345402 ], [ 4.5947386, 7.7342705 ] ] } },
{ "type": "Feature", "properties": { "name": null, "waterway": "river" }, "geometry": { "type": "LineString", "coordinates": [ [ 4.7903897, 7.7507553 ], [ 4.7896279, 7.7502822 ], [ 4.7887482, 7.7501759 ], [ 4.787847, 7.750245 ], [ 4.7879221, 7.7490969 ], [ 4.7880669, 7.7475448 ], [ 4.7882868, 7.747077 ], [ 4.7881581, 7.746572 ], [ 4.7875305, 7.7464391 ], [ 4.7870852, 7.7460139 ], [ 4.7869672, 7.7459501 ], [ 4.7862215, 7.7464126 ], [ 4.7854705, 7.7461043 ], [ 4.7855564, 7.7452644 ], [ 4.7850467, 7.744887 ], [ 4.7848858, 7.7446425 ], [ 4.7848858, 7.7439728 ], [ 4.7844298, 7.7437495 ], [ 4.7841723, 7.7440366 ], [ 4.7837539, 7.7432924 ], [ 4.7835179, 7.7431808 ], [ 4.7840865, 7.7425057 ], [ 4.782901, 7.7423037 ], [ 4.7827722, 7.7416924 ], [ 4.7814579, 7.741331 ], [ 4.7810342, 7.7405443 ], [ 4.7796287, 7.7409801 ], [ 4.7789528, 7.7403901 ], [ 4.778647, 7.7400605 ], [ 4.7784217, 7.740624 ], [ 4.7781588, 7.7398798 ], [ 4.7784217, 7.7394652 ], [ 4.7778638, 7.7396778 ], [ 4.7773112, 7.739933 ], [ 4.7770967, 7.7398479 ], [ 4.7767158, 7.7390612 ], [ 4.7764744, 7.7393483 ], [ 4.7764959, 7.7399808 ], [ 4.7762652, 7.7402306 ], [ 4.7758789, 7.7398958 ], [ 4.7759755, 7.7394386 ], [ 4.7760399, 7.7387636 ], [ 4.7756912, 7.7386891 ], [ 4.7750957, 7.7386998 ], [ 4.7751816, 7.7383117 ], [ 4.7754605, 7.7380566 ], [ 4.775085, 7.7375197 ], [ 4.7747095, 7.7369137 ], [ 4.7749455, 7.7361749 ], [ 4.7749455, 7.7357337 ], [ 4.7740604, 7.7353536 ], [ 4.7734006, 7.7354838 ], [ 4.7731216, 7.7355157 ], [ 4.7727569, 7.7351277 ], [ 4.7729768, 7.734846 ], [ 4.7723706, 7.7345323 ], [ 4.7718074, 7.7343038 ], [ 4.7718234, 7.7338147 ], [ 4.7713299, 7.7338254 ], [ 4.7707881, 7.7333842 ], [ 4.770198, 7.7337297 ], [ 4.7696509, 7.7336234 ], [ 4.7694631, 7.7339636 ], [ 4.7685029, 7.7334533 ], [ 4.7680201, 7.7325709 ], [ 4.7677733, 7.7326187 ], [ 4.7675641, 7.733331 ], [ 4.766738, 7.7329004 ], [ 4.7664376, 7.7331237 ], [ 4.7662284, 7.7324274 ], [ 4.7667058, 7.7321084 ], [ 4.7672851, 7.7319596 ], [ 4.7671993, 7.7315237 ], [ 4.7667165, 7.7309496 ], [ 4.7664322, 7.7304606 ], [ 4.7666843, 7.7301469 ], [ 4.7651447, 7.7288393 ], [ 4.7637285, 7.7289722 ], [ 4.7635247, 7.7291848 ], [ 4.7634174, 7.7296738 ], [ 4.7621943, 7.7304393 ], [ 4.7615077, 7.7308167 ], [ 4.7606762, 7.730519 ], [ 4.7604884, 7.7308114 ], [ 4.7596945, 7.7307104 ], [ 4.7597857, 7.730115 ], [ 4.7593619, 7.7299449 ], [ 4.7589274, 7.7304978 ], [ 4.7585358, 7.7298439 ], [ 4.7584929, 7.7288074 ], [ 4.7576936, 7.7278612 ], [ 4.7571249, 7.7278665 ], [ 4.756669, 7.7279037 ], [ 4.7566368, 7.7275582 ], [ 4.7560199, 7.7276539 ], [ 4.7559019, 7.7281695 ], [ 4.7551455, 7.7281589 ], [ 4.7546305, 7.7278665 ], [ 4.7544266, 7.7282386 ], [ 4.7540189, 7.7283821 ], [ 4.7535308, 7.7285469 ], [ 4.7521575, 7.7283874 ], [ 4.7516801, 7.7282652 ], [ 4.7517081, 7.7286122 ], [ 4.751723, 7.7287968 ], [ 4.7503604, 7.7286001 ], [ 4.7494753, 7.7289456 ], [ 4.7486009, 7.7290041 ], [ 4.7477104, 7.7286213 ], [ 4.7468199, 7.7282705 ], [ 4.746203, 7.7277868 ], [ 4.7459401, 7.7279144 ], [ 4.7450745, 7.7278695 ], [ 4.7447794, 7.7277845 ], [ 4.7442162, 7.7277419 ], [ 4.7440499, 7.7276462 ], [ 4.7439643, 7.7274937 ], [ 4.7439479, 7.7272423 ], [ 4.7437712, 7.7271482 ], [ 4.74361, 7.7271997 ], [ 4.7434437, 7.7273273 ], [ 4.7433525, 7.7275452 ], [ 4.74346, 7.727786 ], [ 4.7436046, 7.7280396 ], [ 4.7435671, 7.7283054 ], [ 4.7433471, 7.7284277 ], [ 4.7431326, 7.7283267 ], [ 4.7428214, 7.7281831 ], [ 4.7426605, 7.7279067 ], [ 4.7425642, 7.7276372 ], [ 4.7425264, 7.7275399 ], [ 4.7421401, 7.7274974 ], [ 4.7419473, 7.7273502 ], [ 4.7417593, 7.7270828 ], [ 4.7417914, 7.7267745 ], [ 4.741781, 7.7263402 ], [ 4.7416737, 7.7261754 ], [ 4.7414428, 7.7261313 ], [ 4.7413516, 7.7259665 ], [ 4.7412338, 7.7256013 ], [ 4.741384, 7.7253887 ], [ 4.7415986, 7.7252664 ], [ 4.7418612, 7.7253977 ], [ 4.7420385, 7.7254418 ], [ 4.7421884, 7.7253286 ], [ 4.7421243, 7.7249687 ], [ 4.7419524, 7.7246269 ], [ 4.7417646, 7.7245472 ], [ 4.741604, 7.7246338 ], [ 4.7414269, 7.7249794 ], [ 4.7412014, 7.7250415 ], [ 4.7409975, 7.7251532 ], [ 4.7408151, 7.7251106 ], [ 4.7406488, 7.725015 ], [ 4.7406706, 7.7248837 ], [ 4.7409012, 7.7247136 ], [ 4.7407561, 7.7245631 ], [ 4.7404182, 7.7245259 ], [ 4.7401824, 7.7246498 ], [ 4.740048, 7.7248821 ], [ 4.7398978, 7.7249512 ], [ 4.7395384, 7.7248555 ], [ 4.739238, 7.7251106 ], [ 4.7390717, 7.7251957 ], [ 4.738841, 7.7252276 ], [ 4.7386321, 7.7250378 ], [ 4.7384762, 7.7246694 ], [ 4.7383314, 7.724393 ], [ 4.738101, 7.7243149 ], [ 4.737811, 7.7243452 ], [ 4.7373175, 7.7245578 ], [ 4.7370118, 7.7246482 ], [ 4.736647, 7.7245578 ], [ 4.7364431, 7.7244781 ], [ 4.7362554, 7.72451 ], [ 4.7362339, 7.7246694 ], [ 4.736368, 7.7249352 ], [ 4.7363146, 7.7251069 ], [ 4.7360893, 7.7252079 ], [ 4.7358104, 7.7251388 ], [ 4.7356224, 7.7250362 ], [ 4.7353649, 7.7250203 ], [ 4.7352147, 7.7249087 ], [ 4.735161, 7.7247651 ], [ 4.7352954, 7.724586 ], [ 4.7353327, 7.7243771 ], [ 4.7352576, 7.724207 ], [ 4.7351235, 7.7241432 ], [ 4.7349306, 7.7242086 ], [ 4.7345978, 7.724207 ], [ 4.7343993, 7.7240741 ], [ 4.7342762, 7.7240066 ], [ 4.7341742, 7.7241235 ], [ 4.7341418, 7.7242867 ], [ 4.7339379, 7.724393 ], [ 4.733777, 7.7244515 ], [ 4.7336107, 7.7246269 ], [ 4.7333693, 7.7245631 ], [ 4.7332728, 7.7242814 ], [ 4.7330796, 7.7242017 ], [ 4.7329616, 7.7242601 ], [ 4.7328707, 7.724485 ], [ 4.7326988, 7.7245578 ], [ 4.7324735, 7.7245259 ], [ 4.7324201, 7.7243787 ], [ 4.7323984, 7.7241963 ], [ 4.7323501, 7.7240794 ], [ 4.7321572, 7.7240225 ], [ 4.731937, 7.7240688 ], [ 4.7317654, 7.7242442 ], [ 4.7316366, 7.7242548 ], [ 4.7315186, 7.7241272 ], [ 4.7313416, 7.7238083 ], [ 4.7310841, 7.7234947 ], [ 4.7309607, 7.7234149 ], [ 4.7307729, 7.7234362 ], [ 4.7305423, 7.7234787 ], [ 4.7303974, 7.7234681 ], [ 4.7303921, 7.7233458 ], [ 4.7304084, 7.7231507 ], [ 4.7303548, 7.7229222 ], [ 4.7302204, 7.7228036 ], [ 4.7300058, 7.7227079 ], [ 4.7297805, 7.7227132 ], [ 4.7295716, 7.7228318 ], [ 4.7294211, 7.7230854 ], [ 4.7291743, 7.7233511 ], [ 4.7286486, 7.723803 ], [ 4.7283858, 7.7239412 ], [ 4.7281929, 7.7238258 ], [ 4.7280746, 7.7236807 ], [ 4.7280264, 7.7234734 ], [ 4.7279727, 7.7233405 ], [ 4.7277799, 7.7232252 ], [ 4.7276669, 7.7231279 ], [ 4.727635, 7.7229541 ], [ 4.7278118, 7.7228302 ], [ 4.728032, 7.7227893 ], [ 4.7281551, 7.722591 ], [ 4.7281983, 7.7222896 ], [ 4.7281497, 7.7220913 ], [ 4.7279193, 7.72196 ], [ 4.7277152, 7.7218149 ], [ 4.7274792, 7.7218202 ], [ 4.7273451, 7.7219744 ], [ 4.7273078, 7.7222152 ], [ 4.7272485, 7.7224315 ], [ 4.7269803, 7.7225431 ], [ 4.7266316, 7.72249 ], [ 4.7265139, 7.7223799 ], [ 4.7263151, 7.722373 ], [ 4.7262239, 7.7225166 ], [ 4.7261169, 7.7228265 ], [ 4.725961, 7.7230747 ], [ 4.7255909, 7.7233671 ], [ 4.7253605, 7.7237977 ], [ 4.7251567, 7.7243771 ], [ 4.7252479, 7.7245807 ], [ 4.7253712, 7.7247455 ], [ 4.7251888, 7.724914 ], [ 4.7250923, 7.7250788 ], [ 4.7249689, 7.7250841 ], [ 4.7247275, 7.7250522 ], [ 4.7245183, 7.7251053 ], [ 4.7242501, 7.7252505 ], [ 4.7241052, 7.7254296 ], [ 4.7237726, 7.7254774 ], [ 4.7234883, 7.7253924 ], [ 4.7232255, 7.7252116 ], [ 4.7224744, 7.7251372 ], [ 4.7221365, 7.7252542 ], [ 4.7218844, 7.725217 ], [ 4.7216376, 7.7250894 ], [ 4.7213157, 7.7249049 ], [ 4.7211816, 7.7247067 ], [ 4.7211012, 7.7245275 ], [ 4.7209831, 7.7243505 ], [ 4.7208544, 7.7243611 ], [ 4.7205701, 7.7245525 ], [ 4.7203448, 7.7246163 ], [ 4.7201463, 7.7245684 ], [ 4.7199961, 7.7245222 ] ] } },
{ "type": "Feature", "properties": { "name": null, "waterway": "stream" }, "geometry": { "type": "LineString", "coordinates": [ [ 4.6063748, 7.7519674 ], [ 4.6064794, 7.7520843 ], [ 4.606474, 7.7522172 ], [ 4.606415, 7.7522943 ], [ 4.6062729, 7.7523926 ], [ 4.6062689, 7.7524584 ], [ 4.6063775, 7.7526158 ], [ 4.6064714, 7.7526956 ], [ 4.6065223, 7.7528258 ], [ 4.6065947, 7.7529374 ], [ 4.6067074, 7.7529587 ], [ 4.6067584, 7.7530331 ], [ 4.6067664, 7.7530969 ], [ 4.6067128, 7.7531819 ], [ 4.6066752, 7.7532617 ], [ 4.6067396, 7.7533095 ], [ 4.606869, 7.7533261 ], [ 4.6069662, 7.7534105 ], [ 4.6071023, 7.7533706 ], [ 4.6072405, 7.7533161 ], [ 4.6073116, 7.7533175 ], [ 4.6074175, 7.7533912 ], [ 4.6074698, 7.7535128 ], [ 4.6074644, 7.7536357 ], [ 4.6074551, 7.7537088 ], [ 4.6075013, 7.7538663 ], [ 4.6075872, 7.7538829 ], [ 4.607683, 7.753855 ], [ 4.6078125, 7.7538071 ], [ 4.607966, 7.7537945 ], [ 4.6080498, 7.7538277 ], [ 4.6082054, 7.7539115 ], [ 4.6083348, 7.7539453 ], [ 4.6084106, 7.7539899 ], [ 4.6084455, 7.7540855 ], [ 4.6084039, 7.7542105 ], [ 4.6083321, 7.7543061 ], [ 4.6083093, 7.7543925 ], [ 4.608308, 7.7544809 ], [ 4.6082443, 7.7546078 ], [ 4.6081813, 7.7547074 ], [ 4.6082041, 7.7548682 ], [ 4.6083556, 7.754835 ], [ 4.6084388, 7.7548789 ], [ 4.608377, 7.7550231 ], [ 4.6083516, 7.7551539 ], [ 4.6083114, 7.755324 ], [ 4.6083006, 7.755417 ], [ 4.6084455, 7.7555685 ], [ 4.6083811, 7.7556961 ], [ 4.6083194, 7.7559007 ], [ 4.6083462, 7.7560363 ], [ 4.6084213, 7.7561293 ], [ 4.6083838, 7.7562383 ], [ 4.608314, 7.7563818 ], [ 4.6083891, 7.7565253 ], [ 4.6084455, 7.7565598 ] ] } },
{ "type": "Feature", "properties": { "name": null, "waterway": "stream" }, "geometry": { "type": "LineString", "coordinates": [ [ 4.6052818, 7.810814 ], [ 4.6051946, 7.8106226 ], [ 4.605141, 7.8105642 ], [ 4.6050739, 7.8105323 ], [ 4.6049935, 7.8105137 ], [ 4.6048969, 7.8104911 ], [ 4.6047977, 7.8104911 ], [ 4.6047252, 7.8104858 ], [ 4.6046448, 7.8104552 ], [ 4.604563, 7.8104061 ], [ 4.6045576, 7.810329 ], [ 4.6045576, 7.8102519 ], [ 4.6046086, 7.8101098 ], [ 4.6046153, 7.8100021 ], [ 4.6045791, 7.8099224 ], [ 4.604453, 7.8097962 ], [ 4.6044195, 7.8096912 ], [ 4.6043967, 7.8095278 ], [ 4.6042894, 7.8094016 ], [ 4.604162, 7.8093033 ], [ 4.604048, 7.8092435 ], [ 4.6039756, 7.8091863 ], [ 4.6039554, 7.8090428 ], [ 4.6039005, 7.8089419 ], [ 4.6037838, 7.8088369 ], [ 4.6037087, 7.808708 ], [ 4.6035987, 7.8085884 ], [ 4.6034673, 7.8084197 ], [ 4.6034284, 7.8083081 ], [ 4.6034445, 7.8081938 ], [ 4.6035223, 7.8080596 ], [ 4.603588, 7.8079334 ], [ 4.6036819, 7.8078444 ], [ 4.6037181, 7.8077633 ], [ 4.6036993, 7.8076663 ], [ 4.6036336, 7.807576 ], [ 4.6035853, 7.8074391 ], [ 4.6035625, 7.807378 ], [ 4.6035558, 7.8072319 ], [ 4.6035437, 7.807107 ], [ 4.6034981, 7.80699 ], [ 4.6035062, 7.8069183 ], [ 4.6035008, 7.8067974 ], [ 4.6035424, 7.8066964 ], [ 4.6035464, 7.8066486 ], [ 4.6035236, 7.8065263 ], [ 4.603478, 7.8064267 ], [ 4.6034338, 7.8063284 ], [ 4.6033761, 7.8062619 ], [ 4.6033332, 7.8062247 ], [ 4.603297, 7.8061689 ], [ 4.6032809, 7.8061065 ], [ 4.6032862, 7.8060706 ], [ 4.6033533, 7.80604 ], [ 4.6033855, 7.8059696 ], [ 4.6033895, 7.8059125 ], [ 4.6034592, 7.8057716 ], [ 4.6035759, 7.8056481 ], [ 4.6036577, 7.805579 ], [ 4.603706, 7.8054355 ], [ 4.603706, 7.8053558 ], [ 4.6036819, 7.8052043 ], [ 4.603647, 7.8051153 ], [ 4.6035746, 7.8050249 ], [ 4.6035115, 7.8049213 ], [ 4.6034177, 7.8048828 ], [ 4.6033533, 7.8048017 ], [ 4.6032996, 7.8047658 ], [ 4.6032232, 7.8046861 ], [ 4.6031199, 7.80454 ], [ 4.6030529, 7.8044217 ], [ 4.6030194, 7.8043407 ], [ 4.6029496, 7.8041453 ], [ 4.6029335, 7.8040457 ], [ 4.6028879, 7.8038876 ], [ 4.6028303, 7.8036471 ], [ 4.6028088, 7.8034996 ], [ 4.6028021, 7.8034053 ], [ 4.6027887, 7.8033388 ], [ 4.6027672, 7.8032485 ], [ 4.6027659, 7.8031342 ], [ 4.6027444, 7.8029987 ], [ 4.6027377, 7.8028711 ], [ 4.6027243, 7.8027688 ], [ 4.6027109, 7.8026771 ], [ 4.602735, 7.8025802 ] ] } },
{ "type": "Feature", "properties": { "name": null, "waterway": "stream" }, "geometry": { "type": "LineString", "coordinates": [ [ 4.5942204, 7.8218271 ], [ 4.5942499, 7.8217613 ], [ 4.5942834, 7.8217095 ], [ 4.5943096, 7.8216716 ], [ 4.5943558, 7.8216192 ], [ 4.5943947, 7.8215753 ], [ 4.5944336, 7.8215355 ], [ 4.5944725, 7.8215102 ], [ 4.594502, 7.821485 ], [ 4.5945429, 7.8214478 ], [ 4.5945664, 7.8214013 ], [ 4.5945818, 7.821376 ], [ 4.5946113, 7.8213149 ], [ 4.5946133, 7.8212212 ], [ 4.594618, 7.8211561 ], [ 4.5946227, 7.8210744 ], [ 4.5946307, 7.8209994 ], [ 4.5946529, 7.8209303 ], [ 4.5946549, 7.8208698 ], [ 4.5946475, 7.8207529 ], [ 4.5946596, 7.8206433 ], [ 4.594667, 7.8205961 ], [ 4.594673, 7.8205682 ], [ 4.5947012, 7.8204812 ], [ 4.5947286, 7.8203942 ], [ 4.5947488, 7.8203124 ], [ 4.5947709, 7.8202294 ], [ 4.594783, 7.820167 ], [ 4.5948024, 7.8200912 ], [ 4.5948158, 7.8200374 ], [ 4.5948621, 7.819866 ], [ 4.5948721, 7.8197817 ], [ 4.5948815, 7.8197265 ], [ 4.5948949, 7.8196162 ], [ 4.5949258, 7.8195146 ], [ 4.5949654, 7.819405 ], [ 4.5950022, 7.819314 ], [ 4.5950358, 7.8192233 ], [ 4.5950398, 7.8191791 ], [ 4.5950428, 7.8191094 ], [ 4.5950441, 7.8190665 ], [ 4.5950793, 7.8189732 ], [ 4.5950964, 7.8189307 ], [ 4.5951172, 7.8188822 ], [ 4.5951447, 7.8188433 ], [ 4.5951967, 7.8187792 ], [ 4.5952037, 7.8187437 ], [ 4.5952584, 7.8185799 ], [ 4.5952624, 7.8184776 ], [ 4.5952503, 7.8183713 ], [ 4.5952356, 7.8182969 ], [ 4.5951994, 7.8181826 ], [ 4.5951927, 7.8181162 ], [ 4.5952182, 7.8180179 ], [ 4.5952879, 7.8179023 ], [ 4.5954086, 7.8177734 ], [ 4.5954408, 7.8177322 ], [ 4.5955065, 7.8176432 ], [ 4.5956165, 7.817428 ], [ 4.5957023, 7.8172818 ], [ 4.5957613, 7.8171835 ], [ 4.5958243, 7.8170639 ], [ 4.5959182, 7.8169696 ], [ 4.5959571, 7.8168992 ], [ 4.5960657, 7.8166919 ], [ 4.5961529, 7.8165086 ], [ 4.5962374, 7.8163637 ], [ 4.5963554, 7.8160874 ], [ 4.5963956, 7.8159333 ], [ 4.5965405, 7.8155333 ], [ 4.5965955, 7.8153991 ], [ 4.5967323, 7.8149687 ], [ 4.596806, 7.8148212 ], [ 4.5971024, 7.8141183 ], [ 4.5972794, 7.8136878 ], [ 4.597376, 7.813549 ], [ 4.5974524, 7.813442 ], [ 4.5975919, 7.8133019 ], [ 4.5976576, 7.8132348 ], [ 4.597716, 7.8131617 ], [ 4.5977589, 7.8130986 ], [ 4.5978467, 7.8130129 ], [ 4.5979426, 7.8128827 ], [ 4.5980056, 7.8127332 ], [ 4.5980418, 7.8126103 ], [ 4.5980821, 7.8125126 ], [ 4.5981283, 7.8124309 ], [ 4.5981753, 7.8123698 ], [ 4.5982383, 7.8123054 ], [ 4.5982584, 7.8122443 ], [ 4.5982544, 7.8121898 ], [ 4.5982531, 7.8121326 ], [ 4.5983134, 7.8120283 ], [ 4.5983342, 7.81195 ], [ 4.5983496, 7.8119021 ], [ 4.5983577, 7.8118829 ], [ 4.5983885, 7.811756 ], [ 4.5983993, 7.8117095 ], [ 4.5983872, 7.8116364 ], [ 4.5983657, 7.8115261 ], [ 4.5983349, 7.8114238 ], [ 4.5983456, 7.8112657 ], [ 4.5983604, 7.8111714 ], [ 4.5983644, 7.8110611 ], [ 4.5983671, 7.810988 ], [ 4.5983765, 7.8108724 ], [ 4.5984033, 7.8108153 ] ] } },
{ "type": "Feature", "properties": { "name": null, "waterway": "stream" }, "geometry": { "type": "LineString", "coordinates": [ [ 4.7289024, 7.8437902 ], [ 4.7290969, 7.8437742 ], [ 4.7292216, 7.8437237 ], [ 4.7292672, 7.8437423 ], [ 4.7293731, 7.8437835 ], [ 4.7294804, 7.8437902 ], [ 4.7296226, 7.8438287 ], [ 4.7297165, 7.8439031 ], [ 4.7297822, 7.8439761 ], [ 4.729876, 7.8441024 ], [ 4.7299458, 7.8441834 ], [ 4.7299686, 7.8442897 ], [ 4.7300021, 7.8443707 ], [ 4.7300665, 7.844481 ], [ 4.7301402, 7.8446178 ], [ 4.7301992, 7.8448145 ], [ 4.7302609, 7.844958 ], [ 4.7303012, 7.8450709 ], [ 4.7303602, 7.8451798 ], [ 4.7303803, 7.8452994 ], [ 4.730381, 7.8454422 ], [ 4.7304185, 7.8455432 ], [ 4.7304655, 7.8456548 ], [ 4.730558, 7.8457478 ], [ 4.7306747, 7.8457916 ], [ 4.7308101, 7.8458487 ], [ 4.7309952, 7.8459417 ], [ 4.7310703, 7.8459723 ], [ 4.7312017, 7.8460533 ], [ 4.7312862, 7.8461304 ], [ 4.731364, 7.8462181 ] ] } },
{ "type": "Feature", "properties": { "name": null, "waterway": "stream" }, "geometry": { "type": "LineString", "coordinates": [ [ 4.6392438, 7.92794 ], [ 4.6390786, 7.9279552 ], [ 4.6386447, 7.9279552 ], [ 4.6385081, 7.92794 ], [ 4.6386447, 7.9282432 ], [ 4.6386513, 7.9286141 ], [ 4.638572, 7.9288148 ], [ 4.6387284, 7.9288955 ], [ 4.6388253, 7.928854 ], [ 4.6388615, 7.9289171 ], [ 4.6388803, 7.92895 ] ] } },
{ "type": "Feature", "properties": { "name": null, "waterway": "stream" }, "geometry": { "type": "LineString", "coordinates": [ [ 4.6388615, 7.9289171 ], [ 4.6388803, 7.92895 ], [ 4.6388517, 7.9290678 ], [ 4.6387636, 7.9292162 ], [ 4.6388099, 7.9293471 ], [ 4.6389266, 7.9293383 ], [ 4.6389927, 7.9295565 ], [ 4.6389354, 7.9298946 ], [ 4.6387944, 7.9300582 ], [ 4.638724, 7.9302524 ] ] } },
{ "type": "Feature", "properties": { "name": null, "waterway": "stream" }, "geometry": { "type": "LineString", "coordinates": [ [ 4.5802461, 7.791233 ], [ 4.5802487, 7.7911533 ], [ 4.5802541, 7.7910749 ], [ 4.5802648, 7.7909952 ], [ 4.580285, 7.7908942 ], [ 4.5802917, 7.7908251 ], [ 4.5802823, 7.7907573 ], [ 4.5802595, 7.7906776 ], [ 4.5801817, 7.7905554 ], [ 4.5801187, 7.7905115 ], [ 4.5800154, 7.7904623 ], [ 4.5799604, 7.7904065 ], [ 4.5799188, 7.7902989 ], [ 4.5798545, 7.7901594 ], [ 4.5797995, 7.7900199 ], [ 4.5798062, 7.7899016 ], [ 4.579825, 7.7897767 ], [ 4.5798223, 7.789705 ], [ 4.5798075, 7.7896053 ], [ 4.5797472, 7.7895375 ], [ 4.5796332, 7.7894565 ], [ 4.5795688, 7.789394 ], [ 4.5794776, 7.7893037 ], [ 4.5794253, 7.7892226 ], [ 4.5793301, 7.789107 ], [ 4.5792188, 7.7889954 ], [ 4.5791356, 7.7889184 ], [ 4.5790739, 7.7888532 ], [ 4.5790042, 7.7888001 ], [ 4.5788889, 7.7887337 ], [ 4.5788352, 7.7887137 ], [ 4.5787413, 7.788642 ], [ 4.5786501, 7.7886034 ], [ 4.5786072, 7.7885835 ], [ 4.5784745, 7.7884772 ], [ 4.5781928, 7.7881743 ], [ 4.5780829, 7.7880334 ], [ 4.5780346, 7.7879324 ], [ 4.5779702, 7.7877677 ], [ 4.5779541, 7.7876587 ], [ 4.5779327, 7.7875817 ], [ 4.5779058, 7.7874913 ], [ 4.5778468, 7.7874594 ], [ 4.5777851, 7.7874647 ], [ 4.5777288, 7.7874355 ], [ 4.5776805, 7.7873611 ], [ 4.5776242, 7.787292 ], [ 4.5775196, 7.7871618 ], [ 4.5773774, 7.7870555 ], [ 4.5772701, 7.7869412 ], [ 4.5771494, 7.786803 ], [ 4.5770743, 7.7867578 ], [ 4.5769563, 7.7866834 ], [ 4.5768732, 7.7865399 ], [ 4.5768678, 7.7864496 ], [ 4.5767766, 7.7863459 ], [ 4.5766908, 7.7862423 ], [ 4.5766076, 7.7861493 ], [ 4.5765084, 7.7860323 ], [ 4.5764279, 7.7859101 ], [ 4.5763341, 7.7858038 ], [ 4.5762643, 7.7856816 ], [ 4.5762187, 7.7856071 ], [ 4.5761195, 7.7855141 ], [ 4.5760015, 7.7854636 ], [ 4.5759156, 7.7853839 ], [ 4.5758861, 7.7852962 ], [ 4.5759022, 7.7852298 ], [ 4.5759022, 7.7851793 ], [ 4.5759022, 7.7851102 ], [ 4.5758995, 7.7850278 ], [ 4.5758834, 7.7849454 ], [ 4.5758808, 7.7848444 ], [ 4.5758727, 7.7847913 ], [ 4.5757842, 7.7847355 ], [ 4.5757225, 7.7847009 ], [ 4.5756796, 7.7846265 ], [ 4.5755777, 7.7845202 ], [ 4.5755482, 7.7844379 ], [ 4.5755348, 7.7843741 ], [ 4.5755053, 7.784297 ], [ 4.575457, 7.7842173 ], [ 4.5754114, 7.7841588 ], [ 4.5753336, 7.7840685 ], [ 4.5752907, 7.784002 ], [ 4.5752692, 7.7838452 ], [ 4.5752317, 7.7836645 ], [ 4.5751753, 7.7835157 ], [ 4.5751351, 7.7834174 ], [ 4.5751029, 7.7833111 ], [ 4.575052, 7.783226 ], [ 4.5750198, 7.7830453 ], [ 4.5749581, 7.7828168 ], [ 4.5749393, 7.7826919 ], [ 4.5748749, 7.7824926 ], [ 4.5748132, 7.7822986 ], [ 4.5747247, 7.7820408 ], [ 4.5746416, 7.7818654 ], [ 4.5745718, 7.7816581 ], [ 4.5745236, 7.7815279 ], [ 4.5744967, 7.7814136 ], [ 4.5744485, 7.7813233 ], [ 4.5743841, 7.7812675 ], [ 4.5742956, 7.7812196 ], [ 4.5741588, 7.7811558 ], [ 4.5740327, 7.7810814 ], [ 4.5739657, 7.781023 ], [ 4.5738798, 7.7809618 ], [ 4.5738074, 7.7809459 ], [ 4.5736974, 7.7808609 ], [ 4.573625, 7.7807891 ], [ 4.573566, 7.7806934 ], [ 4.5734614, 7.7806243 ], [ 4.5733836, 7.7805473 ], [ 4.5733729, 7.7804357 ], [ 4.5733514, 7.7803692 ], [ 4.5733085, 7.7802656 ], [ 4.5731959, 7.7800849 ], [ 4.5730886, 7.77996 ], [ 4.5729759, 7.7798377 ], [ 4.5728794, 7.7797394 ], [ 4.5727533, 7.7797155 ], [ 4.5727318, 7.779649 ], [ 4.5727104, 7.7796118 ], [ 4.5726407, 7.7794975 ], [ 4.5725589, 7.7793966 ] ] } },
{ "type": "Feature", "properties": { "name": null, "waterway": "stream" }, "geometry": { "type": "LineString", "coordinates": [ [ 4.5860101, 7.7872588 ], [ 4.5859189, 7.7872774 ], [ 4.5858613, 7.787276 ], [ 4.5858197, 7.7872853 ], [ 4.5857647, 7.7873039 ], [ 4.5857097, 7.7873225 ], [ 4.5856453, 7.7873571 ], [ 4.5855877, 7.7874222 ], [ 4.5855032, 7.7874873 ], [ 4.5854348, 7.7875444 ], [ 4.5853637, 7.787575 ], [ 4.585302, 7.787583 ], [ 4.585239, 7.7876149 ], [ 4.5851424, 7.7876707 ], [ 4.585062, 7.7877252 ], [ 4.5850097, 7.7877517 ], [ 4.5849788, 7.787757 ], [ 4.5849265, 7.7877863 ], [ 4.5848528, 7.7878726 ], [ 4.5847951, 7.7879364 ], [ 4.5847428, 7.787975 ], [ 4.5846489, 7.7879962 ], [ 4.5845778, 7.7880228 ], [ 4.5845054, 7.7880945 ], [ 4.5844625, 7.7881131 ], [ 4.5844182, 7.7881131 ], [ 4.584319, 7.7881211 ], [ 4.584209, 7.7881902 ], [ 4.5841822, 7.7882301 ], [ 4.5841098, 7.7883218 ], [ 4.5839918, 7.7884599 ], [ 4.5838952, 7.7885596 ], [ 4.5838174, 7.7886699 ], [ 4.5837463, 7.7887536 ], [ 4.5836431, 7.7887868 ], [ 4.5835827, 7.7887895 ], [ 4.5835425, 7.7888028 ], [ 4.583509, 7.7888626 ], [ 4.5834647, 7.7889649 ], [ 4.5834245, 7.7890459 ], [ 4.5833695, 7.7890805 ], [ 4.5832984, 7.7891442 ], [ 4.5831965, 7.7891934 ], [ 4.5831174, 7.7892452 ], [ 4.5830584, 7.7892997 ], [ 4.5829993, 7.7893808 ], [ 4.5829806, 7.7894525 ], [ 4.5828988, 7.7895256 ], [ 4.5828331, 7.789592 ], [ 4.5827566, 7.7896598 ], [ 4.58266, 7.7896797 ], [ 4.5825675, 7.7896837 ], [ 4.5824736, 7.789685 ], [ 4.5823717, 7.789681 ], [ 4.5823167, 7.7896864 ], [ 4.5822725, 7.789681 ], [ 4.5822215, 7.7896983 ], [ 4.5821008, 7.7897501 ], [ 4.5819801, 7.7898139 ], [ 4.5819077, 7.7898272 ], [ 4.5818406, 7.7898591 ], [ 4.5817736, 7.7898697 ], [ 4.581673, 7.789895 ], [ 4.5815966, 7.7899083 ], [ 4.5814276, 7.7899242 ], [ 4.581335, 7.7899242 ], [ 4.5811661, 7.789899 ], [ 4.5810521, 7.7898883 ], [ 4.5809488, 7.7898671 ], [ 4.5808777, 7.7898432 ], [ 4.5807905, 7.7898166 ], [ 4.5807007, 7.789782 ], [ 4.5806216, 7.7897422 ], [ 4.5805626, 7.7897023 ], [ 4.5805196, 7.7896757 ], [ 4.5804043, 7.7896359 ], [ 4.5802434, 7.7896292 ], [ 4.5801629, 7.7896226 ], [ 4.580116, 7.7896146 ], [ 4.5800087, 7.7896146 ], [ 4.5799524, 7.7896133 ], [ 4.5798732, 7.7896133 ], [ 4.5798075, 7.7896053 ] ] } },
{ "type": "Feature", "properties": { "name": null, "waterway": "stream" }, "geometry": { "type": "LineString", "coordinates": [ [ 4.5801964, 7.7913473 ], [ 4.5802461, 7.791233 ] ] } },
{ "type": "Feature", "properties": { "name": null, "waterway": "stream" }, "geometry": { "type": "LineString", "coordinates": [ [ 4.5909145, 7.8074092 ], [ 4.5908971, 7.8073322 ], [ 4.5908676, 7.8072684 ], [ 4.5908032, 7.807194 ], [ 4.5907697, 7.8071561 ], [ 4.5907677, 7.807105 ], [ 4.5907603, 7.8070452 ], [ 4.5907375, 7.8069907 ], [ 4.5907214, 7.8069063 ], [ 4.5907375, 7.8067575 ], [ 4.5907402, 7.8066619 ], [ 4.5907375, 7.8065875 ], [ 4.5906832, 7.8065841 ], [ 4.5906537, 7.8065529 ], [ 4.5906396, 7.8064905 ], [ 4.5906195, 7.8064327 ], [ 4.5906208, 7.8064167 ], [ 4.5906081, 7.8063649 ], [ 4.5905967, 7.806325 ], [ 4.5905887, 7.8063064 ], [ 4.5905524, 7.8062759 ], [ 4.5905303, 7.80624 ], [ 4.5905001, 7.8061842 ], [ 4.5904391, 7.8061304 ], [ 4.5903942, 7.8060739 ], [ 4.5903406, 7.8059949 ], [ 4.5903211, 7.8059796 ], [ 4.5902722, 7.8059165 ], [ 4.5902299, 7.805852 ], [ 4.5901964, 7.8057916 ], [ 4.5901722, 7.8057517 ], [ 4.5901407, 7.8057291 ], [ 4.5900576, 7.8055777 ], [ 4.5900267, 7.8054687 ], [ 4.590016, 7.805381 ], [ 4.5899691, 7.8052256 ], [ 4.5899469, 7.8051611 ], [ 4.5899141, 7.805096 ], [ 4.5898651, 7.8050196 ], [ 4.5898202, 7.8049346 ], [ 4.5897827, 7.8048097 ], [ 4.5897022, 7.8046582 ], [ 4.5896593, 7.8045652 ], [ 4.58956, 7.8045041 ], [ 4.5894903, 7.8043898 ], [ 4.589375, 7.8042862 ], [ 4.5893294, 7.8042198 ], [ 4.5892328, 7.8041586 ], [ 4.5891825, 7.8041181 ], [ 4.5891322, 7.8040497 ], [ 4.5890209, 7.8039142 ], [ 4.5889471, 7.803865 ], [ 4.5888948, 7.8038132 ], [ 4.5888332, 7.8038039 ], [ 4.5887473, 7.8037906 ], [ 4.588632, 7.8037135 ], [ 4.5885649, 7.8036657 ], [ 4.5884845, 7.80359 ], [ 4.5883906, 7.8035076 ], [ 4.5882806, 7.8033853 ], [ 4.5882431, 7.803303 ], [ 4.5881874, 7.8032226 ], [ 4.5881566, 7.8031694 ], [ 4.5880969, 7.8031316 ], [ 4.5880164, 7.8030518 ], [ 4.5879909, 7.8030133 ], [ 4.5879681, 7.8029907 ], [ 4.5879333, 7.8029681 ], [ 4.587885, 7.8029163 ], [ 4.5878676, 7.8028911 ], [ 4.5878179, 7.8028485 ], [ 4.5877482, 7.8027941 ], [ 4.5876503, 7.8027011 ], [ 4.5875631, 7.8026732 ], [ 4.5875041, 7.8026652 ], [ 4.587421, 7.8026346 ], [ 4.5872962, 7.8025974 ], [ 4.5871206, 7.8025682 ], [ 4.5870455, 7.8025828 ], [ 4.5869717, 7.802535 ], [ 4.5868658, 7.8024778 ], [ 4.5867692, 7.802426 ], [ 4.586627, 7.8023583 ], [ 4.5865707, 7.8023118 ], [ 4.5864594, 7.8022493 ], [ 4.5863615, 7.8021962 ], [ 4.5862757, 7.8021643 ], [ 4.5861898, 7.8021244 ], [ 4.5860557, 7.8020832 ], [ 4.5859431, 7.8020832 ], [ 4.5858586, 7.8020978 ], [ 4.5858023, 7.8021138 ], [ 4.5857111, 7.8021191 ], [ 4.5856065, 7.8021085 ], [ 4.5855099, 7.8020806 ], [ 4.5853999, 7.8020434 ], [ 4.5853195, 7.8020008 ], [ 4.5852578, 7.801949 ], [ 4.5851518, 7.8018308 ], [ 4.5850714, 7.8017231 ], [ 4.5850579, 7.8016727 ], [ 4.585011, 7.8016129 ], [ 4.5849721, 7.8015345 ], [ 4.584948, 7.801476 ], [ 4.5848863, 7.8014162 ], [ 4.5848246, 7.8013857 ], [ 4.5846958, 7.8012966 ], [ 4.584673, 7.8012448 ], [ 4.5845912, 7.8012089 ], [ 4.5844692, 7.8011531 ], [ 4.584378, 7.8011266 ], [ 4.58426, 7.801084 ], [ 4.5841674, 7.8010203 ], [ 4.5841178, 7.8009804 ], [ 4.5840776, 7.8009445 ], [ 4.5840012, 7.8008409 ], [ 4.5839448, 7.8007532 ], [ 4.5839006, 7.8006921 ], [ 4.5838858, 7.8006376 ], [ 4.5838644, 7.8005845 ], [ 4.5838603, 7.8005419 ], [ 4.5838362, 7.8005087 ], [ 4.5837893, 7.8004635 ], [ 4.583737, 7.8004011 ], [ 4.5836833, 7.8003559 ], [ 4.5835854, 7.8002935 ], [ 4.5835184, 7.800227 ], [ 4.58345, 7.8001898 ], [ 4.5833655, 7.800154 ], [ 4.5832582, 7.8001008 ], [ 4.5832059, 7.8000397 ], [ 4.5831844, 7.7999786 ], [ 4.5831536, 7.7999082 ], [ 4.5831227, 7.7998616 ], [ 4.5830758, 7.7997168 ], [ 4.5830543, 7.7996105 ], [ 4.583049, 7.799564 ], [ 4.5829926, 7.7994444 ], [ 4.5829551, 7.7993926 ], [ 4.5828773, 7.7993408 ], [ 4.5827553, 7.7993076 ], [ 4.5826292, 7.7992398 ], [ 4.5825608, 7.7991667 ], [ 4.5825045, 7.7990498 ], [ 4.5824589, 7.7989847 ], [ 4.5823824, 7.7989143 ], [ 4.5823529, 7.7988319 ], [ 4.5823047, 7.7987309 ], [ 4.5822161, 7.7985702 ], [ 4.5821719, 7.7985024 ], [ 4.5820968, 7.7983987 ], [ 4.582015, 7.798327 ], [ 4.5819814, 7.7982805 ], [ 4.5819533, 7.7982313 ], [ 4.5818876, 7.7980759 ], [ 4.5818809, 7.7979908 ], [ 4.5818554, 7.7979071 ], [ 4.5818272, 7.7978168 ], [ 4.5818125, 7.7977331 ], [ 4.5818044, 7.7976321 ], [ 4.5818044, 7.7975218 ], [ 4.5817763, 7.7974434 ], [ 4.5817226, 7.7973451 ], [ 4.5816341, 7.7972388 ], [ 4.5815898, 7.797171 ], [ 4.581551, 7.7970568 ], [ 4.5815469, 7.7969691 ], [ 4.5815644, 7.796892 ], [ 4.5815791, 7.7968202 ], [ 4.5815791, 7.7967538 ], [ 4.5815577, 7.7966914 ], [ 4.5815308, 7.7966116 ], [ 4.5814919, 7.7965014 ], [ 4.5814598, 7.7964097 ], [ 4.5813552, 7.7962529 ], [ 4.5812988, 7.7961426 ], [ 4.5812412, 7.7960549 ], [ 4.5811848, 7.7959739 ], [ 4.5811352, 7.7958596 ], [ 4.5811178, 7.7957467 ], [ 4.581099, 7.7956457 ], [ 4.5810749, 7.7955527 ], [ 4.5810588, 7.7954304 ], [ 4.580981, 7.7953002 ], [ 4.5809166, 7.7951673 ], [ 4.580863, 7.7950717 ], [ 4.5807946, 7.7949614 ], [ 4.5807651, 7.7948843 ], [ 4.5807597, 7.7947488 ], [ 4.5807517, 7.794685 ], [ 4.5807248, 7.7945986 ], [ 4.5807262, 7.7945189 ], [ 4.5807637, 7.7944286 ], [ 4.5807946, 7.7943356 ], [ 4.5807905, 7.794301 ], [ 4.5807704, 7.7941974 ], [ 4.5807597, 7.7940937 ], [ 4.5807329, 7.7940047 ], [ 4.5807289, 7.7939223 ], [ 4.5807503, 7.7938213 ], [ 4.5807436, 7.793735 ], [ 4.5807731, 7.7936088 ], [ 4.5808107, 7.7935038 ], [ 4.5808522, 7.7934134 ], [ 4.5809193, 7.7932779 ], [ 4.5809434, 7.7931915 ], [ 4.5809099, 7.793072 ], [ 4.5808871, 7.7929537 ], [ 4.5808697, 7.7928222 ], [ 4.5808241, 7.7926826 ], [ 4.5807973, 7.7925684 ], [ 4.5807423, 7.7924554 ], [ 4.5806551, 7.7923651 ], [ 4.5805719, 7.7922947 ], [ 4.5805009, 7.7922083 ], [ 4.5804284, 7.7921365 ], [ 4.5803627, 7.792086 ], [ 4.5803037, 7.7920169 ], [ 4.5802554, 7.7919598 ], [ 4.5802326, 7.7918801 ], [ 4.5801991, 7.7917565 ], [ 4.5801964, 7.7916781 ], [ 4.5801844, 7.7915971 ], [ 4.5801763, 7.7915067 ], [ 4.580171, 7.7914164 ], [ 4.5801964, 7.7913473 ] ] } },
{ "type": "Feature", "properties": { "name": "Oshun River", "waterway": "river" }, "geometry": { "type": "LineString", "coordinates": [ [ 4.5138386, 7.8464092 ], [ 4.5134633, 7.8443966 ], [ 4.5136685, 7.8421686 ] ] } },
{ "type": "Feature", "properties": { "name": "Oshun River", "waterway": "river" }, "geometry": { "type": "LineString", "coordinates": [ [ 4.5210129, 7.8485524 ], [ 4.520602, 7.8476941 ], [ 4.5184883, 7.8474977 ], [ 4.5171903, 7.8481945 ], [ 4.5163738, 7.8496299 ], [ 4.5158841, 7.8498437 ], [ 4.5153129, 7.8491339 ], [ 4.5138386, 7.8464092 ] ] } },
{ "type": "Feature", "properties": { "name": "Oshun River", "waterway": "river" }, "geometry": { "type": "LineString", "coordinates": [ [ 4.5275734, 7.8550458 ], [ 4.5268223, 7.8547322 ], [ 4.5210054, 7.8528426 ], [ 4.5188256, 7.8523253 ], [ 4.5185843, 7.8520146 ], [ 4.518549, 7.8517897 ], [ 4.5191228, 7.8500968 ], [ 4.5196635, 7.8494442 ], [ 4.5210129, 7.8485524 ] ] } },
{ "type": "Feature", "properties": { "name": "Oshun River", "waterway": "river" }, "geometry": { "type": "LineString", "coordinates": [ [ 4.551452208939458, 7.97316484432631 ], [ 4.5528217, 7.9713636 ], [ 4.5540241, 7.9555447 ], [ 4.5517329, 7.9375041 ], [ 4.5497853, 7.9266113 ], [ 4.550129, 7.9128814 ], [ 4.5386727, 7.9008532 ], [ 4.5362669, 7.8984702 ], [ 4.5370084, 7.8919002 ], [ 4.5351382, 7.874283 ], [ 4.5348056, 7.8630799 ] ] } },
{ "type": "Feature", "properties": { "name": "Osun River", "waterway": "river" }, "geometry": { "type": "LineString", "coordinates": [ [ 4.5417622, 7.9490761 ], [ 4.541001, 7.9486501 ], [ 4.5409613, 7.9486279 ], [ 4.5407002, 7.9478175 ], [ 4.5402476, 7.9474554 ], [ 4.5400909, 7.9470416 ], [ 4.5401779, 7.9465933 ], [ 4.5400212, 7.9463174 ] ] } },
{ "type": "Feature", "properties": { "name": "Osun River", "waterway": "river" }, "geometry": { "type": "LineString", "coordinates": [ [ 4.541001, 7.9486501 ], [ 4.5408996, 7.9489135 ], [ 4.5408828, 7.9490259 ], [ 4.5408029, 7.94908 ], [ 4.5408113, 7.9491383 ], [ 4.5407398, 7.9492132 ] ] } },
{ "type": "Feature", "properties": { "name": null, "waterway": "stream" }, "geometry": { "type": "LineString", "coordinates": [ [ 4.638724, 7.9302524 ], [ 4.6387284, 7.9304487 ], [ 4.638561, 7.9308349 ], [ 4.6384618, 7.9309614 ], [ 4.6385323, 7.9311468 ], [ 4.6384618, 7.9315155 ], [ 4.6384707, 7.9317445 ], [ 4.6381447, 7.9317882 ], [ 4.6380301, 7.9319191 ] ] } },
{ "type": "Feature", "properties": { "name": null, "waterway": "stream" }, "geometry": { "type": "LineString", "coordinates": [ [ 4.6380255, 7.9319406 ], [ 4.6379774, 7.9320481 ], [ 4.6379157, 7.93202 ], [ 4.6378602, 7.9318281 ], [ 4.6377232, 7.9318061 ], [ 4.6376195, 7.9318782 ], [ 4.637659, 7.9321704 ], [ 4.6375529, 7.9323012 ] ] } },
{ "type": "Feature", "properties": { "name": null, "waterway": "stream" }, "geometry": { "type": "LineString", "coordinates": [ [ 4.6375529, 7.9323012 ], [ 4.6374628, 7.9323818 ], [ 4.6373887, 7.9322682 ], [ 4.6372468, 7.9321239 ], [ 4.6371444, 7.932174 ], [ 4.6371246, 7.9322841 ], [ 4.6371666, 7.9323708 ], [ 4.6369975, 7.9324075 ], [ 4.636863, 7.9323708 ] ] } },
{ "type": "Feature", "properties": { "name": null, "waterway": "stream" }, "geometry": { "type": "LineString", "coordinates": [ [ 4.636863, 7.9323708 ], [ 4.6365277, 7.9325966 ], [ 4.636144, 7.9324541 ], [ 4.6358321, 7.932561 ], [ 4.6354094, 7.9327154 ], [ 4.6352504, 7.9327807 ] ] } },
{ "type": "Feature", "properties": { "name": null, "waterway": "stream" }, "geometry": { "type": "LineString", "coordinates": [ [ 4.6352504, 7.9327807 ], [ 4.6353134, 7.9329233 ], [ 4.6357602, 7.9331905 ], [ 4.6362399, 7.9331905 ], [ 4.6366897, 7.9333865 ], [ 4.6365038, 7.9337637 ], [ 4.6367976, 7.9340695 ], [ 4.6369265, 7.934224 ] ] } },
{ "type": "Feature", "properties": { "name": null, "waterway": "stream" }, "geometry": { "type": "LineString", "coordinates": [ [ 4.6369265, 7.934224 ], [ 4.6365667, 7.9344022 ], [ 4.6362429, 7.9348357 ], [ 4.6356972, 7.9351208 ], [ 4.6354393, 7.9349604 ] ] } },
{ "type": "Feature", "properties": { "name": null, "waterway": "stream" }, "geometry": { "type": "LineString", "coordinates": [ [ 4.6353974, 7.9349515 ], [ 4.6349416, 7.9348832 ], [ 4.6347257, 7.9353346 ], [ 4.6344499, 7.935293 ], [ 4.6343179, 7.9348446 ], [ 4.6340901, 7.9347348 ], [ 4.6334814, 7.9346575 ] ] } },
{ "type": "Feature", "properties": { "name": null, "waterway": "stream" }, "geometry": { "type": "LineString", "coordinates": [ [ 4.6334814, 7.9346575 ], [ 4.6330316, 7.9347318 ], [ 4.6329027, 7.9348892 ], [ 4.6330496, 7.9352277 ], [ 4.6328188, 7.9353406 ], [ 4.6326359, 7.935293 ], [ 4.6325399, 7.9354712 ], [ 4.6322041, 7.935391 ], [ 4.6320542, 7.9354683 ], [ 4.6321142, 7.9358098 ], [ 4.6321697, 7.9361491 ] ] } },
{ "type": "Feature", "properties": { "name": null, "waterway": "stream" }, "geometry": { "type": "LineString", "coordinates": [ [ 4.6321697, 7.9361491 ], [ 4.6319022, 7.9363713 ], [ 4.6317685, 7.9364738 ], [ 4.6314837, 7.9364055 ], [ 4.6314492, 7.9365807 ], [ 4.6317124, 7.9366875 ], [ 4.631432, 7.9368498 ], [ 4.6315096, 7.9372771 ], [ 4.631199, 7.9373669 ], [ 4.6311084, 7.9375207 ], [ 4.6308927, 7.9375549 ], [ 4.6308237, 7.9376232 ], [ 4.6308151, 7.9377642 ], [ 4.6305131, 7.9377258 ], [ 4.6304484, 7.9378582 ], [ 4.6300169, 7.9379779 ], [ 4.6301377, 7.9380975 ], [ 4.630224, 7.9382599 ], [ 4.6300817, 7.9383923 ], [ 4.6301852, 7.9385846 ] ] } },
{ "type": "Feature", "properties": { "name": null, "waterway": "river" }, "geometry": { "type": "LineString", "coordinates": [ [ 4.629551, 7.9389905 ], [ 4.6291067, 7.9387384 ], [ 4.6288349, 7.9384393 ], [ 4.6289039, 7.9378625 ], [ 4.6284897, 7.9377899 ], [ 4.6280885, 7.9379437 ] ] } },
{ "type": "Feature", "properties": { "name": null, "waterway": "river" }, "geometry": { "type": "LineString", "coordinates": [ [ 4.6280885, 7.9379437 ], [ 4.627614, 7.9382171 ], [ 4.6270229, 7.9385077 ], [ 4.626488, 7.9390802 ] ] } },
{ "type": "Feature", "properties": { "name": null, "waterway": "stream" }, "geometry": { "type": "LineString", "coordinates": [ [ 4.6301334, 7.9387085 ], [ 4.6301938, 7.938841 ] ] } },
{ "type": "Feature", "properties": { "name": null, "waterway": "stream" }, "geometry": { "type": "LineString", "coordinates": [ [ 4.6301852, 7.9385846 ], [ 4.6301334, 7.9387085 ], [ 4.6298444, 7.9386487 ], [ 4.6296548, 7.9389884 ] ] } },
{ "type": "Feature", "properties": { "name": null, "waterway": "river" }, "geometry": { "type": "LineString", "coordinates": [ [ 4.6317383, 7.9403364 ], [ 4.6314622, 7.9403578 ], [ 4.6311041, 7.9401142 ], [ 4.6311688, 7.9393067 ], [ 4.6310135, 7.9392811 ], [ 4.6307029, 7.9395075 ], [ 4.6305174, 7.939546 ], [ 4.6303923, 7.9394221 ], [ 4.6304182, 7.9390503 ], [ 4.6304225, 7.9387598 ], [ 4.6301938, 7.938841 ], [ 4.6299695, 7.938982 ], [ 4.6296548, 7.9389884 ], [ 4.629551, 7.9389905 ] ] } },
{ "type": "Feature", "properties": { "name": null, "waterway": "river" }, "geometry": { "type": "LineString", "coordinates": [ [ 4.626488, 7.9390802 ], [ 4.6259746, 7.9395588 ], [ 4.6258107, 7.9395673 ], [ 4.6253534, 7.9393152 ], [ 4.6251592, 7.9398152 ], [ 4.6249177, 7.9404176 ], [ 4.6244819, 7.9405031 ], [ 4.6239729, 7.9403322 ] ] } },
{ "type": "Feature", "properties": { "name": null, "waterway": "river" }, "geometry": { "type": "LineString", "coordinates": [ [ 4.6335804, 7.9420455 ], [ 4.6335027, 7.9416268 ], [ 4.6335071, 7.9407936 ], [ 4.6335502, 7.9403621 ], [ 4.6332051, 7.9401399 ], [ 4.6325234, 7.9402424 ], [ 4.6322258, 7.9401527 ], [ 4.6319152, 7.9401057 ], [ 4.6317383, 7.9403364 ] ] } },
{ "type": "Feature", "properties": { "name": null, "waterway": "river" }, "geometry": { "type": "LineString", "coordinates": [ [ 4.6353664, 7.9429941 ], [ 4.6353621, 7.9434171 ], [ 4.6352586, 7.9434 ], [ 4.6351335, 7.9430795 ], [ 4.6347495, 7.9431693 ], [ 4.6344475, 7.943024 ], [ 4.6341801, 7.9427633 ], [ 4.6344346, 7.942366 ], [ 4.6343224, 7.9420327 ], [ 4.6339083, 7.9420199 ], [ 4.6335804, 7.9420455 ] ] } },
{ "type": "Feature", "properties": { "name": null, "waterway": "river" }, "geometry": { "type": "LineString", "coordinates": [ [ 4.9409788, 7.9438248 ], [ 4.9409077, 7.9440127 ], [ 4.9411211, 7.944275 ], [ 4.9414215, 7.9444903 ], [ 4.9415757, 7.9447918 ], [ 4.9418879, 7.9451911 ], [ 4.9420816, 7.9458918 ], [ 4.9424927, 7.9465887 ], [ 4.942465, 7.9470663 ], [ 4.9429236, 7.9474695 ], [ 4.9431291, 7.9477357 ], [ 4.9431054, 7.9481115 ], [ 4.9427773, 7.9483072 ], [ 4.9424611, 7.9482681 ], [ 4.9422674, 7.9485343 ], [ 4.9419472, 7.949008 ], [ 4.9417773, 7.9496304 ], [ 4.9411962, 7.9503233 ], [ 4.9410065, 7.9505621 ], [ 4.9410579, 7.9509458 ], [ 4.9413741, 7.9510123 ], [ 4.9416864, 7.950891 ], [ 4.9417931, 7.9510593 ], [ 4.9417061, 7.9514977 ], [ 4.9420144, 7.9518931 ], [ 4.9420105, 7.9520771 ], [ 4.9420935, 7.9523825 ], [ 4.9422002, 7.952586 ], [ 4.9423781, 7.9531615 ], [ 4.9425678, 7.9540736 ], [ 4.9430342, 7.9549192 ], [ 4.9435916, 7.9554125 ], [ 4.9438445, 7.9558039 ], [ 4.9439157, 7.9571819 ], [ 4.9446588, 7.9589043 ], [ 4.9446983, 7.9597264 ], [ 4.9445086, 7.9607834 ], [ 4.94473, 7.9611435 ], [ 4.9446983, 7.9614175 ], [ 4.9449118, 7.9617933 ], [ 4.9450936, 7.9622005 ], [ 4.9446904, 7.9626859 ], [ 4.9449197, 7.9630852 ], [ 4.9451885, 7.9632887 ], [ 4.945647, 7.9637507 ], [ 4.9459632, 7.9635628 ], [ 4.9460027, 7.9638994 ], [ 4.9458209, 7.9648233 ], [ 4.9459711, 7.9653008 ], [ 4.9457972, 7.9659115 ], [ 4.9458683, 7.9660955 ], [ 4.9461292, 7.9660485 ], [ 4.9460857, 7.9663069 ], [ 4.9458881, 7.966393 ], [ 4.9456944, 7.9666475 ], [ 4.9452242, 7.9668139 ], [ 4.9453751, 7.9673232 ], [ 4.945772, 7.9677827 ], [ 4.9459229, 7.9682533 ], [ 4.9456266, 7.9686242 ], [ 4.944995, 7.9690172 ], [ 4.9448999, 7.9693605 ], [ 4.9450537, 7.9695736 ], [ 4.9443074, 7.9700774 ], [ 4.9443465, 7.9709034 ], [ 4.9442571, 7.9713463 ], [ 4.9446596, 7.9715843 ], [ 4.9445981, 7.9719718 ], [ 4.944436, 7.9720659 ], [ 4.944654, 7.9724202 ], [ 4.9450509, 7.9729185 ], [ 4.9466552, 7.9731455 ], [ 4.947421, 7.9728963 ], [ 4.9479689, 7.9730181 ], [ 4.9479353, 7.9734278 ], [ 4.9485334, 7.9733558 ], [ 4.9489918, 7.9735828 ], [ 4.9498471, 7.9736658 ], [ 4.9506353, 7.9734721 ], [ 4.9514626, 7.9739814 ], [ 4.9523402, 7.9743578 ], [ 4.9535309, 7.9752048 ], [ 4.9542632, 7.9754429 ], [ 4.9550961, 7.9755425 ], [ 4.9556216, 7.9758415 ], [ 4.9564014, 7.9756629 ], [ 4.9571756, 7.9753598 ], [ 4.9576619, 7.9752713 ], [ 4.9587967, 7.9748893 ], [ 4.959311, 7.9745128 ], [ 4.9604346, 7.9745018 ], [ 4.9609936, 7.9750221 ], [ 4.961642, 7.9754429 ], [ 4.962447, 7.975155 ] ] } },
{ "type": "Feature", "properties": { "name": null, "waterway": "stream" }, "geometry": { "type": "LineString", "coordinates": [ [ 4.6691432, 7.9724916 ], [ 4.669626, 7.9721516 ], [ 4.6693256, 7.9719285 ], [ 4.6690789, 7.9715141 ], [ 4.6689501, 7.9710997 ], [ 4.6685961, 7.9708022 ], [ 4.6683064, 7.9705259 ], [ 4.6683386, 7.9701647 ], [ 4.6682742, 7.9699522 ], [ 4.6679953, 7.9696866 ], [ 4.6678021, 7.9697397 ], [ 4.6676197, 7.9699097 ], [ 4.6674374, 7.9697291 ], [ 4.6672442, 7.9695591 ], [ 4.6670833, 7.9692934 ], [ 4.6669975, 7.9688259 ], [ 4.66674, 7.9683053 ], [ 4.6663001, 7.9679971 ], [ 4.6659568, 7.9677315 ], [ 4.6655062, 7.9676146 ], [ 4.6652701, 7.9674553 ], [ 4.6652916, 7.9670727 ], [ 4.6650663, 7.9666902 ], [ 4.6649375, 7.9663502 ], [ 4.6647766, 7.9661696 ], [ 4.6647551, 7.9658933 ], [ 4.6643796, 7.9658083 ], [ 4.6641221, 7.9656171 ], [ 4.6641651, 7.9654577 ], [ 4.6639827, 7.9652239 ], [ 4.6636501, 7.9650858 ], [ 4.6637252, 7.9647458 ], [ 4.6636393, 7.9644802 ], [ 4.663457, 7.9643102 ], [ 4.6631995, 7.9639701 ], [ 4.66306, 7.9635239 ], [ 4.6629527, 7.9631626 ], [ 4.6627167, 7.9632901 ], [ 4.662545, 7.9636089 ], [ 4.6624163, 7.9636089 ], [ 4.662309, 7.9634708 ], [ 4.6622768, 7.963237 ], [ 4.6621051, 7.9630776 ], [ 4.6618691, 7.9633433 ], [ 4.6615365, 7.9637151 ], [ 4.6609679, 7.9640233 ], [ 4.6606353, 7.964087 ], [ 4.6604066, 7.9640574 ], [ 4.6601096, 7.9640445 ], [ 4.6597233, 7.9640552 ], [ 4.6594229, 7.9638108 ], [ 4.6590152, 7.9632582 ], [ 4.6587363, 7.9631414 ], [ 4.6584251, 7.963067 ], [ 4.6580282, 7.9629395 ], [ 4.6576956, 7.962642 ], [ 4.6572879, 7.9624082 ], [ 4.6567943, 7.9622807 ], [ 4.6566978, 7.9621532 ], [ 4.6563652, 7.962217 ], [ 4.6561184, 7.9622276 ], [ 4.6558931, 7.9620788 ], [ 4.6556464, 7.961962 ], [ 4.655346, 7.9616963 ], [ 4.655303, 7.9611969 ], [ 4.6554747, 7.960995 ], [ 4.6554425, 7.960825 ], [ 4.6552494, 7.9606019 ], [ 4.655067, 7.9605381 ], [ 4.6548632, 7.9604744 ], [ 4.6548202, 7.9603044 ], [ 4.6548739, 7.9600387 ], [ 4.6550455, 7.9595393 ] ] } },
{ "type": "Feature", "properties": { "name": null, "waterway": "stream" }, "geometry": { "type": "LineString", "coordinates": [ [ 4.7001137, 7.9625532 ], [ 4.6999641, 7.9624545 ], [ 4.6997189, 7.9626464 ], [ 4.699545, 7.9628344 ], [ 4.6993591, 7.963042 ], [ 4.6988371, 7.9632495 ], [ 4.6985445, 7.9633122 ], [ 4.698331, 7.963132 ], [ 4.6981412, 7.9631359 ], [ 4.6981333, 7.9634297 ], [ 4.698074, 7.9634845 ], [ 4.6979474, 7.9634414 ], [ 4.6979672, 7.9635824 ], [ 4.6979909, 7.9638174 ], [ 4.6978406, 7.9641581 ], [ 4.6975362, 7.9642755 ], [ 4.6972159, 7.9645223 ], [ 4.69686, 7.9647846 ], [ 4.6963817, 7.9647493 ], [ 4.6960169, 7.9645156 ], [ 4.6954912, 7.9641968 ], [ 4.6949118, 7.9641862 ], [ 4.6945578, 7.9640799 ], [ 4.6942037, 7.9639949 ], [ 4.6936136, 7.9646006 ], [ 4.6932918, 7.9650681 ], [ 4.6931201, 7.9655144 ], [ 4.6932059, 7.9659925 ], [ 4.6935278, 7.9663963 ], [ 4.6935922, 7.9665769 ], [ 4.6934849, 7.9668531 ], [ 4.6931737, 7.9668957 ], [ 4.6930986, 7.9672038 ], [ 4.6929055, 7.9673632 ], [ 4.6924334, 7.9677775 ], [ 4.6918863, 7.9678307 ], [ 4.6911782, 7.96782 ], [ 4.6906417, 7.9680007 ], [ 4.6906095, 7.9683088 ], [ 4.6902126, 7.9687126 ], [ 4.6898263, 7.9689463 ], [ 4.6895152, 7.9691376 ], [ 4.6893865, 7.9693501 ], [ 4.6891719, 7.9693926 ], [ 4.6885496, 7.9694351 ], [ 4.6883779, 7.9695626 ], [ 4.6879917, 7.9695095 ], [ 4.6879488, 7.969297 ], [ 4.687466, 7.969382 ], [ 4.6868008, 7.9697645 ], [ 4.6862751, 7.9698707 ], [ 4.6857172, 7.9702001 ], [ 4.685449, 7.970317 ], [ 4.6847194, 7.9701257 ], [ 4.6845692, 7.9702532 ], [ 4.6842259, 7.970572 ], [ 4.6836465, 7.9704551 ], [ 4.6834105, 7.9704657 ], [ 4.6829492, 7.9702001 ], [ 4.6826917, 7.9696051 ], [ 4.682166, 7.9692863 ], [ 4.681651, 7.9695838 ], [ 4.6815651, 7.970147 ], [ 4.681136, 7.9706039 ], [ 4.6807819, 7.9708482 ], [ 4.680503, 7.9710289 ], [ 4.6801811, 7.9714964 ], [ 4.6797734, 7.9717939 ], [ 4.6796554, 7.9717089 ], [ 4.6796769, 7.9715601 ], [ 4.6796018, 7.9714751 ], [ 4.679237, 7.9717408 ], [ 4.6792692, 7.9719851 ], [ 4.6790331, 7.9725058 ] ] } },
{ "type": "Feature", "properties": { "name": null, "waterway": "stream" }, "geometry": { "type": "LineString", "coordinates": [ [ 4.6790331, 7.9725058 ], [ 4.678567, 7.9727292 ], [ 4.6782237, 7.9728567 ], [ 4.6780842, 7.9732074 ], [ 4.6780198, 7.9735793 ], [ 4.6777623, 7.9735474 ], [ 4.6775048, 7.9733668 ], [ 4.6771722, 7.9733561 ], [ 4.677022, 7.9735261 ], [ 4.677022, 7.9737599 ], [ 4.6770435, 7.9741424 ], [ 4.676786, 7.9743018 ], [ 4.6765071, 7.9745036 ], [ 4.6762496, 7.9747586 ], [ 4.6761637, 7.974918 ], [ 4.6759813, 7.9751943 ], [ 4.6757238, 7.975428 ], [ 4.6754234, 7.9753536 ], [ 4.675123, 7.9754174 ], [ 4.6748334, 7.9754599 ], [ 4.67449, 7.9754174 ], [ 4.6743827, 7.9752155 ], [ 4.6739429, 7.975003 ], [ 4.6736639, 7.9748224 ], [ 4.6736317, 7.9746205 ], [ 4.6734708, 7.9743761 ], [ 4.6729343, 7.9741636 ], [ 4.6726769, 7.9740893 ], [ 4.6722262, 7.973898 ], [ 4.6717434, 7.9737386 ], [ 4.671486, 7.9737918 ], [ 4.6715503, 7.9740043 ], [ 4.6715289, 7.9741955 ], [ 4.6714752, 7.9744505 ], [ 4.6713358, 7.9744399 ], [ 4.6712714, 7.9742699 ], [ 4.6712177, 7.974153 ], [ 4.6710783, 7.9741211 ], [ 4.6709281, 7.974153 ], [ 4.6707993, 7.9740574 ], [ 4.6707671, 7.9738874 ], [ 4.670692, 7.9736536 ], [ 4.6700912, 7.9732393 ], [ 4.6694797, 7.9731118 ], [ 4.6692544, 7.9728142 ], [ 4.6691432, 7.9724916 ] ] } },
{ "type": "Feature", "properties": { "name": null, "waterway": "river" }, "geometry": { "type": "LineString", "coordinates": [ [ 4.6825388, 7.9986827 ], [ 4.6824691, 7.997923 ], [ 4.6825549, 7.9974237 ], [ 4.682689, 7.997158 ], [ 4.682732, 7.9969881 ], [ 4.6826032, 7.9967278 ], [ 4.6818737, 7.9963293 ], [ 4.6815089, 7.995729 ], [ 4.68101, 7.9945444 ], [ 4.6809134, 7.9938379 ], [ 4.6810744, 7.9935882 ], [ 4.6814177, 7.993482 ], [ 4.6820131, 7.9935829 ], [ 4.6822545, 7.9933013 ], [ 4.6824047, 7.9929188 ], [ 4.6824423, 7.9925735 ], [ 4.6821043, 7.9921645 ], [ 4.6815786, 7.991952 ], [ 4.6802992, 7.9908603 ], [ 4.6798754, 7.9914712 ], [ 4.6794087, 7.9916519 ], [ 4.6792049, 7.9912906 ], [ 4.6789796, 7.9911791 ], [ 4.6785987, 7.9910834 ], [ 4.6782554, 7.9910888 ], [ 4.6779603, 7.9908125 ], [ 4.677971, 7.9904938 ], [ 4.6781159, 7.9902494 ], [ 4.6780783, 7.9900369 ], [ 4.6776975, 7.9899625 ], [ 4.6770966, 7.9898775 ], [ 4.6771664, 7.9894897 ], [ 4.6773327, 7.9892454 ], [ 4.677102, 7.9889319 ], [ 4.6768874, 7.9887354 ], [ 4.6769089, 7.9882945 ], [ 4.6771771, 7.9880501 ], [ 4.6775473, 7.9878695 ], [ 4.6777136, 7.9877367 ], [ 4.6776975, 7.9875029 ], [ 4.6776545, 7.9874604 ], [ 4.6772468, 7.9875082 ], [ 4.6772898, 7.9873914 ], [ 4.6775151, 7.986637 ], [ 4.6774239, 7.986127 ], [ 4.6772737, 7.9860154 ], [ 4.6769035, 7.9859517 ], [ 4.6769357, 7.9861536 ], [ 4.6769786, 7.9864511 ], [ 4.6766997, 7.9865308 ], [ 4.6765924, 7.9863767 ], [ 4.676469, 7.9864617 ], [ 4.6763242, 7.9865892 ], [ 4.6761686, 7.9864511 ], [ 4.6763242, 7.9861589 ], [ 4.6762866, 7.9857658 ], [ 4.6762544, 7.9854098 ], [ 4.6760291, 7.9851177 ], [ 4.6759057, 7.9848733 ], [ 4.6762008, 7.9847352 ], [ 4.6763188, 7.9845067 ], [ 4.6760345, 7.9843208 ] ] } },
{ "type": "Feature", "properties": { "name": null, "waterway": "stream" }, "geometry": { "type": "LineString", "coordinates": [ [ 4.900674, 8.0080893 ], [ 4.9008016, 8.0081138 ] ] } },
{ "type": "Feature", "properties": { "name": null, "waterway": "stream" }, "geometry": { "type": "LineString", "coordinates": [ [ 4.8970707, 8.0087297 ], [ 4.8973894, 8.0084653 ], [ 4.8978673, 8.0083519 ], [ 4.8985688, 8.0083214 ], [ 4.8993179, 8.0083159 ], [ 4.9001145, 8.0082107 ], [ 4.9004359, 8.0081415 ], [ 4.900674, 8.0080893 ] ] } },
{ "type": "Feature", "properties": { "name": null, "waterway": "stream" }, "geometry": { "type": "LineString", "coordinates": [ [ 4.8969953, 8.0088224 ], [ 4.8970707, 8.0087297 ] ] } },
{ "type": "Feature", "properties": { "name": null, "waterway": "stream" }, "geometry": { "type": "LineString", "coordinates": [ [ 4.9008016, 8.0081138 ], [ 4.9010704, 8.0080585 ], [ 4.9020095, 8.007707 ], [ 4.9027474, 8.0074247 ], [ 4.9033198, 8.0071712 ], [ 4.9036725, 8.007015 ], [ 4.9041477, 8.0068296 ], [ 4.9048883, 8.0064227 ], [ 4.9054222, 8.0064393 ], [ 4.9060455, 8.0064117 ], [ 4.9070125, 8.0064665 ], [ 4.9077225, 8.0066326 ], [ 4.9081976, 8.0072083 ], [ 4.9085777, 8.0076124 ], [ 4.9093492, 8.0080276 ], [ 4.9098914, 8.0085534 ], [ 4.9100685, 8.0088419 ], [ 4.910646, 8.0097823 ], [ 4.9112756, 8.0104163 ], [ 4.9113057, 8.0104466 ], [ 4.9117703, 8.0109362 ], [ 4.9122616, 8.011454 ], [ 4.9124474, 8.0116713 ] ] } },
{ "type": "Feature", "properties": { "name": null, "waterway": "stream" }, "geometry": { "type": "LineString", "coordinates": [ [ 4.8921934, 8.0112314 ], [ 4.8922507, 8.0111962 ], [ 4.8923061, 8.0111727 ], [ 4.8924108, 8.0110103 ], [ 4.8926124, 8.0109946 ], [ 4.8928535, 8.0109672 ], [ 4.8929444, 8.0109281 ], [ 4.8931895, 8.01075 ], [ 4.8935196, 8.0105479 ], [ 4.8939367, 8.0104324 ], [ 4.8941248, 8.0105024 ], [ 4.8943568, 8.0103972 ], [ 4.8945692, 8.010162 ], [ 4.8948403, 8.0101066 ], [ 4.8952288, 8.0099682 ], [ 4.8959779, 8.0094479 ], [ 4.8963636, 8.009196 ], [ 4.8969953, 8.0088224 ] ] } },
{ "type": "Feature", "properties": { "name": null, "waterway": "stream" }, "geometry": { "type": "LineString", "coordinates": [ [ 4.8911657, 8.0110905 ], [ 4.8914463, 8.011206 ], [ 4.8918219, 8.0111531 ], [ 4.8919721, 8.0111414 ], [ 4.8921045, 8.0111316 ], [ 4.8921598, 8.0111629 ], [ 4.8921827, 8.0112095 ], [ 4.8921934, 8.0112314 ] ] } },
{ "type": "Feature", "properties": { "name": null, "waterway": "stream" }, "geometry": { "type": "LineString", "coordinates": [ [ 4.891895, 8.011478 ], [ 4.8920748, 8.011388 ], [ 4.8921519, 8.0113097 ], [ 4.8921736, 8.0112686 ], [ 4.8921934, 8.0112314 ] ] } },
{ "type": "Feature", "properties": { "name": null, "waterway": "stream" }, "geometry": { "type": "LineString", "coordinates": [ [ 4.9124474, 8.0116713 ], [ 4.9125136, 8.0117455 ] ] } },
{ "type": "Feature", "properties": { "name": null, "waterway": "stream" }, "geometry": { "type": "LineString", "coordinates": [ [ 4.9125136, 8.0117455 ], [ 4.9127814, 8.0118747 ], [ 4.9135864, 8.0121459 ], [ 4.913933, 8.0124393 ], [ 4.9142404, 8.0130759 ], [ 4.9146205, 8.0136018 ], [ 4.9149503, 8.014349 ], [ 4.9157218, 8.0149745 ], [ 4.9164708, 8.0157052 ], [ 4.9168811, 8.0161495 ], [ 4.9172422, 8.0166684 ], [ 4.9174938, 8.0171444 ], [ 4.9180914, 8.0184608 ], [ 4.9184827, 8.0188871 ], [ 4.9199752, 8.0198391 ], [ 4.920523, 8.020437 ], [ 4.9208752, 8.0209019 ], [ 4.9215628, 8.0216769 ], [ 4.9222056, 8.0222691 ], [ 4.9225058, 8.0223821 ] ] } },
{ "type": "Feature", "properties": { "name": null, "waterway": "stream" }, "geometry": { "type": "LineString", "coordinates": [ [ 4.9225058, 8.0223821 ], [ 4.9226673, 8.0224581 ] ] } },
{ "type": "Feature", "properties": { "name": null, "waterway": "stream" }, "geometry": { "type": "LineString", "coordinates": [ [ 4.8996827, 8.019048 ], [ 4.9004541, 8.0191808 ], [ 4.9010578, 8.0191974 ], [ 4.9015274, 8.0194022 ], [ 4.9021479, 8.0198838 ], [ 4.9030423, 8.0205536 ], [ 4.9038025, 8.0209521 ], [ 4.9044286, 8.0213396 ], [ 4.9050267, 8.0217381 ], [ 4.9054348, 8.0222917 ], [ 4.9054404, 8.0225131 ], [ 4.9055298, 8.0227899 ], [ 4.9057478, 8.0231496 ], [ 4.905854, 8.0236201 ], [ 4.9060609, 8.0244781 ], [ 4.906318, 8.0251036 ], [ 4.9065807, 8.0253859 ], [ 4.9068211, 8.0254468 ], [ 4.9069832, 8.0259117 ], [ 4.907246, 8.0267586 ], [ 4.9073099, 8.0269363 ], [ 4.9075925, 8.0277218 ], [ 4.908023, 8.0283915 ], [ 4.9083418, 8.0287755 ], [ 4.9084091, 8.0287729 ] ] } },
{ "type": "Feature", "properties": { "name": null, "waterway": "stream" }, "geometry": { "type": "LineString", "coordinates": [ [ 4.9058751, 8.0284697 ], [ 4.9064522, 8.0284619 ], [ 4.906804, 8.0286106 ], [ 4.9073218, 8.0287868 ], [ 4.9075313, 8.028959 ], [ 4.9079384, 8.0289668 ], [ 4.9082112, 8.0288259 ], [ 4.9083418, 8.0287755 ] ] } },
{ "type": "Feature", "properties": { "name": null, "waterway": "stream" }, "geometry": { "type": "LineString", "coordinates": [ [ 4.9084091, 8.0287729 ], [ 4.9084685, 8.0287707 ], [ 4.9085015, 8.0287695 ] ] } },
{ "type": "Feature", "properties": { "name": null, "waterway": "stream" }, "geometry": { "type": "LineString", "coordinates": [ [ 4.9226673, 8.0224581 ], [ 4.9227127, 8.0224794 ], [ 4.9230368, 8.0227299 ], [ 4.9235941, 8.0231135 ], [ 4.9239617, 8.0233836 ], [ 4.9240922, 8.0235675 ], [ 4.9244005, 8.0239785 ], [ 4.9245744, 8.0242682 ], [ 4.9246258, 8.0247731 ], [ 4.9248906, 8.025094 ], [ 4.925274, 8.0255794 ], [ 4.9255033, 8.0261391 ], [ 4.9256496, 8.0264757 ], [ 4.9261081, 8.0270158 ], [ 4.9262504, 8.0272937 ], [ 4.9264164, 8.0275638 ], [ 4.9266338, 8.0278064 ], [ 4.926784, 8.0283935 ], [ 4.92678, 8.0288084 ], [ 4.9269263, 8.0292155 ], [ 4.9270528, 8.029646 ], [ 4.9269619, 8.0301744 ], [ 4.9268393, 8.0307341 ], [ 4.9268591, 8.0312781 ], [ 4.9266496, 8.0316499 ], [ 4.9265274, 8.0320928 ], [ 4.9265784, 8.0324993 ], [ 4.9267263, 8.0327772 ], [ 4.9265682, 8.0330668 ], [ 4.9266789, 8.03374 ], [ 4.9271769, 8.0341705 ], [ 4.9276038, 8.034468 ], [ 4.9281335, 8.0350159 ], [ 4.9282837, 8.0354934 ] ] } },
{ "type": "Feature", "properties": { "name": null, "waterway": "stream" }, "geometry": { "type": "LineString", "coordinates": [ [ 4.9085015, 8.0287695 ], [ 4.9086027, 8.0287657 ], [ 4.9088142, 8.0289731 ], [ 4.9090098, 8.029253 ], [ 4.9091072, 8.0296225 ], [ 4.9094326, 8.0300066 ], [ 4.9094958, 8.0301358 ], [ 4.9096935, 8.0302884 ], [ 4.9097607, 8.0305428 ], [ 4.9103496, 8.0307307 ], [ 4.9106382, 8.0305624 ], [ 4.9110295, 8.0303119 ], [ 4.9115315, 8.0302062 ], [ 4.9122707, 8.0301358 ], [ 4.9129584, 8.0301045 ], [ 4.9134407, 8.0303236 ], [ 4.914002, 8.0304098 ], [ 4.9145, 8.0304332 ], [ 4.9149743, 8.0309264 ], [ 4.9153972, 8.0311476 ], [ 4.9158123, 8.0313648 ], [ 4.9165001, 8.0315057 ], [ 4.9171958, 8.0313021 ], [ 4.9175436, 8.0312865 ], [ 4.9176432, 8.0313076 ] ] } },
{ "type": "Feature", "properties": { "name": null, "waterway": "stream" }, "geometry": { "type": "LineString", "coordinates": [ [ 4.9176432, 8.0313076 ], [ 4.9177403, 8.0313282 ] ] } },
{ "type": "Feature", "properties": { "name": null, "waterway": "stream" }, "geometry": { "type": "LineString", "coordinates": [ [ 4.9177403, 8.0313282 ], [ 4.9182077, 8.0314274 ], [ 4.9187689, 8.0313648 ], [ 4.9195753, 8.0312004 ], [ 4.9205161, 8.0311143 ], [ 4.9213698, 8.0309342 ], [ 4.9219786, 8.0309421 ], [ 4.9224962, 8.0310152 ], [ 4.923821, 8.0310817 ], [ 4.9244248, 8.031209 ], [ 4.9253807, 8.031447 ], [ 4.9260057, 8.0316349 ], [ 4.926227, 8.031901 ], [ 4.9265274, 8.0320928 ] ] } }
]
}
