{
"type": "FeatureCollection",
"name": "NGA024_Kwara_drainage",
"crs": { "type": "name", "properties": { "name": "urn:ogc:def:crs:OGC:1.3:CRS84" } },
"features": [
{ "type": "Feature", "properties": { "name": "River Kampe", "waterway": "river" }, "geometry": { "type": "LineString", "coordinates": [ [ 5.635941585642183, 8.467091463707112 ], [ 5.636195, 8.4673649 ], [ 5.6380618, 8.4685959 ], [ 5.6397784, 8.4689779 ], [ 5.6406367, 8.4692962 ], [ 5.6416881, 8.4703786 ], [ 5.6427395, 8.4721614 ], [ 5.6436408, 8.4729679 ], [ 5.6448209, 8.4728618 ], [ 5.6466234, 8.4724373 ], [ 5.6477177, 8.4716945 ], [ 5.6485117, 8.4706758 ], [ 5.6494558, 8.4686383 ], [ 5.6505287, 8.466431 ], [ 5.6509793, 8.4660066 ], [ 5.6514299, 8.4658155 ], [ 5.6520951, 8.4659004 ], [ 5.6528247, 8.4665159 ], [ 5.6548417, 8.4685534 ], [ 5.655936, 8.4698268 ], [ 5.6560862, 8.4704848 ], [ 5.6557, 8.4710153 ], [ 5.6544984, 8.4719704 ], [ 5.6541336, 8.4727345 ], [ 5.654155, 8.4735834 ], [ 5.6546486, 8.4746658 ], [ 5.6558073, 8.4792925 ], [ 5.6561506, 8.4796957 ], [ 5.656966, 8.4798443 ], [ 5.6580174, 8.4799291 ], [ 5.6589401, 8.4806083 ], [ 5.6598842, 8.4815421 ], [ 5.6600344, 8.4822425 ], [ 5.6596482, 8.4833673 ], [ 5.6583822, 8.485532 ], [ 5.6582964, 8.486296 ], [ 5.6585753, 8.4871874 ], [ 5.6599057, 8.4890762 ], [ 5.6605923, 8.4909013 ], [ 5.6606138, 8.492493 ], [ 5.6600344, 8.4944879 ], [ 5.6593478, 8.4963767 ], [ 5.6597126, 8.497841 ], [ 5.6599701, 8.4992205 ], [ 5.6605065, 8.5000269 ], [ 5.6610785, 8.500223 ], [ 5.6621158, 8.5005787 ], [ 5.6644547, 8.5006211 ], [ 5.6669223, 8.5004938 ], [ 5.6683815, 8.499751 ], [ 5.6694329, 8.4992417 ], [ 5.6697548, 8.4983503 ], [ 5.6697977, 8.4955915 ], [ 5.6701839, 8.4944242 ], [ 5.6709349, 8.4940847 ], [ 5.6737888, 8.494594 ], [ 5.6758916, 8.4949548 ], [ 5.6764495, 8.495358 ], [ 5.6786811, 8.4994751 ], [ 5.6802046, 8.5007272 ], [ 5.6816208, 8.5007909 ], [ 5.6835306, 8.5000693 ], [ 5.6846678, 8.4994327 ], [ 5.6858695, 8.4983716 ], [ 5.6866419, 8.4967375 ], [ 5.68735, 8.4959522 ], [ 5.6880152, 8.49574 ], [ 5.6900108, 8.4961008 ], [ 5.6909979, 8.4964616 ], [ 5.6912983, 8.4971831 ], [ 5.6913412, 8.5004513 ], [ 5.6913841, 8.5035073 ], [ 5.6917703, 8.5042288 ], [ 5.6930149, 8.5050565 ], [ 5.6940878, 8.5054385 ], [ 5.6953538, 8.5056719 ], [ 5.6962121, 8.5052899 ], [ 5.6968773, 8.5046957 ], [ 5.6973708, 8.5038893 ], [ 5.6973064, 8.5033799 ], [ 5.6965554, 8.502807 ], [ 5.6945169, 8.5013851 ], [ 5.6940878, 8.5004938 ], [ 5.6940448, 8.4991143 ], [ 5.694238, 8.4983291 ], [ 5.6945813, 8.4974802 ], [ 5.6964266, 8.4963979 ], [ 5.7029069, 8.4940847 ], [ 5.704366, 8.4933631 ], [ 5.7058466, 8.4924081 ], [ 5.706898, 8.4913046 ], [ 5.7083571, 8.4896492 ], [ 5.70943, 8.4887154 ], [ 5.7101596, 8.4885032 ], [ 5.7112754, 8.4886942 ], [ 5.7118333, 8.4890125 ], [ 5.7121766, 8.4898826 ], [ 5.7121766, 8.4905193 ], [ 5.7114256, 8.4909438 ], [ 5.7093656, 8.491729 ], [ 5.7088721, 8.4922383 ], [ 5.708915, 8.4930023 ], [ 5.709151, 8.4938937 ], [ 5.7099664, 8.4947426 ], [ 5.712477, 8.4962281 ], [ 5.7139576, 8.4972468 ], [ 5.7146442, 8.498605 ], [ 5.7152665, 8.5004301 ], [ 5.7150519, 8.5017883 ], [ 5.714773, 8.5029131 ], [ 5.7143009, 8.5034224 ], [ 5.7121337, 8.5039954 ], [ 5.7069194, 8.5060539 ], [ 5.7060611, 8.506733 ], [ 5.7053959, 8.5082609 ], [ 5.7045162, 8.5100223 ], [ 5.7038081, 8.5104467 ], [ 5.7029712, 8.5105953 ], [ 5.7018453, 8.5104586 ], [ 5.7008247, 8.5106594 ], [ 5.6999517, 8.5110608 ], [ 5.6995668, 8.5116223 ], [ 5.6994635, 8.5121643 ], [ 5.6995534, 8.5129248 ], [ 5.6995413, 8.5142042 ], [ 5.6996419, 8.5151663 ], [ 5.699894, 8.5158135 ], [ 5.7002641, 8.5166756 ], [ 5.7007858, 8.5172123 ], [ 5.701223, 8.5173635 ], [ 5.7015717, 8.5171645 ], [ 5.7021404, 8.5168303 ], [ 5.7033259, 8.5166738 ], [ 5.704101, 8.5166446 ], [ 5.7051042, 8.5169417 ], [ 5.705933, 8.5173157 ], [ 5.7067015, 8.5178985 ], [ 5.7070729, 8.5186977 ], [ 5.7075531, 8.5197269 ], [ 5.7080358, 8.5201487 ], [ 5.708634, 8.5204856 ], [ 5.7092107, 8.5204007 ], [ 5.7100663, 8.5199763 ], [ 5.7104686, 8.5197402 ], [ 5.710643, 8.5193317 ], [ 5.7106939, 8.5189285 ], [ 5.7108414, 8.5179948 ], [ 5.7110319, 8.5173502 ], [ 5.7112545, 8.516955 ], [ 5.7113403, 8.5166764 ], [ 5.7117775, 8.5164669 ], [ 5.7120994, 8.5162653 ], [ 5.7123301, 8.5162944 ], [ 5.7127378, 8.5164536 ], [ 5.7132367, 8.5165756 ], [ 5.7136283, 8.5164695 ], [ 5.7138589, 8.5162043 ], [ 5.7141459, 8.51613 ], [ 5.715015, 8.5159867 ], [ 5.715656, 8.5158461 ], [ 5.7162541, 8.5157878 ], [ 5.7166068, 8.5159568 ], [ 5.716977, 8.5165112 ], [ 5.717386, 8.5166976 ], [ 5.7177468, 8.5169886 ], [ 5.7181786, 8.5170974 ], [ 5.7191938, 8.5169364 ], [ 5.7199958, 8.5170186 ], [ 5.7210097, 8.5169629 ], [ 5.7218653, 8.5172043 ], [ 5.7228725, 8.517612 ], [ 5.7237013, 8.5179197 ], [ 5.7246991, 8.5184953 ], [ 5.7254715, 8.5189357 ], [ 5.7261797, 8.5190073 ], [ 5.7267495, 8.5188038 ], [ 5.7273288, 8.5184165 ], [ 5.727758, 8.5181858 ], [ 5.7282435, 8.518138 ], [ 5.7286982, 8.5181452 ], [ 5.7294332, 8.5183123 ], [ 5.7299428, 8.5187924 ], [ 5.7300486, 8.519093 ], [ 5.7300298, 8.5197216 ], [ 5.7298743, 8.5202734 ], [ 5.7299896, 8.5206209 ], [ 5.7302191, 8.5211957 ], [ 5.7308226, 8.5221267 ], [ 5.7312797, 8.5225254 ], [ 5.7319771, 8.5232178 ], [ 5.7326867, 8.5241295 ], [ 5.7330259, 8.5246316 ], [ 5.7336347, 8.525491 ], [ 5.733742, 8.5259552 ], [ 5.7339056, 8.5270242 ], [ 5.7337849, 8.5274911 ], [ 5.733396, 8.5284698 ], [ 5.7327684, 8.5292205 ], [ 5.7323553, 8.5299579 ], [ 5.7319074, 8.5305096 ], [ 5.7308774, 8.5319181 ], [ 5.7309176, 8.532568 ], [ 5.7315065, 8.5334213 ], [ 5.7321246, 8.5339155 ], [ 5.7331346, 8.5347158 ], [ 5.7338761, 8.535637 ], [ 5.7340746, 8.5364831 ], [ 5.7341551, 8.5374247 ], [ 5.7344179, 8.5383239 ], [ 5.7351287, 8.5389552 ], [ 5.7360126, 8.5397634 ], [ 5.7370506, 8.5404876 ], [ 5.7384186, 8.5411295 ], [ 5.7390072, 8.5414963 ], [ 5.7394056, 8.5418695 ], [ 5.7402452, 8.5431718 ], [ 5.741161, 8.544101 ], [ 5.7419067, 8.544544 ], [ 5.74306, 8.5451142 ], [ 5.7439988, 8.5450373 ], [ 5.7450395, 8.5446129 ], [ 5.7458146, 8.543719 ], [ 5.746394, 8.5428809 ], [ 5.7470243, 8.5421249 ], [ 5.7474803, 8.5416316 ], [ 5.7481469, 8.5416122 ], [ 5.7486673, 8.5419199 ], [ 5.7491486, 8.542475 ], [ 5.7492425, 8.5432098 ], [ 5.7493632, 8.5438702 ], [ 5.7496985, 8.544544 ], [ 5.7502605, 8.5449437 ], [ 5.7509618, 8.5452601 ], [ 5.7524921, 8.5460073 ], [ 5.7534309, 8.5462009 ], [ 5.7546084, 8.546315 ], [ 5.7556771, 8.546276 ], [ 5.7569136, 8.5458994 ], [ 5.7579516, 8.5454617 ], [ 5.7589279, 8.5451514 ], [ 5.7597073, 8.5452593 ], [ 5.7603602, 8.5458861 ], [ 5.760756, 8.5467367 ], [ 5.760827, 8.5476606 ], [ 5.7602932, 8.5486287 ], [ 5.759864, 8.5499655 ], [ 5.75929, 8.5507214 ], [ 5.7582976, 8.5514243 ], [ 5.7568251, 8.5518885 ], [ 5.7561063, 8.5521962 ], [ 5.7555, 8.5530184 ], [ 5.7552746, 8.5547 ], [ 5.755339, 8.55557 ], [ 5.7555375, 8.5584717 ], [ 5.7550332, 8.5599517 ], [ 5.7535205, 8.5617712 ], [ 5.7526139, 8.5632618 ], [ 5.752807, 8.5643386 ], [ 5.7533075, 8.5654756 ], [ 5.7546685, 8.5659989 ], [ 5.7559184, 8.5662535 ], [ 5.7575384, 8.5659936 ], [ 5.7593532, 8.5650141 ], [ 5.7603617, 8.5635819 ], [ 5.7614491, 8.5627154 ], [ 5.763332, 8.56236 ], [ 5.7640364, 8.5617041 ], [ 5.7647428, 8.5604662 ], [ 5.7660158, 8.559736 ], [ 5.7675592, 8.5595485 ], [ 5.769147, 8.5599039 ], [ 5.7706598, 8.5599251 ], [ 5.7721189, 8.5605193 ], [ 5.773224, 8.5621053 ], [ 5.774395, 8.5635501 ], [ 5.7760135, 8.5655852 ], [ 5.7771507, 8.5669856 ], [ 5.7785884, 8.5680836 ], [ 5.7799402, 8.56776 ], [ 5.7822469, 8.5674259 ], [ 5.7836272, 8.5674861 ], [ 5.7849238, 8.5684125 ], [ 5.785707, 8.5699455 ], [ 5.7865454, 8.5714592 ], [ 5.7884858, 8.5730964 ], [ 5.7900307, 8.5741679 ], [ 5.7907764, 8.5759926 ], [ 5.7916846, 8.5777608 ], [ 5.7919404, 8.5786342 ], [ 5.7910875, 8.5798808 ], [ 5.7896552, 8.5821935 ], [ 5.7893296, 8.5831024 ], [ 5.7895265, 8.584538 ], [ 5.7905618, 8.5863255 ], [ 5.7916524, 8.5884332 ], [ 5.7920048, 8.5900491 ], [ 5.7921443, 8.5910781 ], [ 5.7928057, 8.5918491 ], [ 5.7936748, 8.5923212 ], [ 5.7944349, 8.5922185 ], [ 5.7950802, 8.5915839 ], [ 5.795327, 8.5907034 ], [ 5.7951323, 8.5894869 ], [ 5.794451, 8.5878797 ], [ 5.7944258, 8.5868366 ], [ 5.7947476, 8.5855105 ], [ 5.7956811, 8.5845929 ], [ 5.7966236, 8.5843205 ], [ 5.7972566, 8.5842728 ], [ 5.7976911, 8.5847448 ], [ 5.7976643, 8.5855299 ], [ 5.7978413, 8.5860709 ], [ 5.798705, 8.5864475 ], [ 5.7994399, 8.5870363 ], [ 5.8002607, 8.5871795 ], [ 5.8009221, 8.5864122 ], [ 5.8017681, 8.5853495 ], [ 5.8034525, 8.5841401 ], [ 5.8052029, 8.5826886 ], [ 5.8061148, 8.5816384 ], [ 5.8070466, 8.5797959 ], [ 5.8074399, 8.5780102 ], [ 5.8077601, 8.5756956 ], [ 5.8081142, 8.5752235 ], [ 5.8089456, 8.5750909 ], [ 5.8099273, 8.5755524 ], [ 5.8112647, 8.5759043 ], [ 5.8125505, 8.5759449 ], [ 5.8133767, 8.5765814 ], [ 5.814596, 8.5777874 ], [ 5.8158604, 8.5798489 ], [ 5.8172889, 8.5808427 ], [ 5.8187733, 8.581244 ], [ 5.8198638, 8.5814951 ], [ 5.8205274, 8.5820025 ], [ 5.8205864, 8.5835302 ], [ 5.8203075, 8.5848987 ], [ 5.8205274, 8.5856943 ], [ 5.821552, 8.5859967 ], [ 5.822825, 8.5864547 ], [ 5.8238587, 8.5876463 ], [ 5.825475, 8.5896744 ], [ 5.826659, 8.5913858 ], [ 5.8275548, 8.593237 ], [ 5.8276299, 8.5943667 ], [ 5.8276031, 8.5956451 ], [ 5.8282216, 8.5961826 ], [ 5.829545, 8.5962816 ], [ 5.83109, 8.5966104 ], [ 5.8332465, 8.5963558 ], [ 5.8366958, 8.5961702 ], [ 5.8387772, 8.5958572 ], [ 5.8415828, 8.5945471 ], [ 5.8432082, 8.5941546 ], [ 5.8442167, 8.5942076 ], [ 5.8448352, 8.5947187 ], [ 5.845318, 8.5956575 ], [ 5.8457456, 8.5973689 ], [ 5.8459172, 8.5996709 ], [ 5.8461908, 8.6008113 ], [ 5.8468453, 8.601172 ], [ 5.8478484, 8.6010606 ], [ 5.8493145, 8.6010147 ], [ 5.8509507, 8.6011155 ], [ 5.8521775, 8.6015485 ], [ 5.8533952, 8.6027367 ], [ 5.8545647, 8.6035588 ], [ 5.8551778, 8.6043669 ], [ 5.8553479, 8.605394 ], [ 5.8552583, 8.6057724 ], [ 5.8545486, 8.6064972 ], [ 5.8540888, 8.6080531 ], [ 5.8535991, 8.610035 ], [ 5.8536259, 8.6117322 ], [ 5.8540282, 8.6138061 ], [ 5.8550314, 8.6157473 ], [ 5.8578171, 8.6177434 ], [ 5.8601775, 8.6192656 ], [ 5.8615062, 8.6205632 ], [ 5.863534, 8.6222286 ], [ 5.865433, 8.6235386 ], [ 5.8667097, 8.6252411 ], [ 5.8671442, 8.6269808 ], [ 5.8665987, 8.6283032 ], [ 5.8650162, 8.6305043 ], [ 5.8644996, 8.632014 ], [ 5.8648751, 8.6339286 ], [ 5.8661894, 8.6354083 ], [ 5.8682724, 8.6368103 ], [ 5.8710978, 8.637657 ], [ 5.8740804, 8.6383571 ], [ 5.87626, 8.638937 ], [ 5.8788671, 8.6397644 ], [ 5.8813063, 8.6407967 ], [ 5.8828153, 8.6423525 ], [ 5.886027, 8.6431249 ], [ 5.8883498, 8.6430931 ], [ 5.8900465, 8.642432 ], [ 5.8917937, 8.6416612 ], [ 5.8944759, 8.6418892 ], [ 5.8964661, 8.6428226 ], [ 5.8981629, 8.643217 ], [ 5.9000136, 8.642448 ], [ 5.9010742, 8.6420908 ], [ 5.9014229, 8.6405846 ], [ 5.9019593, 8.6397678 ], [ 5.9033396, 8.6393666 ], [ 5.9041051, 8.6401019 ], [ 5.9043212, 8.6417055 ], [ 5.903354, 8.6428969 ], [ 5.9029319, 8.6437844 ], [ 5.9030676, 8.6454411 ], [ 5.9039045, 8.6467563 ], [ 5.9052778, 8.6470321 ], [ 5.9071017, 8.64682 ], [ 5.9088397, 8.6456956 ], [ 5.9139038, 8.6410922 ], [ 5.9164787, 8.6405194 ], [ 5.9188176, 8.6413256 ], [ 5.92033, 8.6425459 ], [ 5.9232483, 8.6463672 ], [ 5.9246143, 8.6469138 ], [ 5.9258665, 8.6471228 ], [ 5.9293953, 8.646319 ], [ 5.933103, 8.6446952 ], [ 5.9346154, 8.6439556 ], [ 5.9365993, 8.6424444 ], [ 5.9387454, 8.6398493 ], [ 5.9399596, 8.6388521 ], [ 5.9411738, 8.6388151 ], [ 5.9431912, 8.6396462 ], [ 5.9465162, 8.6435799 ], [ 5.9486271, 8.6450573 ], [ 5.9500841, 8.6451312 ], [ 5.9508313, 8.6445956 ], [ 5.9513357, 8.6426011 ], [ 5.9508126, 8.6398124 ], [ 5.9493556, 8.6375962 ], [ 5.9480106, 8.6361557 ], [ 5.9475623, 8.6358048 ], [ 5.9472821, 8.6350661 ], [ 5.9473195, 8.6347521 ], [ 5.9481601, 8.634235 ], [ 5.9492061, 8.6341427 ], [ 5.9509434, 8.6341796 ], [ 5.9525499, 8.63514 ], [ 5.9563232, 8.6366913 ], [ 5.9626931, 8.6369683 ], [ 5.9644677, 8.637467 ], [ 5.9676246, 8.6402926 ], [ 5.9708563, 8.64177 ], [ 5.9731539, 8.6423795 ], [ 5.975246, 8.6426195 ], [ 5.9785337, 8.6418439 ], [ 5.9861925, 8.6389444 ], [ 5.9899472, 8.6393138 ], [ 5.9923569, 8.6389814 ], [ 5.9988949, 8.634826 ], [ 6.0007629, 8.6341796 ], [ 6.006535, 8.6325359 ], [ 6.0099161, 8.6306337 ], [ 6.013484, 8.6282697 ], [ 6.0150344, 8.6279004 ], [ 6.017687, 8.6288977 ], [ 6.0190693, 8.628676 ], [ 6.0215724, 8.6261458 ], [ 6.0249909, 8.6213809 ], [ 6.0292499, 8.6182781 ], [ 6.032164, 8.6161726 ], [ 6.0348165, 8.6160433 ], [ 6.0384778, 8.6161541 ], [ 6.0416721, 8.6148059 ], [ 6.0452773, 8.6140487 ], [ 6.048042, 8.6134946 ], [ 6.0525065, 8.6124049 ], [ 6.0545577, 8.6117856 ], [ 6.0566176, 8.6125706 ], [ 6.0586561, 8.6139709 ], [ 6.0606731, 8.614183 ], [ 6.0649861, 8.6132495 ], [ 6.0692776, 8.6127616 ], [ 6.071638, 8.6129949 ], [ 6.0746635, 8.6146073 ], [ 6.0759939, 8.6165804 ], [ 6.076702, 8.6184261 ], [ 6.0772841, 8.6189367 ], [ 6.0776764, 8.6191676 ], [ 6.0785497, 8.619163 ], [ 6.0797826, 8.6186643 ], [ 6.0825892, 8.6175654 ], [ 6.0843825, 8.616328 ], [ 6.0870538, 8.6143148 ], [ 6.0900519, 8.6125695 ], [ 6.0922748, 8.6126249 ], [ 6.0937785, 8.6129204 ], [ 6.0955905, 8.6122647 ], [ 6.0970102, 8.611175 ], [ 6.0976173, 8.6103255 ], [ 6.0977667, 8.6091434 ], [ 6.0980843, 8.6068439 ], [ 6.0980469, 8.6060036 ], [ 6.0973838, 8.6045814 ], [ 6.0972157, 8.6039165 ], [ 6.097253, 8.6031685 ], [ 6.0980002, 8.6016447 ], [ 6.0992238, 8.6001579 ], [ 6.1002698, 8.5986341 ], [ 6.1006808, 8.5984586 ], [ 6.101456, 8.5985787 ], [ 6.1036976, 8.6008874 ], [ 6.1047904, 8.6014323 ], [ 6.1059019, 8.6014785 ], [ 6.1091242, 8.6000563 ], [ 6.1106746, 8.5995484 ], [ 6.1119635, 8.5995022 ], [ 6.1139249, 8.6003795 ], [ 6.115933, 8.6018294 ], [ 6.1172219, 8.6036856 ], [ 6.1181653, 8.6042305 ], [ 6.1192674, 8.6042767 ], [ 6.1201921, 8.6037318 ], [ 6.1211541, 8.6022542 ], [ 6.1208832, 8.5998624 ], [ 6.1210327, 8.5979877 ], [ 6.1222095, 8.5949586 ], [ 6.1234611, 8.5932039 ], [ 6.1246846, 8.5921511 ], [ 6.1275239, 8.5912553 ], [ 6.1301018, 8.5902394 ], [ 6.1316989, 8.5891404 ], [ 6.1344916, 8.587358 ], [ 6.1367052, 8.5863144 ], [ 6.1376205, 8.586222 ], [ 6.1397313, 8.5867392 ], [ 6.1410389, 8.5871271 ], [ 6.142887233731616, 8.586754408937422 ] ] } },
{ "type": "Feature", "properties": { "name": null, "waterway": "river" }, "geometry": { "type": "LineString", "coordinates": [ [ 6.0907133, 8.6857617 ], [ 6.0905826, 8.6863526 ], [ 6.0904425, 8.6867311 ], [ 6.0903397, 8.6870358 ], [ 6.0903024, 8.6873128 ], [ 6.0904518, 8.687599 ], [ 6.0906386, 8.6878945 ], [ 6.090704, 8.6883192 ], [ 6.0908908, 8.6888362 ], [ 6.0909131, 8.6891301 ], [ 6.0909282, 8.6893533 ], [ 6.0909001, 8.6896856 ], [ 6.0909001, 8.6901565 ], [ 6.0909375, 8.6906458 ], [ 6.0910029, 8.6909875 ], [ 6.0910309, 8.691523 ], [ 6.0910869, 8.6919015 ], [ 6.091171, 8.6922523 ], [ 6.0911523, 8.6925293 ], [ 6.091143, 8.6929079 ], [ 6.0911243, 8.6932864 ], [ 6.091171, 8.6936557 ], [ 6.091171, 8.6942004 ], [ 6.091143, 8.6945974 ], [ 6.0911897, 8.6949667 ], [ 6.0912644, 8.6952068 ], [ 6.0913204, 8.6955853 ], [ 6.0914699, 8.6959454 ], [ 6.091694, 8.6962316 ], [ 6.0920303, 8.6964347 ], [ 6.0922077, 8.6966563 ], [ 6.0923665, 8.6968779 ], [ 6.092544, 8.6972195 ], [ 6.0927681, 8.6973857 ], [ 6.0929643, 8.6974042 ], [ 6.0931511, 8.6972749 ], [ 6.0933379, 8.697201 ], [ 6.0936648, 8.6972472 ], [ 6.0938658, 8.6973893 ], [ 6.0939917, 8.6974319 ], [ 6.0941878, 8.6973949 ], [ 6.0943279, 8.6973211 ], [ 6.0945334, 8.6974042 ], [ 6.0947015, 8.6975796 ], [ 6.0947949, 8.6976257 ], [ 6.0950564, 8.6976534 ], [ 6.0952993, 8.6976442 ], [ 6.0955515, 8.6976627 ], [ 6.0957196, 8.697755 ], [ 6.095841, 8.697875 ], [ 6.0959811, 8.6979304 ], [ 6.0961959, 8.697912 ] ] } },
{ "type": "Feature", "properties": { "name": null, "waterway": "river" }, "geometry": { "type": "LineString", "coordinates": [ [ 6.0745488, 8.691179 ], [ 6.0748216, 8.6918586 ], [ 6.0751926, 8.6928294 ], [ 6.0757382, 8.6933688 ], [ 6.0761747, 8.6935953 ], [ 6.0765348, 8.6936276 ], [ 6.0771132, 8.6938434 ], [ 6.0775169, 8.6943396 ], [ 6.0777024, 8.694771 ], [ 6.0780189, 8.6953427 ], [ 6.0785208, 8.6958713 ], [ 6.0789246, 8.6963136 ], [ 6.0790883, 8.6965509 ], [ 6.0791756, 8.696896 ], [ 6.0793611, 8.6974569 ], [ 6.0794702, 8.6979208 ], [ 6.0795029, 8.6984601 ], [ 6.0794811, 8.69887 ], [ 6.0795029, 8.699226 ], [ 6.0795684, 8.6993878 ], [ 6.0796839, 8.6994591 ], [ 6.0797757, 8.6996251 ], [ 6.0798085, 8.7000242 ], [ 6.0799285, 8.7005096 ], [ 6.0800922, 8.7010489 ], [ 6.0802122, 8.7015667 ], [ 6.0804414, 8.7019334 ], [ 6.080856, 8.7021815 ], [ 6.0813144, 8.7022786 ], [ 6.0819473, 8.7023972 ], [ 6.0824383, 8.702559 ], [ 6.0827657, 8.702613 ], [ 6.0831913, 8.7026885 ], [ 6.083715, 8.7027855 ], [ 6.0839333, 8.7028718 ], [ 6.0840206, 8.7029689 ], [ 6.0840097, 8.7031091 ], [ 6.0842279, 8.7033896 ], [ 6.0842825, 8.7035406 ], [ 6.0843261, 8.7037132 ] ] } },
{ "type": "Feature", "properties": { "name": null, "waterway": "river" }, "geometry": { "type": "LineString", "coordinates": [ [ 6.063619, 8.6957134 ], [ 6.063686, 8.6958606 ], [ 6.0638362, 8.6959812 ], [ 6.0640525, 8.6961987 ], [ 6.0641755, 8.6963219 ], [ 6.0644779, 8.6965538 ], [ 6.0648122, 8.6969963 ], [ 6.0651573, 8.6975567 ], [ 6.0660323, 8.6986044 ], [ 6.0662788, 8.699311 ], [ 6.0662911, 8.7000298 ], [ 6.0660569, 8.7006754 ], [ 6.065909, 8.7012845 ], [ 6.0660446, 8.7015891 ], [ 6.0663079, 8.7016814 ], [ 6.0667911, 8.7017147 ], [ 6.0672967, 8.7017813 ], [ 6.0677237, 8.7019812 ], [ 6.0681506, 8.7022478 ], [ 6.0685889, 8.7024255 ], [ 6.0689596, 8.7025255 ], [ 6.0692855, 8.7027365 ], [ 6.0696001, 8.7028587 ], [ 6.0697012, 8.7029587 ], [ 6.06969, 8.7032363 ], [ 6.0696788, 8.7034585 ], [ 6.0697687, 8.7035917 ], [ 6.0699372, 8.7036473 ], [ 6.070117, 8.7036584 ], [ 6.0704316, 8.703825 ], [ 6.0706788, 8.7039472 ], [ 6.070881, 8.7041915 ], [ 6.0710496, 8.7043248 ], [ 6.0713417, 8.7042804 ], [ 6.071926, 8.7042026 ], [ 6.0728474, 8.7039472 ], [ 6.0733755, 8.7036584 ], [ 6.0740497, 8.703414 ], [ 6.0745778, 8.7032919 ], [ 6.0750047, 8.7030142 ], [ 6.0752857, 8.7026921 ], [ 6.0754991, 8.7025699 ], [ 6.0759261, 8.7025699 ], [ 6.0763643, 8.7026143 ], [ 6.0766902, 8.7027809 ], [ 6.0770273, 8.7028143 ], [ 6.0773419, 8.7029587 ], [ 6.0773981, 8.7031586 ], [ 6.0775778, 8.7034362 ], [ 6.0778026, 8.7036251 ], [ 6.0779936, 8.7039138 ], [ 6.0780498, 8.704347 ], [ 6.0780048, 8.7047802 ], [ 6.0780048, 8.70518 ], [ 6.078106, 8.7055243 ], [ 6.0782408, 8.7058798 ], [ 6.0783981, 8.7062463 ], [ 6.0785868, 8.7066293 ], [ 6.0785666, 8.7069127 ], [ 6.0786453, 8.7072015 ], [ 6.0789487, 8.7074569 ], [ 6.0789487, 8.7077124 ], [ 6.0787352, 8.7079678 ], [ 6.0784992, 8.7082344 ], [ 6.0785329, 8.7085454 ], [ 6.078679, 8.7090452 ], [ 6.0787914, 8.7095339 ], [ 6.0790049, 8.7099115 ], [ 6.0792408, 8.7102003 ], [ 6.079488, 8.7106779 ], [ 6.0798026, 8.7110666 ], [ 6.0800948, 8.7113776 ], [ 6.0806004, 8.7116441 ], [ 6.0811622, 8.7120106 ], [ 6.0816454, 8.7122883 ], [ 6.0819487, 8.7127326 ] ] } },
{ "type": "Feature", "properties": { "name": null, "waterway": "stream" }, "geometry": { "type": "LineString", "coordinates": [ [ 5.9347334, 8.706223 ], [ 5.9346154, 8.7060215 ], [ 5.9342936, 8.7058624 ], [ 5.9339073, 8.705523 ], [ 5.9335855, 8.7051625 ], [ 5.9333172, 8.7048019 ], [ 5.9328452, 8.7044201 ], [ 5.9324267, 8.7040383 ], [ 5.93218, 8.7038368 ], [ 5.9319869, 8.7036989 ] ] } },
{ "type": "Feature", "properties": { "name": null, "waterway": "stream" }, "geometry": { "type": "LineString", "coordinates": [ [ 5.9428659, 8.7104544 ], [ 5.9430038, 8.7111011 ], [ 5.9434115, 8.7122677 ], [ 5.9435617, 8.7132222 ], [ 5.9436261, 8.7148341 ], [ 5.9439909, 8.715428 ], [ 5.9440552, 8.7165097 ], [ 5.9440232, 8.7167484 ] ] } },
{ "type": "Feature", "properties": { "name": null, "waterway": "stream" }, "geometry": { "type": "LineString", "coordinates": [ [ 5.95178, 8.7186307 ], [ 5.9513079, 8.717952 ], [ 5.9506213, 8.7172308 ], [ 5.9496557, 8.7170187 ], [ 5.9491836, 8.7175278 ], [ 5.9485184, 8.7178671 ], [ 5.9478961, 8.7176338 ], [ 5.9472095, 8.7173581 ], [ 5.9465229, 8.7177399 ], [ 5.9457289, 8.7176974 ], [ 5.9448921, 8.7174005 ], [ 5.9445488, 8.7173581 ], [ 5.9440981, 8.7172096 ], [ 5.943411, 8.7170557 ], [ 5.9433096, 8.7170329 ] ] } },
{ "type": "Feature", "properties": { "name": null, "waterway": "river" }, "geometry": { "type": "LineString", "coordinates": [ [ 6.0644394, 8.7141456 ], [ 6.0647252, 8.7142826 ], [ 6.0648811, 8.714548 ], [ 6.0651496, 8.7147791 ], [ 6.0653055, 8.7149589 ], [ 6.0656087, 8.7150959 ], [ 6.0657992, 8.715327 ], [ 6.0660504, 8.7154554 ], [ 6.0663016, 8.7155325 ], [ 6.0664834, 8.7155838 ], [ 6.0665874, 8.7157379 ], [ 6.066622, 8.7159691 ], [ 6.0666913, 8.7161917 ], [ 6.0666393, 8.7164399 ], [ 6.066622, 8.7165684 ], [ 6.0667519, 8.7168337 ], [ 6.0668212, 8.7169793 ], [ 6.0668126, 8.7173046 ], [ 6.0667952, 8.7176214 ], [ 6.0668777, 8.7177386 ], [ 6.0671265, 8.7178131 ], [ 6.0673225, 8.7179398 ], [ 6.0675638, 8.7179696 ], [ 6.0677674, 8.7180218 ], [ 6.067888, 8.7181485 ], [ 6.0679182, 8.7183721 ], [ 6.0677598, 8.7187223 ], [ 6.0676015, 8.7190503 ], [ 6.0675789, 8.7193856 ], [ 6.0678352, 8.719803 ], [ 6.0680991, 8.7200489 ], [ 6.0683479, 8.7203172 ], [ 6.0685591, 8.7206451 ], [ 6.0689662, 8.7209432 ], [ 6.0690642, 8.7209507 ], [ 6.0693055, 8.7210029 ], [ 6.0694638, 8.7210774 ], [ 6.0696599, 8.7213531 ], [ 6.0700142, 8.7216363 ], [ 6.0701952, 8.7217929 ], [ 6.0702706, 8.7221282 ], [ 6.0702932, 8.7223891 ], [ 6.0702555, 8.722635 ] ] } },
{ "type": "Feature", "properties": { "name": null, "waterway": "stream" }, "geometry": { "type": "LineString", "coordinates": [ [ 5.9444844, 8.7212395 ], [ 5.9444522, 8.7209531 ], [ 5.9443234, 8.7206721 ], [ 5.9442162, 8.7203327 ], [ 5.9439909, 8.7200782 ], [ 5.9436636, 8.7196328 ], [ 5.9436153, 8.7194844 ], [ 5.9436529, 8.7192298 ], [ 5.9435349, 8.7187049 ], [ 5.9434651, 8.7181004 ], [ 5.9434651, 8.7176073 ], [ 5.9434383, 8.7171672 ], [ 5.943411, 8.7170557 ] ] } },
{ "type": "Feature", "properties": { "name": null, "waterway": "stream" }, "geometry": { "type": "LineString", "coordinates": [ [ 5.9443556, 8.7166157 ], [ 5.9440232, 8.7167484 ], [ 5.9433096, 8.7170329 ], [ 5.9431325, 8.7171036 ], [ 5.9421669, 8.717655 ], [ 5.9411584, 8.7181216 ], [ 5.9399997, 8.718567 ], [ 5.93912, 8.7189064 ], [ 5.9385191, 8.7193094 ], [ 5.93809, 8.7198608 ], [ 5.9372961, 8.719882 ], [ 5.9363734, 8.720285 ], [ 5.9357296, 8.7209001 ], [ 5.9354507, 8.721897 ], [ 5.9340345, 8.7222787 ], [ 5.9331976, 8.7226393 ], [ 5.9325539, 8.7233604 ], [ 5.9324252, 8.7246754 ], [ 5.93176, 8.7250996 ], [ 5.9316851, 8.7256171 ] ] } },
{ "type": "Feature", "properties": { "name": null, "waterway": "stream" }, "geometry": { "type": "LineString", "coordinates": [ [ 5.5789291, 8.5300623 ], [ 5.5800499, 8.5294711 ], [ 5.5810212, 8.5290832 ], [ 5.5817124, 8.5294526 ], [ 5.5831134, 8.5304317 ], [ 5.5852429, 8.530949 ], [ 5.5861022, 8.5312076 ], [ 5.5865505, 8.5316694 ], [ 5.5870362, 8.5316879 ], [ 5.5876526, 8.531651 ], [ 5.5889976, 8.531965 ], [ 5.589969, 8.5317803 ], [ 5.590903, 8.5320943 ], [ 5.5920238, 8.5327409 ], [ 5.5929578, 8.5324823 ], [ 5.593761, 8.5315401 ], [ 5.5945082, 8.5310783 ], [ 5.5955729, 8.5314847 ], [ 5.597553, 8.5328517 ], [ 5.5979453, 8.5329441 ], [ 5.5993089, 8.5321682 ], [ 5.5997946, 8.5312076 ], [ 5.600355, 8.5297852 ], [ 5.6008967, 8.5289723 ], [ 5.602634, 8.5283258 ], [ 5.6037735, 8.528141 ], [ 5.6041844, 8.5278824 ], [ 5.6043339, 8.5274575 ], [ 5.6041097, 8.5266077 ], [ 5.6041471, 8.5259981 ], [ 5.6048009, 8.5253331 ], [ 5.6062392, 8.5249821 ], [ 5.6078831, 8.5250744 ], [ 5.6090973, 8.5248343 ], [ 5.6095643, 8.5239106 ], [ 5.6101433, 8.5227837 ], [ 5.6115443, 8.5218046 ], [ 5.6127959, 8.5202343 ], [ 5.6135991, 8.5196247 ], [ 5.6143837, 8.5196062 ], [ 5.6147013, 8.5205668 ], [ 5.6154671, 8.521897 ], [ 5.6161957, 8.5218785 ], [ 5.618512, 8.5214721 ], [ 5.6216502, 8.520456 ], [ 5.6223601, 8.5198094 ], [ 5.6238545, 8.5197909 ], [ 5.6250873, 8.5194215 ], [ 5.6266378, 8.5177958 ], [ 5.6277772, 8.5173709 ], [ 5.6291409, 8.5164841 ], [ 5.6297947, 8.5156158 ], [ 5.6306913, 8.5152833 ], [ 5.6324846, 8.5146921 ], [ 5.633101, 8.5141564 ], [ 5.6331944, 8.513325 ], [ 5.6333439, 8.5125491 ], [ 5.6339043, 8.5122166 ], [ 5.6353613, 8.5121612 ], [ 5.6365382, 8.5120503 ], [ 5.6370986, 8.5118471 ], [ 5.6373227, 8.5111081 ], [ 5.6373788, 8.5095563 ], [ 5.6373227, 8.5072285 ], [ 5.6376776, 8.506508 ], [ 5.6385182, 8.5059538 ], [ 5.6399566, 8.5052702 ], [ 5.6415444, 8.5040509 ], [ 5.6425531, 8.5027762 ], [ 5.6432069, 8.5021295 ], [ 5.643842, 8.5020002 ], [ 5.6442717, 8.502148 ], [ 5.6444024, 8.5025729 ], [ 5.6443838, 8.503626 ], [ 5.6445892, 8.5041617 ], [ 5.6450936, 8.5044019 ], [ 5.6458221, 8.5041063 ], [ 5.6478396, 8.5031272 ], [ 5.6484934, 8.5030348 ], [ 5.6495208, 8.5032195 ], [ 5.6501932, 8.5029794 ], [ 5.6508844, 8.5022773 ], [ 5.6528645, 8.4994876 ], [ 5.6533875, 8.4990258 ], [ 5.6543776, 8.4990812 ], [ 5.655517, 8.5002082 ], [ 5.6564137, 8.5013166 ], [ 5.6570488, 8.5016307 ], [ 5.6584685, 8.5015199 ], [ 5.659664, 8.5009656 ], [ 5.6610785, 8.500223 ] ] } },
{ "type": "Feature", "properties": { "name": null, "waterway": "stream" }, "geometry": { "type": "LineString", "coordinates": [ [ 5.6021807, 8.6441915 ], [ 5.6017313, 8.64406 ], [ 5.6011524, 8.6441489 ], [ 5.6006958, 8.6440209 ], [ 5.600498, 8.6440351 ], [ 5.6002176, 8.6438787 ], [ 5.6001385, 8.6436121 ], [ 5.5999695, 8.6435552 ] ] } },
{ "type": "Feature", "properties": { "name": null, "waterway": "stream" }, "geometry": { "type": "LineString", "coordinates": [ [ 5.6042085, 8.6458764 ], [ 5.6041978, 8.645784 ], [ 5.6038274, 8.6455885 ], [ 5.6032593, 8.645265 ], [ 5.6026481, 8.6450659 ], [ 5.6026877, 8.6446038 ], [ 5.6021807, 8.6441915 ] ] } },
{ "type": "Feature", "properties": { "name": null, "waterway": "stream" }, "geometry": { "type": "LineString", "coordinates": [ [ 5.6043955, 8.6489831 ], [ 5.6043272, 8.6483824 ], [ 5.6042733, 8.6479132 ], [ 5.604356, 8.6476004 ], [ 5.6043236, 8.6474298 ], [ 5.604302, 8.6466513 ], [ 5.6042876, 8.6464665 ], [ 5.6041618, 8.6460861 ], [ 5.6042085, 8.6458764 ] ] } },
{ "type": "Feature", "properties": { "name": null, "waterway": "stream" }, "geometry": { "type": "LineString", "coordinates": [ [ 5.6040432, 8.6505827 ], [ 5.6040288, 8.6503374 ], [ 5.6041906, 8.6498611 ], [ 5.6043236, 8.6496265 ], [ 5.6044423, 8.6493066 ], [ 5.6043955, 8.6489831 ] ] } },
{ "type": "Feature", "properties": { "name": null, "waterway": "stream" }, "geometry": { "type": "LineString", "coordinates": [ [ 5.6042769, 8.652104 ], [ 5.6044423, 8.6513825 ], [ 5.604151, 8.6507178 ], [ 5.6040432, 8.6505827 ] ] } },
{ "type": "Feature", "properties": { "name": null, "waterway": "stream" }, "geometry": { "type": "LineString", "coordinates": [ [ 5.6024611, 8.6539737 ], [ 5.6025582, 8.6534441 ], [ 5.6025546, 8.6528292 ], [ 5.6027488, 8.6524559 ], [ 5.6028746, 8.6522995 ], [ 5.6031299, 8.6522 ], [ 5.60336, 8.6522569 ], [ 5.6035542, 8.6524666 ], [ 5.6037519, 8.6526657 ], [ 5.6039389, 8.6526088 ], [ 5.6042265, 8.6523137 ], [ 5.6042769, 8.652104 ] ] } },
{ "type": "Feature", "properties": { "name": null, "waterway": "stream" }, "geometry": { "type": "LineString", "coordinates": [ [ 5.6010194, 8.6553991 ], [ 5.6013753, 8.6550188 ], [ 5.6017421, 8.6547095 ], [ 5.6019865, 8.6545602 ], [ 5.6022023, 8.6544003 ], [ 5.6024611, 8.6539737 ] ] } },
{ "type": "Feature", "properties": { "name": null, "waterway": "stream" }, "geometry": { "type": "LineString", "coordinates": [ [ 5.5989861, 8.6569147 ], [ 5.5994589, 8.6566787 ], [ 5.5999731, 8.6564619 ], [ 5.6003075, 8.6564228 ], [ 5.6005915, 8.6562664 ], [ 5.6008935, 8.6557297 ], [ 5.6010194, 8.6553991 ] ] } },
{ "type": "Feature", "properties": { "name": null, "waterway": "stream" }, "geometry": { "type": "LineString", "coordinates": [ [ 5.5992168, 8.659783 ], [ 5.599542, 8.6594253 ], [ 5.5996183, 8.6591182 ], [ 5.599264, 8.6585471 ], [ 5.5987681, 8.6575289 ], [ 5.598779, 8.657141 ], [ 5.5989861, 8.6569147 ] ] } },
{ "type": "Feature", "properties": { "name": null, "waterway": "stream" }, "geometry": { "type": "LineString", "coordinates": [ [ 5.7457503, 8.7113726 ], [ 5.7458323, 8.7114098 ], [ 5.7458633, 8.7114426 ], [ 5.745932, 8.7116047 ], [ 5.745963, 8.7116441 ], [ 5.7461602, 8.7117514 ], [ 5.7461823, 8.7117887 ], [ 5.746158, 8.7120142 ], [ 5.7464349, 8.7125639 ], [ 5.7466188, 8.7125924 ], [ 5.7466653, 8.7126691 ], [ 5.7466786, 8.7128837 ], [ 5.7466609, 8.7130239 ], [ 5.7467229, 8.7130983 ], [ 5.7467518, 8.7132297 ], [ 5.7466454, 8.7133261 ], [ 5.7466188, 8.7133633 ], [ 5.74661, 8.7134093 ], [ 5.7466454, 8.7135385 ], [ 5.7466255, 8.7135801 ], [ 5.7466255, 8.7136699 ], [ 5.7466742, 8.7137509 ], [ 5.7466986, 8.7138364 ], [ 5.746672, 8.713878 ], [ 5.7465967, 8.7141999 ], [ 5.7465391, 8.7143291 ], [ 5.746528, 8.7145109 ], [ 5.7465125, 8.7145547 ], [ 5.7464061, 8.7146467 ], [ 5.746384, 8.7146861 ], [ 5.7463773, 8.7148241 ], [ 5.746415, 8.7149073 ], [ 5.7464482, 8.714938 ], [ 5.7465679, 8.7149752 ], [ 5.7466055, 8.7150015 ], [ 5.7466543, 8.7150781 ], [ 5.7467207, 8.7153081 ], [ 5.7467407, 8.7154417 ], [ 5.7467473, 8.7156191 ], [ 5.7467252, 8.7157067 ], [ 5.7467141, 8.7158446 ], [ 5.7467008, 8.7158884 ], [ 5.7465944, 8.7160417 ], [ 5.7465834, 8.7161753 ], [ 5.7465612, 8.7162147 ], [ 5.7464792, 8.7162783 ], [ 5.7464128, 8.7163812 ], [ 5.7463419, 8.7164994 ], [ 5.7463264, 8.7165936 ], [ 5.746333, 8.7166374 ], [ 5.7464238, 8.7168039 ], [ 5.7464549, 8.7169418 ], [ 5.7465058, 8.717071 ], [ 5.7465036, 8.7173032 ], [ 5.7465368, 8.7174368 ], [ 5.7465457, 8.7175309 ], [ 5.7465656, 8.7175791 ], [ 5.7466454, 8.7176908 ], [ 5.7466698, 8.7178288 ], [ 5.7467473, 8.7179383 ], [ 5.7467495, 8.7179821 ], [ 5.7466055, 8.7182756 ], [ 5.7465967, 8.7183697 ], [ 5.7465501, 8.7185033 ], [ 5.7465346, 8.7185953 ], [ 5.7466144, 8.7187705 ], [ 5.7467518, 8.7189075 ], [ 5.7467831, 8.7189694 ], [ 5.7468677, 8.7192172 ], [ 5.746899, 8.7193473 ], [ 5.7469116, 8.7196725 ], [ 5.7469554, 8.7197902 ], [ 5.7470275, 8.7198986 ], [ 5.7470338, 8.7199605 ], [ 5.7469993, 8.7201495 ], [ 5.7470181, 8.7202764 ], [ 5.7469899, 8.7204065 ], [ 5.747015, 8.7205428 ], [ 5.7469648, 8.7206698 ], [ 5.7469304, 8.7207255 ], [ 5.7469116, 8.7207906 ], [ 5.7470056, 8.7209516 ], [ 5.7470024, 8.7210136 ], [ 5.7469774, 8.7210724 ], [ 5.746968, 8.7211374 ], [ 5.7469742, 8.7212025 ], [ 5.7470714, 8.7212799 ], [ 5.747109, 8.7213326 ], [ 5.7472124, 8.721571 ], [ 5.7472531, 8.7216268 ], [ 5.7473095, 8.7216485 ], [ 5.7474541, 8.7215959 ], [ 5.7475427, 8.7216047 ], [ 5.7476247, 8.7216397 ], [ 5.7477, 8.7216879 ], [ 5.747782, 8.7217952 ], [ 5.7478196, 8.7218259 ], [ 5.7478396, 8.7218675 ], [ 5.7478507, 8.7219616 ], [ 5.7478839, 8.722047 ], [ 5.7479038, 8.7222222 ], [ 5.7479814, 8.7223887 ], [ 5.7479902, 8.7224807 ], [ 5.7479614, 8.7226646 ], [ 5.7479681, 8.7227369 ], [ 5.7479858, 8.7227785 ], [ 5.7478041, 8.7229143 ], [ 5.7477465, 8.7229887 ], [ 5.7476446, 8.7232121 ], [ 5.747638, 8.7233019 ], [ 5.7476734, 8.7233851 ], [ 5.747751, 8.7234311 ], [ 5.7477931, 8.7234399 ], [ 5.7479614, 8.7236063 ], [ 5.7479991, 8.7236895 ], [ 5.7480191, 8.7237837 ], [ 5.7480213, 8.7238297 ], [ 5.7478817, 8.7240356 ], [ 5.7478773, 8.7240815 ], [ 5.7478773, 8.7241275 ], [ 5.7479349, 8.7242524 ], [ 5.7479836, 8.7244363 ], [ 5.7480102, 8.7246181 ], [ 5.7480456, 8.7247013 ], [ 5.7480346, 8.7247451 ], [ 5.747988, 8.7248218 ], [ 5.7479061, 8.7251415 ], [ 5.7479083, 8.7251853 ], [ 5.7479326, 8.7252247 ], [ 5.7479681, 8.7252532 ], [ 5.7480146, 8.7252532 ], [ 5.7480567, 8.7252685 ], [ 5.7480678, 8.7253145 ], [ 5.7480235, 8.7254569 ], [ 5.7480191, 8.7255488 ], [ 5.74809, 8.7256671 ], [ 5.7481498, 8.7259452 ], [ 5.7481874, 8.7260262 ], [ 5.7481741, 8.7260744 ], [ 5.7481409, 8.7261095 ], [ 5.7481232, 8.7261511 ], [ 5.7481188, 8.7261949 ], [ 5.7481387, 8.7262343 ], [ 5.748183, 8.7262496 ], [ 5.7483625, 8.7262321 ], [ 5.7484954, 8.7263109 ], [ 5.7485597, 8.7263832 ], [ 5.7485796, 8.7264226 ], [ 5.7485707, 8.7264708 ], [ 5.7484932, 8.7265869 ], [ 5.748471, 8.7266767 ], [ 5.748553, 8.7267161 ], [ 5.748573, 8.726911 ], [ 5.7486328, 8.7269789 ], [ 5.7486239, 8.7270249 ], [ 5.748573, 8.7271015 ], [ 5.7485331, 8.7272482 ], [ 5.7484865, 8.7273271 ], [ 5.7484755, 8.7274147 ], [ 5.7485153, 8.7274935 ], [ 5.7485951, 8.7275329 ], [ 5.7487458, 8.7276512 ], [ 5.7488233, 8.727695 ], [ 5.7488521, 8.7277366 ], [ 5.7488854, 8.7278658 ], [ 5.7489186, 8.7278943 ], [ 5.7489297, 8.7280366 ], [ 5.7489474, 8.7280782 ], [ 5.7489873, 8.728098 ], [ 5.7490205, 8.7282315 ], [ 5.7491114, 8.7283345 ], [ 5.7491534, 8.7284111 ], [ 5.7491579, 8.7284571 ], [ 5.7490981, 8.7285294 ], [ 5.749067, 8.7286257 ], [ 5.7490537, 8.7287199 ], [ 5.7490825, 8.7288119 ], [ 5.7491025, 8.7289674 ], [ 5.7491734, 8.7290878 ], [ 5.7491645, 8.7294141 ], [ 5.7492221, 8.729482 ], [ 5.7492421, 8.729574 ], [ 5.7492709, 8.7296068 ], [ 5.749313, 8.7296244 ], [ 5.7493351, 8.7296616 ], [ 5.7493506, 8.7298412 ], [ 5.7494149, 8.7299134 ], [ 5.7495301, 8.7299923 ], [ 5.7495545, 8.7300295 ], [ 5.7494902, 8.7302967 ], [ 5.7495013, 8.7303427 ], [ 5.7496232, 8.7305332 ], [ 5.7496586, 8.7306186 ], [ 5.7497273, 8.7308507 ], [ 5.7497428, 8.7309953 ], [ 5.7497605, 8.7310391 ], [ 5.7498961, 8.7311863 ], [ 5.7499178, 8.7312099 ], [ 5.7499821, 8.7313281 ], [ 5.7500729, 8.7315844 ], [ 5.7505958, 8.7318581 ], [ 5.7507376, 8.7320596 ], [ 5.7508152, 8.7323552 ], [ 5.7508307, 8.7325545 ], [ 5.7508152, 8.7325983 ], [ 5.7507398, 8.7326596 ], [ 5.7506579, 8.7327757 ], [ 5.7506401, 8.7328633 ], [ 5.7506512, 8.7329991 ], [ 5.7507267, 8.7331269 ], [ 5.7507443, 8.7331567 ], [ 5.7508573, 8.7332268 ], [ 5.7509016, 8.733356 ], [ 5.7510279, 8.7334874 ], [ 5.7510345, 8.7335772 ], [ 5.7510633, 8.7336998 ], [ 5.751132, 8.7337655 ], [ 5.7511342, 8.7339473 ], [ 5.7511674, 8.7340327 ], [ 5.7511691, 8.734066 ], [ 5.7511719, 8.7341225 ], [ 5.7511431, 8.7342079 ], [ 5.75107, 8.7342714 ], [ 5.7510544, 8.734313 ], [ 5.7510456, 8.7344488 ], [ 5.7510722, 8.7345846 ], [ 5.7511098, 8.73467 ], [ 5.7511586, 8.7346831 ], [ 5.7512317, 8.7347357 ], [ 5.7512472, 8.7348189 ], [ 5.7512295, 8.7349547 ], [ 5.7512295, 8.7352766 ], [ 5.7514023, 8.7357211 ], [ 5.751389, 8.7358131 ], [ 5.7514621, 8.73587 ], [ 5.7515064, 8.7359533 ], [ 5.7515463, 8.736089 ], [ 5.7516261, 8.7362182 ] ] } },
{ "type": "Feature", "properties": { "name": null, "waterway": "river" }, "geometry": { "type": "LineString", "coordinates": [ [ 6.0804152, 8.7272337 ], [ 6.0808343, 8.7270868 ], [ 6.0815101, 8.7270066 ], [ 6.0824699, 8.7269933 ], [ 6.0832269, 8.7271803 ], [ 6.0844975, 8.7274074 ], [ 6.0851869, 8.7276212 ], [ 6.0864035, 8.7280087 ], [ 6.0874714, 8.7284763 ], [ 6.08835, 8.7289039 ], [ 6.0892827, 8.7291844 ], [ 6.0903371, 8.7293982 ], [ 6.0913103, 8.7295318 ], [ 6.0923241, 8.7295452 ], [ 6.0931217, 8.729612 ], [ 6.0938246, 8.7297857 ], [ 6.0946221, 8.7299861 ], [ 6.0952439, 8.7299995 ], [ 6.0961631, 8.729799 ], [ 6.0970147, 8.7295051 ], [ 6.0979204, 8.7293849 ], [ 6.0987314, 8.7294784 ], [ 6.0994479, 8.7294116 ], [ 6.1000156, 8.7292646 ], [ 6.1008807, 8.7289974 ], [ 6.1015431, 8.7287035 ], [ 6.1020027, 8.7284362 ], [ 6.1025434, 8.7279552 ], [ 6.103003, 8.7277014 ], [ 6.1036653, 8.7274074 ], [ 6.104179, 8.7271669 ], [ 6.1046115, 8.7267528 ], [ 6.1051522, 8.7257106 ], [ 6.1058011, 8.7254701 ], [ 6.1064769, 8.7253899 ], [ 6.1072339, 8.7254701 ], [ 6.1078152, 8.7256438 ], [ 6.1086901, 8.7258133 ], [ 6.1094373, 8.726205 ], [ 6.1103024, 8.7268329 ], [ 6.1109648, 8.7274208 ], [ 6.1116406, 8.7281156 ], [ 6.1121543, 8.7288371 ], [ 6.1126139, 8.7293849 ], [ 6.113014, 8.729538 ], [ 6.1132205, 8.7295507 ], [ 6.1133754, 8.7292828 ], [ 6.1136981, 8.7285939 ], [ 6.1143176, 8.7280708 ], [ 6.1151179, 8.7280326 ], [ 6.116215, 8.7281601 ], [ 6.1176089, 8.7283132 ], [ 6.1184866, 8.7282239 ], [ 6.1190287, 8.7275095 ], [ 6.1194288, 8.727012 ], [ 6.1200484, 8.7265782 ], [ 6.1206679, 8.7261699 ], [ 6.1212187, 8.7259337 ], [ 6.1218691, 8.7257569 ], [ 6.1224464, 8.7255239 ], [ 6.1228936, 8.7253872 ], [ 6.1233815, 8.7253069 ], [ 6.1239344, 8.7252667 ], [ 6.1247556, 8.7250899 ], [ 6.1255037, 8.7248247 ], [ 6.1260566, 8.7246077 ], [ 6.1265769, 8.72468 ], [ 6.1272274, 8.7252104 ], [ 6.1279917, 8.7257569 ], [ 6.1286097, 8.725773 ], [ 6.1291626, 8.725339 ], [ 6.1300407, 8.7244871 ], [ 6.1310896, 8.7235789 ], [ 6.1320084, 8.7230565 ], [ 6.1327483, 8.7225261 ], [ 6.1332037, 8.7222689 ], [ 6.133659, 8.7219233 ], [ 6.1343339, 8.721626 ], [ 6.1349599, 8.7212804 ], [ 6.1356511, 8.7210634 ], [ 6.1360088, 8.7209268 ], [ 6.1364398, 8.7208785 ], [ 6.1371065, 8.7208705 ], [ 6.1374399, 8.7209509 ], [ 6.1378627, 8.7210554 ], [ 6.1383424, 8.7211357 ], [ 6.1388303, 8.7209509 ], [ 6.1390335, 8.7207901 ], [ 6.1395946, 8.7205973 ], [ 6.1400174, 8.7204847 ], [ 6.1407573, 8.7203481 ], [ 6.1412777, 8.7201793 ], [ 6.1416111, 8.7200749 ], [ 6.1420339, 8.7199382 ], [ 6.1424404, 8.7197775 ], [ 6.1428551, 8.7196248 ], [ 6.1432779, 8.7194801 ], [ 6.1438064, 8.7192792 ], [ 6.1440107, 8.7192792 ], [ 6.1440991, 8.7192792 ], [ 6.1444081, 8.7193355 ], [ 6.1445439, 8.7195114 ] ] } },
{ "type": "Feature", "properties": { "name": null, "waterway": "stream" }, "geometry": { "type": "LineString", "coordinates": [ [ 5.9316851, 8.7256171 ], [ 5.931665, 8.7257417 ] ] } },
{ "type": "Feature", "properties": { "name": null, "waterway": "river" }, "geometry": { "type": "LineString", "coordinates": [ [ 5.8645429, 8.7284492 ], [ 5.8676758, 8.726604 ], [ 5.871624, 8.7269222 ], [ 5.873405, 8.7263283 ], [ 5.8738127, 8.7264131 ], [ 5.8742955, 8.7271343 ], [ 5.8748748, 8.7281735 ], [ 5.8755108, 8.7287972 ] ] } },
{ "type": "Feature", "properties": { "name": null, "waterway": "stream" }, "geometry": { "type": "LineString", "coordinates": [ [ 5.931665, 8.7257417 ], [ 5.9316527, 8.7259692 ], [ 5.9316527, 8.7266903 ], [ 5.9311592, 8.7269236 ], [ 5.9304081, 8.7277507 ], [ 5.929979, 8.7292778 ], [ 5.9301507, 8.7299989 ], [ 5.9298932, 8.730614 ], [ 5.9291917, 8.7311932 ] ] } },
{ "type": "Feature", "properties": { "name": null, "waterway": "river" }, "geometry": { "type": "LineString", "coordinates": [ [ 5.8633923, 8.7289106 ], [ 5.8642747, 8.7288204 ], [ 5.8645429, 8.7284492 ] ] } },
{ "type": "Feature", "properties": { "name": null, "waterway": "river" }, "geometry": { "type": "LineString", "coordinates": [ [ 5.8588459, 8.7293718 ], [ 5.8597257, 8.7291385 ], [ 5.8612385, 8.7285341 ], [ 5.8629229, 8.728725 ], [ 5.8633923, 8.7289106 ] ] } },
{ "type": "Feature", "properties": { "name": null, "waterway": "stream" }, "geometry": { "type": "LineString", "coordinates": [ [ 5.9833497, 8.7285039 ], [ 5.9832034, 8.7289058 ], [ 5.9833822, 8.7292513 ], [ 5.9833497, 8.7295166 ], [ 5.9831464, 8.7296693 ], [ 5.9830489, 8.7296693 ], [ 5.9830164, 8.7295487 ], [ 5.9828619, 8.7296773 ], [ 5.9827968, 8.7299264 ], [ 5.9827968, 8.7302077 ], [ 5.9826423, 8.7304649 ], [ 5.9823821, 8.7309632 ], [ 5.9822114, 8.7316383 ], [ 5.982065, 8.7319919 ], [ 5.9818536, 8.7323937 ], [ 5.981878, 8.7325785 ], [ 5.9818536, 8.7328357 ], [ 5.9818314, 8.7330684 ] ] } },
{ "type": "Feature", "properties": { "name": null, "waterway": "river" }, "geometry": { "type": "LineString", "coordinates": [ [ 5.8844487, 8.7307078 ], [ 5.8848026, 8.7309877 ], [ 5.8851706, 8.7313305 ], [ 5.8852556, 8.7317713 ] ] } },
{ "type": "Feature", "properties": { "name": null, "waterway": "river" }, "geometry": { "type": "LineString", "coordinates": [ [ 5.8754591, 8.7292736 ], [ 5.8754166, 8.7288538 ], [ 5.8755108, 8.7287972 ], [ 5.8763722, 8.7282801 ], [ 5.8775755, 8.7282661 ], [ 5.8784745, 8.7292036 ], [ 5.8798123, 8.7297423 ], [ 5.8836417, 8.730386 ], [ 5.8844487, 8.7307078 ], [ 5.8842788, 8.7310577 ], [ 5.8848096, 8.7316873 ], [ 5.8852556, 8.7317713 ], [ 5.8856095, 8.7321701 ], [ 5.8861758, 8.7332265 ], [ 5.888605, 8.7350006 ] ] } },
{ "type": "Feature", "properties": { "name": null, "waterway": "river" }, "geometry": { "type": "LineString", "coordinates": [ [ 6.1132205, 8.7295507 ], [ 6.1129518, 8.7303335 ], [ 6.1128707, 8.7308679 ], [ 6.1129653, 8.731389 ], [ 6.1133979, 8.7320704 ], [ 6.1141549, 8.7326449 ], [ 6.1151417, 8.7328186 ], [ 6.1163582, 8.7329255 ], [ 6.1171287, 8.7332729 ], [ 6.1175255, 8.7335823 ], [ 6.118019, 8.7340913 ], [ 6.1183914, 8.7343507 ] ] } },
{ "type": "Feature", "properties": { "name": null, "waterway": "stream" }, "geometry": { "type": "LineString", "coordinates": [ [ 5.9299371, 8.7320142 ], [ 5.9307997, 8.7321304 ], [ 5.9315615, 8.7323743 ], [ 5.932452, 8.732491 ], [ 5.9338897, 8.7325758 ], [ 5.9353595, 8.7325122 ], [ 5.9365504, 8.7326925 ], [ 5.9382026, 8.7328515 ], [ 5.9401875, 8.7337529 ], [ 5.9408435, 8.7343366 ] ] } },
{ "type": "Feature", "properties": { "name": null, "waterway": "river" }, "geometry": { "type": "LineString", "coordinates": [ [ 6.0644587, 8.73665 ], [ 6.0650293, 8.7368685 ], [ 6.0655285, 8.7369954 ], [ 6.0660206, 8.7369813 ], [ 6.0665055, 8.7369531 ], [ 6.0668041, 8.7369109 ], [ 6.0673399, 8.7367276 ], [ 6.0681957, 8.7362341 ], [ 6.0688162, 8.7357337 ], [ 6.0691585, 8.7352825 ], [ 6.0693939, 8.7348173 ], [ 6.0696435, 8.7342463 ], [ 6.0698218, 8.733344 ], [ 6.0702069, 8.7325475 ], [ 6.0706062, 8.7317369 ], [ 6.0710341, 8.7312293 ], [ 6.0721609, 8.7305174 ], [ 6.0729312, 8.7302002 ], [ 6.0738512, 8.7299253 ], [ 6.0746713, 8.7297984 ], [ 6.0762902, 8.7295869 ], [ 6.0769534, 8.7294812 ], [ 6.0778021, 8.7294882 ], [ 6.0782942, 8.7295376 ], [ 6.0789214, 8.7297798 ], [ 6.0791139, 8.7301491 ], [ 6.0791931, 8.7307309 ] ] } },
{ "type": "Feature", "properties": { "name": null, "waterway": "stream" }, "geometry": { "type": "LineString", "coordinates": [ [ 5.7296087, 8.7139344 ], [ 5.7296362, 8.7139593 ], [ 5.7296889, 8.7140885 ], [ 5.7297989, 8.7142403 ], [ 5.7298264, 8.7143309 ], [ 5.729815, 8.7144215 ], [ 5.7297852, 8.7144578 ], [ 5.729611, 8.7145393 ], [ 5.7295881, 8.7145778 ], [ 5.7295995, 8.714716 ], [ 5.7295697, 8.7147772 ], [ 5.729572, 8.7148248 ], [ 5.7295949, 8.7149154 ], [ 5.7296568, 8.7150491 ], [ 5.729666, 8.7151397 ], [ 5.7296454, 8.7151827 ], [ 5.7295193, 8.7152439 ], [ 5.7295078, 8.7153413 ], [ 5.7295353, 8.7154365 ], [ 5.7296247, 8.7156109 ], [ 5.7296385, 8.7156631 ], [ 5.7296316, 8.7157084 ], [ 5.7295926, 8.7157899 ], [ 5.7295514, 8.7158081 ], [ 5.7293589, 8.7158284 ], [ 5.7292786, 8.715876 ], [ 5.7292947, 8.716012 ], [ 5.729352, 8.716157 ], [ 5.7293359, 8.7162023 ], [ 5.7292649, 8.7162566 ], [ 5.7292099, 8.7163926 ], [ 5.7290013, 8.7164923 ], [ 5.7289394, 8.7165648 ], [ 5.7289234, 8.7166984 ], [ 5.7289784, 8.7167777 ], [ 5.7290655, 8.7168276 ], [ 5.7291021, 8.7168684 ], [ 5.7291205, 8.7169612 ], [ 5.7290999, 8.7170496 ], [ 5.7290723, 8.7170859 ], [ 5.7289211, 8.7171946 ], [ 5.7288913, 8.7172309 ], [ 5.7288684, 8.7173169 ], [ 5.7288821, 8.7174076 ], [ 5.728983, 8.7175186 ], [ 5.7290632, 8.7175752 ], [ 5.7291113, 8.7176681 ], [ 5.7291251, 8.717761 ], [ 5.7290678, 8.7178833 ], [ 5.7290517, 8.7179785 ], [ 5.7290655, 8.7180805 ], [ 5.7290838, 8.7181235 ], [ 5.7292511, 8.7182368 ], [ 5.7292763, 8.718273 ], [ 5.7292718, 8.7183183 ], [ 5.7292236, 8.7183908 ], [ 5.7290999, 8.7184633 ], [ 5.7290357, 8.7185358 ], [ 5.7290242, 8.7186242 ], [ 5.7288638, 8.7189119 ], [ 5.7288706, 8.7190139 ], [ 5.7289371, 8.7191997 ], [ 5.7289417, 8.7192948 ], [ 5.7287423, 8.7195644 ], [ 5.7286162, 8.7197683 ], [ 5.7286139, 8.7199609 ], [ 5.7285841, 8.7200538 ], [ 5.7285566, 8.7200923 ], [ 5.7283962, 8.7201875 ], [ 5.7283251, 8.7202486 ], [ 5.7282793, 8.7204049 ], [ 5.7283091, 8.7205613 ], [ 5.7286689, 8.7208354 ], [ 5.7287194, 8.7209215 ], [ 5.7287171, 8.7210144 ], [ 5.7286506, 8.7211979 ], [ 5.7286506, 8.7212863 ], [ 5.7287079, 8.7213656 ], [ 5.7287858, 8.721429 ], [ 5.7288431, 8.7215151 ], [ 5.7288431, 8.7217009 ], [ 5.7288729, 8.7217892 ], [ 5.7289463, 8.7218572 ], [ 5.7291136, 8.721898 ], [ 5.7292167, 8.7220022 ], [ 5.7293222, 8.7221721 ], [ 5.7295399, 8.7227204 ], [ 5.7295239, 8.7230058 ], [ 5.7295101, 8.7230489 ], [ 5.7294505, 8.7231146 ], [ 5.729446, 8.7231621 ], [ 5.7294551, 8.7233003 ], [ 5.7295056, 8.7234929 ], [ 5.7295904, 8.7236039 ], [ 5.7298746, 8.723681 ], [ 5.729964, 8.7237172 ], [ 5.7299961, 8.7237557 ], [ 5.7300121, 8.7238463 ], [ 5.7299777, 8.7239913 ], [ 5.7299777, 8.7240842 ], [ 5.7300556, 8.7243561 ], [ 5.7300167, 8.724449 ], [ 5.7298173, 8.724517 ], [ 5.7297302, 8.7245283 ], [ 5.7296385, 8.724526 ], [ 5.7295491, 8.7244988 ], [ 5.7294322, 8.7243425 ], [ 5.7293909, 8.7243131 ], [ 5.7292534, 8.7243221 ], [ 5.7291434, 8.7244127 ], [ 5.7291274, 8.7244558 ], [ 5.7291365, 8.7245034 ], [ 5.729297, 8.7246302 ], [ 5.7293841, 8.7247435 ], [ 5.7294643, 8.7248001 ], [ 5.7294987, 8.7248387 ], [ 5.7294987, 8.7248862 ], [ 5.7294826, 8.7249315 ], [ 5.7293543, 8.7249633 ], [ 5.7293176, 8.7249927 ], [ 5.7292397, 8.725106 ], [ 5.7292534, 8.7254775 ], [ 5.7291617, 8.7256928 ], [ 5.7291067, 8.7261504 ], [ 5.7290632, 8.7262841 ], [ 5.7288981, 8.7266488 ], [ 5.7288546, 8.7266647 ], [ 5.7284764, 8.7266602 ], [ 5.7284329, 8.7266806 ], [ 5.7283733, 8.7267553 ], [ 5.7283618, 8.7268482 ], [ 5.7283893, 8.7269434 ], [ 5.7283916, 8.7271337 ], [ 5.7283824, 8.7275029 ], [ 5.7283664, 8.7275958 ], [ 5.7282816, 8.7277907 ], [ 5.7282243, 8.7278677 ], [ 5.7281876, 8.7279561 ], [ 5.7281739, 8.7280942 ], [ 5.7280799, 8.7284228 ], [ 5.7280111, 8.7285904 ], [ 5.7279263, 8.7287173 ], [ 5.7279171, 8.7288487 ], [ 5.7279492, 8.7290435 ], [ 5.7281441, 8.7293901 ], [ 5.7283389, 8.7298183 ], [ 5.7283733, 8.7298523 ], [ 5.7285131, 8.7298999 ], [ 5.7286025, 8.729952 ], [ 5.7287446, 8.7301468 ], [ 5.7289142, 8.7302465 ], [ 5.7289944, 8.7303213 ], [ 5.7290586, 8.7304481 ], [ 5.7290838, 8.7305818 ], [ 5.7290196, 8.7307064 ], [ 5.7289257, 8.7307404 ], [ 5.7285864, 8.7307245 ], [ 5.7285429, 8.7307268 ], [ 5.7285039, 8.7307494 ], [ 5.7283641, 8.7309443 ], [ 5.7283137, 8.7311323 ], [ 5.7282037, 8.7312275 ], [ 5.7281922, 8.7313747 ], [ 5.7282197, 8.731522 ], [ 5.7283251, 8.7317463 ], [ 5.7284352, 8.7319094 ], [ 5.7286162, 8.7323013 ], [ 5.7286231, 8.7323489 ], [ 5.7286185, 8.7323942 ], [ 5.7285933, 8.7324327 ], [ 5.7285291, 8.7324984 ], [ 5.7284099, 8.7325709 ], [ 5.7283274, 8.7326842 ], [ 5.7283068, 8.7327725 ], [ 5.7282976, 8.7329515 ], [ 5.728183, 8.733101 ], [ 5.7281532, 8.7331486 ], [ 5.7281441, 8.733271 ], [ 5.7281876, 8.7333652 ], [ 5.7282746, 8.7334237 ], [ 5.7285209, 8.7335374 ], [ 5.7285841, 8.7336159 ], [ 5.7285955, 8.7337537 ], [ 5.7283644, 8.7340938 ], [ 5.7283028, 8.7342124 ], [ 5.7281861, 8.7343886 ], [ 5.7279819, 8.7350742 ], [ 5.7279819, 8.7351415 ], [ 5.7278814, 8.735401 ], [ 5.7278133, 8.7358688 ], [ 5.7277355, 8.7361956 ], [ 5.7278522, 8.7363622 ], [ 5.7279041, 8.7364871 ], [ 5.7279235, 8.7365512 ], [ 5.7279268, 8.7366826 ], [ 5.7279041, 8.7367466 ], [ 5.727635, 8.7369677 ], [ 5.7275994, 8.7370254 ], [ 5.7275767, 8.7371599 ], [ 5.7275961, 8.7372272 ], [ 5.7278749, 8.7374098 ], [ 5.7279106, 8.7374803 ], [ 5.7279041, 8.7376213 ], [ 5.7278295, 8.7379481 ], [ 5.7278198, 8.7380827 ], [ 5.7278457, 8.7381435 ], [ 5.72793, 8.7382685 ], [ 5.7279851, 8.7383069 ], [ 5.7280532, 8.7383069 ], [ 5.7283157, 8.7382589 ], [ 5.7284292, 8.7383229 ], [ 5.728507, 8.7384351 ], [ 5.7285167, 8.7390598 ], [ 5.7285913, 8.7394443 ], [ 5.7286885, 8.7396141 ], [ 5.7288182, 8.7397679 ], [ 5.7289478, 8.7397935 ], [ 5.7291488, 8.7397999 ], [ 5.7293368, 8.7398576 ], [ 5.7294567, 8.7400338 ], [ 5.729473, 8.7401684 ], [ 5.729447, 8.7402292 ], [ 5.7292882, 8.7403638 ], [ 5.7292525, 8.7404215 ], [ 5.7292298, 8.740492 ], [ 5.7292136, 8.7406233 ], [ 5.7291067, 8.740713 ], [ 5.7290191, 8.7408252 ], [ 5.7289673, 8.7409565 ], [ 5.7289057, 8.741232 ], [ 5.7288765, 8.7412929 ], [ 5.7287663, 8.7413794 ], [ 5.7287144, 8.7415044 ], [ 5.7287144, 8.7415748 ], [ 5.7287987, 8.7417575 ], [ 5.7288992, 8.7418376 ], [ 5.728964, 8.7418728 ], [ 5.7292396, 8.7419177 ], [ 5.7293044, 8.7419433 ], [ 5.7294211, 8.7420106 ], [ 5.7295151, 8.7421035 ], [ 5.7295443, 8.7421676 ], [ 5.7295637, 8.7422989 ], [ 5.7296059, 8.7427699 ], [ 5.7296253, 8.7428404 ], [ 5.7297323, 8.7430038 ], [ 5.7297874, 8.7430454 ], [ 5.7299138, 8.7430806 ], [ 5.7301699, 8.7430454 ], [ 5.7303644, 8.7430967 ], [ 5.7304, 8.7431543 ], [ 5.7304065, 8.7432889 ], [ 5.7303157, 8.7434779 ], [ 5.7302185, 8.7438111 ], [ 5.730199, 8.7439457 ], [ 5.7302088, 8.7440098 ], [ 5.7302379, 8.7440674 ], [ 5.7307339, 8.7446409 ], [ 5.7309089, 8.7450125 ], [ 5.7311164, 8.7452721 ], [ 5.7311618, 8.745413 ], [ 5.7311229, 8.7456821 ], [ 5.7311326, 8.7458199 ], [ 5.7311585, 8.7458872 ], [ 5.7312785, 8.7460506 ], [ 5.7314341, 8.7461819 ], [ 5.7315216, 8.7462941 ], [ 5.7315832, 8.746419 ], [ 5.7315832, 8.7465568 ], [ 5.7314373, 8.747079 ], [ 5.7313887, 8.7474058 ], [ 5.7313887, 8.7475403 ], [ 5.7314204, 8.7476602 ], [ 5.7314438, 8.7477486 ], [ 5.7316026, 8.748133 ], [ 5.7316318, 8.7481939 ], [ 5.7316804, 8.7482388 ], [ 5.7317452, 8.7482324 ], [ 5.7318457, 8.7480593 ], [ 5.7319657, 8.7480305 ], [ 5.7320305, 8.7480337 ], [ 5.7320856, 8.7480722 ], [ 5.7322606, 8.7483637 ], [ 5.7323319, 8.748636 ], [ 5.7323417, 8.7488347 ], [ 5.7323773, 8.748966 ], [ 5.7324, 8.7490365 ], [ 5.7325653, 8.7493152 ], [ 5.7326561, 8.7494113 ], [ 5.7327728, 8.749469 ], [ 5.732964, 8.7494946 ], [ 5.7330191, 8.7495235 ], [ 5.733058, 8.7495747 ], [ 5.7330905, 8.749767 ], [ 5.7330742, 8.7498374 ], [ 5.7330386, 8.7498919 ], [ 5.7329154, 8.7499656 ], [ 5.7328635, 8.7500169 ], [ 5.7328084, 8.7501418 ], [ 5.7327955, 8.7502059 ], [ 5.7328182, 8.7508274 ], [ 5.7328895, 8.7510965 ], [ 5.7329673, 8.7512086 ], [ 5.7331002, 8.7513016 ], [ 5.7332979, 8.7513208 ], [ 5.7333627, 8.75134 ], [ 5.7334178, 8.7513881 ], [ 5.7334211, 8.7515867 ], [ 5.7335183, 8.7517725 ], [ 5.7335281, 8.7518398 ], [ 5.7334665, 8.7519615 ], [ 5.7334373, 8.7521698 ], [ 5.7334827, 8.7523011 ], [ 5.7335799, 8.7524805 ], [ 5.7336253, 8.7526055 ], [ 5.7336415, 8.7527368 ], [ 5.733635, 8.7528746 ], [ 5.733661, 8.7529355 ], [ 5.7337161, 8.7529675 ], [ 5.7337776, 8.7529771 ], [ 5.7338263, 8.7530252 ], [ 5.7338814, 8.7531565 ], [ 5.7339235, 8.7532078 ], [ 5.7341861, 8.7532719 ], [ 5.7342477, 8.7533007 ], [ 5.7342995, 8.7533391 ], [ 5.7343384, 8.7533968 ], [ 5.7343579, 8.7534577 ], [ 5.7343157, 8.7536018 ], [ 5.734225, 8.7537044 ], [ 5.7341569, 8.7537044 ], [ 5.7340986, 8.7536691 ], [ 5.7340337, 8.7536948 ], [ 5.7340046, 8.7537524 ], [ 5.7340078, 8.7538165 ], [ 5.7340402, 8.7538742 ], [ 5.7340434, 8.754076 ], [ 5.7340629, 8.7541433 ], [ 5.7340921, 8.7542009 ], [ 5.7341472, 8.7542458 ], [ 5.734212, 8.7542362 ], [ 5.7342671, 8.7541176 ], [ 5.7343352, 8.7541176 ], [ 5.7343773, 8.7542426 ], [ 5.7344486, 8.7542618 ], [ 5.7345037, 8.7543003 ], [ 5.7345394, 8.7543579 ], [ 5.734494, 8.7544124 ], [ 5.7343708, 8.7544765 ], [ 5.7343255, 8.7545309 ], [ 5.7343935, 8.7546431 ], [ 5.7344454, 8.754768 ], [ 5.7345102, 8.7547808 ], [ 5.7345556, 8.7547328 ], [ 5.7346172, 8.7547263 ], [ 5.7346528, 8.7547808 ], [ 5.7346528, 8.7548481 ], [ 5.734695, 8.7549058 ], [ 5.7348149, 8.7549506 ], [ 5.7349187, 8.7550499 ], [ 5.7350094, 8.7552293 ], [ 5.7350159, 8.7552934 ], [ 5.7350613, 8.7554184 ], [ 5.7351877, 8.7555625 ], [ 5.735259, 8.7556779 ], [ 5.7352751, 8.7559237 ] ] } },
{ "type": "Feature", "properties": { "name": null, "waterway": "river" }, "geometry": { "type": "LineString", "coordinates": [ [ 5.888605, 8.7350006 ], [ 5.8896993, 8.7363155 ], [ 5.8903645, 8.7373971 ], [ 5.8915018, 8.7381394 ], [ 5.8924674, 8.738606 ], [ 5.8936475, 8.7388393 ], [ 5.8947419, 8.7388817 ], [ 5.8955787, 8.7386485 ], [ 5.8962439, 8.7383515 ], [ 5.896952, 8.7378213 ], [ 5.8975743, 8.7369942 ], [ 5.8978747, 8.7363579 ], [ 5.8983468, 8.7357641 ], [ 5.8987759, 8.7350218 ], [ 5.8992051, 8.73464 ], [ 5.8995699, 8.7343219 ], [ 5.9002994, 8.7340674 ], [ 5.901029, 8.7340674 ], [ 5.9018658, 8.7340886 ], [ 5.9027205, 8.7344799 ], [ 5.9032998, 8.7348031 ], [ 5.9040659, 8.7358651 ], [ 5.9051777, 8.7363638 ], [ 5.9058131, 8.7364284 ], [ 5.9065232, 8.73641 ], [ 5.9075696, 8.7360406 ], [ 5.9086254, 8.7349971 ], [ 5.9102698, 8.733935 ], [ 5.9120263, 8.7329839 ], [ 5.913353, 8.7319773 ], [ 5.9138388, 8.7306013 ], [ 5.9147732, 8.7287173 ], [ 5.9153991, 8.7283479 ], [ 5.9165297, 8.7281448 ], [ 5.9176415, 8.7283849 ], [ 5.9182768, 8.7294838 ], [ 5.9203323, 8.7301395 ], [ 5.9211639, 8.7300195 ], [ 5.9230418, 8.7294284 ], [ 5.9249478, 8.7290867 ], [ 5.9273584, 8.7293453 ], [ 5.928302, 8.7302134 ], [ 5.9291917, 8.7311932 ], [ 5.9299371, 8.7320142 ], [ 5.9331885, 8.7342767 ], [ 5.9351038, 8.7350617 ], [ 5.9365801, 8.7351356 ], [ 5.9390186, 8.7345907 ], [ 5.9408435, 8.7343366 ], [ 5.9416721, 8.7342213 ], [ 5.9434192, 8.7345815 ], [ 5.9455215, 8.7351171 ], [ 5.948287, 8.735939 ], [ 5.9509311, 8.7367978 ], [ 5.9533417, 8.7376012 ], [ 5.9567893, 8.7379245 ], [ 5.9594708, 8.7387648 ], [ 5.9633669, 8.7396883 ], [ 5.9671041, 8.7407595 ], [ 5.9697389, 8.7415352 ], [ 5.9710656, 8.7424587 ], [ 5.972379, 8.7431777 ], [ 5.9736442, 8.7436393 ], [ 5.9751463, 8.7440423 ], [ 5.9765619, 8.7440362 ] ] } },
{ "type": "Feature", "properties": { "name": null, "waterway": "river" }, "geometry": { "type": "LineString", "coordinates": [ [ 6.0894431, 8.7511182 ], [ 6.0902718, 8.7508713 ], [ 6.0908783, 8.7504072 ], [ 6.0914065, 8.7497692 ], [ 6.0921694, 8.7493051 ], [ 6.0931085, 8.748783 ], [ 6.0939106, 8.7481643 ], [ 6.0950257, 8.7478549 ], [ 6.0958669, 8.7474875 ], [ 6.0966886, 8.7467914 ], [ 6.0973146, 8.7462887 ], [ 6.0981363, 8.7458826 ], [ 6.0985863, 8.7453606 ], [ 6.0989971, 8.7450705 ], [ 6.0998579, 8.7448772 ], [ 6.1007382, 8.7448965 ], [ 6.1016382, 8.7450319 ], [ 6.1027141, 8.7452832 ], [ 6.1038684, 8.7455733 ], [ 6.1048466, 8.7457666 ], [ 6.1055704, 8.7457666 ], [ 6.1065877, 8.7458633 ], [ 6.1081137, 8.745786 ], [ 6.1091505, 8.7457086 ], [ 6.1101287, 8.7457666 ], [ 6.111009, 8.7456119 ], [ 6.1115959, 8.7452639 ], [ 6.1122415, 8.7446645 ], [ 6.1131219, 8.7441231 ], [ 6.1140218, 8.7434076 ], [ 6.1148239, 8.7429629 ], [ 6.1158608, 8.7428662 ], [ 6.1169368, 8.7428469 ], [ 6.1176019, 8.7424602 ], [ 6.118091, 8.7418221 ], [ 6.1182084, 8.7409713 ], [ 6.1182825, 8.740596 ], [ 6.1183649, 8.7401785 ], [ 6.1186975, 8.7393084 ], [ 6.1188735, 8.7387283 ], [ 6.1188344, 8.7378001 ], [ 6.1185018, 8.7370073 ], [ 6.1178758, 8.7363692 ], [ 6.1176606, 8.7359245 ], [ 6.1176606, 8.7355079 ], [ 6.1176606, 8.7352477 ], [ 6.1179736, 8.7345516 ], [ 6.1183914, 8.7343507 ], [ 6.1186975, 8.7342035 ], [ 6.1197735, 8.7338941 ], [ 6.1207516, 8.7335074 ], [ 6.1213385, 8.7330627 ], [ 6.1218276, 8.7324632 ], [ 6.122258, 8.7319411 ], [ 6.1228841, 8.7315351 ], [ 6.123471, 8.731013 ], [ 6.1243904, 8.7303749 ], [ 6.1250556, 8.7299495 ], [ 6.1256229, 8.7295047 ], [ 6.1265424, 8.729118 ], [ 6.127188, 8.7289246 ], [ 6.1276771, 8.7288859 ], [ 6.1283031, 8.7286346 ], [ 6.1286944, 8.7283252 ], [ 6.1293009, 8.7280738 ], [ 6.1302008, 8.7279384 ], [ 6.1311985, 8.7277837 ], [ 6.1320984, 8.727571 ], [ 6.132744, 8.7272616 ], [ 6.1335853, 8.7268942 ], [ 6.1340939, 8.7265655 ], [ 6.134446, 8.7260047 ], [ 6.1348178, 8.7251346 ], [ 6.1352677, 8.7244384 ], [ 6.1358351, 8.7238777 ], [ 6.1364415, 8.7233942 ], [ 6.1369893, 8.7229108 ], [ 6.1376153, 8.7224854 ], [ 6.1382022, 8.722234 ], [ 6.1389848, 8.7221953 ], [ 6.1400412, 8.7221953 ], [ 6.1410392, 8.7220408 ], [ 6.1418241, 8.7221017 ] ] } },
{ "type": "Feature", "properties": { "name": null, "waterway": "river" }, "geometry": { "type": "LineString", "coordinates": [ [ 5.8001791, 8.740171 ], [ 5.8016074, 8.7388992 ], [ 5.8023691, 8.7379448 ], [ 5.8027232, 8.7374464 ], [ 5.8029274, 8.7369442 ], [ 5.802722, 8.7363718 ], [ 5.8027687, 8.7359933 ], [ 5.802722, 8.7354671 ], [ 5.8026005, 8.7350517 ], [ 5.8024604, 8.7346547 ], [ 5.8020588, 8.7342393 ], [ 5.8012089, 8.73387 ], [ 5.8009193, 8.7336854 ], [ 5.8006935, 8.7337546 ], [ 5.8005919, 8.7337225 ], [ 5.8004699, 8.7336903 ], [ 5.8003846, 8.7336903 ], [ 5.8002667, 8.7336381 ], [ 5.8000837, 8.7337385 ], [ 5.8000065, 8.7336903 ], [ 5.7998764, 8.7336702 ], [ 5.7997503, 8.7336019 ], [ 5.7997422, 8.7335015 ], [ 5.7995105, 8.7334854 ], [ 5.7993479, 8.7334653 ], [ 5.7992056, 8.7334452 ], [ 5.7989738, 8.7334934 ], [ 5.7988844, 8.7335095 ], [ 5.798673, 8.7334452 ], [ 5.7985104, 8.7333809 ], [ 5.7982949, 8.7333327 ], [ 5.7981323, 8.7333327 ], [ 5.7979128, 8.7333367 ], [ 5.7977298, 8.7334653 ], [ 5.7974371, 8.7336381 ], [ 5.7971932, 8.7338109 ], [ 5.7970631, 8.733843 ], [ 5.796872, 8.7338511 ], [ 5.7967988, 8.7338953 ], [ 5.7967175, 8.7339234 ], [ 5.7965711, 8.7339636 ], [ 5.7964274, 8.7339705 ] ] } },
{ "type": "Feature", "properties": { "name": null, "waterway": "stream" }, "geometry": { "type": "LineString", "coordinates": [ [ 5.986344, 8.7299028 ], [ 5.9858397, 8.7304383 ], [ 5.9856902, 8.7308999 ], [ 5.9853727, 8.7315092 ], [ 5.9853166, 8.7319892 ], [ 5.9851111, 8.7321554 ], [ 5.9846441, 8.7322108 ], [ 5.9841398, 8.7325062 ], [ 5.9838409, 8.7328385 ], [ 5.9833739, 8.7327831 ], [ 5.9831684, 8.7325062 ], [ 5.9828322, 8.7326724 ], [ 5.9824586, 8.7329862 ], [ 5.9822905, 8.7331155 ], [ 5.9819916, 8.7330232 ], [ 5.9818314, 8.7330684 ], [ 5.9815993, 8.7331339 ], [ 5.9812752, 8.7332519 ], [ 5.9808389, 8.7337561 ], [ 5.9808521, 8.7343895 ], [ 5.9804225, 8.7350172 ], [ 5.9799928, 8.7353495 ], [ 5.9795071, 8.7360142 ], [ 5.9794324, 8.7363466 ], [ 5.979806, 8.7366789 ], [ 5.9799368, 8.7370851 ], [ 5.9798434, 8.7373067 ], [ 5.9796939, 8.7374913 ], [ 5.9798247, 8.737639 ], [ 5.97975, 8.7379713 ], [ 5.9796939, 8.7385437 ], [ 5.9798247, 8.7388391 ], [ 5.9798807, 8.7389868 ], [ 5.9796379, 8.7396699 ], [ 5.9795258, 8.739873 ], [ 5.9794698, 8.7400761 ], [ 5.9794511, 8.7403531 ], [ 5.9791149, 8.7406485 ], [ 5.9787786, 8.7408331 ], [ 5.9784424, 8.7414978 ], [ 5.977938, 8.7419409 ], [ 5.9770974, 8.7427717 ], [ 5.9761441, 8.7433106 ], [ 5.9751463, 8.7440423 ] ] } },
{ "type": "Feature", "properties": { "name": "Le Niger", "waterway": "river" }, "geometry": { "type": "MultiLineString", "coordinates": [ [ [ 6.124741920849162, 8.754270984887111 ], [ 6.1282682, 8.7524619 ], [ 6.1326456, 8.749408 ], [ 6.133582608970183, 8.74837189165982 ] ], [ [ 6.137981511390626, 8.740948723923104 ], [ 6.1383748, 8.7382948 ], [ 6.1388469, 8.7353256 ], [ 6.1396408, 8.7325896 ], [ 6.1408853, 8.7301082 ], [ 6.1424303, 8.7279661 ], [ 6.1447477, 8.7256543 ], [ 6.148335367741203, 8.722940410242797 ] ], [ [ 6.152943278522937, 8.720877466100406 ], [ 6.1555838, 8.7198216 ], [ 6.1590814, 8.7191005 ], [ 6.1643815, 8.7189733 ], [ 6.1676645, 8.7193338 ], [ 6.1704325, 8.7203307 ], [ 6.1716985, 8.7211155 ], [ 6.173737, 8.7227061 ], [ 6.175433475213232, 8.724737087302634 ] ] ] } },
{ "type": "Feature", "properties": { "name": null, "waterway": "stream" }, "geometry": { "type": "LineString", "coordinates": [ [ 5.7516261, 8.7362182 ], [ 5.7516646, 8.7362131 ], [ 5.7516924, 8.7361826 ], [ 5.7517447, 8.7361766 ], [ 5.7518218, 8.7362344 ], [ 5.7518618, 8.7362405 ], [ 5.7519542, 8.7363045 ], [ 5.7519481, 8.7363684 ], [ 5.7520035, 8.7364202 ], [ 5.7520621, 8.7364628 ], [ 5.7521422, 8.736475 ], [ 5.7521699, 8.736478 ], [ 5.7522007, 8.7365724 ], [ 5.7523086, 8.7365694 ], [ 5.7523301, 8.7366882 ], [ 5.7523671, 8.7367947 ], [ 5.7524195, 8.7368617 ], [ 5.7524534, 8.736947 ], [ 5.7525982, 8.7371145 ], [ 5.752669, 8.7373216 ], [ 5.7527091, 8.7373977 ], [ 5.7527892, 8.7375104 ], [ 5.752857, 8.7375926 ], [ 5.7529217, 8.7376962 ], [ 5.7529926, 8.7377144 ], [ 5.7530942, 8.7377845 ], [ 5.7531435, 8.7378636 ], [ 5.7531682, 8.7379246 ], [ 5.7532452, 8.7380098 ], [ 5.7533284, 8.738156 ], [ 5.7533746, 8.7382534 ], [ 5.7534886, 8.7383204 ], [ 5.7535749, 8.7383813 ], [ 5.7536704, 8.7384666 ], [ 5.7537012, 8.7384971 ], [ 5.7537998, 8.7384666 ], [ 5.7538799, 8.7384666 ], [ 5.7539693, 8.7385336 ], [ 5.7540555, 8.7385976 ], [ 5.7541202, 8.738692 ], [ 5.7542373, 8.738762 ], [ 5.7542589, 8.7388869 ], [ 5.7543297, 8.7389264 ], [ 5.7543944, 8.7389599 ], [ 5.7544591, 8.7390148 ], [ 5.7544838, 8.7390757 ], [ 5.7544838, 8.7391366 ], [ 5.7545485, 8.7391914 ], [ 5.7546502, 8.7392036 ], [ 5.7547765, 8.7391944 ], [ 5.754872, 8.7391792 ], [ 5.7549429, 8.7391914 ], [ 5.7549798, 8.7392553 ], [ 5.7550014, 8.7393589 ], [ 5.7550199, 8.7394411 ], [ 5.7550661, 8.7394929 ], [ 5.7551462, 8.7395233 ], [ 5.7552325, 8.7395873 ], [ 5.7553311, 8.7396482 ], [ 5.7554728, 8.7396482 ], [ 5.7555714, 8.7397182 ], [ 5.7556515, 8.7397974 ], [ 5.7557193, 8.7397944 ], [ 5.7557871, 8.7398674 ], [ 5.7558887, 8.7398888 ], [ 5.7560274, 8.7398979 ], [ 5.7561537, 8.7399558 ], [ 5.7563263, 8.7399893 ], [ 5.7566097, 8.7400197 ], [ 5.7567391, 8.7400867 ], [ 5.7569363, 8.7402146 ], [ 5.7570688, 8.7402237 ], [ 5.7572013, 8.740306 ], [ 5.7573707, 8.740379 ], [ 5.7574416, 8.7403973 ], [ 5.7576203, 8.7404217 ], [ 5.7577528, 8.7404734 ], [ 5.7578329, 8.740513 ], [ 5.7579746, 8.7404734 ], [ 5.7580917, 8.7404856 ], [ 5.7581626, 8.7405465 ], [ 5.7583012, 8.7406623 ], [ 5.7584306, 8.7406257 ], [ 5.7585631, 8.7406044 ], [ 5.7586771, 8.7406105 ], [ 5.7588219, 8.7405648 ], [ 5.7589328, 8.7405069 ] ] } },
{ "type": "Feature", "properties": { "name": null, "waterway": "river" }, "geometry": { "type": "LineString", "coordinates": [ [ 6.0644587, 8.7436196 ], [ 6.0649963, 8.7437377 ], [ 6.0660915, 8.7438164 ], [ 6.0673459, 8.7438164 ], [ 6.0684609, 8.7441707 ], [ 6.0692375, 8.7450366 ], [ 6.0699742, 8.7460599 ], [ 6.0704321, 8.7472014 ], [ 6.0708702, 8.7474375 ], [ 6.0713481, 8.7475753 ], [ 6.0720051, 8.7474178 ], [ 6.0724631, 8.7469455 ], [ 6.0731998, 8.7464142 ], [ 6.0737374, 8.7460206 ], [ 6.0740048, 8.7456648 ], [ 6.074201, 8.7450831 ], [ 6.0744273, 8.7444716 ], [ 6.0745957, 8.7439365 ], [ 6.0747442, 8.7434276 ], [ 6.0747291, 8.742667 ], [ 6.0745782, 8.7416528 ], [ 6.0742915, 8.7411009 ], [ 6.0738539, 8.7401613 ], [ 6.0731749, 8.7394901 ], [ 6.072692, 8.7387295 ], [ 6.0719526, 8.7379539 ], [ 6.0716055, 8.7373722 ], [ 6.0714244, 8.7366116 ], [ 6.0713942, 8.7359255 ], [ 6.0714697, 8.735135 ], [ 6.0717866, 8.7343146 ], [ 6.0721337, 8.7337628 ], [ 6.0725713, 8.7333153 ], [ 6.0731749, 8.7326292 ], [ 6.0737181, 8.7320177 ], [ 6.0743066, 8.731615 ], [ 6.075046, 8.7312123 ], [ 6.0758307, 8.7308245 ], [ 6.0769323, 8.730571 ], [ 6.0777019, 8.730556 ], [ 6.0784262, 8.7306455 ], [ 6.0791931, 8.7307309 ], [ 6.0805991, 8.7308544 ], [ 6.0814895, 8.7308693 ], [ 6.0824703, 8.7308693 ], [ 6.0834512, 8.7308394 ], [ 6.0841453, 8.7307798 ], [ 6.0844018, 8.7306605 ], [ 6.0846282, 8.7303621 ], [ 6.08493, 8.7302727 ], [ 6.0856694, 8.7305859 ], [ 6.0864541, 8.7311079 ], [ 6.0876764, 8.7319432 ], [ 6.0887628, 8.7327038 ], [ 6.0895475, 8.7333303 ], [ 6.090634, 8.7341506 ], [ 6.0919201, 8.7350154 ], [ 6.0931657, 8.7360335 ], [ 6.0938124, 8.7366846 ], [ 6.0945909, 8.7378092 ], [ 6.0954293, 8.738697 ], [ 6.0957048, 8.7394546 ], [ 6.0959803, 8.7402714 ], [ 6.0961839, 8.7406976 ], [ 6.0964805, 8.7409692 ], [ 6.0969439, 8.7408956 ], [ 6.0978542, 8.7405194 ], [ 6.0989466, 8.7398814 ], [ 6.1000058, 8.7386708 ], [ 6.1006844, 8.7373294 ], [ 6.1010651, 8.736266 ], [ 6.1013796, 8.7354317 ], [ 6.1024223, 8.7343847 ], [ 6.1032333, 8.7341393 ], [ 6.1043919, 8.7342702 ], [ 6.1054843, 8.7344665 ], [ 6.1066097, 8.7345647 ], [ 6.1080662, 8.7347446 ], [ 6.1102344, 8.7353826 ], [ 6.1115089, 8.7357916 ], [ 6.1121378, 8.7362006 ], [ 6.1129488, 8.7368222 ], [ 6.1135612, 8.7374929 ], [ 6.1139088, 8.7381146 ], [ 6.1148356, 8.7386054 ], [ 6.1158784, 8.7386872 ], [ 6.1165073, 8.7383927 ], [ 6.1170535, 8.7376402 ], [ 6.1174673, 8.7370676 ], [ 6.1178758, 8.7363692 ] ] } },
{ "type": "Feature", "properties": { "name": null, "waterway": "stream" }, "geometry": { "type": "LineString", "coordinates": [ [ 5.7213584, 8.7406834 ], [ 5.7216936, 8.7404103 ], [ 5.7225412, 8.7400153 ], [ 5.7233781, 8.7396654 ], [ 5.7238126, 8.7395196 ], [ 5.7239413, 8.7395461 ], [ 5.7240808, 8.7394533 ], [ 5.7244348, 8.739342 ], [ 5.7246253, 8.7393764 ], [ 5.7247728, 8.7392889 ], [ 5.724915, 8.7392147 ], [ 5.7250464, 8.7391431 ], [ 5.7252261, 8.7390742 ], [ 5.7253093, 8.7387852 ], [ 5.7256418, 8.7387269 ], [ 5.7258001, 8.7385334 ], [ 5.7260817, 8.738597 ], [ 5.7262453, 8.7385228 ], [ 5.7264143, 8.7386235 ], [ 5.7265216, 8.7386103 ], [ 5.7267389, 8.7387773 ], [ 5.7274014, 8.7387057 ], [ 5.7277232, 8.7386182 ], [ 5.7280585, 8.7386182 ], [ 5.7283375, 8.7384989 ], [ 5.728507, 8.7384351 ] ] } },
{ "type": "Feature", "properties": { "name": null, "waterway": "stream" }, "geometry": { "type": "LineString", "coordinates": [ [ 5.7595533, 8.7399926 ], [ 5.759724, 8.7398077 ] ] } },
{ "type": "Feature", "properties": { "name": null, "waterway": "stream" }, "geometry": { "type": "LineString", "coordinates": [ [ 5.7589328, 8.7405069 ], [ 5.7590573, 8.7404587 ], [ 5.7592443, 8.7402578 ], [ 5.7594069, 8.740089 ], [ 5.7595533, 8.7399926 ] ] } },
{ "type": "Feature", "properties": { "name": null, "waterway": "river" }, "geometry": { "type": "LineString", "coordinates": [ [ 6.1014822, 8.7438333 ], [ 6.1021972, 8.7435482 ], [ 6.1029372, 8.7436721 ], [ 6.1037525, 8.7438953 ], [ 6.1044048, 8.7439821 ], [ 6.1048689, 8.7437217 ], [ 6.1048313, 8.7428787 ], [ 6.1043295, 8.7422464 ], [ 6.1040787, 8.7416513 ], [ 6.1040034, 8.741143 ], [ 6.1041288, 8.7405975 ], [ 6.1040034, 8.7402008 ], [ 6.1036271, 8.7395437 ], [ 6.1034264, 8.7387378 ], [ 6.1035644, 8.737932 ], [ 6.1042041, 8.7371633 ], [ 6.1049191, 8.7367046 ], [ 6.1057219, 8.7366054 ], [ 6.1065748, 8.7367666 ], [ 6.1074152, 8.7370269 ], [ 6.108657, 8.7374733 ], [ 6.1101873, 8.7384651 ], [ 6.1110402, 8.739147 ], [ 6.1118179, 8.7400148 ], [ 6.1121817, 8.7407091 ], [ 6.1124451, 8.7414034 ], [ 6.1127461, 8.741986 ], [ 6.1135238, 8.7423828 ], [ 6.1142514, 8.74242 ], [ 6.1149036, 8.7423084 ], [ 6.1154806, 8.7423332 ], [ 6.1160074, 8.7422836 ], [ 6.1164966, 8.7418745 ], [ 6.1169607, 8.7414653 ], [ 6.1175126, 8.741143 ], [ 6.1180018, 8.7407339 ], [ 6.1182825, 8.740596 ] ] } },
{ "type": "Feature", "properties": { "name": null, "waterway": "stream" }, "geometry": { "type": "LineString", "coordinates": [ [ 5.7614574, 8.7412401 ], [ 5.7615352, 8.7410254 ], [ 5.7615137, 8.7409061 ], [ 5.7615674, 8.7407046 ], [ 5.7614735, 8.7405323 ], [ 5.7612455, 8.7403228 ], [ 5.761106, 8.7399146 ], [ 5.7611489, 8.7395408 ], [ 5.7611275, 8.7394427 ], [ 5.7610229, 8.7393897 ], [ 5.7608104, 8.7393526 ] ] } },
{ "type": "Feature", "properties": { "name": null, "waterway": "stream" }, "geometry": { "type": "LineString", "coordinates": [ [ 5.7620743, 8.7409697 ], [ 5.7619402, 8.740914 ], [ 5.7617934, 8.7408942 ] ] } },
{ "type": "Feature", "properties": { "name": null, "waterway": "stream" }, "geometry": { "type": "LineString", "coordinates": [ [ 5.7619724, 8.7411897 ], [ 5.7618999, 8.7410148 ], [ 5.7617934, 8.7408942 ], [ 5.7617524, 8.7408478 ], [ 5.7615674, 8.7407046 ] ] } },
{ "type": "Feature", "properties": { "name": null, "waterway": "stream" }, "geometry": { "type": "LineString", "coordinates": [ [ 5.759724, 8.7398077 ], [ 5.7600899, 8.7396872 ], [ 5.7603257, 8.7396631 ], [ 5.7606754, 8.7394943 ], [ 5.7608104, 8.7393526 ], [ 5.7609356, 8.7392211 ], [ 5.761212, 8.7389237 ], [ 5.7614478, 8.7387469 ], [ 5.7617893, 8.7386746 ], [ 5.7620983, 8.7386264 ], [ 5.7625048, 8.7385781 ], [ 5.7627162, 8.7384335 ], [ 5.7629602, 8.7384737 ], [ 5.7632204, 8.7384013 ], [ 5.7635862, 8.7386022 ], [ 5.7637326, 8.7388675 ], [ 5.7639928, 8.7389559 ], [ 5.7642692, 8.7390282 ], [ 5.7644806, 8.7391166 ], [ 5.7648303, 8.73943 ], [ 5.7650498, 8.7395104 ], [ 5.765123, 8.7396791 ], [ 5.7653344, 8.7398881 ], [ 5.7655539, 8.7401051 ], [ 5.765806, 8.7401372 ], [ 5.7660011, 8.7402658 ], [ 5.7663101, 8.7402658 ], [ 5.766554, 8.7402658 ], [ 5.7669525, 8.7402497 ], [ 5.7671395, 8.740314 ], [ 5.7674078, 8.7404426 ], [ 5.767733, 8.7405069 ], [ 5.7679932, 8.7405069 ], [ 5.7682046, 8.7405391 ], [ 5.7683754, 8.7406757 ], [ 5.7686193, 8.7406837 ], [ 5.7688795, 8.740748 ], [ 5.7690584, 8.7408685 ], [ 5.7691072, 8.74119 ], [ 5.7689852, 8.7415517 ], [ 5.7689039, 8.7417445 ], [ 5.7690014, 8.7418892 ], [ 5.7691885, 8.7419535 ], [ 5.7693267, 8.7419937 ], [ 5.7695056, 8.7421222 ], [ 5.770091, 8.7422589 ], [ 5.7702943, 8.7424035 ], [ 5.7708228, 8.7425482 ], [ 5.7711399, 8.7426768 ], [ 5.771522, 8.7428053 ], [ 5.771831, 8.7429179 ], [ 5.7720668, 8.7431348 ], [ 5.7724327, 8.7433277 ], [ 5.77259, 8.7433706 ], [ 5.7727386, 8.7433531 ], [ 5.7727952, 8.7431922 ], [ 5.7729014, 8.7429614 ], [ 5.7730571, 8.7430348 ], [ 5.7732035, 8.7431409 ], [ 5.7734084, 8.7432307 ], [ 5.7736009, 8.7432855 ], [ 5.7737708, 8.7433444 ], [ 5.7739273, 8.7434252 ], [ 5.7741631, 8.7435013 ], [ 5.7743149, 8.7436006 ], [ 5.7744713, 8.7437114 ], [ 5.7745531, 8.7437229 ], [ 5.7745858, 8.7438037 ], [ 5.7746768, 8.7438083 ], [ 5.7746885, 8.7438868 ], [ 5.7748169, 8.7439791 ], [ 5.7749477, 8.7440137 ], [ 5.7750458, 8.7440575 ], [ 5.7751812, 8.7440968 ], [ 5.7751999, 8.7442052 ], [ 5.7752326, 8.7443368 ], [ 5.7752769, 8.7444476 ], [ 5.775347, 8.744496 ], [ 5.775431, 8.7444868 ], [ 5.7755151, 8.7444845 ], [ 5.7756015, 8.7444822 ], [ 5.7757229, 8.7445168 ], [ 5.7758093, 8.7445306 ], [ 5.7759914, 8.7445607 ], [ 5.7759961, 8.7446714 ], [ 5.7760101, 8.7447799 ], [ 5.7760755, 8.744893 ], [ 5.7760755, 8.7450291 ], [ 5.7760755, 8.7451284 ], [ 5.7760615, 8.7452484 ], [ 5.7760872, 8.7453384 ], [ 5.7760568, 8.7454261 ], [ 5.7760451, 8.7455461 ], [ 5.7760778, 8.745643 ], [ 5.7761969, 8.7456592 ], [ 5.776344, 8.745643 ], [ 5.7764561, 8.74562 ], [ 5.7765939, 8.7455253 ], [ 5.7766803, 8.7454815 ], [ 5.7767923, 8.7455184 ], [ 5.7768741, 8.7455276 ], [ 5.7769348, 8.745553 ], [ 5.7770188, 8.7455853 ], [ 5.7771192, 8.7455738 ], [ 5.7772733, 8.745613 ], [ 5.7774064, 8.7456223 ], [ 5.7774882, 8.7456523 ], [ 5.7775816, 8.7456938 ], [ 5.7777077, 8.7457469 ], [ 5.7778127, 8.7457769 ], [ 5.7779692, 8.7458207 ], [ 5.7780859, 8.7458507 ], [ 5.7781887, 8.7458784 ], [ 5.7782681, 8.7459177 ], [ 5.7783615, 8.7459223 ], [ 5.7784549, 8.7459177 ], [ 5.778595, 8.74592 ], [ 5.778686, 8.7460492 ], [ 5.7787491, 8.7461785 ], [ 5.7788308, 8.7462731 ], [ 5.7789008, 8.7464139 ], [ 5.7789499, 8.7465062 ], [ 5.7789849, 8.7466169 ], [ 5.7790036, 8.7467023 ], [ 5.7790456, 8.7468499 ], [ 5.779107, 8.7469882 ], [ 5.7794094, 8.7476265 ], [ 5.7798171, 8.7481036 ], [ 5.7803926, 8.7484273 ] ] } },
{ "type": "Feature", "properties": { "name": null, "waterway": "stream" }, "geometry": { "type": "LineString", "coordinates": [ [ 5.9509656, 8.7422397 ], [ 5.9507832, 8.742176 ], [ 5.9504721, 8.7421707 ], [ 5.9495226, 8.7422397 ], [ 5.9491363, 8.7423457 ], [ 5.9485677, 8.7424995 ], [ 5.9480313, 8.7426108 ], [ 5.9477255, 8.7428547 ], [ 5.9474412, 8.7430032 ], [ 5.9472749, 8.7430085 ], [ 5.9469101, 8.743141 ], [ 5.9466312, 8.7433054 ], [ 5.9464166, 8.7434061 ], [ 5.9460384, 8.7435228 ], [ 5.94583, 8.7436395 ], [ 5.9457278, 8.7439574 ], [ 5.945642, 8.7446043 ], [ 5.9455991, 8.7451345 ], [ 5.945784, 8.745982 ] ] } },
{ "type": "Feature", "properties": { "name": null, "waterway": "stream" }, "geometry": { "type": "LineString", "coordinates": [ [ 5.5969281, 8.6635859 ], [ 5.5971434, 8.6630657 ], [ 5.5974078, 8.6628208 ], [ 5.5973169, 8.6624125 ], [ 5.5971352, 8.6620042 ], [ 5.5966891, 8.6618408 ], [ 5.5964909, 8.6615224 ], [ 5.5967635, 8.6612855 ], [ 5.5970939, 8.6611386 ], [ 5.5973665, 8.6611222 ], [ 5.5978951, 8.6613019 ], [ 5.597986, 8.6609671 ], [ 5.5983412, 8.6598728 ], [ 5.5988781, 8.6598238 ], [ 5.5992168, 8.659783 ] ] } },
{ "type": "Feature", "properties": { "name": null, "waterway": "stream" }, "geometry": { "type": "LineString", "coordinates": [ [ 5.5925937, 8.6730043 ], [ 5.592658, 8.6728134 ], [ 5.592422, 8.6721134 ], [ 5.5926366, 8.6712013 ], [ 5.5927439, 8.6705649 ], [ 5.5929799, 8.6701831 ], [ 5.5935807, 8.6699497 ], [ 5.5942888, 8.6700982 ], [ 5.5949969, 8.6702891 ], [ 5.5953832, 8.6699922 ], [ 5.5962844, 8.6682103 ], [ 5.5968423, 8.6675527 ], [ 5.5974216, 8.6663012 ], [ 5.5983014, 8.6654951 ], [ 5.5984945, 8.6652405 ], [ 5.59828, 8.6647739 ], [ 5.5978508, 8.6642435 ], [ 5.5973144, 8.6639466 ], [ 5.5969281, 8.6635859 ] ] } },
{ "type": "Feature", "properties": { "name": null, "waterway": "stream" }, "geometry": { "type": "LineString", "coordinates": [ [ 5.7086818, 8.7548754 ], [ 5.7086538, 8.7547415 ], [ 5.7084437, 8.7546123 ], [ 5.7082569, 8.7545938 ], [ 5.7081868, 8.7544692 ], [ 5.7078459, 8.7541507 ], [ 5.7075143, 8.7537492 ], [ 5.7074116, 8.7534676 ], [ 5.7075143, 8.7530199 ], [ 5.7074583, 8.7527476 ], [ 5.7075275, 8.7525353 ], [ 5.7076778, 8.7518568 ], [ 5.7076591, 8.7516029 ], [ 5.7075517, 8.7513537 ], [ 5.7072715, 8.7510721 ], [ 5.7070613, 8.7509198 ], [ 5.7067625, 8.7507813 ], [ 5.7065336, 8.7505136 ], [ 5.7062488, 8.7499413 ], [ 5.70609, 8.7494936 ], [ 5.7060012, 8.7490228 ], [ 5.7057257, 8.7483858 ], [ 5.7045862, 8.7475642 ], [ 5.7043602, 8.7473093 ] ] } },
{ "type": "Feature", "properties": { "name": null, "waterway": "stream" }, "geometry": { "type": "LineString", "coordinates": [ [ 5.6845665, 8.7935285 ], [ 5.6848562, 8.7932581 ], [ 5.6847703, 8.7918692 ], [ 5.683971, 8.7908248 ], [ 5.6843251, 8.789844 ], [ 5.6860149, 8.7868858 ], [ 5.6874365, 8.7853749 ], [ 5.6891155, 8.784463 ], [ 5.6906873, 8.7835777 ] ] } },
{ "type": "Feature", "properties": { "name": null, "waterway": "stream" }, "geometry": { "type": "LineString", "coordinates": [ [ 5.6249999, 8.7866713 ], [ 5.6251016, 8.7866043 ], [ 5.6251232, 8.7864947 ], [ 5.625117, 8.7863516 ], [ 5.6251755, 8.7862815 ], [ 5.6255175, 8.7863364 ], [ 5.6258749, 8.7863455 ], [ 5.6260506, 8.7862846 ], [ 5.6261461, 8.7862846 ], [ 5.6262108, 8.7863607 ], [ 5.6261954, 8.7864764 ], [ 5.6261399, 8.7865586 ], [ 5.6261492, 8.7866622 ], [ 5.6262416, 8.7867413 ], [ 5.6263402, 8.7868966 ], [ 5.6264172, 8.7870032 ], [ 5.6265713, 8.7870854 ], [ 5.6267007, 8.7870763 ], [ 5.6267345, 8.7869971 ], [ 5.6267161, 8.7868783 ], [ 5.6268023, 8.7868296 ], [ 5.6269225, 8.7869271 ], [ 5.6270981, 8.7870915 ], [ 5.627206, 8.7871402 ], [ 5.6273692, 8.7871554 ], [ 5.6274802, 8.7872346 ], [ 5.6276096, 8.7873594 ], [ 5.6279146, 8.7876091 ], [ 5.6279577, 8.78774 ], [ 5.6279577, 8.787941 ], [ 5.6280378, 8.788075 ], [ 5.6281796, 8.7881694 ], [ 5.6282812, 8.7881724 ], [ 5.6283398, 8.7880811 ], [ 5.628426, 8.7880506 ], [ 5.6285524, 8.7880963 ], [ 5.6286694, 8.7882029 ], [ 5.6289015, 8.7887473 ], [ 5.6289203, 8.7887913 ], [ 5.628993, 8.789025 ], [ 5.6291224, 8.7894208 ], [ 5.6292364, 8.7897953 ], [ 5.6292394, 8.7900054 ], [ 5.6292333, 8.7902247 ], [ 5.6292949, 8.7903434 ], [ 5.6296492, 8.7904408 ], [ 5.629754, 8.7905565 ], [ 5.6297293, 8.790721 ], [ 5.6297324, 8.7908489 ], [ 5.6298279, 8.7909493 ], [ 5.6300035, 8.7909706 ], [ 5.6301668, 8.7910133 ], [ 5.6302716, 8.7911655 ], [ 5.6303425, 8.7913391 ], [ 5.6305489, 8.7915796 ], [ 5.630857, 8.7918293 ], [ 5.6310265, 8.7919054 ], [ 5.6311867, 8.7918658 ], [ 5.6312945, 8.791741 ], [ 5.6314824, 8.7914639 ], [ 5.6315903, 8.7913513 ], [ 5.6317043, 8.7913452 ], [ 5.6317813, 8.7914335 ], [ 5.6317382, 8.7916131 ], [ 5.6317443, 8.7917623 ], [ 5.6317628, 8.7919054 ], [ 5.631883, 8.7920272 ], [ 5.6320771, 8.792079 ], [ 5.6321788, 8.7921855 ], [ 5.6322681, 8.7923743 ], [ 5.6323852, 8.7925844 ], [ 5.6326101, 8.7928036 ], [ 5.6329922, 8.7932634 ], [ 5.6331431, 8.7932878 ], [ 5.6332479, 8.7932421 ], [ 5.6332879, 8.7931538 ], [ 5.6333218, 8.7930229 ], [ 5.6333588, 8.7929468 ], [ 5.6335159, 8.7929041 ], [ 5.6336484, 8.7929559 ], [ 5.6337285, 8.7931264 ], [ 5.6337747, 8.7932756 ], [ 5.6339257, 8.7933791 ], [ 5.6340397, 8.7933152 ], [ 5.6341568, 8.7932086 ], [ 5.6343016, 8.7931751 ], [ 5.634431, 8.7932238 ], [ 5.6344495, 8.7933517 ], [ 5.6344248, 8.7935131 ], [ 5.6344803, 8.7937415 ], [ 5.6346713, 8.7939546 ], [ 5.6348593, 8.7941799 ], [ 5.6351366, 8.794387 ], [ 5.6354015, 8.7943991 ], [ 5.6356388, 8.7943169 ], [ 5.6357805, 8.7943139 ], [ 5.6358791, 8.7944326 ], [ 5.6359068, 8.7946823 ], [ 5.6359808, 8.7950172 ], [ 5.6361225, 8.7951329 ], [ 5.6362766, 8.7951086 ], [ 5.6365539, 8.7949868 ], [ 5.6367942, 8.7949777 ], [ 5.636939, 8.7950264 ], [ 5.6370222, 8.7950751 ], [ 5.6370407, 8.7952091 ], [ 5.6369729, 8.7953126 ], [ 5.6368219, 8.7953765 ], [ 5.6366648, 8.795474 ], [ 5.6365354, 8.7957693 ], [ 5.6365477, 8.7959916 ], [ 5.6366709, 8.7960951 ], [ 5.6369729, 8.796089 ], [ 5.6371639, 8.7961347 ], [ 5.637432, 8.7964209 ], [ 5.637623, 8.796497 ], [ 5.6379188, 8.796494 ], [ 5.6380944, 8.796631 ], [ 5.6382145, 8.7968076 ], [ 5.6384025, 8.7968959 ], [ 5.6385935, 8.7968654 ], [ 5.6388369, 8.7967467 ], [ 5.6390711, 8.796768 ], [ 5.6393237, 8.7969629 ], [ 5.6395579, 8.7972399 ], [ 5.6397982, 8.797313 ], [ 5.6400878, 8.7972978 ], [ 5.6405931, 8.7972613 ], [ 5.6411323, 8.7972948 ], [ 5.6413572, 8.7973557 ], [ 5.6415328, 8.7972552 ], [ 5.6417547, 8.7970146 ], [ 5.6420073, 8.7969507 ], [ 5.642528, 8.7968015 ], [ 5.6427714, 8.7967102 ], [ 5.6430826, 8.7967345 ], [ 5.6434955, 8.7964544 ], [ 5.6440007, 8.7962839 ], [ 5.6444845, 8.7961956 ], [ 5.6449158, 8.7960373 ], [ 5.6450976, 8.7957175 ], [ 5.6453379, 8.7952121 ], [ 5.6455721, 8.7949898 ], [ 5.6458432, 8.7948954 ], [ 5.6462191, 8.7946275 ], [ 5.6463886, 8.7941799 ], [ 5.6465118, 8.7937232 ], [ 5.6467367, 8.7932786 ], [ 5.6468754, 8.7930929 ] ] } },
{ "type": "Feature", "properties": { "name": null, "waterway": "stream" }, "geometry": { "type": "LineString", "coordinates": [ [ 5.6724644, 8.8030178 ], [ 5.6728935, 8.8021113 ], [ 5.6733549, 8.798851 ] ] } },
{ "type": "Feature", "properties": { "name": null, "waterway": "stream" }, "geometry": { "type": "LineString", "coordinates": [ [ 5.6312375, 8.8218102 ], [ 5.6330252, 8.8226159 ], [ 5.6348062, 8.8232361 ], [ 5.6363672, 8.8224781 ], [ 5.6371558, 8.8213331 ], [ 5.6374991, 8.8202252 ], [ 5.6372738, 8.8190696 ], [ 5.6365764, 8.8181578 ], [ 5.6359595, 8.8175111 ], [ 5.6359649, 8.816859 ], [ 5.6363994, 8.8160957 ], [ 5.636909, 8.8156769 ], [ 5.637778, 8.8154384 ], [ 5.6387114, 8.8159579 ], [ 5.6399023, 8.8158678 ], [ 5.6404924, 8.8152475 ], [ 5.6408948, 8.8139541 ], [ 5.64134, 8.8136572 ], [ 5.6420696, 8.8136201 ], [ 5.6443495, 8.8122842 ], [ 5.6467688, 8.8113512 ], [ 5.6476271, 8.8110756 ], [ 5.6486195, 8.8111286 ], [ 5.6492364, 8.8106939 ], [ 5.6495368, 8.8100922 ], [ 5.6498587, 8.8094534 ], [ 5.650599, 8.8085628 ], [ 5.6512642, 8.8061932 ], [ 5.6519079, 8.8042689 ], [ 5.652777, 8.8031079 ], [ 5.6541663, 8.8025884 ], [ 5.6553948, 8.802212 ], [ 5.6571329, 8.8023392 ], [ 5.6576317, 8.8025407 ], [ 5.6598258, 8.801947 ], [ 5.660888, 8.8014062 ], [ 5.6619179, 8.7998742 ], [ 5.6626636, 8.7982679 ], [ 5.6631517, 8.7971016 ], [ 5.6635809, 8.7955059 ], [ 5.6634575, 8.7938837 ], [ 5.663259, 8.7930567 ], [ 5.6637901, 8.7924258 ], [ 5.6647396, 8.7920494 ], [ 5.6658393, 8.7910846 ], [ 5.6678456, 8.7906551 ], [ 5.6698734, 8.7920229 ], [ 5.6710374, 8.7924682 ], [ 5.6718367, 8.7925318 ], [ 5.6741542, 8.793714 ], [ 5.675565, 8.7946153 ], [ 5.677405, 8.7947478 ], [ 5.6782579, 8.7954688 ] ] } },
{ "type": "Feature", "properties": { "name": null, "waterway": "stream" }, "geometry": { "type": "LineString", "coordinates": [ [ 5.6945443, 8.8186932 ], [ 5.6958103, 8.8173732 ], [ 5.6980526, 8.8160427 ], [ 5.7000965, 8.8159791 ], [ 5.7011318, 8.8165887 ], [ 5.7025909, 8.8179087 ], [ 5.7048279, 8.8184175 ], [ 5.7062656, 8.8170817 ], [ 5.7063782, 8.8146273 ], [ 5.7058847, 8.8134611 ], [ 5.7051283, 8.8127242 ], [ 5.7035136, 8.8122047 ], [ 5.7025963, 8.8123691 ], [ 5.7014269, 8.8119185 ], [ 5.6999785, 8.8103599 ], [ 5.6997639, 8.8098457 ], [ 5.6996566, 8.8091566 ], [ 5.7002038, 8.8085894 ] ] } },
{ "type": "Feature", "properties": { "name": null, "waterway": "stream" }, "geometry": { "type": "LineString", "coordinates": [ [ 5.6299268, 8.82137 ], [ 5.6310488, 8.8217468 ] ] } },
{ "type": "Feature", "properties": { "name": null, "waterway": "stream" }, "geometry": { "type": "LineString", "coordinates": [ [ 5.6310488, 8.8217468 ], [ 5.6312375, 8.8218102 ] ] } },
{ "type": "Feature", "properties": { "name": null, "waterway": "river" }, "geometry": { "type": "LineString", "coordinates": [ [ 5.97094, 8.7469445 ], [ 5.9699852, 8.7468914 ], [ 5.9694487, 8.7467642 ], [ 5.9685797, 8.7469021 ], [ 5.9682685, 8.7468702 ], [ 5.9679574, 8.7468384 ], [ 5.967421, 8.7466582 ], [ 5.9670454, 8.7463825 ], [ 5.9669274, 8.7459265 ], [ 5.9668845, 8.7455765 ], [ 5.9668952, 8.7452584 ], [ 5.9670133, 8.7448024 ], [ 5.96726, 8.7444419 ], [ 5.9677321, 8.7440708 ], [ 5.9680647, 8.7439859 ], [ 5.9685368, 8.7439753 ], [ 5.9689123, 8.7441026 ], [ 5.9692556, 8.7444631 ], [ 5.9699315, 8.7446752 ], [ 5.9703928, 8.7446328 ], [ 5.9712297, 8.7443783 ], [ 5.97197, 8.7439859 ], [ 5.9724313, 8.7437526 ], [ 5.9725064, 8.7435406 ], [ 5.972379, 8.7431777 ] ] } },
{ "type": "Feature", "properties": { "name": null, "waterway": "stream" }, "geometry": { "type": "LineString", "coordinates": [ [ 5.9765619, 8.7440362 ], [ 5.9782085, 8.7442371 ], [ 5.9794607, 8.744655 ], [ 5.9808592, 8.7444621 ], [ 5.9820138, 8.7441407 ], [ 5.9827781, 8.7434174 ], [ 5.9840465, 8.7430959 ], [ 5.9858516, 8.7432888 ], [ 5.9887462, 8.7443818 ], [ 5.9905187, 8.7451854 ], [ 5.9910035, 8.7454632 ], [ 5.9924626, 8.7481355 ] ] } },
{ "type": "Feature", "properties": { "name": null, "waterway": "river" }, "geometry": { "type": "LineString", "coordinates": [ [ 5.949676, 8.7481142 ], [ 5.9504271, 8.7473136 ], [ 5.9506732, 8.7470187 ], [ 5.9508079, 8.7466986 ], [ 5.9508455, 8.7464494 ], [ 5.9508026, 8.7462956 ], [ 5.9506411, 8.7460113 ], [ 5.950405, 8.745778 ], [ 5.9502763, 8.7454281 ], [ 5.9502441, 8.745163 ], [ 5.9502977, 8.7447812 ], [ 5.9504587, 8.7445267 ], [ 5.9507591, 8.7444631 ], [ 5.9514028, 8.7446328 ], [ 5.9518105, 8.7447812 ], [ 5.9520787, 8.7450888 ], [ 5.9521002, 8.7454175 ], [ 5.9519714, 8.7457992 ], [ 5.9520251, 8.7460961 ], [ 5.9522826, 8.74634 ], [ 5.952583, 8.7464037 ], [ 5.9530121, 8.7464037 ], [ 5.9537632, 8.7460749 ], [ 5.954482, 8.7459583 ], [ 5.9547502, 8.7459583 ], [ 5.9552866, 8.7460537 ], [ 5.9562737, 8.7468702 ], [ 5.9572715, 8.7474004 ], [ 5.9575719, 8.7475807 ], [ 5.9578723, 8.7476549 ], [ 5.9582049, 8.7476443 ], [ 5.9584195, 8.7474853 ], [ 5.9585375, 8.7473156 ], [ 5.9589344, 8.7471247 ], [ 5.9593958, 8.7470717 ], [ 5.9601897, 8.7471353 ], [ 5.9608442, 8.7475171 ], [ 5.9612733, 8.7479625 ], [ 5.9616167, 8.7482594 ], [ 5.9619707, 8.7483548 ], [ 5.962432, 8.7483866 ], [ 5.9630543, 8.7483018 ], [ 5.9634406, 8.7483018 ], [ 5.9641379, 8.7484608 ], [ 5.9647602, 8.7487259 ], [ 5.9656507, 8.7491501 ], [ 5.9666056, 8.7492986 ], [ 5.967893, 8.7495637 ], [ 5.9690947, 8.7497439 ], [ 5.9696204, 8.7499348 ], [ 5.9702319, 8.7499136 ], [ 5.9705001, 8.7497545 ], [ 5.9706718, 8.7493728 ], [ 5.9708113, 8.748991 ], [ 5.971058, 8.7487259 ], [ 5.9715837, 8.7484502 ], [ 5.9721309, 8.7481215 ], [ 5.9726781, 8.7475065 ], [ 5.9729463, 8.746849 ], [ 5.9731287, 8.7462764 ], [ 5.9732896, 8.7459265 ], [ 5.9735149, 8.745725 ], [ 5.9738583, 8.7456932 ], [ 5.9742767, 8.7457674 ], [ 5.9745664, 8.745831 ], [ 5.975017, 8.7457886 ], [ 5.9756178, 8.7454281 ], [ 5.9761113, 8.7450781 ], [ 5.9764546, 8.7444949 ], [ 5.9765619, 8.7440362 ] ] } },
{ "type": "Feature", "properties": { "name": null, "waterway": "stream" }, "geometry": { "type": "LineString", "coordinates": [ [ 5.7129684, 8.7524651 ], [ 5.7127589, 8.752389 ], [ 5.7125524, 8.7523098 ], [ 5.7124384, 8.7521575 ], [ 5.7123907, 8.7520699 ], [ 5.7122782, 8.7519261 ], [ 5.7121272, 8.751652 ], [ 5.7119516, 8.751381 ], [ 5.7117668, 8.7510734 ], [ 5.7114217, 8.7507963 ], [ 5.7112183, 8.7506776 ], [ 5.7110858, 8.7505284 ], [ 5.7110211, 8.7503121 ], [ 5.7108763, 8.7501294 ], [ 5.7106021, 8.7498736 ], [ 5.7104388, 8.7496392 ], [ 5.7103772, 8.7495174 ], [ 5.7103341, 8.7493225 ], [ 5.7103033, 8.748817 ], [ 5.7102478, 8.7485916 ], [ 5.710143, 8.7483724 ], [ 5.7099705, 8.7481044 ], [ 5.7098195, 8.7478364 ], [ 5.7096747, 8.7476872 ], [ 5.709533, 8.7474984 ], [ 5.7093266, 8.747337 ], [ 5.7092526, 8.7472335 ], [ 5.7091787, 8.7471908 ], [ 5.709011, 8.7470542 ], [ 5.7089252, 8.7468633 ], [ 5.708775, 8.7466671 ], [ 5.7085712, 8.7465823 ], [ 5.7082332, 8.7466088 ], [ 5.708083, 8.7464815 ], [ 5.7079113, 8.7461528 ], [ 5.7078416, 8.7457658 ], [ 5.7077611, 8.7454954 ], [ 5.7076807, 8.7453734 ], [ 5.7074178, 8.7450341 ], [ 5.707214, 8.7448432 ], [ 5.7070316, 8.7445516 ], [ 5.7068921, 8.7444296 ], [ 5.7068331, 8.7440797 ], [ 5.7067794, 8.7439153 ], [ 5.7067419, 8.7437775 ] ] } },
{ "type": "Feature", "properties": { "name": null, "waterway": "river" }, "geometry": { "type": "LineString", "coordinates": [ [ 6.1013251, 8.7549008 ], [ 6.1015175, 8.754417 ], [ 6.1018931, 8.7540218 ], [ 6.1025716, 8.7536266 ], [ 6.1031774, 8.7533272 ], [ 6.1036621, 8.7529321 ], [ 6.1039044, 8.7524052 ], [ 6.1040255, 8.7518424 ], [ 6.1041225, 8.7508963 ], [ 6.1043042, 8.75007 ], [ 6.1045708, 8.7493156 ], [ 6.1049948, 8.7485732 ], [ 6.1055037, 8.7479624 ], [ 6.1061216, 8.7475673 ], [ 6.1066911, 8.74722 ], [ 6.1073696, 8.7468727 ], [ 6.1080117, 8.7466212 ], [ 6.1086418, 8.7464296 ], [ 6.1092718, 8.7462979 ], [ 6.1098291, 8.7461302 ], [ 6.1101287, 8.7457666 ] ] } },
{ "type": "Feature", "properties": { "name": null, "waterway": "river" }, "geometry": { "type": "LineString", "coordinates": [ [ 5.7568263, 8.7553624 ], [ 5.7570929, 8.7554227 ], [ 5.7573176, 8.7554603 ], [ 5.7575309, 8.7555695 ], [ 5.7577937, 8.7556335 ], [ 5.7580185, 8.7556335 ], [ 5.7582204, 8.7556335 ], [ 5.758407, 8.7556222 ], [ 5.7585632, 8.7555996 ], [ 5.7587155, 8.7555732 ], [ 5.7588984, 8.7556109 ], [ 5.7593212, 8.7555168 ], [ 5.7596906, 8.7554867 ], [ 5.7598011, 8.7554979 ], [ 5.759923, 8.7555168 ], [ 5.7599992, 8.7554867 ], [ 5.7601515, 8.7554791 ], [ 5.7602391, 8.7555092 ], [ 5.7603648, 8.7555958 ], [ 5.7604372, 8.755705 ], [ 5.7604563, 8.7559497 ], [ 5.7605781, 8.7559873 ], [ 5.7607, 8.7560965 ], [ 5.7608486, 8.7562659 ], [ 5.7609362, 8.7563638 ], [ 5.761458, 8.7565031 ], [ 5.761698, 8.7565935 ], [ 5.7619989, 8.7565671 ], [ 5.7622808, 8.7564692 ], [ 5.762555, 8.7563826 ], [ 5.7629207, 8.7563073 ], [ 5.7631031, 8.7562898 ], [ 5.7632254, 8.7562885 ], [ 5.7634692, 8.7562584 ], [ 5.763732, 8.7562283 ], [ 5.763911, 8.7562095 ], [ 5.7640329, 8.7561718 ], [ 5.7642119, 8.7561153 ], [ 5.7643948, 8.7560589 ], [ 5.7645395, 8.755961 ], [ 5.7646805, 8.7558819 ], [ 5.7649547, 8.7557464 ], [ 5.7652017, 8.7556192 ] ] } },
{ "type": "Feature", "properties": { "name": null, "waterway": "river" }, "geometry": { "type": "LineString", "coordinates": [ [ 5.756835, 8.7564799 ], [ 5.756869, 8.7564821 ], [ 5.7570116, 8.7565336 ], [ 5.7571136, 8.7565649 ], [ 5.7572064, 8.7565873 ], [ 5.7573468, 8.7565873 ], [ 5.7574238, 8.7566075 ], [ 5.757562, 8.7565985 ], [ 5.7577047, 8.7565358 ], [ 5.7579266, 8.7564933 ], [ 5.7580263, 8.7565537 ], [ 5.7581282, 8.7567082 ], [ 5.7582347, 8.7567597 ], [ 5.7584317, 8.7567731 ], [ 5.7586038, 8.7567753 ], [ 5.7587216, 8.7567798 ], [ 5.7588122, 8.7568112 ], [ 5.7589096, 8.7568335 ], [ 5.7589911, 8.7568425 ], [ 5.7590545, 8.756847 ], [ 5.759204, 8.7568358 ], [ 5.7596479, 8.7567552 ], [ 5.7598042, 8.7567216 ], [ 5.7600579, 8.75665 ], [ 5.7602345, 8.75665 ], [ 5.7604791, 8.75665 ], [ 5.7606309, 8.7565918 ], [ 5.7607464, 8.7564911 ], [ 5.7608506, 8.7564149 ], [ 5.7609362, 8.7563638 ] ] } },
{ "type": "Feature", "properties": { "name": null, "waterway": "river" }, "geometry": { "type": "LineString", "coordinates": [ [ 5.7568358, 8.7578349 ], [ 5.7569083, 8.7577476 ], [ 5.756974, 8.7577342 ], [ 5.7570487, 8.7577588 ], [ 5.7572118, 8.7578058 ], [ 5.7573884, 8.7578148 ], [ 5.7575878, 8.7578192 ], [ 5.7577916, 8.7577879 ], [ 5.7580022, 8.7577767 ], [ 5.7581041, 8.7577051 ], [ 5.7581744, 8.7576088 ], [ 5.75812, 8.7575439 ], [ 5.7580747, 8.7574924 ], [ 5.7580634, 8.7573335 ], [ 5.7580634, 8.7572305 ], [ 5.7580588, 8.7571029 ], [ 5.7580588, 8.7569619 ], [ 5.7580724, 8.7568522 ], [ 5.7581282, 8.7567082 ] ] } },
{ "type": "Feature", "properties": { "name": null, "waterway": "river" }, "geometry": { "type": "LineString", "coordinates": [ [ 5.7023614, 8.7452599 ], [ 5.7025576, 8.7457584 ], [ 5.7029218, 8.7461461 ], [ 5.7035476, 8.7466538 ], [ 5.704052, 8.7471339 ], [ 5.7043602, 8.7473093 ], [ 5.7046591, 8.7472447 ], [ 5.7047058, 8.7468477 ], [ 5.7048552, 8.7466908 ], [ 5.7051074, 8.7465615 ], [ 5.7052568, 8.7466446 ], [ 5.705509, 8.7468939 ], [ 5.7058639, 8.7470785 ], [ 5.7067419, 8.7473 ], [ 5.7072743, 8.7474939 ], [ 5.7077319, 8.7477616 ], [ 5.7078907, 8.7478539 ], [ 5.7081522, 8.7478724 ], [ 5.7084231, 8.7477801 ], [ 5.7086286, 8.7478447 ], [ 5.7087126, 8.7480016 ], [ 5.7087313, 8.7482693 ], [ 5.7089181, 8.7485832 ], [ 5.7092077, 8.7489248 ], [ 5.7095159, 8.7491648 ], [ 5.7097494, 8.749534 ], [ 5.7099082, 8.7499771 ], [ 5.7099706, 8.7501185 ], [ 5.7100576, 8.7502171 ], [ 5.7101269, 8.7502377 ], [ 5.7102023, 8.7502096 ], [ 5.7103285, 8.7502264 ], [ 5.7104451, 8.7502851 ], [ 5.7105433, 8.7503925 ], [ 5.7106091, 8.7505346 ], [ 5.7105246, 8.7507341 ], [ 5.7104125, 8.7509556 ], [ 5.7102818, 8.7512234 ], [ 5.7101323, 8.7514541 ], [ 5.7102444, 8.7517495 ], [ 5.7105433, 8.7518234 ], [ 5.7108235, 8.7518695 ], [ 5.7111317, 8.7518142 ], [ 5.7113932, 8.7518418 ], [ 5.7116547, 8.7520634 ], [ 5.7116641, 8.7523219 ], [ 5.7115613, 8.752405 ], [ 5.7111784, 8.7524973 ], [ 5.7109169, 8.752525 ], [ 5.7106945, 8.7526512 ], [ 5.71059, 8.7528573 ], [ 5.7106927, 8.7531342 ], [ 5.7109636, 8.7541773 ], [ 5.7112905, 8.754962 ], [ 5.7114586, 8.7555251 ], [ 5.7115987, 8.7559867 ], [ 5.7118602, 8.7563097 ], [ 5.7124883, 8.7569897 ], [ 5.7124561, 8.757944 ], [ 5.7124722, 8.758347 ], [ 5.7130301, 8.7602662 ], [ 5.713706, 8.7624347 ], [ 5.7136011, 8.7637182 ], [ 5.7140225, 8.7642108 ], [ 5.7145429, 8.7657801 ], [ 5.7150042, 8.7663686 ], [ 5.7163185, 8.7688604 ], [ 5.7165062, 8.7697352 ], [ 5.7162863, 8.7723012 ], [ 5.7164499, 8.7725902 ] ] } },
{ "type": "Feature", "properties": { "name": null, "waterway": "river" }, "geometry": { "type": "LineString", "coordinates": [ [ 5.7568268, 8.7646953 ], [ 5.7568775, 8.7646351 ], [ 5.7570578, 8.7645674 ], [ 5.7571898, 8.7645624 ], [ 5.7573624, 8.7645925 ], [ 5.7574665, 8.7646452 ], [ 5.7575782, 8.7647505 ], [ 5.7576721, 8.764886 ], [ 5.7577508, 8.7649889 ] ] } },
{ "type": "Feature", "properties": { "name": null, "waterway": "river" }, "geometry": { "type": "LineString", "coordinates": [ [ 5.7577508, 8.7649889 ], [ 5.7577915, 8.7650366 ], [ 5.757827, 8.7651495 ] ] } },
{ "type": "Feature", "properties": { "name": null, "waterway": "river" }, "geometry": { "type": "LineString", "coordinates": [ [ 5.757827, 8.7651495 ], [ 5.7578983, 8.7652412 ], [ 5.7579342, 8.7652423 ], [ 5.7580698, 8.7651651 ] ] } },
{ "type": "Feature", "properties": { "name": null, "waterway": "river" }, "geometry": { "type": "LineString", "coordinates": [ [ 5.755138, 8.7755866 ], [ 5.7550764, 8.7751959 ], [ 5.754894, 8.77395 ], [ 5.754768, 8.7732449 ], [ 5.7547331, 8.7729189 ], [ 5.7546419, 8.7727201 ], [ 5.7545131, 8.7726458 ], [ 5.7542583, 8.7726803 ], [ 5.7539125, 8.7727764 ], [ 5.7534774, 8.7728216 ], [ 5.7531224, 8.7734894 ], [ 5.7528819, 8.7739194 ], [ 5.7490228, 8.7751983 ], [ 5.7406634, 8.7776202 ] ] } },
{ "type": "Feature", "properties": { "name": null, "waterway": "stream" }, "geometry": { "type": "LineString", "coordinates": [ [ 5.7164499, 8.7725902 ], [ 5.7167584, 8.7738254 ], [ 5.7162434, 8.7741488 ], [ 5.716289, 8.7744192 ], [ 5.715318, 8.7746764 ], [ 5.7149371, 8.7747082 ], [ 5.7142854, 8.7750607 ], [ 5.7142237, 8.7752675 ], [ 5.7143551, 8.775689 ], [ 5.7141405, 8.7772901 ], [ 5.7137167, 8.7783663 ], [ 5.7136577, 8.7795697 ], [ 5.7135719, 8.7799302 ], [ 5.7137328, 8.780312 ], [ 5.7135397, 8.7812715 ], [ 5.7139581, 8.7819289 ], [ 5.7139745, 8.7829411 ] ] } },
{ "type": "Feature", "properties": { "name": null, "waterway": "river" }, "geometry": { "type": "LineString", "coordinates": [ [ 5.762513619221826, 8.771051492127659 ], [ 5.7625654, 8.768654 ] ] } },
{ "type": "Feature", "properties": { "name": null, "waterway": "stream" }, "geometry": { "type": "LineString", "coordinates": [ [ 5.74854914220286, 8.789554226033461 ], [ 5.7484245, 8.789351 ], [ 5.7479846, 8.7890011 ], [ 5.7475448, 8.7887201 ], [ 5.7467068, 8.7883484 ], [ 5.7462911, 8.7881372 ], [ 5.7457209, 8.7880787 ], [ 5.7453024, 8.7880893 ], [ 5.744884, 8.7880468 ], [ 5.7445688, 8.7881724 ], [ 5.7440699, 8.7879259 ], [ 5.7427634, 8.7876441 ], [ 5.742609, 8.7882193 ], [ 5.742312, 8.7883602 ], [ 5.7419557, 8.7882663 ], [ 5.7413499, 8.7885597 ], [ 5.7411242, 8.7884071 ], [ 5.7412668, 8.7879141 ], [ 5.7409104, 8.7878554 ], [ 5.7402097, 8.7879963 ], [ 5.7398414, 8.7876676 ], [ 5.7395326, 8.7876441 ], [ 5.7397108, 8.7881724 ], [ 5.7395207, 8.7884189 ], [ 5.7392119, 8.788325 ], [ 5.738618, 8.7884424 ], [ 5.7382854, 8.7881019 ], [ 5.7380479, 8.7879259 ], [ 5.7378103, 8.7879963 ], [ 5.7377628, 8.7882193 ], [ 5.7380241, 8.7884071 ], [ 5.738131, 8.7885832 ], [ 5.7379172, 8.7886654 ], [ 5.7368364, 8.7885715 ], [ 5.7365038, 8.7888297 ], [ 5.7356723, 8.7900622 ], [ 5.7353516, 8.7909778 ], [ 5.7317883, 8.792809 ], [ 5.7299235, 8.7931846 ], [ 5.7293533, 8.7931611 ], [ 5.7288901, 8.792809 ], [ 5.7276073, 8.7927855 ], [ 5.7267758, 8.7926094 ], [ 5.7262413, 8.7919286 ], [ 5.7259088, 8.7920812 ], [ 5.7256118, 8.7922221 ], [ 5.7255049, 8.7920225 ], [ 5.7254574, 8.7918582 ], [ 5.7251367, 8.7917408 ], [ 5.7249348, 8.7915882 ], [ 5.7248991, 8.79133 ], [ 5.7248041, 8.7909191 ], [ 5.7243884, 8.79052 ], [ 5.7240915, 8.7903909 ], [ 5.7237114, 8.7900035 ], [ 5.7233669, 8.7897336 ], [ 5.7234976, 8.7894401 ], [ 5.7238539, 8.789041 ], [ 5.7238539, 8.7887593 ], [ 5.7235688, 8.7886419 ], [ 5.72326, 8.7884776 ], [ 5.7232719, 8.7882193 ], [ 5.7213557, 8.7837845 ], [ 5.7170427, 8.7823955 ], [ 5.7139745, 8.7829411 ], [ 5.7113135, 8.7837208 ], [ 5.7108414, 8.7841662 ], [ 5.7098007, 8.7841291 ] ] } },
{ "type": "Feature", "properties": { "name": null, "waterway": "river" }, "geometry": { "type": "LineString", "coordinates": [ [ 5.7340674, 8.7987339 ], [ 5.7344577, 8.7986214 ], [ 5.7346935, 8.798533 ], [ 5.7350919, 8.7985651 ], [ 5.7355798, 8.7986857 ], [ 5.7360026, 8.7988464 ], [ 5.7362676, 8.7988296 ] ] } },
{ "type": "Feature", "properties": { "name": null, "waterway": "river" }, "geometry": { "type": "LineString", "coordinates": [ [ 5.7325307, 8.8011123 ], [ 5.7331486, 8.8006784 ], [ 5.734043, 8.8002847 ], [ 5.7347748, 8.799666 ], [ 5.7353196, 8.7992803 ], [ 5.7359638, 8.7990259 ] ] } },
{ "type": "Feature", "properties": { "name": null, "waterway": "river" }, "geometry": { "type": "LineString", "coordinates": [ [ 5.7106657, 8.8114223 ], [ 5.7118673, 8.810097 ], [ 5.7143993, 8.8099804 ], [ 5.7157082, 8.8098532 ], [ 5.7168455, 8.8096835 ], [ 5.7178325, 8.8092594 ], [ 5.7192273, 8.8083264 ], [ 5.7197423, 8.8072874 ], [ 5.7200212, 8.8065877 ], [ 5.7209439, 8.8057819 ], [ 5.7220812, 8.8054214 ], [ 5.7234974, 8.8046792 ], [ 5.7240124, 8.8044248 ], [ 5.7248063, 8.8040855 ], [ 5.7251281, 8.8041915 ], [ 5.7253856, 8.8045732 ], [ 5.7257075, 8.8049337 ], [ 5.7262225, 8.8049973 ], [ 5.7265658, 8.8048913 ], [ 5.7270164, 8.804764 ], [ 5.7273383, 8.8048701 ], [ 5.7281108, 8.8046368 ], [ 5.728733, 8.8040007 ], [ 5.7293124, 8.8034069 ], [ 5.7305784, 8.8028768 ], [ 5.7315011, 8.8028132 ], [ 5.7327885, 8.8028344 ], [ 5.7335181, 8.8025375 ], [ 5.7342047, 8.8016681 ], [ 5.7349772, 8.8001838 ], [ 5.7354707, 8.7995264 ], [ 5.7358784, 8.7990811 ], [ 5.7359638, 8.7990259 ], [ 5.7362676, 8.7988296 ], [ 5.7364363, 8.7987206 ], [ 5.7370372, 8.798657 ], [ 5.7380457, 8.7985086 ], [ 5.7388396, 8.7984662 ], [ 5.739655, 8.7981693 ], [ 5.7399554, 8.7981693 ], [ 5.7403243, 8.7981751 ], [ 5.7404798, 8.798138 ], [ 5.7405764, 8.7980532 ], [ 5.7406569, 8.7977987 ], [ 5.740681, 8.7977245 ], [ 5.7407373, 8.79769 ], [ 5.7408392, 8.7977536 ], [ 5.740858, 8.7978703 ], [ 5.7408205, 8.7980002 ], [ 5.7407749, 8.7981592 ], [ 5.7408392, 8.7982493 ], [ 5.7409304, 8.7982679 ], [ 5.7412858, 8.7982117 ], [ 5.7417364, 8.7981481 ], [ 5.742022063061316, 8.798082647459653 ] ] } },
{ "type": "Feature", "properties": { "name": null, "waterway": "river" }, "geometry": { "type": "LineString", "coordinates": [ [ 5.7259817, 8.8065945 ], [ 5.7260568, 8.8062817 ], [ 5.7264377, 8.8058152 ], [ 5.7267006, 8.8056721 ], [ 5.7271941, 8.8053487 ], [ 5.7274784, 8.805142 ], [ 5.7281108, 8.8046368 ] ] } },
{ "type": "Feature", "properties": { "name": null, "waterway": "river" }, "geometry": { "type": "LineString", "coordinates": [ [ 5.4542351, 8.8416688 ], [ 5.4545182, 8.8410953 ], [ 5.4548792, 8.8406197 ], [ 5.4552898, 8.8403259 ], [ 5.4557286, 8.840158 ], [ 5.4558631, 8.8399342 ], [ 5.4558631, 8.8395985 ], [ 5.4559197, 8.8392611 ], [ 5.4559571, 8.8389196 ], [ 5.4560365, 8.8386935 ], [ 5.4562513, 8.8385182 ], [ 5.4564988, 8.838329 ], [ 5.4566343, 8.8381398 ], [ 5.4567323, 8.8379275 ] ] } },
{ "type": "Feature", "properties": { "name": null, "waterway": "river" }, "geometry": { "type": "LineString", "coordinates": [ [ 5.4492402, 8.8459548 ], [ 5.4494147, 8.8459961 ], [ 5.4495611, 8.8458676 ], [ 5.4498782, 8.845494 ], [ 5.450427, 8.8453815 ], [ 5.4507157, 8.8454739 ], [ 5.4509718, 8.8456587 ], [ 5.4512849, 8.8458314 ], [ 5.4515938, 8.8458475 ], [ 5.4517768, 8.8456707 ], [ 5.4520736, 8.845253 ], [ 5.4525489, 8.8450686 ], [ 5.4527688, 8.8446343 ], [ 5.4529395, 8.8444375 ], [ 5.4530371, 8.8434814 ], [ 5.4539965, 8.842204 ], [ 5.4542323, 8.8416616 ] ] } },
{ "type": "Feature", "properties": { "name": null, "waterway": "stream" }, "geometry": { "type": "LineString", "coordinates": [ [ 5.4481362, 8.8445226 ], [ 5.4481418, 8.8446766 ], [ 5.4482905, 8.8448936 ], [ 5.4483541, 8.8449978 ], [ 5.4484692, 8.8450766 ], [ 5.4486781, 8.8452399 ], [ 5.4487581, 8.8453863 ], [ 5.4489369, 8.8456727 ], [ 5.4490993, 8.8458498 ], [ 5.4492402, 8.8459548 ] ] } },
{ "type": "Feature", "properties": { "name": null, "waterway": "river" }, "geometry": { "type": "LineString", "coordinates": [ [ 5.4549902, 8.8620369 ], [ 5.4550186, 8.8624985 ], [ 5.4548487, 8.8631909 ], [ 5.4548204, 8.8636944 ], [ 5.4549761, 8.8641351 ], [ 5.4553363, 8.8642928 ], [ 5.4563493, 8.8647365 ], [ 5.4567761, 8.8649682 ] ] } },
{ "type": "Feature", "properties": { "name": null, "waterway": "river" }, "geometry": { "type": "LineString", "coordinates": [ [ 5.5757734, 8.8619356 ], [ 5.5753084, 8.8626738 ], [ 5.5745723, 8.8635094 ], [ 5.5745509, 8.8635094 ], [ 5.5742794, 8.8638575 ], [ 5.5743288, 8.8641851 ], [ 5.5752161, 8.8642726 ], [ 5.5757525, 8.8645907 ], [ 5.575731, 8.8651419 ], [ 5.5755808, 8.8653963 ], [ 5.5747397, 8.8657228 ], [ 5.5745895, 8.8659878 ], [ 5.5748684, 8.8663588 ], [ 5.5752547, 8.8663164 ], [ 5.5755014, 8.8661998 ], [ 5.5758769, 8.8664967 ], [ 5.5760164, 8.8669949 ], [ 5.5759842, 8.8676945 ], [ 5.5758448, 8.8684048 ], [ 5.5756946, 8.868744 ], [ 5.5756624, 8.8689984 ], [ 5.576036, 8.8691019 ] ] } },
{ "type": "Feature", "properties": { "name": null, "waterway": "river" }, "geometry": { "type": "LineString", "coordinates": [ [ 5.5701091, 8.8693397 ], [ 5.570667, 8.8688945 ], [ 5.5718043, 8.8662444 ], [ 5.572448, 8.8658627 ], [ 5.5731347, 8.8652691 ], [ 5.5736067, 8.8645907 ], [ 5.5738428, 8.8643362 ], [ 5.5743288, 8.8641851 ] ] } },
{ "type": "Feature", "properties": { "name": null, "waterway": "river" }, "geometry": { "type": "LineString", "coordinates": [ [ 5.4578322, 8.8661925 ], [ 5.4582748, 8.8661262 ], [ 5.4585833, 8.8660918 ], [ 5.4587871, 8.8661792 ], [ 5.4589936, 8.8664231 ], [ 5.4590986, 8.8667039 ], [ 5.4591079, 8.8669207 ], [ 5.4590752, 8.8671699 ], [ 5.4592433, 8.8674237 ], [ 5.4596169, 8.8675252 ], [ 5.4602521, 8.867516 ], [ 5.4604249, 8.8675483 ], [ 5.4605183, 8.8676913 ], [ 5.460565, 8.8678759 ] ] } },
{ "type": "Feature", "properties": { "name": null, "waterway": "river" }, "geometry": { "type": "LineString", "coordinates": [ [ 5.4696966, 8.8755495 ], [ 5.4692809, 8.8751942 ], [ 5.4690334, 8.8748435 ], [ 5.4690801, 8.8739853 ], [ 5.469351, 8.8734039 ], [ 5.4693463, 8.8727579 ], [ 5.4692576, 8.8721074 ], [ 5.468898, 8.8710969 ], [ 5.4688747, 8.8702571 ], [ 5.4689821, 8.8700172 ], [ 5.4689681, 8.869625 ], [ 5.4687906, 8.8692374 ], [ 5.4685244, 8.8690805 ], [ 5.467964, 8.8690574 ], [ 5.4675577, 8.8689836 ], [ 5.4671468, 8.8689697 ], [ 5.4667545, 8.8688682 ], [ 5.4665817, 8.8687713 ], [ 5.4664229, 8.8686744 ], [ 5.4661614, 8.8686791 ] ] } },
{ "type": "Feature", "properties": { "name": null, "waterway": "river" }, "geometry": { "type": "LineString", "coordinates": [ [ 5.4795608, 8.897381 ], [ 5.4792437, 8.897148 ], [ 5.4789185, 8.8970998 ], [ 5.4786746, 8.8970034 ], [ 5.4785526, 8.8967544 ], [ 5.4786583, 8.8963768 ], [ 5.4785526, 8.8960716 ], [ 5.4782274, 8.8958065 ], [ 5.4778859, 8.8957904 ], [ 5.4776907, 8.8955896 ], [ 5.4775931, 8.8954289 ], [ 5.4773411, 8.8952683 ], [ 5.4770646, 8.8952602 ], [ 5.4769264, 8.8950032 ], [ 5.4769833, 8.8946256 ], [ 5.4767069, 8.8943444 ], [ 5.4764142, 8.8940151 ], [ 5.4760483, 8.8936536 ], [ 5.4758857, 8.893276 ], [ 5.4756742, 8.8928503 ], [ 5.4753653, 8.8928583 ], [ 5.4749425, 8.8928181 ], [ 5.4747717, 8.892537 ], [ 5.4746416, 8.8921032 ], [ 5.4743733, 8.8918783 ], [ 5.4743408, 8.8915891 ], [ 5.4742351, 8.8912677 ], [ 5.4740725, 8.891091 ], [ 5.4736009, 8.8910428 ], [ 5.4731618, 8.8909223 ], [ 5.4729179, 8.8906893 ], [ 5.4726902, 8.8904965 ], [ 5.4724381, 8.8902555 ], [ 5.4719991, 8.8900788 ], [ 5.4714218, 8.8899904 ], [ 5.4711818, 8.889978 ], [ 5.4708951, 8.8900725 ], [ 5.4704704, 8.8903207 ], [ 5.4701696, 8.8904536 ], [ 5.4699997, 8.8904921 ], [ 5.4697767, 8.8904326 ], [ 5.4695113, 8.8904186 ], [ 5.4692423, 8.890576 ], [ 5.4690335, 8.8906634 ], [ 5.4688247, 8.8906144 ], [ 5.4686937, 8.890569 ], [ 5.4686477, 8.8906319 ], [ 5.4686512, 8.8907753 ], [ 5.4685805, 8.891097 ], [ 5.4685911, 8.8913802 ], [ 5.4686831, 8.8916425 ], [ 5.4686619, 8.8922474 ], [ 5.4685557, 8.8923942 ], [ 5.4682407, 8.8924467 ], [ 5.4680283, 8.8923488 ], [ 5.467925, 8.8921657 ], [ 5.4677594, 8.892104 ], [ 5.4675541, 8.892174 ], [ 5.4673417, 8.8922369 ], [ 5.4670586, 8.8920621 ], [ 5.4667719, 8.8916739 ], [ 5.46651, 8.8915411 ], [ 5.4663543, 8.8912823 ], [ 5.4661986, 8.891076 ], [ 5.4656323, 8.8907788 ], [ 5.4649988, 8.8903802 ], [ 5.4645175, 8.8902228 ], [ 5.4635229, 8.8903102 ], [ 5.4627868, 8.8904186 ], [ 5.4623196, 8.8904501 ], [ 5.4617215, 8.8902543 ], [ 5.4615268, 8.8899361 ], [ 5.4613003, 8.889471 ], [ 5.4610944, 8.8893298 ], [ 5.4607773, 8.8892696 ], [ 5.4604521, 8.8892977 ], [ 5.4602691, 8.8892736 ], [ 5.4600252, 8.8892134 ], [ 5.459643, 8.8891973 ], [ 5.4593503, 8.8892174 ], [ 5.4587852, 8.8892134 ] ] } },
{ "type": "Feature", "properties": { "name": null, "waterway": "river" }, "geometry": { "type": "LineString", "coordinates": [ [ 5.4795608, 8.897381 ], [ 5.479325, 8.8977103 ], [ 5.479138, 8.897871 ], [ 5.478764, 8.8978871 ], [ 5.4785201, 8.8979995 ], [ 5.4781379, 8.8981039 ], [ 5.4778046, 8.8981039 ], [ 5.4776094, 8.8980718 ], [ 5.4774631, 8.8981923 ], [ 5.4773411, 8.898369 ], [ 5.4771134, 8.8984172 ], [ 5.4769345, 8.8983128 ], [ 5.47665, 8.8982726 ], [ 5.476406, 8.8981602 ], [ 5.4763329, 8.8979674 ], [ 5.476154, 8.897871 ], [ 5.475845, 8.8978951 ], [ 5.4756011, 8.8978951 ] ] } },
{ "type": "Feature", "properties": { "name": null, "waterway": "river" }, "geometry": { "type": "LineString", "coordinates": [ [ 5.4843193, 8.9011392 ], [ 5.4840992, 8.9007157 ], [ 5.4838376, 8.9002405 ], [ 5.4837162, 8.8997468 ], [ 5.4837239, 8.8995017 ], [ 5.4839434, 8.899325 ], [ 5.4839109, 8.8990037 ], [ 5.4836182, 8.898851 ], [ 5.4831141, 8.8984574 ], [ 5.4825205, 8.8982807 ], [ 5.4820733, 8.8985297 ], [ 5.4817968, 8.8986743 ], [ 5.481496, 8.8988591 ], [ 5.4812765, 8.8987546 ], [ 5.4812195, 8.8984654 ], [ 5.4810895, 8.8980879 ], [ 5.4807398, 8.8978389 ], [ 5.4802926, 8.8976862 ], [ 5.4798942, 8.8975979 ], [ 5.4795608, 8.897381 ] ] } },
{ "type": "Feature", "properties": { "name": null, "waterway": "river" }, "geometry": { "type": "LineString", "coordinates": [ [ 5.4902631, 8.9068576 ], [ 5.4902256, 8.9065184 ], [ 5.4900807, 8.9061316 ], [ 5.4900646, 8.9057871 ], [ 5.4901719, 8.9054373 ], [ 5.4903382, 8.9051511 ], [ 5.4904348, 8.9048967 ], [ 5.4903436, 8.9045787 ], [ 5.4900056, 8.9044992 ], [ 5.4895711, 8.9044568 ], [ 5.4891473, 8.9045098 ], [ 5.4888201, 8.9042872 ], [ 5.488407, 8.9042554 ], [ 5.4880637, 8.9043137 ], [ 5.4877579, 8.9042183 ], [ 5.4875112, 8.904266 ], [ 5.4871786, 8.9042554 ], [ 5.4869157, 8.9038845 ], [ 5.4864812, 8.9036248 ], [ 5.4860735, 8.9034976 ], [ 5.4857356, 8.9033757 ], [ 5.48564, 8.9031986 ], [ 5.4855639, 8.9030577 ], [ 5.4856122, 8.9028616 ], [ 5.4855532, 8.9026549 ], [ 5.4852259, 8.9025701 ], [ 5.4849094, 8.902586 ], [ 5.4845983, 8.9022839 ], [ 5.4844856, 8.9016427 ], [ 5.4843193, 8.9011392 ] ] } },
{ "type": "Feature", "properties": { "name": null, "waterway": "river" }, "geometry": { "type": "LineString", "coordinates": [ [ 5.4902631, 8.9068576 ], [ 5.4898757, 8.9067361 ], [ 5.4894412, 8.9065771 ], [ 5.4891461, 8.9062115 ], [ 5.489012, 8.9058776 ], [ 5.4888511, 8.9056656 ], [ 5.4885185, 8.9056603 ], [ 5.4880143, 8.9057451 ], [ 5.4871989, 8.9057981 ], [ 5.4867536, 8.9059253 ], [ 5.4863835, 8.9057875 ], [ 5.4859382, 8.9056497 ], [ 5.4855037, 8.905549 ], [ 5.485037, 8.9054112 ], [ 5.4845381, 8.9052363 ], [ 5.4842645, 8.9050508 ], [ 5.4840285, 8.9050455 ], [ 5.483889, 8.9051462 ], [ 5.4837549, 8.9054006 ], [ 5.4836076, 8.9054562 ], [ 5.4832535, 8.9054562 ], [ 5.4827439, 8.9054006 ], [ 5.4822799, 8.9052893 ], [ 5.4821082, 8.9051356 ], [ 5.4819097, 8.9050587 ], [ 5.4817622, 8.9051144 ], [ 5.481494, 8.9052495 ], [ 5.4813035, 8.9053264 ], [ 5.4810916, 8.9053264 ], [ 5.4807832, 8.9053078 ], [ 5.4805337, 8.9051992 ], [ 5.4802253, 8.9050084 ], [ 5.4800107, 8.9048892 ], [ 5.4798551, 8.9046613 ], [ 5.4796406, 8.9044148 ], [ 5.4793026, 8.9042505 ], [ 5.4791931, 8.9040917 ], [ 5.4790586, 8.9038574 ], [ 5.4790373, 8.9037595 ], [ 5.4789913, 8.9033155 ], [ 5.4789736, 8.9030497 ], [ 5.4789807, 8.9028854 ], [ 5.4791258, 8.9027071 ], [ 5.4791506, 8.9025882 ], [ 5.4790586, 8.9024203 ], [ 5.4788179, 8.9022665 ], [ 5.4786303, 8.9021686 ], [ 5.4785525, 8.9020812 ], [ 5.4784109, 8.9021371 ], [ 5.4784003, 8.902277 ], [ 5.4782233, 8.9023504 ], [ 5.4780676, 8.9023085 ], [ 5.4778163, 8.9023329 ], [ 5.4775473, 8.9022805 ], [ 5.4773881, 8.9021406 ], [ 5.4773739, 8.9019658 ], [ 5.4772146, 8.901756 ], [ 5.4769988, 8.9017525 ], [ 5.4768713, 8.9017525 ] ] } },
{ "type": "Feature", "properties": { "name": null, "waterway": "river" }, "geometry": { "type": "LineString", "coordinates": [ [ 5.4931492, 8.9116962 ], [ 5.4929131, 8.9116538 ], [ 5.4926878, 8.911781 ], [ 5.4924464, 8.9119347 ], [ 5.4919797, 8.911887 ], [ 5.4917383, 8.9116009 ], [ 5.491454, 8.9113094 ], [ 5.4911755, 8.9109595 ], [ 5.4911, 8.9106734 ], [ 5.4911965, 8.9104084 ], [ 5.4911912, 8.9100692 ], [ 5.4910034, 8.9098626 ], [ 5.4905743, 8.9097248 ], [ 5.4902363, 8.9093591 ], [ 5.4901719, 8.9088821 ], [ 5.4903436, 8.90858 ], [ 5.4905635, 8.9081985 ], [ 5.4906494, 8.9076685 ], [ 5.4904723, 8.9072975 ], [ 5.4902631, 8.9068576 ] ] } },
{ "type": "Feature", "properties": { "name": null, "waterway": "river" }, "geometry": { "type": "LineString", "coordinates": [ [ 5.4931608, 8.9128528 ], [ 5.4934568, 8.9125443 ], [ 5.4934943, 8.9121229 ], [ 5.4933522, 8.9118129 ], [ 5.4931492, 8.9116962 ] ] } },
{ "type": "Feature", "properties": { "name": null, "waterway": "river" }, "geometry": { "type": "LineString", "coordinates": [ [ 5.4931438, 8.9138903 ], [ 5.4927576, 8.9137313 ], [ 5.4926127, 8.9135882 ], [ 5.492602, 8.913249 ], [ 5.4927737, 8.9129788 ], [ 5.4931608, 8.9128528 ] ] } },
{ "type": "Feature", "properties": { "name": null, "waterway": "river" }, "geometry": { "type": "LineString", "coordinates": [ [ 5.5423705, 8.9131811 ], [ 5.542277, 8.9131434 ], [ 5.542086, 8.9131555 ], [ 5.541439, 8.9136304 ], [ 5.5411062, 8.9140626 ], [ 5.5405023, 8.9145801 ], [ 5.5401634, 8.9149575 ], [ 5.5396273, 8.9152497 ], [ 5.5384812, 8.9156211 ], [ 5.5371009, 8.916175 ] ] } },
{ "type": "Feature", "properties": { "name": null, "waterway": "stream" }, "geometry": { "type": "LineString", "coordinates": [ [ 5.5371009, 8.916175 ], [ 5.5365748, 8.9165087 ], [ 5.5365182, 8.9166997 ], [ 5.5355562, 8.9170491 ], [ 5.5348924, 8.9169535 ], [ 5.5345815, 8.9170559 ], [ 5.5346208, 8.9173172 ], [ 5.5342277, 8.917522 ], [ 5.5341383, 8.9172536 ], [ 5.5338774, 8.9174655 ], [ 5.5338345, 8.9177055 ], [ 5.5336022, 8.918041 ], [ 5.5335022, 8.9185776 ], [ 5.5334521, 8.9200534 ], [ 5.5334414, 8.9214833 ], [ 5.5334057, 8.9229803 ] ] } },
{ "type": "Feature", "properties": { "name": null, "waterway": "stream" }, "geometry": { "type": "LineString", "coordinates": [ [ 5.4298413, 8.9251789 ], [ 5.4299723, 8.9249936 ], [ 5.4301315, 8.9249307 ], [ 5.4303368, 8.9249481 ], [ 5.430673, 8.9250181 ], [ 5.4312924, 8.9253677 ], [ 5.4315791, 8.9254516 ], [ 5.4319578, 8.9254237 ], [ 5.4323152, 8.9252943 ], [ 5.4324639, 8.9249866 ], [ 5.4325028, 8.9246719 ], [ 5.4325205, 8.9243433 ], [ 5.4326125, 8.9240356 ], [ 5.4328249, 8.9235951 ], [ 5.4327824, 8.9234202 ], [ 5.4327399, 8.9232804 ], [ 5.4325594, 8.9231475 ], [ 5.4317419, 8.9228433 ], [ 5.4315649, 8.9226475 ], [ 5.4314587, 8.9224063 ], [ 5.4314057, 8.9220287 ], [ 5.431395, 8.921763 ], [ 5.4315331, 8.9213714 ], [ 5.4316569, 8.9210462 ], [ 5.4319224, 8.920735 ], [ 5.4322444, 8.9205672 ], [ 5.4324639, 8.9204378 ], [ 5.4327506, 8.9201546 ], [ 5.4330868, 8.9200777 ], [ 5.433423, 8.9201511 ], [ 5.4336814, 8.9202665 ], [ 5.4340282, 8.920242 ], [ 5.4346546, 8.9199029 ], [ 5.4350723, 8.9195218 ], [ 5.4352563, 8.91934 ], [ 5.4355005, 8.9192351 ], [ 5.4357589, 8.9192421 ], [ 5.4365127, 8.9193365 ], [ 5.4368065, 8.9194414 ], [ 5.4369834, 8.9194309 ], [ 5.4371639, 8.9193085 ], [ 5.4373834, 8.9188959 ], [ 5.4375603, 8.918826 ], [ 5.4379284, 8.9187805 ], [ 5.4381691, 8.9186931 ], [ 5.4383212, 8.9186966 ], [ 5.4384982, 8.9184868 ], [ 5.4386327, 8.9184519 ], [ 5.4387707, 8.9184868 ], [ 5.4390839, 8.9186756 ] ] } },
{ "type": "Feature", "properties": { "name": null, "waterway": "stream" }, "geometry": { "type": "LineString", "coordinates": [ [ 5.4710036, 8.9194726 ], [ 5.4711324, 8.9193773 ], [ 5.4714167, 8.9193985 ], [ 5.471583, 8.9194726 ], [ 5.47176, 8.9197694 ], [ 5.4717386, 8.9199761 ], [ 5.4720551, 8.9202994 ], [ 5.4720712, 8.9206809 ], [ 5.4719263, 8.9207922 ], [ 5.4719371, 8.9211844 ], [ 5.4720926, 8.9214759 ], [ 5.4722589, 8.9215766 ], [ 5.4727203, 8.9214653 ], [ 5.4729617, 8.9211791 ], [ 5.4731226, 8.920824 ], [ 5.4733264, 8.9207975 ], [ 5.4736805, 8.920718 ], [ 5.4741204, 8.9206332 ], [ 5.4745173, 8.9208187 ], [ 5.4747587, 8.9211102 ], [ 5.4748982, 8.9212639 ], [ 5.4754347, 8.9211049 ], [ 5.475558, 8.9210254 ], [ 5.4760623, 8.9207657 ], [ 5.4764163, 8.9207604 ], [ 5.4767489, 8.9209194 ], [ 5.4770333, 8.9212374 ], [ 5.4774624, 8.9216879 ], [ 5.477677, 8.9219263 ], [ 5.4778433, 8.9221171 ], [ 5.4780042, 8.9224351 ], [ 5.4784763, 8.9229703 ], [ 5.4785299, 8.9232618 ], [ 5.4785567, 8.9238077 ], [ 5.4783529, 8.9241097 ], [ 5.4781866, 8.9244224 ], [ 5.4781169, 8.9247828 ], [ 5.4785353, 8.9250477 ], [ 5.478605, 8.9251113 ], [ 5.4787981, 8.9251961 ], [ 5.4791254, 8.9252915 ], [ 5.4794097, 8.925424 ], [ 5.4795974, 8.9254876 ], [ 5.4797852, 8.9254346 ], [ 5.4800588, 8.9253816 ], [ 5.4804504, 8.9254452 ], [ 5.4811209, 8.9253604 ], [ 5.4818827, 8.9253869 ], [ 5.4821237, 8.9255108 ], [ 5.4821961, 8.9256076 ], [ 5.4822661, 8.9257299 ], [ 5.4822895, 8.9257783 ], [ 5.4823736, 8.9258176 ], [ 5.4824249, 8.9258406 ], [ 5.4824856, 8.9259306 ], [ 5.4825884, 8.9259144 ], [ 5.4826257, 8.9258268 ], [ 5.4826678, 8.9258683 ], [ 5.4827588, 8.9258775 ], [ 5.4828125, 8.9259029 ], [ 5.4828429, 8.9259098 ], [ 5.4828756, 8.9259583 ], [ 5.4829433, 8.9259906 ], [ 5.4830087, 8.9260182 ], [ 5.4830764, 8.9260275 ], [ 5.4831371, 8.9260436 ], [ 5.4831721, 8.9260898 ], [ 5.4832328, 8.9261682 ], [ 5.4832352, 8.9262166 ], [ 5.4832865, 8.9262904 ], [ 5.4833356, 8.9263989 ], [ 5.4833776, 8.9264796 ], [ 5.4833332, 8.9265303 ], [ 5.4833356, 8.9266272 ], [ 5.4833986, 8.9266941 ], [ 5.4834266, 8.926761 ], [ 5.4834547, 8.9268648 ], [ 5.4835434, 8.9270032 ], [ 5.4835878, 8.927077 ], [ 5.4836742, 8.9271578 ], [ 5.4837465, 8.9272385 ], [ 5.4838143, 8.9273031 ], [ 5.483938, 8.9273469 ], [ 5.4840477, 8.9273262 ], [ 5.4841365, 8.9272939 ], [ 5.4842205, 8.9272939 ], [ 5.4843186, 8.9272593 ], [ 5.4843583, 8.9272593 ], [ 5.484454, 8.9272846 ], [ 5.4845521, 8.9272869 ], [ 5.4846035, 8.9273123 ], [ 5.4846362, 8.9273907 ], [ 5.4846689, 8.9274784 ], [ 5.4846782, 8.927543 ], [ 5.4847086, 8.9276145 ], [ 5.4846992, 8.9276791 ], [ 5.4846315, 8.9277367 ], [ 5.4845311, 8.927746 ], [ 5.4844797, 8.9278106 ], [ 5.484412, 8.9278867 ], [ 5.48437, 8.9279467 ], [ 5.4843676, 8.9280089 ], [ 5.4843676, 8.928062 ], [ 5.4843069, 8.9280874 ], [ 5.4842883, 8.928145 ], [ 5.4842766, 8.9282119 ], [ 5.4842439, 8.9282373 ], [ 5.4842252, 8.9282834 ], [ 5.4841967, 8.928361 ] ] } },
{ "type": "Feature", "properties": { "name": null, "waterway": "river" }, "geometry": { "type": "LineString", "coordinates": [ [ 5.3613163, 8.0876802 ], [ 5.3607905, 8.0872913 ], [ 5.3605434, 8.0873603 ], [ 5.3597071, 8.0880126 ], [ 5.3587188, 8.0885834 ], [ 5.3582246, 8.0887716 ], [ 5.3579459, 8.0887277 ], [ 5.3574074, 8.0886022 ], [ 5.3569702, 8.0883137 ], [ 5.3566091, 8.0878495 ], [ 5.3560453, 8.0870216 ], [ 5.3558679, 8.0869024 ], [ 5.3553421, 8.0868522 ], [ 5.3548479, 8.0869589 ], [ 5.3541827, 8.086915 ], [ 5.3532451, 8.0868899 ], [ 5.3530677, 8.0869212 ], [ 5.352979, 8.0870279 ], [ 5.3533401, 8.0875736 ], [ 5.3536632, 8.0879185 ], [ 5.3540497, 8.0882384 ], [ 5.3541193, 8.0884078 ], [ 5.3539975, 8.0885806 ] ] } },
{ "type": "Feature", "properties": { "name": null, "waterway": "river" }, "geometry": { "type": "LineString", "coordinates": [ [ 5.2733396, 8.0826295 ], [ 5.2740186, 8.0835072 ], [ 5.2746411, 8.0842355 ], [ 5.2754899, 8.0839741 ], [ 5.2761878, 8.0846277 ], [ 5.277112, 8.0857108 ], [ 5.2779608, 8.0862897 ], [ 5.2784701, 8.086215 ], [ 5.2792623, 8.0867753 ], [ 5.2805826, 8.0868126 ], [ 5.2816389, 8.0874849 ], [ 5.2827707, 8.0885307 ], [ 5.282318, 8.0894084 ], [ 5.2830347, 8.0898752 ], [ 5.2836195, 8.0899686 ], [ 5.2842419, 8.0907716 ], [ 5.2849587, 8.0914065 ], [ 5.2860904, 8.0919108 ], [ 5.2868637, 8.0915559 ], [ 5.287656, 8.0915933 ], [ 5.2882218, 8.0922842 ], [ 5.2881841, 8.0929378 ], [ 5.2881275, 8.0939463 ], [ 5.2885991, 8.0944505 ], [ 5.2890895, 8.0953655 ], [ 5.2888631, 8.0962245 ], [ 5.2882595, 8.0971769 ], [ 5.2879362, 8.0978499 ] ] } },
{ "type": "Feature", "properties": { "name": null, "waterway": "river" }, "geometry": { "type": "LineString", "coordinates": [ [ 5.3539975, 8.0885806 ], [ 5.3524601, 8.090258 ], [ 5.3517385, 8.0923081 ], [ 5.3506717, 8.0935817 ], [ 5.3502952, 8.0966259 ], [ 5.3510168, 8.0977441 ], [ 5.3526483, 8.1008814 ], [ 5.3537151, 8.1030558 ], [ 5.3544054, 8.1041119 ], [ 5.35588, 8.1053854 ], [ 5.3577625, 8.1056029 ], [ 5.3592685, 8.1056339 ], [ 5.3600529, 8.1062552 ], [ 5.3601157, 8.1082121 ], [ 5.3598588, 8.1096891 ], [ 5.3597312, 8.1099581 ], [ 5.3595038, 8.1102601 ], [ 5.3592986, 8.110628 ], [ 5.3587051, 8.1106939 ], [ 5.358095, 8.1104688 ], [ 5.3572105, 8.1099839 ], [ 5.3568112, 8.109907 ], [ 5.3566892, 8.1101047 ], [ 5.356728, 8.1103792 ], [ 5.3566337, 8.1108734 ], [ 5.3569166, 8.1115872 ], [ 5.3572771, 8.1122352 ], [ 5.3572272, 8.1126195 ], [ 5.356427, 8.1136474 ], [ 5.3561771, 8.1151153 ], [ 5.3563103, 8.1162025 ], [ 5.3559997, 8.1168724 ], [ 5.3547018, 8.1164881 ], [ 5.35377, 8.1164771 ], [ 5.3534705, 8.1172129 ], [ 5.3525941, 8.1182891 ], [ 5.3528138, 8.119626 ], [ 5.3536295, 8.121148 ], [ 5.3541002, 8.1231669 ], [ 5.3540374, 8.1249684 ], [ 5.3528451, 8.1259313 ], [ 5.3500214, 8.1277017 ], [ 5.3496449, 8.130963 ], [ 5.3486408, 8.1322418 ], [ 5.346866, 8.1341306 ], [ 5.3458011, 8.1352727 ], [ 5.3448915, 8.1363928 ], [ 5.343405, 8.1370077 ], [ 5.3426588, 8.1374911 ], [ 5.3424391, 8.1380501 ], [ 5.3424147, 8.1383187 ] ] } },
{ "type": "Feature", "properties": { "name": null, "waterway": "river" }, "geometry": { "type": "LineString", "coordinates": [ [ 5.2250206, 8.150911 ], [ 5.2257527, 8.1514216 ], [ 5.2265348, 8.1518279 ], [ 5.227522, 8.1520036 ], [ 5.2280268, 8.1520859 ], [ 5.228415, 8.1520475 ], [ 5.228709, 8.1516577 ], [ 5.2291582, 8.1516357 ], [ 5.2296519, 8.1518938 ], [ 5.2298682, 8.1523275 ], [ 5.2304173, 8.1527118 ], [ 5.2305171, 8.1529479 ], [ 5.2305337, 8.1537385 ], [ 5.2304672, 8.1543809 ], [ 5.2301843, 8.1550617 ], [ 5.2296907, 8.1558963 ], [ 5.2294134, 8.1566265 ], [ 5.2291638, 8.1572908 ], [ 5.2292525, 8.1575983 ], [ 5.2295853, 8.1579167 ], [ 5.2296241, 8.1581857 ], [ 5.2295409, 8.1586744 ], [ 5.2296408, 8.1590422 ], [ 5.2300789, 8.1592234 ], [ 5.2304006, 8.1592508 ], [ 5.230695, 8.1591373 ], [ 5.2310087, 8.1590247 ], [ 5.2313892, 8.1590247 ], [ 5.2319657, 8.1590907 ], [ 5.2323971, 8.1592421 ], [ 5.232754, 8.1591761 ], [ 5.2331383, 8.1590324 ], [ 5.2336129, 8.1593314 ], [ 5.2339574, 8.1594535 ], [ 5.2343622, 8.1596045 ], [ 5.2350417, 8.1597006 ], [ 5.2356823, 8.1597775 ], [ 5.2363451, 8.1598488 ], [ 5.2371687, 8.1599532 ], [ 5.2376735, 8.160063 ], [ 5.238339, 8.1599614 ], [ 5.2392819, 8.1598433 ], [ 5.2397201, 8.1598104 ], [ 5.240369, 8.1599669 ], [ 5.2414145, 8.1598983 ], [ 5.2423547, 8.1597967 ], [ 5.2428871, 8.1598269 ], [ 5.2433114, 8.1599504 ] ] } },
{ "type": "Feature", "properties": { "name": null, "waterway": "river" }, "geometry": { "type": "MultiLineString", "coordinates": [ [ [ 5.2778288, 8.094077 ], [ 5.2781306, 8.0946185 ], [ 5.278753, 8.0942824 ], [ 5.2797904, 8.094189 ], [ 5.2816955, 8.0938716 ], [ 5.2830159, 8.0943197 ], [ 5.2843174, 8.0937035 ], [ 5.2847889, 8.0941517 ], [ 5.2862979, 8.0950107 ], [ 5.2874296, 8.0954028 ], [ 5.2882595, 8.0961498 ], [ 5.2878446, 8.0963365 ], [ 5.2877125, 8.0970275 ], [ 5.2879362, 8.0978499 ], [ 5.2879766, 8.0979985 ], [ 5.2887688, 8.0986708 ], [ 5.2903344, 8.0985027 ], [ 5.2915227, 8.0991377 ], [ 5.2931637, 8.0987268 ], [ 5.2943143, 8.0982973 ], [ 5.2951442, 8.0989883 ], [ 5.2962005, 8.0991563 ], [ 5.2969927, 8.1002021 ], [ 5.2973511, 8.1015839 ], [ 5.2981622, 8.1017147 ], [ 5.2993316, 8.1013038 ], [ 5.3001427, 8.1018641 ], [ 5.3002747, 8.1027977 ], [ 5.3016517, 8.1028164 ], [ 5.3030286, 8.1029471 ], [ 5.3041037, 8.104329 ], [ 5.3049903, 8.1053374 ], [ 5.3055939, 8.1067006 ], [ 5.3069331, 8.1072794 ], [ 5.3073103, 8.107989 ], [ 5.3071217, 8.1087547 ], [ 5.3076687, 8.1090534 ], [ 5.3089136, 8.1095203 ], [ 5.3094983, 8.1103606 ], [ 5.3098944, 8.1109955 ], [ 5.3114223, 8.1115557 ], [ 5.3121579, 8.1123773 ], [ 5.3121956, 8.113367 ], [ 5.3124408, 8.1140579 ], [ 5.3131764, 8.1144687 ], [ 5.313964, 8.1152349 ], [ 5.3152923, 8.1170088 ], [ 5.316583, 8.1193286 ], [ 5.3161945, 8.1204203 ], [ 5.3168085, 8.1212143 ], [ 5.3179221, 8.1219407 ], [ 5.3190092, 8.1231047 ], [ 5.3197413, 8.1229949 ], [ 5.3209394, 8.1248178 ], [ 5.32192, 8.1259319 ], [ 5.3223508, 8.1266782 ], [ 5.322921, 8.1272678 ], [ 5.3238713, 8.1269855 ], [ 5.3241881, 8.1269103 ], [ 5.3245188, 8.1269523 ], [ 5.3247452, 8.1271326 ], [ 5.3248773, 8.1274863 ], [ 5.325315, 8.1283439 ], [ 5.3256279, 8.1285681 ], [ 5.3258147, 8.1289957 ], [ 5.3256538, 8.1296387 ], [ 5.3253944, 8.1302278 ], [ 5.3253313, 8.130526 ], [ 5.3256871, 8.1308357 ], [ 5.3270294, 8.1315495 ], [ 5.3273371, 8.1318898 ], [ 5.3278261, 8.1321335 ], [ 5.3283463, 8.1321518 ], [ 5.3287171, 8.1318158 ], [ 5.3288478, 8.1313951 ], [ 5.3303239, 8.1321205 ], [ 5.3308422, 8.1321968 ], [ 5.3317678, 8.1321657 ], [ 5.3334071, 8.1320881 ], [ 5.3342778, 8.1322589 ], [ 5.3352897, 8.1329267 ], [ 5.3361917, 8.1338274 ], [ 5.3364898, 8.1341691 ], [ 5.3364584, 8.1347437 ], [ 5.3369369, 8.1354425 ], [ 5.3378389, 8.1362423 ], [ 5.3380978, 8.1367082 ], [ 5.3381527, 8.1375779 ], [ 5.3385056, 8.138828 ], [ 5.3387723, 8.1392085 ], [ 5.3394783, 8.1391697 ], [ 5.3405372, 8.1389134 ], [ 5.3410863, 8.1383388 ], [ 5.3422471, 8.1382146 ], [ 5.3424147, 8.1383187 ], [ 5.3425844, 8.1384243 ], [ 5.3427805, 8.1389678 ], [ 5.3427021, 8.1396744 ], [ 5.3424354, 8.1404586 ], [ 5.3423177, 8.1414991 ], [ 5.342357, 8.1422834 ], [ 5.3430629, 8.1434791 ], [ 5.3462554, 8.1455135 ], [ 5.3489223, 8.1460104 ], [ 5.3506793, 8.1477808 ], [ 5.3525932, 8.1486815 ], [ 5.3536913, 8.1486194 ], [ 5.3553228, 8.1497996 ], [ 5.3568289, 8.1509177 ], [ 5.3592134, 8.1523153 ], [ 5.3622568, 8.1541788 ], [ 5.3704772, 8.1600177 ], [ 5.376062, 8.1634651 ], [ 5.3774111, 8.1642416 ], [ 5.3774739, 8.165018 ], [ 5.3762189, 8.1656391 ], [ 5.3747756, 8.1663845 ], [ 5.3743363, 8.1672852 ], [ 5.3751207, 8.1680616 ], [ 5.3764071, 8.1685896 ], [ 5.3817723, 8.1727201 ], [ 5.3824626, 8.173714 ], [ 5.3834666, 8.1758879 ], [ 5.3841255, 8.1780308 ], [ 5.3862276, 8.178155 ], [ 5.387355, 8.1787517 ], [ 5.3881643, 8.1803378 ], [ 5.3874683, 8.1830293 ], [ 5.3885851, 8.1855765 ], [ 5.3875816, 8.1873708 ], [ 5.3873065, 8.188316 ], [ 5.3871932, 8.189101 ], [ 5.3879863, 8.1896457 ], [ 5.3898314, 8.1901904 ], [ 5.3919193, 8.1917444 ], [ 5.3925182, 8.1931221 ], [ 5.3926801, 8.1943877 ], [ 5.3935541, 8.1951887 ], [ 5.3951564, 8.1952849 ], [ 5.3971149, 8.1949645 ], [ 5.4020353, 8.1974316 ], [ 5.4028122, 8.1982326 ], [ 5.4046249, 8.1989214 ], [ 5.406292, 8.1990496 ], [ 5.4076354, 8.1998506 ], [ 5.4085418, 8.1997224 ], [ 5.4106621, 8.1993059 ], [ 5.411698, 8.1996744 ], [ 5.411698, 8.2005074 ], [ 5.4112771, 8.2027342 ], [ 5.4124101, 8.2072197 ], [ 5.4135431, 8.2087416 ], [ 5.4138992, 8.2096867 ], [ 5.4134298, 8.210712 ], [ 5.4121835, 8.2114969 ], [ 5.4120055, 8.2122338 ], [ 5.4123616, 8.2132271 ], [ 5.4125396, 8.2153096 ], [ 5.4141743, 8.218161 ], [ 5.4153559, 8.2192984 ], [ 5.4163917, 8.2194906 ], [ 5.4182854, 8.2188018 ], [ 5.4194184, 8.2193625 ], [ 5.4228497, 8.2219736 ], [ 5.4267019, 8.2245366 ], [ 5.4284014, 8.2247769 ], [ 5.429502, 8.2252735 ], [ 5.429612784417937, 8.225487849177178 ] ], [ [ 5.420158178508024, 8.232734216317994 ], [ 5.4192728, 8.233347 ], [ 5.4173305, 8.2344522 ], [ 5.4168611, 8.2363905 ], [ 5.4168288, 8.239418 ] ] ] } },
{ "type": "Feature", "properties": { "name": null, "waterway": "river" }, "geometry": { "type": "LineString", "coordinates": [ [ 5.2201423, 8.2014549 ], [ 5.2203039, 8.201828 ], [ 5.2203332, 8.2022011 ], [ 5.2202304, 8.2027534 ], [ 5.2204165, 8.2032622 ], [ 5.220436, 8.2036789 ], [ 5.2204605, 8.2041246 ], [ 5.2206673, 8.2047756 ], [ 5.2204942, 8.2050155 ], [ 5.2202276, 8.2053204 ], [ 5.2203869, 8.2058309 ], [ 5.2206188, 8.2063756 ], [ 5.2206534, 8.2069341 ], [ 5.2206396, 8.2078105 ], [ 5.2206119, 8.2085917 ], [ 5.2205634, 8.2092015 ], [ 5.2207711, 8.2097154 ], [ 5.2211311, 8.2106679 ], [ 5.2212346, 8.2111091 ], [ 5.2213177, 8.2117669 ], [ 5.2217469, 8.2124316 ], [ 5.2223284, 8.2126851 ], [ 5.2232492, 8.2127947 ], [ 5.224343, 8.2131168 ], [ 5.2247099, 8.2138842 ], [ 5.224883, 8.2148503 ], [ 5.2248069, 8.2157548 ], [ 5.2245438, 8.2162276 ], [ 5.2246476, 8.2171252 ], [ 5.2248069, 8.2179268 ], [ 5.2251599, 8.2182283 ], [ 5.2259768, 8.2184955 ], [ 5.2266207, 8.2187696 ], [ 5.227493, 8.2191054 ], [ 5.2284207, 8.2190231 ], [ 5.2293968, 8.218893 ], [ 5.2303314, 8.218797 ], [ 5.2310306, 8.2188587 ], [ 5.2315776, 8.2186463 ], [ 5.2319237, 8.2184613 ], [ 5.2322491, 8.2186737 ], [ 5.2326714, 8.2189889 ], [ 5.2332079, 8.219424 ], [ 5.2336302, 8.21977 ], [ 5.233876, 8.2200646 ], [ 5.2340145, 8.2205237 ], [ 5.234371, 8.2209143 ], [ 5.2347691, 8.2210273 ], [ 5.235001, 8.2211061 ], [ 5.2350425, 8.221411 ], [ 5.234821, 8.2218153 ], [ 5.2345233, 8.2222915 ], [ 5.2342637, 8.2226341 ], [ 5.2340075, 8.2232336 ], [ 5.2336752, 8.2241723 ], [ 5.2334745, 8.2245149 ], [ 5.2336337, 8.2249808 ], [ 5.2335783, 8.2254262 ], [ 5.2336545, 8.2257551 ], [ 5.2340421, 8.2264402 ], [ 5.2341183, 8.2269678 ], [ 5.2343082, 8.2274935 ] ] } },
{ "type": "Feature", "properties": { "name": null, "waterway": "river" }, "geometry": { "type": "LineString", "coordinates": [ [ 5.2827935, 8.2298355 ], [ 5.2828179, 8.2300584 ], [ 5.2826025, 8.2303006 ], [ 5.2826907, 8.2308965 ], [ 5.2825242, 8.2314149 ], [ 5.2823137, 8.2320254 ], [ 5.2821473, 8.232568 ], [ 5.2819025, 8.2328296 ], [ 5.2811927, 8.2331445 ], [ 5.2808598, 8.2335564 ], [ 5.2802087, 8.2339585 ], [ 5.2796115, 8.2343073 ], [ 5.2791269, 8.2345592 ], [ 5.2782017, 8.2349129 ], [ 5.2777758, 8.2351697 ], [ 5.2770855, 8.2357898 ], [ 5.2769485, 8.2362355 ], [ 5.2767869, 8.2368751 ], [ 5.2764198, 8.2376309 ], [ 5.2761309, 8.2382074 ], [ 5.2762778, 8.2385707 ], [ 5.276547, 8.2391473 ], [ 5.276454, 8.2396463 ], [ 5.2761358, 8.2401404 ], [ 5.2757246, 8.2404214 ], [ 5.2752987, 8.2410174 ], [ 5.2750785, 8.241371 ], [ 5.2747652, 8.2420299 ], [ 5.2747701, 8.2427663 ], [ 5.2747945, 8.2432314 ], [ 5.2748435, 8.2437885 ], [ 5.2750589, 8.2444184 ], [ 5.2751813, 8.2451935 ], [ 5.2750148, 8.2458039 ], [ 5.2752547, 8.2460946 ], [ 5.2753722, 8.2469424 ], [ 5.275098, 8.247766 ], [ 5.2749463, 8.2485945 ], [ 5.2745498, 8.2489821 ], [ 5.2741165, 8.2501326 ] ] } },
{ "type": "Feature", "properties": { "name": null, "waterway": "river" }, "geometry": { "type": "LineString", "coordinates": [ [ 5.2196113, 8.2277983 ], [ 5.2200765, 8.2277129 ], [ 5.2205403, 8.2278774 ], [ 5.2212811, 8.227665 ], [ 5.2220703, 8.2275896 ], [ 5.2223818, 8.227569 ], [ 5.2226241, 8.2278157 ], [ 5.2231918, 8.2281514 ], [ 5.2242857, 8.2284529 ], [ 5.2250472, 8.2285488 ], [ 5.2255595, 8.2286379 ], [ 5.225961, 8.2286105 ], [ 5.2263695, 8.2281651 ], [ 5.227041, 8.2275142 ], [ 5.2272349, 8.2276238 ], [ 5.2272764, 8.2279664 ], [ 5.2274495, 8.2280761 ], [ 5.227761, 8.2278363 ], [ 5.2279618, 8.2277129 ], [ 5.2283979, 8.2277677 ], [ 5.2288895, 8.2280144 ], [ 5.2300456, 8.2279596 ], [ 5.2309248, 8.2279733 ], [ 5.2322333, 8.2280898 ], [ 5.2329394, 8.2279527 ], [ 5.2337217, 8.2277814 ], [ 5.2343082, 8.2274935 ], [ 5.2349194, 8.2274937 ], [ 5.2361448, 8.2276924 ], [ 5.2372386, 8.2279459 ], [ 5.237834, 8.2281309 ], [ 5.2381663, 8.2284872 ], [ 5.2382632, 8.2289462 ], [ 5.2386163, 8.2296451 ], [ 5.2392532, 8.2298575 ], [ 5.2401809, 8.2298301 ], [ 5.2410393, 8.2296657 ], [ 5.2419809, 8.2295834 ], [ 5.2430124, 8.2294464 ], [ 5.2440423, 8.2298751 ], [ 5.2460396, 8.2301077 ], [ 5.2470578, 8.2296038 ], [ 5.2482718, 8.2301077 ], [ 5.2487418, 8.2312317 ], [ 5.2498775, 8.2310379 ], [ 5.2505433, 8.2316968 ], [ 5.2516398, 8.2322007 ], [ 5.2527364, 8.2325107 ], [ 5.2540679, 8.232472 ], [ 5.254342, 8.231658 ], [ 5.2549295, 8.2312704 ], [ 5.2556735, 8.231658 ], [ 5.2569267, 8.2315805 ], [ 5.2579163, 8.2321862 ], [ 5.2584148, 8.2330906 ], [ 5.2589132, 8.2327069 ], [ 5.2591902, 8.232241 ], [ 5.2602978, 8.2329536 ], [ 5.2605748, 8.2336388 ], [ 5.2607963, 8.2346528 ], [ 5.2621532, 8.2351461 ], [ 5.2629286, 8.2360505 ], [ 5.2632332, 8.237969 ], [ 5.2638701, 8.2395037 ], [ 5.2647286, 8.239997 ], [ 5.2649224, 8.2410111 ], [ 5.2646455, 8.2414496 ], [ 5.2654486, 8.2421621 ], [ 5.2653378, 8.2429843 ], [ 5.2654209, 8.2441079 ], [ 5.2659193, 8.2450671 ], [ 5.2675531, 8.245533 ], [ 5.2685778, 8.24641 ], [ 5.2688547, 8.2473692 ], [ 5.2700177, 8.2480544 ], [ 5.2710977, 8.2478351 ], [ 5.2720669, 8.2477529 ], [ 5.2724823, 8.2483832 ], [ 5.2720393, 8.2494246 ], [ 5.2735623, 8.2499453 ], [ 5.2741165, 8.2501326 ], [ 5.2746977, 8.250329 ], [ 5.2749469, 8.2515075 ], [ 5.2749746, 8.2525215 ], [ 5.2755285, 8.2527133 ], [ 5.2767469, 8.253234 ], [ 5.2769961, 8.2541384 ], [ 5.2781038, 8.2552894 ], [ 5.2783759, 8.2559392 ] ] } },
{ "type": "Feature", "properties": { "name": null, "waterway": "river" }, "geometry": { "type": "LineString", "coordinates": [ [ 5.2235561, 8.2684409 ], [ 5.2232086, 8.2687412 ], [ 5.2228218, 8.2688187 ], [ 5.2224204, 8.2688817 ], [ 5.2219358, 8.2689738 ], [ 5.2217302, 8.2692644 ], [ 5.221598, 8.2696326 ], [ 5.2209518, 8.2699669 ], [ 5.2210057, 8.2701025 ], [ 5.2209714, 8.270335 ], [ 5.2206336, 8.2707129 ], [ 5.2203595, 8.2712409 ], [ 5.2200707, 8.2717302 ], [ 5.2199825, 8.2719482 ], [ 5.2201, 8.2722147 ], [ 5.2200168, 8.2723988 ], [ 5.2197867, 8.272888 ], [ 5.2193853, 8.273077 ], [ 5.2189741, 8.2733434 ], [ 5.2185286, 8.2734984 ], [ 5.2184552, 8.2737649 ], [ 5.2183279, 8.2741185 ], [ 5.2179265, 8.274477 ], [ 5.2175446, 8.2746567 ] ] } },
{ "type": "Feature", "properties": { "name": null, "waterway": "river" }, "geometry": { "type": "LineString", "coordinates": [ [ 5.2235255, 8.2775374 ], [ 5.2233982, 8.2778861 ], [ 5.2234472, 8.2780896 ], [ 5.2233346, 8.2781865 ], [ 5.223173, 8.2780944 ], [ 5.222987, 8.2781526 ], [ 5.2228255, 8.2784142 ], [ 5.2229234, 8.2785643 ], [ 5.2228108, 8.2788356 ], [ 5.2226248, 8.2790875 ], [ 5.2221059, 8.2790744 ], [ 5.2219189, 8.2788997 ], [ 5.221777, 8.2790539 ], [ 5.2218497, 8.279184 ], [ 5.2215451, 8.2793724 ], [ 5.2213097, 8.2797218 ], [ 5.2210397, 8.2800438 ], [ 5.2207767, 8.2805234 ], [ 5.2206001, 8.2807323 ], [ 5.2203855, 8.2809104 ], [ 5.2204236, 8.2811468 ], [ 5.2204547, 8.2813934 ], [ 5.2202817, 8.2814893 ], [ 5.2202055, 8.2817668 ], [ 5.2203993, 8.2821059 ], [ 5.2204097, 8.2822669 ], [ 5.2202817, 8.2823902 ], [ 5.220119, 8.2823525 ], [ 5.2198836, 8.2824382 ], [ 5.2197616, 8.2825114 ] ] } },
{ "type": "Feature", "properties": { "name": null, "waterway": "stream" }, "geometry": { "type": "LineString", "coordinates": [ [ 4.7071305, 8.1072502 ], [ 4.7075959, 8.1065722 ], [ 4.7078462, 8.1059898 ], [ 4.7079603, 8.1053899 ], [ 4.7081579, 8.1050075 ], [ 4.7082106, 8.1047988 ], [ 4.7080789, 8.1043598 ], [ 4.7077671, 8.1035992 ], [ 4.7074554, 8.1029863 ], [ 4.7072096, 8.1023387 ] ] } },
{ "type": "Feature", "properties": { "name": null, "waterway": "stream" }, "geometry": { "type": "LineString", "coordinates": [ [ 4.8220974, 8.203777 ], [ 4.819265, 8.2043292 ], [ 4.8169047, 8.2045841 ], [ 4.8148018, 8.204669 ], [ 4.8129565, 8.2049239 ], [ 4.8118407, 8.2049239 ] ] } },
{ "type": "Feature", "properties": { "name": null, "waterway": "stream" }, "geometry": { "type": "LineString", "coordinates": [ [ 4.8423749, 8.2078866 ], [ 4.8429436, 8.2083007 ], [ 4.8434103, 8.2085556 ], [ 4.8442686, 8.2088901 ], [ 4.844966, 8.2092511 ], [ 4.8455775, 8.2098723 ], [ 4.8463178, 8.210759 ], [ 4.8470259, 8.211805 ], [ 4.8475462, 8.2125695 ], [ 4.8481417, 8.2130633 ], [ 4.8496759, 8.2135305 ], [ 4.8510438, 8.2141199 ], [ 4.852562, 8.214911 ], [ 4.8529697, 8.2153569 ], [ 4.8539514, 8.2170666 ], [ 4.8546756, 8.2180806 ], [ 4.8553461, 8.2190416 ], [ 4.8562688, 8.220645 ], [ 4.8565102, 8.2215158 ], [ 4.8570788, 8.2239474 ], [ 4.8572022, 8.2246748 ], [ 4.8573524, 8.2259437 ], [ 4.8573578, 8.2267082 ], [ 4.8574112, 8.2272199 ] ] } },
{ "type": "Feature", "properties": { "name": null, "waterway": "stream" }, "geometry": { "type": "LineString", "coordinates": [ [ 4.8209682, 8.2100927 ], [ 4.8201099, 8.211197 ], [ 4.8187366, 8.2125138 ], [ 4.8179212, 8.213873 ], [ 4.817771, 8.2149986 ], [ 4.817771, 8.2156144 ], [ 4.8181573, 8.2164427 ], [ 4.8207751, 8.2197345 ], [ 4.8214832, 8.2214335 ], [ 4.8213759, 8.2228564 ], [ 4.8217622, 8.2241518 ], [ 4.8228136, 8.2257021 ], [ 4.8245731, 8.2279107 ], [ 4.8255173, 8.2296946 ], [ 4.8260752, 8.2313723 ], [ 4.8260322, 8.2340269 ], [ 4.8254744, 8.2352586 ], [ 4.8248521, 8.2360656 ], [ 4.8242191, 8.2366284 ], [ 4.8239616, 8.2372336 ], [ 4.8238543, 8.2377008 ], [ 4.8234144, 8.2386033 ], [ 4.8229745, 8.2387626 ], [ 4.8221377, 8.2393466 ], [ 4.8221913, 8.2399731 ], [ 4.8216442, 8.2408119 ], [ 4.8206651, 8.2418604 ] ] } },
{ "type": "Feature", "properties": { "name": null, "waterway": "river" }, "geometry": { "type": "LineString", "coordinates": [ [ 4.8248869, 8.1909066 ], [ 4.8229987, 8.1934977 ], [ 4.8205096, 8.1962587 ], [ 4.8174197, 8.1975755 ], [ 4.8141581, 8.199402 ], [ 4.8128706, 8.2013984 ], [ 4.8125273, 8.2030125 ], [ 4.8115805, 8.2041567 ], [ 4.8118407, 8.2049239 ], [ 4.8112372, 8.2052186 ], [ 4.810454, 8.2059938 ], [ 4.8083082, 8.2074804 ], [ 4.8070208, 8.2093918 ], [ 4.805905, 8.2130872 ], [ 4.8042742, 8.2167825 ], [ 4.8026863, 8.2200106 ], [ 4.8016992, 8.225065 ], [ 4.8015276, 8.2287602 ], [ 4.8021284, 8.2313086 ], [ 4.8038879, 8.2367027 ], [ 4.8049179, 8.2406101 ], [ 4.8056045, 8.2420117 ], [ 4.8053256, 8.2430098 ], [ 4.8047033, 8.2459829 ], [ 4.8034373, 8.2485099 ], [ 4.8025576, 8.2504424 ], [ 4.8021928, 8.2513342 ], [ 4.8019138, 8.2544771 ], [ 4.8015276, 8.2553477 ], [ 4.8004547, 8.2569404 ], [ 4.7993389, 8.2580659 ], [ 4.799296, 8.2595311 ], [ 4.7995535, 8.2610388 ], [ 4.8001758, 8.2633958 ], [ 4.8005405, 8.264224 ], [ 4.8016134, 8.2653282 ], [ 4.8024074, 8.2660714 ], [ 4.8032871, 8.2673031 ], [ 4.8044244, 8.2679401 ], [ 4.8053256, 8.268747 ], [ 4.8076886, 8.2699016 ] ] } },
{ "type": "Feature", "properties": { "name": null, "waterway": "river" }, "geometry": { "type": "LineString", "coordinates": [ [ 4.8777104, 8.2112687 ], [ 4.8770452, 8.2110032 ], [ 4.8768306, 8.2112475 ], [ 4.8764444, 8.211205 ], [ 4.8761118, 8.2110457 ], [ 4.8759079, 8.211067 ], [ 4.8759294, 8.2114068 ], [ 4.8754144, 8.2113855 ], [ 4.8752535, 8.2116616 ], [ 4.8752535, 8.2120864 ], [ 4.8752857, 8.2122244 ], [ 4.8754573, 8.2126067 ], [ 4.8756933, 8.2130208 ], [ 4.8754251, 8.2129783 ], [ 4.874996, 8.2126916 ], [ 4.8748565, 8.2129465 ], [ 4.8747492, 8.2132544 ], [ 4.8744488, 8.2137323 ], [ 4.8745454, 8.2142845 ], [ 4.8743415, 8.2144756 ], [ 4.8738909, 8.2147411 ], [ 4.8734081, 8.2151021 ], [ 4.8735047, 8.215495 ], [ 4.8730219, 8.2159516 ], [ 4.8725713, 8.2164401 ], [ 4.8718846, 8.2166312 ], [ 4.871198, 8.2164401 ], [ 4.870683, 8.216748 ], [ 4.8702967, 8.2165993 ], [ 4.8700714, 8.2168117 ], [ 4.8696745, 8.2173002 ], [ 4.8693419, 8.2173745 ], [ 4.8690844, 8.2173851 ], [ 4.8686767, 8.2175125 ], [ 4.8681081, 8.2170984 ], [ 4.8675823, 8.2175125 ], [ 4.8673892, 8.2178842 ], [ 4.8668099, 8.2182134 ], [ 4.8663914, 8.2185638 ], [ 4.8661018, 8.2190416 ], [ 4.8656082, 8.2190204 ], [ 4.8649967, 8.2191903 ], [ 4.8647929, 8.2195513 ], [ 4.8642671, 8.2198274 ], [ 4.8634303, 8.2200185 ], [ 4.8627544, 8.2207088 ], [ 4.8623896, 8.221176 ], [ 4.8622501, 8.2219193 ], [ 4.8624218, 8.2228431 ], [ 4.8624969, 8.2234059 ], [ 4.8621428, 8.2234802 ], [ 4.8615849, 8.2239899 ], [ 4.8615957, 8.2246376 ], [ 4.8615635, 8.2249243 ], [ 4.8611129, 8.2246588 ], [ 4.8604906, 8.224489 ], [ 4.8599541, 8.2249349 ], [ 4.8596859, 8.2253915 ], [ 4.8590637, 8.2257738 ], [ 4.8587311, 8.2263897 ], [ 4.8581517, 8.2265702 ], [ 4.8577011, 8.2272285 ], [ 4.8574112, 8.2272199 ], [ 4.8569823, 8.2272073 ], [ 4.8563814, 8.2269312 ], [ 4.8560167, 8.2271754 ], [ 4.8558235, 8.227494 ], [ 4.8553515, 8.2278125 ], [ 4.8547936, 8.2285027 ], [ 4.8540211, 8.2287045 ], [ 4.8535598, 8.2291504 ], [ 4.8534203, 8.2293734 ], [ 4.8531628, 8.2296707 ], [ 4.8528731, 8.2296814 ], [ 4.8526049, 8.2294584 ], [ 4.8517573, 8.2293734 ], [ 4.851017, 8.2294796 ], [ 4.8503197, 8.2293203 ], [ 4.8499549, 8.2291823 ], [ 4.8493219, 8.2292672 ], [ 4.8488498, 8.2296814 ], [ 4.8484421, 8.2302972 ], [ 4.8477125, 8.2308175 ], [ 4.8475945, 8.2312316 ], [ 4.847852, 8.2315927 ], [ 4.8479486, 8.2318581 ], [ 4.8474872, 8.2317307 ], [ 4.8470688, 8.2319112 ], [ 4.846865, 8.2322404 ], [ 4.8458672, 8.232612 ], [ 4.8457599, 8.2331748 ], [ 4.8458886, 8.2338013 ], [ 4.8458243, 8.2341835 ], [ 4.8451269, 8.234449 ], [ 4.8441184, 8.2346082 ], [ 4.8437643, 8.2348737 ], [ 4.8427451, 8.2350648 ], [ 4.841758, 8.2352347 ], [ 4.8410392, 8.2351073 ], [ 4.8401809, 8.2350542 ], [ 4.8396445, 8.2346932 ], [ 4.839623, 8.2340349 ], [ 4.8393441, 8.2336845 ], [ 4.8383034, 8.2339712 ], [ 4.8376489, 8.2341835 ], [ 4.8372627, 8.233865 ], [ 4.8369515, 8.2337163 ], [ 4.8367262, 8.234226 ], [ 4.8367799, 8.2345764 ], [ 4.8361254, 8.235256 ], [ 4.8354709, 8.2357869 ], [ 4.8348379, 8.2360629 ], [ 4.8346341, 8.2361373 ], [ 4.8347736, 8.2365726 ], [ 4.8346448, 8.236923 ], [ 4.8341513, 8.2373902 ], [ 4.8335719, 8.2376344 ], [ 4.8333359, 8.2372309 ], [ 4.8330355, 8.2370398 ], [ 4.8324132, 8.237008 ], [ 4.8315335, 8.2373584 ], [ 4.8309541, 8.2379742 ], [ 4.8305464, 8.2387599 ], [ 4.8302353, 8.2390997 ], [ 4.8294843, 8.2390679 ], [ 4.8288834, 8.2390891 ], [ 4.8278749, 8.2393758 ], [ 4.8278642, 8.2400341 ], [ 4.8276496, 8.2403951 ], [ 4.8266411, 8.240427 ], [ 4.8262012, 8.240342 ], [ 4.8258686, 8.2406924 ], [ 4.8260403, 8.2411384 ], [ 4.8259652, 8.2415844 ], [ 4.8253751, 8.2419348 ], [ 4.8248709, 8.2416056 ], [ 4.8246455, 8.2415844 ], [ 4.8240984, 8.2416587 ], [ 4.8238516, 8.2419135 ], [ 4.8234117, 8.2421153 ], [ 4.8228967, 8.2421153 ], [ 4.8230577, 8.2416481 ], [ 4.8226071, 8.2417224 ], [ 4.822371, 8.2421259 ], [ 4.8223496, 8.2425294 ], [ 4.8220277, 8.242763 ], [ 4.8215878, 8.242816 ], [ 4.8213303, 8.2423807 ], [ 4.8209441, 8.2422002 ], [ 4.8206651, 8.2418604 ], [ 4.8200321, 8.2416905 ], [ 4.8194206, 8.2419772 ], [ 4.8185087, 8.2420409 ], [ 4.8181439, 8.242179 ], [ 4.8180259, 8.2425612 ], [ 4.8173392, 8.2430072 ], [ 4.8167813, 8.2434319 ], [ 4.8166096, 8.2438672 ], [ 4.816041, 8.2440796 ], [ 4.815687, 8.2444512 ], [ 4.815687, 8.2448228 ], [ 4.8161698, 8.2449184 ], [ 4.8164273, 8.2450883 ], [ 4.8162771, 8.2455555 ], [ 4.8163736, 8.2457147 ], [ 4.8167169, 8.245651 ], [ 4.8167599, 8.2458846 ], [ 4.8166526, 8.2460545 ], [ 4.8163092, 8.2464899 ], [ 4.8163951, 8.2466916 ], [ 4.8163951, 8.2469889 ], [ 4.8164392, 8.2473115 ], [ 4.8166633, 8.2477215 ], [ 4.8166955, 8.2481038 ], [ 4.8162771, 8.2485816 ], [ 4.8158479, 8.2489744 ], [ 4.8155046, 8.2491656 ], [ 4.8155153, 8.2495159 ], [ 4.8151291, 8.2494735 ], [ 4.814421, 8.2493992 ], [ 4.8142064, 8.2497389 ], [ 4.8136807, 8.2496965 ], [ 4.8131657, 8.2500999 ], [ 4.812876, 8.2505777 ], [ 4.812758, 8.2508856 ], [ 4.8127365, 8.2512042 ], [ 4.812522, 8.251682 ], [ 4.8123288, 8.2521173 ], [ 4.8120714, 8.2523774 ], [ 4.8120821, 8.2526535 ], [ 4.8120177, 8.2529136 ], [ 4.8117763, 8.2530198 ], [ 4.8114384, 8.2530357 ], [ 4.8112989, 8.2531685 ], [ 4.811213, 8.2539542 ], [ 4.811197, 8.2543046 ], [ 4.8111218, 8.2546178 ], [ 4.8109448, 8.2546815 ], [ 4.8104728, 8.2545063 ], [ 4.8102314, 8.2545169 ], [ 4.8100758, 8.2548036 ], [ 4.8100221, 8.2550743 ], [ 4.8100275, 8.2553345 ], [ 4.8097539, 8.2557008 ], [ 4.8097056, 8.2560724 ], [ 4.8099149, 8.2564015 ], [ 4.8099149, 8.2565555 ], [ 4.8097807, 8.2567625 ], [ 4.8095554, 8.2566829 ], [ 4.8094857, 8.2568528 ], [ 4.8094428, 8.2569908 ], [ 4.8091209, 8.2570386 ], [ 4.8089117, 8.2574739 ], [ 4.8089117, 8.2579464 ], [ 4.8091638, 8.2584242 ], [ 4.8097647, 8.2584401 ], [ 4.8100007, 8.2585144 ], [ 4.8101509, 8.2589179 ], [ 4.8101831, 8.2593426 ], [ 4.8098719, 8.259539 ], [ 4.809593, 8.2596027 ], [ 4.809652, 8.2600115 ], [ 4.8099792, 8.2602717 ], [ 4.8101241, 8.2606061 ], [ 4.8102153, 8.2608131 ], [ 4.8103333, 8.2612325 ], [ 4.8100221, 8.2613334 ], [ 4.8097217, 8.2615086 ], [ 4.8094535, 8.2618537 ], [ 4.8090029, 8.2619598 ], [ 4.8086596, 8.2617369 ], [ 4.8082733, 8.2618324 ], [ 4.8081607, 8.2621138 ], [ 4.8083592, 8.2622677 ], [ 4.8084986, 8.2626978 ], [ 4.8082573, 8.2626924 ], [ 4.8079729, 8.2626553 ], [ 4.807753, 8.262995 ], [ 4.8076725, 8.2633348 ], [ 4.8076296, 8.2636215 ], [ 4.8073668, 8.2637436 ], [ 4.8069966, 8.2638816 ], [ 4.8068518, 8.2641789 ], [ 4.8069376, 8.2644231 ], [ 4.8071093, 8.2646036 ], [ 4.8071683, 8.2649858 ], [ 4.8069805, 8.2650973 ], [ 4.8066479, 8.2652459 ], [ 4.8065406, 8.2654901 ], [ 4.8064173, 8.265729 ], [ 4.8065836, 8.2660529 ], [ 4.8065567, 8.2663289 ], [ 4.8063797, 8.2665837 ], [ 4.8065245, 8.2668916 ], [ 4.8069108, 8.2671783 ], [ 4.807061, 8.2674119 ], [ 4.8070556, 8.2679481 ], [ 4.8072487, 8.2682241 ], [ 4.8072273, 8.2685161 ], [ 4.8071897, 8.2687337 ], [ 4.8076886, 8.2699016 ] ] } },
{ "type": "Feature", "properties": { "name": null, "waterway": "river" }, "geometry": { "type": "LineString", "coordinates": [ [ 4.7219739, 8.233165 ], [ 4.7215517, 8.2337165 ], [ 4.7211464, 8.2340173 ], [ 4.7205261, 8.2338559 ], [ 4.7196485, 8.2346004 ], [ 4.7194992, 8.2350436 ], [ 4.7196306, 8.2355163 ], [ 4.7198515, 8.2357586 ], [ 4.7200724, 8.2366567 ], [ 4.7199172, 8.2372594 ], [ 4.7196604, 8.2377676 ], [ 4.7194395, 8.238388 ], [ 4.7189798, 8.2388135 ], [ 4.7184245, 8.2390735 ], [ 4.7180484, 8.239298 ], [ 4.7178075, 8.2396106 ], [ 4.7175708, 8.2403439 ], [ 4.717117, 8.2408698 ], [ 4.7166394, 8.2411475 ], [ 4.7162692, 8.2413188 ], [ 4.7160483, 8.241632 ], [ 4.7161498, 8.2420397 ], [ 4.7162095, 8.2423351 ], [ 4.7160961, 8.2432687 ], [ 4.7159289, 8.2437769 ], [ 4.7155527, 8.2437473 ], [ 4.7150035, 8.2446573 ], [ 4.7148721, 8.2454195 ], [ 4.7148423, 8.2460222 ], [ 4.7147049, 8.2463827 ], [ 4.7144303, 8.2465363 ], [ 4.7140601, 8.246424 ], [ 4.7137556, 8.2462822 ], [ 4.7135288, 8.2463827 ], [ 4.7130082, 8.2467392 ], [ 4.7125556, 8.2467904 ], [ 4.7122451, 8.2465481 ], [ 4.7119585, 8.2467135 ], [ 4.7117555, 8.2470562 ], [ 4.7115943, 8.2475289 ], [ 4.7118093, 8.2477476 ], [ 4.7121794, 8.2478067 ], [ 4.7120421, 8.2482025 ], [ 4.7114928, 8.2487993 ], [ 4.711051, 8.2498865 ], [ 4.7104301, 8.2504183 ], [ 4.7095703, 8.2508083 ], [ 4.7086986, 8.2508555 ], [ 4.7079702, 8.2510564 ], [ 4.707218, 8.2518009 ], [ 4.707003, 8.2527581 ], [ 4.7072896, 8.2533135 ], [ 4.7077792, 8.2532426 ], [ 4.708018, 8.2537035 ], [ 4.7076001, 8.2539989 ], [ 4.7071224, 8.2544953 ], [ 4.7066687, 8.2549089 ], [ 4.7062507, 8.2551689 ], [ 4.7054149, 8.2556179 ], [ 4.7049372, 8.2562797 ], [ 4.7049253, 8.2571541 ], [ 4.7051044, 8.2576859 ], [ 4.704782, 8.2581232 ], [ 4.7031939, 8.2592812 ], [ 4.7024058, 8.2596712 ], [ 4.7020595, 8.2602502 ], [ 4.7015818, 8.2609002 ], [ 4.7006624, 8.2619282 ], [ 4.700125, 8.2623064 ], [ 4.6994444, 8.26246 ], [ 4.6990742, 8.2628263 ], [ 4.6988593, 8.2637835 ], [ 4.6985847, 8.2647407 ], [ 4.6978563, 8.265497 ], [ 4.6972353, 8.266466 ], [ 4.6964711, 8.2672104 ], [ 4.6968174, 8.2677304 ], [ 4.6972592, 8.268014 ], [ 4.6971876, 8.2684866 ], [ 4.6968055, 8.2687821 ], [ 4.6962203, 8.2692902 ], [ 4.6955875, 8.2696447 ], [ 4.6950024, 8.2700701 ], [ 4.6945367, 8.2706255 ], [ 4.693868, 8.2707791 ], [ 4.69345, 8.2712163 ], [ 4.6933306, 8.2718544 ], [ 4.6927575, 8.2721144 ], [ 4.6920052, 8.2719135 ], [ 4.6916828, 8.2722207 ], [ 4.6918022, 8.2727761 ], [ 4.6919216, 8.2731543 ], [ 4.6915276, 8.2739696 ], [ 4.6910021, 8.274525 ], [ 4.690975, 8.2745535 ], [ 4.6904051, 8.2751513 ], [ 4.6899991, 8.2759784 ], [ 4.6899513, 8.2768292 ], [ 4.6901782, 8.2781527 ], [ 4.6899036, 8.2786135 ], [ 4.6895812, 8.279098 ], [ 4.6897245, 8.2797006 ], [ 4.6894856, 8.2801379 ], [ 4.6890797, 8.2804451 ], [ 4.6886975, 8.2810123 ], [ 4.6882557, 8.2814259 ], [ 4.6878139, 8.2820403 ], [ 4.6870139, 8.2824302 ], [ 4.6853183, 8.2835055 ], [ 4.6844107, 8.2835764 ], [ 4.6838256, 8.2837301 ], [ 4.6834435, 8.2841909 ], [ 4.6834196, 8.2847581 ], [ 4.6830972, 8.2851716 ], [ 4.6824405, 8.2858215 ], [ 4.6823688, 8.2871922 ], [ 4.6824763, 8.2880784 ], [ 4.6830017, 8.2882202 ], [ 4.6833002, 8.288492 ], [ 4.6830495, 8.2890828 ], [ 4.6826912, 8.2893782 ], [ 4.6816882, 8.2900045 ], [ 4.6822017, 8.290997 ], [ 4.6816285, 8.2915642 ], [ 4.6804344, 8.2919778 ], [ 4.6794791, 8.2923086 ], [ 4.6777955, 8.2928876 ], [ 4.6769238, 8.2932776 ], [ 4.6771745, 8.2939747 ], [ 4.677079, 8.2945891 ], [ 4.6772939, 8.2952154 ], [ 4.6778432, 8.2955226 ], [ 4.6781179, 8.2959362 ], [ 4.6776402, 8.2963143 ], [ 4.6768641, 8.2963497 ], [ 4.6771865, 8.2970351 ], [ 4.6775447, 8.2977322 ], [ 4.6772939, 8.2984766 ], [ 4.6770671, 8.2989847 ], [ 4.6770551, 8.2994928 ], [ 4.6767805, 8.3004499 ], [ 4.6763745, 8.3009934 ], [ 4.6761118, 8.301336 ], [ 4.6765058, 8.3017378 ], [ 4.6767924, 8.3024585 ], [ 4.6764581, 8.3034156 ], [ 4.6763506, 8.30429 ], [ 4.6770312, 8.305377 ], [ 4.6775925, 8.3057197 ], [ 4.6782612, 8.3056961 ], [ 4.6788463, 8.3062041 ], [ 4.6788224, 8.3066531 ], [ 4.6782612, 8.3074212 ], [ 4.6789896, 8.308201 ], [ 4.6791328, 8.3090635 ], [ 4.6790851, 8.3098315 ], [ 4.6790762, 8.3103791 ], [ 4.6786194, 8.3102923 ], [ 4.6778193, 8.3103869 ], [ 4.6776163, 8.3109068 ], [ 4.677079, 8.3110958 ], [ 4.6770671, 8.3117338 ], [ 4.676482, 8.3122183 ], [ 4.676076, 8.3128563 ], [ 4.6755983, 8.3142033 ], [ 4.6753714, 8.3153494 ], [ 4.6753237, 8.3162592 ], [ 4.6747147, 8.3158693 ], [ 4.6741057, 8.3157393 ], [ 4.6738549, 8.3163537 ], [ 4.6736639, 8.3171926 ], [ 4.6731624, 8.3177125 ], [ 4.6714071, 8.3174998 ], [ 4.6690666, 8.3178661 ], [ 4.6681472, 8.3179369 ], [ 4.6671893, 8.3179411 ], [ 4.6658665, 8.3179369 ], [ 4.665341, 8.3183268 ], [ 4.6650306, 8.3192839 ], [ 4.6646724, 8.319981 ], [ 4.6640037, 8.320489 ], [ 4.663729, 8.3204772 ], [ 4.663526, 8.320111 ], [ 4.6634186, 8.3194139 ], [ 4.6629051, 8.3189294 ], [ 4.6621648, 8.3189294 ], [ 4.6615796, 8.3192248 ], [ 4.6611378, 8.3198274 ], [ 4.6608154, 8.3208908 ] ] } },
{ "type": "Feature", "properties": { "name": null, "waterway": "stream" }, "geometry": { "type": "LineString", "coordinates": [ [ 4.7369854, 8.2874316 ], [ 4.7345819, 8.2895927 ], [ 4.7315196, 8.2928887 ], [ 4.7301662, 8.2945668 ], [ 4.7288842, 8.2958948 ], [ 4.7279814, 8.297742 ], [ 4.7272738, 8.299753 ] ] } },
{ "type": "Feature", "properties": { "name": null, "waterway": "stream" }, "geometry": { "type": "LineString", "coordinates": [ [ 4.6982745, 8.2951465 ], [ 4.6971776, 8.2956586 ], [ 4.6961893, 8.2966606 ], [ 4.6951889, 8.2969987 ], [ 4.6937492, 8.2966003 ], [ 4.6920167, 8.295888 ], [ 4.6903087, 8.2956103 ], [ 4.68893, 8.2959484 ], [ 4.6864167, 8.2969142 ], [ 4.6835984, 8.297554 ], [ 4.6805604, 8.2983388 ], [ 4.6792062, 8.2980007 ], [ 4.6783765, 8.2977593 ], [ 4.6775447, 8.2977322 ] ] } },
{ "type": "Feature", "properties": { "name": null, "waterway": "stream" }, "geometry": { "type": "LineString", "coordinates": [ [ 4.7445452, 8.2994627 ], [ 4.7439292, 8.2997519 ], [ 4.7420089, 8.2994627 ], [ 4.7391102, 8.2987969 ], [ 4.7355731, 8.3000945 ], [ 4.7335198, 8.3007262 ], [ 4.7307074, 8.3003335 ], [ 4.7278777, 8.299753 ], [ 4.7272738, 8.299753 ], [ 4.724979, 8.3019213 ], [ 4.7207012, 8.304793 ], [ 4.7201306, 8.3057628 ], [ 4.7174562, 8.3086311 ], [ 4.7137983, 8.3116872 ], [ 4.7125733, 8.313992 ], [ 4.7122454, 8.3166212 ], [ 4.7121937, 8.3188748 ], [ 4.7118313, 8.3198479 ], [ 4.7114227, 8.3201107 ], [ 4.7106925, 8.3206504 ] ] } },
{ "type": "Feature", "properties": { "name": null, "waterway": "river" }, "geometry": { "type": "LineString", "coordinates": [ [ 5.1456755, 8.2279343 ], [ 5.1459801, 8.2284139 ], [ 5.1460909, 8.2290305 ], [ 5.146624, 8.2294896 ], [ 5.1470809, 8.2298801 ], [ 5.1482093, 8.2310312 ], [ 5.1485485, 8.2312436 ], [ 5.1492478, 8.2317781 ], [ 5.1499055, 8.2317781 ], [ 5.1503555, 8.2319973 ], [ 5.1510616, 8.2322645 ], [ 5.151297, 8.2324906 ], [ 5.1516293, 8.2327579 ] ] } },
{ "type": "Feature", "properties": { "name": null, "waterway": "river" }, "geometry": { "type": "LineString", "coordinates": [ [ 5.1721827, 8.258528 ], [ 5.1715803, 8.2586445 ], [ 5.1712134, 8.2583705 ], [ 5.1708673, 8.2585486 ], [ 5.1703896, 8.2584732 ], [ 5.1698496, 8.2583842 ], [ 5.1691504, 8.2581033 ], [ 5.1688873, 8.2582197 ], [ 5.1684858, 8.2581855 ], [ 5.1682088, 8.2585006 ], [ 5.1679042, 8.2588295 ], [ 5.1673296, 8.2587815 ], [ 5.1669627, 8.2586856 ], [ 5.1666927, 8.2587199 ], [ 5.1662363, 8.2586165 ] ] } },
{ "type": "Feature", "properties": { "name": null, "waterway": "river" }, "geometry": { "type": "LineString", "coordinates": [ [ 5.1409933, 8.2502131 ], [ 5.1410349, 8.2505146 ], [ 5.140841, 8.251049 ], [ 5.1407026, 8.2513162 ], [ 5.1409033, 8.2514327 ], [ 5.1412495, 8.2513299 ], [ 5.1412287, 8.2516862 ], [ 5.1413256, 8.2523233 ], [ 5.1413464, 8.2529948 ], [ 5.1415264, 8.2532757 ], [ 5.1420041, 8.2534127 ], [ 5.1423502, 8.2537073 ], [ 5.142281, 8.2540499 ], [ 5.142191, 8.2543924 ], [ 5.1422672, 8.2547556 ], [ 5.1421633, 8.2552009 ], [ 5.1422118, 8.2557627 ], [ 5.1423572, 8.2562971 ], [ 5.1427449, 8.2564821 ], [ 5.1433056, 8.2566054 ], [ 5.1436102, 8.2567493 ], [ 5.1437972, 8.2570507 ], [ 5.1437833, 8.2574961 ], [ 5.1435064, 8.2575714 ], [ 5.1436241, 8.2580853 ], [ 5.1440187, 8.2586128 ], [ 5.1440533, 8.2591404 ], [ 5.1439979, 8.2596473 ], [ 5.1442887, 8.2596885 ], [ 5.1445033, 8.259709 ], [ 5.1446418, 8.2602365 ], [ 5.144711, 8.2607915 ], [ 5.144531, 8.2612848 ], [ 5.1448356, 8.2619904 ], [ 5.1452302, 8.2627989 ], [ 5.1454656, 8.263532 ], [ 5.1455141, 8.2642034 ], [ 5.1457702, 8.2647103 ], [ 5.1461648, 8.2649707 ], [ 5.146511, 8.2655873 ], [ 5.1467394, 8.2662655 ], [ 5.1471963, 8.266752 ], [ 5.1471271, 8.2670534 ], [ 5.1469333, 8.2673206 ], [ 5.1470579, 8.2679167 ], [ 5.1471271, 8.2685812 ], [ 5.1476048, 8.2689169 ], [ 5.1479094, 8.2689306 ], [ 5.1478817, 8.2691841 ], [ 5.1477917, 8.2695678 ], [ 5.1479025, 8.2701706 ], [ 5.148124, 8.2705474 ], [ 5.1481586, 8.2712051 ], [ 5.1481102, 8.2717395 ], [ 5.1482556, 8.2719314 ], [ 5.1486086, 8.2721163 ], [ 5.1489479, 8.2726302 ], [ 5.1492525, 8.272774 ], [ 5.1495086, 8.273096 ], [ 5.1497579, 8.2735756 ], [ 5.1497994, 8.273925 ], [ 5.1499032, 8.2743292 ], [ 5.1500625, 8.2744114 ], [ 5.1504086, 8.2743429 ], [ 5.1507825, 8.2742264 ], [ 5.1512394, 8.2742333 ], [ 5.1514955, 8.2743429 ], [ 5.1520148, 8.2745073 ], [ 5.1525478, 8.2744868 ], [ 5.152534, 8.2741785 ], [ 5.1525755, 8.2738428 ], [ 5.1531294, 8.2736852 ], [ 5.1536209, 8.27374 ], [ 5.1543686, 8.2736098 ], [ 5.1546247, 8.2738154 ], [ 5.1548393, 8.2741579 ], [ 5.1551786, 8.2742949 ], [ 5.1553863, 8.2740414 ], [ 5.1556355, 8.2734249 ], [ 5.1558709, 8.2734112 ], [ 5.1560024, 8.273603 ], [ 5.1565009, 8.2740003 ], [ 5.1574839, 8.2742333 ], [ 5.1585362, 8.2740757 ], [ 5.1590832, 8.2739935 ], [ 5.1595055, 8.2739935 ], [ 5.160177, 8.273692 ], [ 5.1607862, 8.2735824 ], [ 5.160897, 8.2732399 ], [ 5.1609593, 8.2728288 ], [ 5.1610378, 8.2725868 ] ] } },
{ "type": "Feature", "properties": { "name": null, "waterway": "river" }, "geometry": { "type": "LineString", "coordinates": [ [ 5.1662773, 8.2549654 ], [ 5.1662773, 8.2559794 ], [ 5.1664712, 8.2569522 ], [ 5.1665127, 8.2579251 ], [ 5.1663742, 8.2585006 ], [ 5.1662363, 8.2586165 ], [ 5.1659173, 8.2588843 ], [ 5.1652804, 8.259912 ], [ 5.1646989, 8.2605012 ], [ 5.1644981, 8.2608437 ], [ 5.164415, 8.2615083 ], [ 5.1641243, 8.2624058 ], [ 5.1639581, 8.2630635 ], [ 5.1637158, 8.2639268 ], [ 5.1635635, 8.2645845 ], [ 5.1637989, 8.2648859 ], [ 5.1637989, 8.2653381 ], [ 5.1635635, 8.2655642 ], [ 5.1634458, 8.265297 ], [ 5.1632866, 8.2655094 ], [ 5.1629751, 8.2660026 ], [ 5.1626843, 8.266996 ], [ 5.1627951, 8.2674482 ], [ 5.1627051, 8.2680237 ], [ 5.1624143, 8.2682566 ], [ 5.1620612, 8.2682292 ], [ 5.1619781, 8.26838 ], [ 5.1621235, 8.2688595 ], [ 5.1626981, 8.2695652 ], [ 5.1631758, 8.2703873 ], [ 5.1633281, 8.2709696 ], [ 5.1631758, 8.2714492 ], [ 5.1630858, 8.2717507 ], [ 5.1636189, 8.2719836 ], [ 5.1640135, 8.2721138 ], [ 5.164512, 8.2723604 ], [ 5.1646089, 8.2727372 ], [ 5.1648235, 8.273114 ], [ 5.164782, 8.2734428 ], [ 5.1646227, 8.2736484 ], [ 5.1644497, 8.2739704 ], [ 5.16374, 8.2750284 ] ] } },
{ "type": "Feature", "properties": { "name": null, "waterway": "river" }, "geometry": { "type": "LineString", "coordinates": [ [ 5.2157824, 8.273915 ], [ 5.2160271, 8.2739489 ], [ 5.2164041, 8.2741766 ], [ 5.2165803, 8.2740216 ], [ 5.2166488, 8.2738957 ], [ 5.2168104, 8.2740458 ], [ 5.2170992, 8.2741185 ], [ 5.2174762, 8.2740652 ], [ 5.2176034, 8.2742057 ], [ 5.2175153, 8.2745254 ], [ 5.2175446, 8.2746567 ], [ 5.217579, 8.2748112 ], [ 5.2177454, 8.2752133 ], [ 5.2176083, 8.2755621 ], [ 5.2174615, 8.2758043 ], [ 5.2177111, 8.2762985 ], [ 5.2178206, 8.2764605 ], [ 5.217516, 8.2767927 ], [ 5.2174087, 8.2770051 ], [ 5.2175125, 8.2775223 ], [ 5.2177168, 8.2779574 ], [ 5.2180283, 8.2783205 ], [ 5.2180733, 8.2786219 ], [ 5.2182152, 8.2790295 ], [ 5.2187102, 8.2791117 ], [ 5.2191325, 8.2791186 ], [ 5.219226, 8.2793241 ], [ 5.2193541, 8.2798414 ], [ 5.2192606, 8.2804614 ], [ 5.2192571, 8.280821 ], [ 5.2192537, 8.2812663 ], [ 5.2192987, 8.2817219 ], [ 5.2194648, 8.282198 ], [ 5.2197417, 8.2823933 ], [ 5.2197616, 8.2825114 ], [ 5.219804, 8.2827632 ], [ 5.2197037, 8.2832154 ], [ 5.2199771, 8.2835442 ], [ 5.2202748, 8.2838491 ], [ 5.2204929, 8.2844177 ], [ 5.220531, 8.2849692 ], [ 5.2208044, 8.285346 ], [ 5.2210987, 8.2854145 ], [ 5.2212786, 8.2856508 ], [ 5.2214483, 8.286103 ], [ 5.2214621, 8.286723 ], [ 5.2216283, 8.2872368 ], [ 5.2217044, 8.2876444 ], [ 5.2214344, 8.2880075 ], [ 5.2213375, 8.2885658 ], [ 5.2211298, 8.2888501 ], [ 5.2206417, 8.2892098 ], [ 5.2200394, 8.2895318 ], [ 5.2191775, 8.2902648 ], [ 5.218596, 8.2905559 ], [ 5.2184956, 8.2908642 ], [ 5.2186202, 8.2912547 ], [ 5.2186237, 8.2918267 ], [ 5.218551, 8.2923337 ], [ 5.2188487, 8.2927858 ], [ 5.2191741, 8.2932243 ], [ 5.2191983, 8.2938682 ], [ 5.2191117, 8.2943649 ], [ 5.2191029, 8.2949639 ] ] } },
{ "type": "Feature", "properties": { "name": null, "waterway": "river" }, "geometry": { "type": "LineString", "coordinates": [ [ 5.1883491, 8.2769073 ], [ 5.1882218, 8.2772949 ], [ 5.1877421, 8.2779731 ], [ 5.1876637, 8.2786803 ], [ 5.1876833, 8.278971 ], [ 5.1877519, 8.279436 ], [ 5.1877714, 8.2799786 ], [ 5.1875267, 8.2807246 ], [ 5.1874777, 8.2810153 ], [ 5.1872819, 8.2813059 ], [ 5.186998, 8.2820229 ], [ 5.1867826, 8.2826623 ], [ 5.1865084, 8.283389 ], [ 5.1867434, 8.28398 ], [ 5.1866064, 8.2845225 ], [ 5.1862931, 8.2852588 ], [ 5.186391, 8.2857626 ], [ 5.186391, 8.2864505 ], [ 5.186577, 8.2870899 ], [ 5.1865378, 8.287584 ], [ 5.1865672, 8.2885141 ], [ 5.1870176, 8.2891632 ], [ 5.1872917, 8.289483 ], [ 5.1870371, 8.2899189 ], [ 5.186763, 8.2901611 ], [ 5.186812, 8.290694 ], [ 5.1873211, 8.2912269 ], [ 5.1872819, 8.29175 ], [ 5.1873504, 8.2923119 ], [ 5.1878008, 8.2925057 ], [ 5.1881729, 8.2926607 ], [ 5.187977, 8.2929804 ], [ 5.1880456, 8.2932614 ], [ 5.1881832, 8.2933681 ] ] } },
{ "type": "Feature", "properties": { "name": null, "waterway": "river" }, "geometry": { "type": "LineString", "coordinates": [ [ 5.2266842, 8.2872014 ], [ 5.2265667, 8.2874242 ], [ 5.226366, 8.2874872 ], [ 5.2263954, 8.2878602 ], [ 5.2262192, 8.2880975 ], [ 5.2260429, 8.2883058 ], [ 5.22618, 8.2885868 ], [ 5.2261604, 8.2887951 ], [ 5.2259206, 8.2890518 ], [ 5.2259989, 8.2892504 ], [ 5.2259499, 8.289483 ], [ 5.2257835, 8.2896234 ], [ 5.2256122, 8.2899528 ], [ 5.2254457, 8.2902047 ], [ 5.2253968, 8.2903307 ], [ 5.2252205, 8.2904179 ], [ 5.2249904, 8.2903985 ], [ 5.2247114, 8.2906165 ], [ 5.2246478, 8.2907376 ], [ 5.2248387, 8.2908248 ], [ 5.2250149, 8.2908442 ], [ 5.2250296, 8.2909798 ], [ 5.2248828, 8.2911445 ], [ 5.2249023, 8.291377 ], [ 5.2247163, 8.29144 ], [ 5.224496, 8.2915127 ], [ 5.2242317, 8.2915417 ], [ 5.2240897, 8.2915611 ], [ 5.2240652, 8.2916677 ], [ 5.2242464, 8.2917646 ], [ 5.2245401, 8.2918178 ], [ 5.2246282, 8.2919002 ], [ 5.2245597, 8.2921376 ], [ 5.2245303, 8.2923119 ], [ 5.2245695, 8.2926801 ], [ 5.2243834, 8.2930143 ], [ 5.2243541, 8.2933098 ], [ 5.2243736, 8.293523 ], [ 5.2243394, 8.2936974 ], [ 5.2241631, 8.2937167 ], [ 5.2240212, 8.293615 ], [ 5.2239184, 8.2936828 ], [ 5.2239526, 8.293988 ], [ 5.2237715, 8.2943513 ], [ 5.2235072, 8.2944433 ], [ 5.2229197, 8.2946613 ], [ 5.2223666, 8.2948115 ], [ 5.2219064, 8.2948696 ], [ 5.2213337, 8.2948212 ], [ 5.2208441, 8.294797 ], [ 5.2205798, 8.2948842 ], [ 5.2203154, 8.2948551 ], [ 5.2201, 8.2946759 ], [ 5.219728, 8.2947824 ], [ 5.2191797, 8.2949084 ], [ 5.2191029, 8.2949639 ], [ 5.2189986, 8.2950392 ], [ 5.2186363, 8.295354 ], [ 5.2183133, 8.2959063 ], [ 5.2179853, 8.2961533 ], [ 5.2174908, 8.2961775 ], [ 5.2170062, 8.2963035 ], [ 5.2164971, 8.2963471 ], [ 5.2162915, 8.2967055 ], [ 5.2156061, 8.2970495 ], [ 5.2151607, 8.2970543 ], [ 5.2142759, 8.2968934 ], [ 5.2132098, 8.2971948 ], [ 5.2119913, 8.2974141 ], [ 5.2109806, 8.2973319 ], [ 5.209859, 8.2978251 ], [ 5.2087098, 8.2978114 ], [ 5.2073668, 8.2969756 ], [ 5.2057745, 8.2964824 ], [ 5.2046668, 8.2959891 ], [ 5.2028391, 8.2956055 ], [ 5.2016761, 8.2946464 ], [ 5.2006653, 8.2942217 ], [ 5.1996545, 8.2940299 ], [ 5.1983807, 8.2935503 ], [ 5.1976053, 8.2933996 ], [ 5.1963453, 8.2934544 ], [ 5.1951823, 8.2931119 ], [ 5.1942823, 8.2935777 ], [ 5.1935484, 8.2940162 ], [ 5.1927592, 8.2941943 ], [ 5.1916654, 8.2938518 ], [ 5.19143, 8.2942491 ], [ 5.1914992, 8.2953315 ], [ 5.1913419, 8.2957595 ] ] } },
{ "type": "Feature", "properties": { "name": null, "waterway": "river" }, "geometry": { "type": "LineString", "coordinates": [ [ 5.1543016, 8.2298459 ], [ 5.1539416, 8.2300925 ], [ 5.1535747, 8.2305585 ], [ 5.1531523, 8.2310586 ], [ 5.1521139, 8.2319014 ], [ 5.1517608, 8.2322508 ], [ 5.1516293, 8.2327579 ], [ 5.1517539, 8.233258 ], [ 5.1520654, 8.2340939 ], [ 5.1523354, 8.2347517 ], [ 5.1527924, 8.2356972 ], [ 5.1535539, 8.2367592 ], [ 5.1544954, 8.2383282 ], [ 5.1546131, 8.2387667 ], [ 5.1549316, 8.2400617 ], [ 5.1550977, 8.2405413 ], [ 5.1554508, 8.2408975 ], [ 5.15579, 8.2415621 ], [ 5.1560115, 8.2421582 ], [ 5.1558592, 8.2431243 ], [ 5.1556585, 8.243967 ], [ 5.1558246, 8.244844 ], [ 5.15642, 8.2453031 ], [ 5.1573269, 8.2457347 ], [ 5.1577354, 8.2460156 ], [ 5.1579569, 8.24655 ], [ 5.1578531, 8.2472968 ], [ 5.1579015, 8.2478997 ], [ 5.1584692, 8.2483314 ], [ 5.1584623, 8.2487356 ], [ 5.15786, 8.2492769 ], [ 5.1573962, 8.2498866 ], [ 5.1570431, 8.2503868 ], [ 5.15723, 8.2513939 ], [ 5.1575485, 8.2521339 ], [ 5.1577561, 8.2527574 ], [ 5.1573615, 8.2530862 ], [ 5.1566762, 8.2531821 ], [ 5.1558316, 8.2535384 ], [ 5.1548416, 8.2538604 ], [ 5.1544746, 8.2541893 ], [ 5.1544331, 8.254662 ], [ 5.1546131, 8.2552855 ], [ 5.1550354, 8.2558747 ], [ 5.15543, 8.2570874 ], [ 5.1560115, 8.2581493 ], [ 5.1567523, 8.2591359 ], [ 5.1569185, 8.2599375 ], [ 5.1568285, 8.2608898 ], [ 5.1566623, 8.2614036 ], [ 5.1564062, 8.2619517 ], [ 5.1565239, 8.2624861 ], [ 5.1569808, 8.2631027 ], [ 5.1568492, 8.2638495 ], [ 5.1565515, 8.2644455 ], [ 5.1567938, 8.264884 ], [ 5.1573615, 8.2651854 ], [ 5.1576592, 8.2658843 ], [ 5.1575208, 8.2668023 ], [ 5.1568631, 8.2671997 ], [ 5.1566346, 8.2675217 ], [ 5.1568215, 8.2682753 ], [ 5.1575346, 8.2693235 ], [ 5.1586977, 8.269899 ], [ 5.1599438, 8.271461 ], [ 5.1605679, 8.2723252 ], [ 5.1610378, 8.2725868 ], [ 5.1617819, 8.2727418 ], [ 5.1624085, 8.2731875 ], [ 5.1629176, 8.2740014 ], [ 5.16374, 8.2750284 ], [ 5.1645918, 8.2760554 ], [ 5.1651303, 8.2768595 ], [ 5.1653555, 8.2777218 ], [ 5.1648858, 8.2790396 ], [ 5.1643375, 8.2804348 ], [ 5.164925, 8.2812099 ], [ 5.1675097, 8.2812486 ], [ 5.1699769, 8.2810161 ], [ 5.1722875, 8.2806286 ], [ 5.1731491, 8.28245 ], [ 5.1745981, 8.2830701 ], [ 5.1762037, 8.282915 ], [ 5.1766191, 8.282432 ], [ 5.1773391, 8.2824046 ], [ 5.1777545, 8.2830349 ], [ 5.178253, 8.2835281 ], [ 5.1793606, 8.2836651 ], [ 5.1809391, 8.2846242 ], [ 5.1816037, 8.2844598 ], [ 5.1825452, 8.2848435 ], [ 5.183376, 8.2857752 ], [ 5.182656, 8.2869809 ], [ 5.1821298, 8.2877482 ], [ 5.1825175, 8.2895568 ], [ 5.1823791, 8.2909269 ], [ 5.1835144, 8.2917764 ], [ 5.1846498, 8.2923792 ], [ 5.1859236, 8.2924066 ], [ 5.1871421, 8.2929273 ], [ 5.1880006, 8.2935575 ], [ 5.1881832, 8.2933681 ], [ 5.1883892, 8.2931545 ], [ 5.1889081, 8.2927476 ], [ 5.1892507, 8.2929994 ], [ 5.1897892, 8.2933095 ], [ 5.1900829, 8.2937551 ], [ 5.1904746, 8.2944333 ], [ 5.1906704, 8.295034 ], [ 5.1912578, 8.2956346 ], [ 5.1913419, 8.2957595 ], [ 5.1915124, 8.2960125 ], [ 5.1909935, 8.2967003 ], [ 5.1903669, 8.2974269 ], [ 5.1902787, 8.298047 ], [ 5.1912774, 8.2983473 ], [ 5.1916298, 8.2985798 ], [ 5.1920398, 8.2992654 ], [ 5.1921021, 8.3005122 ], [ 5.1919982, 8.3014507 ], [ 5.1910359, 8.3028277 ], [ 5.189949, 8.3041772 ], [ 5.1894506, 8.3053555 ], [ 5.1885229, 8.3065201 ], [ 5.1877129, 8.3074791 ], [ 5.1878375, 8.3081093 ], [ 5.1890352, 8.3087807 ], [ 5.1898256, 8.310347 ], [ 5.1908502, 8.3128954 ], [ 5.1917086, 8.3139092 ], [ 5.1907117, 8.3162383 ], [ 5.1904348, 8.3191976 ], [ 5.1918194, 8.3202936 ], [ 5.1929271, 8.3195538 ], [ 5.1944502, 8.3192798 ], [ 5.1957517, 8.3195264 ], [ 5.1957517, 8.3215814 ], [ 5.1966932, 8.3216088 ], [ 5.1976624, 8.32265 ], [ 5.1996009, 8.3239652 ], [ 5.2006255, 8.3273903 ], [ 5.2027301, 8.3293083 ], [ 5.2036993, 8.3314454 ], [ 5.2053608, 8.3329798 ], [ 5.2067454, 8.3330963 ], [ 5.2070388, 8.3330674 ], [ 5.2071661, 8.3331894 ], [ 5.2072534, 8.3332729 ], [ 5.2073364, 8.3335264 ], [ 5.2074749, 8.3337182 ], [ 5.2079639, 8.3345142 ], [ 5.2088777, 8.336898 ], [ 5.2097638, 8.3374186 ], [ 5.2098068, 8.3377955 ], [ 5.2100422, 8.3381928 ], [ 5.2104714, 8.3390148 ], [ 5.2105545, 8.3392751 ], [ 5.210056, 8.3399326 ], [ 5.2099868, 8.3407409 ], [ 5.2104437, 8.3418506 ], [ 5.2110529, 8.3426862 ], [ 5.2113298, 8.3427958 ], [ 5.211676, 8.3426862 ], [ 5.2117729, 8.342289 ], [ 5.2117314, 8.3417958 ], [ 5.2121329, 8.3412478 ], [ 5.212756, 8.341604 ], [ 5.213476, 8.3423986 ], [ 5.2142776, 8.3438292 ], [ 5.213651, 8.3463865 ], [ 5.2129853, 8.3473552 ], [ 5.214121, 8.3477814 ], [ 5.2136902, 8.3487889 ], [ 5.2160008, 8.3511912 ], [ 5.2174106, 8.3544847 ], [ 5.2188596, 8.3566545 ], [ 5.2189379, 8.3577782 ], [ 5.218468, 8.3582431 ], [ 5.2194862, 8.3600642 ], [ 5.2192904, 8.362079 ], [ 5.2181155, 8.3638226 ], [ 5.2166274, 8.3639001 ], [ 5.2162749, 8.3650625 ], [ 5.216784, 8.3670772 ], [ 5.216549, 8.368782 ], [ 5.2143559, 8.3703319 ], [ 5.2120062, 8.3711068 ], [ 5.210988, 8.3725403 ], [ 5.2087165, 8.3745163 ], [ 5.2078941, 8.3779646 ], [ 5.2079333, 8.3791657 ], [ 5.2070326, 8.3804442 ], [ 5.2077767, 8.3815291 ], [ 5.2090298, 8.3826139 ], [ 5.2097348, 8.3844736 ], [ 5.2120062, 8.3861009 ], [ 5.212202, 8.3881543 ], [ 5.2141993, 8.389859 ], [ 5.2134944, 8.3928035 ], [ 5.2129853, 8.3955542 ], [ 5.213886, 8.3979175 ], [ 5.2145909, 8.3992348 ], [ 5.2144734, 8.4010169 ], [ 5.2145518, 8.4021404 ], [ 5.2131811, 8.4021404 ], [ 5.2116929, 8.4022567 ], [ 5.2116929, 8.4031865 ], [ 5.2125545, 8.4058984 ], [ 5.2135335, 8.4080679 ], [ 5.2133769, 8.4109348 ], [ 5.2127503, 8.413453 ], [ 5.2136902, 8.4137629 ], [ 5.2149042, 8.4136467 ], [ 5.2154525, 8.4141503 ], [ 5.2150217, 8.4162423 ], [ 5.2156875, 8.4184893 ], [ 5.2141993, 8.4218209 ], [ 5.2137685, 8.4251138 ], [ 5.2132202, 8.429259 ], [ 5.2115754, 8.4305374 ], [ 5.2112229, 8.4319707 ], [ 5.212202, 8.4342563 ], [ 5.2133769, 8.4391374 ], [ 5.2136366, 8.4397723 ], [ 5.2145573, 8.4404228 ], [ 5.2154296, 8.4410802 ], [ 5.2161565, 8.4415801 ], [ 5.2174581, 8.4423403 ], [ 5.2179842, 8.4427854 ], [ 5.2181227, 8.4433675 ], [ 5.2176865, 8.444107 ], [ 5.2170081, 8.4449425 ], [ 5.2169942, 8.4460793 ], [ 5.2173611, 8.4471475 ], [ 5.2180257, 8.448298 ], [ 5.2186627, 8.4500099 ], [ 5.2184688, 8.4508043 ], [ 5.2177281, 8.4512426 ], [ 5.2170773, 8.4514343 ], [ 5.2166273, 8.4519136 ], [ 5.2166619, 8.4523108 ], [ 5.2174373, 8.4530093 ], [ 5.2181434, 8.4537078 ], [ 5.2187111, 8.4533174 ], [ 5.2194657, 8.4534612 ], [ 5.2200334, 8.4542077 ], [ 5.2202619, 8.4550362 ], [ 5.2204142, 8.4558511 ], [ 5.2202619, 8.456892 ], [ 5.2201788, 8.457385 ], [ 5.2201026, 8.4581109 ], [ 5.219715, 8.4590969 ], [ 5.2195419, 8.4598913 ], [ 5.2197288, 8.4604322 ], [ 5.220158, 8.4604733 ], [ 5.2201926, 8.4601241 ], [ 5.2206288, 8.4597201 ], [ 5.2213003, 8.4596379 ], [ 5.2218888, 8.4599324 ], [ 5.2231488, 8.4615279 ], [ 5.2236403, 8.4625961 ], [ 5.2244572, 8.4636369 ], [ 5.2256895, 8.4645682 ], [ 5.2262157, 8.4647531 ], [ 5.2261118, 8.4651571 ], [ 5.2258764, 8.4656912 ], [ 5.225828, 8.4662733 ], [ 5.2258857, 8.4676703 ], [ 5.227413, 8.4698782 ], [ 5.227648, 8.4710015 ], [ 5.2282354, 8.4735193 ], [ 5.2289012, 8.4743715 ], [ 5.2283921, 8.4764632 ], [ 5.2291753, 8.4772378 ], [ 5.2292928, 8.479407 ], [ 5.2308593, 8.4820022 ], [ 5.2312497, 8.4827765 ] ] } },
{ "type": "Feature", "properties": { "name": null, "waterway": "river" }, "geometry": { "type": "LineString", "coordinates": [ [ 5.1047042, 8.5049374 ], [ 5.1058673, 8.5062246 ], [ 5.1068088, 8.506608 ], [ 5.107778, 8.506608 ], [ 5.1094672, 8.506115 ], [ 5.1100211, 8.5065258 ], [ 5.1100764, 8.5077309 ], [ 5.1106303, 8.5080322 ], [ 5.1118764, 8.5075666 ], [ 5.1126518, 8.507101 ], [ 5.1129841, 8.5074022 ], [ 5.1126518, 8.5080048 ], [ 5.1130672, 8.5081417 ], [ 5.1138426, 8.507457 ], [ 5.1148118, 8.5069914 ], [ 5.116861, 8.5065532 ], [ 5.1179964, 8.5055399 ], [ 5.1184394, 8.5048552 ], [ 5.119104, 8.5038693 ], [ 5.119824, 8.5032393 ], [ 5.1203346, 8.5031264 ], [ 5.120769, 8.5032137 ], [ 5.1208694, 8.5034636 ], [ 5.1208088, 8.5036964 ], [ 5.1208833, 8.5040507 ], [ 5.1212277, 8.5041996 ], [ 5.1215513, 8.5043194 ], [ 5.12192, 8.504732 ], [ 5.1223734, 8.5051205 ], [ 5.1229993, 8.5058699 ], [ 5.1238217, 8.5058893 ], [ 5.1239588, 8.5056375 ], [ 5.123763, 8.5050759 ], [ 5.124135, 8.5050759 ], [ 5.1248008, 8.5050372 ], [ 5.1257015, 8.5042238 ], [ 5.1266806, 8.5039333 ], [ 5.127131, 8.5043207 ], [ 5.1277967, 8.5040302 ], [ 5.1280709, 8.5033524 ], [ 5.1289128, 8.5033524 ], [ 5.1298136, 8.503546 ], [ 5.1300486, 8.5042626 ], [ 5.1306164, 8.5040689 ], [ 5.1309493, 8.5032943 ], [ 5.1326137, 8.502539 ], [ 5.1341019, 8.5033524 ], [ 5.1349439, 8.5033524 ], [ 5.1362166, 8.5044756 ], [ 5.1384489, 8.505502 ], [ 5.1408378, 8.5054051 ], [ 5.1416211, 8.5062379 ], [ 5.1427372, 8.507516 ], [ 5.1461835, 8.5088523 ], [ 5.1480437, 8.5089103 ], [ 5.1490815, 8.5095494 ], [ 5.1500997, 8.509317 ], [ 5.151118, 8.5097431 ], [ 5.1519991, 8.5094332 ], [ 5.153311, 8.5086586 ], [ 5.1548775, 8.5081164 ], [ 5.1557, 8.5085618 ], [ 5.1553671, 8.5098786 ], [ 5.1555825, 8.5112923 ], [ 5.1568357, 8.5125123 ], [ 5.158598, 8.5135194 ], [ 5.1604386, 8.5136549 ], [ 5.1616526, 8.5144102 ], [ 5.1631017, 8.5149524 ], [ 5.1655689, 8.5143908 ], [ 5.1667438, 8.5146232 ], [ 5.1690739, 8.51472 ], [ 5.1699943, 8.515146 ], [ 5.1701313, 8.5165597 ], [ 5.1705425, 8.5178766 ], [ 5.1716587, 8.5184575 ], [ 5.1726377, 8.5190772 ], [ 5.173793, 8.5188642 ], [ 5.1744332, 8.5187732 ], [ 5.1750632, 8.5185541 ], [ 5.175534, 8.5186363 ], [ 5.1759702, 8.5190882 ], [ 5.1763163, 8.5201289 ], [ 5.1766555, 8.5209641 ], [ 5.1773617, 8.5210942 ], [ 5.1783863, 8.5212928 ], [ 5.1795632, 8.5210532 ], [ 5.1805186, 8.5212175 ], [ 5.1807609, 8.5217652 ], [ 5.1804978, 8.5219364 ], [ 5.1800132, 8.5220801 ], [ 5.1800755, 8.5225389 ], [ 5.1805463, 8.5230934 ], [ 5.1813009, 8.5237712 ], [ 5.1816663, 8.524635 ], [ 5.18196, 8.525458 ], [ 5.1824496, 8.5262035 ], [ 5.1831643, 8.5266005 ], [ 5.1837713, 8.5267457 ], [ 5.1843098, 8.526891 ], [ 5.1846329, 8.527317 ], [ 5.184672, 8.5284208 ], [ 5.1849658, 8.5287112 ], [ 5.1856903, 8.5290114 ], [ 5.1856119, 8.529389 ], [ 5.1856413, 8.5301152 ], [ 5.185798, 8.5307542 ], [ 5.1859742, 8.5317515 ], [ 5.1857196, 8.5319935 ], [ 5.1852888, 8.5324777 ], [ 5.1852497, 8.5331651 ], [ 5.1859252, 8.533504 ], [ 5.1869435, 8.5340462 ], [ 5.1877659, 8.5342979 ], [ 5.1885197, 8.5339784 ], [ 5.1888037, 8.5339881 ], [ 5.1886372, 8.5343657 ], [ 5.1886274, 8.5347433 ], [ 5.1891463, 8.5351984 ], [ 5.1899981, 8.5352758 ], [ 5.191404, 8.5353977 ], [ 5.1929117, 8.5344295 ], [ 5.1932838, 8.5330546 ], [ 5.1945565, 8.5330546 ], [ 5.1959272, 8.5321638 ], [ 5.197435, 8.5323187 ], [ 5.198414, 8.5312924 ], [ 5.1982378, 8.5296852 ], [ 5.1988644, 8.5285814 ], [ 5.1996868, 8.5279811 ], [ 5.2012533, 8.5262189 ], [ 5.2028981, 8.5261608 ], [ 5.2042884, 8.5251344 ], [ 5.2060899, 8.5249795 ], [ 5.2070102, 8.5240887 ], [ 5.208518, 8.5242049 ], [ 5.2102215, 8.5233916 ], [ 5.2114747, 8.5220167 ], [ 5.2133545, 8.5212808 ], [ 5.2142161, 8.5217262 ], [ 5.2153322, 8.5225976 ], [ 5.2170358, 8.5231592 ], [ 5.2199926, 8.5241662 ], [ 5.2213241, 8.524476 ], [ 5.2232822, 8.5251344 ], [ 5.2243592, 8.5249214 ], [ 5.2258669, 8.5234497 ], [ 5.227081, 8.5207386 ], [ 5.2273159, 8.5197122 ], [ 5.2281579, 8.5194024 ], [ 5.2284908, 8.5186665 ], [ 5.2308601, 8.5180081 ], [ 5.2325441, 8.5180662 ], [ 5.2335819, 8.5170011 ], [ 5.2351093, 8.5164008 ], [ 5.2361471, 8.5154131 ], [ 5.2384772, 8.5156455 ], [ 5.2396325, 8.5156068 ], [ 5.2414144, 8.516362 ], [ 5.2425893, 8.5162265 ], [ 5.2433334, 8.5154906 ], [ 5.2427459, 8.5150452 ], [ 5.2422564, 8.5144255 ], [ 5.2424326, 8.5128956 ], [ 5.2428982, 8.5124029 ], [ 5.2435282, 8.5128068 ], [ 5.2439436, 8.5132793 ], [ 5.2443798, 8.5130465 ], [ 5.2444421, 8.5130191 ], [ 5.2448713, 8.5125604 ], [ 5.2458129, 8.5115465 ] ] } },
{ "type": "Feature", "properties": { "name": null, "waterway": "river" }, "geometry": { "type": "LineString", "coordinates": [ [ 4.9984256, 8.6374165 ], [ 4.9972239, 8.6392833 ], [ 4.9958506, 8.6397925 ], [ 4.9953357, 8.6426776 ], [ 4.9977389, 8.6445444 ], [ 4.9987689, 8.6477689 ], [ 4.9996272, 8.6496357 ], [ 5.0011721, 8.6501448 ], [ 5.0010005, 8.6533693 ], [ 5.0022021, 8.6554058 ], [ 5.0040923, 8.6577882 ] ] } },
{ "type": "Feature", "properties": { "name": null, "waterway": "drain" }, "geometry": { "type": "LineString", "coordinates": [ [ 4.6459207, 8.4519589 ], [ 4.6462959, 8.4521689 ], [ 4.6467701, 8.4530091 ], [ 4.6475912, 8.4540803 ], [ 4.6489928, 8.4554736 ], [ 4.6500262, 8.4566988 ], [ 4.6502032, 8.4568319 ], [ 4.6502386, 8.457273 ], [ 4.6508331, 8.457644 ], [ 4.6514348, 8.4578261 ], [ 4.652263, 8.4586732 ], [ 4.6534097, 8.4597655 ], [ 4.6543865, 8.4608857 ], [ 4.6552642, 8.4616558 ], [ 4.6556181, 8.4622229 ], [ 4.6557243, 8.4628391 ], [ 4.656241, 8.4635742 ], [ 4.6570834, 8.4651355 ], [ 4.6577841, 8.4663957 ], [ 4.6582371, 8.4667808 ], [ 4.6589167, 8.467789 ], [ 4.6591149, 8.4686781 ], [ 4.6587751, 8.4692522 ], [ 4.657954, 8.4700994 ], [ 4.6576989, 8.4703826 ] ] } },
{ "type": "Feature", "properties": { "name": null, "waterway": "river" }, "geometry": { "type": "LineString", "coordinates": [ [ 4.5663804, 8.4699581 ], [ 4.5663536, 8.469852 ], [ 4.566434, 8.4694116 ], [ 4.566434, 8.4691622 ], [ 4.5665842, 8.4687431 ], [ 4.5666432, 8.4684088 ], [ 4.5666701, 8.4677561 ], [ 4.5668042, 8.4673104 ], [ 4.5670778, 8.4671513 ], [ 4.5676035, 8.467077 ], [ 4.5682257, 8.4661007 ], [ 4.5686549, 8.4656125 ], [ 4.5691699, 8.4654321 ], [ 4.5698243, 8.465013 ], [ 4.5701408, 8.4649387 ], [ 4.5703286, 8.4647954 ], [ 4.5706773, 8.464355 ], [ 4.5710649, 8.4643126 ], [ 4.5714833, 8.4638762 ], [ 4.5722303, 8.4636215 ], [ 4.5727694, 8.4632036 ], [ 4.5730591, 8.4630179 ], [ 4.5734185, 8.4625934 ], [ 4.5736009, 8.4624767 ], [ 4.5740354, 8.4623069 ], [ 4.5745504, 8.4618453 ], [ 4.574765, 8.4617869 ], [ 4.5752209, 8.4617604 ], [ 4.5757198, 8.4615641 ], [ 4.5758593, 8.4615641 ], [ 4.5762134, 8.4615269 ], [ 4.5764548, 8.461182 ], [ 4.5771307, 8.4610759 ], [ 4.5772594, 8.4610706 ], [ 4.5775008, 8.4610122 ], [ 4.5777368, 8.4609645 ], [ 4.5780533, 8.4610547 ], [ 4.5785949, 8.4609176 ] ] } },
{ "type": "Feature", "properties": { "name": null, "waterway": "stream" }, "geometry": { "type": "LineString", "coordinates": [ [ 4.6020269, 8.4753595 ], [ 4.6012813, 8.4750093 ], [ 4.6009326, 8.4750517 ], [ 4.6006, 8.4749032 ], [ 4.600321, 8.4748767 ], [ 4.5998275, 8.4749297 ], [ 4.599452, 8.4748979 ], [ 4.5993327, 8.4748395 ], [ 4.5990738, 8.4747467 ], [ 4.5987667, 8.4747241 ], [ 4.5986353, 8.4747254 ], [ 4.5983483, 8.4746313 ], [ 4.5982169, 8.4746007 ], [ 4.5979983, 8.4746114 ], [ 4.5978722, 8.4746671 ], [ 4.5977005, 8.474675 ], [ 4.597612, 8.4746326 ], [ 4.5973223, 8.4745344 ], [ 4.5970756, 8.4744999 ], [ 4.5968925, 8.474486 ], [ 4.5966558, 8.4744827 ], [ 4.5964922, 8.4745165 ], [ 4.5960684, 8.4745503 ], [ 4.5957801, 8.4746153 ], [ 4.5956084, 8.4746339 ], [ 4.5954321, 8.474685 ], [ 4.5953234, 8.4747738 ], [ 4.5952215, 8.4748369 ], [ 4.5950706, 8.4749576 ], [ 4.5949218, 8.4749921 ], [ 4.5948091, 8.4749987 ], [ 4.5947447, 8.4750332 ], [ 4.5946142, 8.4750862 ] ] } },
{ "type": "Feature", "properties": { "name": null, "waterway": "river" }, "geometry": { "type": "LineString", "coordinates": [ [ 4.5446689, 8.4756973 ], [ 4.5448901, 8.475893 ], [ 4.5450036, 8.475938 ], [ 4.5451079, 8.4759565 ], [ 4.5452728, 8.4759106 ], [ 4.5453405, 8.4759039 ], [ 4.5454736, 8.4758867 ], [ 4.5455898, 8.4758868 ], [ 4.5456664, 8.4758411 ], [ 4.5457997, 8.475763 ], [ 4.5459501, 8.4757451 ], [ 4.5460828, 8.4756918 ], [ 4.5462433, 8.475539 ], [ 4.5463246, 8.4756242 ], [ 4.5465523, 8.4756665 ], [ 4.5466373, 8.4757762 ], [ 4.5468596, 8.4758817 ], [ 4.5471505, 8.4760629 ], [ 4.5472447, 8.4761975 ], [ 4.5476284, 8.476183 ], [ 4.5479791, 8.4761534 ], [ 4.5481025, 8.4763524 ], [ 4.5482482, 8.4766026 ], [ 4.5484523, 8.4766679 ], [ 4.5486504, 8.4764713 ], [ 4.5489672, 8.4765365 ], [ 4.5492319, 8.4763612 ], [ 4.5494723, 8.4763829 ], [ 4.5496079, 8.4764563 ], [ 4.5498288, 8.4764353 ], [ 4.5502445, 8.4762732 ], [ 4.5505708, 8.4761633 ], [ 4.5507768, 8.4762155 ], [ 4.5511147, 8.4761547 ], [ 4.5513849, 8.4761641 ], [ 4.5516542, 8.4760904 ], [ 4.5518746, 8.4759163 ], [ 4.552294, 8.4759136 ], [ 4.5526096, 8.4760409 ], [ 4.5527944, 8.4762598 ], [ 4.5529727, 8.4764386 ], [ 4.553174, 8.4763904 ] ] } },
{ "type": "Feature", "properties": { "name": null, "waterway": "river" }, "geometry": { "type": "LineString", "coordinates": [ [ 4.553174, 8.4763904 ], [ 4.5533349, 8.4765124 ], [ 4.553453, 8.4766663 ], [ 4.5535442, 8.47673 ], [ 4.5536568, 8.4767671 ], [ 4.5537534, 8.476783 ], [ 4.5538607, 8.476799 ], [ 4.5539411, 8.476799 ], [ 4.5540538, 8.4768467 ], [ 4.5542576, 8.4769263 ], [ 4.5544668, 8.4769953 ], [ 4.5549228, 8.4771438 ], [ 4.5558938, 8.4774144 ], [ 4.5563497, 8.4775205 ], [ 4.5565219, 8.4775561 ], [ 4.556678, 8.4775834 ], [ 4.5567987, 8.4775998 ], [ 4.5569307, 8.477596 ], [ 4.5570402, 8.4775794 ], [ 4.557133, 8.477563 ], [ 4.5571973, 8.4775577 ], [ 4.557369, 8.4775842 ], [ 4.5575085, 8.4776373 ], [ 4.5575889, 8.4776956 ], [ 4.5577177, 8.4777699 ], [ 4.5578184, 8.477877 ], [ 4.5579801, 8.4780428 ], [ 4.558102, 8.4781239 ], [ 4.5582166, 8.4781615 ], [ 4.5583042, 8.4781672 ], [ 4.5584025, 8.4781665 ], [ 4.5584831, 8.4781467 ], [ 4.558553, 8.4781223 ], [ 4.5586697, 8.4780732 ], [ 4.5587545, 8.478047 ], [ 4.5588525, 8.4780338 ], [ 4.5589721, 8.4780437 ], [ 4.5591232, 8.4781413 ], [ 4.5592111, 8.4782113 ], [ 4.559285, 8.4782635 ], [ 4.5594676, 8.4784642 ] ] } },
{ "type": "Feature", "properties": { "name": null, "waterway": "stream" }, "geometry": { "type": "LineString", "coordinates": [ [ 4.6612661, 8.4784939 ], [ 4.6602578, 8.4785542 ], [ 4.6594041, 8.4784939 ], [ 4.658652, 8.4784859 ], [ 4.6577413, 8.4786789 ], [ 4.6564282, 8.4787633 ], [ 4.6554281, 8.4786507 ], [ 4.6546637, 8.4785864 ], [ 4.6541913, 8.4786017 ], [ 4.6538695, 8.4786548 ], [ 4.653494, 8.4786442 ], [ 4.6532794, 8.4788299 ], [ 4.6531775, 8.4791854 ], [ 4.6527966, 8.4793127 ], [ 4.6527108, 8.4793605 ], [ 4.652632, 8.4794037 ] ] } },
{ "type": "Feature", "properties": { "name": null, "waterway": "river" }, "geometry": { "type": "LineString", "coordinates": [ [ 4.9840164, 8.4636599 ], [ 4.9837267, 8.4643922 ], [ 4.9837696, 8.4651032 ], [ 4.9837053, 8.4656974 ], [ 4.9834692, 8.4662599 ], [ 4.9827182, 8.4665782 ], [ 4.9819565, 8.4665782 ], [ 4.9816453, 8.4668117 ], [ 4.9814308, 8.4680957 ], [ 4.9811733, 8.468499 ], [ 4.9806905, 8.4687218 ], [ 4.9803042, 8.4691675 ], [ 4.9805295, 8.4703242 ], [ 4.9794781, 8.4709503 ], [ 4.978652, 8.4712262 ], [ 4.9783945, 8.4717568 ], [ 4.9782658, 8.4723298 ], [ 4.9776435, 8.4727331 ], [ 4.9751222, 8.4729241 ], [ 4.9734592, 8.4729666 ], [ 4.9732661, 8.4735502 ], [ 4.9733734, 8.4742187 ], [ 4.9730945, 8.4747812 ], [ 4.9719787, 8.4748979 ], [ 4.9710452, 8.4752481 ], [ 4.9709809, 8.4757574 ], [ 4.971174, 8.4764472 ], [ 4.9715388, 8.4770096 ], [ 4.971571, 8.4774128 ], [ 4.9709487, 8.4776994 ], [ 4.9694574, 8.4776357 ], [ 4.9684167, 8.4773598 ], [ 4.9672902, 8.4778161 ], [ 4.9654877, 8.4782193 ], [ 4.9651551, 8.4786968 ], [ 4.9646079, 8.4787287 ], [ 4.9633098, 8.4787711 ], [ 4.961282, 8.4792911 ], [ 4.9604237, 8.4797474 ], [ 4.9605203, 8.4802461 ], [ 4.9613035, 8.4805857 ], [ 4.9613142, 8.4813073 ], [ 4.960928, 8.4821456 ], [ 4.9599302, 8.4834826 ], [ 4.9586427, 8.4840875 ], [ 4.9574625, 8.4835781 ], [ 4.956969, 8.4841299 ], [ 4.9569368, 8.4845226 ], [ 4.9572694, 8.4850637 ], [ 4.9577415, 8.4852547 ], [ 4.9583423, 8.4860718 ], [ 4.9584818, 8.4866024 ], [ 4.9585569, 8.487324 ], [ 4.9585354, 8.4877166 ], [ 4.9579024, 8.4877909 ], [ 4.9571299, 8.4879713 ], [ 4.9569476, 8.4884594 ], [ 4.9564433, 8.4888944 ], [ 4.9556816, 8.4889263 ], [ 4.9554777, 8.4892871 ], [ 4.9561536, 8.4897964 ], [ 4.9563575, 8.4903906 ], [ 4.9564326, 8.4906984 ], [ 4.9560571, 8.4910591 ], [ 4.9550593, 8.4908681 ], [ 4.954834, 8.4908575 ], [ 4.9544155, 8.491335 ], [ 4.9543619, 8.491855 ], [ 4.9539864, 8.492237 ], [ 4.9536431, 8.4915685 ], [ 4.9530423, 8.4908469 ], [ 4.9526238, 8.4907726 ], [ 4.9520981, 8.4913456 ], [ 4.9516904, 8.49229 ], [ 4.9512291, 8.4928206 ], [ 4.9504137, 8.493436 ], [ 4.9490511, 8.4938711 ], [ 4.9484825, 8.4943062 ], [ 4.9483752, 8.4949534 ], [ 4.9484074, 8.4954946 ], [ 4.9477959, 8.4953885 ], [ 4.9467873, 8.4949322 ], [ 4.9458539, 8.4950808 ], [ 4.9456501, 8.4955583 ], [ 4.9456286, 8.4970438 ], [ 4.9455213, 8.497776 ], [ 4.9450922, 8.4982004 ], [ 4.9431503, 8.4987098 ], [ 4.9430108, 8.4992615 ], [ 4.9432146, 8.4998133 ], [ 4.943397, 8.500641 ], [ 4.9427855, 8.5013307 ], [ 4.9415624, 8.5020841 ], [ 4.9409294, 8.503039 ], [ 4.9404573, 8.5035059 ], [ 4.9394596, 8.5030178 ], [ 4.9384081, 8.5032725 ], [ 4.9379897, 8.5033149 ], [ 4.9376464, 8.5041744 ], [ 4.9376571, 8.5044821 ] ] } },
{ "type": "Feature", "properties": { "name": null, "waterway": "stream" }, "geometry": { "type": "LineString", "coordinates": [ [ 4.666674, 8.4863121 ], [ 4.6651616, 8.4856366 ], [ 4.6630476, 8.4854114 ], [ 4.6604294, 8.4854275 ], [ 4.6565754, 8.48591 ], [ 4.6555183, 8.4857331 ], [ 4.6545914, 8.4863282 ], [ 4.6544156, 8.4868212 ] ] } },
{ "type": "Feature", "properties": { "name": null, "waterway": "river" }, "geometry": { "type": "LineString", "coordinates": [ [ 4.5627939, 8.4896663 ], [ 4.5624604, 8.4897094 ], [ 4.5622263, 8.4898252 ], [ 4.5619674, 8.4899227 ], [ 4.561684, 8.4899613 ], [ 4.5612737, 8.4899854 ], [ 4.5600151, 8.4899564 ], [ 4.5588154, 8.4901134 ], [ 4.5584931, 8.4900882 ], [ 4.5581501, 8.4901355 ], [ 4.5579421, 8.4900841 ], [ 4.5578049, 8.4899483 ], [ 4.5576739, 8.4898578 ], [ 4.55752, 8.4897571 ], [ 4.5570751, 8.4895987 ], [ 4.5565989, 8.4895946 ], [ 4.5563161, 8.489683 ], [ 4.5561976, 8.4896049 ], [ 4.555919, 8.4894095 ], [ 4.5554054, 8.4891586 ], [ 4.5551268, 8.4891237 ], [ 4.5547338, 8.4892285 ], [ 4.5544344, 8.4892512 ], [ 4.554162, 8.4892121 ], [ 4.5539229, 8.4890044 ], [ 4.5537461, 8.4887514 ], [ 4.5533927, 8.4887514 ], [ 4.5531327, 8.4888152 ], [ 4.5528957, 8.4886856 ], [ 4.5526233, 8.4884347 ], [ 4.5523759, 8.4884059 ], [ 4.5520869, 8.4885807 ], [ 4.5517126, 8.4886877 ], [ 4.5515504, 8.4886486 ], [ 4.5514943, 8.4885252 ], [ 4.5513924, 8.4882743 ], [ 4.5512094, 8.488225 ], [ 4.5507125, 8.4881962 ], [ 4.5503195, 8.4880872 ], [ 4.5498288, 8.4878733 ], [ 4.5495156, 8.4877338 ], [ 4.5490628, 8.4876669 ], [ 4.5488893, 8.4875419 ], [ 4.548804, 8.4873412 ], [ 4.5486746, 8.487315 ], [ 4.5484864, 8.4873383 ], [ 4.5483298, 8.4874365 ], [ 4.5482663, 8.4875117 ], [ 4.5481983, 8.4875436 ], [ 4.5481115, 8.4875066 ], [ 4.5479986, 8.4874648 ], [ 4.5477969, 8.4871831 ], [ 4.5474809, 8.4870124 ], [ 4.5468529, 8.4868314 ], [ 4.5465722, 8.4866936 ], [ 4.5464766, 8.4866196 ], [ 4.5462686, 8.4866011 ], [ 4.5460836, 8.4866258 ], [ 4.5458549, 8.4865558 ], [ 4.5457696, 8.4863851 ], [ 4.5458174, 8.486163 ], [ 4.5457467, 8.4860211 ], [ 4.545335, 8.4857476 ], [ 4.5446551, 8.4856489 ], [ 4.5445449, 8.4855728 ], [ 4.5444306, 8.4854577 ], [ 4.5442933, 8.4853631 ], [ 4.5441852, 8.4852417 ], [ 4.5440792, 8.4852356 ], [ 4.5438296, 8.4852911 ], [ 4.5436841, 8.4851985 ], [ 4.5432329, 8.4850258 ], [ 4.5431061, 8.4849764 ], [ 4.5427962, 8.4849991 ], [ 4.5424615, 8.4849353 ], [ 4.5423076, 8.4849579 ], [ 4.5418626, 8.4851512 ], [ 4.5415341, 8.4851327 ], [ 4.5412014, 8.4852006 ], [ 4.5408833, 8.4850813 ], [ 4.5407128, 8.4851841 ], [ 4.5405548, 8.4852952 ], [ 4.5402678, 8.4854083 ], [ 4.5400266, 8.4854885 ], [ 4.539852, 8.4856037 ], [ 4.5390473, 8.4859224 ], [ 4.5385171, 8.4862145 ], [ 4.5379508, 8.486442 ], [ 4.5374467, 8.4867194 ], [ 4.5371865, 8.4868521 ], [ 4.5369548, 8.4868883 ], [ 4.5366336, 8.4869929 ], [ 4.5364059, 8.4870572 ], [ 4.536097, 8.4871256 ], [ 4.5358124, 8.4871617 ], [ 4.5355075, 8.4871698 ], [ 4.5353083, 8.4871818 ], [ 4.5351375, 8.4872221 ], [ 4.534918, 8.4873226 ], [ 4.5345876, 8.4874909 ] ] } },
{ "type": "Feature", "properties": { "name": null, "waterway": "stream" }, "geometry": { "type": "LineString", "coordinates": [ [ 4.6655435, 8.4942313 ], [ 4.6641595, 8.4941941 ], [ 4.6626307, 8.4937538 ], [ 4.6613432, 8.4931171 ], [ 4.6600075, 8.492247 ], [ 4.6584786, 8.4916793 ], [ 4.6575184, 8.490894 ], [ 4.6561397, 8.4901141 ], [ 4.6555872, 8.4896048 ], [ 4.6534226, 8.48867 ] ] } },
{ "type": "Feature", "properties": { "name": null, "waterway": "river" }, "geometry": { "type": "LineString", "coordinates": [ [ 4.5593914, 8.4745917 ], [ 4.5596381, 8.4749499 ], [ 4.559673, 8.4750321 ], [ 4.5596757, 8.4751329 ], [ 4.5596596, 8.4751966 ], [ 4.5596167, 8.4752788 ], [ 4.5595764, 8.4753452 ], [ 4.5595604, 8.4754062 ], [ 4.5595604, 8.4754831 ], [ 4.5595818, 8.4755653 ], [ 4.5596247, 8.475629 ], [ 4.5596757, 8.47569 ], [ 4.559783, 8.4757962 ], [ 4.5599359, 8.4758864 ], [ 4.5599707, 8.475958 ], [ 4.560011, 8.4760349 ], [ 4.5600136, 8.4761198 ], [ 4.5600029, 8.4762047 ], [ 4.5599627, 8.4763082 ], [ 4.5599654, 8.4764063 ], [ 4.5600002, 8.4765522 ], [ 4.5599868, 8.4766928 ], [ 4.5599573, 8.4768016 ], [ 4.5598903, 8.4768785 ], [ 4.5598581, 8.4769926 ], [ 4.5598608, 8.4771332 ], [ 4.5598259, 8.4773083 ], [ 4.5597588, 8.4774887 ], [ 4.5597159, 8.4776214 ], [ 4.5597132, 8.4777779 ], [ 4.5596918, 8.4779477 ], [ 4.5596281, 8.4781976 ], [ 4.5595564, 8.4783611 ], [ 4.5594676, 8.4784642 ], [ 4.5594412, 8.4786224 ], [ 4.5593559, 8.4787831 ], [ 4.5593048, 8.4788945 ], [ 4.5592799, 8.4789412 ], [ 4.5592672, 8.479004 ], [ 4.5592863, 8.4790634 ], [ 4.5593442, 8.479141 ], [ 4.5594009, 8.4791955 ], [ 4.55964, 8.4792143 ], [ 4.5598659, 8.4792332 ], [ 4.5602313, 8.4792944 ], [ 4.5604039, 8.4793643 ], [ 4.5605096, 8.4794489 ], [ 4.560577, 8.4795572 ], [ 4.5605835, 8.4796892 ], [ 4.5605536, 8.4799507 ], [ 4.5604978, 8.4801546 ], [ 4.5604053, 8.4807717 ], [ 4.5603966, 8.4812064 ], [ 4.5603443, 8.4816869 ], [ 4.560462, 8.4819948 ], [ 4.5605015, 8.4823166 ], [ 4.5605443, 8.4827369 ], [ 4.5606178, 8.4830993 ], [ 4.5606038, 8.4836462 ], [ 4.5609655, 8.4845081 ], [ 4.5615395, 8.4849059 ], [ 4.561784, 8.4856033 ], [ 4.5615113, 8.4871842 ], [ 4.5611729, 8.4883932 ], [ 4.5610788, 8.4890255 ], [ 4.5610901, 8.4892941 ], [ 4.5611313, 8.4894362 ], [ 4.5612422, 8.4895703 ], [ 4.5613778, 8.489613 ], [ 4.561575, 8.4895886 ], [ 4.5617599, 8.4894972 ], [ 4.5619694, 8.4894545 ], [ 4.5621173, 8.4894301 ], [ 4.5622528, 8.4894301 ], [ 4.5624254, 8.4893936 ], [ 4.5625486, 8.4893936 ], [ 4.5626718, 8.4894728 ], [ 4.5627951, 8.4895947 ], [ 4.5627939, 8.4896663 ], [ 4.562943, 8.489808 ], [ 4.5632884, 8.4901414 ], [ 4.5638055, 8.4911458 ], [ 4.5643256, 8.4917794 ], [ 4.5643268, 8.49203 ], [ 4.564144, 8.4934799 ], [ 4.5644731, 8.4947818 ], [ 4.5653381, 8.4956466 ], [ 4.566199, 8.496511 ], [ 4.5674223, 8.4975532 ], [ 4.5678494, 8.4980214 ], [ 4.5681605, 8.4985944 ], [ 4.568257, 8.4990932 ], [ 4.5683536, 8.4996343 ], [ 4.5685789, 8.5001861 ], [ 4.5691905, 8.5012578 ], [ 4.5694909, 8.5020218 ], [ 4.569684, 8.502807 ], [ 4.5698986, 8.5033694 ], [ 4.5703921, 8.5043986 ], [ 4.5705165, 8.5049706 ], [ 4.5704736, 8.505639 ], [ 4.5702526, 8.5062874 ], [ 4.5703449, 8.5068168 ], [ 4.5706389, 8.507306 ], [ 4.5705101, 8.5077623 ], [ 4.5702204, 8.5083459 ], [ 4.5697913, 8.5088552 ], [ 4.5695767, 8.5093327 ], [ 4.5694158, 8.5097465 ], [ 4.5694909, 8.5100436 ], [ 4.5696368, 8.5102866 ], [ 4.5698835, 8.5104351 ], [ 4.570081, 8.5107227 ], [ 4.5701346, 8.5110304 ], [ 4.5701518, 8.5114431 ], [ 4.5700702, 8.5117413 ], [ 4.5698986, 8.5119429 ], [ 4.5698342, 8.5121551 ], [ 4.5698835, 8.5122708 ], [ 4.5700123, 8.5123132 ], [ 4.5702741, 8.5123567 ], [ 4.5705745, 8.5125371 ], [ 4.5707097, 8.5128331 ], [ 4.5706603, 8.5132268 ], [ 4.5704565, 8.5137149 ], [ 4.5702848, 8.514065 ], [ 4.5702848, 8.5144152 ], [ 4.5704779, 8.5147016 ], [ 4.5707032, 8.5147547 ], [ 4.5708921, 8.5148279 ], [ 4.5709457, 8.5150189 ], [ 4.5709028, 8.5152629 ], [ 4.5706925, 8.5153065 ], [ 4.5705316, 8.5154126 ], [ 4.5703556, 8.515698 ], [ 4.5701561, 8.5161235 ], [ 4.5701024, 8.5165054 ], [ 4.5701882, 8.516707 ], [ 4.5703556, 8.5168227 ], [ 4.5704779, 8.5172376 ], [ 4.570714, 8.5175453 ], [ 4.5709822, 8.517906 ], [ 4.5712075, 8.5183304 ], [ 4.571304, 8.5188822 ], [ 4.5712611, 8.5192748 ], [ 4.5712182, 8.5196143 ], [ 4.5712611, 8.5200493 ], [ 4.571407, 8.5201332 ], [ 4.5715401, 8.5202085 ], [ 4.5714929, 8.5203666 ], [ 4.5712461, 8.5204303 ], [ 4.571068, 8.5204313 ], [ 4.5708856, 8.5204207 ], [ 4.5707676, 8.5205693 ], [ 4.5707311, 8.5207698 ], [ 4.5708384, 8.5209396 ], [ 4.5710144, 8.5211422 ], [ 4.571053, 8.5214276 ], [ 4.5709457, 8.5217459 ], [ 4.5709672, 8.5222022 ] ] } },
{ "type": "Feature", "properties": { "name": null, "waterway": "river" }, "geometry": { "type": "LineString", "coordinates": [ [ 4.601984, 8.4916321 ], [ 4.6023488, 8.4918656 ], [ 4.6025607, 8.4919863 ], [ 4.6029912, 8.4923697 ], [ 4.6032836, 8.4926535 ], [ 4.603647, 8.4927994 ], [ 4.6040869, 8.4929798 ], [ 4.6051826, 8.493956 ], [ 4.6053791, 8.4949358 ], [ 4.6054763, 8.4954203 ], [ 4.6055245, 8.4960888 ], [ 4.6055996, 8.4969695 ], [ 4.6057297, 8.4974059 ], [ 4.605974, 8.4977736 ], [ 4.6062112, 8.498349 ], [ 4.606415, 8.4987204 ], [ 4.6065009, 8.4993783 ], [ 4.6068978, 8.5001635 ], [ 4.6071605, 8.5006198 ], [ 4.6072411, 8.5012352 ], [ 4.6076477, 8.501483 ], [ 4.6077239, 8.5020628 ], [ 4.6077669, 8.5027207 ], [ 4.6078205, 8.5029435 ], [ 4.6079278, 8.5031345 ], [ 4.608219, 8.5034651 ], [ 4.6084428, 8.503803 ], [ 4.6096122, 8.5051082 ], [ 4.6100736, 8.5053628 ], [ 4.6097839, 8.5052779 ], [ 4.6098161, 8.5054901 ], [ 4.610374, 8.5058509 ], [ 4.6104491, 8.5060525 ], [ 4.6110499, 8.5066998 ], [ 4.6115541, 8.5076866 ], [ 4.6124124, 8.5079731 ], [ 4.6124768, 8.5081853 ], [ 4.6128201, 8.5085248 ], [ 4.6127772, 8.5089599 ], [ 4.6128523, 8.5093843 ], [ 4.6126485, 8.5102544 ], [ 4.6125809, 8.5105513 ], [ 4.6125753, 8.5109087 ], [ 4.6125829, 8.5112122 ], [ 4.6124983, 8.5115913 ], [ 4.6120798, 8.5123659 ], [ 4.611994, 8.5128116 ], [ 4.6121549, 8.5134694 ], [ 4.6120262, 8.5136922 ], [ 4.6119068, 8.5142902 ], [ 4.6118867, 8.5149973 ], [ 4.6119511, 8.5152095 ], [ 4.6121228, 8.5153687 ], [ 4.6121442, 8.5155809 ], [ 4.6118545, 8.5159205 ], [ 4.6119954, 8.5160862 ], [ 4.6120906, 8.5162069 ], [ 4.6120262, 8.5164192 ], [ 4.6117258, 8.5167375 ], [ 4.6116614, 8.5169497 ], [ 4.6119327, 8.5172555 ], [ 4.612112, 8.5186155 ], [ 4.6118224, 8.5191991 ], [ 4.6121442, 8.519528 ], [ 4.6119404, 8.5198994 ], [ 4.6114898, 8.5203875 ], [ 4.611538, 8.5205944 ] ] } },
{ "type": "Feature", "properties": { "name": null, "waterway": "river" }, "geometry": { "type": "LineString", "coordinates": [ [ 4.9237955, 8.4693479 ], [ 4.9240529, 8.4701757 ], [ 4.924128, 8.4710564 ], [ 4.9241924, 8.471969 ], [ 4.9244714, 8.4722768 ], [ 4.925673, 8.472107 ], [ 4.9269283, 8.4718523 ], [ 4.9275398, 8.4720858 ], [ 4.9274433, 8.4728498 ], [ 4.927454, 8.4742081 ], [ 4.9274325, 8.4755134 ], [ 4.9275398, 8.4764578 ], [ 4.9286878, 8.4766913 ], [ 4.9296534, 8.4773386 ], [ 4.9308443, 8.4776994 ], [ 4.9311554, 8.4781344 ], [ 4.9311662, 8.4786226 ], [ 4.9308979, 8.4795245 ], [ 4.9302542, 8.4802567 ], [ 4.9297178, 8.4804584 ], [ 4.9292457, 8.4798641 ], [ 4.9287844, 8.4791744 ], [ 4.9281299, 8.4790364 ], [ 4.9269497, 8.4793442 ], [ 4.9276042, 8.4803947 ], [ 4.927336, 8.4815832 ], [ 4.9270356, 8.4821138 ], [ 4.927057, 8.4833871 ], [ 4.9275291, 8.4841299 ], [ 4.9271536, 8.484565 ], [ 4.9265098, 8.4851168 ], [ 4.9263489, 8.4860506 ], [ 4.9264026, 8.486995 ], [ 4.9264884, 8.4877272 ], [ 4.9267352, 8.4883639 ], [ 4.9274325, 8.4888202 ], [ 4.928205, 8.4892446 ], [ 4.9288809, 8.4898282 ], [ 4.9286985, 8.4904861 ], [ 4.928087, 8.4910167 ], [ 4.9271107, 8.491855 ], [ 4.9268854, 8.4928206 ], [ 4.9274218, 8.4933724 ], [ 4.9284518, 8.4942 ], [ 4.9297285, 8.4944759 ], [ 4.9304795, 8.494529 ], [ 4.931649, 8.4956113 ], [ 4.9320996, 8.4967149 ], [ 4.9322498, 8.5004606 ], [ 4.9329901, 8.500694 ], [ 4.9339557, 8.5005349 ], [ 4.9350285, 8.5007365 ], [ 4.9355113, 8.5009699 ], [ 4.9362731, 8.5009062 ], [ 4.9366593, 8.5008426 ], [ 4.9372065, 8.5011503 ], [ 4.9373352, 8.5016384 ], [ 4.9373138, 8.502413 ], [ 4.9371314, 8.5029754 ], [ 4.9358225, 8.5037924 ], [ 4.936198, 8.504132 ], [ 4.9366701, 8.5042487 ], [ 4.9376571, 8.5044821 ], [ 4.9379575, 8.5048535 ], [ 4.9377429, 8.5058934 ], [ 4.9372065, 8.5067634 ], [ 4.93505, 8.5063602 ], [ 4.934417, 8.5066892 ], [ 4.9342561, 8.5072515 ], [ 4.9347067, 8.5085567 ], [ 4.9350929, 8.5092145 ], [ 4.9366057, 8.5093949 ], [ 4.9375176, 8.5095116 ], [ 4.9378288, 8.5103287 ], [ 4.9377, 8.5108698 ], [ 4.9369812, 8.5113791 ], [ 4.9360585, 8.5115913 ], [ 4.9355113, 8.5127267 ], [ 4.9352324, 8.5132678 ], [ 4.9347067, 8.5136604 ], [ 4.9338591, 8.5132041 ], [ 4.9332046, 8.5120476 ], [ 4.9323141, 8.51209 ], [ 4.9311769, 8.5121325 ], [ 4.930501, 8.5128434 ], [ 4.930737, 8.5135861 ], [ 4.9313486, 8.5147321 ], [ 4.9310803, 8.516313 ], [ 4.9312413, 8.5180001 ], [ 4.9308336, 8.5184776 ], [ 4.9299967, 8.5190081 ], [ 4.9289882, 8.5201753 ], [ 4.9290204, 8.5209817 ], [ 4.9297821, 8.5218305 ], [ 4.9303186, 8.5225944 ], [ 4.9306083, 8.522987 ], [ 4.9306404, 8.5236555 ], [ 4.93034, 8.5242709 ], [ 4.929707, 8.5248863 ], [ 4.9287736, 8.5252576 ], [ 4.9284196, 8.5256502 ], [ 4.9281943, 8.5266263 ], [ 4.9285912, 8.5272842 ], [ 4.9294174, 8.5277298 ], [ 4.9299323, 8.5281118 ], [ 4.9298894, 8.5288121 ], [ 4.9295461, 8.5296715 ], [ 4.9291491, 8.5302338 ], [ 4.9295676, 8.5313903 ], [ 4.9300825, 8.5321224 ], [ 4.9302864, 8.5330667 ], [ 4.93034, 8.5339474 ], [ 4.9298787, 8.5346476 ], [ 4.9292242, 8.5352312 ], [ 4.9283874, 8.5357086 ], [ 4.9275613, 8.5360163 ], [ 4.9276256, 8.5369924 ], [ 4.9290418, 8.5379049 ], [ 4.9296641, 8.5392205 ], [ 4.9304795, 8.5406635 ], [ 4.9314451, 8.5430613 ], [ 4.9321103, 8.5441859 ], [ 4.9318957, 8.5448437 ], [ 4.9310374, 8.5456925 ], [ 4.9296427, 8.5463503 ], [ 4.9293422, 8.5466898 ], [ 4.9293369, 8.5476924 ], [ 4.9291921, 8.5480956 ], [ 4.9282587, 8.5490451 ] ] } },
{ "type": "Feature", "properties": { "name": null, "waterway": "river" }, "geometry": { "type": "LineString", "coordinates": [ [ 4.5925283, 8.507434 ], [ 4.5924353, 8.5076548 ], [ 4.592428, 8.5079105 ], [ 4.5924084, 8.5084865 ], [ 4.5925764, 8.5086962 ], [ 4.5926221, 8.5089463 ], [ 4.5925367, 8.5094527 ], [ 4.5920206, 8.5100977 ], [ 4.5919465, 8.5104588 ], [ 4.591646, 8.5108973 ], [ 4.5916951, 8.5114003 ], [ 4.5917165, 8.5116696 ], [ 4.5916978, 8.5118738 ], [ 4.5917085, 8.5119494 ], [ 4.5917916, 8.5128858 ], [ 4.5919016, 8.5131643 ], [ 4.5923093, 8.5133447 ], [ 4.5924743, 8.513728 ], [ 4.5925279, 8.5139867 ], [ 4.5928216, 8.5143076 ], [ 4.5930509, 8.5143726 ], [ 4.5931931, 8.5145199 ], [ 4.5933487, 8.5152003 ], [ 4.5938408, 8.5155292 ], [ 4.5941667, 8.515699 ], [ 4.5942982, 8.5159907 ], [ 4.5949459, 8.5163528 ], [ 4.5955306, 8.5165093 ], [ 4.5957184, 8.5169815 ], [ 4.5960563, 8.5172733 ], [ 4.596177, 8.5174404 ], [ 4.5960885, 8.5177852 ], [ 4.595992, 8.5179046 ], [ 4.5962146, 8.5181115 ], [ 4.5963406, 8.5181805 ], [ 4.5967743, 8.5184909 ], [ 4.597018, 8.5188026 ], [ 4.5973411, 8.5190028 ], [ 4.5975316, 8.5194087 ], [ 4.5978051, 8.5196102 ], [ 4.5988367, 8.5207943 ], [ 4.5992036, 8.52107 ], [ 4.5996237, 8.5215228 ], [ 4.5999455, 8.5218623 ], [ 4.6003318, 8.5221382 ], [ 4.6005571, 8.5222549 ], [ 4.6011962, 8.5225263 ], [ 4.6016089, 8.5232579 ] ] } },
{ "type": "Feature", "properties": { "name": null, "waterway": "river" }, "geometry": { "type": "LineString", "coordinates": [ [ 4.5729089, 8.5272417 ], [ 4.5728016, 8.5267855 ], [ 4.5721793, 8.5261065 ], [ 4.5713424, 8.5258094 ], [ 4.5718145, 8.5250879 ], [ 4.5723295, 8.5238359 ], [ 4.5723295, 8.5234114 ], [ 4.5719647, 8.5231568 ], [ 4.5711279, 8.5234327 ], [ 4.5706987, 8.5226687 ], [ 4.5709672, 8.5222022 ] ] } },
{ "type": "Feature", "properties": { "name": null, "waterway": "river" }, "geometry": { "type": "LineString", "coordinates": [ [ 4.5622766, 8.5486844 ], [ 4.5650768, 8.5475704 ], [ 4.5659351, 8.5463291 ], [ 4.5665252, 8.5439207 ], [ 4.5686281, 8.5437297 ], [ 4.5689499, 8.5434114 ], [ 4.5689714, 8.542987 ], [ 4.5681238, 8.5422549 ], [ 4.5677376, 8.5413849 ], [ 4.5684242, 8.5381701 ], [ 4.5680916, 8.5367378 ], [ 4.5687783, 8.5352312 ], [ 4.5676947, 8.5336184 ], [ 4.5684135, 8.5327484 ], [ 4.5694649, 8.5327378 ], [ 4.571836, 8.5309129 ], [ 4.5719647, 8.5296396 ], [ 4.573102, 8.5276237 ], [ 4.5729089, 8.5272417 ] ] } },
{ "type": "Feature", "properties": { "name": null, "waterway": "river" }, "geometry": { "type": "LineString", "coordinates": [ [ 4.5687139, 8.5772021 ], [ 4.5692718, 8.5777431 ], [ 4.5692503, 8.5779659 ], [ 4.5691001, 8.578125 ], [ 4.5691109, 8.5783478 ], [ 4.5696151, 8.5790692 ], [ 4.5700872, 8.5789207 ], [ 4.5702803, 8.5787616 ], [ 4.5702052, 8.5783054 ], [ 4.5702696, 8.5780932 ], [ 4.5707095, 8.5776264 ], [ 4.5711064, 8.5774355 ], [ 4.5712888, 8.5779022 ], [ 4.5716429, 8.5779447 ], [ 4.5728016, 8.5777749 ], [ 4.5733809, 8.5780826 ], [ 4.5735526, 8.5779447 ], [ 4.573617, 8.5777325 ], [ 4.5734882, 8.5772869 ], [ 4.5735848, 8.5771066 ], [ 4.5744002, 8.5763534 ], [ 4.5758486, 8.5756744 ], [ 4.5768464, 8.5750697 ], [ 4.5778763, 8.5738815 ], [ 4.5791531, 8.5732609 ], [ 4.5798129, 8.57281 ], [ 4.5805317, 8.572497 ], [ 4.5808428, 8.5725607 ], [ 4.5824468, 8.5722901 ], [ 4.5827526, 8.5719559 ], [ 4.5829511, 8.5718817 ], [ 4.5838737, 8.5719082 ], [ 4.585011, 8.5725607 ], [ 4.5852202, 8.5725819 ], [ 4.5853758, 8.5724227 ], [ 4.585467, 8.5722265 ], [ 4.5854509, 8.5717915 ], [ 4.5850566, 8.5709905 ], [ 4.5850271, 8.5706059 ], [ 4.5848662, 8.5703195 ], [ 4.5848769, 8.5699482 ], [ 4.584783, 8.5697281 ], [ 4.5848018, 8.5688475 ], [ 4.5845363, 8.5685372 ], [ 4.5847535, 8.568264 ], [ 4.5848072, 8.5678794 ], [ 4.5840561, 8.5666885 ], [ 4.5834929, 8.5662748 ], [ 4.5834392, 8.5661687 ], [ 4.5835197, 8.5659671 ], [ 4.5832783, 8.565739 ], [ 4.5831334, 8.5650335 ], [ 4.5840561, 8.5645561 ], [ 4.5843243, 8.5642166 ], [ 4.5846784, 8.5639408 ], [ 4.5850217, 8.5629753 ], [ 4.5851612, 8.5628056 ], [ 4.5855904, 8.5626677 ], [ 4.5857406, 8.5625085 ], [ 4.5858586, 8.5612036 ], [ 4.5860946, 8.5603442 ], [ 4.5872319, 8.5596546 ], [ 4.5872962, 8.5594212 ], [ 4.5864594, 8.5588165 ], [ 4.5864701, 8.5583709 ], [ 4.5867383, 8.5579996 ], [ 4.5873284, 8.5577768 ], [ 4.5877147, 8.5580314 ], [ 4.5881224, 8.5585831 ], [ 4.5888841, 8.5590605 ], [ 4.5893025, 8.5591878 ], [ 4.5896244, 8.5585937 ], [ 4.5897746, 8.5584346 ], [ 4.5901823, 8.5582966 ], [ 4.5905042, 8.5579465 ], [ 4.5905363, 8.5575221 ], [ 4.5893347, 8.5565036 ], [ 4.5895064, 8.5563657 ], [ 4.5901608, 8.5563233 ], [ 4.590354, 8.5562066 ], [ 4.5904291, 8.556005 ], [ 4.5902145, 8.5556231 ], [ 4.5902467, 8.5554109 ], [ 4.5906544, 8.554891 ], [ 4.5913088, 8.5547849 ], [ 4.5919418, 8.5549016 ], [ 4.5921349, 8.5547743 ], [ 4.5921457, 8.5545621 ], [ 4.5918345, 8.5545621 ], [ 4.5916629, 8.5544242 ], [ 4.5916629, 8.554212 ], [ 4.5915127, 8.5540423 ], [ 4.5912981, 8.553968 ], [ 4.5909119, 8.5534269 ], [ 4.5911801, 8.5530768 ], [ 4.5918131, 8.5528752 ], [ 4.5919204, 8.5526842 ], [ 4.5916307, 8.5523341 ], [ 4.5918023, 8.5517082 ], [ 4.5919955, 8.5513156 ], [ 4.592371, 8.551061 ], [ 4.5925319, 8.5512201 ], [ 4.5924997, 8.5514429 ], [ 4.5925856, 8.5516339 ], [ 4.5930254, 8.5516233 ], [ 4.5935404, 8.5504456 ], [ 4.5939374, 8.5502759 ], [ 4.5943129, 8.5504668 ], [ 4.5945382, 8.5504668 ], [ 4.5951497, 8.5501698 ], [ 4.5952999, 8.55 ], [ 4.595418, 8.5493422 ], [ 4.5953429, 8.54913 ], [ 4.5948923, 8.5490982 ], [ 4.5948493, 8.548886 ], [ 4.595257, 8.5481221 ], [ 4.5953751, 8.5474749 ], [ 4.5957398, 8.5472521 ], [ 4.5961583, 8.5471885 ], [ 4.5967483, 8.5467535 ], [ 4.5968449, 8.5463291 ], [ 4.5962763, 8.5459577 ], [ 4.5958257, 8.5458304 ], [ 4.5956862, 8.5456607 ], [ 4.5957935, 8.5454697 ], [ 4.5959973, 8.5443663 ], [ 4.5963621, 8.5437933 ], [ 4.5968771, 8.541873 ], [ 4.5971882, 8.5415759 ], [ 4.5983148, 8.5416608 ], [ 4.5987117, 8.5414698 ], [ 4.5987975, 8.5408332 ], [ 4.5993769, 8.540621 ], [ 4.5996666, 8.5402921 ], [ 4.59957, 8.5400905 ], [ 4.5991516, 8.5397298 ], [ 4.6000099, 8.5394115 ], [ 4.6001494, 8.5392417 ], [ 4.6001816, 8.5388067 ], [ 4.6008468, 8.5388067 ], [ 4.6011042, 8.5384354 ] ] } },
{ "type": "Feature", "properties": { "name": null, "waterway": "river" }, "geometry": { "type": "LineString", "coordinates": [ [ 4.5686849, 8.5839864 ], [ 4.5677054, 8.583631 ], [ 4.567126, 8.5833233 ], [ 4.5670831, 8.5831111 ], [ 4.5672762, 8.5826974 ], [ 4.5673191, 8.5822731 ], [ 4.5671904, 8.5820821 ], [ 4.56697, 8.5819098 ], [ 4.5669193, 8.5819001 ], [ 4.5668159, 8.5818481 ], [ 4.5667076, 8.581435 ], [ 4.5669973, 8.5811061 ], [ 4.5675659, 8.5807666 ], [ 4.5679843, 8.580268 ], [ 4.5680916, 8.5793875 ], [ 4.568392, 8.5788146 ], [ 4.5684028, 8.5785706 ], [ 4.5682847, 8.5783796 ], [ 4.5683062, 8.5779447 ], [ 4.5686495, 8.5776264 ], [ 4.5687139, 8.5772021 ], [ 4.5681882, 8.5767034 ], [ 4.5681345, 8.5762685 ], [ 4.5683384, 8.575876 ], [ 4.5689714, 8.575197 ], [ 4.5694864, 8.5748045 ], [ 4.5695722, 8.5746029 ], [ 4.5690143, 8.5742316 ], [ 4.568671, 8.5736799 ], [ 4.5692074, 8.5732768 ], [ 4.5693469, 8.5730858 ], [ 4.5693684, 8.5728736 ], [ 4.5692181, 8.5727145 ], [ 4.5692396, 8.5719825 ], [ 4.5688748, 8.5714202 ], [ 4.5688212, 8.5709746 ], [ 4.5687139, 8.5707837 ], [ 4.5687675, 8.5701577 ], [ 4.5687094, 8.570088 ], [ 4.5686173, 8.5699774 ], [ 4.5685208, 8.569553 ], [ 4.5687568, 8.5689377 ], [ 4.5687139, 8.5682905 ], [ 4.5686173, 8.5681102 ], [ 4.5681667, 8.5679935 ], [ 4.5674908, 8.5674312 ], [ 4.567759, 8.5668477 ], [ 4.5676839, 8.5661899 ], [ 4.5682418, 8.5645773 ], [ 4.5684779, 8.5642166 ], [ 4.56851, 8.5639938 ], [ 4.5683277, 8.5638241 ], [ 4.5682955, 8.5636013 ], [ 4.568038, 8.5631875 ], [ 4.5676947, 8.5628586 ], [ 4.5671046, 8.5625404 ], [ 4.5660102, 8.5622221 ], [ 4.565624, 8.5619781 ], [ 4.5649803, 8.5610338 ], [ 4.564873, 8.5604079 ], [ 4.564755, 8.5602169 ], [ 4.5645082, 8.5601533 ], [ 4.5638108, 8.5593576 ], [ 4.5634138, 8.5591136 ], [ 4.5629525, 8.5589862 ], [ 4.5627379, 8.558965 ], [ 4.5618474, 8.5591772 ], [ 4.5613968, 8.5590711 ], [ 4.5612574, 8.5589014 ], [ 4.5609033, 8.5583179 ], [ 4.5611393, 8.5577237 ], [ 4.5611393, 8.5574797 ], [ 4.5610964, 8.5572675 ], [ 4.5608497, 8.5569068 ], [ 4.5609355, 8.5567158 ], [ 4.5614612, 8.5563233 ], [ 4.5615363, 8.5561217 ], [ 4.5615578, 8.5554639 ], [ 4.5614827, 8.5552623 ], [ 4.5612895, 8.555135 ], [ 4.5606136, 8.5552623 ], [ 4.559809, 8.5549441 ], [ 4.5596588, 8.5547425 ], [ 4.5592725, 8.5532147 ], [ 4.5581245, 8.5512095 ], [ 4.558146, 8.5508912 ], [ 4.5585859, 8.5503289 ], [ 4.5591545, 8.5500106 ], [ 4.5602488, 8.5498621 ], [ 4.5607853, 8.5498303 ], [ 4.5622766, 8.5486844 ] ] } },
{ "type": "Feature", "properties": { "name": null, "waterway": "river" }, "geometry": { "type": "LineString", "coordinates": [ [ 4.5440279, 8.5742897 ], [ 4.545969, 8.5751534 ], [ 4.5476854, 8.5780189 ], [ 4.5489782, 8.5792336 ], [ 4.549799, 8.5795849 ], [ 4.5506251, 8.5795174 ], [ 4.5520503, 8.5792668 ], [ 4.5566266, 8.5782796 ], [ 4.5588409, 8.5784634 ], [ 4.559232, 8.5788576 ], [ 4.560138, 8.5796995 ], [ 4.5605789, 8.5801439 ], [ 4.5631916, 8.584663 ], [ 4.5638859, 8.585827 ], [ 4.5646093, 8.5860667 ], [ 4.565345, 8.5853071 ], [ 4.566257, 8.5861134 ], [ 4.5672655, 8.5874607 ], [ 4.5676947, 8.5875668 ], [ 4.5682204, 8.5861664 ], [ 4.5694005, 8.5868136 ], [ 4.570409, 8.5862195 ], [ 4.571718, 8.5867075 ], [ 4.5732307, 8.5855405 ], [ 4.5745977, 8.5853344 ] ] } },
{ "type": "Feature", "properties": { "name": null, "waterway": "river" }, "geometry": { "type": "LineString", "coordinates": [ [ 4.8607531, 8.5613767 ], [ 4.8619548, 8.5617162 ], [ 4.8641864, 8.561207 ], [ 4.8674479, 8.5659599 ], [ 4.8710528, 8.5662994 ], [ 4.8717395, 8.5686758 ], [ 4.8710528, 8.5703733 ], [ 4.8720828, 8.5717312 ], [ 4.8746577, 8.5724102 ], [ 4.8758593, 8.5756353 ], [ 4.8784343, 8.5761446 ], [ 4.8794642, 8.5751261 ], [ 4.8813525, 8.5759748 ], [ 4.8853007, 8.576484 ], [ 4.886159, 8.5758051 ], [ 4.8880473, 8.5763143 ], [ 4.8907939, 8.5773328 ], [ 4.8926822, 8.5791999 ], [ 4.8957721, 8.5790302 ], [ 4.898347, 8.5797091 ], [ 4.8995486, 8.5791999 ], [ 4.8998919, 8.5812368 ], [ 4.8998919, 8.5825947 ], [ 4.8997203, 8.5844618 ], [ 4.8992053, 8.5851408 ], [ 4.899377, 8.5871776 ], [ 4.9000636, 8.5890447 ], [ 4.9033252, 8.5909118 ], [ 4.9055568, 8.5922697 ], [ 4.907445, 8.593967 ], [ 4.9117366, 8.5948157 ], [ 4.9125949, 8.5973617 ], [ 4.9144832, 8.5985498 ], [ 4.9167148, 8.6004169 ], [ 4.9184314, 8.5995682 ], [ 4.9189464, 8.5975314 ], [ 4.9199763, 8.5978709 ], [ 4.9220363, 8.599059 ], [ 4.9239245, 8.5993985 ], [ 4.9251262, 8.601605 ], [ 4.931821, 8.6039812 ], [ 4.9343959, 8.6061877 ], [ 4.9359408, 8.6087336 ], [ 4.9361125, 8.6111098 ], [ 4.9376574, 8.6133162 ], [ 4.9395457, 8.6156924 ], [ 4.9395457, 8.6194263 ], [ 4.9395457, 8.6231602 ], [ 4.9390307, 8.6265546 ], [ 4.9400607, 8.6284215 ], [ 4.9436656, 8.6324947 ], [ 4.9436656, 8.6357193 ], [ 4.9441806, 8.6387742 ], [ 4.9452105, 8.6425079 ], [ 4.9477855, 8.643017 ], [ 4.9489871, 8.6447141 ], [ 4.9476138, 8.6472598 ], [ 4.9477855, 8.6492963 ], [ 4.9496737, 8.6501448 ], [ 4.951047, 8.6520116 ], [ 4.9537936, 8.6518419 ], [ 4.9560252, 8.6528602 ], [ 4.9591151, 8.653539 ], [ 4.96169, 8.6525207 ], [ 4.9651233, 8.6530299 ], [ 4.9640933, 8.6552361 ], [ 4.964265, 8.6581211 ], [ 4.9656382, 8.6598181 ], [ 4.9683848, 8.6616848 ], [ 4.9706164, 8.6633819 ], [ 4.9718181, 8.6623637 ], [ 4.973363, 8.6640607 ], [ 4.9747363, 8.6659274 ], [ 4.9742213, 8.6671153 ], [ 4.9761096, 8.6696608 ], [ 4.9785128, 8.6694911 ], [ 4.9786845, 8.6676244 ], [ 4.9798861, 8.6666062 ], [ 4.9831477, 8.6660971 ], [ 4.9848643, 8.6657577 ], [ 4.984521, 8.663891 ], [ 4.9864093, 8.6616848 ], [ 4.9893275, 8.6601575 ], [ 4.9913875, 8.6601575 ], [ 4.9943057, 8.6598181 ], [ 4.996709, 8.6587999 ], [ 5.0011721, 8.6586302 ] ] } },
{ "type": "Feature", "properties": { "name": null, "waterway": "river" }, "geometry": { "type": "MultiLineString", "coordinates": [ [ [ 5.1671711, 8.2192674 ], [ 5.167388, 8.2192974 ], [ 5.167758, 8.2191842 ], [ 5.168135, 8.2191722 ], [ 5.168302, 8.2192771 ], [ 5.1686248, 8.2198063 ], [ 5.169469, 8.220675 ], [ 5.1700154, 8.2212076 ], [ 5.1706527, 8.2215621 ], [ 5.1709319, 8.221815 ], [ 5.1710883, 8.2221013 ], [ 5.1710782, 8.2225356 ], [ 5.1711538, 8.2229434 ], [ 5.1712284, 8.223145 ], [ 5.1717262, 8.2236243 ], [ 5.1718573, 8.2238739 ], [ 5.1720557, 8.2242667 ], [ 5.1723921, 8.2247726 ], [ 5.1726006, 8.225152 ], [ 5.1730445, 8.2253051 ], [ 5.1735153, 8.2254349 ], [ 5.1741139, 8.2260707 ], [ 5.174763, 8.2259908 ], [ 5.1751699, 8.2263502 ], [ 5.1757853, 8.2271258 ], [ 5.1760981, 8.227868 ], [ 5.1762629, 8.2284704 ], [ 5.1765353, 8.22879 ], [ 5.1769187, 8.2287733 ], [ 5.1775543, 8.2288565 ], [ 5.178395, 8.2289697 ], [ 5.1793132, 8.228963 ], [ 5.180544, 8.2290829 ], [ 5.1814689, 8.2292227 ], [ 5.1821684, 8.2293758 ], [ 5.1832008, 8.2297219 ], [ 5.1842299, 8.2297186 ], [ 5.1849765, 8.2298983 ], [ 5.1861939, 8.2299682 ], [ 5.186843, 8.2302511 ], [ 5.1871994, 8.2302511 ], [ 5.1875232, 8.2299927 ], [ 5.1881701, 8.2299927 ], [ 5.189711, 8.2311883 ], [ 5.1907764, 8.2325721 ], [ 5.1924681, 8.2349073 ], [ 5.1927606, 8.2351379 ], [ 5.1933528, 8.2355286 ], [ 5.1936833, 8.2357357 ], [ 5.1940115, 8.235731 ], [ 5.194732, 8.2357969 ], [ 5.1952124, 8.2358816 ], [ 5.1958634, 8.2361443 ], [ 5.196035, 8.2362874 ], [ 5.1960232, 8.2366103 ], [ 5.196341, 8.2368183 ], [ 5.1966907, 8.2369614 ], [ 5.1970607, 8.2370646 ], [ 5.1973482, 8.237261 ], [ 5.1975634, 8.2376703 ], [ 5.1977989, 8.2381064 ], [ 5.1979636, 8.238336 ], [ 5.1979166, 8.2386755 ], [ 5.1979737, 8.2391198 ], [ 5.1980679, 8.2393861 ], [ 5.1982949, 8.2398404 ], [ 5.198421, 8.2402049 ], [ 5.1984647, 8.240789 ], [ 5.198416, 8.2412499 ], [ 5.1983941, 8.2415844 ], [ 5.1985219, 8.2423899 ], [ 5.1987237, 8.2428226 ], [ 5.1993089, 8.2433418 ], [ 5.199968, 8.2436413 ], [ 5.2008222, 8.2436213 ], [ 5.2013872, 8.2434549 ], [ 5.2020665, 8.2437145 ], [ 5.2025239, 8.2439941 ], [ 5.2030889, 8.2439409 ], [ 5.2035126, 8.2436879 ], [ 5.2038422, 8.2439941 ], [ 5.2039902, 8.2444068 ], [ 5.2043736, 8.244733 ], [ 5.2047435, 8.2442537 ], [ 5.2050933, 8.2439941 ], [ 5.2054363, 8.2442337 ], [ 5.2051672, 8.244693 ], [ 5.2051, 8.2449593 ], [ 5.2056448, 8.2448728 ], [ 5.2060147, 8.2444734 ], [ 5.2065528, 8.2440474 ], [ 5.2068622, 8.244034 ], [ 5.2073263, 8.2444135 ], [ 5.2076828, 8.2448195 ], [ 5.208194, 8.2448528 ], [ 5.2086446, 8.2444068 ], [ 5.2091491, 8.2443602 ], [ 5.2094517, 8.2447463 ], [ 5.2091423, 8.2453853 ], [ 5.2094652, 8.2457048 ], [ 5.2098553, 8.2457048 ], [ 5.2103732, 8.245392 ], [ 5.2107566, 8.2458247 ], [ 5.2113283, 8.2463106 ], [ 5.2122565, 8.2463172 ], [ 5.2129493, 8.2463971 ], [ 5.2135681, 8.2466101 ], [ 5.2141667, 8.2461575 ], [ 5.2148931, 8.2460709 ], [ 5.2155254, 8.2456383 ], [ 5.2159895, 8.2459245 ], [ 5.2159962, 8.2465436 ], [ 5.2163459, 8.2467299 ], [ 5.2166553, 8.2463705 ], [ 5.2170656, 8.2461442 ], [ 5.2176239, 8.2463039 ], [ 5.2183436, 8.2468964 ], [ 5.2189893, 8.2469429 ], [ 5.2198704, 8.2464504 ], [ 5.2204085, 8.2463172 ], [ 5.2208793, 8.24671 ], [ 5.2210609, 8.2471626 ], [ 5.221599, 8.2469097 ], [ 5.221942, 8.2465236 ], [ 5.222581, 8.246477 ], [ 5.223341, 8.2465768 ], [ 5.2238186, 8.2467632 ], [ 5.2240674, 8.2471426 ], [ 5.2245114, 8.247329 ], [ 5.2251638, 8.247156 ], [ 5.2255943, 8.2474555 ], [ 5.2261525, 8.2475687 ], [ 5.2265493, 8.2472425 ], [ 5.2269327, 8.2472625 ], [ 5.2273968, 8.2475154 ], [ 5.227908, 8.2478549 ], [ 5.2281771, 8.2479015 ], [ 5.2286142, 8.2477617 ], [ 5.2289505, 8.2484207 ], [ 5.2290245, 8.2491263 ], [ 5.2298317, 8.2494325 ], [ 5.2303294, 8.2493726 ], [ 5.2308473, 8.2492061 ], [ 5.2310625, 8.2491662 ], [ 5.2311701, 8.2487934 ], [ 5.2308675, 8.248667 ], [ 5.2306657, 8.2484273 ], [ 5.2308876, 8.2483009 ], [ 5.2312979, 8.2484872 ], [ 5.2316275, 8.2488267 ], [ 5.2318697, 8.2493726 ], [ 5.2320983, 8.2494924 ], [ 5.2322732, 8.2492394 ], [ 5.2322396, 8.2488866 ], [ 5.2323405, 8.248627 ], [ 5.2327575, 8.2488334 ], [ 5.2332081, 8.2491729 ], [ 5.2339413, 8.2492527 ], [ 5.2344457, 8.249732 ], [ 5.2347148, 8.2502179 ], [ 5.2347484, 8.2506639 ], [ 5.2349031, 8.2509302 ], [ 5.235273, 8.250817 ], [ 5.2353268, 8.2505108 ], [ 5.2352529, 8.2502046 ], [ 5.2354008, 8.2500848 ], [ 5.2356631, 8.250371 ], [ 5.2360263, 8.2504309 ], [ 5.2362416, 8.250604 ], [ 5.2362685, 8.2511365 ], [ 5.2363761, 8.2515692 ], [ 5.2366451, 8.251689 ], [ 5.2367259, 8.2519153 ], [ 5.2369545, 8.2522082 ], [ 5.2370487, 8.2526276 ], [ 5.2372505, 8.252794 ], [ 5.2377953, 8.2532067 ], [ 5.2380778, 8.2535262 ], [ 5.23795, 8.2539455 ], [ 5.2383603, 8.2543316 ], [ 5.2390262, 8.2545046 ], [ 5.239645, 8.2544647 ], [ 5.240183, 8.2542517 ], [ 5.2409633, 8.2541585 ], [ 5.241609, 8.254052 ], [ 5.2424565, 8.2543582 ], [ 5.2431829, 8.2543715 ], [ 5.2442052, 8.2542118 ], [ 5.2448644, 8.2535994 ], [ 5.2459271, 8.2532 ], [ 5.2464786, 8.2526675 ], [ 5.2473665, 8.2525077 ], [ 5.2478104, 8.2531734 ], [ 5.2489135, 8.2529604 ], [ 5.2496533, 8.2522681 ], [ 5.2503259, 8.2519087 ], [ 5.2513617, 8.251882 ], [ 5.2520209, 8.2522681 ], [ 5.2525455, 8.2526941 ], [ 5.2528953, 8.2524545 ], [ 5.2532316, 8.2520817 ], [ 5.25381, 8.251882 ], [ 5.254644, 8.2521084 ], [ 5.2550207, 8.2524678 ], [ 5.2553301, 8.252521 ], [ 5.2561641, 8.2524545 ], [ 5.2569175, 8.2523746 ], [ 5.2573614, 8.2529471 ], [ 5.2575497, 8.2534796 ], [ 5.2581012, 8.253626 ], [ 5.2586259, 8.2535062 ], [ 5.2592178, 8.2534929 ], [ 5.2596751, 8.2531601 ], [ 5.2600921, 8.2533331 ], [ 5.259998, 8.2536926 ], [ 5.2597693, 8.2539189 ], [ 5.2598366, 8.2542384 ], [ 5.2605361, 8.2543449 ], [ 5.2608455, 8.2548375 ], [ 5.2606302, 8.2551303 ], [ 5.2606033, 8.2554898 ], [ 5.2611011, 8.25537 ], [ 5.2616122, 8.2554499 ], [ 5.2619216, 8.255796 ], [ 5.2624059, 8.255969 ], [ 5.2626749, 8.2557827 ], [ 5.2634014, 8.2557161 ], [ 5.2634686, 8.2561421 ], [ 5.2630516, 8.2564882 ], [ 5.263092, 8.2567146 ], [ 5.2637511, 8.2564882 ], [ 5.2644372, 8.2562087 ], [ 5.2644372, 8.2557294 ], [ 5.2639529, 8.2554898 ], [ 5.2637511, 8.2551037 ], [ 5.2643968, 8.2549972 ], [ 5.2652174, 8.2552901 ], [ 5.2659438, 8.2552768 ], [ 5.266159, 8.2548641 ], [ 5.2664953, 8.254731 ], [ 5.2669124, 8.254904 ], [ 5.2669258, 8.255543 ], [ 5.2669662, 8.2559957 ], [ 5.2673025, 8.2560489 ], [ 5.2676253, 8.2561288 ], [ 5.2677867, 8.2568743 ], [ 5.26815, 8.2570474 ], [ 5.2684997, 8.256861 ], [ 5.2685266, 8.2563684 ], [ 5.2687687, 8.2559158 ], [ 5.2693337, 8.2562752 ], [ 5.2698449, 8.2568876 ], [ 5.2711767, 8.2565548 ], [ 5.2727909, 8.2558359 ], [ 5.2736653, 8.2550564 ], [ 5.274213, 8.2553816 ], [ 5.2743539, 8.2561251 ], [ 5.2745104, 8.2566826 ], [ 5.2753711, 8.2569304 ], [ 5.2765449, 8.2574725 ], [ 5.2771552, 8.257426 ], [ 5.2779377, 8.256791 ], [ 5.2783759, 8.2559392 ], [ 5.2787359, 8.2558153 ], [ 5.2798314, 8.2564038 ], [ 5.2810678, 8.2573951 ], [ 5.2825702, 8.257457 ], [ 5.283337, 8.2577048 ], [ 5.2838848, 8.2584018 ], [ 5.2848864, 8.2591607 ], [ 5.2851837, 8.2597647 ], [ 5.2857158, 8.2611276 ], [ 5.2864357, 8.2617316 ], [ 5.287766, 8.2628932 ], [ 5.2884076, 8.2639773 ], [ 5.2890962, 8.2645658 ], [ 5.2897848, 8.2644729 ], [ 5.29027, 8.2644264 ], [ 5.2909742, 8.2650305 ], [ 5.2918663, 8.2658203 ], [ 5.2931026, 8.266161 ], [ 5.2936347, 8.2665173 ], [ 5.2944798, 8.2676169 ], [ 5.2950589, 8.2681434 ], [ 5.2960918, 8.2683757 ], [ 5.2967647, 8.2689023 ], [ 5.2973907, 8.2698625 ], [ 5.2981263, 8.2710086 ], [ 5.2989871, 8.2715506 ], [ 5.2992062, 8.2721546 ], [ 5.2996757, 8.2736259 ], [ 5.3003799, 8.2744467 ], [ 5.3016632, 8.2747565 ], [ 5.3030874, 8.2752676 ], [ 5.3045272, 8.2754069 ], [ 5.3057322, 8.2762432 ], [ 5.3065773, 8.2760884 ], [ 5.3074381, 8.2763671 ], [ 5.3080328, 8.2770021 ], [ 5.3080641, 8.2777765 ], [ 5.3074224, 8.278303 ], [ 5.3068747, 8.2794181 ], [ 5.3074381, 8.2804247 ], [ 5.308158, 8.2811836 ], [ 5.3086901, 8.2812765 ], [ 5.3093161, 8.2815862 ], [ 5.3100986, 8.2824845 ], [ 5.3113193, 8.2829801 ], [ 5.3127904, 8.2838318 ], [ 5.3136824, 8.2844823 ], [ 5.3141989, 8.2849933 ], [ 5.314684, 8.2850708 ], [ 5.3153257, 8.2854734 ], [ 5.3155135, 8.2860774 ], [ 5.3154665, 8.2873783 ], [ 5.3158108, 8.2877654 ], [ 5.316562, 8.2883849 ], [ 5.3170472, 8.2892522 ], [ 5.3176888, 8.2901349 ], [ 5.3178923, 8.2908628 ], [ 5.3177045, 8.2915751 ], [ 5.3171411, 8.2922101 ], [ 5.3167029, 8.2927676 ], [ 5.3159517, 8.2943007 ], [ 5.3147936, 8.2960042 ], [ 5.314371, 8.2971502 ], [ 5.3145901, 8.2982962 ], [ 5.3148562, 8.2991324 ], [ 5.3146371, 8.3005727 ], [ 5.3142458, 8.3016877 ], [ 5.3142928, 8.3027252 ], [ 5.3153413, 8.3033292 ], [ 5.3160925, 8.3037473 ], [ 5.3174854, 8.3050636 ], [ 5.3180331, 8.3058069 ], [ 5.3179862, 8.30686 ], [ 5.3172037, 8.3076497 ], [ 5.3165307, 8.3087802 ], [ 5.3170315, 8.3098797 ], [ 5.3179549, 8.3109327 ], [ 5.3188313, 8.311738 ], [ 5.3198799, 8.3118773 ], [ 5.3210693, 8.3113508 ], [ 5.3221335, 8.3106075 ], [ 5.3228847, 8.3107159 ], [ 5.3234637, 8.3111185 ], [ 5.3237611, 8.3119857 ], [ 5.3241836, 8.3124039 ], [ 5.3251539, 8.31228 ], [ 5.3257799, 8.3126361 ], [ 5.3261868, 8.3133485 ], [ 5.3270319, 8.3139989 ], [ 5.3283622, 8.314386 ], [ 5.3289256, 8.3147422 ], [ 5.3291916, 8.3153616 ], [ 5.3282996, 8.3155165 ], [ 5.3272667, 8.3156249 ], [ 5.3268128, 8.3161978 ], [ 5.3261242, 8.3168792 ], [ 5.3259677, 8.3173902 ], [ 5.3264059, 8.3184587 ], [ 5.3271258, 8.3188923 ], [ 5.3281431, 8.3194807 ], [ 5.3282057, 8.3199143 ], [ 5.3278614, 8.3205337 ], [ 5.3275171, 8.3214009 ], [ 5.3276736, 8.3218655 ], [ 5.3287378, 8.3222836 ], [ 5.3293638, 8.322841 ], [ 5.3301776, 8.3240953 ], [ 5.3304906, 8.3249006 ], [ 5.3302558, 8.3256284 ], [ 5.3295046, 8.3264491 ], [ 5.3284091, 8.3274556 ], [ 5.3269693, 8.328044 ], [ 5.3259677, 8.3281834 ], [ 5.3253417, 8.328586 ], [ 5.3249192, 8.3294996 ], [ 5.324434, 8.3311875 ], [ 5.3244966, 8.3325347 ], [ 5.3236672, 8.3336031 ], [ 5.3233542, 8.3347335 ], [ 5.3237611, 8.3349813 ], [ 5.32420214879396, 8.334773132947326 ] ], [ [ 5.327697188800128, 8.349487192043414 ], [ 5.3273762, 8.3504966 ], [ 5.3262964, 8.3511934 ], [ 5.3250913, 8.3517663 ], [ 5.324168, 8.3528967 ], [ 5.3233542, 8.3541044 ], [ 5.3234637, 8.3550954 ], [ 5.3237924, 8.3564115 ], [ 5.3239489, 8.3577741 ], [ 5.3246218, 8.3597251 ], [ 5.3244027, 8.3608709 ], [ 5.3241367, 8.3622644 ], [ 5.3242306, 8.3641534 ], [ 5.3238393, 8.3653456 ], [ 5.322869, 8.3662437 ], [ 5.32193, 8.3671572 ], [ 5.3217266, 8.367823 ], [ 5.322243, 8.3685972 ], [ 5.322603, 8.3699287 ], [ 5.3228064, 8.3712293 ], [ 5.3223056, 8.3721893 ], [ 5.3214449, 8.372437 ], [ 5.3205372, 8.372437 ], [ 5.3189722, 8.3720654 ], [ 5.3168594, 8.3717403 ], [ 5.3157795, 8.3718332 ], [ 5.3150283, 8.3723751 ], [ 5.3150753, 8.3731957 ], [ 5.3152161, 8.3745427 ], [ 5.3148718, 8.3757659 ], [ 5.3143241, 8.3763852 ], [ 5.3141832, 8.3777013 ], [ 5.3143867, 8.3786303 ], [ 5.3141363, 8.3793735 ], [ 5.3134477, 8.3800702 ], [ 5.3125243, 8.3800547 ], [ 5.3114758, 8.3793735 ], [ 5.3104585, 8.3794818 ], [ 5.3093787, 8.3801166 ], [ 5.307845, 8.3812159 ], [ 5.3059826, 8.3827178 ], [ 5.3056227, 8.3834609 ], [ 5.3058418, 8.3846841 ], [ 5.3069216, 8.3858453 ], [ 5.3078137, 8.3875019 ], [ 5.3076885, 8.3887251 ], [ 5.3081267, 8.3898089 ], [ 5.3090187, 8.3915274 ], [ 5.3093317, 8.393184 ], [ 5.3096917, 8.3941285 ], [ 5.3095195, 8.3953206 ], [ 5.3093787, 8.3962186 ], [ 5.309097, 8.3981229 ], [ 5.3091126, 8.4011574 ], [ 5.3096291, 8.4038822 ], [ 5.3100203, 8.4051982 ], [ 5.309097, 8.4067774 ], [ 5.307532, 8.4083255 ], [ 5.3060609, 8.4086352 ], [ 5.3038542, 8.4084649 ], [ 5.3017415, 8.408372 ], [ 5.3000982, 8.4077682 ], [ 5.2979072, 8.4068857 ], [ 5.2948554, 8.4059723 ], [ 5.29304, 8.4057246 ], [ 5.291835, 8.4061426 ], [ 5.2909899, 8.4073192 ], [ 5.2905986, 8.408821 ], [ 5.2908803, 8.410911 ], [ 5.2914594, 8.4119018 ], [ 5.2928209, 8.4122269 ], [ 5.2936191, 8.4127533 ], [ 5.2936973, 8.4133107 ], [ 5.2934156, 8.4142086 ], [ 5.2919602, 8.4160973 ], [ 5.2912716, 8.4177693 ], [ 5.291209, 8.4187447 ], [ 5.2919289, 8.4201999 ], [ 5.2926488, 8.4216861 ], [ 5.2926018, 8.4229866 ], [ 5.2922732, 8.4241012 ], [ 5.2909273, 8.424705 ], [ 5.290223, 8.4243179 ], [ 5.2891275, 8.4228317 ], [ 5.2878912, 8.4225376 ], [ 5.2866079, 8.4229246 ], [ 5.2855437, 8.4233117 ], [ 5.2841584, 8.4246581 ], [ 5.2808138, 8.4256215 ], [ 5.2778726, 8.4289327 ], [ 5.2762656, 8.4291848 ], [ 5.2732469, 8.4282707 ], [ 5.2678266, 8.4289799 ], [ 5.2641377, 8.4282518 ], [ 5.2629004, 8.4287334 ], [ 5.2625599, 8.4294045 ], [ 5.2631217, 8.4299743 ], [ 5.264359, 8.4301346 ], [ 5.2647805, 8.4308958 ], [ 5.2648098, 8.4317648 ], [ 5.2632763, 8.4330926 ], [ 5.2625823, 8.4342092 ], [ 5.2622915, 8.4354658 ], [ 5.2617815, 8.4369455 ], [ 5.2580688, 8.4416902 ], [ 5.2568688, 8.4440317 ], [ 5.2555606, 8.4452563 ], [ 5.2549824, 8.4464702 ], [ 5.2549973, 8.4476604 ], [ 5.2545548, 8.4487213 ], [ 5.2530051, 8.4501642 ], [ 5.2504981, 8.4514056 ], [ 5.2485794, 8.4513755 ], [ 5.2472022, 8.4519328 ], [ 5.2455306, 8.4531107 ], [ 5.2450463, 8.4542023 ], [ 5.2470144, 8.4568245 ], [ 5.2493306, 8.4605396 ], [ 5.2501444, 8.4624591 ], [ 5.2499583, 8.4634374 ], [ 5.2491697, 8.4635186 ], [ 5.2474526, 8.4629545 ], [ 5.2461249, 8.4633072 ], [ 5.2454999, 8.4639329 ], [ 5.2452173, 8.4649791 ], [ 5.245512, 8.4661742 ], [ 5.2454504, 8.4672402 ], [ 5.2450249, 8.4676112 ], [ 5.2433078, 8.4676474 ], [ 5.242695, 8.4682794 ], [ 5.2421942, 8.4693939 ], [ 5.2420925, 8.470645 ], [ 5.2443374, 8.4725414 ], [ 5.2454367, 8.4732569 ], [ 5.2460992, 8.4750583 ], [ 5.2472888, 8.4775175 ], [ 5.2468266, 8.4795483 ], [ 5.2460011, 8.4805898 ], [ 5.2444478, 8.4804151 ], [ 5.2416683, 8.480687 ], [ 5.2392834, 8.4809352 ], [ 5.236748, 8.4809104 ], [ 5.2312497, 8.4827765 ], [ 5.2303628, 8.4830775 ], [ 5.2257929, 8.4852445 ], [ 5.2236019, 8.4881545 ], [ 5.2229759, 8.4898881 ], [ 5.2249165, 8.4926742 ], [ 5.2281092, 8.494284 ], [ 5.2306132, 8.4951508 ], [ 5.232679, 8.4965129 ], [ 5.235183, 8.4990513 ], [ 5.2410674, 8.5045615 ], [ 5.2418812, 8.5069141 ], [ 5.2428202, 8.5100097 ], [ 5.2458129, 8.5115465 ], [ 5.2460754, 8.5116813 ], [ 5.2525232, 8.5124861 ], [ 5.2555906, 8.5202248 ], [ 5.2597848, 8.5260443 ], [ 5.2626644, 8.5294236 ], [ 5.263666, 8.5347476 ], [ 5.259284, 8.5369762 ], [ 5.2582824, 8.5400716 ], [ 5.2587832, 8.5432907 ], [ 5.258032, 8.5491097 ], [ 5.2609116, 8.5505954 ], [ 5.2647928, 8.5510907 ], [ 5.2728543, 8.5507257 ], [ 5.278621, 8.5496291 ], [ 5.2804693, 8.552919 ], [ 5.2803214, 8.5572325 ], [ 5.2776599, 8.5559165 ], [ 5.2749244, 8.5546737 ], [ 5.2735937, 8.5567207 ], [ 5.2750723, 8.5597182 ], [ 5.2794343, 8.5649819 ], [ 5.277512, 8.5672482 ], [ 5.2739633, 8.5695876 ], [ 5.274259, 8.5736815 ], [ 5.2785471, 8.5752168 ], [ 5.2766988, 8.5775561 ], [ 5.2703407, 8.5795299 ], [ 5.2704146, 8.5822348 ], [ 5.2747026, 8.5847934 ], [ 5.2779556, 8.5849396 ], [ 5.2783253, 8.587352 ], [ 5.2733719, 8.5907878 ], [ 5.272189, 8.5956125 ], [ 5.2690838, 8.5983904 ], [ 5.2671616, 8.600291 ], [ 5.2676052, 8.6043846 ], [ 5.2645001, 8.6073817 ], [ 5.2627996, 8.6089898 ], [ 5.2644261, 8.6121331 ], [ 5.2670137, 8.6148377 ], [ 5.2708582, 8.6145453 ], [ 5.2774381, 8.615861 ], [ 5.2809868, 8.617323 ], [ 5.2843137, 8.6187118 ], [ 5.2821697, 8.6223666 ], [ 5.2792125, 8.6230976 ], [ 5.2730022, 8.6239748 ], [ 5.2713757, 8.627191 ], [ 5.2729283, 8.6293838 ], [ 5.2752201, 8.6297493 ], [ 5.2780295, 8.6317228 ], [ 5.279656, 8.6343542 ], [ 5.2812086, 8.638082 ], [ 5.2811347, 8.6422482 ], [ 5.2837223, 8.6481687 ], [ 5.2860881, 8.6521156 ], [ 5.2874928, 8.6518232 ], [ 5.2876407, 8.649265 ], [ 5.2889714, 8.6489727 ], [ 5.2928159, 8.6496305 ], [ 5.2964385, 8.6506538 ], [ 5.2950338, 8.6529196 ], [ 5.2958471, 8.6567202 ], [ 5.2952556, 8.6608132 ], [ 5.2979172, 8.6630789 ], [ 5.3000612, 8.6634444 ], [ 5.3019834, 8.6659294 ], [ 5.3043492, 8.6671719 ], [ 5.3043492, 8.6694376 ], [ 5.3084894, 8.674042 ], [ 5.3098941, 8.6756499 ], [ 5.3105595, 8.6785002 ], [ 5.3093766, 8.6853702 ], [ 5.3112248, 8.687855 ], [ 5.3118902, 8.6895359 ], [ 5.3112988, 8.6945055 ], [ 5.3144039, 8.6997674 ], [ 5.3147736, 8.7071485 ], [ 5.3198009, 8.7108025 ], [ 5.3237932, 8.7113871 ], [ 5.329412, 8.710364 ], [ 5.3306689, 8.7080255 ], [ 5.334809, 8.7003521 ], [ 5.3361398, 8.6964787 ], [ 5.3384317, 8.6961133 ], [ 5.338136, 8.6983789 ], [ 5.3371009, 8.7010098 ], [ 5.3405757, 8.7028368 ], [ 5.3461206, 8.7029099 ], [ 5.3496693, 8.7050292 ], [ 5.3531441, 8.7070754 ], [ 5.3563231, 8.7100717 ], [ 5.3594283, 8.7089755 ], [ 5.3654907, 8.7097794 ], [ 5.3689654, 8.7138718 ], [ 5.3725142, 8.7238103 ], [ 5.3768022, 8.7401059 ], [ 5.3775415, 8.7456595 ], [ 5.3764325, 8.7493861 ], [ 5.3764325, 8.7531127 ], [ 5.3771719, 8.7571316 ], [ 5.3787984, 8.7626118 ], [ 5.3785766, 8.7654614 ], [ 5.3819035, 8.7721837 ], [ 5.3862949, 8.7765713 ], [ 5.3904041, 8.777549 ], [ 5.3946655, 8.7743904 ], [ 5.3978616, 8.7737135 ], [ 5.4015142, 8.7754433 ], [ 5.4033405, 8.780858 ], [ 5.4077541, 8.7895817 ], [ 5.4125482, 8.7919129 ], [ 5.4165813, 8.7940938 ], [ 5.4189403, 8.7960491 ], [ 5.4204622, 8.7998091 ], [ 5.4256368, 8.8023659 ], [ 5.4303548, 8.8016139 ], [ 5.4308874, 8.8037947 ], [ 5.4317245, 8.8110891 ], [ 5.433703, 8.8162777 ], [ 5.4320443, 8.8203474 ], [ 5.4327663, 8.8223684 ], [ 5.435137, 8.82417 ], [ 5.4376423, 8.8247347 ], [ 5.4408437, 8.8260567 ], [ 5.4419367, 8.8279919 ], [ 5.4400279, 8.8297221 ], [ 5.4356815, 8.8329712 ], [ 5.4352741, 8.835782 ], [ 5.4340188, 8.8375738 ], [ 5.4335963, 8.840549 ], [ 5.433898, 8.8413331 ], [ 5.4343522, 8.8419144 ], [ 5.4345253, 8.8420788 ], [ 5.4346742, 8.8423032 ], [ 5.4348141, 8.8427101 ], [ 5.4350781, 8.8437502 ], [ 5.4350838, 8.8440414 ], [ 5.4349196, 8.8445365 ], [ 5.4345788, 8.8452919 ], [ 5.4343593, 8.8461673 ], [ 5.4345714, 8.8465916 ], [ 5.4345892, 8.8470759 ], [ 5.4343486, 8.847662 ], [ 5.4338443, 8.8478953 ], [ 5.4332856, 8.8479432 ], [ 5.432654, 8.8478832 ], [ 5.4318104, 8.8487978 ], [ 5.4318917, 8.8495809 ], [ 5.4322783, 8.8504193 ], [ 5.4326707, 8.8510819 ], [ 5.4328993, 8.8518944 ], [ 5.4328359, 8.8527186 ], [ 5.4326389, 8.8534588 ], [ 5.4326883, 8.8538737 ], [ 5.432868, 8.8542983 ], [ 5.4332263, 8.8547273 ], [ 5.4333633, 8.8553901 ], [ 5.4334154, 8.8557051 ], [ 5.4337079, 8.8560247 ], [ 5.4339574, 8.8562685 ], [ 5.4341704, 8.8565482 ], [ 5.4343706, 8.8568458 ], [ 5.4348864, 8.8572393 ], [ 5.4351576, 8.8575337 ], [ 5.4353842, 8.8578608 ], [ 5.4355137, 8.8583319 ], [ 5.4353578, 8.8586557 ], [ 5.4351534, 8.8588835 ], [ 5.4349216, 8.8591108 ], [ 5.4345684, 8.8593261 ], [ 5.4336594, 8.8594641 ], [ 5.4328227, 8.8592706 ], [ 5.4320415, 8.8589129 ], [ 5.4317749, 8.8587754 ], [ 5.4315326, 8.8585778 ], [ 5.431133, 8.8584826 ], [ 5.4307451, 8.8585059 ], [ 5.4302601, 8.8586731 ], [ 5.4292099, 8.8591032 ], [ 5.4289008, 8.859348 ], [ 5.4286491, 8.8596563 ], [ 5.4284399, 8.8599886 ], [ 5.427067, 8.8619487 ], [ 5.4262054, 8.8635423 ], [ 5.425791, 8.8644145 ], [ 5.4246926, 8.8655564 ], [ 5.4237667, 8.8665004 ], [ 5.4232764, 8.8671889 ], [ 5.4231262, 8.8680475 ], [ 5.4231914, 8.8689454 ], [ 5.4227185, 8.8695952 ], [ 5.4221627, 8.8698412 ], [ 5.4212272, 8.8700192 ], [ 5.4205278, 8.8703196 ], [ 5.4196072, 8.8715351 ], [ 5.4191639, 8.8727817 ], [ 5.4190385, 8.8739732 ], [ 5.4193282, 8.8750226 ], [ 5.4192853, 8.8757329 ], [ 5.4187703, 8.8761993 ], [ 5.4186661, 8.8767046 ], [ 5.4187703, 8.8769413 ], [ 5.4188025, 8.8775031 ], [ 5.4183411, 8.878489 ], [ 5.4181695, 8.8796126 ], [ 5.4189842, 8.8805659 ], [ 5.4196608, 8.8813828 ], [ 5.420047, 8.8825382 ], [ 5.4200685, 8.8838209 ], [ 5.4199397, 8.8843933 ], [ 5.419911, 8.8855019 ], [ 5.4198754, 8.8872659 ], [ 5.4202402, 8.8888559 ], [ 5.4208624, 8.8897675 ], [ 5.4217023, 8.8904456 ], [ 5.4223966, 8.8905625 ], [ 5.4230297, 8.8902339 ], [ 5.4235983, 8.8900855 ], [ 5.4240382, 8.8903505 ], [ 5.4242742, 8.8907321 ], [ 5.4248643, 8.8910183 ], [ 5.4259382, 8.890626 ], [ 5.4263556, 8.8898735 ], [ 5.4269564, 8.8894389 ], [ 5.4275572, 8.8895025 ], [ 5.4280829, 8.8897145 ], [ 5.4283404, 8.8901597 ], [ 5.4293675, 8.8902732 ], [ 5.4301107, 8.8899795 ], [ 5.43069, 8.8903611 ], [ 5.4313981, 8.8912621 ], [ 5.4316127, 8.8917815 ], [ 5.4322564, 8.8921843 ], [ 5.4339838, 8.8924705 ], [ 5.4354121, 8.8927695 ], [ 5.4369664, 8.8937636 ], [ 5.4377049, 8.8949989 ], [ 5.438421, 8.898309 ], [ 5.4375614, 8.9002456 ], [ 5.4365694, 8.901618 ], [ 5.4363119, 8.9028158 ], [ 5.4366553, 8.903844 ], [ 5.4373097, 8.9042149 ], [ 5.4379642, 8.9042573 ], [ 5.4399505, 8.9045488 ], [ 5.441376, 8.9045753 ], [ 5.4419068, 8.9048255 ], [ 5.4420733, 8.9063136 ], [ 5.4423845, 8.9082109 ], [ 5.4426589, 8.9096057 ], [ 5.443393, 8.9127899 ], [ 5.4438007, 8.9139028 ], [ 5.443659, 8.9147424 ], [ 5.4436076, 8.9156199 ], [ 5.4430497, 8.916436 ], [ 5.4421806, 8.9167752 ], [ 5.4403723, 8.9170866 ], [ 5.4390839, 8.9186756 ], [ 5.4390263, 8.9187466 ], [ 5.4383933, 8.9203789 ], [ 5.4378806, 8.9210166 ], [ 5.436945, 8.9226683 ], [ 5.4363763, 8.9231664 ], [ 5.4358736, 8.9232393 ], [ 5.434885, 8.9235692 ], [ 5.4345417, 8.9243217 ], [ 5.4349172, 8.9250106 ], [ 5.4355632, 8.9252598 ], [ 5.4359579, 8.9259433 ], [ 5.4358506, 8.9267171 ], [ 5.435915, 8.9271728 ], [ 5.4361496, 8.9275787 ], [ 5.4367889, 8.9281077 ], [ 5.438503, 8.9285139 ], [ 5.4400915, 8.9284132 ], [ 5.4407806, 8.928787 ], [ 5.4415199, 8.9288766 ], [ 5.4417407, 8.9293244 ], [ 5.4415685, 8.929998 ], [ 5.4412777, 8.9307903 ], [ 5.4411222, 8.9313058 ], [ 5.4412379, 8.9318213 ], [ 5.4419053, 8.9320723 ], [ 5.4427546, 8.9320125 ], [ 5.4434413, 8.9321848 ], [ 5.4437702, 8.9330967 ], [ 5.4437068, 8.9339901 ], [ 5.4441282, 8.9356719 ], [ 5.4444006, 8.9368043 ], [ 5.4448892, 8.9377579 ], [ 5.445435, 8.9380006 ], [ 5.4460346, 8.9382671 ], [ 5.4471967, 8.9384826 ], [ 5.4479941, 8.9392068 ], [ 5.4481994, 8.940746 ], [ 5.4485077, 8.942364 ], [ 5.4498355, 8.9432267 ], [ 5.4500106, 8.9438674 ], [ 5.4507867, 8.944373 ], [ 5.4515325, 8.9456903 ], [ 5.4524267, 8.9459534 ], [ 5.4529784, 8.9470058 ], [ 5.4536593, 8.9472483 ], [ 5.4539102, 8.9484443 ], [ 5.4547666, 8.9488475 ], [ 5.4551813, 8.9497102 ], [ 5.4556798, 8.9502757 ], [ 5.4556608, 8.9510087 ], [ 5.4560793, 8.9512717 ], [ 5.4567926, 8.9511604 ], [ 5.4574487, 8.9508986 ], [ 5.4582894, 8.9513979 ], [ 5.4586079, 8.9518119 ], [ 5.459157, 8.952035 ], [ 5.45961, 8.9519632 ], [ 5.4598076, 8.9511686 ], [ 5.4605115, 8.9508255 ], [ 5.4619564, 8.9501848 ], [ 5.46359, 8.9505532 ], [ 5.4639065, 8.9506592 ], [ 5.4642284, 8.950675 ], [ 5.4646039, 8.9505638 ], [ 5.4648721, 8.9504366 ], [ 5.4651564, 8.9503094 ], [ 5.465371, 8.9499544 ], [ 5.4657036, 8.9493344 ], [ 5.4659986, 8.9489899 ], [ 5.4663044, 8.9488257 ], [ 5.4665887, 8.9487515 ], [ 5.4670662, 8.9487303 ], [ 5.467962, 8.949133 ], [ 5.4698396, 8.9508287 ] ] ] } },
{ "type": "Feature", "properties": { "name": null, "waterway": "stream" }, "geometry": { "type": "LineString", "coordinates": [ [ 5.3840578, 8.8707208 ], [ 5.3841215, 8.8706718 ], [ 5.3840981, 8.8705671 ], [ 5.3840639, 8.8703439 ], [ 5.3841128, 8.8702982 ], [ 5.3841001, 8.8701882 ], [ 5.3839573, 8.8700696 ], [ 5.3839519, 8.869998 ], [ 5.3837635, 8.8699126 ], [ 5.3837534, 8.869784 ], [ 5.3837715, 8.8697178 ], [ 5.3837728, 8.8694501 ], [ 5.3837869, 8.8692513 ], [ 5.3837353, 8.8691347 ], [ 5.3837568, 8.8690022 ], [ 5.383746, 8.8689578 ], [ 5.3837916, 8.8687856 ], [ 5.3837246, 8.8686809 ], [ 5.3837112, 8.868559 ], [ 5.3836977, 8.8684013 ], [ 5.38362, 8.8682807 ], [ 5.3835891, 8.8681111 ], [ 5.3835811, 8.8679389 ], [ 5.3836401, 8.8678753 ], [ 5.3836186, 8.8677746 ], [ 5.3836213, 8.867703 ], [ 5.3835221, 8.867593 ], [ 5.3835891, 8.867495 ], [ 5.3835569, 8.8674075 ], [ 5.3837031, 8.8671253 ], [ 5.3837527, 8.86701 ], [ 5.3838573, 8.8669345 ], [ 5.3839633, 8.866794 ], [ 5.3840142, 8.866533 ], [ 5.3839955, 8.866264 ], [ 5.3838775, 8.8659088 ], [ 5.3837688, 8.8656624 ], [ 5.3835864, 8.8654543 ], [ 5.3835301, 8.8653417 ], [ 5.383565, 8.8652278 ], [ 5.3838211, 8.8650992 ], [ 5.3836977, 8.8649177 ], [ 5.3835529, 8.8648647 ], [ 5.3834778, 8.8648064 ], [ 5.3834926, 8.8646699 ], [ 5.3833772, 8.8646527 ], [ 5.3832377, 8.8646977 ], [ 5.3831452, 8.8646447 ], [ 5.3829373, 8.864393 ], [ 5.3829025, 8.8642127 ], [ 5.3830406, 8.8640047 ], [ 5.3831935, 8.8639305 ], [ 5.3832498, 8.8636973 ], [ 5.3829883, 8.8635568 ], [ 5.3826168, 8.8632415 ], [ 5.3822829, 8.8630374 ], [ 5.3819986, 8.8629884 ], [ 5.3816016, 8.8626067 ], [ 5.3814407, 8.8624159 ], [ 5.3811926, 8.8621867 ], [ 5.3810088, 8.8618514 ], [ 5.3809176, 8.861336 ], [ 5.3809096, 8.8610179 ], [ 5.3807755, 8.8607171 ], [ 5.3805193, 8.8603673 ], [ 5.380235, 8.8597644 ] ] } },
{ "type": "Feature", "properties": { "name": null, "waterway": "stream" }, "geometry": { "type": "LineString", "coordinates": [ [ 5.3543889, 8.9174732 ], [ 5.3544496, 8.9177339 ], [ 5.3544776, 8.9179161 ], [ 5.3543865, 8.9180338 ], [ 5.3543912, 8.918103 ], [ 5.3544706, 8.9181745 ], [ 5.3546691, 8.9183106 ], [ 5.3547181, 8.9184282 ], [ 5.3548395, 8.9185828 ], [ 5.3549703, 8.9186543 ], [ 5.3551011, 8.9188919 ], [ 5.3550915, 8.9190707 ], [ 5.3551102, 8.9192299 ], [ 5.3551522, 8.9193936 ], [ 5.3551289, 8.9195297 ], [ 5.3551989, 8.919742 ], [ 5.3551966, 8.9199772 ], [ 5.355241, 8.9201203 ], [ 5.3552993, 8.9202933 ], [ 5.3553881, 8.9204709 ], [ 5.3554791, 8.9206131 ], [ 5.3556029, 8.9208899 ], [ 5.3556426, 8.9210445 ], [ 5.3557523, 8.9212682 ], [ 5.3559181, 8.9213882 ], [ 5.3561189, 8.9214412 ], [ 5.3563594, 8.9215543 ], [ 5.3565953, 8.9216904 ], [ 5.3567564, 8.9218934 ], [ 5.3569168, 8.9220063 ], [ 5.3571573, 8.9221101 ], [ 5.3572928, 8.9222231 ], [ 5.3575052, 8.9223293 ], [ 5.3575636, 8.9224192 ], [ 5.357699, 8.9225092 ], [ 5.3579442, 8.9225738 ], [ 5.35811, 8.9226291 ], [ 5.358131, 8.9227745 ], [ 5.3581824, 8.9228298 ], [ 5.3582758, 8.9228252 ], [ 5.3583879, 8.922869 ], [ 5.3586307, 8.9230028 ], [ 5.3587218, 8.9229982 ], [ 5.3587895, 8.9230167 ], [ 5.3588453, 8.9231492 ] ] } },
{ "type": "Feature", "properties": { "name": null, "waterway": "river" }, "geometry": { "type": "LineString", "coordinates": [ [ 5.3592101, 8.9225981 ], [ 5.3591967, 8.9227676 ], [ 5.3591538, 8.9228445 ], [ 5.3589499, 8.9230247 ], [ 5.3588453, 8.9231492 ], [ 5.3588024, 8.9233559 ], [ 5.3588185, 8.923544 ], [ 5.3588078, 8.9236288 ], [ 5.3588829, 8.9236977 ], [ 5.3589928, 8.9236792 ], [ 5.3591162, 8.923756 ], [ 5.3592342, 8.92396 ], [ 5.3593201, 8.9242091 ], [ 5.3593818, 8.9243628 ], [ 5.3595427, 8.9246543 ], [ 5.3596151, 8.9248848 ], [ 5.3595534, 8.9250438 ], [ 5.3594139, 8.9253856 ], [ 5.3594166, 8.9254518 ], [ 5.3595239, 8.925587 ], [ 5.35954, 8.9257142 ], [ 5.3597143, 8.9259076 ], [ 5.3597331, 8.9260401 ], [ 5.3597626, 8.9261196 ], [ 5.3599799, 8.9262785 ], [ 5.3600657, 8.9263792 ], [ 5.3602132, 8.9265144 ], [ 5.3604037, 8.9266654 ], [ 5.36046, 8.9267449 ], [ 5.3604466, 8.9268217 ], [ 5.3603152, 8.9268959 ], [ 5.3602562, 8.9270284 ], [ 5.3601864, 8.927274 ], [ 5.3600738, 8.9276158 ], [ 5.3599477, 8.9278145 ], [ 5.3597841, 8.9279285 ], [ 5.3597063, 8.9280185 ], [ 5.3595239, 8.9282835 ], [ 5.3593084, 8.9284911 ] ] } },
{ "type": "Feature", "properties": { "name": null, "waterway": "river" }, "geometry": { "type": "LineString", "coordinates": [ [ 5.3593084, 8.9284911 ], [ 5.3590295, 8.9288674 ], [ 5.3588095, 8.9290794 ], [ 5.3585306, 8.9292225 ], [ 5.3578868, 8.9293072 ], [ 5.3575489, 8.9294026 ], [ 5.3568837, 8.9295669 ], [ 5.3564384, 8.9296888 ], [ 5.3561219, 8.9298425 ], [ 5.3559771, 8.929975 ], [ 5.3559235, 8.9301498 ], [ 5.3559235, 8.9302876 ], [ 5.3560629, 8.9305155 ], [ 5.3563526, 8.9308759 ], [ 5.3567388, 8.9311408 ], [ 5.3571841, 8.9312945 ], [ 5.3574416, 8.9312733 ], [ 5.3577688, 8.9311779 ], [ 5.3579727, 8.9311567 ], [ 5.3581819, 8.9312521 ], [ 5.3585037, 8.9315542 ], [ 5.3586486, 8.9317821 ], [ 5.3586647, 8.9319781 ], [ 5.3586164, 8.9321954 ], [ 5.3586432, 8.932418 ], [ 5.3587344, 8.9327624 ], [ 5.3588953, 8.9329373 ], [ 5.3592118, 8.9329956 ], [ 5.3596249, 8.9329108 ], [ 5.3600702, 8.9327465 ], [ 5.3605154, 8.9325982 ], [ 5.3608051, 8.9324021 ], [ 5.3609928, 8.932312 ], [ 5.3613244, 8.9322435 ] ] } },
{ "type": "Feature", "properties": { "name": null, "waterway": "river" }, "geometry": { "type": "LineString", "coordinates": [ [ 5.3613244, 8.9322435 ], [ 5.3618034, 8.9321791 ], [ 5.3623034, 8.9320466 ], [ 5.362649, 8.9320345 ], [ 5.3629742, 8.9321992 ], [ 5.3631816, 8.9326369 ], [ 5.3631897, 8.9329301 ], [ 5.363084, 8.9330667 ], [ 5.3627913, 8.9332032 ], [ 5.362714, 8.9333478 ], [ 5.3627547, 8.9335406 ], [ 5.362897, 8.9336048 ], [ 5.3631165, 8.9335727 ], [ 5.363206, 8.9335767 ], [ 5.3633117, 8.933637 ], [ 5.3634174, 8.9338538 ], [ 5.363397, 8.9339703 ], [ 5.3628685, 8.9340547 ], [ 5.3627588, 8.9341591 ], [ 5.3626897, 8.9343197 ], [ 5.3627181, 8.9346089 ], [ 5.3628441, 8.9348217 ], [ 5.3628767, 8.9349904 ], [ 5.3624742, 8.93538 ], [ 5.3623278, 8.9354884 ], [ 5.3620432, 8.9357254 ], [ 5.3617383, 8.9358338 ], [ 5.361344, 8.9358659 ] ] } },
{ "type": "Feature", "properties": { "name": null, "waterway": "river" }, "geometry": { "type": "LineString", "coordinates": [ [ 5.3552422, 8.929944 ], [ 5.3536404, 8.9303938 ], [ 5.3520386, 8.9309159 ], [ 5.3505018, 8.932185 ], [ 5.3491602, 8.9338718 ], [ 5.3481032, 8.9347875 ], [ 5.3472169, 8.9352694 ], [ 5.3461274, 8.9355505 ], [ 5.3450378, 8.9361047 ], [ 5.3441434, 8.9363457 ], [ 5.3432002, 8.936659 ], [ 5.3425416, 8.9368758 ], [ 5.3411187, 8.9375666 ], [ 5.3404032, 8.9381771 ], [ 5.3401105, 8.9387393 ], [ 5.3400617, 8.9398237 ], [ 5.3400292, 8.9404984 ], [ 5.3399397, 8.941406 ], [ 5.3395332, 8.9423939 ], [ 5.3385829, 8.9434208 ], [ 5.3383298, 8.9436791 ], [ 5.33772, 8.9440164 ], [ 5.3370207, 8.944169 ], [ 5.3361426, 8.9441048 ], [ 5.3355978, 8.9438638 ], [ 5.3341993, 8.942916 ], [ 5.3332561, 8.9417353 ], [ 5.332565, 8.9403618 ], [ 5.3319308, 8.9395024 ], [ 5.3311909, 8.9390526 ], [ 5.3304022, 8.9389642 ], [ 5.3290849, 8.9391329 ], [ 5.3276038, 8.9392286 ], [ 5.3260928, 8.9395345 ], [ 5.3251902, 8.9397433 ] ] } },
{ "type": "Feature", "properties": { "name": null, "waterway": "river" }, "geometry": { "type": "LineString", "coordinates": [ [ 5.3613039, 8.946691 ], [ 5.3619834, 8.9464882 ], [ 5.3624152, 8.9462854 ], [ 5.3625284, 8.9460966 ], [ 5.3626063, 8.9459498 ], [ 5.3627762, 8.9459708 ], [ 5.3629036, 8.9460547 ], [ 5.3629319, 8.9462365 ], [ 5.3628469, 8.9464672 ], [ 5.3629319, 8.946621 ], [ 5.3631513, 8.946684 ], [ 5.3635406, 8.9465301 ], [ 5.3638238, 8.9463134 ], [ 5.3639724, 8.9461176 ], [ 5.3640644, 8.9453554 ], [ 5.3640715, 8.9450967 ], [ 5.3642202, 8.944817 ], [ 5.3645528, 8.9446003 ], [ 5.3650483, 8.9443416 ], [ 5.3655792, 8.9438661 ], [ 5.3657562, 8.9436913 ], [ 5.367094, 8.9428662 ], [ 5.367816, 8.9420481 ], [ 5.3682194, 8.9415516 ], [ 5.3690193, 8.9409363 ], [ 5.3691679, 8.9407125 ], [ 5.3692175, 8.9403279 ], [ 5.3694015, 8.9400902 ], [ 5.369628, 8.9398105 ], [ 5.3696917, 8.9395937 ], [ 5.3699607, 8.939356 ], [ 5.3702085, 8.9392441 ], [ 5.3703996, 8.9392651 ], [ 5.3706473, 8.9393001 ], [ 5.3708101, 8.9391952 ], [ 5.370888, 8.9389784 ], [ 5.3708738, 8.9387127 ], [ 5.3710083, 8.9385169 ], [ 5.3715038, 8.9382512 ], [ 5.3719498, 8.9380764 ], [ 5.3724948, 8.9379505 ], [ 5.3729124, 8.9377687 ], [ 5.3734575, 8.937475 ], [ 5.3738892, 8.9373212 ], [ 5.3740804, 8.9371883 ], [ 5.3745971, 8.9370345 ], [ 5.3748236, 8.9369996 ], [ 5.3750501, 8.9368457 ], [ 5.3752412, 8.9367548 ], [ 5.375588, 8.9367828 ], [ 5.3758075, 8.9368177 ], [ 5.3760411, 8.9367618 ], [ 5.3765578, 8.936538 ], [ 5.3768834, 8.9362374 ], [ 5.3771948, 8.9362164 ], [ 5.3775205, 8.9361115 ], [ 5.3776125, 8.9358388 ], [ 5.3773293, 8.9351396 ], [ 5.3771311, 8.93472 ], [ 5.3768976, 8.9344403 ], [ 5.3765578, 8.9343354 ], [ 5.3761756, 8.9342305 ], [ 5.3758358, 8.9339718 ], [ 5.3755314, 8.9336082 ], [ 5.3753899, 8.9331607 ], [ 5.3752341, 8.9327341 ], [ 5.3751704, 8.9322237 ], [ 5.3752341, 8.9315804 ], [ 5.3752624, 8.9312447 ], [ 5.3751067, 8.9311398 ], [ 5.3748661, 8.930965 ], [ 5.3746891, 8.9306993 ], [ 5.374682, 8.9303776 ], [ 5.3744767, 8.930049 ], [ 5.3743918, 8.9298322 ], [ 5.3742007, 8.9297903 ], [ 5.3739246, 8.9298672 ], [ 5.3736132, 8.9298322 ], [ 5.3733796, 8.9296084 ], [ 5.3732734, 8.9294127 ], [ 5.3733088, 8.929119 ], [ 5.3735353, 8.9285176 ] ] } },
{ "type": "Feature", "properties": { "name": null, "waterway": "river" }, "geometry": { "type": "LineString", "coordinates": [ [ 5.3436004, 8.945884 ], [ 5.3448526, 8.9462052 ], [ 5.3460072, 8.946157 ], [ 5.3475358, 8.945884 ], [ 5.3487717, 8.9453699 ], [ 5.3501865, 8.9445506 ], [ 5.3506906, 8.943892 ], [ 5.3509833, 8.9424784 ], [ 5.3516338, 8.9412896 ], [ 5.3524794, 8.9404382 ], [ 5.3531299, 8.9396992 ], [ 5.3533901, 8.9387675 ], [ 5.3536178, 8.9378518 ], [ 5.3543008, 8.9373538 ], [ 5.3555367, 8.9372735 ] ] } },
{ "type": "Feature", "properties": { "name": null, "waterway": "river" }, "geometry": { "type": "LineString", "coordinates": [ [ 5.361344, 8.9358659 ], [ 5.3613344, 8.9358661 ], [ 5.3609974, 8.9358679 ], [ 5.3604277, 8.936057 ], [ 5.3598533, 8.9361309 ], [ 5.3594983, 8.9361585 ], [ 5.3593582, 8.9362739 ], [ 5.3593956, 8.9363892 ], [ 5.3595124, 8.9364722 ], [ 5.3596992, 8.9366891 ], [ 5.3596805, 8.9369428 ], [ 5.359489, 8.9371781 ], [ 5.3593302, 8.9373718 ], [ 5.3592602, 8.9377271 ], [ 5.3593022, 8.9380454 ], [ 5.3594657, 8.9384652 ], [ 5.3594797, 8.9388804 ], [ 5.3595824, 8.9392402 ], [ 5.3598299, 8.9395631 ], [ 5.3598719, 8.939863 ], [ 5.3598112, 8.9400475 ], [ 5.3596151, 8.9402413 ], [ 5.3594657, 8.9405319 ], [ 5.3594983, 8.9407211 ], [ 5.3596291, 8.941044 ], [ 5.3596805, 8.9413439 ], [ 5.3597318, 8.9416345 ], [ 5.3596898, 8.9420358 ], [ 5.359531, 8.9421973 ], [ 5.3592275, 8.9422942 ], [ 5.3589706, 8.9422619 ], [ 5.3586858, 8.9421097 ], [ 5.3584943, 8.9421927 ], [ 5.3583215, 8.9424972 ], [ 5.3579713, 8.9429447 ], [ 5.3575603, 8.9434844 ], [ 5.3573315, 8.9439826 ], [ 5.3570279, 8.9445777 ], [ 5.3567524, 8.945159 ], [ 5.3566356, 8.9456618 ], [ 5.3563648, 8.9461554 ], [ 5.3560192, 8.9466168 ], [ 5.3555102, 8.9470227 ], [ 5.3547676, 8.9471611 ], [ 5.3542213, 8.9471104 ], [ 5.3540251, 8.9471473 ], [ 5.3537356, 8.9472165 ], [ 5.3533106, 8.9471703 ], [ 5.3528483, 8.9471473 ], [ 5.3522785, 8.9473134 ], [ 5.3516247, 8.9475671 ], [ 5.3513912, 8.9477608 ], [ 5.3513492, 8.9479823 ], [ 5.3514099, 8.948236 ], [ 5.3516387, 8.9486327 ], [ 5.3518396, 8.9491125 ], [ 5.3521618, 8.949417 ], [ 5.3525167, 8.9495553 ], [ 5.3527128, 8.949703 ], [ 5.3528576, 8.9499336 ], [ 5.352867, 8.9501366 ], [ 5.3528203, 8.9503257 ], [ 5.3527082, 8.9505749 ], [ 5.3526194, 8.95099 ], [ 5.3526568, 8.9512668 ], [ 5.3527689, 8.9515667 ], [ 5.3532079, 8.9519173 ], [ 5.3534414, 8.9520787 ], [ 5.3536422, 8.9522171 ], [ 5.3538897, 8.9522125 ], [ 5.3539597, 8.9521525 ], [ 5.3539831, 8.9520003 ], [ 5.3539551, 8.9518342 ], [ 5.3538803, 8.9516774 ], [ 5.3538803, 8.9514698 ], [ 5.3540158, 8.9513083 ], [ 5.3542072, 8.9512299 ], [ 5.3545201, 8.9511976 ], [ 5.3549685, 8.9511192 ], [ 5.3553467, 8.9510454 ], [ 5.3555475, 8.9509208 ], [ 5.3556689, 8.9506071 ], [ 5.3558744, 8.9503442 ], [ 5.3562714, 8.9501228 ], [ 5.3564769, 8.9498783 ], [ 5.3565796, 8.9495646 ], [ 5.3567664, 8.9493016 ], [ 5.3571727, 8.9492463 ], [ 5.3574762, 8.9490986 ], [ 5.358228, 8.9483999 ], [ 5.3583626, 8.9482747 ], [ 5.3587418, 8.9479223 ], [ 5.3591434, 8.9478393 ], [ 5.3594376, 8.9477147 ], [ 5.3597785, 8.947544 ], [ 5.3602035, 8.9472857 ], [ 5.3607187, 8.9469787 ], [ 5.3610071, 8.9468254 ], [ 5.3613039, 8.946691 ] ] } },
{ "type": "Feature", "properties": { "name": null, "waterway": "river" }, "geometry": { "type": "LineString", "coordinates": [ [ 5.0797931, 8.6151832 ], [ 5.0784198, 8.6163713 ], [ 5.0777331, 8.618408 ], [ 5.0785914, 8.621463 ], [ 5.0801364, 8.6250271 ], [ 5.0806514, 8.6289306 ], [ 5.0797931, 8.6314764 ], [ 5.0777331, 8.6318158 ], [ 5.0780764, 8.635889 ], [ 5.0763598, 8.635889 ], [ 5.0751582, 8.6350404 ], [ 5.0720683, 8.6365679 ], [ 5.0729266, 8.6389439 ], [ 5.0739566, 8.6419987 ], [ 5.0720683, 8.6447141 ], [ 5.0713817, 8.6465809 ], [ 5.069665, 8.6474295 ], [ 5.0679484, 8.6499751 ], [ 5.0614253, 8.6542178 ], [ 5.0622836, 8.6577816 ], [ 5.0607386, 8.6591393 ], [ 5.0607386, 8.6613454 ], [ 5.0588504, 8.6637213 ], [ 5.0574771, 8.6642304 ], [ 5.0578204, 8.6683032 ], [ 5.0566188, 8.6700002 ], [ 5.0557605, 8.6728851 ], [ 5.0569621, 8.6745821 ], [ 5.0571338, 8.6761094 ], [ 5.0564471, 8.6767882 ], [ 5.0557605, 8.6784851 ], [ 5.0566188, 8.681879 ], [ 5.0574746, 8.6860056 ] ] } },
{ "type": "Feature", "properties": { "name": null, "waterway": "river" }, "geometry": { "type": "LineString", "coordinates": [ [ 5.1069156, 8.6720366 ], [ 5.1062289, 8.6745821 ], [ 5.1051989, 8.6764488 ], [ 5.1055423, 8.6805215 ], [ 5.1074305, 8.6817093 ], [ 5.1076022, 8.6851032 ], [ 5.1060573, 8.688497 ], [ 5.1076022, 8.6905333 ], [ 5.1074305, 8.6925696 ], [ 5.1084605, 8.6930787 ], [ 5.1072589, 8.6944362 ], [ 5.1070872, 8.6974906 ], [ 5.1081172, 8.6993571 ], [ 5.1081172, 8.701054 ] ] } },
{ "type": "Feature", "properties": { "name": null, "waterway": "river" }, "geometry": { "type": "LineString", "coordinates": [ [ 5.0011721, 8.6586302 ], [ 5.0040923, 8.6577882 ], [ 5.005292, 8.6574422 ], [ 5.0080386, 8.6567634 ], [ 5.0113002, 8.6584605 ], [ 5.0121585, 8.6608363 ], [ 5.0121585, 8.6644001 ], [ 5.0131884, 8.665588 ], [ 5.0155917, 8.6657577 ], [ 5.01542, 8.6684729 ], [ 5.0162784, 8.6713578 ], [ 5.0173083, 8.6725457 ], [ 5.0193683, 8.6750912 ], [ 5.0214282, 8.6759397 ], [ 5.0234881, 8.6761094 ], [ 5.0246898, 8.6754306 ], [ 5.0262347, 8.6762791 ], [ 5.026063, 8.6781457 ], [ 5.0250331, 8.6825578 ], [ 5.0250331, 8.6852729 ], [ 5.0255481, 8.6868001 ], [ 5.0282946, 8.6874789 ], [ 5.0300113, 8.6886667 ], [ 5.0300113, 8.6912121 ], [ 5.0308696, 8.6922302 ], [ 5.0346461, 8.6912121 ], [ 5.0375644, 8.690194 ], [ 5.0396243, 8.6891758 ], [ 5.0437442, 8.6878183 ], [ 5.0475207, 8.6873092 ], [ 5.0524989, 8.6868001 ], [ 5.0562755, 8.6859517 ], [ 5.0574746, 8.6860056 ], [ 5.060052, 8.6861214 ], [ 5.061597, 8.690703 ], [ 5.0597087, 8.6923999 ], [ 5.0617686, 8.6963028 ], [ 5.0636569, 8.6963028 ], [ 5.0643435, 8.6988481 ], [ 5.0621119, 8.7008843 ], [ 5.0619403, 8.7024115 ], [ 5.0617686, 8.7039387 ], [ 5.0633136, 8.7064839 ], [ 5.0624553, 8.7071626 ], [ 5.0593654, 8.7080111 ], [ 5.0581637, 8.7097079 ], [ 5.0597087, 8.7124228 ], [ 5.0602237, 8.714968 ], [ 5.0579921, 8.7156467 ], [ 5.0581637, 8.7173435 ], [ 5.0593654, 8.7188706 ], [ 5.060567, 8.7209067 ], [ 5.061082, 8.7246396 ], [ 5.059022, 8.727524 ], [ 5.0591937, 8.7307478 ], [ 5.0622836, 8.7332929 ], [ 5.0631419, 8.7370257 ], [ 5.0638286, 8.741437 ], [ 5.0650302, 8.7453394 ], [ 5.0665751, 8.7478843 ], [ 5.0691501, 8.7507686 ], [ 5.0703517, 8.7521259 ], [ 5.0689784, 8.7543315 ], [ 5.0650302, 8.7565371 ], [ 5.0660602, 8.758573 ], [ 5.0660602, 8.7611179 ], [ 5.0667468, 8.7636628 ], [ 5.0684634, 8.7633235 ], [ 5.07018, 8.7636628 ], [ 5.07121, 8.7631538 ], [ 5.0732699, 8.7624752 ], [ 5.0742999, 8.7646807 ], [ 5.0741282, 8.7662076 ], [ 5.07224, 8.7687525 ], [ 5.071725, 8.7702794 ], [ 5.0715533, 8.7719759 ], [ 5.0730983, 8.7738421 ], [ 5.0737849, 8.7762172 ], [ 5.0732699, 8.7794406 ], [ 5.0742999, 8.7814764 ], [ 5.0748149, 8.7840211 ], [ 5.0753299, 8.7870748 ], [ 5.0768748, 8.7896195 ], [ 5.0780764, 8.790807 ], [ 5.0809947, 8.7896195 ], [ 5.0820247, 8.787923 ], [ 5.0840846, 8.7867355 ], [ 5.0856295, 8.7884319 ], [ 5.0863162, 8.7901284 ] ] } },
{ "type": "Feature", "properties": { "name": null, "waterway": "river" }, "geometry": { "type": "LineString", "coordinates": [ [ 5.1299182, 8.7334626 ], [ 5.12597, 8.7324445 ], [ 5.1240817, 8.7326142 ], [ 5.1235667, 8.7307478 ], [ 5.1225367, 8.7310872 ], [ 5.1194468, 8.7304085 ], [ 5.1179019, 8.7314265 ], [ 5.114812, 8.7315962 ], [ 5.1113788, 8.7309175 ], [ 5.1108638, 8.7327839 ], [ 5.1091472, 8.7324445 ], [ 5.1062289, 8.7304085 ], [ 5.1051989, 8.7314265 ], [ 5.103139, 8.7332929 ], [ 5.102109, 8.7327839 ], [ 5.0990191, 8.7344806 ], [ 5.0971309, 8.735329 ] ] } },
{ "type": "Feature", "properties": { "name": null, "waterway": "river" }, "geometry": { "type": "LineString", "coordinates": [ [ 5.0087253, 8.7802888 ], [ 5.0116435, 8.7779137 ], [ 5.0133601, 8.7767262 ], [ 5.0149051, 8.7758779 ], [ 5.0161067, 8.7750297 ], [ 5.01748, 8.7750297 ], [ 5.0181666, 8.7731635 ], [ 5.0181666, 8.7707883 ], [ 5.0217715, 8.7696008 ], [ 5.0219432, 8.7689221 ], [ 5.0255481, 8.7694311 ], [ 5.0272647, 8.7714669 ], [ 5.029153, 8.7719759 ], [ 5.0294963, 8.7731635 ], [ 5.0324145, 8.7724849 ], [ 5.0332728, 8.7701097 ], [ 5.0346461, 8.7692614 ], [ 5.0367061, 8.7697704 ], [ 5.0391093, 8.7685828 ], [ 5.039281, 8.7697704 ], [ 5.0423709, 8.7711276 ], [ 5.0451175, 8.7716366 ], [ 5.0451175, 8.7692614 ], [ 5.0468341, 8.7692614 ], [ 5.0485507, 8.7680739 ], [ 5.0490657, 8.7696008 ], [ 5.0531855, 8.7706187 ], [ 5.0542155, 8.7711276 ], [ 5.0557605, 8.7699401 ], [ 5.0569621, 8.7689221 ], [ 5.058507, 8.7694311 ], [ 5.0593654, 8.7682435 ], [ 5.0612536, 8.7694311 ], [ 5.0640002, 8.7694311 ], [ 5.0650302, 8.7692614 ], [ 5.0660602, 8.7684132 ], [ 5.0684634, 8.7694311 ], [ 5.0700084, 8.7706187 ], [ 5.071725, 8.7702794 ] ] } },
{ "type": "Feature", "properties": { "name": "River Oyi", "waterway": "river" }, "geometry": { "type": "LineString", "coordinates": [ [ 5.1307765, 8.6998662 ], [ 5.1275149, 8.7002056 ], [ 5.1235667, 8.7000359 ], [ 5.1213351, 8.6990178 ], [ 5.1179019, 8.6995268 ], [ 5.1158419, 8.6993571 ], [ 5.113267, 8.7000359 ], [ 5.1106921, 8.701054 ], [ 5.1094905, 8.7005449 ], [ 5.1081172, 8.701054 ], [ 5.1072589, 8.7032599 ], [ 5.1070872, 8.7059749 ], [ 5.1057139, 8.7076717 ], [ 5.1043406, 8.7091988 ], [ 5.1048556, 8.7122531 ], [ 5.1034823, 8.7122531 ], [ 5.1024524, 8.711235 ], [ 5.102109, 8.7122531 ], [ 5.1024524, 8.7142893 ], [ 5.102624, 8.715477 ], [ 5.1019374, 8.7163254 ], [ 5.1022807, 8.7173435 ], [ 5.1015941, 8.7187009 ], [ 5.0991908, 8.7210764 ], [ 5.0978175, 8.7214157 ], [ 5.0973025, 8.7234519 ], [ 5.0978175, 8.7249789 ], [ 5.0995341, 8.726506 ], [ 5.0985042, 8.7283724 ], [ 5.0976458, 8.7324445 ], [ 5.0971309, 8.7319355 ], [ 5.0964442, 8.7338019 ], [ 5.0971309, 8.735329 ], [ 5.0979892, 8.7382133 ], [ 5.0983325, 8.7395707 ], [ 5.0979892, 8.741946 ], [ 5.0983325, 8.742455 ], [ 5.0983325, 8.7451697 ], [ 5.0969592, 8.747545 ], [ 5.0983325, 8.748054 ], [ 5.0985042, 8.7494113 ], [ 5.0966159, 8.7507686 ], [ 5.0962726, 8.7531439 ], [ 5.0950709, 8.7561978 ], [ 5.0955859, 8.7582337 ], [ 5.0969592, 8.7594213 ], [ 5.0971309, 8.7631538 ], [ 5.0974742, 8.7656987 ], [ 5.0950709, 8.7675649 ], [ 5.0933543, 8.7685828 ], [ 5.0928393, 8.7729938 ], [ 5.0916377, 8.7736724 ], [ 5.091466, 8.7755386 ], [ 5.0899211, 8.7760476 ], [ 5.0876895, 8.7763869 ], [ 5.0866595, 8.778762 ], [ 5.0859729, 8.7814764 ], [ 5.0876895, 8.7841908 ], [ 5.0887195, 8.7852086 ], [ 5.0870028, 8.7858872 ], [ 5.0888911, 8.7874141 ], [ 5.0875178, 8.7884319 ], [ 5.0863162, 8.7901284 ], [ 5.0871745, 8.7964052 ], [ 5.0882045, 8.7977623 ], [ 5.0907794, 8.7982713 ], [ 5.0921527, 8.7982713 ], [ 5.093011, 8.7992891 ], [ 5.0928393, 8.8001373 ], [ 5.0906077, 8.8009855 ], [ 5.0918094, 8.8047176 ], [ 5.0938693, 8.8062443 ], [ 5.0948993, 8.8081103 ], [ 5.0967875, 8.8106549 ], [ 5.0986684, 8.8117468 ], [ 5.0988475, 8.813369 ], [ 5.0990119, 8.8148223 ], [ 5.0986909, 8.816889 ], [ 5.0974511, 8.8191684 ], [ 5.0967875, 8.8213418 ], [ 5.0941351, 8.8246641 ], [ 5.0943501, 8.8255371 ], [ 5.096265, 8.8266385 ], [ 5.096652, 8.8270879 ], [ 5.0968734, 8.8292789 ], [ 5.0973025, 8.830841 ], [ 5.0979622, 8.8345033 ], [ 5.0982535, 8.8349511 ], [ 5.1007357, 8.8381349 ], [ 5.1038257, 8.8411881 ], [ 5.1060573, 8.845259 ], [ 5.1081172, 8.8491602 ], [ 5.1096621, 8.8530614 ], [ 5.113267, 8.8564537 ], [ 5.1168719, 8.8578106 ], [ 5.1201335, 8.8573018 ], [ 5.1213351, 8.8559449 ], [ 5.1213351, 8.8535702 ], [ 5.1204768, 8.8518741 ], [ 5.1197902, 8.8501779 ], [ 5.1216784, 8.848821 ], [ 5.1240817, 8.8501779 ], [ 5.12597, 8.8520437 ], [ 5.1288882, 8.8561145 ], [ 5.1316348, 8.8569625 ], [ 5.135583, 8.8589979 ], [ 5.1348964, 8.8615421 ], [ 5.1335231, 8.8637471 ], [ 5.1311198, 8.8657824 ], [ 5.1326648, 8.8674785 ], [ 5.135068, 8.8681569 ], [ 5.1376429, 8.8662912 ], [ 5.1403895, 8.8647647 ], [ 5.1414195, 8.8657824 ], [ 5.1429644, 8.8676481 ], [ 5.1448527, 8.8673089 ], [ 5.146226, 8.865952 ], [ 5.1481143, 8.8652736 ], [ 5.1517192, 8.8668 ], [ 5.1529208, 8.8695138 ], [ 5.1522342, 8.8707011 ], [ 5.1506892, 8.8722275 ], [ 5.1517192, 8.8744324 ], [ 5.1532641, 8.8744324 ], [ 5.156354, 8.872906 ], [ 5.1572123, 8.8749412 ], [ 5.158414, 8.8764677 ], [ 5.1599589, 8.8781637 ], [ 5.1591006, 8.8800294 ], [ 5.1613322, 8.881047 ], [ 5.1639071, 8.8790118 ], [ 5.1657954, 8.8796902 ], [ 5.1681987, 8.881047 ], [ 5.1697436, 8.8830822 ], [ 5.1723185, 8.8861351 ], [ 5.1742068, 8.8857959 ], [ 5.1754084, 8.8834214 ], [ 5.1764384, 8.8824038 ], [ 5.1779834, 8.8832518 ], [ 5.1805583, 8.8849479 ], [ 5.1836482, 8.8874919 ], [ 5.1836482, 8.8903751 ], [ 5.1833049, 8.8934278 ], [ 5.1848498, 8.8958022 ], [ 5.1851931, 8.8988549 ], [ 5.1882831, 8.8998725 ], [ 5.1929179, 8.8993637 ], [ 5.1973811, 8.8981765 ], [ 5.1996127, 8.8959718 ], [ 5.200471, 8.8973286 ], [ 5.199956, 8.8998725 ], [ 5.2021876, 8.9005509 ], [ 5.2047625, 8.8997029 ], [ 5.2068225, 8.896311 ], [ 5.2083674, 8.8973286 ], [ 5.2104274, 8.9010596 ], [ 5.2138606, 8.903434 ], [ 5.2176371, 8.9049603 ], [ 5.2207271, 8.9029252 ], [ 5.2214137, 8.9039427 ], [ 5.2219287, 8.9068258 ], [ 5.2239886, 8.910048 ], [ 5.2274218, 8.9115743 ], [ 5.2336413, 8.9108343 ], [ 5.2350182, 8.9113802 ], [ 5.236388, 8.9122134 ], [ 5.2369158, 8.9138758 ], [ 5.2374632, 8.9154776 ], [ 5.2376847, 8.9168303 ], [ 5.2377147, 8.9182251 ], [ 5.2375308, 8.92048 ], [ 5.2371794, 8.9214189 ], [ 5.2365199, 8.9229366 ], [ 5.2363859, 8.9240407 ], [ 5.236824, 8.9255687 ], [ 5.2379828, 8.9263565 ], [ 5.2401248, 8.9266675 ], [ 5.2428201, 8.9273008 ], [ 5.243996, 8.929678 ], [ 5.2439911, 8.9319234 ], [ 5.2439276, 8.9336813 ], [ 5.2435664, 8.934851 ], [ 5.2430903, 8.9353847 ], [ 5.2422203, 8.936026 ], [ 5.2399412, 8.9373814 ], [ 5.2392482, 8.9384112 ], [ 5.2396539, 8.9392888 ], [ 5.2411224, 8.9409222 ], [ 5.2432692, 8.944566 ], [ 5.2450335, 8.9466906 ], [ 5.2475062, 8.9480342 ], [ 5.2524844, 8.9490516 ], [ 5.2528381, 8.9500655 ], [ 5.2524578, 8.9512313 ], [ 5.2514544, 8.95363 ], [ 5.2499095, 8.9566823 ], [ 5.2509395, 8.9597345 ], [ 5.2528277, 8.9612606 ], [ 5.2543941, 8.96515 ], [ 5.2541956, 8.9657541 ], [ 5.2537611, 8.9662522 ], [ 5.2534715, 8.9674285 ], [ 5.2540294, 8.9687214 ], [ 5.2571193, 8.9709257 ], [ 5.2576879, 8.9722504 ], [ 5.258042, 8.9734903 ], [ 5.2575622, 8.9747265 ], [ 5.2563039, 8.9761185 ], [ 5.2566626, 8.9772841 ], [ 5.2577371, 8.9787752 ], [ 5.2574166, 8.9801343 ], [ 5.2568928, 8.9807514 ], [ 5.2533534, 8.981108 ], [ 5.2526199, 8.9820065 ], [ 5.2527358, 8.9830658 ], [ 5.2535306, 8.9836043 ], [ 5.2543189, 8.9845483 ], [ 5.2551518, 8.9858006 ], [ 5.2550414, 8.9865043 ], [ 5.2546212, 8.988846 ], [ 5.2546623, 8.9913438 ], [ 5.2548432, 8.9932715 ], [ 5.2543644, 8.995047 ], [ 5.2537607, 8.9959382 ], [ 5.253472, 8.9962947 ], [ 5.2532735, 8.9969006 ], [ 5.2531291, 8.9975422 ], [ 5.2529668, 8.9982907 ], [ 5.2528975, 8.9989154 ], [ 5.2533052, 9.0002718 ], [ 5.2546571, 9.0013315 ], [ 5.2565883, 9.0020732 ], [ 5.2568375, 9.002328 ], [ 5.2578114, 9.0033237 ], [ 5.2562449, 9.0055066 ], [ 5.2557932, 9.0058958 ], [ 5.2548814, 9.0064463 ], [ 5.2540223, 9.0065561 ], [ 5.2535413, 9.0067146 ], [ 5.2528546, 9.0067993 ], [ 5.2520392, 9.0066086 ], [ 5.2512239, 9.0064602 ], [ 5.2509114, 9.0067284 ], [ 5.2507947, 9.0069265 ], [ 5.2506445, 9.0074775 ], [ 5.2507733, 9.0079894 ], [ 5.2512014, 9.0084338 ] ] } },
{ "type": "Feature", "properties": { "name": null, "waterway": "river" }, "geometry": { "type": "LineString", "coordinates": [ [ 5.2132472, 9.0153821 ], [ 5.2139983, 9.0126271 ], [ 5.2141224, 9.0123373 ], [ 5.2149424, 9.010423 ], [ 5.21741, 9.0086216 ], [ 5.219706, 9.0082401 ], [ 5.2260009, 9.0118916 ] ] } },
{ "type": "Feature", "properties": { "name": null, "waterway": "river" }, "geometry": { "type": "LineString", "coordinates": [ [ 5.2029029, 9.0176775 ], [ 5.2029029, 9.0177974 ], [ 5.2029636, 9.0181121 ], [ 5.203085, 9.0183069 ], [ 5.203267, 9.0185017 ], [ 5.2034794, 9.0186216 ], [ 5.2037829, 9.0185467 ], [ 5.2040257, 9.0183819 ], [ 5.2046478, 9.0178723 ], [ 5.2048905, 9.0174827 ], [ 5.2051333, 9.0172729 ], [ 5.2053272, 9.0170335 ], [ 5.2053761, 9.0169732 ], [ 5.2058768, 9.0166585 ], [ 5.2063168, 9.0162839 ], [ 5.2070754, 9.0159542 ], [ 5.2074851, 9.0157594 ], [ 5.2084561, 9.0154447 ], [ 5.2089417, 9.0153248 ], [ 5.209412, 9.01513 ], [ 5.2097003, 9.0150101 ], [ 5.2099886, 9.0148753 ], [ 5.2101859, 9.0146055 ], [ 5.2103224, 9.0142609 ], [ 5.2104667, 9.0138645 ], [ 5.2108435, 9.0136295 ], [ 5.212773, 9.0124259 ], [ 5.2134406, 9.0123061 ], [ 5.2141224, 9.0123373 ] ] } },
{ "type": "Feature", "properties": { "name": null, "waterway": "river" }, "geometry": { "type": "LineString", "coordinates": [ [ 5.1962572, 9.0192528 ], [ 5.1962076, 9.0194012 ], [ 5.1962797, 9.0196501 ], [ 5.1966185, 9.0203081 ] ] } },
{ "type": "Feature", "properties": { "name": null, "waterway": "river" }, "geometry": { "type": "LineString", "coordinates": [ [ 5.1854851, 9.0256671 ], [ 5.1858151, 9.0255647 ], [ 5.1863944, 9.0254534 ], [ 5.1870918, 9.025517 ], [ 5.1877892, 9.0257289 ], [ 5.1889211, 9.0263488 ], [ 5.1895219, 9.0269793 ], [ 5.1900251, 9.0276066 ], [ 5.190939, 9.0291213 ], [ 5.192061, 9.0303258 ], [ 5.192988, 9.0306149 ], [ 5.1936222, 9.0303098 ], [ 5.1939799, 9.0297798 ], [ 5.1942727, 9.0285913 ], [ 5.1938824, 9.0270495 ], [ 5.193671, 9.0256683 ], [ 5.1938661, 9.0241747 ], [ 5.1945816, 9.0226489 ], [ 5.1954923, 9.0212837 ], [ 5.1966185, 9.0203081 ], [ 5.1976551, 9.0198704 ], [ 5.1990211, 9.0198222 ], [ 5.2018019, 9.0198704 ], [ 5.204046, 9.0198062 ], [ 5.2075423, 9.0192761 ], [ 5.2098515, 9.0185374 ], [ 5.2119981, 9.0173649 ], [ 5.2128925, 9.0162888 ], [ 5.2132472, 9.0153821 ] ] } },
{ "type": "Feature", "properties": { "name": null, "waterway": "river" }, "geometry": { "type": "LineString", "coordinates": [ [ 5.3612915, 8.9636605 ], [ 5.3611057, 8.963884 ], [ 5.359753, 8.9656613 ], [ 5.3583444, 8.9670177 ], [ 5.3574737, 8.9678078 ], [ 5.356412, 8.9682553 ], [ 5.3550529, 8.9686468 ], [ 5.3540407, 8.9687237 ], [ 5.3529365, 8.9686398 ], [ 5.3518676, 8.968472 ], [ 5.3508625, 8.9683532 ], [ 5.349914, 8.9683532 ], [ 5.3490929, 8.9685769 ], [ 5.3482435, 8.9690034 ], [ 5.3476843, 8.9695837 ], [ 5.347118, 8.970248 ], [ 5.346396, 8.9711359 ], [ 5.3460417, 8.9714236 ], [ 5.3458793, 8.9715554 ], [ 5.3454758, 8.9718351 ], [ 5.3436992, 8.972765 ], [ 5.3431117, 8.9732684 ], [ 5.3419366, 8.974464 ], [ 5.3412076, 8.9754498 ], [ 5.3406059, 8.9761141 ], [ 5.3398344, 8.9767433 ], [ 5.3389849, 8.9774914 ], [ 5.3380294, 8.9780997 ], [ 5.3372861, 8.9783374 ], [ 5.3365429, 8.9784772 ], [ 5.3350281, 8.9783724 ], [ 5.333931, 8.9785542 ], [ 5.3330179, 8.9788548 ], [ 5.3320835, 8.9791694 ], [ 5.3316163, 8.9791554 ], [ 5.3313757, 8.9789737 ], [ 5.3311846, 8.9787289 ], [ 5.3309651, 8.9780647 ], [ 5.3308802, 8.9777641 ], [ 5.3306962, 8.9775683 ], [ 5.3301299, 8.9773796 ], [ 5.3297689, 8.9771418 ], [ 5.329599, 8.9767853 ], [ 5.3294008, 8.9764007 ], [ 5.3292026, 8.9763588 ], [ 5.3279002, 8.9766175 ], [ 5.3271074, 8.9768342 ], [ 5.3265624, 8.976967 ], [ 5.32635, 8.9769251 ], [ 5.326081, 8.9765825 ], [ 5.3257979, 8.9759882 ], [ 5.325536, 8.9758414 ], [ 5.3250476, 8.9758484 ], [ 5.3237452, 8.976177 ], [ 5.3225772, 8.9765126 ], [ 5.321473, 8.97703 ], [ 5.3200786, 8.9773726 ], [ 5.3197628, 8.9774684 ], [ 5.3178206, 8.9780577 ], [ 5.3164473, 8.9784283 ], [ 5.3148759, 8.9785332 ], [ 5.3134886, 8.978645 ], [ 5.3123914, 8.9787709 ], [ 5.3116199, 8.9789527 ], [ 5.3100768, 8.9793792 ], [ 5.3085549, 8.9797218 ], [ 5.3079745, 8.9797707 ], [ 5.3074012, 8.9796868 ], [ 5.306757, 8.9797637 ], [ 5.3062474, 8.9799455 ], [ 5.3056103, 8.9800224 ], [ 5.3051007, 8.9800504 ], [ 5.3047822, 8.9800504 ], [ 5.3042088, 8.9801343 ], [ 5.3038655, 8.9802007 ], [ 5.3036744, 8.9802881 ] ] } },
{ "type": "Feature", "properties": { "name": null, "waterway": "river" }, "geometry": { "type": "LineString", "coordinates": [ [ 5.3135744, 8.9689819 ], [ 5.3149193, 8.9683546 ], [ 5.3165818, 8.9682808 ], [ 5.3178147, 8.9690004 ], [ 5.3180949, 8.9702551 ], [ 5.3174224, 8.9710669 ], [ 5.3174598, 8.9715836 ], [ 5.3179642, 8.9719342 ], [ 5.3189729, 8.9723216 ], [ 5.319552, 8.972949 ], [ 5.3194399, 8.9734287 ], [ 5.3187487, 8.9740561 ], [ 5.3178708, 8.9747757 ], [ 5.3179642, 8.9753292 ], [ 5.3186366, 8.9758458 ], [ 5.3197628, 8.9774684 ] ] } },
{ "type": "Feature", "properties": { "name": null, "waterway": "river" }, "geometry": { "type": "LineString", "coordinates": [ [ 5.3420831, 8.9796485 ], [ 5.3427054, 8.9785464 ], [ 5.3451086, 8.9781225 ], [ 5.3465678, 8.9779317 ], [ 5.3472544, 8.9781013 ], [ 5.3481556, 8.9774866 ], [ 5.3485848, 8.9754519 ], [ 5.3475763, 8.9735232 ], [ 5.3460417, 8.9714236 ] ] } },
{ "type": "Feature", "properties": { "name": null, "waterway": "river" }, "geometry": { "type": "LineString", "coordinates": [ [ 5.3623919, 8.9794748 ], [ 5.3626279, 8.9790933 ], [ 5.3628425, 8.978627 ], [ 5.3630464, 8.978076 ], [ 5.3632931, 8.9772388 ], [ 5.3633789, 8.9760519 ], [ 5.3633453, 8.9757949 ], [ 5.3632931, 8.9753948 ], [ 5.3631429, 8.9742715 ], [ 5.3628103, 8.9736568 ], [ 5.3622739, 8.9729468 ], [ 5.3618233, 8.9725017 ], [ 5.3610999, 8.9720246 ] ] } },
{ "type": "Feature", "properties": { "name": null, "waterway": "stream" }, "geometry": { "type": "LineString", "coordinates": [ [ 5.3645511, 8.9779448 ], [ 5.3640133, 8.9771007 ], [ 5.3633453, 8.9757949 ] ] } },
{ "type": "Feature", "properties": { "name": null, "waterway": "river" }, "geometry": { "type": "LineString", "coordinates": [ [ 5.3737695, 8.9719093 ], [ 5.3746551, 8.9720429 ], [ 5.3754904, 8.9722247 ], [ 5.3760283, 8.9722946 ], [ 5.3765097, 8.972798 ], [ 5.3773166, 8.9731895 ], [ 5.3781943, 8.9734412 ], [ 5.3791145, 8.9732734 ], [ 5.3799215, 8.9730217 ], [ 5.380785, 8.9729238 ], [ 5.3813655, 8.9728959 ], [ 5.3820308, 8.9729658 ], [ 5.3831634, 8.9732315 ], [ 5.3840269, 8.9737069 ], [ 5.384933, 8.9743502 ], [ 5.3855842, 8.9748676 ], [ 5.3858815, 8.9755527 ], [ 5.3860797, 8.97621 ], [ 5.3864194, 8.9777761 ], [ 5.3868724, 8.9783214 ], [ 5.3872143, 8.9786541 ], [ 5.3875065, 8.9788386 ], [ 5.3892445, 8.9801527 ], [ 5.3903711, 8.9810217 ], [ 5.3922163, 8.9820258 ] ] } },
{ "type": "Feature", "properties": { "name": null, "waterway": "river" }, "geometry": { "type": "LineString", "coordinates": [ [ 5.321473, 8.97703 ], [ 5.3217566, 8.977727 ], [ 5.3220678, 8.9781986 ], [ 5.3224808, 8.9786543 ], [ 5.32269, 8.9791312 ], [ 5.3227061, 8.9796557 ], [ 5.3227383, 8.980424 ], [ 5.3226364, 8.9807155 ], [ 5.3224164, 8.9813195 ], [ 5.3220785, 8.9820613 ], [ 5.3217083, 8.9826389 ], [ 5.321542, 8.9830522 ], [ 5.321365, 8.9833383 ], [ 5.3210378, 8.9834973 ], [ 5.3200078, 8.9835926 ], [ 5.3191334, 8.9838099 ], [ 5.3183173, 8.9839944 ], [ 5.3174546, 8.9843535 ], [ 5.3168323, 8.9847309 ], [ 5.3164933, 8.9851569 ], [ 5.316216, 8.9855404 ], [ 5.3157724, 8.9859055 ], [ 5.3155937, 8.9859908 ] ] } },
{ "type": "Feature", "properties": { "name": null, "waterway": "river" }, "geometry": { "type": "LineString", "coordinates": [ [ 5.3372861, 8.9783374 ], [ 5.3372524, 8.9787877 ], [ 5.3369209, 8.9791798 ], [ 5.3364398, 8.9797518 ], [ 5.3360102, 8.9803699 ], [ 5.3355572, 8.9807573 ], [ 5.3350062, 8.9812601 ], [ 5.334726, 8.9815969 ], [ 5.334315, 8.9819566 ], [ 5.3339648, 8.9823211 ], [ 5.3333343, 8.9828654 ], [ 5.3328907, 8.9832251 ], [ 5.3323396, 8.9835573 ], [ 5.3316344, 8.9840462 ], [ 5.3312095, 8.9843645 ], [ 5.3307238, 8.9847704 ], [ 5.3297244, 8.9855223 ], [ 5.329122, 8.9861081 ] ] } },
{ "type": "Feature", "properties": { "name": null, "waterway": "river" }, "geometry": { "type": "LineString", "coordinates": [ [ 5.3709797, 8.9868362 ], [ 5.3698587, 8.9864042 ], [ 5.3686634, 8.9864845 ], [ 5.3676877, 8.9866933 ], [ 5.3668096, 8.987135 ], [ 5.3660453, 8.9877775 ], [ 5.3655493, 8.988942 ], [ 5.3649313, 8.9904117 ], [ 5.3642239, 8.9914557 ], [ 5.3635816, 8.9923793 ], [ 5.3630287, 8.9930298 ], [ 5.3624514, 8.9935277 ], [ 5.3619819, 8.9937865 ], [ 5.3617115, 8.9938409 ], [ 5.3613314, 8.9939176 ] ] } },
{ "type": "Feature", "properties": { "name": null, "waterway": "river" }, "geometry": { "type": "LineString", "coordinates": [ [ 5.2527358, 8.9830658 ], [ 5.253339, 8.984297 ], [ 5.2535374, 8.9848316 ], [ 5.2533931, 8.9852594 ], [ 5.2532127, 8.9857584 ], [ 5.2529059, 8.9862574 ], [ 5.2524548, 8.9865069 ], [ 5.2520398, 8.9867743 ], [ 5.2516248, 8.9870594 ], [ 5.2512459, 8.9873446 ], [ 5.2511196, 8.9877901 ], [ 5.2509752, 8.9881466 ], [ 5.2507587, 8.9884139 ], [ 5.2505422, 8.9886278 ], [ 5.2503965, 8.9887237 ], [ 5.2502174, 8.9888416 ], [ 5.250037, 8.9890911 ], [ 5.2497844, 8.9892872 ], [ 5.2495498, 8.9895723 ], [ 5.2493513, 8.9898218 ], [ 5.2490807, 8.9900713 ], [ 5.2489183, 8.9904813 ], [ 5.2486476, 8.9906951 ], [ 5.2482506, 8.990802 ], [ 5.2477996, 8.9910159 ], [ 5.2473665, 8.9911585 ], [ 5.2469876, 8.991408 ], [ 5.2466989, 8.9916219 ], [ 5.2464824, 8.9918001 ], [ 5.2463147, 8.9919493 ], [ 5.2463683, 8.992193 ], [ 5.2464863, 8.9924791 ], [ 5.246422, 8.9927016 ], [ 5.2463254, 8.9931149 ], [ 5.2462396, 8.993454 ], [ 5.246261, 8.9937189 ], [ 5.2463039, 8.9939097 ], [ 5.2461001, 8.9941216 ], [ 5.2460357, 8.994376 ], [ 5.246025, 8.9945985 ], [ 5.2461216, 8.9947574 ], [ 5.2460465, 8.9949906 ], [ 5.2459606, 8.9952555 ], [ 5.2458319, 8.9954145 ], [ 5.2458426, 8.9955946 ], [ 5.2459606, 8.9956688 ], [ 5.2460357, 8.9957536 ], [ 5.2461216, 8.9958807 ], [ 5.2459606, 8.9959655 ], [ 5.2459284, 8.996135 ], [ 5.2460894, 8.9962834 ], [ 5.2462396, 8.9964212 ], [ 5.2463469, 8.9965073 ], [ 5.2464112, 8.9965589 ], [ 5.2464649, 8.9967391 ], [ 5.2464649, 8.996951 ], [ 5.2464005, 8.9971735 ], [ 5.2463424, 8.9974167 ] ] } },
{ "type": "Feature", "properties": { "name": null, "waterway": "river" }, "geometry": { "type": "LineString", "coordinates": [ [ 5.3496151, 8.9917784 ], [ 5.3491162, 8.9917413 ], [ 5.3485797, 8.9915347 ], [ 5.3482042, 8.9911479 ], [ 5.3476517, 8.9908406 ], [ 5.3470026, 8.9905757 ], [ 5.3463857, 8.9904485 ], [ 5.3459619, 8.9903001 ], [ 5.3454469, 8.9900935 ], [ 5.3447549, 8.989924 ], [ 5.3439181, 8.9898975 ], [ 5.3430276, 8.989871 ], [ 5.3423409, 8.9899557 ], [ 5.341783, 8.9901306 ], [ 5.3411983, 8.9904326 ], [ 5.3408818, 8.9906234 ] ] } },
{ "type": "Feature", "properties": { "name": null, "waterway": "river" }, "geometry": { "type": "LineString", "coordinates": [ [ 5.3489177, 8.9925096 ], [ 5.3481023, 8.9929229 ], [ 5.3475981, 8.9931348 ], [ 5.3472708, 8.9932408 ], [ 5.3469329, 8.9932832 ], [ 5.3466271, 8.9932143 ], [ 5.3463911, 8.993066 ], [ 5.3462409, 8.9928328 ], [ 5.3462033, 8.992499 ], [ 5.3461497, 8.9921546 ], [ 5.3460531, 8.9918314 ], [ 5.3458224, 8.9915983 ], [ 5.3455381, 8.9914552 ], [ 5.3451841, 8.9914711 ], [ 5.3448354, 8.9915718 ], [ 5.3445242, 8.9917519 ], [ 5.3441219, 8.992091 ], [ 5.343843, 8.9924089 ], [ 5.3434514, 8.9926951 ], [ 5.3432582, 8.9928063 ], [ 5.3429256, 8.9928328 ], [ 5.3423141, 8.9927957 ], [ 5.3414773, 8.9927798 ], [ 5.3406672, 8.9926156 ], [ 5.3401898, 8.9924195 ], [ 5.3399162, 8.9921917 ], [ 5.3395353, 8.9918632 ], [ 5.3389613, 8.9916831 ], [ 5.3382103, 8.9916248 ], [ 5.3373359, 8.9917095 ], [ 5.3366385, 8.9918314 ], [ 5.3359036, 8.9919957 ], [ 5.3346966, 8.9923825 ] ] } },
{ "type": "Feature", "properties": { "name": null, "waterway": "river" }, "geometry": { "type": "LineString", "coordinates": [ [ 5.3613314, 8.9939176 ], [ 5.36082, 8.993802 ], [ 5.359908, 8.9934733 ], [ 5.3593349, 8.9932299 ], [ 5.3582319, 8.992536 ], [ 5.3569995, 8.9919396 ], [ 5.3560074, 8.9917631 ], [ 5.3550892, 8.9915135 ], [ 5.3545285, 8.9915318 ], [ 5.3536596, 8.9917752 ], [ 5.3529811, 8.9923288 ], [ 5.3525412, 8.9928799 ], [ 5.3520048, 8.9934733 ], [ 5.3510928, 8.9945118 ], [ 5.3505139, 8.9951338 ], [ 5.350477, 8.9951735 ], [ 5.3504866, 8.9956748 ], [ 5.3505188, 8.9961596 ], [ 5.3505778, 8.9966418 ], [ 5.3507495, 8.9975849 ] ] } },
{ "type": "Feature", "properties": { "name": null, "waterway": "river" }, "geometry": { "type": "LineString", "coordinates": [ [ 5.2442874, 8.9975646 ], [ 5.2441825, 8.9976267 ], [ 5.2441653, 8.9976369 ], [ 5.2440254, 8.9977037 ], [ 5.2439196, 8.9977536 ], [ 5.243624, 8.9978931 ], [ 5.243448, 8.9979354 ], [ 5.2433353, 8.9979488 ], [ 5.2432766, 8.9979454 ], [ 5.2432431, 8.9979435 ], [ 5.243218, 8.9979421 ], [ 5.243112, 8.9979332 ], [ 5.2430014, 8.9979176 ], [ 5.2428413, 8.9979243 ], [ 5.2427218, 8.9979376 ], [ 5.2426268, 8.9979262 ] ] } },
{ "type": "Feature", "properties": { "name": null, "waterway": "river" }, "geometry": { "type": "LineString", "coordinates": [ [ 5.2463424, 8.9974167 ], [ 5.2462929, 8.9976279 ], [ 5.2460669, 8.9976658 ], [ 5.2456141, 8.9974616 ], [ 5.2450072, 8.9975366 ], [ 5.2446488, 8.9976049 ], [ 5.2444238, 8.9976105 ], [ 5.2442874, 8.9975646 ], [ 5.2442486, 8.9975516 ], [ 5.2439451, 8.9974916 ], [ 5.2434788, 8.9974935 ], [ 5.2426835, 8.9978708 ], [ 5.2426268, 8.9979262 ], [ 5.2420692, 8.9984726 ] ] } },
{ "type": "Feature", "properties": { "name": null, "waterway": "river" }, "geometry": { "type": "LineString", "coordinates": [ [ 5.2543644, 8.995047 ], [ 5.2551684, 8.9962916 ], [ 5.256261, 8.9970372 ], [ 5.2576114, 8.9967916 ], [ 5.2584024, 8.9960113 ], [ 5.2595047, 8.9953023 ], [ 5.2607515, 8.9957517 ], [ 5.2625222, 8.9962288 ], [ 5.264329, 8.9962247 ], [ 5.2660003, 8.9966215 ], [ 5.2667637, 8.9970784 ], [ 5.2675785, 8.9969771 ], [ 5.2679783, 8.9967065 ], [ 5.2691268, 8.996742 ], [ 5.2720538, 8.9989023 ], [ 5.2739421, 8.9995805 ], [ 5.2749399, 9.0007356 ], [ 5.2751786, 9.0015568 ], [ 5.2752336, 9.0022959 ], [ 5.2754542, 9.0026973 ], [ 5.2758971, 9.0027708 ], [ 5.2766013, 9.0026486 ], [ 5.2772841, 9.0026536 ], [ 5.2786091, 9.0033317 ], [ 5.280154, 9.0037026 ], [ 5.2818921, 9.003798 ], [ 5.2850679, 9.0036072 ], [ 5.2864037, 9.0037662 ], [ 5.2877582, 9.0036231 ], [ 5.2884616, 9.0032562 ], [ 5.2893283, 9.0025217 ], [ 5.2907528, 9.0019568 ], [ 5.2909926, 9.0019799 ], [ 5.2944208, 9.0050346 ] ] } },
{ "type": "Feature", "properties": { "name": null, "waterway": "river" }, "geometry": { "type": "LineString", "coordinates": [ [ 5.314264173292007, 8.997032504113374 ], [ 5.3142714, 8.9968961 ], [ 5.3141212, 8.9947026 ] ] } },
{ "type": "Feature", "properties": { "name": null, "waterway": "river" }, "geometry": { "type": "LineString", "coordinates": [ [ 5.2617371, 9.0026804 ], [ 5.2618093, 9.00252 ], [ 5.261895, 9.0023952 ], [ 5.2619672, 9.0022616 ], [ 5.2620303, 9.0021591 ], [ 5.2620709, 9.0020388 ], [ 5.2621025, 9.0018784 ], [ 5.2620935, 9.0017314 ], [ 5.26208, 9.0016066 ], [ 5.2621025, 9.0014373 ], [ 5.2621296, 9.0013571 ] ] } },
{ "type": "Feature", "properties": { "name": null, "waterway": "river" }, "geometry": { "type": "LineString", "coordinates": [ [ 5.2420692, 8.9984726 ], [ 5.2416459, 8.9987623 ], [ 5.2408652, 8.9990507 ], [ 5.2408638, 8.9992459 ], [ 5.2408568, 8.9994899 ], [ 5.2408255, 8.9995613 ], [ 5.2408032, 8.999612 ], [ 5.2406101, 9.0000516 ], [ 5.2398993, 9.001135 ], [ 5.2397091, 9.0013162 ], [ 5.2394192, 9.0012278 ], [ 5.2392368, 9.0012384 ], [ 5.2392904, 9.0015351 ], [ 5.2394728, 9.0018424 ], [ 5.2395479, 9.0022557 ], [ 5.2386359, 9.0033153 ], [ 5.2379493, 9.0043962 ], [ 5.2377884, 9.0055088 ], [ 5.2376152, 9.0065416 ] ] } },
{ "type": "Feature", "properties": { "name": null, "waterway": "river" }, "geometry": { "type": "LineString", "coordinates": [ [ 5.2617371, 9.0026804 ], [ 5.2616887, 9.0028353 ], [ 5.2615682, 9.0029546 ], [ 5.2613722, 9.0031976 ], [ 5.2611191, 9.0031259 ], [ 5.2607718, 9.0032997 ], [ 5.2605011, 9.003469 ], [ 5.2601944, 9.0035937 ], [ 5.2599147, 9.0034779 ], [ 5.2597523, 9.003567 ], [ 5.2596892, 9.0036828 ], [ 5.2594366, 9.0036204 ], [ 5.2592651, 9.0033799 ], [ 5.2590486, 9.0031036 ], [ 5.258787, 9.0029521 ], [ 5.2584893, 9.0028452 ], [ 5.2583271, 9.0026732 ], [ 5.2582457, 9.0025868 ], [ 5.2581013, 9.0023106 ], [ 5.2578938, 9.0020433 ], [ 5.2577044, 9.0018294 ], [ 5.2573886, 9.0017759 ], [ 5.2571991, 9.0018472 ], [ 5.2568375, 9.002328 ] ] } },
{ "type": "Feature", "properties": { "name": null, "waterway": "river" }, "geometry": { "type": "LineString", "coordinates": [ [ 5.2528975, 8.9989154 ], [ 5.2527838, 9.0000881 ], [ 5.2522832, 9.0006885 ], [ 5.2511748, 9.0012712 ], [ 5.2492619, 9.0019068 ], [ 5.2479568, 9.0028074 ], [ 5.2477722, 9.003491 ], [ 5.2480941, 9.0038936 ], [ 5.2484194, 9.0042081 ], [ 5.2491026, 9.0048685 ], [ 5.249682, 9.0051652 ], [ 5.2501755, 9.0058434 ], [ 5.2504587, 9.0060714 ], [ 5.2509114, 9.0067284 ] ] } },
{ "type": "Feature", "properties": { "name": null, "waterway": "river" }, "geometry": { "type": "LineString", "coordinates": [ [ 5.2479568, 9.0028074 ], [ 5.2473132, 9.0032135 ], [ 5.2468484, 9.0038139 ], [ 5.2468662, 9.0046438 ], [ 5.2475635, 9.005509 ], [ 5.2484904, 9.0058905 ], [ 5.2487331, 9.0060104 ], [ 5.2489911, 9.0059954 ], [ 5.2492642, 9.0059655 ], [ 5.2495828, 9.0060254 ], [ 5.2504587, 9.0060714 ] ] } },
{ "type": "Feature", "properties": { "name": null, "waterway": "river" }, "geometry": { "type": "LineString", "coordinates": [ [ 5.2408255, 8.9995613 ], [ 5.240916, 8.9995583 ], [ 5.2410072, 8.9995742 ], [ 5.2410796, 8.9995769 ], [ 5.2411574, 8.9995981 ], [ 5.2411788, 8.9996669 ], [ 5.2412137, 8.9997597 ], [ 5.2412781, 8.9997994 ], [ 5.241528, 8.9999194 ], [ 5.2415505, 9.0003592 ], [ 5.2414174, 9.0007427 ], [ 5.2412782, 9.001102 ], [ 5.2411698, 9.0016646 ], [ 5.2411365, 9.0020576 ], [ 5.2408381, 9.0023168 ], [ 5.2399459, 9.0031253 ], [ 5.2396245, 9.0036936 ], [ 5.2391439, 9.0044787 ], [ 5.2376152, 9.0065416 ], [ 5.2371165, 9.0072905 ], [ 5.235092, 9.0091642 ], [ 5.2339194, 9.0103346 ] ] } },
{ "type": "Feature", "properties": { "name": null, "waterway": "river" }, "geometry": { "type": "LineString", "coordinates": [ [ 5.2578114, 9.0033237 ], [ 5.2582327, 9.0035779 ], [ 5.258738, 9.00397 ], [ 5.2589906, 9.0043442 ], [ 5.2590267, 9.004665 ], [ 5.2587741, 9.004968 ], [ 5.2586117, 9.005467 ], [ 5.2586477, 9.005966 ], [ 5.2585034, 9.006358 ], [ 5.2583951, 9.0067323 ], [ 5.2582327, 9.0068214 ], [ 5.2580703, 9.0067145 ], [ 5.2577456, 9.0071065 ] ] } },
{ "type": "Feature", "properties": { "name": null, "waterway": "river" }, "geometry": { "type": "LineString", "coordinates": [ [ 5.2577456, 9.0071065 ], [ 5.257415, 9.0072244 ], [ 5.2569858, 9.0074364 ], [ 5.2563421, 9.0077331 ], [ 5.2559558, 9.008051 ], [ 5.2557842, 9.008496 ], [ 5.2554838, 9.0087291 ], [ 5.255119, 9.0086656 ], [ 5.2550155, 9.0089774 ], [ 5.2549885, 9.0091784 ] ] } },
{ "type": "Feature", "properties": { "name": null, "waterway": "river" }, "geometry": { "type": "LineString", "coordinates": [ [ 5.2329468, 9.0092473 ], [ 5.2337332, 9.0088186 ], [ 5.235092, 9.0091642 ] ] } },
{ "type": "Feature", "properties": { "name": null, "waterway": "river" }, "geometry": { "type": "LineString", "coordinates": [ [ 5.2289002, 9.00988 ], [ 5.2293914, 9.0094137 ], [ 5.2299017, 9.0092121 ], [ 5.2307119, 9.0090609 ], [ 5.2312944, 9.0091027 ] ] } },
{ "type": "Feature", "properties": { "name": null, "waterway": "river" }, "geometry": { "type": "LineString", "coordinates": [ [ 5.2518233, 9.0085995 ], [ 5.2522753, 9.0083888 ], [ 5.2530263, 9.0084312 ], [ 5.2539704, 9.0086855 ], [ 5.2549543, 9.0091618 ], [ 5.2549885, 9.0091784 ], [ 5.2550648, 9.0092153 ], [ 5.2558158, 9.0098087 ], [ 5.2563308, 9.0104869 ], [ 5.2565376, 9.0109821 ] ] } },
{ "type": "Feature", "properties": { "name": null, "waterway": "river" }, "geometry": { "type": "LineString", "coordinates": [ [ 5.2260009, 9.0118916 ], [ 5.2266291, 9.0112409 ], [ 5.2270182, 9.0109448 ], [ 5.2279751, 9.0103273 ], [ 5.2285748, 9.0101824 ], [ 5.2289002, 9.00988 ] ] } },
{ "type": "Feature", "properties": { "name": null, "waterway": "river" }, "geometry": { "type": "LineString", "coordinates": [ [ 5.2339194, 9.0103346 ], [ 5.233607, 9.0109109 ], [ 5.2321532, 9.0115599 ], [ 5.2313754, 9.012548 ], [ 5.2324778, 9.0128461 ], [ 5.232915, 9.0131441 ], [ 5.2344599, 9.0137639 ], [ 5.2352935, 9.014441 ] ] } },
{ "type": "Feature", "properties": { "name": null, "waterway": "stream" }, "geometry": { "type": "LineString", "coordinates": [ [ 4.7077766, 8.3086482 ], [ 4.7084551, 8.3102959 ], [ 4.7093244, 8.3113334 ], [ 4.710658, 8.3124725 ], [ 4.7125733, 8.313992 ] ] } },
{ "type": "Feature", "properties": { "name": null, "waterway": "river" }, "geometry": { "type": "LineString", "coordinates": [ [ 4.6621728, 8.3808563 ], [ 4.6622372, 8.3806228 ], [ 4.6617114, 8.3801451 ], [ 4.6617919, 8.3796622 ], [ 4.6622264, 8.3793809 ], [ 4.6624732, 8.3793756 ], [ 4.6630043, 8.3787441 ], [ 4.6627521, 8.3785848 ], [ 4.662779, 8.3780329 ], [ 4.6626127, 8.3773217 ], [ 4.6623015, 8.3767379 ], [ 4.6624786, 8.3764567 ], [ 4.6622908, 8.3761223 ], [ 4.6626234, 8.3756394 ], [ 4.662779, 8.3752466 ], [ 4.6624249, 8.3743656 ], [ 4.6626878, 8.3741003 ], [ 4.6627146, 8.3736545 ], [ 4.6630311, 8.3734899 ], [ 4.6631652, 8.3731184 ], [ 4.6631223, 8.372662 ], [ 4.6635139, 8.3721843 ], [ 4.6635461, 8.3719986 ], [ 4.6633315, 8.3715156 ], [ 4.6630472, 8.371245 ], [ 4.6632189, 8.3710592 ], [ 4.6629023, 8.370486 ], [ 4.6628219, 8.3701039 ], [ 4.6630526, 8.3698545 ], [ 4.6629882, 8.3693184 ], [ 4.6631116, 8.3687983 ], [ 4.6636856, 8.3683366 ], [ 4.6636695, 8.3676997 ], [ 4.6635622, 8.3672433 ], [ 4.6641576, 8.3665586 ], [ 4.6637016, 8.365667 ], [ 4.6636748, 8.3654919 ], [ 4.6646565, 8.3651575 ], [ 4.6651715, 8.3642022 ], [ 4.6651339, 8.3639262 ], [ 4.6639538, 8.3639103 ], [ 4.6632725, 8.3636502 ], [ 4.6628165, 8.3635441 ], [ 4.6629506, 8.3631938 ], [ 4.6636265, 8.3632681 ], [ 4.6638304, 8.3629602 ], [ 4.6635729, 8.3626683 ], [ 4.6635514, 8.3624083 ], [ 4.6636212, 8.3622437 ], [ 4.6632832, 8.3621907 ], [ 4.662956, 8.3616387 ], [ 4.6628326, 8.3613203 ], [ 4.6623337, 8.3613946 ], [ 4.6619475, 8.3610814 ], [ 4.6623337, 8.3606303 ], [ 4.6622372, 8.3604286 ], [ 4.6615452, 8.3606038 ], [ 4.6610731, 8.3606462 ], [ 4.6606117, 8.3601314 ], [ 4.6604615, 8.3597493 ], [ 4.6607888, 8.359468 ], [ 4.661293, 8.3595582 ], [ 4.6622425, 8.3587727 ], [ 4.6619046, 8.3580933 ], [ 4.6616149, 8.3573344 ], [ 4.6617114, 8.3568036 ], [ 4.6615183, 8.3564693 ] ] } },
{ "type": "Feature", "properties": { "name": null, "waterway": "stream" }, "geometry": { "type": "LineString", "coordinates": [ [ 4.6134934, 8.4164337 ], [ 4.6133807, 8.4162081 ], [ 4.6132386, 8.4160383 ], [ 4.6130937, 8.4158951 ], [ 4.6130066, 8.4158433 ], [ 4.6129543, 8.4157544 ], [ 4.6127987, 8.4156165 ], [ 4.6126968, 8.4155315 ], [ 4.6125975, 8.4154519 ], [ 4.6123736, 8.4153034 ], [ 4.6121979, 8.4152065 ] ] } },
{ "type": "Feature", "properties": { "name": null, "waterway": "river" }, "geometry": { "type": "LineString", "coordinates": [ [ 4.5746387, 8.4464595 ], [ 4.5750278, 8.4458526 ], [ 4.5757306, 8.4452371 ], [ 4.5762509, 8.4444358 ], [ 4.5768142, 8.4441068 ], [ 4.5774338, 8.4435232 ], [ 4.5786971, 8.4432738 ], [ 4.5790887, 8.4430933 ], [ 4.5792483, 8.4429103 ], [ 4.5793462, 8.4427537 ], [ 4.5800167, 8.4426078 ], [ 4.5804164, 8.4421196 ], [ 4.5804191, 8.4419605 ], [ 4.580816, 8.441528 ], [ 4.5810889, 8.4413584 ], [ 4.5812229, 8.4412865 ], [ 4.5816851, 8.4409682 ], [ 4.5820769, 8.4403954 ], [ 4.5821377, 8.4403512 ], [ 4.582479, 8.4401404 ], [ 4.5828974, 8.4402279 ], [ 4.583053, 8.4400608 ], [ 4.5832327, 8.4398432 ], [ 4.5833319, 8.4394612 ], [ 4.583914, 8.4383495 ], [ 4.5838925, 8.4377326 ] ] } },
{ "type": "Feature", "properties": { "name": null, "waterway": "river" }, "geometry": { "type": "LineString", "coordinates": [ [ 4.5739067, 8.4473065 ], [ 4.5742339, 8.446756 ], [ 4.574486, 8.4466976 ], [ 4.5746387, 8.4464595 ] ] } },
{ "type": "Feature", "properties": { "name": null, "waterway": "river" }, "geometry": { "type": "LineString", "coordinates": [ [ 4.5606217, 8.455096 ], [ 4.5611984, 8.4547617 ], [ 4.5615792, 8.4546503 ], [ 4.5619333, 8.4547909 ], [ 4.5626065, 8.4547803 ], [ 4.5629498, 8.4549076 ], [ 4.5630035, 8.454897 ], [ 4.5631134, 8.4548705 ], [ 4.5632583, 8.4547935 ], [ 4.5638698, 8.4542364 ], [ 4.5642534, 8.4541966 ], [ 4.5645645, 8.4539711 ], [ 4.5648515, 8.4540082 ], [ 4.565387, 8.4538988 ], [ 4.5657447, 8.4535466 ], [ 4.5662892, 8.4535413 ], [ 4.5667532, 8.4533105 ], [ 4.5676732, 8.4530239 ], [ 4.5680541, 8.452687 ], [ 4.5685583, 8.452427 ], [ 4.5688158, 8.4521272 ], [ 4.569473, 8.4518353 ], [ 4.5701677, 8.4519017 ], [ 4.5706826, 8.4516947 ], [ 4.5708543, 8.4515753 ], [ 4.5709375, 8.4514241 ], [ 4.5709589, 8.4511482 ], [ 4.5711708, 8.4510898 ], [ 4.571785, 8.450607 ], [ 4.5722678, 8.4504 ], [ 4.5726809, 8.4500021 ], [ 4.5731395, 8.4489461 ], [ 4.573271, 8.4484208 ], [ 4.5736223, 8.4482669 ], [ 4.5739174, 8.4479963 ], [ 4.5739844, 8.4477894 ], [ 4.5739067, 8.4473065 ] ] } },
{ "type": "Feature", "properties": { "name": null, "waterway": "river" }, "geometry": { "type": "LineString", "coordinates": [ [ 4.5806647, 8.4587859 ], [ 4.5816823, 8.4588063 ], [ 4.5820874, 8.4587943 ], [ 4.5829912, 8.4587806 ], [ 4.5832306, 8.4585953 ], [ 4.5833267, 8.4584353 ], [ 4.5843083, 8.4584388 ], [ 4.5854804, 8.4580793 ], [ 4.5860517, 8.4578976 ], [ 4.5868456, 8.4579506 ], [ 4.5874143, 8.4577331 ], [ 4.5877683, 8.4576747 ], [ 4.5879936, 8.4577437 ], [ 4.5887715, 8.4576429 ], [ 4.5890933, 8.4576588 ], [ 4.5893723, 8.4574572 ], [ 4.5894849, 8.4574625 ], [ 4.5896512, 8.4576164 ], [ 4.5898712, 8.4576641 ], [ 4.5903593, 8.4574041 ], [ 4.5906866, 8.4573511 ], [ 4.5909065, 8.4573988 ], [ 4.5909864, 8.4572819 ], [ 4.5913786, 8.4570911 ], [ 4.5914698, 8.45716 ], [ 4.5915019, 8.4572715 ], [ 4.5920652, 8.4571176 ], [ 4.5923549, 8.4573245 ], [ 4.5925105, 8.4572356 ], [ 4.592607, 8.4569425 ], [ 4.5927304, 8.4568417 ], [ 4.5930791, 8.4567462 ], [ 4.5934653, 8.4568682 ], [ 4.5940232, 8.456656 ], [ 4.5941573, 8.456656 ], [ 4.5943558, 8.4565764 ], [ 4.5945436, 8.4568523 ], [ 4.5949835, 8.4567515 ], [ 4.5953697, 8.4565658 ], [ 4.5956916, 8.45664 ], [ 4.5962441, 8.4566772 ], [ 4.5974296, 8.4570738 ], [ 4.5979446, 8.4572715 ], [ 4.5981163, 8.4572768 ], [ 4.5983174, 8.4572338 ], [ 4.5990604, 8.4570751 ], [ 4.5992911, 8.4570645 ], [ 4.5998275, 8.4572237 ], [ 4.6001601, 8.4572396 ], [ 4.6010506, 8.4570274 ] ] } },
{ "type": "Feature", "properties": { "name": null, "waterway": "river" }, "geometry": { "type": "LineString", "coordinates": [ [ 4.6010506, 8.4570274 ], [ 4.6018875, 8.4570115 ], [ 4.6022093, 8.4571255 ], [ 4.6022952, 8.4572662 ], [ 4.6025231, 8.4571309 ], [ 4.602837, 8.4571255 ], [ 4.6029013, 8.4574943 ], [ 4.6031749, 8.457956 ], [ 4.6033962, 8.4580223 ], [ 4.6036309, 8.4586829 ], [ 4.603942, 8.4588049 ], [ 4.6041878, 8.4588049 ], [ 4.6046233, 8.4588049 ], [ 4.6049935, 8.4593514 ], [ 4.605198, 8.4594775 ], [ 4.6060717, 8.4605082 ], [ 4.6063614, 8.461198 ] ] } },
{ "type": "Feature", "properties": { "name": null, "waterway": "river" }, "geometry": { "type": "LineString", "coordinates": [ [ 4.6621728, 8.3808563 ], [ 4.6609926, 8.381992 ], [ 4.6616203, 8.3841255 ], [ 4.662795, 8.3857919 ], [ 4.6637177, 8.3851551 ], [ 4.6646833, 8.3855 ], [ 4.6631169, 8.3864924 ], [ 4.6628165, 8.3875539 ], [ 4.6633422, 8.3882225 ], [ 4.6644258, 8.3880527 ], [ 4.6651232, 8.3879784 ], [ 4.6642971, 8.3886896 ], [ 4.6645975, 8.3893689 ], [ 4.6657348, 8.3891884 ], [ 4.6661424, 8.3924788 ], [ 4.6626019, 8.3959813 ], [ 4.6621942, 8.4039735 ], [ 4.6695864, 8.4104477 ], [ 4.6753693, 8.4218358 ], [ 4.6714747, 8.4248128 ], [ 4.6740603, 8.4303368 ], [ 4.66997, 8.43195 ], [ 4.6671671, 8.4412308 ], [ 4.6612286, 8.4433693 ], [ 4.6695971, 8.4524535 ], [ 4.6681273, 8.4551915 ], [ 4.6686854, 8.4565047 ], [ 4.6696325, 8.4574577 ], [ 4.670363, 8.4583394 ], [ 4.6712616, 8.459316 ], [ 4.6712968, 8.4600397 ], [ 4.6710631, 8.4613133 ], [ 4.6704136, 8.4624855 ], [ 4.6694044, 8.4633133 ], [ 4.6687174, 8.4640897 ], [ 4.6684783, 8.4647567 ], [ 4.6684517, 8.4654377 ], [ 4.6677861, 8.4662133 ], [ 4.6669365, 8.4666948 ], [ 4.6654561, 8.466819 ], [ 4.6650374, 8.4668541 ], [ 4.6644312, 8.4669974 ], [ 4.6637928, 8.4673476 ], [ 4.6635136, 8.4675559 ], [ 4.6632349, 8.4676713 ], [ 4.6630311, 8.4677774 ], [ 4.6627843, 8.4678835 ], [ 4.6626395, 8.4680639 ], [ 4.6624274, 8.4683043 ], [ 4.6620065, 8.4688014 ], [ 4.6614701, 8.4692365 ], [ 4.6614701, 8.4694859 ], [ 4.6616256, 8.4697193 ], [ 4.6616203, 8.4700483 ], [ 4.6615344, 8.4702075 ], [ 4.6614647, 8.4704462 ], [ 4.6613413, 8.4706903 ], [ 4.6609336, 8.4709344 ], [ 4.6604132, 8.471014 ], [ 4.6592974, 8.4707593 ], [ 4.6582889, 8.4704834 ], [ 4.6576989, 8.4703826 ], [ 4.6573877, 8.4703454 ], [ 4.6570873, 8.470441 ], [ 4.6569586, 8.4705471 ], [ 4.6563631, 8.4706267 ], [ 4.6561271, 8.4707115 ], [ 4.6559232, 8.4709768 ], [ 4.6558535, 8.4711095 ], [ 4.6557677, 8.4714172 ], [ 4.6555155, 8.4718311 ], [ 4.6552366, 8.4720539 ], [ 4.6549845, 8.472176 ], [ 4.6547431, 8.4722237 ], [ 4.6545178, 8.472229 ], [ 4.6543354, 8.4721282 ], [ 4.6540993, 8.4722449 ], [ 4.6538687, 8.4722821 ], [ 4.6533966, 8.4723351 ], [ 4.6531445, 8.4723988 ], [ 4.6529514, 8.4724147 ], [ 4.6528655, 8.472558 ], [ 4.6528548, 8.4727225 ], [ 4.6527582, 8.4732106 ], [ 4.6527851, 8.4735184 ], [ 4.6528172, 8.4736086 ], [ 4.6529674, 8.4737094 ], [ 4.653123, 8.4739269 ], [ 4.6532142, 8.4741551 ], [ 4.6533644, 8.4743991 ], [ 4.6535736, 8.474553 ], [ 4.6539599, 8.4747652 ], [ 4.6542603, 8.4750146 ], [ 4.6544748, 8.4751844 ], [ 4.6545392, 8.4754444 ], [ 4.6544641, 8.4756142 ], [ 4.6543997, 8.4757521 ], [ 4.6540784, 8.4762466 ], [ 4.6537735, 8.4767733 ], [ 4.653135, 8.4770347 ], [ 4.652834, 8.477967 ], [ 4.6528833, 8.4788813 ], [ 4.652632, 8.4794037 ], [ 4.6524026, 8.4798808 ], [ 4.6531544, 8.4815873 ], [ 4.6531544, 8.4822672 ], [ 4.6528576, 8.4831839 ], [ 4.6531585, 8.4848526 ], [ 4.6537358, 8.4859785 ], [ 4.6544156, 8.4868212 ], [ 4.6546505, 8.4871124 ], [ 4.6542073, 8.4879649 ], [ 4.6538089, 8.4881458 ], [ 4.6534226, 8.48867 ], [ 4.6530771, 8.489139 ], [ 4.6526665, 8.4902729 ], [ 4.6517355, 8.4909082 ], [ 4.650772, 8.4916118 ], [ 4.6506419, 8.4924321 ], [ 4.6506094, 8.4935177 ], [ 4.6505403, 8.494334 ], [ 4.6499061, 8.4947079 ], [ 4.64891, 8.4948486 ], [ 4.646239, 8.4952909 ], [ 4.6459829, 8.4957051 ], [ 4.6452593, 8.4961715 ], [ 4.6449421, 8.4969797 ], [ 4.6442022, 8.4977075 ], [ 4.6432387, 8.4983669 ], [ 4.6427265, 8.5005783 ], [ 4.6424785, 8.5020982 ], [ 4.6418199, 8.5027496 ], [ 4.641271, 8.5027415 ], [ 4.6404213, 8.5034693 ], [ 4.6392871, 8.5039719 ], [ 4.6384415, 8.5039116 ], [ 4.6375064, 8.5041287 ], [ 4.636299, 8.5042373 ], [ 4.6351932, 8.5041729 ], [ 4.6345711, 8.5044463 ], [ 4.6344654, 8.5050092 ], [ 4.6342174, 8.5064728 ], [ 4.6337946, 8.5073051 ], [ 4.6339816, 8.5080007 ], [ 4.6339776, 8.5089858 ], [ 4.6334287, 8.5099869 ], [ 4.6325221, 8.511177 ], [ 4.6319611, 8.5122707 ], [ 4.631892, 8.5128577 ], [ 4.6318147, 8.5133683 ], [ 4.6310789, 8.5138066 ], [ 4.6308821, 8.5144721 ], [ 4.6306407, 8.5147798 ], [ 4.6306354, 8.5152361 ], [ 4.6304476, 8.5156976 ], [ 4.6297288, 8.5155915 ], [ 4.6285701, 8.5159311 ], [ 4.6284145, 8.5162547 ], [ 4.6284574, 8.5166314 ], [ 4.628275, 8.5169603 ], [ 4.6276152, 8.5168807 ], [ 4.6273202, 8.5170558 ], [ 4.6269554, 8.5176818 ], [ 4.6264136, 8.5177455 ], [ 4.6262097, 8.517963 ], [ 4.6261668, 8.5181858 ], [ 4.6252871, 8.5190081 ], [ 4.6245038, 8.5191354 ], [ 4.6238708, 8.5197933 ], [ 4.6232057, 8.5197774 ], [ 4.6222132, 8.5194166 ], [ 4.6214783, 8.5195121 ], [ 4.620899, 8.519528 ], [ 4.6200138, 8.519788 ], [ 4.61959, 8.5198357 ], [ 4.6182543, 8.5199047 ], [ 4.6176803, 8.5198622 ], [ 4.6169883, 8.5201169 ], [ 4.6162695, 8.5200479 ], [ 4.6158779, 8.5205838 ], [ 4.6154809, 8.5206846 ], [ 4.6149069, 8.5206103 ], [ 4.6141881, 8.5210824 ], [ 4.6137804, 8.5211037 ], [ 4.6132171, 8.5205466 ], [ 4.6128845, 8.5204936 ], [ 4.612171, 8.5207429 ], [ 4.611538, 8.5205944 ], [ 4.6104813, 8.5210771 ], [ 4.6101057, 8.5216925 ], [ 4.6098053, 8.5214856 ], [ 4.6096927, 8.5210612 ], [ 4.6093494, 8.5206156 ], [ 4.6092635, 8.5205519 ], [ 4.6087271, 8.5204299 ], [ 4.608475, 8.5202124 ], [ 4.6082711, 8.5201116 ], [ 4.607799, 8.519475 ], [ 4.6076059, 8.5193529 ], [ 4.6071929, 8.5194962 ], [ 4.6066993, 8.5197561 ], [ 4.606297, 8.520414 ], [ 4.6061307, 8.5209498 ], [ 4.6063024, 8.5217032 ], [ 4.6069139, 8.5227058 ], [ 4.6063453, 8.523231 ], [ 4.605884, 8.5232576 ], [ 4.6057069, 8.5235759 ], [ 4.6057713, 8.5241701 ], [ 4.6054548, 8.5241754 ], [ 4.6048915, 8.5234698 ], [ 4.6044087, 8.5226263 ], [ 4.6037972, 8.5227271 ], [ 4.6028852, 8.5234167 ], [ 4.6026009, 8.523422 ], [ 4.6024185, 8.5229446 ], [ 4.6020484, 8.5230188 ], [ 4.6019572, 8.5230878 ], [ 4.6016089, 8.5232579 ], [ 4.6017212, 8.5239632 ], [ 4.6013135, 8.5243504 ], [ 4.6010989, 8.5243186 ], [ 4.6010184, 8.5243929 ], [ 4.6010774, 8.5247218 ], [ 4.6012652, 8.5248544 ], [ 4.6012759, 8.5249605 ], [ 4.6010935, 8.5255971 ], [ 4.6010882, 8.5260375 ], [ 4.601174, 8.5262391 ], [ 4.6011794, 8.5264566 ], [ 4.6010506, 8.526934 ], [ 4.6010613, 8.5270454 ], [ 4.6013027, 8.5272842 ], [ 4.601351, 8.5274911 ], [ 4.6013403, 8.5275972 ], [ 4.6012062, 8.5277669 ], [ 4.6010131, 8.5278784 ], [ 4.6007985, 8.5286052 ], [ 4.6006375, 8.5289022 ], [ 4.6006805, 8.5291357 ], [ 4.6008629, 8.5295866 ], [ 4.6008521, 8.5299208 ], [ 4.6006912, 8.5300906 ], [ 4.6006483, 8.5303081 ], [ 4.6004981, 8.5304619 ], [ 4.5998543, 8.5306423 ], [ 4.5996988, 8.5309553 ], [ 4.5998222, 8.5312524 ], [ 4.6007234, 8.5311622 ], [ 4.6009004, 8.531316 ], [ 4.6009541, 8.5314115 ], [ 4.6009541, 8.5315282 ], [ 4.6010184, 8.531629 ], [ 4.6010184, 8.5319633 ], [ 4.6009058, 8.5322869 ], [ 4.6009701, 8.5328386 ], [ 4.6008789, 8.5330296 ], [ 4.6009701, 8.5332259 ], [ 4.6013564, 8.5334593 ], [ 4.6014476, 8.5337829 ], [ 4.6014315, 8.534011 ], [ 4.6015602, 8.5341967 ], [ 4.6016246, 8.5345203 ], [ 4.601689, 8.5346158 ], [ 4.6015924, 8.5349871 ], [ 4.60141, 8.5351038 ], [ 4.6010989, 8.5354221 ], [ 4.6009809, 8.5358412 ], [ 4.6008843, 8.535889 ], [ 4.6009004, 8.5359898 ], [ 4.6010023, 8.5360216 ], [ 4.6013457, 8.5360163 ], [ 4.6016514, 8.5361914 ], [ 4.6021235, 8.5361914 ], [ 4.6021771, 8.5362816 ], [ 4.6021342, 8.5363877 ], [ 4.6019733, 8.5365415 ], [ 4.6012276, 8.5369765 ], [ 4.600997, 8.5372258 ], [ 4.6009594, 8.5373266 ], [ 4.6010131, 8.5374221 ], [ 4.6011418, 8.5376025 ], [ 4.6013296, 8.5377192 ], [ 4.6011042, 8.5384354 ] ] } },
{ "type": "Feature", "properties": { "name": null, "waterway": "river" }, "geometry": { "type": "LineString", "coordinates": [ [ 4.5785949, 8.4609176 ], [ 4.5787055, 8.4608489 ], [ 4.5787971, 8.4607863 ], [ 4.578873, 8.4607051 ], [ 4.5789931, 8.4605832 ], [ 4.5791669, 8.4604425 ], [ 4.5792143, 8.4603988 ], [ 4.5792364, 8.4602362 ], [ 4.5792933, 8.4601049 ], [ 4.5794039, 8.4599768 ], [ 4.5794607, 8.4598361 ], [ 4.5794291, 8.4597611 ], [ 4.5796504, 8.4594892 ], [ 4.580058, 8.4591266 ], [ 4.5801275, 8.4589359 ], [ 4.5802602, 8.4589328 ], [ 4.5803867, 8.4589703 ], [ 4.5805447, 8.4588891 ], [ 4.5806647, 8.4587859 ] ] } },
{ "type": "Feature", "properties": { "name": null, "waterway": "river" }, "geometry": { "type": "LineString", "coordinates": [ [ 4.543426, 8.3339067 ], [ 4.5407223, 8.328896 ], [ 4.5433616, 8.3246073 ] ] } },
{ "type": "Feature", "properties": { "name": null, "waterway": "river" }, "geometry": { "type": "LineString", "coordinates": [ [ 4.5593914, 8.4745917 ], [ 4.5580763, 8.4738367 ], [ 4.5576954, 8.4733486 ], [ 4.5580602, 8.4718417 ], [ 4.5578456, 8.469921 ], [ 4.556998, 8.4683929 ], [ 4.5567512, 8.4642436 ], [ 4.5577168, 8.4628853 ], [ 4.5584893, 8.4598502 ], [ 4.558382, 8.4594257 ], [ 4.5598197, 8.4583645 ], [ 4.5608818, 8.4559556 ], [ 4.5606217, 8.455096 ], [ 4.5602327, 8.4541197 ], [ 4.559884, 8.4523793 ], [ 4.5601219, 8.452148 ], [ 4.5602663, 8.4519428 ], [ 4.5600969, 8.4517154 ], [ 4.5598948, 8.451188 ], [ 4.5600255, 8.450648 ], [ 4.5592403, 8.4502568 ], [ 4.5585537, 8.4496625 ], [ 4.5571804, 8.4474127 ], [ 4.5570885, 8.4472357 ], [ 4.5555496, 8.4458845 ], [ 4.5549058, 8.4452053 ], [ 4.5546645, 8.4424938 ], [ 4.5544717, 8.4418914 ], [ 4.5526077, 8.4360672 ], [ 4.5497989, 8.427291 ], [ 4.552803, 8.3858557 ], [ 4.5474815, 8.3771944 ], [ 4.545164, 8.3605508 ], [ 4.5417308, 8.3523136 ], [ 4.5342635, 8.3484072 ], [ 4.5327716, 8.3441445 ], [ 4.5400142, 8.3381316 ], [ 4.543426, 8.3339067 ] ] } },
{ "type": "Feature", "properties": { "name": null, "waterway": "stream" }, "geometry": { "type": "LineString", "coordinates": [ [ 4.5306287, 8.4407125 ], [ 4.5307105, 8.4408241 ], [ 4.5306841, 8.440974 ], [ 4.5307198, 8.4410281 ], [ 4.5308153, 8.4410049 ], [ 4.5309578, 8.4407884 ], [ 4.5311317, 8.4406932 ], [ 4.531146, 8.4406756 ], [ 4.5313565, 8.4404163 ], [ 4.5317513, 8.4402932 ], [ 4.5318228, 8.4403049 ], [ 4.5319078, 8.4403036 ], [ 4.5343728, 8.4400746 ], [ 4.5359907, 8.4396629 ], [ 4.5384283, 8.4389794 ], [ 4.5409045, 8.438436 ], [ 4.5526077, 8.4360672 ] ] } },
{ "type": "Feature", "properties": { "name": null, "waterway": "stream" }, "geometry": { "type": "LineString", "coordinates": [ [ 4.4992476, 8.4337014 ], [ 4.4996296, 8.4338839 ], [ 4.4997436, 8.4339153 ], [ 4.4998914, 8.4339561 ], [ 4.5000716, 8.4340198 ], [ 4.5002347, 8.4340877 ], [ 4.5005523, 8.434232 ], [ 4.5008784, 8.4344273 ], [ 4.500991, 8.4344881 ], [ 4.5012475, 8.4346268 ], [ 4.5014878, 8.4347584 ], [ 4.5018397, 8.4348985 ], [ 4.5026122, 8.4351659 ], [ 4.5029899, 8.4351744 ], [ 4.5033117, 8.4351193 ], [ 4.5034542, 8.4352029 ], [ 4.5037023, 8.4353485 ], [ 4.5039383, 8.4353952 ], [ 4.5041443, 8.4354419 ], [ 4.5043245, 8.4354801 ], [ 4.5046121, 8.4355777 ], [ 4.5048953, 8.4355777 ], [ 4.5052601, 8.4357942 ], [ 4.5056807, 8.4360956 ], [ 4.5058184, 8.436225 ], [ 4.5061012, 8.4364904 ], [ 4.5065433, 8.4369404 ], [ 4.506702, 8.4372121 ], [ 4.5068608, 8.4372333 ], [ 4.5070411, 8.4371824 ], [ 4.5074316, 8.4370211 ], [ 4.507762, 8.4367791 ], [ 4.5082341, 8.4365796 ], [ 4.5086161, 8.436414 ], [ 4.5088789, 8.4364065 ], [ 4.5092083, 8.436397 ], [ 4.50941, 8.4364013 ], [ 4.5097404, 8.4364437 ], [ 4.5099593, 8.4364183 ], [ 4.5103584, 8.4363164 ], [ 4.5107189, 8.436189 ], [ 4.5110408, 8.4361381 ], [ 4.5111189, 8.4361359 ], [ 4.511191, 8.4361338 ], [ 4.5113111, 8.4361763 ], [ 4.5114184, 8.4363291 ], [ 4.5115386, 8.4364098 ], [ 4.5116631, 8.4364098 ], [ 4.5118648, 8.4364904 ], [ 4.5127274, 8.4369319 ], [ 4.5135084, 8.4373225 ], [ 4.5145341, 8.4379804 ], [ 4.515092, 8.4383498 ], [ 4.515504, 8.4386597 ], [ 4.5157186, 8.4388719 ], [ 4.5160662, 8.4390842 ], [ 4.5163752, 8.439237 ], [ 4.516594, 8.4392752 ], [ 4.5167743, 8.4393389 ], [ 4.5168944, 8.4394747 ], [ 4.5170361, 8.4398143 ], [ 4.5171948, 8.4400181 ], [ 4.5174051, 8.440103 ], [ 4.5176111, 8.4402261 ], [ 4.5178257, 8.4405487 ], [ 4.5179928, 8.4407091 ], [ 4.5184093, 8.4411091 ], [ 4.5186754, 8.4414656 ], [ 4.5189672, 8.4415293 ], [ 4.5191346, 8.4417288 ], [ 4.5192977, 8.4418901 ], [ 4.5194179, 8.4419453 ], [ 4.5196496, 8.4419538 ], [ 4.5198899, 8.4419241 ], [ 4.5200659, 8.4419368 ], [ 4.5203105, 8.4421151 ], [ 4.5207182, 8.4425184 ], [ 4.5209032, 8.4427357 ], [ 4.5210615, 8.4429217 ], [ 4.5212031, 8.4431509 ], [ 4.5214992, 8.4433717 ], [ 4.5220142, 8.443707 ], [ 4.5223576, 8.4438344 ], [ 4.5228125, 8.4439235 ], [ 4.5232116, 8.4438938 ], [ 4.5235849, 8.4437113 ], [ 4.5241557, 8.4433971 ], [ 4.5245548, 8.4431934 ], [ 4.524881, 8.4429811 ], [ 4.5252586, 8.4428198 ], [ 4.5255633, 8.4427858 ], [ 4.5259195, 8.44265 ], [ 4.5260288, 8.4426235 ] ] } },
{ "type": "Feature", "properties": { "name": null, "waterway": "stream" }, "geometry": { "type": "LineString", "coordinates": [ [ 4.5292063, 8.4409905 ], [ 4.5293808, 8.441162 ], [ 4.529551, 8.4411999 ], [ 4.5296554, 8.4411268 ], [ 4.5297129, 8.4408583 ], [ 4.5297183, 8.440755 ], [ 4.529807, 8.4407112 ], [ 4.5298691, 8.4408174 ], [ 4.5298858, 8.4408861 ], [ 4.5299949, 8.4408838 ], [ 4.5301239, 8.4408708 ], [ 4.5302289, 8.4407966 ], [ 4.5303827, 8.4407673 ], [ 4.5306287, 8.4407125 ] ] } },
{ "type": "Feature", "properties": { "name": null, "waterway": "stream" }, "geometry": { "type": "LineString", "coordinates": [ [ 4.5261355, 8.4425975 ], [ 4.5264259, 8.4425269 ], [ 4.5266663, 8.4424887 ], [ 4.5268937, 8.4424038 ], [ 4.527074, 8.4421236 ], [ 4.5272628, 8.4419743 ], [ 4.5274533, 8.4419826 ], [ 4.5275229, 8.4418392 ], [ 4.5276739, 8.4415677 ], [ 4.5277797, 8.4414865 ], [ 4.5279483, 8.4414296 ], [ 4.528078, 8.4413643 ], [ 4.5282218, 8.4413643 ], [ 4.5284997, 8.441606 ], [ 4.5286363, 8.4416321 ], [ 4.528759, 8.4415582 ], [ 4.5286942, 8.4414092 ], [ 4.5288893, 8.4411868 ], [ 4.5291398, 8.4410718 ], [ 4.5292063, 8.4409905 ] ] } },
{ "type": "Feature", "properties": { "name": null, "waterway": "stream" }, "geometry": { "type": "LineString", "coordinates": [ [ 4.5260288, 8.4426235 ], [ 4.5261355, 8.4425975 ] ] } },
{ "type": "Feature", "properties": { "name": null, "waterway": "river" }, "geometry": { "type": "LineString", "coordinates": [ [ 4.5433314, 8.4724172 ], [ 4.5432473, 8.4719968 ], [ 4.5432147, 8.4717289 ], [ 4.5432555, 8.4715827 ], [ 4.5431939, 8.4714265 ], [ 4.5431469, 8.4712787 ], [ 4.5429212, 8.4707042 ], [ 4.5428603, 8.4705069 ], [ 4.5426793, 8.4700399 ], [ 4.5425208, 8.4699474 ], [ 4.5423175, 8.469865 ], [ 4.5421528, 8.4697443 ], [ 4.5420309, 8.4695232 ], [ 4.5419496, 8.4692457 ], [ 4.5419394, 8.4690788 ], [ 4.5419638, 8.4689059 ], [ 4.5419069, 8.4688295 ], [ 4.5419211, 8.468735 ], [ 4.5419577, 8.4686265 ], [ 4.5419658, 8.4684978 ], [ 4.5418459, 8.4682907 ], [ 4.5417341, 8.4680836 ], [ 4.5416528, 8.4679368 ], [ 4.5414434, 8.4678122 ], [ 4.5412076, 8.4676513 ], [ 4.5411141, 8.4675267 ], [ 4.541104, 8.4674523 ], [ 4.5411548, 8.4673719 ], [ 4.5411396, 8.4672864 ], [ 4.5409423, 8.4671582 ], [ 4.5408804, 8.4670289 ], [ 4.5408419, 8.4669007 ], [ 4.5408313, 8.4667975 ], [ 4.540626, 8.4666014 ], [ 4.5404936, 8.4664597 ], [ 4.5404331, 8.4663949 ] ] } },
{ "type": "Feature", "properties": { "name": null, "waterway": "stream" }, "geometry": { "type": "LineString", "coordinates": [ [ 4.5226818, 8.4717595 ], [ 4.5227194, 8.4717528 ], [ 4.523001, 8.4716878 ], [ 4.523233, 8.4717263 ], [ 4.5237547, 8.4718735 ], [ 4.5239452, 8.4719239 ], [ 4.5243394, 8.4720486 ], [ 4.5249664, 8.472176 ], [ 4.5251126, 8.4721899 ], [ 4.5252997, 8.4722111 ], [ 4.525529, 8.472243 ], [ 4.5257147, 8.4723053 ], [ 4.5258991, 8.4723557 ], [ 4.5259246, 8.4724134 ], [ 4.5259917, 8.4724452 ], [ 4.5261526, 8.4724386 ], [ 4.526689, 8.4726482 ], [ 4.5270458, 8.4727755 ], [ 4.5273086, 8.4728976 ], [ 4.527652, 8.4729798 ], [ 4.5281897, 8.472883 ], [ 4.5285518, 8.4727477 ], [ 4.5288777, 8.4727012 ], [ 4.5290172, 8.4727384 ], [ 4.5293766, 8.472627 ], [ 4.5297843, 8.4723776 ], [ 4.5300311, 8.4722847 ], [ 4.5302403, 8.4723007 ], [ 4.5304978, 8.4724651 ], [ 4.5307311, 8.472566 ], [ 4.5310235, 8.4725872 ], [ 4.5312756, 8.4726031 ], [ 4.5314044, 8.4725102 ], [ 4.5315599, 8.4724943 ], [ 4.5317557, 8.4723378 ], [ 4.5319301, 8.4722582 ], [ 4.5320803, 8.4722662 ], [ 4.5322654, 8.472298 ], [ 4.5325255, 8.4723378 ], [ 4.532665, 8.4723219 ], [ 4.5329842, 8.4722556 ], [ 4.53318, 8.4722184 ], [ 4.5333114, 8.4723325 ], [ 4.533695, 8.4723988 ], [ 4.5341134, 8.4724439 ], [ 4.5344192, 8.4722927 ], [ 4.5346297, 8.4723471 ], [ 4.5351246, 8.4724492 ], [ 4.5352601, 8.4724718 ], [ 4.5355296, 8.4724585 ], [ 4.5360124, 8.4723975 ], [ 4.5362592, 8.4723842 ], [ 4.5363826, 8.472497 ], [ 4.5366977, 8.4725938 ], [ 4.5369901, 8.4725898 ], [ 4.537143, 8.4726217 ], [ 4.5375909, 8.4727914 ], [ 4.5378658, 8.4730183 ], [ 4.5380375, 8.4731828 ], [ 4.5381032, 8.4732385 ], [ 4.5382038, 8.4732836 ], [ 4.5383406, 8.4733141 ], [ 4.5384479, 8.4733114 ], [ 4.5386423, 8.4733844 ], [ 4.5386852, 8.4734388 ], [ 4.5387898, 8.4734799 ], [ 4.5389025, 8.4734958 ], [ 4.5389561, 8.4735329 ], [ 4.5390125, 8.4735953 ], [ 4.5390634, 8.4736245 ], [ 4.5391211, 8.4736271 ], [ 4.5392176, 8.4736404 ], [ 4.5394979, 8.4737518 ], [ 4.5399204, 8.4739163 ], [ 4.5401081, 8.4739508 ], [ 4.5402288, 8.4739428 ], [ 4.5403522, 8.4739189 ], [ 4.5404193, 8.4738792 ], [ 4.5404863, 8.473773 ], [ 4.5406178, 8.4736855 ], [ 4.5407063, 8.473651 ], [ 4.5409691, 8.4738261 ], [ 4.5413661, 8.4740755 ], [ 4.5420635, 8.4743726 ], [ 4.5422512, 8.4743381 ], [ 4.5423746, 8.4743089 ], [ 4.5425516, 8.4742479 ], [ 4.5427233, 8.4742479 ], [ 4.5429942, 8.4742002 ], [ 4.5429727, 8.474293 ], [ 4.5429593, 8.4744177 ], [ 4.5431954, 8.4743938 ], [ 4.5433885, 8.4744814 ], [ 4.5435494, 8.4746485 ], [ 4.5436594, 8.4748528 ], [ 4.543831, 8.4750173 ], [ 4.5439237, 8.4750732 ], [ 4.5442347, 8.4752142 ], [ 4.5444137, 8.4753883 ], [ 4.5445284, 8.475573 ], [ 4.5445857, 8.4756238 ] ] } },
{ "type": "Feature", "properties": { "name": null, "waterway": "river" }, "geometry": { "type": "LineString", "coordinates": [ [ 4.329500692032238, 8.429962773519525 ], [ 4.3307195, 8.4332087 ], [ 4.3329516, 8.4343189 ], [ 4.3341414, 8.4364788 ], [ 4.3343749, 8.4377426 ], [ 4.3351891, 8.4383797 ], [ 4.3353192, 8.4392545 ], [ 4.337583, 8.4396299 ], [ 4.3429613, 8.4410598 ], [ 4.3455172, 8.4423905 ], [ 4.3482077, 8.4425236 ], [ 4.352109, 8.441459 ], [ 4.3558757, 8.4399953 ], [ 4.3607186, 8.4391969 ], [ 4.365696, 8.4399953 ], [ 4.36879, 8.4415921 ], [ 4.3747091, 8.4431889 ], [ 4.3763234, 8.4450518 ], [ 4.3794175, 8.4463825 ], [ 4.3814354, 8.4482454 ], [ 4.3857402, 8.4478462 ], [ 4.3892378, 8.4490438 ], [ 4.3936771, 8.4481123 ], [ 4.3974438, 8.4475801 ], [ 4.4001343, 8.4497091 ], [ 4.4029968, 8.45272 ], [ 4.4061581, 8.4533188 ], [ 4.4113584, 8.4532086 ], [ 4.4164704, 8.4547055 ], [ 4.4215823, 8.4576329 ], [ 4.4226585, 8.4613586 ], [ 4.4258871, 8.4626892 ], [ 4.4283086, 8.4661488 ], [ 4.4312921, 8.4692178 ], [ 4.4316717, 8.4696083 ], [ 4.4353038, 8.4730678 ], [ 4.4404158, 8.478523 ], [ 4.4431063, 8.4829138 ], [ 4.4428372, 8.4908969 ], [ 4.4438096, 8.4913156 ], [ 4.4442607, 8.4919814 ], [ 4.4442676, 8.4924768 ], [ 4.4446975, 8.4927696 ], [ 4.4448481, 8.4931202 ], [ 4.4452187, 8.4933754 ], [ 4.4455772, 8.4933292 ], [ 4.4459001, 8.4934677 ], [ 4.44604, 8.4936779 ], [ 4.4460861, 8.4937471 ], [ 4.4461341, 8.4940177 ], [ 4.4459219, 8.4944577 ], [ 4.4458625, 8.4947195 ], [ 4.4459454, 8.4948999 ], [ 4.4459788, 8.4949264 ], [ 4.4462584, 8.4951483 ], [ 4.4463995, 8.4954903 ], [ 4.4465675, 8.4956574 ], [ 4.4468213, 8.4957474 ], [ 4.4471467, 8.4958599 ], [ 4.4472692, 8.496173 ], [ 4.4471789, 8.4963826 ], [ 4.4471392, 8.4967001 ], [ 4.4472478, 8.4969405 ], [ 4.4473895, 8.4970556 ], [ 4.4477177, 8.49709 ], [ 4.4479524, 8.4972555 ], [ 4.4483528, 8.4979485 ], [ 4.4591426, 8.5034975 ], [ 4.4624385, 8.5052271 ], [ 4.46412, 8.5088193 ], [ 4.4630438, 8.5150724 ], [ 4.4634426, 8.5159841 ], [ 4.4632119, 8.5162918 ], [ 4.4629061, 8.51626 ], [ 4.4626379, 8.5164457 ], [ 4.4626647, 8.516886 ], [ 4.462595, 8.5170346 ], [ 4.4623911, 8.5172362 ], [ 4.4621229, 8.5171831 ], [ 4.4619593, 8.5170292 ], [ 4.4617528, 8.516642 ], [ 4.4615865, 8.5165252 ], [ 4.461439, 8.5165279 ], [ 4.4614014, 8.516626 ], [ 4.461447, 8.5167852 ], [ 4.4615623, 8.5169974 ], [ 4.461624, 8.5171937 ], [ 4.4616723, 8.5174378 ], [ 4.461675, 8.5176951 ], [ 4.4615972, 8.5179922 ], [ 4.4615811, 8.518215 ], [ 4.4616911, 8.5184855 ], [ 4.4617474, 8.5188145 ], [ 4.4616991, 8.5190665 ], [ 4.4616285, 8.5192208 ], [ 4.4616282, 8.5192466 ], [ 4.461624, 8.5195599 ], [ 4.4617903, 8.5200692 ], [ 4.4620156, 8.5203238 ], [ 4.4623858, 8.5204352 ], [ 4.4626594, 8.5205413 ], [ 4.463008, 8.5207058 ], [ 4.4632655, 8.5208808 ], [ 4.4635606, 8.5212522 ], [ 4.4637483, 8.5216979 ], [ 4.4636893, 8.5220957 ], [ 4.4633996, 8.5223451 ], [ 4.4630939, 8.522552 ], [ 4.4629115, 8.5228491 ], [ 4.462949, 8.5231727 ], [ 4.4630831, 8.5237881 ], [ 4.4632012, 8.5244247 ], [ 4.463228, 8.5246528 ], [ 4.4633031, 8.5247324 ], [ 4.4635284, 8.5247112 ], [ 4.4638932, 8.5245733 ], [ 4.4639844, 8.5243186 ], [ 4.4641098, 8.5242216 ], [ 4.4643706, 8.524239 ], [ 4.4647568, 8.5243451 ], [ 4.4650733, 8.5244672 ], [ 4.4654381, 8.5246422 ], [ 4.4657761, 8.525178 ], [ 4.4661087, 8.525491 ], [ 4.4664627, 8.5258147 ], [ 4.4667846, 8.5261117 ], [ 4.4672781, 8.5265945 ], [ 4.4683663, 8.5277068 ], [ 4.4705845, 8.5309972 ], [ 4.4713259, 8.532097 ], [ 4.4713916, 8.5325752 ], [ 4.4719005, 8.5362816 ], [ 4.4720657, 8.5374849 ], [ 4.4719909, 8.5416119 ], [ 4.4733506, 8.5420238 ], [ 4.4733964, 8.5426933 ], [ 4.4734525, 8.5428577 ], [ 4.4735437, 8.5429673 ], [ 4.473721, 8.5430975 ], [ 4.4738468, 8.543204 ], [ 4.4739111, 8.5433349 ], [ 4.4740426, 8.5437362 ], [ 4.4741629, 8.5439557 ], [ 4.4742625, 8.5442509 ], [ 4.4743108, 8.5446862 ], [ 4.4743027, 8.5450366 ], [ 4.4742467, 8.5452246 ], [ 4.4741472, 8.5453183 ], [ 4.474064, 8.5454122 ], [ 4.4740458, 8.545482 ], [ 4.4740646, 8.545536 ], [ 4.4741206, 8.5455708 ], [ 4.4742923, 8.5455838 ], [ 4.4745149, 8.5455871 ], [ 4.4746541, 8.5456213 ], [ 4.4747346, 8.545629 ], [ 4.474826, 8.5455873 ], [ 4.4749682, 8.5454376 ], [ 4.4750594, 8.5453392 ], [ 4.4751369, 8.5453086 ], [ 4.4751959, 8.5453222 ], [ 4.475263, 8.5453758 ], [ 4.4753257, 8.5455102 ], [ 4.4753589, 8.5456762 ], [ 4.4754055, 8.5457395 ], [ 4.475507, 8.5457884 ], [ 4.4756197, 8.5457907 ], [ 4.4757377, 8.5457331 ], [ 4.4760008, 8.5454799 ], [ 4.4761537, 8.5453933 ], [ 4.4763093, 8.545358 ], [ 4.4764163, 8.545357 ], [ 4.4765051, 8.5454067 ], [ 4.4765587, 8.5454899 ], [ 4.4767409, 8.5459725 ], [ 4.4768887, 8.5461677 ], [ 4.4787447, 8.5469663 ], [ 4.4815382, 8.549435 ], [ 4.4829474, 8.5513047 ], [ 4.4825023, 8.5519469 ], [ 4.4825667, 8.5528381 ], [ 4.4832534, 8.5532359 ], [ 4.4841371, 8.5538914 ], [ 4.4840366, 8.5546417 ], [ 4.4836235, 8.5547796 ], [ 4.4836396, 8.5553313 ], [ 4.484213, 8.5558882 ], [ 4.4842287, 8.5561529 ], [ 4.4847447, 8.5570341 ], [ 4.4855601, 8.5575593 ], [ 4.4862381, 8.5575216 ], [ 4.4869119, 8.5578829 ], [ 4.4873518, 8.558164 ], [ 4.4881082, 8.5579253 ], [ 4.4890416, 8.5590499 ], [ 4.4901371, 8.5596291 ], [ 4.4929841, 8.5629563 ], [ 4.4939969, 8.5637404 ], [ 4.494956, 8.5650274 ], [ 4.4971606, 8.5663908 ], [ 4.499832, 8.5693219 ], [ 4.502713, 8.5696136 ], [ 4.5054446, 8.568986 ], [ 4.5079297, 8.5679358 ], [ 4.5097324, 8.5679779 ], [ 4.5100413, 8.5683696 ], [ 4.5103687, 8.5683081 ], [ 4.5104472, 8.5679585 ], [ 4.5106567, 8.5682272 ], [ 4.5103687, 8.5688098 ], [ 4.5096517, 8.5689264 ], [ 4.5093737, 8.5693875 ], [ 4.5101526, 8.5703054 ], [ 4.5126242, 8.5701759 ], [ 4.5135867, 8.5694508 ], [ 4.5144568, 8.5682811 ], [ 4.5162973, 8.5679423 ], [ 4.51781, 8.5692212 ], [ 4.5191978, 8.5699234 ], [ 4.5210634, 8.5691303 ], [ 4.5234242, 8.5697112 ], [ 4.5240187, 8.5694223 ], [ 4.5240908, 8.5691803 ], [ 4.5240829, 8.5690122 ], [ 4.5238426, 8.5690297 ], [ 4.5236814, 8.5689978 ], [ 4.5236059, 8.5688701 ], [ 4.5234602, 8.5687859 ], [ 4.5232846, 8.568759 ], [ 4.5232379, 8.5686389 ], [ 4.5233276, 8.5685128 ], [ 4.5235729, 8.5684599 ], [ 4.5239011, 8.5684588 ], [ 4.5243994, 8.5684676 ], [ 4.5247405, 8.5684065 ], [ 4.5249795, 8.5682444 ], [ 4.5251385, 8.5683247 ], [ 4.5252716, 8.5685869 ], [ 4.5258871, 8.5688369 ], [ 4.5260392, 8.5690829 ], [ 4.5261685, 8.5692802 ], [ 4.5264581, 8.5692886 ], [ 4.5266776, 8.5691733 ], [ 4.5268006, 8.5689176 ], [ 4.5270469, 8.5688347 ], [ 4.5274516, 8.5693457 ], [ 4.5287862, 8.5702118 ], [ 4.5299126, 8.5708719 ], [ 4.5334459, 8.5711719 ], [ 4.5354951, 8.5716148 ], [ 4.5369427, 8.573106 ], [ 4.5440279, 8.5742897 ] ] } },
{ "type": "Feature", "properties": { "name": null, "waterway": "stream" }, "geometry": { "type": "LineString", "coordinates": [ [ 4.5445857, 8.4756238 ], [ 4.5446689, 8.4756973 ] ] } },
{ "type": "Feature", "properties": { "name": null, "waterway": "river" }, "geometry": { "type": "LineString", "coordinates": [ [ 4.5345876, 8.4874909 ], [ 4.5344173, 8.4876035 ], [ 4.5341773, 8.4877522 ], [ 4.5340202, 8.4878358 ], [ 4.533547, 8.4880096 ], [ 4.5333628, 8.4881517 ], [ 4.5330519, 8.4883071 ], [ 4.5327038, 8.4884559 ], [ 4.5326463, 8.4885311 ], [ 4.5325179, 8.4886564 ], [ 4.53242, 8.4887199 ], [ 4.5322458, 8.4888383 ], [ 4.5322375, 8.4888897 ], [ 4.532141, 8.4889857 ], [ 4.5319032, 8.4892658 ], [ 4.5316515, 8.4895425 ], [ 4.5312452, 8.490017 ], [ 4.5309987, 8.4901876 ], [ 4.5306536, 8.4904649 ], [ 4.5303116, 8.4909068 ], [ 4.5301114, 8.4911475 ], [ 4.5300128, 8.4912755 ] ] } },
{ "type": "Feature", "properties": { "name": null, "waterway": "river" }, "geometry": { "type": "LineString", "coordinates": [ [ 4.5291211, 8.4921208 ], [ 4.529224, 8.4921723 ], [ 4.5293447, 8.4921936 ], [ 4.5294022, 8.492185 ], [ 4.5294451, 8.4921786 ], [ 4.5295063, 8.4921422 ], [ 4.5295063, 8.4920525 ], [ 4.5294843, 8.4919919 ], [ 4.5294745, 8.491861 ], [ 4.5295456, 8.4916961 ], [ 4.5296279, 8.4916342 ], [ 4.52975, 8.4915692 ], [ 4.5298636, 8.4914589 ], [ 4.5299335, 8.4913918 ] ] } },
{ "type": "Feature", "properties": { "name": null, "waterway": "stream" }, "geometry": { "type": "LineString", "coordinates": [ [ 4.5301719, 8.4938694 ], [ 4.5302058, 8.4938335 ], [ 4.5301961, 8.4937401 ], [ 4.5301743, 8.4936731 ], [ 4.5300605, 8.4935605 ], [ 4.5299685, 8.4934624 ], [ 4.5298741, 8.4933403 ], [ 4.5298063, 8.4931894 ], [ 4.529741, 8.4930864 ], [ 4.5296756, 8.4929595 ], [ 4.5294553, 8.4927321 ], [ 4.5293197, 8.4925142 ], [ 4.5292713, 8.4924687 ], [ 4.5291986, 8.4924136 ], [ 4.529172, 8.4923609 ], [ 4.5291672, 8.4922939 ], [ 4.5292011, 8.4922675 ], [ 4.5292906, 8.492234 ], [ 4.5294022, 8.492185 ] ] } },
{ "type": "Feature", "properties": { "name": null, "waterway": "river" }, "geometry": { "type": "LineString", "coordinates": [ [ 4.5103006, 8.4967656 ], [ 4.5102917, 8.4968829 ], [ 4.5102758, 8.4969862 ], [ 4.51012, 8.4971519 ], [ 4.5101693, 8.4971823 ], [ 4.5101816, 8.4973377 ], [ 4.5102401, 8.497417 ], [ 4.5102771, 8.4975541 ], [ 4.5103356, 8.4976882 ], [ 4.5103942, 8.4977674 ], [ 4.5104589, 8.4978131 ], [ 4.5104989, 8.4978802 ], [ 4.5105143, 8.4979411 ], [ 4.510579, 8.4980295 ], [ 4.5106438, 8.4981544 ], [ 4.5107023, 8.4982306 ], [ 4.5107177, 8.4983281 ], [ 4.5107732, 8.4986054 ], [ 4.5108933, 8.4989253 ], [ 4.510921, 8.499032 ], [ 4.5109488, 8.4991234 ], [ 4.5109827, 8.4992423 ], [ 4.5109796, 8.4993581 ], [ 4.5110474, 8.4994251 ], [ 4.5110853, 8.4995228 ] ] } },
{ "type": "Feature", "properties": { "name": null, "waterway": "river" }, "geometry": { "type": "LineString", "coordinates": [ [ 4.5110853, 8.4995228 ], [ 4.5112623, 8.4997669 ], [ 4.5113119, 8.4999035 ], [ 4.5112677, 8.500117 ], [ 4.5114058, 8.5001993 ], [ 4.5114045, 8.5004327 ], [ 4.5116191, 8.5011901 ], [ 4.5121247, 8.501706 ], [ 4.512244, 8.5018652 ], [ 4.5122547, 8.5023573 ], [ 4.5123593, 8.503035 ], [ 4.5123433, 8.503937 ], [ 4.5123996, 8.5046055 ], [ 4.5125659, 8.5050458 ] ] } },
{ "type": "Feature", "properties": { "name": null, "waterway": "river" }, "geometry": { "type": "LineString", "coordinates": [ [ 4.5125659, 8.5050458 ], [ 4.5126504, 8.5052567 ], [ 4.5126362, 8.5053017 ], [ 4.5126182, 8.5053495 ], [ 4.5127764, 8.5056493 ], [ 4.5128864, 8.5060339 ], [ 4.5130366, 8.5063921 ], [ 4.5131868, 8.5066281 ], [ 4.5135301, 8.506973 ], [ 4.5136428, 8.5071773 ], [ 4.5140183, 8.5077025 ], [ 4.5140666, 8.5078059 ], [ 4.5140988, 8.5079174 ], [ 4.5141068, 8.5080871 ], [ 4.5141873, 8.508294 ], [ 4.5142409, 8.5085593 ], [ 4.5141685, 8.5090952 ], [ 4.5140585, 8.5092994 ], [ 4.5139566, 8.5094373 ], [ 4.5139217, 8.5095488 ], [ 4.5139164, 8.5097159 ], [ 4.5138305, 8.5098697 ], [ 4.5138681, 8.5099414 ], [ 4.5139754, 8.5100607 ], [ 4.5139861, 8.5101138 ], [ 4.513962, 8.5102782 ], [ 4.5139888, 8.510387 ], [ 4.514139, 8.5104135 ] ] } },
{ "type": "Feature", "properties": { "name": null, "waterway": "river" }, "geometry": { "type": "LineString", "coordinates": [ [ 4.5024687, 8.5080235 ], [ 4.5030186, 8.50805 ], [ 4.5032975, 8.5080871 ], [ 4.5040002, 8.508363 ], [ 4.5044509, 8.5083497 ], [ 4.505114, 8.5085856 ] ] } },
{ "type": "Feature", "properties": { "name": null, "waterway": "river" }, "geometry": { "type": "LineString", "coordinates": [ [ 4.4990435, 8.5088511 ], [ 4.4993171, 8.508741 ], [ 4.4994847, 8.5087079 ], [ 4.4996135, 8.5087079 ], [ 4.4997369, 8.5086906 ], [ 4.5000654, 8.5086031 ], [ 4.5002036, 8.5085301 ], [ 4.5003149, 8.5085315 ], [ 4.5004638, 8.5084108 ], [ 4.5005845, 8.5083935 ], [ 4.5006649, 8.5083537 ], [ 4.5007078, 8.5083166 ], [ 4.5009466, 8.5082715 ], [ 4.5011504, 8.5082476 ], [ 4.5012966, 8.5081985 ], [ 4.5015702, 8.5081336 ], [ 4.5016573, 8.5080977 ], [ 4.5018236, 8.50805 ], [ 4.5018813, 8.5080208 ], [ 4.5019765, 8.5079983 ], [ 4.5020342, 8.5080089 ], [ 4.5020825, 8.5080394 ], [ 4.5024687, 8.5080235 ] ] } },
{ "type": "Feature", "properties": { "name": null, "waterway": "river" }, "geometry": { "type": "LineString", "coordinates": [ [ 4.505114, 8.5085856 ], [ 4.5053218, 8.5087185 ] ] } },
{ "type": "Feature", "properties": { "name": null, "waterway": "river" }, "geometry": { "type": "LineString", "coordinates": [ [ 4.4989644, 8.5089281 ], [ 4.4990435, 8.5088511 ] ] } },
{ "type": "Feature", "properties": { "name": null, "waterway": "river" }, "geometry": { "type": "LineString", "coordinates": [ [ 4.5053218, 8.5087185 ], [ 4.5056954, 8.5088034 ], [ 4.5061916, 8.508989 ], [ 4.5065832, 8.5092119 ], [ 4.5066985, 8.5092357 ], [ 4.5072564, 8.5092384 ], [ 4.5076628, 8.5093486 ] ] } },
{ "type": "Feature", "properties": { "name": null, "waterway": "river" }, "geometry": { "type": "LineString", "coordinates": [ [ 4.4968602, 8.5093472 ], [ 4.4969608, 8.5092158 ], [ 4.497178, 8.5090368 ], [ 4.4974154, 8.5088962 ], [ 4.497752, 8.5088179 ], [ 4.4978949, 8.5088252 ], [ 4.4979854, 8.5088551 ], [ 4.4980431, 8.5088796 ], [ 4.4981208, 8.5089864 ], [ 4.4981503, 8.5090355 ], [ 4.4981933, 8.5090739 ], [ 4.4982885, 8.5091084 ], [ 4.4983166, 8.5090991 ], [ 4.4983824, 8.5090394 ], [ 4.4984414, 8.5090262 ], [ 4.4985594, 8.5090593 ], [ 4.4986157, 8.5090593 ], [ 4.4987901, 8.5090288 ], [ 4.4988853, 8.509005 ], [ 4.4989644, 8.5089281 ] ] } },
{ "type": "Feature", "properties": { "name": null, "waterway": "river" }, "geometry": { "type": "LineString", "coordinates": [ [ 4.5076628, 8.5093486 ], [ 4.5077476, 8.5093717 ] ] } },
{ "type": "Feature", "properties": { "name": null, "waterway": "river" }, "geometry": { "type": "LineString", "coordinates": [ [ 4.5077476, 8.5093717 ], [ 4.5080973, 8.5094665 ] ] } },
{ "type": "Feature", "properties": { "name": null, "waterway": "river" }, "geometry": { "type": "LineString", "coordinates": [ [ 4.5080973, 8.5094665 ], [ 4.5083682, 8.5094559 ] ] } },
{ "type": "Feature", "properties": { "name": null, "waterway": "river" }, "geometry": { "type": "LineString", "coordinates": [ [ 4.5083682, 8.5094559 ], [ 4.5089221, 8.5095859 ], [ 4.5091313, 8.509639 ], [ 4.5095872, 8.5097345 ] ] } },
{ "type": "Feature", "properties": { "name": null, "waterway": "river" }, "geometry": { "type": "LineString", "coordinates": [ [ 4.5095872, 8.5097345 ], [ 4.5097702, 8.5097693 ], [ 4.5098742, 8.5097636 ] ] } },
{ "type": "Feature", "properties": { "name": null, "waterway": "river" }, "geometry": { "type": "LineString", "coordinates": [ [ 4.5098742, 8.5097636 ], [ 4.5098906, 8.5097664 ] ] } },
{ "type": "Feature", "properties": { "name": null, "waterway": "river" }, "geometry": { "type": "LineString", "coordinates": [ [ 4.5098906, 8.5097664 ], [ 4.5100011, 8.5097853 ] ] } },
{ "type": "Feature", "properties": { "name": null, "waterway": "river" }, "geometry": { "type": "LineString", "coordinates": [ [ 4.5100011, 8.5097853 ], [ 4.5100218, 8.5097888 ] ] } },
{ "type": "Feature", "properties": { "name": null, "waterway": "river" }, "geometry": { "type": "LineString", "coordinates": [ [ 4.5100218, 8.5097888 ], [ 4.5100969, 8.509765 ], [ 4.5106763, 8.5098034 ], [ 4.5108452, 8.5097716 ], [ 4.5110276, 8.5097716 ], [ 4.5114273, 8.5098857 ], [ 4.5116231, 8.5100024 ], [ 4.5120093, 8.5101191 ], [ 4.5122078, 8.5102305 ], [ 4.5123714, 8.510265 ], [ 4.512586, 8.5103286 ], [ 4.5127335, 8.5103976 ], [ 4.5127872, 8.5104109 ], [ 4.5128247, 8.5103658 ], [ 4.5128596, 8.5104082 ], [ 4.5129119, 8.5105276 ], [ 4.5130312, 8.5104918 ], [ 4.5130353, 8.5103419 ], [ 4.513278, 8.5104109 ], [ 4.5135234, 8.5104427 ], [ 4.5135261, 8.5105011 ], [ 4.5134738, 8.5105555 ], [ 4.5135382, 8.5107265 ], [ 4.5135556, 8.5108658 ], [ 4.5136549, 8.5110343 ], [ 4.5137219, 8.5110847 ], [ 4.5137742, 8.5110953 ], [ 4.5138198, 8.5111271 ], [ 4.5139405, 8.5112544 ], [ 4.5141001, 8.5112717 ], [ 4.5141953, 8.511334 ], [ 4.5143013, 8.5113738 ], [ 4.5144555, 8.5115303 ] ] } },
{ "type": "Feature", "properties": { "name": null, "waterway": "river" }, "geometry": { "type": "LineString", "coordinates": [ [ 4.514139, 8.5104135 ], [ 4.5142248, 8.5104334 ], [ 4.5142476, 8.510448 ], [ 4.5143482, 8.5107067 ], [ 4.5143563, 8.5107624 ], [ 4.5143495, 8.5108247 ], [ 4.5143871, 8.5109679 ], [ 4.5143737, 8.5110197 ], [ 4.5143817, 8.5110462 ], [ 4.5144367, 8.5111085 ], [ 4.5145024, 8.5112306 ], [ 4.514477, 8.5113406 ], [ 4.5144555, 8.5115303 ] ] } },
{ "type": "Feature", "properties": { "name": null, "waterway": "river" }, "geometry": { "type": "LineString", "coordinates": [ [ 4.5144555, 8.5115303 ], [ 4.5158797, 8.5129548 ], [ 4.516494, 8.5130556 ], [ 4.5180899, 8.5137161 ], [ 4.5198655, 8.5137108 ], [ 4.5209438, 8.5149257 ], [ 4.5224431, 8.5156844 ] ] } },
{ "type": "Feature", "properties": { "name": null, "waterway": "river" }, "geometry": { "type": "LineString", "coordinates": [ [ 4.5224431, 8.5156844 ], [ 4.5225745, 8.5158038 ], [ 4.5227355, 8.5158356 ], [ 4.5230144, 8.5159523 ], [ 4.5233417, 8.5160743 ], [ 4.5235991, 8.5160743 ], [ 4.5238727, 8.5161114 ], [ 4.524098, 8.5161804 ], [ 4.5243716, 8.5162653 ] ] } },
{ "type": "Feature", "properties": { "name": null, "waterway": "river" }, "geometry": { "type": "LineString", "coordinates": [ [ 4.5243716, 8.5162653 ], [ 4.524526, 8.5163639 ], [ 4.5247012, 8.5164747 ], [ 4.5248413, 8.5165995 ], [ 4.5249534, 8.5167727 ], [ 4.5250794, 8.5169043 ], [ 4.5252756, 8.5170706 ], [ 4.5253877, 8.5171537 ], [ 4.5254253, 8.5172437 ], [ 4.5255136, 8.5173418 ], [ 4.5256195, 8.5174291 ], [ 4.5257408, 8.5175142 ], [ 4.5258621, 8.5176102 ], [ 4.5259504, 8.5176909 ], [ 4.5260541, 8.5177214 ], [ 4.5261269, 8.5177716 ], [ 4.5261997, 8.5177782 ], [ 4.5262592, 8.5178109 ], [ 4.5263386, 8.5178611 ], [ 4.5264489, 8.5179243 ], [ 4.5265637, 8.5180051 ], [ 4.5266695, 8.5180531 ], [ 4.5267313, 8.5181032 ], [ 4.5267953, 8.5181447 ], [ 4.5268504, 8.5182058 ], [ 4.5269497, 8.5182734 ], [ 4.5270512, 8.5183498 ], [ 4.527221, 8.5184785 ], [ 4.5273975, 8.5186028 ] ] } },
{ "type": "Feature", "properties": { "name": null, "waterway": "river" }, "geometry": { "type": "LineString", "coordinates": [ [ 4.5273975, 8.5186028 ], [ 4.5276305, 8.5187927 ], [ 4.5277548, 8.5189585 ], [ 4.5278238, 8.5190619 ], [ 4.5279935, 8.5192629 ], [ 4.5281947, 8.519497 ], [ 4.5284255, 8.519772 ], [ 4.5286504, 8.5200861 ], [ 4.5290054, 8.52041 ], [ 4.5290187, 8.5204236 ] ] } },
{ "type": "Feature", "properties": { "name": null, "waterway": "river" }, "geometry": { "type": "LineString", "coordinates": [ [ 4.5290187, 8.5204236 ], [ 4.5290941, 8.5205017 ] ] } },
{ "type": "Feature", "properties": { "name": null, "waterway": "river" }, "geometry": { "type": "LineString", "coordinates": [ [ 4.5290941, 8.5205017 ], [ 4.5291751, 8.5205855 ], [ 4.5293783, 8.5208294 ], [ 4.5295104, 8.5209777 ], [ 4.5298103, 8.5212176 ], [ 4.52997, 8.5213152 ], [ 4.5302127, 8.5215395 ], [ 4.5303409, 8.521758 ], [ 4.530404, 8.5219316 ], [ 4.5306111, 8.5223491 ], [ 4.5307571, 8.5225013 ], [ 4.5308696, 8.5227471 ], [ 4.5309524, 8.5229148 ], [ 4.5310412, 8.5230475 ], [ 4.531128, 8.5231841 ], [ 4.531343, 8.5234338 ], [ 4.5314002, 8.5234845 ], [ 4.5314771, 8.5235235 ], [ 4.5315738, 8.5235606 ], [ 4.5316093, 8.5235937 ], [ 4.5316172, 8.523621 ], [ 4.5316172, 8.5236874 ], [ 4.5316448, 8.5237654 ], [ 4.5316724, 8.5237986 ], [ 4.5316744, 8.5238454 ], [ 4.5317, 8.5238727 ], [ 4.531777, 8.5238688 ], [ 4.5318282, 8.5238864 ], [ 4.5318716, 8.5239059 ], [ 4.5319348, 8.5239546 ], [ 4.5319841, 8.5240093 ] ] } },
{ "type": "Feature", "properties": { "name": null, "waterway": "river" }, "geometry": { "type": "LineString", "coordinates": [ [ 4.5319841, 8.5240093 ], [ 4.5320237, 8.5240577 ], [ 4.5320634, 8.5240747 ], [ 4.5320949, 8.5241058 ], [ 4.5321721, 8.5241362 ], [ 4.5322058, 8.5241428 ], [ 4.5322387, 8.5241732 ], [ 4.5322455, 8.5241992 ], [ 4.5322507, 8.5242266 ], [ 4.532256, 8.524254 ], [ 4.5322537, 8.5242999 ], [ 4.5323546, 8.5244066 ], [ 4.5324786, 8.5244829 ] ] } },
{ "type": "Feature", "properties": { "name": "Okpara", "waterway": "river" }, "geometry": { "type": "MultiLineString", "coordinates": [ [ [ 2.73853, 8.7614431 ], [ 2.739253302018403, 8.760013388204369 ] ], [ [ 2.742402943652584, 8.754510160542459 ], [ 2.7436798, 8.7524511 ], [ 2.7464264, 8.7507544 ], [ 2.750203, 8.7487185 ], [ 2.7512329, 8.7480398 ], [ 2.75127059118851, 8.747779089807604 ] ], [ [ 2.747189091467318, 8.724092931832484 ], [ 2.7471131, 8.7229286 ], [ 2.746989210515314, 8.722702527782964 ] ], [ [ 2.744945627262658, 8.713310167917806 ], [ 2.7464264, 8.7125783 ], [ 2.7476281, 8.7118996 ], [ 2.750718, 8.7117299 ], [ 2.7534645, 8.7113905 ], [ 2.7575844, 8.7113905 ], [ 2.758786, 8.7110512 ], [ 2.759065093132822, 8.710499483857076 ] ], [ [ 2.73856447939793, 8.685088026734157 ], [ 2.7387017, 8.6840709 ], [ 2.738774617238107, 8.683926722251014 ] ], [ [ 2.744104486402228, 8.68313435959065 ], [ 2.7465981, 8.6832224 ], [ 2.749688, 8.6830527 ], [ 2.7505463, 8.6820345 ], [ 2.750863034946875, 8.681460502473946 ] ], [ [ 2.735622917313845, 8.666005432820407 ], [ 2.7352684, 8.6652344 ], [ 2.7345818, 8.6630283 ], [ 2.7352684, 8.6601433 ], [ 2.736985, 8.658616 ], [ 2.7371086, 8.65858 ], [ 2.7399033, 8.6577675 ], [ 2.7440232, 8.6562401 ], [ 2.7488297, 8.6564098 ], [ 2.7526062, 8.6570886 ], [ 2.7551812, 8.6567492 ], [ 2.7551812, 8.65563840911577 ] ], [ [ 2.751645424173223, 8.634781783965561 ], [ 2.7517479, 8.6346868 ], [ 2.7531212, 8.6336685 ], [ 2.7543228, 8.6323108 ], [ 2.754356274959395, 8.631946825616222 ] ], [ [ 2.749951415365006, 8.617652871476874 ], [ 2.7512329, 8.6172057 ], [ 2.7532929, 8.6163571 ], [ 2.7556961, 8.6149993 ], [ 2.7556961, 8.614761364982389 ] ], [ [ 2.75037322048995, 8.599572235772349 ], [ 2.7505014, 8.5992371 ], [ 2.7506137, 8.5986788 ], [ 2.7506701, 8.5976799 ], [ 2.7505499, 8.5966357 ], [ 2.750330990522976, 8.596410419351294 ] ], [ [ 2.75235319488486, 8.588381865172284 ], [ 2.7523983, 8.5883526 ], [ 2.7526692, 8.5880337 ], [ 2.7528195, 8.5874681 ], [ 2.7533015, 8.5866018 ], [ 2.7533444, 8.5859526 ], [ 2.7532282, 8.5852612 ], [ 2.75310266823602, 8.584973449156703 ] ] ] } },
{ "type": "Feature", "properties": { "name": null, "waterway": "stream" }, "geometry": { "type": "LineString", "coordinates": [ [ 2.9063934, 8.8336258 ], [ 2.906388, 8.8334933 ], [ 2.9063988, 8.8332919 ], [ 2.9064095, 8.8330268 ], [ 2.9064202, 8.8328201 ], [ 2.9063827, 8.8327194 ], [ 2.906329, 8.8326081 ], [ 2.9062647, 8.8325074 ], [ 2.9061735, 8.8324596 ], [ 2.906093, 8.8324278 ], [ 2.9059428, 8.8323854 ], [ 2.9058516, 8.8323801 ], [ 2.9057389, 8.8323589 ], [ 2.9056209, 8.8322741 ], [ 2.9053634, 8.8321204 ], [ 2.905224, 8.8320091 ], [ 2.9051059, 8.8319243 ], [ 2.9049665, 8.8317864 ], [ 2.9048806, 8.8317016 ], [ 2.9047143, 8.8316115 ], [ 2.904532, 8.8315691 ], [ 2.9043174, 8.8315426 ], [ 2.9041779, 8.8315002 ], [ 2.9040492, 8.8314737 ], [ 2.9039258, 8.8314525 ], [ 2.9037809, 8.8314366 ], [ 2.9036254, 8.8314525 ], [ 2.903502, 8.8314525 ], [ 2.903384, 8.8313783 ], [ 2.903325, 8.8313147 ], [ 2.9032552, 8.8311821 ], [ 2.9032123, 8.8310231 ], [ 2.903164, 8.8308376 ], [ 2.9031104, 8.8305567 ], [ 2.9030728, 8.8304241 ], [ 2.9029816, 8.8302863 ], [ 2.9028261, 8.8301379 ], [ 2.9027349, 8.8300319 ], [ 2.9026383, 8.8298781 ], [ 2.9025471, 8.8296926 ], [ 2.9025149, 8.8295707 ], [ 2.9025257, 8.8294223 ], [ 2.9025525, 8.8291996 ], [ 2.9026222, 8.8289982 ], [ 2.902692, 8.8288339 ], [ 2.9028583, 8.8285423 ], [ 2.9029441, 8.8283197 ], [ 2.9030138, 8.8281554 ], [ 2.9030943, 8.8279115 ], [ 2.9031318, 8.8276412 ], [ 2.9031211, 8.8274557 ], [ 2.9030836, 8.8273125 ], [ 2.9030245, 8.8271111 ], [ 2.9029334, 8.826968 ], [ 2.9028368, 8.8268567 ], [ 2.902692, 8.8267294 ], [ 2.9025793, 8.826687 ], [ 2.9024559, 8.826687 ], [ 2.9023379, 8.826687 ], [ 2.902177, 8.8266711 ], [ 2.9019302, 8.8266128 ], [ 2.90178, 8.8265651 ], [ 2.9015815, 8.8265015 ], [ 2.901426, 8.8264697 ], [ 2.9013187, 8.8264114 ], [ 2.9012543, 8.8263266 ], [ 2.9012328, 8.826194 ], [ 2.9012328, 8.8260827 ], [ 2.9012221, 8.8260032 ], [ 2.9011685, 8.8258707 ], [ 2.9010665, 8.8257276 ], [ 2.9010022, 8.8256587 ], [ 2.9008949, 8.8256268 ], [ 2.9006857, 8.8256056 ], [ 2.9005676, 8.8255791 ], [ 2.9002404, 8.8254943 ], [ 2.9000473, 8.8254307 ], [ 2.8999454, 8.8253671 ], [ 2.8997898, 8.8252664 ], [ 2.8996611, 8.8251286 ], [ 2.899543, 8.8249854 ], [ 2.8994304, 8.8248423 ], [ 2.8993607, 8.8247628 ], [ 2.8992534, 8.8246568 ], [ 2.8991783, 8.824519 ], [ 2.899071, 8.8243864 ], [ 2.8990012, 8.824238 ], [ 2.8989851, 8.8240949 ], [ 2.89891, 8.8238828 ], [ 2.8988618, 8.8237503 ], [ 2.8988242, 8.8235913 ], [ 2.8988242, 8.8234217 ], [ 2.8988403, 8.8232043 ], [ 2.8989154, 8.8230294 ], [ 2.8990281, 8.8229287 ], [ 2.8991675, 8.8227696 ], [ 2.8992855, 8.8225947 ], [ 2.8993392, 8.8224993 ], [ 2.8993446, 8.8223827 ], [ 2.8993392, 8.8222077 ], [ 2.8992695, 8.8220063 ], [ 2.8992534, 8.8218473 ], [ 2.8992748, 8.821683 ], [ 2.8993177, 8.8215345 ], [ 2.899307, 8.8214179 ], [ 2.8992587, 8.8212695 ], [ 2.8991461, 8.8211582 ], [ 2.8989583, 8.8210044 ], [ 2.8987867, 8.8208666 ], [ 2.8986847, 8.8207765 ], [ 2.8986686, 8.8206811 ], [ 2.898674, 8.8204849 ], [ 2.8987169, 8.8202941 ], [ 2.8987169, 8.8201616 ], [ 2.8986418, 8.8200237 ], [ 2.8985345, 8.8199442 ], [ 2.8984004, 8.8198594 ], [ 2.898277, 8.8197799 ], [ 2.8981698, 8.8196951 ], [ 2.8981161, 8.8195997 ], [ 2.8980732, 8.819499 ], [ 2.8980249, 8.8194512 ], [ 2.8979498, 8.8193505 ], [ 2.8979337, 8.8192445 ], [ 2.8979284, 8.8191491 ], [ 2.8978532, 8.8190537 ], [ 2.8977138, 8.8189848 ], [ 2.897585, 8.818937 ], [ 2.8973061, 8.8189158 ], [ 2.8971881, 8.8188522 ], [ 2.8971183, 8.8186879 ], [ 2.8971183, 8.8185342 ], [ 2.8971612, 8.8184441 ], [ 2.8971881, 8.8183009 ], [ 2.8971505, 8.8182002 ], [ 2.8970271, 8.8180889 ], [ 2.8968286, 8.8180094 ], [ 2.8966784, 8.8179511 ], [ 2.8965765, 8.8179405 ], [ 2.8964424, 8.8178874 ], [ 2.8963673, 8.8178238 ], [ 2.8964049, 8.8177072 ], [ 2.8964639, 8.8175482 ], [ 2.8965068, 8.817421 ], [ 2.8965336, 8.8172831 ], [ 2.8964961, 8.8171824 ], [ 2.8964585, 8.8171082 ], [ 2.8964263, 8.8169386 ], [ 2.8963727, 8.8167371 ], [ 2.8963512, 8.816594 ], [ 2.8963834, 8.8165092 ], [ 2.8964263, 8.8164138 ], [ 2.8964639, 8.8162494 ], [ 2.8965121, 8.816101 ], [ 2.8965926, 8.8160109 ], [ 2.8966892, 8.8159738 ], [ 2.8968072, 8.8159579 ], [ 2.8968984, 8.8159738 ], [ 2.8969467, 8.8160215 ], [ 2.8970808, 8.8160586 ], [ 2.8972149, 8.8160533 ], [ 2.8973222, 8.8160109 ], [ 2.8974563, 8.8159473 ], [ 2.8975636, 8.8158519 ], [ 2.8976494, 8.8157352 ], [ 2.8977513, 8.8156504 ], [ 2.8978747, 8.8156239 ], [ 2.8980678, 8.8156345 ], [ 2.8981858, 8.815661 ], [ 2.8983575, 8.8156557 ], [ 2.8985077, 8.8156557 ], [ 2.8987008, 8.8156504 ], [ 2.898851, 8.8156027 ], [ 2.8989744, 8.8154755 ], [ 2.8990012, 8.8153536 ], [ 2.8990763, 8.8152263 ], [ 2.8991836, 8.8151362 ], [ 2.8991997, 8.8150514 ], [ 2.8991944, 8.814956 ], [ 2.8991622, 8.8148765 ], [ 2.8990656, 8.8147969 ], [ 2.8988725, 8.8147227 ], [ 2.898674, 8.8146326 ], [ 2.898497, 8.8145478 ], [ 2.8982073, 8.8144365 ], [ 2.8981107, 8.8143994 ], [ 2.8979766, 8.8142721 ], [ 2.8979391, 8.8142138 ], [ 2.8978264, 8.8141502 ], [ 2.8977352, 8.8140866 ], [ 2.8977084, 8.8139382 ], [ 2.8976923, 8.8138215 ], [ 2.8977138, 8.8136837 ], [ 2.8977138, 8.8135141 ], [ 2.897687, 8.8133869 ], [ 2.8976333, 8.8132914 ], [ 2.8975421, 8.813196 ], [ 2.8975153, 8.81309 ], [ 2.8974885, 8.8129363 ], [ 2.8975314, 8.8128196 ], [ 2.8974724, 8.8126818 ], [ 2.8973383, 8.8125705 ], [ 2.8971934, 8.8124592 ], [ 2.8970754, 8.812316 ], [ 2.8969628, 8.812157 ], [ 2.8968823, 8.8120245 ], [ 2.8967911, 8.8118442 ], [ 2.8967267, 8.81177 ], [ 2.8966033, 8.8117223 ], [ 2.896437, 8.8116587 ], [ 2.8962815, 8.8116163 ], [ 2.8961581, 8.8115368 ], [ 2.8961259, 8.8113883 ], [ 2.8961474, 8.8112558 ], [ 2.8960991, 8.8111286 ], [ 2.8960079, 8.8109961 ], [ 2.8959757, 8.8108317 ], [ 2.8959811, 8.8106727 ], [ 2.8960562, 8.8105614 ], [ 2.8962171, 8.8105084 ], [ 2.8964156, 8.81045 ], [ 2.8964907, 8.8103599 ], [ 2.8964907, 8.8102221 ], [ 2.896437, 8.8101108 ], [ 2.8963834, 8.809957 ], [ 2.8963995, 8.8098298 ], [ 2.8965336, 8.8096867 ], [ 2.8966302, 8.8095595 ], [ 2.8966623, 8.809411 ], [ 2.896657, 8.8092732 ], [ 2.8966033, 8.8091884 ], [ 2.89648, 8.8089604 ], [ 2.8962171, 8.8086265 ], [ 2.8960991, 8.8085894 ], [ 2.8959274, 8.8085151 ], [ 2.895745, 8.8084727 ], [ 2.8955626, 8.8084303 ], [ 2.8951496, 8.808319 ], [ 2.8950262, 8.808213 ], [ 2.894994, 8.8080804 ], [ 2.8950691, 8.8080062 ], [ 2.8951979, 8.8079532 ], [ 2.89523, 8.8078949 ], [ 2.8952193, 8.8077942 ], [ 2.8951067, 8.8077465 ], [ 2.8949618, 8.8076457 ], [ 2.8948384, 8.8074814 ], [ 2.8947633, 8.8073542 ], [ 2.8947419, 8.8072111 ], [ 2.8946775, 8.8070997 ], [ 2.8945327, 8.8069884 ], [ 2.8944737, 8.8068506 ], [ 2.8945541, 8.8067074 ], [ 2.8946024, 8.8065643 ], [ 2.8946078, 8.8064583 ], [ 2.8946507, 8.806347 ], [ 2.8947151, 8.8061773 ] ] } },
{ "type": "Feature", "properties": { "name": "Okpara", "waterway": "river" }, "geometry": { "type": "MultiLineString", "coordinates": [ [ [ 2.7652527, 8.8726883 ], [ 2.7651068, 8.8727142 ], [ 2.7646328, 8.8729672 ], [ 2.764285402833643, 8.873201977906088 ] ], [ [ 2.762827997854792, 8.854236653831656 ], [ 2.7628362, 8.8542135 ], [ 2.7629542, 8.8538319 ], [ 2.7629848, 8.853493 ], [ 2.7629575, 8.8530289 ], [ 2.7628846, 8.8524292 ], [ 2.7627933, 8.8520085 ], [ 2.7627182, 8.8517859 ], [ 2.7625188, 8.8514803 ], [ 2.7624333, 8.851373 ], [ 2.7623695, 8.8512929 ], [ 2.7623251, 8.8511854 ], [ 2.762271, 8.8510543 ], [ 2.76223, 8.8508583 ], [ 2.7621587, 8.850574 ], [ 2.762045, 8.8502779 ], [ 2.7618974, 8.8499148 ], [ 2.7617848, 8.8496604 ], [ 2.761699, 8.8495331 ], [ 2.7615441, 8.8493537 ], [ 2.7611119, 8.8489439 ], [ 2.7607118, 8.848571 ], [ 2.760638637202524, 8.8485013655636 ] ], [ [ 2.764330031956706, 8.823097787871538 ], [ 2.7643558, 8.8231443 ], [ 2.7645458, 8.8231743 ], [ 2.764571998714807, 8.823160734090141 ] ], [ [ 2.760065547018548, 8.806234915017209 ], [ 2.7600648, 8.8061134 ], [ 2.7599338, 8.8056784 ], [ 2.7597508, 8.8053464 ], [ 2.7593098, 8.8049634 ], [ 2.7589488, 8.8047914 ], [ 2.7585978, 8.8047694 ], [ 2.7581768, 8.8050244 ], [ 2.7577178, 8.8052314 ], [ 2.7571148, 8.8054624 ], [ 2.7564748, 8.8056724 ], [ 2.7556238, 8.8058824 ], [ 2.7547128, 8.8061724 ], [ 2.7540778, 8.8064554 ], [ 2.7532798, 8.8068444 ], [ 2.7520228, 8.8073174 ], [ 2.7510648, 8.8077544 ], [ 2.7502408, 8.8080664 ], [ 2.7496948, 8.8082554 ], [ 2.7489818, 8.8082834 ], [ 2.7478468, 8.8084694 ], [ 2.7470678, 8.8084944 ], [ 2.746198234034583, 8.808359781001169 ] ], [ [ 2.73946099881312, 8.792070081330809 ], [ 2.7394648, 8.7920324 ], [ 2.7394268, 8.7916354 ], [ 2.7393158, 8.7913844 ], [ 2.739115081136924, 8.791219589557382 ] ], [ [ 2.736523200128533, 8.790188087400734 ], [ 2.7365048, 8.7901744 ], [ 2.7361048, 8.7898764 ], [ 2.7355318, 8.7896524 ], [ 2.7347818, 8.7894764 ], [ 2.7338258, 8.7891224 ], [ 2.7327638, 8.7884614 ], [ 2.732327684504396, 8.788104279009261 ] ] ] } },
{ "type": "Feature", "properties": { "name": null, "waterway": "stream" }, "geometry": { "type": "LineString", "coordinates": [ [ 3.3356166, 8.8338909 ], [ 3.339436, 8.8329367 ], [ 3.3429765, 8.8312829 ], [ 3.3445644, 8.8292686 ], [ 3.345478910222985, 8.827846354595533 ] ] } },
{ "type": "Feature", "properties": { "name": null, "waterway": "stream" }, "geometry": { "type": "LineString", "coordinates": [ [ 2.8942465, 8.8374041 ], [ 2.8944308, 8.8373629 ], [ 2.8947365, 8.8372886 ], [ 2.8949243, 8.837225 ], [ 2.8950638, 8.8371561 ], [ 2.8952676, 8.8370501 ], [ 2.8956914, 8.8368116 ], [ 2.8958309, 8.8367639 ], [ 2.8960347, 8.836695 ], [ 2.8961849, 8.836695 ], [ 2.8963673, 8.8367268 ], [ 2.8965926, 8.8367109 ], [ 2.8967482, 8.8366367 ], [ 2.8969252, 8.8364829 ], [ 2.8971022, 8.8362285 ], [ 2.8973544, 8.8360112 ], [ 2.897526, 8.8358627 ], [ 2.8976977, 8.8357355 ], [ 2.8979123, 8.8356083 ], [ 2.8980893, 8.8354864 ], [ 2.8982073, 8.8353963 ], [ 2.8982985, 8.8353062 ], [ 2.8983843, 8.8351683 ], [ 2.8985238, 8.8349457 ], [ 2.8986686, 8.8347655 ], [ 2.8988296, 8.8346595 ], [ 2.8989476, 8.834633 ], [ 2.8991139, 8.834633 ], [ 2.899822, 8.8345906 ], [ 2.9000258, 8.8345535 ], [ 2.9001868, 8.8344739 ], [ 2.9003048, 8.8343414 ], [ 2.9003745, 8.834193 ], [ 2.9004335, 8.8340658 ], [ 2.9005247, 8.8339545 ], [ 2.9006159, 8.8338538 ], [ 2.9007554, 8.8337424 ], [ 2.9010183, 8.833488 ], [ 2.9011792, 8.8333926 ], [ 2.9014474, 8.8332601 ], [ 2.9016244, 8.8331806 ], [ 2.901898, 8.8330745 ], [ 2.9021609, 8.8329844 ], [ 2.9023647, 8.8328837 ], [ 2.9025578, 8.8327671 ], [ 2.9027885, 8.8326134 ], [ 2.9029924, 8.8324649 ], [ 2.9031801, 8.8322476 ], [ 2.9033357, 8.8320727 ], [ 2.9034269, 8.8319031 ], [ 2.9034805, 8.8317334 ], [ 2.903502, 8.831585 ], [ 2.903502, 8.8314525 ] ] } },
{ "type": "Feature", "properties": { "name": null, "waterway": "stream" }, "geometry": { "type": "LineString", "coordinates": [ [ 2.8941464, 8.8374265 ], [ 2.8942465, 8.8374041 ] ] } },
{ "type": "Feature", "properties": { "name": null, "waterway": "stream" }, "geometry": { "type": "LineString", "coordinates": [ [ 2.8887498, 8.8391121 ], [ 2.8889054, 8.8390061 ], [ 2.8890878, 8.8389001 ], [ 2.8893453, 8.8387994 ], [ 2.8895491, 8.8386827 ], [ 2.8897047, 8.8386085 ], [ 2.8899193, 8.8385714 ], [ 2.8901875, 8.8385449 ], [ 2.8903806, 8.8385078 ], [ 2.8906327, 8.8384548 ], [ 2.8909278, 8.8383753 ], [ 2.891137, 8.8382958 ], [ 2.8913891, 8.8381951 ], [ 2.8915822, 8.8381368 ], [ 2.8917754, 8.8380838 ], [ 2.8920007, 8.8380414 ], [ 2.8922152, 8.8380042 ], [ 2.8924352, 8.8379459 ], [ 2.8926605, 8.8378558 ], [ 2.8928053, 8.837771 ], [ 2.8930736, 8.8377233 ], [ 2.8933418, 8.8376332 ], [ 2.8935295, 8.8375219 ], [ 2.8937495, 8.8374636 ], [ 2.8939426, 8.8374477 ], [ 2.8941464, 8.8374265 ] ] } },
{ "type": "Feature", "properties": { "name": null, "waterway": "stream" }, "geometry": { "type": "LineString", "coordinates": [ [ 2.7804261, 8.8670776 ], [ 2.7801526, 8.8675281 ], [ 2.779752, 8.8681346 ], [ 2.7794069, 8.8686571 ], [ 2.7792674, 8.8687896 ], [ 2.7791226, 8.868885 ], [ 2.7789509, 8.868938 ], [ 2.7787417, 8.8690069 ], [ 2.7785271, 8.8690917 ], [ 2.7783769, 8.8691606 ], [ 2.7781409, 8.869309 ], [ 2.7778941, 8.8694998 ], [ 2.7773738, 8.8698496 ], [ 2.777186, 8.8698973 ], [ 2.7769607, 8.869945 ], [ 2.7767408, 8.8699609 ], [ 2.7764511, 8.8699238 ], [ 2.7761453, 8.8698443 ], [ 2.7759093, 8.869786 ], [ 2.7757215, 8.86968 ], [ 2.7754909, 8.869521 ], [ 2.775346, 8.8694044 ], [ 2.7751476, 8.8693143 ], [ 2.7749008, 8.8692348 ], [ 2.7746648, 8.8692189 ], [ 2.7744448, 8.8692295 ], [ 2.7741444, 8.869309 ], [ 2.7740318, 8.8693885 ], [ 2.7738815, 8.8694945 ], [ 2.7736884, 8.8695634 ], [ 2.7734363, 8.8695899 ], [ 2.7732056, 8.8695899 ], [ 2.773034, 8.8695899 ], [ 2.7729589, 8.8696058 ], [ 2.7728301, 8.86968 ], [ 2.7727121, 8.8697754 ], [ 2.7718967, 8.8703001 ], [ 2.7716821, 8.8703955 ], [ 2.7714997, 8.8704486 ], [ 2.7710062, 8.8705122 ], [ 2.7708667, 8.8705599 ], [ 2.770797, 8.8706712 ], [ 2.7707112, 8.8707613 ], [ 2.7706361, 8.8707984 ], [ 2.7705016, 8.8708238 ], [ 2.7701855, 8.8708143 ], [ 2.7700138, 8.870862 ], [ 2.7697349, 8.870968 ], [ 2.7696222, 8.871074 ], [ 2.7695095, 8.8712171 ], [ 2.7694774, 8.8713602 ], [ 2.7694076, 8.8715245 ], [ 2.7692896, 8.8716146 ], [ 2.7691511, 8.8716978 ] ] } },
{ "type": "Feature", "properties": { "name": "Okpara", "waterway": "river" }, "geometry": { "type": "MultiLineString", "coordinates": [ [ [ 2.7702499, 8.8727542 ], [ 2.769845649471598, 8.872719923964571 ] ], [ [ 2.769332226590874, 8.872490193890579 ], [ 2.769295, 8.8724679 ], [ 2.7691904, 8.8724229 ], [ 2.769067, 8.8723778 ], [ 2.768959823792724, 8.872339026355048 ] ], [ [ 2.76872461782389, 8.872253934775879 ], [ 2.7683052, 8.8721022 ], [ 2.7681228, 8.8720598 ], [ 2.7680209, 8.8720492 ], [ 2.7679136, 8.8720678 ], [ 2.767901438005147, 8.872074321837324 ] ], [ [ 2.766998545276973, 8.872159709124743 ], [ 2.7667576, 8.8720969 ], [ 2.7666342, 8.8720598 ], [ 2.7664787, 8.8719989 ], [ 2.766374, 8.8719379 ], [ 2.7662694, 8.8718849 ], [ 2.7661648, 8.8718425 ], [ 2.7660549, 8.8718054 ] ] ] } },
{ "type": "Feature", "properties": { "name": "Okpara", "waterway": "river" }, "geometry": { "type": "LineString", "coordinates": [ [ 2.7651068, 8.8727142 ], [ 2.7648693, 8.8727224 ], [ 2.7645957, 8.8726959 ], [ 2.7644187, 8.8726216 ], [ 2.7642202, 8.8725633 ], [ 2.7639627, 8.8725421 ], [ 2.7637321, 8.8725686 ], [ 2.763598, 8.8726429 ], [ 2.7633887, 8.872786 ], [ 2.7632707, 8.8728284 ], [ 2.7631313, 8.8728973 ], [ 2.7629167, 8.8729715 ], [ 2.7627557, 8.8730404 ], [ 2.76257908512738, 8.873094093622843 ] ] } },
{ "type": "Feature", "properties": { "name": null, "waterway": "stream" }, "geometry": { "type": "LineString", "coordinates": [ [ 4.7715861, 8.6125997 ], [ 4.7717204, 8.6128281 ], [ 4.7717849, 8.6130565 ], [ 4.7717097, 8.613237 ], [ 4.7713766, 8.6134601 ], [ 4.771194, 8.6136142 ], [ 4.7712047, 8.6137735 ], [ 4.7714679, 8.6139063 ], [ 4.7718225, 8.6140604 ], [ 4.7720213, 8.6142197 ], [ 4.7721878, 8.6145065 ], [ 4.7721878, 8.6148146 ], [ 4.7719944, 8.6151705 ], [ 4.7718114, 8.6155857 ], [ 4.7716898, 8.6159556 ], [ 4.7717012, 8.616166 ], [ 4.7717981, 8.6163575 ], [ 4.771876, 8.616688 ], [ 4.7718095, 8.6169528 ], [ 4.7716461, 8.617135 ], [ 4.7709976, 8.6174961 ], [ 4.7705946, 8.6179795 ], [ 4.7702454, 8.6188771 ], [ 4.7703744, 8.6195517 ], [ 4.7702616, 8.6200616 ], [ 4.7699124, 8.6211877 ], [ 4.769547, 8.6217135 ], [ 4.7692677, 8.6222128 ], [ 4.7691549, 8.6225687 ], [ 4.7692731, 8.6228608 ], [ 4.7695309, 8.6232432 ], [ 4.7695202, 8.6236788 ], [ 4.7693107, 8.6241143 ], [ 4.7691925, 8.6251872 ], [ 4.7688057, 8.6263133 ], [ 4.7689561, 8.6269506 ], [ 4.7690958, 8.6270516 ], [ 4.7693859, 8.6268763 ], [ 4.7697351, 8.6264248 ], [ 4.769907, 8.6262761 ], [ 4.7706537, 8.6265257 ], [ 4.7711533, 8.626855 ], [ 4.7712984, 8.6274499 ], [ 4.7716154, 8.628491 ] ] } },
{ "type": "Feature", "properties": { "name": null, "waterway": "stream" }, "geometry": { "type": "LineString", "coordinates": [ [ 4.7712529, 8.7013104 ], [ 4.7700673, 8.701337 ], [ 4.7696167, 8.7012892 ], [ 4.7692841, 8.7011991 ], [ 4.7691125, 8.7011673 ], [ 4.7684795, 8.7011514 ], [ 4.7679698, 8.7010612 ], [ 4.7675514, 8.7010347 ], [ 4.7663069, 8.7010612 ], [ 4.766221, 8.70104 ], [ 4.7657865, 8.7008597 ], [ 4.7654164, 8.7007325 ], [ 4.7651482, 8.7006794 ], [ 4.7648853, 8.7006529 ], [ 4.7645956, 8.7006635 ], [ 4.7641611, 8.7007643 ], [ 4.7639948, 8.7007749 ], [ 4.7632974, 8.7009287 ], [ 4.7630775, 8.7009552 ], [ 4.7622406, 8.7010082 ], [ 4.761951, 8.7010082 ], [ 4.7615808, 8.7009658 ], [ 4.7611517, 8.7009446 ], [ 4.7606206, 8.7012945 ], [ 4.7605026, 8.7014112 ], [ 4.7603095, 8.7017028 ], [ 4.7600144, 8.702021 ], [ 4.7597891, 8.7024081 ], [ 4.7596925, 8.702546 ], [ 4.759376, 8.7029331 ], [ 4.7591025, 8.7032406 ], [ 4.7588289, 8.7035959 ], [ 4.7585446, 8.7038133 ], [ 4.7581047, 8.7042481 ], [ 4.7580349, 8.7044019 ], [ 4.7579867, 8.7044761 ], [ 4.7578472, 8.7045716 ], [ 4.7576165, 8.7046829 ], [ 4.7572732, 8.7049481 ], [ 4.7568387, 8.7055844 ], [ 4.7567207, 8.7057063 ], [ 4.7564954, 8.7058336 ], [ 4.7564363, 8.7058919 ], [ 4.7563881, 8.706051 ], [ 4.75649, 8.7063586 ], [ 4.7563988, 8.7065017 ], [ 4.7563344, 8.7066555 ], [ 4.7563076, 8.7068146 ], [ 4.7562164, 8.7069631 ], [ 4.7561628, 8.7070267 ], [ 4.7559428, 8.7071274 ], [ 4.7558677, 8.7070956 ], [ 4.7557819, 8.7070903 ], [ 4.7557014, 8.7071274 ], [ 4.7555673, 8.7072335 ], [ 4.755519, 8.7073873 ], [ 4.755519, 8.7074721 ], [ 4.7555512, 8.7076365 ], [ 4.7555512, 8.7082993 ], [ 4.7555834, 8.7084584 ], [ 4.7555619, 8.7087818 ], [ 4.7557229, 8.7093333 ], [ 4.7557336, 8.7096621 ], [ 4.7558302, 8.7098848 ], [ 4.7558892, 8.7101287 ], [ 4.7558033, 8.7103726 ], [ 4.755798, 8.710537 ], [ 4.7558892, 8.7108923 ], [ 4.7559375, 8.7112104 ], [ 4.7560126, 8.7113589 ], [ 4.756211, 8.7116187 ], [ 4.7562754, 8.7117725 ], [ 4.756254, 8.711852 ], [ 4.7561145, 8.7119687 ], [ 4.7560662, 8.7120429 ], [ 4.756034, 8.7126262 ], [ 4.7559643, 8.71278 ], [ 4.7558463, 8.7128966 ], [ 4.7558516, 8.7129761 ], [ 4.7559589, 8.7132095 ], [ 4.7559696, 8.7132943 ], [ 4.7559482, 8.7134587 ], [ 4.7560501, 8.7136814 ], [ 4.7560716, 8.7137662 ], [ 4.7560501, 8.7140897 ], [ 4.7560233, 8.7141692 ], [ 4.755916, 8.7143071 ], [ 4.7558784, 8.7144662 ], [ 4.7559375, 8.7148638 ], [ 4.7559965, 8.715182 ], [ 4.7559643, 8.7152562 ], [ 4.7556531, 8.7153941 ], [ 4.7555888, 8.7154524 ], [ 4.7555405, 8.7156062 ], [ 4.7555351, 8.7158819 ], [ 4.7552937, 8.7159721 ], [ 4.755165, 8.7160834 ], [ 4.7551167, 8.7161523 ], [ 4.7551113, 8.7163114 ], [ 4.7551382, 8.7163963 ], [ 4.7551006, 8.7166455 ], [ 4.7551596, 8.7168894 ], [ 4.755165, 8.7169742 ], [ 4.7551435, 8.7170538 ], [ 4.7550309, 8.7172765 ], [ 4.7549719, 8.7173401 ], [ 4.7546822, 8.7175151 ], [ 4.7546661, 8.7175946 ], [ 4.7546983, 8.7179181 ], [ 4.7547573, 8.718162 ], [ 4.7547626, 8.7183263 ], [ 4.7547144, 8.7184854 ], [ 4.7546232, 8.7189414 ], [ 4.7545856, 8.7190422 ], [ 4.7545642, 8.7192065 ], [ 4.7546446, 8.7195247 ], [ 4.7546446, 8.7196838 ], [ 4.7545052, 8.7197792 ], [ 4.7543442, 8.7198534 ], [ 4.7542852, 8.7199118 ], [ 4.7542745, 8.7199913 ], [ 4.7543818, 8.7202988 ], [ 4.754371, 8.7208079 ], [ 4.7543871, 8.7210518 ], [ 4.7543228, 8.7215608 ], [ 4.7542852, 8.7222554 ], [ 4.7542477, 8.7224145 ], [ 4.7542101, 8.7224887 ], [ 4.7541994, 8.7225683 ], [ 4.7542155, 8.7226478 ], [ 4.7543549, 8.7228546 ], [ 4.7543979, 8.723178 ], [ 4.7544837, 8.7234166 ] ] } },
{ "type": "Feature", "properties": { "name": null, "waterway": "stream" }, "geometry": { "type": "LineString", "coordinates": [ [ 4.7724438, 8.7119687 ], [ 4.7723794, 8.7123133 ], [ 4.7722506, 8.7126315 ], [ 4.7722399, 8.7129815 ], [ 4.7722667, 8.713167 ], [ 4.7723472, 8.7134269 ], [ 4.7725135, 8.713798 ], [ 4.7725671, 8.7145298 ], [ 4.7726583, 8.7148585 ], [ 4.7727227, 8.7150176 ], [ 4.7729319, 8.7153729 ], [ 4.7730714, 8.7156698 ], [ 4.7732967, 8.7160728 ], [ 4.7734201, 8.7161789 ], [ 4.7739565, 8.7164811 ], [ 4.7741818, 8.7166349 ], [ 4.7742784, 8.7167621 ], [ 4.7744286, 8.7170538 ], [ 4.7748256, 8.7174276 ] ] } },
{ "type": "Feature", "properties": { "name": null, "waterway": "stream" }, "geometry": { "type": "LineString", "coordinates": [ [ 4.7787952, 8.7099802 ], [ 4.7786826, 8.710134 ], [ 4.7784787, 8.7104628 ], [ 4.7781944, 8.7109771 ], [ 4.7778726, 8.7118361 ], [ 4.7778189, 8.7120005 ], [ 4.7777706, 8.712255 ], [ 4.7777116, 8.7124406 ], [ 4.7775936, 8.7126368 ], [ 4.7773415, 8.7129655 ], [ 4.7771108, 8.7133049 ], [ 4.7766763, 8.7138352 ], [ 4.7766173, 8.7139518 ], [ 4.7765368, 8.7141904 ], [ 4.77651, 8.7143018 ], [ 4.7764027, 8.7145987 ], [ 4.7762686, 8.7149063 ], [ 4.7762525, 8.7149858 ], [ 4.7758877, 8.7155319 ], [ 4.7757348, 8.7156884 ], [ 4.7754639, 8.7158846 ], [ 4.7750428, 8.7164228 ], [ 4.7749409, 8.7165659 ], [ 4.7748846, 8.716664 ], [ 4.7748283, 8.7168231 ], [ 4.7748256, 8.7169132 ], [ 4.7748256, 8.7170166 ], [ 4.7748256, 8.7174276 ], [ 4.7748846, 8.7179499 ], [ 4.7745332, 8.7185252 ], [ 4.774442, 8.7186418 ], [ 4.7743991, 8.7187161 ], [ 4.774375, 8.7187956 ], [ 4.7741711, 8.7189785 ], [ 4.7741336, 8.7191058 ], [ 4.7740906, 8.7194239 ], [ 4.7741604, 8.7200337 ], [ 4.7741604, 8.7201371 ], [ 4.774147, 8.7202803 ], [ 4.7741228, 8.7204049 ], [ 4.7740638, 8.7206196 ], [ 4.7740236, 8.720723 ], [ 4.7739163, 8.7208476 ], [ 4.7737741, 8.7209776 ], [ 4.7736749, 8.7210942 ], [ 4.7735542, 8.7212904 ], [ 4.7734845, 8.721415 ], [ 4.7734845, 8.7216059 ], [ 4.773514, 8.7218153 ], [ 4.7736186, 8.7222289 ], [ 4.7735649, 8.7228493 ], [ 4.7735488, 8.7229394 ], [ 4.7734737, 8.7231939 ], [ 4.7733504, 8.7235121 ], [ 4.7733128, 8.7235863 ], [ 4.7732538, 8.723756 ], [ 4.7732216, 8.7239151 ], [ 4.7732162, 8.724159 ], [ 4.7732753, 8.7243976 ], [ 4.7733611, 8.7246362 ], [ 4.7733772, 8.7248801 ], [ 4.7732162, 8.7258663 ], [ 4.7731411, 8.7261049 ], [ 4.773109, 8.7263488 ], [ 4.7730714, 8.7265079 ], [ 4.7730178, 8.726667 ], [ 4.7729427, 8.7268261 ], [ 4.7728997, 8.7269904 ], [ 4.7728944, 8.7271548 ], [ 4.7729427, 8.7273987 ], [ 4.7729427, 8.7276479 ], [ 4.7728997, 8.727807 ], [ 4.7728676, 8.7278812 ], [ 4.7728085, 8.7281198 ], [ 4.7728085, 8.7286129 ], [ 4.7727013, 8.7289311 ], [ 4.7726905, 8.7290106 ], [ 4.7726905, 8.7294984 ], [ 4.772535, 8.7301135 ], [ 4.7725457, 8.7302036 ], [ 4.7725457, 8.7303733 ], [ 4.7725671, 8.7305323 ], [ 4.772712, 8.7310944 ], [ 4.7727817, 8.7314337 ], [ 4.7728676, 8.7316617 ], [ 4.7729695, 8.7318897 ], [ 4.7730607, 8.7320382 ], [ 4.7733021, 8.7322715 ], [ 4.7733557, 8.7323351 ], [ 4.773463, 8.7324677 ], [ 4.7735918, 8.7326851 ], [ 4.7736937, 8.7329078 ], [ 4.7737634, 8.7333054 ], [ 4.7737956, 8.733385 ], [ 4.7738278, 8.7335493 ], [ 4.7737688, 8.7340689 ], [ 4.7737527, 8.7341485 ], [ 4.7736615, 8.7343977 ], [ 4.7736454, 8.7345727 ], [ 4.7736508, 8.734737 ], [ 4.7737795, 8.7352142 ], [ 4.7738492, 8.735368 ], [ 4.7739834, 8.7355748 ], [ 4.7740209, 8.735649 ], [ 4.7740692, 8.7357126 ], [ 4.7741872, 8.7358293 ], [ 4.7741979, 8.7359088 ], [ 4.7741979, 8.7360679 ], [ 4.7742355, 8.7361421 ], [ 4.7742972, 8.7363383 ], [ 4.7743481, 8.7365901 ], [ 4.7743508, 8.7367359 ], [ 4.7743401, 8.7369109 ], [ 4.7743723, 8.7371495 ], [ 4.7743696, 8.7373165 ], [ 4.7743401, 8.737526 ], [ 4.7742757, 8.7377381 ], [ 4.7742301, 8.7379475 ], [ 4.7741872, 8.7380906 ], [ 4.7741684, 8.7382577 ], [ 4.7742516, 8.7384008 ], [ 4.7744662, 8.7385917 ], [ 4.7745064, 8.7386633 ], [ 4.7745573, 8.7388197 ], [ 4.77456, 8.7389019 ], [ 4.7745493, 8.7389814 ], [ 4.7745439, 8.7391458 ], [ 4.7745654, 8.7392253 ], [ 4.7746298, 8.7393791 ], [ 4.7746834, 8.7394904 ], [ 4.7747317, 8.7395593 ], [ 4.7747639, 8.7396362 ], [ 4.7747585, 8.7397555 ], [ 4.7747397, 8.7398536 ], [ 4.7747397, 8.7399756 ], [ 4.7747773, 8.7402248 ], [ 4.7748283, 8.740291 ], [ 4.7748631, 8.7403122 ], [ 4.7749811, 8.7403016 ], [ 4.7750214, 8.7403069 ], [ 4.7750884, 8.7403494 ], [ 4.7751528, 8.7405429 ], [ 4.7751823, 8.740572 ], [ 4.7752976, 8.7406171 ], [ 4.7753298, 8.7406436 ], [ 4.7753996, 8.7407497 ], [ 4.775421, 8.7409087 ], [ 4.7754559, 8.741028 ], [ 4.7754613, 8.7411182 ], [ 4.7754452, 8.7411977 ], [ 4.7753888, 8.741309 ], [ 4.7753781, 8.7413912 ], [ 4.775421, 8.7415556 ], [ 4.7754639, 8.7416669 ], [ 4.77559, 8.7419135 ], [ 4.775598, 8.7419532 ], [ 4.775649, 8.7420195 ], [ 4.7757483, 8.7420858 ], [ 4.7757751, 8.7421176 ], [ 4.7757885, 8.7421574 ], [ 4.7758287, 8.7423164 ], [ 4.7758394, 8.7424013 ], [ 4.7758341, 8.742441 ], [ 4.7758153, 8.7424782 ], [ 4.7757402, 8.7425789 ], [ 4.7757187, 8.7426584 ], [ 4.7757214, 8.742738 ], [ 4.7758824, 8.7431224 ], [ 4.7761211, 8.7434962 ], [ 4.7761855, 8.7435492 ], [ 4.7764215, 8.7436261 ], [ 4.7765234, 8.7436897 ], [ 4.7765475, 8.7437268 ], [ 4.7765771, 8.7438859 ], [ 4.7765958, 8.743923 ], [ 4.7766951, 8.7439919 ], [ 4.7767219, 8.7440237 ], [ 4.7767943, 8.7443445 ] ] } },
{ "type": "Feature", "properties": { "name": null, "waterway": "stream" }, "geometry": { "type": "LineString", "coordinates": [ [ 4.7092469, 8.7914737 ], [ 4.709013, 8.7913278 ], [ 4.7090504, 8.7910694 ], [ 4.7091624, 8.7908848 ], [ 4.7091064, 8.790774 ], [ 4.709013, 8.7906079 ], [ 4.7088262, 8.790534 ], [ 4.7086207, 8.7905525 ], [ 4.7084526, 8.790571 ], [ 4.7081911, 8.7905525 ], [ 4.7080603, 8.7903494 ], [ 4.7079951, 8.7900033 ], [ 4.7079219, 8.7897141 ], [ 4.7078243, 8.7895292 ], [ 4.7077837, 8.7893525 ], [ 4.7078325, 8.7890712 ], [ 4.7078243, 8.7889587 ], [ 4.7078162, 8.7886936 ], [ 4.7078081, 8.788565 ], [ 4.7076454, 8.7882436 ], [ 4.7075479, 8.7878659 ], [ 4.7074828, 8.7875686 ], [ 4.7074015, 8.7873757 ], [ 4.7074505, 8.7872472 ], [ 4.7075632, 8.7870564 ], [ 4.7076275, 8.7868814 ], [ 4.7077295, 8.7865951 ], [ 4.7077402, 8.7864414 ], [ 4.7077402, 8.7862399 ], [ 4.7076704, 8.786065 ], [ 4.7076168, 8.7859165 ], [ 4.7075632, 8.7857946 ], [ 4.7074398, 8.7856992 ], [ 4.7072413, 8.785625 ], [ 4.7070112, 8.7854905 ], [ 4.7068074, 8.7853473 ], [ 4.7066733, 8.7851989 ], [ 4.7065767, 8.7851406 ], [ 4.7064748, 8.7851618 ], [ 4.7064104, 8.7851512 ], [ 4.7063031, 8.7850822 ], [ 4.7062602, 8.7850239 ], [ 4.7061958, 8.7850875 ], [ 4.7060724, 8.7851406 ], [ 4.7059544, 8.7850982 ], [ 4.7058632, 8.7849921 ], [ 4.7057989, 8.7848331 ], [ 4.7057077, 8.7847111 ], [ 4.7056218, 8.7845521 ], [ 4.7056272, 8.7844249 ], [ 4.7055575, 8.7843082 ], [ 4.7054394, 8.784234 ], [ 4.7053161, 8.7840697 ], [ 4.7052839, 8.7839318 ], [ 4.7052249, 8.7837463 ], [ 4.7051659, 8.7836485 ], [ 4.7051069, 8.7834735 ], [ 4.7050639, 8.7833304 ], [ 4.7049406, 8.7831342 ], [ 4.7048869, 8.7830123 ], [ 4.7048386, 8.7829381 ], [ 4.7047689, 8.7828638 ], [ 4.7045972, 8.7827578 ], [ 4.7044953, 8.7827048 ], [ 4.7043987, 8.7826942 ], [ 4.7043076, 8.7827101 ], [ 4.7041842, 8.7826624 ], [ 4.7040876, 8.7825935 ], [ 4.7039696, 8.7825139 ], [ 4.7038945, 8.7824609 ], [ 4.7038248, 8.7823708 ], [ 4.7037336, 8.7822489 ], [ 4.7037872, 8.7821481 ], [ 4.7039374, 8.7821322 ], [ 4.7040876, 8.7821322 ], [ 4.7042271, 8.7821004 ], [ 4.7043558, 8.7820472 ], [ 4.7044095, 8.7819783 ], [ 4.7044095, 8.7818882 ], [ 4.7043558, 8.7818139 ], [ 4.7042164, 8.7816602 ], [ 4.7041198, 8.7815277 ], [ 4.7039803, 8.781464 ], [ 4.703932, 8.781358 ], [ 4.7040071, 8.7812732 ], [ 4.704034, 8.7811459 ], [ 4.7040286, 8.7809869 ], [ 4.7039589, 8.7808809 ], [ 4.7038462, 8.7807642 ], [ 4.7037508, 8.7806734 ], [ 4.7036918, 8.7805621 ], [ 4.7036221, 8.7804879 ], [ 4.7035363, 8.7804189 ], [ 4.7034773, 8.7803977 ], [ 4.7034022, 8.7802652 ], [ 4.7033271, 8.7802069 ], [ 4.7030588, 8.7802811 ], [ 4.7028603, 8.7803606 ], [ 4.7026994, 8.7804401 ], [ 4.7025868, 8.7804508 ], [ 4.7024205, 8.7805038 ], [ 4.7023346, 8.780525 ], [ 4.7022488, 8.7805515 ], [ 4.7021469, 8.7805727 ], [ 4.7019277, 8.7805409 ], [ 4.7017293, 8.7804879 ], [ 4.701504, 8.7805144 ], [ 4.7013537, 8.780525 ], [ 4.7012411, 8.7804614 ], [ 4.7010372, 8.7803765 ], [ 4.7008602, 8.7803712 ], [ 4.7007422, 8.7803447 ], [ 4.7006832, 8.7801804 ], [ 4.7006135, 8.7799948 ], [ 4.700533, 8.7798888 ], [ 4.7004203, 8.7797987 ], [ 4.7002594, 8.7798199 ], [ 4.7000824, 8.7799736 ], [ 4.6999805, 8.7801168 ], [ 4.6997927, 8.7802705 ], [ 4.6996157, 8.780403 ], [ 4.6994869, 8.7804189 ], [ 4.6992563, 8.7803129 ], [ 4.6991031, 8.7802864 ], [ 4.699012, 8.7802705 ], [ 4.6988993, 8.7803076 ], [ 4.6988349, 8.7804348 ], [ 4.6986633, 8.7805038 ], [ 4.6985023, 8.7805303 ], [ 4.6983468, 8.7805462 ], [ 4.6982556, 8.780472 ], [ 4.6981483, 8.7803129 ], [ 4.6979927, 8.7802599 ], [ 4.6978371, 8.7802599 ], [ 4.6974992, 8.7802387 ], [ 4.6973168, 8.7802122 ], [ 4.6971451, 8.7802652 ], [ 4.6968447, 8.7804401 ], [ 4.6965872, 8.7805621 ], [ 4.6965175, 8.7805674 ], [ 4.6964726, 8.780578 ], [ 4.6963707, 8.7805091 ], [ 4.6962473, 8.7804348 ], [ 4.6961615, 8.7804083 ], [ 4.6960274, 8.7804561 ], [ 4.6959523, 8.7804879 ], [ 4.6957592, 8.7804932 ], [ 4.6956036, 8.7804136 ], [ 4.6954427, 8.7803606 ], [ 4.6953568, 8.7804242 ], [ 4.6953998, 8.7805356 ], [ 4.6953407, 8.7806257 ], [ 4.6951423, 8.7806363 ], [ 4.6950135, 8.7806363 ], [ 4.694874, 8.7806257 ], [ 4.694717, 8.7805939 ], [ 4.6945453, 8.7805462 ], [ 4.6944112, 8.7805886 ], [ 4.6942824, 8.7807264 ], [ 4.6942181, 8.7808961 ], [ 4.6941537, 8.7810339 ], [ 4.6939928, 8.7810869 ], [ 4.6937943, 8.7810604 ], [ 4.693628, 8.7810604 ], [ 4.6931506, 8.7811187 ], [ 4.6929735, 8.7811718 ], [ 4.692818, 8.7811293 ], [ 4.6926356, 8.7810551 ], [ 4.6924746, 8.7809968 ], [ 4.6923405, 8.7809756 ], [ 4.6922118, 8.7810551 ], [ 4.6920401, 8.7810657 ], [ 4.6919489, 8.7809597 ], [ 4.6918524, 8.7808643 ], [ 4.6917558, 8.7806681 ], [ 4.6917075, 8.7805409 ], [ 4.6916753, 8.7804454 ], [ 4.6916432, 8.7803394 ], [ 4.6915515, 8.7802493 ], [ 4.6914066, 8.7802122 ], [ 4.6911652, 8.7802228 ], [ 4.6910565, 8.7802444 ], [ 4.690838, 8.7802811 ], [ 4.6906932, 8.7803076 ], [ 4.6905322, 8.7803818 ], [ 4.6903928, 8.780403 ], [ 4.6902318, 8.780472 ], [ 4.690087, 8.780472 ], [ 4.6899851, 8.7805303 ], [ 4.6900172, 8.780631 ], [ 4.690028, 8.7807423 ], [ 4.690028, 8.7808068 ], [ 4.6899582, 8.7809287 ], [ 4.6897866, 8.7810718 ], [ 4.6896632, 8.7810506 ], [ 4.6895184, 8.7810294 ], [ 4.6894057, 8.7810771 ], [ 4.6893199, 8.7811143 ], [ 4.6892493, 8.7811302 ], [ 4.6891366, 8.7811302 ], [ 4.6889864, 8.78104 ], [ 4.6888469, 8.7809075 ], [ 4.6887289, 8.7807909 ], [ 4.6887128, 8.7806636 ], [ 4.6886055, 8.7805576 ], [ 4.6884446, 8.7804675 ], [ 4.6883373, 8.7804039 ], [ 4.6882354, 8.7802607 ], [ 4.6880584, 8.7801918 ], [ 4.6879163, 8.7801494 ], [ 4.6876642, 8.7801706 ], [ 4.6874013, 8.7801123 ], [ 4.6871492, 8.779985 ], [ 4.6869722, 8.7799055 ], [ 4.6868059, 8.7798525 ], [ 4.6865216, 8.7798048 ], [ 4.6864143, 8.7798525 ], [ 4.6863392, 8.7798313 ], [ 4.6862587, 8.7797093 ], [ 4.686146, 8.7795874 ], [ 4.6860709, 8.7794284 ], [ 4.6860548, 8.779271 ], [ 4.6860709, 8.7791703 ], [ 4.6860119, 8.7790908 ], [ 4.6858403, 8.7790802 ], [ 4.6857276, 8.7790166 ], [ 4.6856311, 8.778937 ], [ 4.6855667, 8.7788416 ], [ 4.6855399, 8.7786561 ], [ 4.685556, 8.7784599 ], [ 4.6855828, 8.7782478 ], [ 4.6856096, 8.778163 ], [ 4.6855077, 8.7780411 ], [ 4.6854648, 8.7779616 ], [ 4.6852234, 8.7778926 ], [ 4.6851239, 8.7779304 ], [ 4.6850058, 8.7778933 ], [ 4.684861, 8.777835 ], [ 4.6847162, 8.7778138 ], [ 4.6846035, 8.777888 ], [ 4.6843889, 8.7778032 ], [ 4.6843675, 8.77766 ], [ 4.6844319, 8.7775275 ], [ 4.684507, 8.7773844 ], [ 4.6845445, 8.7772412 ], [ 4.6844962, 8.7771405 ], [ 4.6844319, 8.7770504 ], [ 4.6843246, 8.776992 ], [ 4.6842441, 8.7770026 ], [ 4.6841261, 8.7769814 ], [ 4.6840349, 8.7769072 ], [ 4.6839061, 8.7767853 ], [ 4.6837452, 8.7765785 ], [ 4.6836635, 8.7765178 ], [ 4.6834758, 8.7764277 ], [ 4.6833202, 8.7763588 ], [ 4.6830466, 8.7763058 ], [ 4.6828374, 8.7762262 ], [ 4.6826872, 8.7761361 ], [ 4.682596, 8.7760142 ], [ 4.682537, 8.77594 ], [ 4.6823922, 8.7758233 ], [ 4.6824297, 8.7757067 ], [ 4.6824297, 8.775537 ], [ 4.6824834, 8.7754257 ], [ 4.6825531, 8.7752454 ], [ 4.6826228, 8.7751341 ], [ 4.6827087, 8.7749486 ], [ 4.6827677, 8.774763 ], [ 4.6828374, 8.7746096 ], [ 4.6828481, 8.7743817 ], [ 4.6829071, 8.7741166 ], [ 4.6829608, 8.7739575 ], [ 4.6830413, 8.773878 ], [ 4.6829662, 8.7737084 ], [ 4.6829125, 8.773544 ], [ 4.6828696, 8.773369 ], [ 4.6828374, 8.7732365 ], [ 4.6827516, 8.7731835 ], [ 4.6826657, 8.7729979 ], [ 4.6827087, 8.772823 ], [ 4.6826443, 8.7726745 ], [ 4.6825746, 8.7725367 ], [ 4.6824565, 8.7724625 ], [ 4.6822151, 8.7723246 ], [ 4.6820488, 8.7722451 ], [ 4.681845, 8.7722822 ], [ 4.681727, 8.7723034 ], [ 4.6816733, 8.7721921 ], [ 4.6816197, 8.7720648 ], [ 4.6816197, 8.7719747 ], [ 4.6817268, 8.7718822 ], [ 4.6818233, 8.7717973 ], [ 4.6819038, 8.7717125 ], [ 4.6819038, 8.7715853 ], [ 4.681818, 8.7714315 ], [ 4.6818072, 8.7712937 ], [ 4.6818448, 8.7712248 ], [ 4.6818072, 8.7711558 ], [ 4.6818448, 8.7711188 ], [ 4.6818931, 8.7710711 ], [ 4.6818529, 8.7709968 ], [ 4.6819092, 8.7709253 ], [ 4.6819682, 8.7708722 ], [ 4.682046, 8.7708086 ], [ 4.6820594, 8.770745 ], [ 4.6820311, 8.7705967 ], [ 4.6820189, 8.7704722 ], [ 4.6820027, 8.7703998 ], [ 4.681962, 8.7702552 ], [ 4.6819458, 8.7701266 ], [ 4.6818726, 8.7700021 ], [ 4.6818116, 8.7699177 ], [ 4.6818075, 8.7697811 ], [ 4.6818319, 8.7697088 ], [ 4.6818279, 8.7695973 ], [ 4.6817506, 8.7695009 ], [ 4.6816205, 8.7694205 ], [ 4.6814823, 8.7694325 ], [ 4.6813075, 8.7694968 ], [ 4.6811936, 8.7695571 ], [ 4.6810554, 8.7696053 ], [ 4.6809944, 8.769525 ], [ 4.6809416, 8.7694165 ], [ 4.6808969, 8.7692678 ], [ 4.680844, 8.7691111 ], [ 4.6808237, 8.7689906 ], [ 4.6809294, 8.7689705 ], [ 4.6810432, 8.7689223 ], [ 4.6810514, 8.7686973 ], [ 4.6810392, 8.7685165 ], [ 4.6809985, 8.7683999 ], [ 4.6809852, 8.76831 ], [ 4.6809771, 8.7681654 ], [ 4.6810178, 8.7679846 ], [ 4.6810625, 8.7678801 ], [ 4.6810747, 8.7677877 ], [ 4.6810096, 8.7676792 ], [ 4.6808633, 8.7676069 ], [ 4.680725, 8.7675426 ], [ 4.6806722, 8.7674341 ], [ 4.6806641, 8.7672533 ], [ 4.6807413, 8.7671046 ], [ 4.6807169, 8.7670444 ], [ 4.6806397, 8.7669761 ], [ 4.6806031, 8.7668475 ], [ 4.6806275, 8.766781 ], [ 4.6808023, 8.7666082 ], [ 4.6809324, 8.7664877 ], [ 4.680969, 8.7664394 ], [ 4.6810706, 8.7663631 ], [ 4.6809608, 8.7662868 ], [ 4.6809121, 8.7661863 ], [ 4.6809446, 8.7661019 ], [ 4.6809649, 8.7659854 ], [ 4.6810137, 8.7658362 ], [ 4.6810218, 8.7657599 ], [ 4.6810543, 8.7656915 ], [ 4.6810625, 8.7656554 ], [ 4.6810299, 8.7655951 ], [ 4.6809771, 8.7655027 ], [ 4.6809242, 8.7654143 ], [ 4.6809039, 8.7652054 ], [ 4.6808836, 8.7650929 ], [ 4.6808917, 8.7649201 ], [ 4.6809121, 8.7647393 ], [ 4.6809364, 8.7646207 ], [ 4.6810543, 8.764472 ], [ 4.6811031, 8.7643314 ], [ 4.6810706, 8.764235 ], [ 4.6810178, 8.7641747 ], [ 4.6808795, 8.7641787 ], [ 4.6807738, 8.7641466 ], [ 4.6807535, 8.7640662 ], [ 4.680786, 8.7638894 ], [ 4.6808307, 8.7637729 ], [ 4.6808592, 8.7636604 ], [ 4.6808185, 8.7635358 ], [ 4.6807128, 8.7634273 ], [ 4.6806397, 8.7632988 ], [ 4.6806153, 8.7630938 ], [ 4.6807494, 8.7630617 ], [ 4.6808253, 8.7629415 ], [ 4.6808212, 8.7628571 ], [ 4.6807562, 8.7627687 ], [ 4.6806464, 8.7627285 ], [ 4.6805041, 8.7627566 ], [ 4.6804066, 8.7627687 ], [ 4.6803456, 8.762833 ], [ 4.6801952, 8.7628089 ], [ 4.6801301, 8.7627285 ], [ 4.6801382, 8.7625477 ], [ 4.6801911, 8.7623548 ], [ 4.6802358, 8.7622222 ], [ 4.6802643, 8.7621338 ], [ 4.6802521, 8.7620454 ], [ 4.6801748, 8.7619788 ], [ 4.680126, 8.7618582 ], [ 4.6800976, 8.7617136 ], [ 4.6801016, 8.7615609 ], [ 4.6801504, 8.7614725 ], [ 4.6802236, 8.7614082 ], [ 4.6802236, 8.7612877 ], [ 4.6802846, 8.7612435 ], [ 4.6803578, 8.7611671 ], [ 4.6803334, 8.7610667 ], [ 4.6802683, 8.7609984 ], [ 4.6801545, 8.76091 ], [ 4.680126, 8.7608542 ], [ 4.6800976, 8.7607416 ], [ 4.6800691, 8.760601 ], [ 4.680061, 8.7604604 ], [ 4.6800773, 8.7602273 ], [ 4.6800773, 8.7601711 ], [ 4.680126, 8.7601148 ], [ 4.6802155, 8.7599782 ], [ 4.6802236, 8.7597773 ], [ 4.6802602, 8.7595724 ], [ 4.6803009, 8.7594157 ], [ 4.6802683, 8.7593289 ], [ 4.6802846, 8.7591562 ], [ 4.6802846, 8.7589794 ], [ 4.6803009, 8.7588146 ], [ 4.6803456, 8.7586901 ], [ 4.6803334, 8.7585374 ], [ 4.6803049, 8.7583887 ], [ 4.6802887, 8.7583003 ], [ 4.6803862, 8.7581396 ], [ 4.6804472, 8.7580369 ], [ 4.6804716, 8.7578038 ], [ 4.6804472, 8.7577234 ], [ 4.6803618, 8.757623 ], [ 4.6802643, 8.7576069 ], [ 4.680122, 8.7576873 ], [ 4.6800488, 8.757627 ], [ 4.6799919, 8.7574663 ], [ 4.6799838, 8.7573056 ], [ 4.6800854, 8.757173 ], [ 4.6800651, 8.7570846 ], [ 4.6800163, 8.7569801 ], [ 4.6799024, 8.7568234 ], [ 4.6798902, 8.7566948 ], [ 4.6799553, 8.7565582 ], [ 4.6800935, 8.7564336 ], [ 4.6801748, 8.7562368 ], [ 4.6802358, 8.756072 ], [ 4.6802399, 8.7559033 ], [ 4.6802927, 8.7556984 ], [ 4.680374, 8.7554171 ], [ 4.6804228, 8.7552443 ], [ 4.6804431, 8.7551439 ], [ 4.680431, 8.7550233 ], [ 4.680431, 8.7549189 ], [ 4.6805082, 8.7547702 ], [ 4.6805976, 8.7546979 ], [ 4.680683, 8.7545887 ], [ 4.680809, 8.7544923 ], [ 4.6809757, 8.7542432 ], [ 4.6810082, 8.7542231 ], [ 4.6810489, 8.7541065 ], [ 4.6810408, 8.753982 ], [ 4.6810001, 8.7538333 ], [ 4.6809147, 8.7537168 ], [ 4.6807887, 8.7535882 ], [ 4.6806789, 8.7534837 ], [ 4.6805854, 8.7534395 ], [ 4.6805041, 8.753323 ], [ 4.6804025, 8.753102 ], [ 4.6803781, 8.752869 ], [ 4.6803618, 8.7527886 ], [ 4.6804513, 8.7526841 ], [ 4.6804594, 8.7526038 ], [ 4.6804594, 8.7524872 ], [ 4.6803496, 8.7523988 ], [ 4.6802277, 8.7523265 ], [ 4.6800407, 8.7522622 ], [ 4.6799693, 8.7522376 ], [ 4.6798758, 8.7521814 ], [ 4.6798148, 8.7520769 ], [ 4.679766, 8.7519604 ], [ 4.6796969, 8.7519081 ], [ 4.67964, 8.7518519 ], [ 4.6795627, 8.7518077 ], [ 4.6795993, 8.7517153 ], [ 4.6795871, 8.7516429 ], [ 4.6795099, 8.7515063 ], [ 4.6794611, 8.7514018 ], [ 4.6794082, 8.7513215 ], [ 4.6793418, 8.7512537 ], [ 4.6792443, 8.7512095 ], [ 4.6791833, 8.7511613 ], [ 4.6790898, 8.7510649 ], [ 4.6789963, 8.7509202 ], [ 4.6789271, 8.7508278 ], [ 4.6788865, 8.7507675 ], [ 4.6788255, 8.7506992 ], [ 4.6787442, 8.7506791 ], [ 4.6786019, 8.7506269 ], [ 4.6784962, 8.7505465 ], [ 4.6785084, 8.7503979 ], [ 4.6786182, 8.7503095 ], [ 4.6786995, 8.7501929 ], [ 4.6787483, 8.7500563 ], [ 4.6787645, 8.7498474 ], [ 4.6787645, 8.7497429 ], [ 4.6788214, 8.749665 ], [ 4.6788865, 8.7495726 ], [ 4.6789556, 8.7494641 ], [ 4.6790044, 8.7493797 ], [ 4.6789597, 8.7492873 ], [ 4.6789028, 8.749231 ], [ 4.6788214, 8.7491266 ], [ 4.6787767, 8.7490422 ], [ 4.6788214, 8.7489297 ], [ 4.6788499, 8.7488372 ], [ 4.678854, 8.7487167 ], [ 4.6788255, 8.74856 ], [ 4.6788296, 8.7484274 ], [ 4.6788418, 8.7482868 ], [ 4.678854, 8.748126 ], [ 4.6788458, 8.7479613 ], [ 4.678854, 8.7478367 ], [ 4.6788377, 8.7477765 ], [ 4.6788052, 8.7476639 ], [ 4.6787361, 8.7476439 ], [ 4.6786466, 8.7475474 ], [ 4.6786263, 8.7474671 ], [ 4.6785287, 8.7474028 ], [ 4.6785165, 8.7472264 ], [ 4.6785043, 8.7470817 ], [ 4.6785287, 8.7469893 ], [ 4.6785572, 8.7468688 ], [ 4.6785287, 8.7468286 ], [ 4.6783864, 8.7467844 ], [ 4.6783173, 8.7467281 ], [ 4.6782157, 8.7466518 ], [ 4.6780856, 8.7465352 ], [ 4.6779636, 8.7464629 ], [ 4.6779474, 8.7463848 ], [ 4.6779758, 8.7463245 ], [ 4.6780531, 8.7462402 ], [ 4.6780246, 8.7461317 ], [ 4.6779921, 8.7460272 ], [ 4.6780206, 8.7459026 ], [ 4.6780734, 8.74577 ], [ 4.6781588, 8.7456776 ], [ 4.6782523, 8.7456254 ], [ 4.6783336, 8.7456013 ], [ 4.6783661, 8.7455691 ], [ 4.6785043, 8.7454084 ], [ 4.6785897, 8.745328 ], [ 4.6786385, 8.7452718 ], [ 4.6786344, 8.7451673 ], [ 4.6786019, 8.7450869 ], [ 4.6785125, 8.7450267 ], [ 4.6784759, 8.7449101 ], [ 4.6784556, 8.7448182 ], [ 4.6784108, 8.7447499 ], [ 4.678362, 8.7446736 ], [ 4.6783133, 8.7445972 ], [ 4.6782767, 8.744537 ], [ 4.6782563, 8.7444084 ], [ 4.678232, 8.744328 ], [ 4.678171, 8.7442838 ], [ 4.6781303, 8.7442155 ], [ 4.67811, 8.7441633 ], [ 4.6780653, 8.744111 ], [ 4.6780002, 8.7440025 ], [ 4.6780084, 8.743886 ], [ 4.6780815, 8.7437615 ], [ 4.67811, 8.7436891 ], [ 4.6781384, 8.7435806 ], [ 4.6781832, 8.7434681 ], [ 4.678236, 8.7434038 ], [ 4.6783133, 8.743309 ] ] } },
{ "type": "Feature", "properties": { "name": null, "waterway": "river" }, "geometry": { "type": "LineString", "coordinates": [ [ 4.7588502, 8.8179672 ], [ 4.7585247, 8.8178622 ], [ 4.758117, 8.8179046 ], [ 4.7571085, 8.8181166 ], [ 4.7567652, 8.8180742 ], [ 4.7565935, 8.8176713 ], [ 4.7566365, 8.8172472 ], [ 4.7562931, 8.8167171 ], [ 4.7556923, 8.8163779 ], [ 4.7548126, 8.8162719 ], [ 4.7544478, 8.8163567 ], [ 4.7539972, 8.8166747 ], [ 4.7536753, 8.8167808 ], [ 4.7534178, 8.8166747 ], [ 4.7532247, 8.8164203 ], [ 4.7526668, 8.8164203 ], [ 4.7522591, 8.8161022 ], [ 4.7515939, 8.8155933 ], [ 4.7511433, 8.8157418 ], [ 4.7506918, 8.8160057 ], [ 4.7504823, 8.8160178 ], [ 4.7503344, 8.8158352 ], [ 4.7502481, 8.8155307 ], [ 4.7498784, 8.815007 ], [ 4.7491266, 8.8142519 ], [ 4.7487762, 8.813959 ], [ 4.7485791, 8.8133988 ], [ 4.7484805, 8.8131309 ], [ 4.748197, 8.8128264 ], [ 4.7480984, 8.8126681 ], [ 4.7477903, 8.8117547 ], [ 4.7475438, 8.811097 ], [ 4.7473343, 8.8104516 ], [ 4.7471371, 8.8101227 ], [ 4.7470767, 8.8100009 ], [ 4.7467932, 8.809867 ], [ 4.7465344, 8.8096721 ], [ 4.7462509, 8.8096843 ], [ 4.7457949, 8.8097695 ], [ 4.7455977, 8.8096478 ], [ 4.7452773, 8.8095382 ], [ 4.7451294, 8.8095016 ], [ 4.7447351, 8.8094651 ], [ 4.7444886, 8.8094529 ], [ 4.7442298, 8.8098304 ], [ 4.7439833, 8.8099035 ], [ 4.7436998, 8.8095503 ], [ 4.7433917, 8.8090875 ], [ 4.7432438, 8.8087952 ], [ 4.7430097, 8.8085151 ], [ 4.7428495, 8.808369 ], [ 4.7428495, 8.8081376 ], [ 4.7426523, 8.8079184 ], [ 4.7423688, 8.8077394 ], [ 4.742073, 8.8075567 ], [ 4.7419005, 8.8073132 ], [ 4.7419375, 8.8070087 ], [ 4.7420484, 8.8064241 ], [ 4.7421716, 8.8058761 ], [ 4.7422209, 8.8055716 ], [ 4.7421716, 8.8049626 ], [ 4.7421716, 8.8045973 ], [ 4.7420484, 8.8042441 ], [ 4.7418882, 8.8037447 ], [ 4.7416417, 8.8035557 ], [ 4.741272, 8.8033487 ], [ 4.7410255, 8.8030564 ], [ 4.7406804, 8.8024596 ], [ 4.74036, 8.8022039 ], [ 4.7399779, 8.8018872 ], [ 4.7395219, 8.8015827 ], [ 4.7392508, 8.8015584 ], [ 4.7389427, 8.8013513 ], [ 4.7386592, 8.8012417 ], [ 4.7383018, 8.8009981 ], [ 4.7381786, 8.8007058 ], [ 4.7381416, 8.800243 ], [ 4.7380149, 8.7999478 ], [ 4.7378671, 8.799753 ], [ 4.7376575, 8.7996921 ], [ 4.7373494, 8.7997773 ], [ 4.7370537, 8.7998626 ], [ 4.7368318, 8.8000818 ], [ 4.736573, 8.8001549 ], [ 4.7363512, 8.8000209 ], [ 4.7362156, 8.799826 ], [ 4.7360307, 8.7993632 ], [ 4.7358705, 8.7989735 ], [ 4.7357473, 8.7987664 ], [ 4.7354996, 8.7986934 ], [ 4.7350313, 8.7985594 ], [ 4.7347848, 8.7986081 ], [ 4.7343781, 8.7986325 ], [ 4.7341193, 8.7984863 ], [ 4.7340823, 8.7983524 ], [ 4.734107, 8.7980357 ], [ 4.7340207, 8.7978287 ], [ 4.7337619, 8.7977556 ], [ 4.7335647, 8.7978043 ], [ 4.7333306, 8.7979261 ], [ 4.7333552, 8.7981818 ], [ 4.7331704, 8.7983889 ], [ 4.7328499, 8.7982671 ], [ 4.7326034, 8.7981453 ], [ 4.7324432, 8.7982062 ], [ 4.7323693, 8.7984011 ], [ 4.732283, 8.7986081 ], [ 4.7320735, 8.7987786 ], [ 4.7318517, 8.7988273 ], [ 4.7315559, 8.798669 ], [ 4.7313957, 8.7984011 ], [ 4.7313341, 8.7982915 ], [ 4.7310876, 8.798121 ], [ 4.7308411, 8.7983767 ], [ 4.7305823, 8.7987543 ], [ 4.730459, 8.798937 ], [ 4.7305453, 8.7991684 ], [ 4.73057, 8.7992902 ], [ 4.7304221, 8.7994119 ], [ 4.7301879, 8.799485 ], [ 4.730003, 8.7993389 ], [ 4.7298798, 8.7989613 ], [ 4.7297689, 8.7987421 ], [ 4.7296486, 8.7985802 ], [ 4.7295495, 8.7984893 ], [ 4.7293159, 8.7983004 ], [ 4.7291531, 8.7981675 ], [ 4.7289903, 8.7982095 ], [ 4.7287779, 8.7982794 ], [ 4.7284523, 8.7982445 ], [ 4.728155, 8.7982515 ], [ 4.7281055, 8.7983704 ], [ 4.7279639, 8.7985453 ], [ 4.727879, 8.7986712 ], [ 4.7277515, 8.7987761 ], [ 4.7275604, 8.79886 ], [ 4.727433, 8.798888 ], [ 4.7271357, 8.7987411 ], [ 4.7268951, 8.7987061 ], [ 4.7267747, 8.7987061 ], [ 4.7265836, 8.798846 ], [ 4.7265429, 8.7988955 ], [ 4.7264046, 8.7989116 ], [ 4.7263071, 8.799008 ], [ 4.726242, 8.7989598 ], [ 4.7262786, 8.7988313 ], [ 4.7262217, 8.7987067 ], [ 4.7260631, 8.7986464 ], [ 4.7259493, 8.7986304 ], [ 4.7258883, 8.7986505 ], [ 4.7257745, 8.7988031 ], [ 4.7256972, 8.7988915 ], [ 4.7256119, 8.7989558 ], [ 4.7254777, 8.7989759 ], [ 4.7252907, 8.7989036 ], [ 4.7251647, 8.7988795 ], [ 4.7250224, 8.7989237 ], [ 4.7248974, 8.7989727 ], [ 4.7248161, 8.7990651 ], [ 4.7247795, 8.7991535 ], [ 4.7247145, 8.7992499 ], [ 4.7246535, 8.7993062 ], [ 4.724564, 8.7993464 ], [ 4.724438, 8.7993263 ], [ 4.7243039, 8.7993223 ], [ 4.7241697, 8.7993504 ], [ 4.7239908, 8.7994187 ], [ 4.7239095, 8.7994508 ], [ 4.7238323, 8.7994388 ], [ 4.7237469, 8.7993624 ], [ 4.7236575, 8.799266 ], [ 4.7234786, 8.7991977 ], [ 4.7232997, 8.7991977 ], [ 4.7231493, 8.7991374 ], [ 4.7230842, 8.7990209 ], [ 4.7230192, 8.7988522 ], [ 4.7229297, 8.7986995 ], [ 4.7228403, 8.798575 ], [ 4.7226798, 8.7983579 ], [ 4.7225578, 8.7982735 ], [ 4.7224968, 8.7981409 ], [ 4.7224196, 8.7980284 ], [ 4.7223464, 8.7979682 ], [ 4.7222122, 8.7979561 ], [ 4.7220659, 8.7980083 ], [ 4.7219236, 8.7980003 ], [ 4.7217325, 8.7979722 ], [ 4.7215536, 8.7978557 ], [ 4.7214235, 8.7977432 ], [ 4.7214154, 8.7976387 ], [ 4.7214357, 8.7975624 ], [ 4.7215536, 8.7974981 ], [ 4.7216512, 8.7974258 ], [ 4.7217284, 8.79734 ], [ 4.7216958, 8.7972596 ], [ 4.7216186, 8.7971632 ], [ 4.7215048, 8.797119 ], [ 4.7213828, 8.7971592 ], [ 4.7212771, 8.7972034 ], [ 4.721147, 8.7972275 ], [ 4.72096, 8.7972717 ], [ 4.7208949, 8.797348 ], [ 4.7207608, 8.7974886 ], [ 4.7206917, 8.7975891 ], [ 4.7205372, 8.797573 ], [ 4.7205128, 8.7974726 ], [ 4.7204518, 8.7972958 ], [ 4.7204233, 8.7971753 ], [ 4.7203298, 8.7970547 ], [ 4.7202241, 8.7970186 ], [ 4.7200412, 8.7969824 ], [ 4.7198095, 8.7969664 ], [ 4.7196428, 8.7969422 ], [ 4.7194842, 8.7969061 ], [ 4.7193148, 8.7968361 ], [ 4.7190872, 8.7967317 ], [ 4.7189367, 8.7967156 ], [ 4.7186034, 8.796796 ], [ 4.7184448, 8.7967759 ], [ 4.7182253, 8.7966795 ], [ 4.718144, 8.7966594 ], [ 4.7179813, 8.7966955 ], [ 4.7178838, 8.7966875 ], [ 4.7178147, 8.7966112 ], [ 4.7177984, 8.7964746 ], [ 4.7177862, 8.7963139 ], [ 4.7176724, 8.7962295 ], [ 4.7175423, 8.7962295 ], [ 4.7174122, 8.7962656 ], [ 4.7173065, 8.796354 ], [ 4.7172211, 8.7964103 ], [ 4.7171046, 8.7964424 ], [ 4.7169094, 8.7965027 ], [ 4.7167224, 8.7965991 ], [ 4.716446, 8.7966795 ], [ 4.71632, 8.7967678 ], [ 4.7162061, 8.7967518 ], [ 4.7159663, 8.7967518 ], [ 4.7157752, 8.7967478 ], [ 4.715637, 8.7967518 ], [ 4.7155231, 8.7966795 ], [ 4.7153971, 8.7965348 ], [ 4.7153727, 8.7963339 ], [ 4.7153646, 8.7961411 ], [ 4.7153361, 8.7960487 ], [ 4.7152182, 8.7959965 ], [ 4.7150823, 8.7959547 ], [ 4.7149156, 8.7959065 ], [ 4.714753, 8.7959507 ], [ 4.714627, 8.7960551 ], [ 4.7145579, 8.7961636 ], [ 4.7144684, 8.7962078 ], [ 4.7143465, 8.7962359 ], [ 4.714253, 8.79624 ], [ 4.7141513, 8.7961717 ], [ 4.7140781, 8.7960752 ], [ 4.7139562, 8.796011 ], [ 4.7137976, 8.7959627 ], [ 4.7135984, 8.7959145 ], [ 4.7134195, 8.7958864 ], [ 4.7132366, 8.7958181 ], [ 4.713135, 8.7957619 ], [ 4.7130862, 8.7956694 ], [ 4.7129642, 8.7955449 ], [ 4.7129073, 8.7954123 ], [ 4.71283, 8.7953239 ], [ 4.7126756, 8.7951954 ], [ 4.7126017, 8.7951284 ], [ 4.7124147, 8.7950721 ], [ 4.7123009, 8.795044 ], [ 4.7121911, 8.7950681 ], [ 4.7119634, 8.7951886 ], [ 4.7118496, 8.7952288 ], [ 4.7116463, 8.7952529 ], [ 4.7115284, 8.7952288 ], [ 4.7114065, 8.7951364 ], [ 4.7113048, 8.7949998 ], [ 4.7111991, 8.7948552 ], [ 4.711065, 8.7947186 ], [ 4.7108983, 8.79459 ], [ 4.7108088, 8.7944815 ], [ 4.7106582, 8.7944206 ], [ 4.7104794, 8.7943563 ], [ 4.7102923, 8.7943202 ], [ 4.7100403, 8.7943162 ], [ 4.7099061, 8.7943162 ], [ 4.7097679, 8.7943162 ], [ 4.7096378, 8.7943081 ], [ 4.7095199, 8.7942197 ], [ 4.7094467, 8.794043 ], [ 4.7094305, 8.7938582 ], [ 4.7094671, 8.7936492 ], [ 4.7095565, 8.7934202 ], [ 4.7096215, 8.7932791 ], [ 4.7096988, 8.7931867 ], [ 4.7097923, 8.7930742 ], [ 4.7098573, 8.7929256 ], [ 4.709898, 8.7927046 ], [ 4.709837, 8.7925077 ], [ 4.7097191, 8.792351 ], [ 4.7095809, 8.7922265 ], [ 4.7095362, 8.7920738 ], [ 4.7095077, 8.7919171 ], [ 4.7094867, 8.7918072 ], [ 4.7094542, 8.7917027 ], [ 4.7093973, 8.7916424 ], [ 4.7093119, 8.79155 ], [ 4.7092469, 8.7914737 ], [ 4.7092019, 8.7914305 ] ] } },
{ "type": "Feature", "properties": { "name": null, "waterway": "river" }, "geometry": { "type": "LineString", "coordinates": [ [ 4.7588502, 8.8179672 ], [ 4.7592517, 8.8185015 ], [ 4.7593106, 8.8189829 ], [ 4.7595461, 8.8195172 ], [ 4.7597174, 8.8199563 ], [ 4.759862, 8.8203107 ], [ 4.7601618, 8.8203636 ], [ 4.7605258, 8.8205488 ], [ 4.7607827, 8.8205805 ], [ 4.7615483, 8.8208503 ], [ 4.7616768, 8.8208027 ], [ 4.7618962, 8.8205646 ], [ 4.7625708, 8.8207709 ], [ 4.7628117, 8.8209138 ], [ 4.762999, 8.8212682 ], [ 4.763438, 8.8214745 ], [ 4.7639038, 8.8214692 ], [ 4.764423, 8.8213105 ], [ 4.765044, 8.8214005 ], [ 4.7656543, 8.8216544 ], [ 4.7660237, 8.8218342 ], [ 4.7661522, 8.8225537 ], [ 4.766377, 8.8228129 ], [ 4.7665001, 8.8228446 ], [ 4.7669337, 8.8229293 ], [ 4.7675547, 8.822432 ], [ 4.7677903, 8.8224426 ], [ 4.7679884, 8.8225801 ], [ 4.7682881, 8.822596 ], [ 4.7685558, 8.8225801 ], [ 4.7686308, 8.8227441 ], [ 4.7685665, 8.8230245 ], [ 4.768604, 8.8232784 ], [ 4.7687485, 8.8235059 ], [ 4.7690323, 8.8235376 ], [ 4.7693695, 8.8233948 ], [ 4.7696372, 8.8233525 ], [ 4.7699637, 8.8233895 ], [ 4.7702742, 8.8235747 ], [ 4.7704616, 8.8239767 ], [ 4.7705794, 8.8240455 ], [ 4.771195, 8.8237598 ], [ 4.7718107, 8.8236064 ], [ 4.7720408, 8.8236064 ], [ 4.7722175, 8.823781 ], [ 4.7725922, 8.8240296 ], [ 4.7731865, 8.8245639 ], [ 4.7733952, 8.8246327 ], [ 4.7736736, 8.8248866 ], [ 4.7740858, 8.8257488 ], [ 4.7742946, 8.8264312 ], [ 4.7749156, 8.8269602 ], [ 4.7754135, 8.8271031 ], [ 4.7757668, 8.8270555 ], [ 4.7760237, 8.8271613 ], [ 4.7763771, 8.8272882 ], [ 4.7769338, 8.8278966 ], [ 4.7773835, 8.8283991 ], [ 4.7775494, 8.828817 ], [ 4.7778171, 8.8290921 ], [ 4.7780741, 8.8292349 ], [ 4.7784488, 8.8292984 ], [ 4.7788717, 8.8290815 ], [ 4.7790966, 8.829018 ], [ 4.7794124, 8.8290392 ], [ 4.7797925, 8.8293143 ], [ 4.7800066, 8.8294888 ], [ 4.7810559, 8.8294624 ], [ 4.7812861, 8.829584 ], [ 4.781436, 8.8297903 ], [ 4.7815645, 8.8302453 ], [ 4.7818964, 8.8304727 ], [ 4.7821587, 8.8304727 ], [ 4.7824317, 8.8303934 ], [ 4.782694, 8.8301289 ], [ 4.7826887, 8.8299596 ], [ 4.7826137, 8.8296211 ], [ 4.7827476, 8.8295364 ], [ 4.7830741, 8.829547 ], [ 4.7835987, 8.8297269 ], [ 4.7840056, 8.8297903 ], [ 4.7841876, 8.8299226 ], [ 4.7850548, 8.830203 ], [ 4.7855313, 8.8303405 ], [ 4.7863504, 8.8300231 ], [ 4.7868696, 8.830076 ], [ 4.7873407, 8.8302453 ], [ 4.7878654, 8.8302453 ], [ 4.788572, 8.8304675 ], [ 4.7889039, 8.8309012 ], [ 4.7890859, 8.8309859 ], [ 4.7892412, 8.8310705 ], [ 4.7892679, 8.8312398 ], [ 4.7892198, 8.8314408 ], [ 4.7890217, 8.8316154 ], [ 4.7883793, 8.8318164 ], [ 4.7881384, 8.8319328 ], [ 4.7877155, 8.8323771 ], [ 4.7877529, 8.832594 ], [ 4.788315, 8.8339905 ], [ 4.7886202, 8.8341545 ], [ 4.7890806, 8.8342021 ], [ 4.7895035, 8.8340804 ], [ 4.7896641, 8.8339482 ], [ 4.7896587, 8.8337736 ], [ 4.7893322, 8.8332764 ], [ 4.7890913, 8.8331494 ], [ 4.7891234, 8.8329907 ], [ 4.7892947, 8.8328796 ], [ 4.7897337, 8.8328056 ], [ 4.7904617, 8.8328003 ], [ 4.7907936, 8.8328638 ], [ 4.7920677, 8.8326892 ], [ 4.7923354, 8.8327262 ], [ 4.7926941, 8.8331124 ], [ 4.7932709, 8.8328942 ], [ 4.7941628, 8.8327179 ], [ 4.7946905, 8.833232 ], [ 4.7961771, 8.8338563 ], [ 4.7964447, 8.8339738 ], [ 4.7974109, 8.8344879 ], [ 4.7972474, 8.8353032 ], [ 4.79724, 8.8358761 ], [ 4.7976562, 8.836067 ], [ 4.7981691, 8.8358981 ], [ 4.7986968, 8.8359128 ], [ 4.7989792, 8.8361992 ], [ 4.7993509, 8.8364416 ], [ 4.7997448, 8.8363755 ], [ 4.7999827, 8.8359715 ], [ 4.8003097, 8.8358614 ], [ 4.8008672, 8.8362286 ], [ 4.8016402, 8.8366619 ], [ 4.8020713, 8.837154 ], [ 4.802599, 8.8376314 ], [ 4.8027848, 8.8383365 ] ] } },
{ "type": "Feature", "properties": { "name": null, "waterway": "river" }, "geometry": { "type": "LineString", "coordinates": [ [ 4.7688403, 9.1473592 ], [ 4.7600841, 9.1379018 ], [ 4.7544193, 9.12947 ], [ 4.7531318, 9.1245124 ], [ 4.7546339, 9.1087496 ], [ 4.7533035, 9.0970118 ], [ 4.7517156, 9.0911215 ], [ 4.7494186, 9.0871985 ], [ 4.7458577, 9.0820846 ], [ 4.7455265, 9.0813982 ], [ 4.7454384, 9.0808824 ], [ 4.7460004, 9.0789253 ], [ 4.7445769, 9.0799476 ], [ 4.7441887, 9.0812893 ], [ 4.743024, 9.0837173 ], [ 4.7402417, 9.0854424 ], [ 4.7378476, 9.086912 ], [ 4.7360816, 9.0858787 ], [ 4.7357904, 9.0834508 ], [ 4.7347228, 9.0809589 ], [ 4.7322316, 9.0798408 ], [ 4.7299023, 9.0806714 ], [ 4.7283493, 9.0797769 ], [ 4.7256664, 9.079074 ], [ 4.7242016, 9.0785701 ], [ 4.723333, 9.0761825 ], [ 4.7222349, 9.0751885 ], [ 4.7215329, 9.0747207 ], [ 4.7210144, 9.073734 ], [ 4.7219521, 9.0674354 ], [ 4.7222793, 9.0659917 ], [ 4.7223209, 9.0652391 ], [ 4.7217977, 9.0645673 ], [ 4.7197666, 9.064304 ], [ 4.7163785, 9.0651583 ], [ 4.7085089, 9.0682307 ], [ 4.6993583, 9.0696765 ], [ 4.685678, 9.0737427 ], [ 4.6837106, 9.0736976 ], [ 4.6818348, 9.0719355 ], [ 4.6813772, 9.0694506 ], [ 4.6807367, 9.0656553 ], [ 4.681423, 9.0644354 ], [ 4.6816517, 9.0634414 ], [ 4.6796386, 9.059872 ], [ 4.6789523, 9.0589232 ], [ 4.6779, 9.0590587 ], [ 4.6731874, 9.0616793 ], [ 4.6705794, 9.0647969 ], [ 4.6698931, 9.0652939 ], [ 4.6688866, 9.0647517 ], [ 4.6657754, 9.0608208 ], [ 4.664174, 9.0602335 ], [ 4.6609713, 9.0554441 ], [ 4.657311, 9.0524168 ], [ 4.6535592, 9.049028 ], [ 4.6524154, 9.0473562 ], [ 4.6515461, 9.0447807 ], [ 4.6512258, 9.0434252 ], [ 4.6486179, 9.0417082 ], [ 4.643768, 9.0384549 ], [ 4.6355324, 9.0345237 ], [ 4.633382, 9.0333037 ], [ 4.6326042, 9.0312704 ], [ 4.6321467, 9.0276103 ], [ 4.6318722, 9.0253961 ], [ 4.6310029, 9.0237694 ], [ 4.6260158, 9.0194314 ], [ 4.6250549, 9.0183921 ], [ 4.6246889, 9.0149126 ], [ 4.6252837, 9.013557 ], [ 4.6252837, 9.0125176 ], [ 4.6246889, 9.0116591 ], [ 4.6247347, 9.0101227 ], [ 4.6233621, 9.0084507 ], [ 4.6179174, 9.0047 ], [ 4.6160873, 9.0032539 ], [ 4.6135251, 8.9946226 ], [ 4.6123355, 8.9941707 ], [ 4.6106427, 8.9945774 ], [ 4.6082177, 8.9943514 ], [ 4.6055183, 8.9960687 ], [ 4.604832, 8.9968821 ], [ 4.6040084, 8.9962946 ], [ 4.5984723, 8.9874824 ], [ 4.5967337, 8.9859007 ], [ 4.5943087, 8.9849065 ], [ 4.5921126, 8.981743 ], [ 4.5908772, 8.9810651 ], [ 4.5900079, 8.9780824 ], [ 4.5896419, 8.9759132 ], [ 4.5920211, 8.9698573 ], [ 4.5936682, 8.967688 ], [ 4.5955898, 8.9660158 ], [ 4.5959101, 8.9652023 ], [ 4.5954068, 8.9637109 ], [ 4.5962304, 8.9622194 ], [ 4.5962761, 8.9611348 ], [ 4.5951323, 8.9603213 ], [ 4.5928904, 8.9598241 ], [ 4.5858444, 8.9604568 ], [ 4.5825044, 8.960502 ], [ 4.5757329, 8.9563893 ], [ 4.5751839, 8.9554402 ], [ 4.5755956, 8.9519149 ], [ 4.5751381, 8.9500619 ], [ 4.5810403, 8.9497907 ], [ 4.5841973, 8.9473501 ], [ 4.5864849, 8.9472145 ], [ 4.5891844, 8.9442767 ], [ 4.5923413, 8.9392598 ], [ 4.5937139, 8.9394406 ], [ 4.594812, 8.9372711 ], [ 4.5958643, 8.9357344 ], [ 4.594995, 8.9330225 ], [ 4.5964591, 8.9307626 ], [ 4.5973552, 8.9295641 ], [ 4.5971722, 8.928389 ], [ 4.5968062, 8.9271686 ], [ 4.5958454, 8.9262194 ], [ 4.5958911, 8.9251798 ], [ 4.5963029, 8.9236883 ], [ 4.5965317, 8.9226035 ], [ 4.5962114, 8.9213379 ], [ 4.5944728, 8.9190327 ], [ 4.5943813, 8.9172247 ], [ 4.594427, 8.9146483 ], [ 4.5934662, 8.9136538 ], [ 4.5888451, 8.912569 ], [ 4.5868777, 8.9110322 ], [ 4.5867405, 8.9092693 ], [ 4.586466, 8.9080489 ], [ 4.5856882, 8.9073257 ], [ 4.5817991, 8.905156 ], [ 4.5778644, 8.9009522 ], [ 4.5770408, 8.8991893 ], [ 4.5772696, 8.8981949 ], [ 4.5770408, 8.8967936 ], [ 4.5762172, 8.8967032 ], [ 4.5729687, 8.8972456 ], [ 4.5717334, 8.8980593 ], [ 4.5705896, 8.8985565 ], [ 4.5689425, 8.8978333 ], [ 4.5680274, 8.8946691 ], [ 4.5679816, 8.891098 ], [ 4.5664718, 8.8879789 ], [ 4.5669293, 8.8867132 ], [ 4.5683477, 8.8844982 ], [ 4.5686222, 8.8831873 ], [ 4.5674784, 8.8819216 ], [ 4.5626285, 8.8781244 ], [ 4.5618049, 8.8763614 ], [ 4.5613932, 8.8750052 ], [ 4.5631318, 8.8735586 ], [ 4.5660143, 8.8740559 ], [ 4.5677071, 8.8744175 ], [ 4.5694, 8.8743271 ], [ 4.5709556, 8.8725641 ], [ 4.5717334, 8.8713435 ], [ 4.5728962, 8.8713887 ], [ 4.5850398, 8.874734 ], [ 4.5871902, 8.8758641 ], [ 4.5888373, 8.8760901 ], [ 4.5905302, 8.8758189 ], [ 4.5924976, 8.8746888 ], [ 4.5934126, 8.8731518 ], [ 4.5936871, 8.8708463 ], [ 4.5929093, 8.8699421 ], [ 4.5897981, 8.8678627 ], [ 4.5900726, 8.8665065 ], [ 4.5905759, 8.8652859 ], [ 4.5894321, 8.8640653 ], [ 4.5883798, 8.864879 ], [ 4.587785, 8.8635228 ], [ 4.5889288, 8.8628447 ], [ 4.5913537, 8.8624831 ], [ 4.5970271, 8.8595898 ], [ 4.6004076, 8.8586121 ], [ 4.6026075, 8.8554154 ], [ 4.6032546, 8.847999 ], [ 4.6015723, 8.8399431 ], [ 4.5952312, 8.8359791 ], [ 4.5934194, 8.8335495 ], [ 4.5941959, 8.8308641 ], [ 4.6004076, 8.8256211 ], [ 4.5998899, 8.8239587 ], [ 4.5970429, 8.8159023 ], [ 4.5978194, 8.8101476 ], [ 4.6031252, 8.7976149 ], [ 4.6050663, 8.7969754 ], [ 4.6032546, 8.7931388 ], [ 4.5960076, 8.7858491 ], [ 4.574655, 8.7658975 ], [ 4.5681845, 8.7561771 ], [ 4.5658812, 8.7514413 ], [ 4.5611577, 8.7489471 ], [ 4.5600577, 8.7419123 ], [ 4.5544931, 8.7390984 ], [ 4.5526167, 8.7358367 ], [ 4.5578578, 8.7314239 ], [ 4.557146, 8.7266272 ], [ 4.5575989, 8.7249004 ], [ 4.5597342, 8.7234294 ], [ 4.559993, 8.7217026 ], [ 4.5603165, 8.7200397 ], [ 4.5612871, 8.719656 ], [ 4.5630342, 8.7201676 ], [ 4.5641988, 8.7208072 ], [ 4.5656871, 8.7199757 ], [ 4.5670459, 8.7179931 ], [ 4.5677576, 8.7165221 ], [ 4.567887, 8.7154987 ], [ 4.5670459, 8.7157546 ], [ 4.5665282, 8.7167139 ], [ 4.5657518, 8.7169698 ], [ 4.5651047, 8.7157546 ], [ 4.5654929, 8.7133881 ], [ 4.5645224, 8.7128765 ], [ 4.5632283, 8.7115973 ], [ 4.5645871, 8.708975 ], [ 4.5654929, 8.7069923 ], [ 4.5652341, 8.7055212 ], [ 4.5630989, 8.704306 ], [ 4.5642635, 8.7019394 ], [ 4.5634224, 8.6999567 ], [ 4.5635518, 8.6976541 ], [ 4.5629207, 8.693099 ], [ 4.5638815, 8.6897521 ], [ 4.5647051, 8.6875812 ], [ 4.563424, 8.6867218 ], [ 4.5597179, 8.6851841 ], [ 4.5591232, 8.6834201 ], [ 4.5592147, 8.6818824 ], [ 4.5608618, 8.6802993 ], [ 4.5632409, 8.6783997 ], [ 4.5626004, 8.6700322 ], [ 4.5636527, 8.6673183 ], [ 4.5647051, 8.6660066 ], [ 4.5642933, 8.6650568 ], [ 4.5644305, 8.6628857 ], [ 4.5660776, 8.6619811 ], [ 4.5675418, 8.6606693 ], [ 4.5679535, 8.6573674 ], [ 4.567496, 8.6561914 ], [ 4.5679078, 8.654744 ], [ 4.5693261, 8.6536584 ], [ 4.5707445, 8.6528894 ], [ 4.571568, 8.6516229 ], [ 4.571019, 8.6498588 ], [ 4.5707902, 8.6485923 ], [ 4.5718426, 8.6476877 ], [ 4.5762221, 8.6478708 ], [ 4.5771577, 8.6468915 ], [ 4.5779945, 8.6459525 ], [ 4.5787254, 8.6458934 ], [ 4.5791331, 8.6454787 ], [ 4.5792458, 8.6451594 ], [ 4.5791707, 8.6448661 ], [ 4.5786879, 8.6446391 ], [ 4.5779194, 8.6442125 ], [ 4.5777438, 8.6439526 ], [ 4.5773776, 8.6428487 ], [ 4.5772824, 8.6420876 ], [ 4.5774648, 8.6413987 ], [ 4.5778618, 8.6402301 ], [ 4.577699, 8.6378719 ], [ 4.5761434, 8.637103 ], [ 4.5757316, 8.635565 ], [ 4.5762806, 8.6339818 ], [ 4.5760519, 8.6318557 ], [ 4.577699, 8.6300916 ], [ 4.5802154, 8.6285988 ], [ 4.581405, 8.6274679 ], [ 4.5816338, 8.6267441 ], [ 4.5786788, 8.6256661 ], [ 4.5768945, 8.6263899 ], [ 4.5756134, 8.6261185 ], [ 4.573463, 8.626797 ], [ 4.5716328, 8.62544 ], [ 4.5698942, 8.6238567 ], [ 4.5692079, 8.6245352 ], [ 4.5671033, 8.6210068 ], [ 4.5666915, 8.621414 ], [ 4.5660052, 8.6219116 ], [ 4.5650444, 8.6214592 ], [ 4.5653189, 8.6202378 ], [ 4.5627567, 8.6197402 ], [ 4.5619789, 8.6206902 ], [ 4.5585474, 8.6182474 ], [ 4.5569918, 8.6171165 ], [ 4.5580899, 8.6163022 ], [ 4.5607436, 8.6166189 ], [ 4.5619789, 8.6151261 ], [ 4.5617044, 8.6135428 ], [ 4.560469, 8.6110547 ], [ 4.5628025, 8.6092452 ], [ 4.5624364, 8.6077976 ], [ 4.5621162, 8.6064857 ], [ 4.5634907, 8.6054155 ], [ 4.5736493, 8.6062472 ], [ 4.5768846, 8.603944 ], [ 4.5779846, 8.6042639 ], [ 4.5782434, 8.6064391 ], [ 4.5793434, 8.6071429 ], [ 4.5825139, 8.6061832 ], [ 4.5854903, 8.606695 ], [ 4.5867197, 8.6065671 ], [ 4.5872374, 8.6050316 ], [ 4.5867844, 8.6034322 ], [ 4.5853609, 8.6024726 ], [ 4.5840668, 8.5988898 ], [ 4.5823198, 8.5976103 ], [ 4.5818669, 8.5959469 ], [ 4.5801198, 8.5905087 ], [ 4.5799904, 8.5866699 ], [ 4.5791493, 8.5858382 ], [ 4.5777257, 8.5857742 ], [ 4.5762375, 8.5869258 ], [ 4.5745977, 8.5853344 ], [ 4.5727435, 8.5835349 ], [ 4.5697023, 8.5851344 ], [ 4.5686849, 8.5839864 ] ] } },
{ "type": "Feature", "properties": { "name": "River Oshin", "waterway": "river" }, "geometry": { "type": "LineString", "coordinates": [ [ 4.8064849, 8.8356384 ], [ 4.8056376, 8.8361452 ], [ 4.8042328, 8.837335 ], [ 4.8030584, 8.8382237 ], [ 4.8027848, 8.8383365 ], [ 4.8026124, 8.8388994 ], [ 4.8026793, 8.8394502 ], [ 4.8031179, 8.839935 ], [ 4.8035936, 8.8400819 ], [ 4.8043145, 8.8408677 ], [ 4.8049463, 8.8412423 ], [ 4.8060761, 8.8415287 ], [ 4.8065741, 8.8418959 ], [ 4.8073025, 8.842792 ], [ 4.8072059, 8.843284 ], [ 4.8065444, 8.8441947 ], [ 4.8063511, 8.8452597 ], [ 4.8066707, 8.8457664 ], [ 4.8068937, 8.8465302 ], [ 4.8071018, 8.8487482 ], [ 4.806968, 8.849468 ], [ 4.8066856, 8.8503419 ], [ 4.8067079, 8.8509001 ], [ 4.8063288, 8.8515831 ], [ 4.8054889, 8.8525011 ], [ 4.8051396, 8.8532503 ], [ 4.8044781, 8.8541756 ], [ 4.8037645, 8.8549908 ], [ 4.8031327, 8.8558574 ], [ 4.8024638, 8.8563495 ], [ 4.8011259, 8.8566212 ], [ 4.7999961, 8.8571867 ], [ 4.7989555, 8.858281 ], [ 4.7980116, 8.8592578 ], [ 4.7976994, 8.8601537 ], [ 4.7977663, 8.8611011 ], [ 4.7984575, 8.8612921 ], [ 4.7995724, 8.8618282 ], [ 4.8002191, 8.8623937 ], [ 4.8005015, 8.8627903 ], [ 4.8008212, 8.8643105 ], [ 4.8013489, 8.8652358 ], [ 4.8014381, 8.8659996 ], [ 4.8014975, 8.8679531 ], [ 4.8013191, 8.8682982 ], [ 4.8007989, 8.8683643 ], [ 4.8001968, 8.8685993 ], [ 4.7996022, 8.8694439 ], [ 4.7989778, 8.8699286 ], [ 4.7985319, 8.870002 ], [ 4.7977068, 8.870002 ], [ 4.796919, 8.8703912 ], [ 4.7957966, 8.8712945 ], [ 4.7943695, 8.8725063 ], [ 4.7929276, 8.8733288 ], [ 4.7922883, 8.8737327 ], [ 4.7918349, 8.8743349 ], [ 4.7915302, 8.8750913 ], [ 4.7917235, 8.8757816 ], [ 4.7922437, 8.8772503 ], [ 4.7920877, 8.8784327 ], [ 4.7916566, 8.8790936 ], [ 4.7916937, 8.8800556 ], [ 4.7919539, 8.8812233 ], [ 4.7920728, 8.8816639 ], [ 4.7920059, 8.8826259 ], [ 4.7914856, 8.8836173 ], [ 4.7906829, 8.8847482 ], [ 4.7900734, 8.8853651 ], [ 4.7894639, 8.8856808 ], [ 4.7887801, 8.8862903 ], [ 4.7884902, 8.8868117 ], [ 4.7883787, 8.8876122 ], [ 4.7881855, 8.8880234 ], [ 4.787353, 8.8883098 ], [ 4.786684, 8.8886182 ], [ 4.7856286, 8.8894113 ], [ 4.7852272, 8.8900943 ], [ 4.7850711, 8.8907625 ], [ 4.7849894, 8.8918347 ], [ 4.7845954, 8.8926057 ], [ 4.784365, 8.8933988 ], [ 4.7847144, 8.8939496 ], [ 4.7851752, 8.8943021 ], [ 4.7854056, 8.895198 ], [ 4.7852569, 8.8958221 ], [ 4.7848407, 8.8965345 ], [ 4.7851529, 8.8972982 ], [ 4.7854279, 8.8979444 ], [ 4.7853982, 8.8988182 ], [ 4.7854576, 8.8998243 ], [ 4.7862083, 8.9006834 ], [ 4.7867807, 8.9012782 ], [ 4.7875834, 8.9030112 ], [ 4.7882449, 8.9039144 ], [ 4.788401, 8.9046047 ], [ 4.7883415, 8.9053464 ], [ 4.7882078, 8.9062055 ], [ 4.7877915, 8.9069472 ], [ 4.7875016, 8.9080046 ], [ 4.7877321, 8.9086875 ], [ 4.7882821, 8.9093557 ], [ 4.7885125, 8.9100166 ], [ 4.7883192, 8.9110079 ], [ 4.7879996, 8.911845 ], [ 4.7875834, 8.9126748 ], [ 4.787628, 8.914092 ], [ 4.7880145, 8.9149291 ], [ 4.7884976, 8.9159204 ], [ 4.7882969, 8.9167207 ], [ 4.7880814, 8.9175138 ], [ 4.7877469, 8.9199663 ], [ 4.7877618, 8.9209943 ], [ 4.7875388, 8.9220296 ], [ 4.7874942, 8.9230723 ], [ 4.7870408, 8.9243206 ], [ 4.7871895, 8.9253339 ], [ 4.7877321, 8.9261049 ], [ 4.7885868, 8.927265 ], [ 4.7886389, 8.9280067 ], [ 4.7881334, 8.9287923 ], [ 4.7871597, 8.9296881 ], [ 4.7863273, 8.9302168 ], [ 4.7859779, 8.9309511 ], [ 4.7858962, 8.9316119 ], [ 4.7861489, 8.9322801 ], [ 4.7867584, 8.9330731 ], [ 4.7881186, 8.9343654 ], [ 4.788624, 8.9352979 ], [ 4.7885868, 8.9357458 ], [ 4.7879848, 8.9364507 ], [ 4.7874273, 8.9373318 ], [ 4.7873604, 8.9380954 ], [ 4.7871895, 8.9401439 ], [ 4.7867955, 8.9411499 ], [ 4.7868178, 8.9422586 ], [ 4.7873902, 8.9440721 ], [ 4.7882746, 8.9454819 ], [ 4.7890774, 8.9460986 ], [ 4.7894788, 8.9465685 ], [ 4.7896794, 8.9470385 ], [ 4.7892558, 8.947993 ], [ 4.7889213, 8.9484629 ], [ 4.7888098, 8.9492632 ], [ 4.7890625, 8.9498138 ], [ 4.7895011, 8.9503205 ], [ 4.7900882, 8.9508344 ], [ 4.7907052, 8.9508418 ], [ 4.7914187, 8.9507023 ], [ 4.7921397, 8.9502103 ], [ 4.7927715, 8.9497257 ], [ 4.7934701, 8.9495495 ], [ 4.7943249, 8.9492485 ], [ 4.7950087, 8.9492338 ], [ 4.7955439, 8.9494834 ], [ 4.7957074, 8.9499974 ], [ 4.7955811, 8.9506141 ], [ 4.7953135, 8.9511648 ], [ 4.7953729, 8.951855 ], [ 4.7954101, 8.9524203 ], [ 4.7955142, 8.9528976 ], [ 4.7962426, 8.9533528 ], [ 4.7970453, 8.9535584 ], [ 4.7979075, 8.953551 ], [ 4.7992974, 8.953529 ], [ 4.7999218, 8.9531839 ], [ 4.8004495, 8.9531692 ], [ 4.800888, 8.9533014 ], [ 4.8023895, 8.953529 ], [ 4.8028726, 8.9536979 ], [ 4.8031179, 8.9539916 ], [ 4.8030733, 8.9544027 ], [ 4.8028652, 8.9547405 ], [ 4.8026273, 8.9551076 ], [ 4.8025158, 8.9559813 ], [ 4.8025901, 8.9565466 ], [ 4.8027983, 8.9569798 ], [ 4.8033409, 8.9572588 ], [ 4.8038611, 8.9576186 ], [ 4.8050207, 8.9591531 ], [ 4.805645, 8.9608858 ], [ 4.8064032, 8.9628241 ], [ 4.8069011, 8.9633013 ], [ 4.8078228, 8.9633674 ], [ 4.8086553, 8.9639254 ], [ 4.8091533, 8.9642925 ], [ 4.8100898, 8.9647037 ], [ 4.8110412, 8.9654599 ], [ 4.8114797, 8.9661133 ], [ 4.8117845, 8.96673 ], [ 4.8118216, 8.9675009 ], [ 4.811673, 8.968147 ], [ 4.8116878, 8.9688592 ], [ 4.8120595, 8.9698357 ], [ 4.8124534, 8.9705258 ], [ 4.8137393, 8.9719207 ], [ 4.8151515, 8.9730073 ], [ 4.8164448, 8.9746812 ], [ 4.8174705, 8.975342 ], [ 4.8193064, 8.9767736 ], [ 4.8198713, 8.9772949 ], [ 4.8210754, 8.9778088 ], [ 4.8230451, 8.9781098 ], [ 4.8237066, 8.9784108 ], [ 4.8241675, 8.9790349 ], [ 4.8244871, 8.9799232 ], [ 4.8248736, 8.9804885 ], [ 4.825156, 8.9809878 ], [ 4.8250817, 8.9818174 ], [ 4.8253641, 8.9825589 ], [ 4.8258101, 8.98297 ], [ 4.8264121, 8.9831535 ], [ 4.8269399, 8.9831756 ], [ 4.8277203, 8.9828452 ], [ 4.8285825, 8.9826103 ], [ 4.8292069, 8.9826029 ], [ 4.8297123, 8.982926 ], [ 4.8300393, 8.9833885 ], [ 4.8303292, 8.9840125 ], [ 4.8304184, 8.9845705 ], [ 4.8300988, 8.9855909 ], [ 4.8298832, 8.9863985 ], [ 4.8298684, 8.9871914 ], [ 4.8296157, 8.9883881 ], [ 4.8295785, 8.989225 ], [ 4.8298089, 8.9900766 ], [ 4.8304258, 8.9905978 ], [ 4.831236, 8.9906419 ], [ 4.8322989, 8.9906492 ], [ 4.8329753, 8.9904804 ], [ 4.8340307, 8.9906933 ], [ 4.8354132, 8.9909282 ], [ 4.8365579, 8.9909649 ], [ 4.8381336, 8.9908254 ], [ 4.8392485, 8.9908328 ], [ 4.8403337, 8.99131 ], [ 4.8424669, 8.9924773 ], [ 4.8437082, 8.9931673 ], [ 4.8446819, 8.9939676 ], [ 4.8462725, 8.9946503 ], [ 4.8483611, 8.9955753 ], [ 4.8499963, 8.9965223 ], [ 4.8503605, 8.9970362 ], [ 4.8503679, 8.9976162 ], [ 4.8500929, 8.9982108 ], [ 4.8495801, 8.9997011 ], [ 4.8496321, 9.000516 ], [ 4.8502342, 9.0010519 ], [ 4.8506578, 9.0015511 ], [ 4.8508139, 9.0021237 ], [ 4.8506801, 9.0025202 ], [ 4.8502342, 9.002733 ], [ 4.8499294, 9.0031442 ], [ 4.8500632, 9.0045977 ], [ 4.8500558, 9.0056401 ], [ 4.8498402, 9.0062201 ], [ 4.8493645, 9.0066165 ], [ 4.8488814, 9.0067927 ], [ 4.8487922, 9.0072699 ], [ 4.8496321, 9.0080554 ], [ 4.8506801, 9.0091859 ], [ 4.8512004, 9.0098172 ], [ 4.8512747, 9.0104999 ], [ 4.8514234, 9.0119975 ], [ 4.8524194, 9.0136566 ], [ 4.8533633, 9.0150881 ], [ 4.8539134, 9.015323 ], [ 4.8562388, 9.016176 ], [ 4.8567539, 9.0162071 ], [ 4.8580994, 9.0156154 ], [ 4.8590979, 9.0153662 ], [ 4.8601911, 9.0151586 ], [ 4.8613474, 9.0150444 ], [ 4.8620096, 9.015252 ], [ 4.8629557, 9.0157711 ], [ 4.8634918, 9.0166743 ], [ 4.8641766, 9.0170611 ], [ 4.8658712, 9.0173401 ], [ 4.867447, 9.017942 ], [ 4.8687403, 9.0187201 ], [ 4.8695876, 9.0198213 ], [ 4.8701925, 9.0204825 ], [ 4.8703615, 9.0206292 ], [ 4.8705766, 9.0207354 ], [ 4.8707861, 9.0207885 ], [ 4.870985, 9.0207462 ], [ 4.8712001, 9.020671 ], [ 4.8714278, 9.0204978 ], [ 4.8729175, 9.0186908 ], [ 4.8733822, 9.0181631 ], [ 4.873631, 9.0179714 ], [ 4.8739038, 9.0178418 ], [ 4.8741808, 9.0177496 ], [ 4.8748146, 9.0176139 ], [ 4.8751086, 9.0176467 ], [ 4.8754945, 9.017819 ], [ 4.875853, 9.0181161 ], [ 4.8770947, 9.0192487 ], [ 4.878165, 9.0204819 ], [ 4.8782245, 9.0215978 ], [ 4.878061, 9.0229631 ], [ 4.8763773, 9.0246195 ], [ 4.8757421, 9.0269591 ], [ 4.875519, 9.0297056 ], [ 4.8759893, 9.0315327 ], [ 4.8765288, 9.0320646 ], [ 4.8772637, 9.0335286 ], [ 4.8775938, 9.0345408 ], [ 4.878237, 9.0353469 ], [ 4.8783034, 9.0356147 ], [ 4.8782362, 9.0360342 ], [ 4.8781561, 9.036621 ], [ 4.8782083, 9.0373459 ], [ 4.8784698, 9.0381231 ], [ 4.8787099, 9.0387495 ], [ 4.8793393, 9.0401017 ], [ 4.8799027, 9.0413615 ], [ 4.8802818, 9.0422239 ], [ 4.8803676, 9.0426809 ], [ 4.8804535, 9.0431555 ], [ 4.8804099, 9.0438213 ], [ 4.880238, 9.0445082 ], [ 4.8797214, 9.0450767 ], [ 4.8792511, 9.0454181 ], [ 4.8788494, 9.045617 ], [ 4.8783795, 9.0455774 ], [ 4.8778091, 9.0453651 ], [ 4.8774829, 9.0449259 ], [ 4.8772356, 9.0444547 ], [ 4.8769592, 9.043851 ], [ 4.8767344, 9.0434571 ], [ 4.8765153, 9.0433579 ], [ 4.8762513, 9.0433916 ], [ 4.8757695, 9.0437876 ], [ 4.8752083, 9.0442669 ], [ 4.8748412, 9.0445721 ], [ 4.8746409, 9.0448568 ], [ 4.8746057, 9.0451305 ], [ 4.8747177, 9.0455091 ], [ 4.8750077, 9.0458183 ], [ 4.8751846, 9.0460537 ], [ 4.8770741, 9.0483659 ], [ 4.8782655, 9.0505576 ], [ 4.8794672, 9.0520833 ], [ 4.8796528, 9.0532944 ], [ 4.8796796, 9.0549525 ], [ 4.8798298, 9.056261 ], [ 4.8805486, 9.0567961 ], [ 4.8815575, 9.0570676 ], [ 4.8829701, 9.056528 ], [ 4.8839274, 9.056615 ], [ 4.8843776, 9.0572158 ], [ 4.8844433, 9.0582427 ], [ 4.8847436, 9.0589892 ], [ 4.8854864, 9.0590736 ], [ 4.8863748, 9.0586947 ], [ 4.8871436, 9.0581809 ], [ 4.8882219, 9.0578471 ], [ 4.8888167, 9.0576976 ], [ 4.8902282, 9.0569412 ], [ 4.8915684, 9.0573353 ], [ 4.8923929, 9.0574604 ], [ 4.8927536, 9.0576114 ], [ 4.8930284, 9.0578471 ], [ 4.8930143, 9.0582285 ], [ 4.8923236, 9.0597891 ], [ 4.8917533, 9.0605875 ], [ 4.8911401, 9.0612375 ], [ 4.8901095, 9.0615528 ], [ 4.888651, 9.0615607 ], [ 4.8879139, 9.0618698 ], [ 4.8874733, 9.0623178 ], [ 4.8872055, 9.0631354 ], [ 4.8873132, 9.0639212 ], [ 4.8875569, 9.064602 ], [ 4.8883245, 9.0650182 ], [ 4.8889085, 9.065984 ], [ 4.890505, 9.0678148 ], [ 4.8919984, 9.0688658 ], [ 4.8942815, 9.0696795 ], [ 4.8951398, 9.0718831 ], [ 4.8956033, 9.0736122 ], [ 4.8966848, 9.0754429 ], [ 4.8983499, 9.077511 ], [ 4.8983231, 9.0785068 ], [ 4.898158, 9.0789114 ], [ 4.8975433, 9.0794624 ], [ 4.8966609, 9.0800774 ], [ 4.8964257, 9.0806795 ], [ 4.8967608, 9.0817149 ], [ 4.8978113, 9.0827743 ], [ 4.8984014, 9.0837489 ], [ 4.8988971, 9.0852448 ], [ 4.899396, 9.0855309 ], [ 4.9001017, 9.0863883 ], [ 4.9010132, 9.0871099 ], [ 4.9011394, 9.087761 ], [ 4.9006073, 9.0892245 ], [ 4.9004721, 9.0909688 ], [ 4.8996834, 9.0959904 ], [ 4.9000181, 9.0973957 ], [ 4.9009061, 9.0993396 ], [ 4.9009598, 9.1010846 ], [ 4.9006056, 9.1028782 ], [ 4.8993354, 9.1045778 ], [ 4.8983335, 9.1065725 ], [ 4.8980581, 9.1081573 ], [ 4.8973088, 9.1098706 ], [ 4.8966389, 9.1102957 ], [ 4.8959965, 9.111037 ], [ 4.8961038, 9.1115557 ], [ 4.8964632, 9.1120452 ], [ 4.8968853, 9.1124386 ], [ 4.8968565, 9.1152761 ], [ 4.8964959, 9.1169595 ], [ 4.8959434, 9.1173196 ], [ 4.8956215, 9.117558 ], [ 4.8952997, 9.1179552 ], [ 4.8950368, 9.1187073 ], [ 4.894833, 9.1195018 ], [ 4.894436, 9.119952 ], [ 4.8939425, 9.120344 ], [ 4.8923179, 9.1208104 ], [ 4.8910491, 9.1213238 ], [ 4.8889437, 9.1220157 ], [ 4.8863967, 9.1223031 ], [ 4.8857418, 9.1225302 ], [ 4.8852595, 9.1229519 ], [ 4.8844744, 9.1239867 ], [ 4.8839528, 9.1249295 ], [ 4.8837887, 9.1259087 ], [ 4.8840839, 9.1267328 ], [ 4.8844101, 9.127289 ], [ 4.8848444, 9.1279657 ], [ 4.8856062, 9.1286331 ], [ 4.8866081, 9.1292411 ], [ 4.8873174, 9.1298354 ], [ 4.8879021, 9.130651 ], [ 4.8883635, 9.1315514 ], [ 4.8888355, 9.1330344 ], [ 4.8890769, 9.1344962 ], [ 4.8889246, 9.1361744 ], [ 4.8884778, 9.1374795 ], [ 4.8877381, 9.1379084 ], [ 4.8866411, 9.1382077 ], [ 4.8851162, 9.1381309 ], [ 4.8846158, 9.138258 ], [ 4.8843966, 9.1384715 ], [ 4.8843149, 9.1389566 ], [ 4.8843722, 9.1394241 ], [ 4.8842845, 9.1397046 ], [ 4.8842027, 9.1398643 ], [ 4.8840678, 9.1399692 ], [ 4.8839121, 9.1400902 ], [ 4.8836772, 9.1401497 ], [ 4.8835103, 9.140108 ], [ 4.8827285, 9.1397311 ], [ 4.8824763, 9.1397208 ], [ 4.8822438, 9.1398148 ], [ 4.8820516, 9.1399776 ], [ 4.8818665, 9.1401454 ], [ 4.8817011, 9.1403481 ], [ 4.881357, 9.1416191 ], [ 4.8812823, 9.1417233 ], [ 4.8811496, 9.1418646 ], [ 4.8809853, 9.1420271 ], [ 4.880819, 9.1421631 ], [ 4.8804595, 9.1422531 ], [ 4.880175, 9.1422264 ], [ 4.8799478, 9.1421769 ], [ 4.8796729, 9.1420434 ], [ 4.8794623, 9.1418888 ], [ 4.8783417, 9.1406924 ], [ 4.8779214, 9.140297 ], [ 4.8773611, 9.1399462 ], [ 4.8769212, 9.1398085 ], [ 4.8765185, 9.1396918 ], [ 4.8745126, 9.1392868 ], [ 4.8741531, 9.1393609 ], [ 4.873901, 9.139451 ], [ 4.8738983, 9.139451 ], [ 4.8737401, 9.1394642 ], [ 4.8736113, 9.1394668 ], [ 4.8735101, 9.1394675 ], [ 4.8734075, 9.1394986 ], [ 4.8732439, 9.1395993 ], [ 4.8729998, 9.1398217 ], [ 4.8727986, 9.1400203 ], [ 4.8725894, 9.1401368 ], [ 4.871951, 9.1404573 ], [ 4.8714119, 9.1408359 ], [ 4.8712134, 9.1409074 ], [ 4.8710471, 9.1409313 ], [ 4.8708326, 9.1410213 ], [ 4.8707789, 9.1410822 ], [ 4.870744, 9.1412014 ], [ 4.8707119, 9.1414053 ], [ 4.8706636, 9.1415324 ], [ 4.8705053, 9.1416039 ], [ 4.8701083, 9.1416718 ], [ 4.8694754, 9.1416992 ], [ 4.8688316, 9.1418264 ], [ 4.868263, 9.1420647 ], [ 4.8673821, 9.1423376 ], [ 4.8672559, 9.1424576 ], [ 4.8668951, 9.1427744 ], [ 4.8661226, 9.1435476 ], [ 4.8656613, 9.1437807 ], [ 4.8652321, 9.1438283 ], [ 4.8644435, 9.1438972 ], [ 4.8639607, 9.1439449 ], [ 4.8633063, 9.144162 ], [ 4.862125, 9.1471261 ] ] } },
{ "type": "Feature", "properties": { "name": null, "waterway": "stream" }, "geometry": { "type": "LineString", "coordinates": [ [ 4.8610848, 9.1059816 ], [ 4.8615503, 9.1064807 ], [ 4.8629418, 9.1067377 ], [ 4.8635174, 9.1071825 ], [ 4.8639929, 9.1067575 ], [ 4.8649396, 9.1068168 ], [ 4.8649046, 9.1065895 ], [ 4.8661509, 9.1062732 ], [ 4.8664312, 9.1064066 ], [ 4.8680679, 9.10612 ], [ 4.8682952, 9.1065499 ], [ 4.8686456, 9.1066438 ], [ 4.8689359, 9.1069799 ], [ 4.8694564, 9.1071776 ], [ 4.8697117, 9.1077854 ], [ 4.8704326, 9.1076904 ], [ 4.8706829, 9.1080561 ], [ 4.8710533, 9.1077942 ] ] } },
{ "type": "Feature", "properties": { "name": null, "waterway": "stream" }, "geometry": { "type": "LineString", "coordinates": [ [ 2.7959239, 8.8736552 ], [ 2.7957791, 8.8736605 ], [ 2.7955967, 8.8737188 ], [ 2.7953392, 8.8737877 ], [ 2.7950442, 8.8739202 ], [ 2.7948511, 8.8739732 ], [ 2.7946418, 8.8739944 ], [ 2.7943629, 8.8740262 ], [ 2.7940196, 8.8739997 ], [ 2.7938855, 8.8740103 ], [ 2.7936119, 8.8740845 ], [ 2.7934241, 8.8741004 ], [ 2.7931774, 8.8740845 ], [ 2.7929038, 8.8740315 ], [ 2.7923512, 8.8738407 ], [ 2.7921635, 8.8737824 ], [ 2.7919382, 8.8737347 ], [ 2.7914554, 8.8736976 ], [ 2.7909994, 8.873687 ], [ 2.7904308, 8.873687 ], [ 2.7897924, 8.8737188 ], [ 2.7894759, 8.8737612 ], [ 2.7890789, 8.8738831 ], [ 2.7888429, 8.8739361 ], [ 2.7880329, 8.874217 ], [ 2.7877428, 8.8743176 ], [ 2.7867186, 8.8746728 ], [ 2.7861768, 8.8748424 ], [ 2.7856779, 8.8749855 ], [ 2.7854687, 8.8750385 ], [ 2.7851736, 8.8751021 ], [ 2.784943, 8.8751551 ], [ 2.7846104, 8.8751976 ], [ 2.7844012, 8.8752135 ], [ 2.7832586, 8.8753884 ], [ 2.7829474, 8.8754361 ], [ 2.7827436, 8.8754626 ], [ 2.7817458, 8.875452 ], [ 2.781558, 8.875452 ], [ 2.7813059, 8.8754414 ], [ 2.7805334, 8.8753778 ], [ 2.7803028, 8.8753725 ], [ 2.7800775, 8.8753831 ], [ 2.779879, 8.875399 ], [ 2.7795356, 8.875452 ], [ 2.7792191, 8.8755368 ], [ 2.7788973, 8.8755792 ], [ 2.7786773, 8.8756004 ], [ 2.7774811, 8.8755951 ], [ 2.777186, 8.8756057 ], [ 2.7768856, 8.8756057 ], [ 2.776671, 8.8755951 ], [ 2.7765047, 8.8755845 ], [ 2.7762473, 8.8755898 ], [ 2.7759898, 8.8756216 ], [ 2.7757752, 8.8755951 ], [ 2.775625, 8.8755368 ], [ 2.775448, 8.8754944 ], [ 2.7752119, 8.8754679 ], [ 2.7749652, 8.8754679 ], [ 2.7746218, 8.8755156 ], [ 2.7743429, 8.8755686 ], [ 2.7740854, 8.8755898 ], [ 2.7738923, 8.8756163 ], [ 2.7737045, 8.8756693 ], [ 2.7734524, 8.8757753 ], [ 2.7733183, 8.8758601 ], [ 2.7731627, 8.8759714 ], [ 2.7730018, 8.8761463 ], [ 2.7728623, 8.8763053 ], [ 2.7726906, 8.8764749 ], [ 2.772289995908144, 8.876955222124378 ] ] } },
{ "type": "Feature", "properties": { "name": "Okpara", "waterway": "river" }, "geometry": { "type": "LineString", "coordinates": [ [ 2.770710690452029, 8.873349420767735 ], [ 2.7707058, 8.8733372 ], [ 2.7705878, 8.8731093 ], [ 2.7704912, 8.8729821 ], [ 2.7703947, 8.8728814 ], [ 2.7702499, 8.8727542 ], [ 2.7700406, 8.8725951 ], [ 2.769751, 8.8724043 ], [ 2.7696437, 8.8723301 ], [ 2.7695578, 8.8722347 ], [ 2.7695042, 8.8721579 ], [ 2.7694344, 8.8719962 ], [ 2.7693433, 8.8718637 ], [ 2.7692252, 8.8717418 ], [ 2.7691511, 8.8716978 ], [ 2.7690107, 8.8716146 ], [ 2.7683937, 8.8713814 ], [ 2.7682945, 8.8713655 ], [ 2.7681926, 8.8713814 ], [ 2.7680772, 8.8714132 ], [ 2.767809, 8.8715139 ], [ 2.7675676, 8.8716411 ], [ 2.7672753, 8.8717869 ], [ 2.7671573, 8.8718531 ], [ 2.7670607, 8.8718796 ], [ 2.7669346, 8.8718849 ], [ 2.766661, 8.8718743 ], [ 2.7664465, 8.8718584 ], [ 2.7661622, 8.8718054 ], [ 2.7660549, 8.8718054 ], [ 2.7659798, 8.8718054 ], [ 2.7659046, 8.8718319 ], [ 2.7658349, 8.8718902 ], [ 2.7657705, 8.8719644 ], [ 2.7655452, 8.8723725 ], [ 2.7654889, 8.8724573 ], [ 2.7654165, 8.8725341 ], [ 2.7652527, 8.8726883 ] ] } },
{ "type": "Feature", "properties": { "name": "Okpara", "waterway": "river" }, "geometry": { "type": "LineString", "coordinates": [ [ 2.765681109865601, 8.872670529560962 ], [ 2.7655288, 8.8726392 ], [ 2.7652527, 8.8726883 ] ] } },
{ "type": "Feature", "properties": { "name": "Okpara", "waterway": "river" }, "geometry": { "type": "LineString", "coordinates": [ [ 2.771163083728975, 8.892672026287331 ], [ 2.7711378, 8.8919152 ], [ 2.7710808, 8.8909672 ], [ 2.7708438, 8.8901212 ], [ 2.7704538, 8.8895592 ], [ 2.770187000039202, 8.889315430580307 ] ] } },
{ "type": "Feature", "properties": { "name": "Okpara", "waterway": "river" }, "geometry": { "type": "LineString", "coordinates": [ [ 2.7652556, 8.9065998 ], [ 2.7654701, 8.9068807 ], [ 2.7656096, 8.9070397 ], [ 2.7658135, 8.9072358 ], [ 2.7659261, 8.9073524 ], [ 2.7660173, 8.9074637 ], [ 2.7661461, 8.9075856 ], [ 2.7663392, 8.9076704 ], [ 2.7664733, 8.9077128 ], [ 2.7671331, 8.9077923 ], [ 2.76740743744458, 8.90782391826404 ] ] } },
{ "type": "Feature", "properties": { "name": null, "waterway": "stream" }, "geometry": { "type": "MultiLineString", "coordinates": [ [ [ 2.7796483, 8.9229279 ], [ 2.7794766, 8.9229809 ], [ 2.7793425, 8.9231028 ], [ 2.779246, 8.9231929 ], [ 2.7791762, 8.9233095 ], [ 2.7787095, 8.9239666 ], [ 2.7786076, 8.9240567 ], [ 2.7784489, 8.9241925 ], [ 2.7781248, 8.9244171 ], [ 2.7777278, 8.924592 ], [ 2.7775723, 8.9246662 ], [ 2.7773952, 8.9247192 ], [ 2.7771002, 8.9247775 ], [ 2.7769554, 8.9248464 ], [ 2.7768266, 8.9249629 ], [ 2.7766013, 8.9250954 ], [ 2.7763706, 8.9251908 ], [ 2.7761346, 8.925265 ], [ 2.7759576, 8.9252703 ], [ 2.7757591, 8.925265 ], [ 2.7755231, 8.9252014 ], [ 2.7753729, 8.925106 ], [ 2.7751905, 8.9249841 ], [ 2.7750456, 8.9248834 ], [ 2.7748364, 8.9247033 ], [ 2.7746808, 8.9245337 ], [ 2.7745897, 8.9243747 ], [ 2.7745467, 8.924221 ], [ 2.7745092, 8.9240355 ], [ 2.7744716, 8.92385 ], [ 2.7743483, 8.9233519 ], [ 2.7742624, 8.9231558 ], [ 2.7741659, 8.9230127 ], [ 2.774160154714543, 8.923000792173717 ] ], [ [ 2.77408521639109, 8.922720706227457 ], [ 2.7740264, 8.9225305 ], [ 2.773962, 8.922398 ], [ 2.7738655, 8.9223503 ], [ 2.7737689, 8.9223238 ], [ 2.773751670511685, 8.922328057169606 ] ] ] } },
{ "type": "Feature", "properties": { "name": null, "waterway": "stream" }, "geometry": { "type": "LineString", "coordinates": [ [ 2.776375884352854, 8.933625718628253 ], [ 2.776341, 8.9334762 ] ] } },
{ "type": "Feature", "properties": { "name": "Okpara", "waterway": "river" }, "geometry": { "type": "LineString", "coordinates": [ [ 2.781763884991606, 8.93888095652585 ], [ 2.7816921, 8.9387731 ], [ 2.7815366, 8.9385293 ], [ 2.7814132, 8.9383862 ], [ 2.7812898, 8.9382485 ], [ 2.7810752, 8.9380577 ], [ 2.7799272, 8.9371515 ], [ 2.7797288, 8.9369766 ], [ 2.7795356, 8.9368018 ], [ 2.7793479, 8.9366057 ], [ 2.779187, 8.9364414 ], [ 2.7790368, 8.9362718 ], [ 2.7789026, 8.9361022 ], [ 2.7788061, 8.9359327 ], [ 2.7786934, 8.935726 ], [ 2.7785969, 8.9355087 ], [ 2.7785164, 8.935318 ], [ 2.7783555, 8.9350106 ], [ 2.7782375, 8.9347721 ], [ 2.7781141, 8.9345866 ], [ 2.777921, 8.9344012 ], [ 2.7776957, 8.9342316 ], [ 2.7774918, 8.9340991 ], [ 2.7772987, 8.9339878 ], [ 2.7768534, 8.9337229 ] ] } },
{ "type": "Feature", "properties": { "name": null, "waterway": "stream" }, "geometry": { "type": "LineString", "coordinates": [ [ 2.7861714, 8.9574737 ], [ 2.7859032, 8.9571134 ], [ 2.785635, 8.9567425 ], [ 2.7854097, 8.9564245 ], [ 2.7850342, 8.956043 ], [ 2.7845943, 8.9557145 ], [ 2.7843368, 8.9555661 ], [ 2.7840042, 8.9553859 ], [ 2.7836394, 8.9551952 ], [ 2.7832425, 8.9550256 ], [ 2.782942, 8.9549302 ], [ 2.7824163, 8.9547924 ], [ 2.7820945, 8.9546758 ], [ 2.7817404, 8.9545911 ], [ 2.7814186, 8.9545381 ], [ 2.7810001, 8.9544109 ] ] } },
{ "type": "Feature", "properties": { "name": "Okpara", "waterway": "river" }, "geometry": { "type": "MultiLineString", "coordinates": [ [ [ 2.780015376544201, 9.017173022122305 ], [ 2.779717, 9.017067 ], [ 2.77923, 9.017021 ], [ 2.778987185033944, 9.016991439917176 ] ], [ [ 2.78688852159669, 9.002157262145959 ], [ 2.786825, 9.002034 ], [ 2.786599, 9.001717 ], [ 2.78629, 9.001438 ], [ 2.786102, 9.001308 ], [ 2.785924, 9.001252 ], [ 2.785653, 9.001205 ], [ 2.785306, 9.001057 ], [ 2.785016, 9.000824 ], [ 2.784762, 9.000712 ], [ 2.784420079925796, 9.000575034898228 ] ], [ [ 2.783999605168129, 9.000263003614162 ], [ 2.783929, 9.000135 ], [ 2.783728, 8.999854 ], [ 2.782849375709439, 8.999409426631424 ] ], [ [ 2.79086888663988, 8.990351885246314 ], [ 2.790783, 8.990178 ], [ 2.79029, 8.989718 ], [ 2.789254, 8.989134 ], [ 2.788529, 8.98883 ], [ 2.787365, 8.988503 ], [ 2.786175, 8.988022 ], [ 2.78483, 8.987644 ], [ 2.78395, 8.987341 ], [ 2.783085206817383, 8.987192735919189 ] ], [ [ 2.776636219307127, 8.964826527724131 ], [ 2.7762028, 8.9647511 ], [ 2.775743, 8.9646803 ], [ 2.7753997, 8.9646432 ], [ 2.77470093611623, 8.96460259201114 ] ], [ [ 2.776636977475353, 8.958009453985742 ], [ 2.7768964, 8.9579347 ], [ 2.7770895, 8.957887 ], [ 2.7772665, 8.957797 ], [ 2.7777922, 8.9574472 ], [ 2.7779639, 8.9573201 ], [ 2.7780873, 8.9571664 ], [ 2.7781838, 8.957071 ], [ 2.7782911, 8.9570445 ], [ 2.7784359, 8.9570392 ], [ 2.7786076, 8.9569915 ], [ 2.7790099, 8.956859 ], [ 2.7795893, 8.9566365 ], [ 2.7799058, 8.9565093 ], [ 2.7800882, 8.9564086 ], [ 2.780394, 8.9561861 ], [ 2.7806407, 8.9559476 ], [ 2.7808392, 8.9556721 ], [ 2.7809358, 8.955476 ], [ 2.7810162, 8.9552163 ], [ 2.7810538, 8.9549726 ], [ 2.7810699, 8.9547871 ], [ 2.7810538, 8.954607 ], [ 2.7810001, 8.9544109 ], [ 2.7809089, 8.9542095 ], [ 2.7807856, 8.9540718 ], [ 2.7806622, 8.9539658 ], [ 2.780571, 8.953881 ], [ 2.780551441757423, 8.953857392431839 ] ], [ [ 2.777884761175426, 8.935162038635804 ], [ 2.7778512, 8.935 ], [ 2.7777868, 8.9348463 ], [ 2.7777171, 8.9347138 ], [ 2.777304, 8.9341574 ], [ 2.7771807, 8.9340037 ], [ 2.7770251, 8.9338606 ], [ 2.7768534, 8.9337229 ], [ 2.7766496, 8.9336169 ], [ 2.776341, 8.9334762 ], [ 2.776138219289684, 8.933383730967948 ] ], [ [ 2.764045254351887, 8.904208428883884 ], [ 2.764129, 8.9043739 ], [ 2.7642202, 8.9045594 ], [ 2.7642471, 8.9046813 ], [ 2.7642631, 8.9048191 ], [ 2.7643275, 8.9053809 ], [ 2.7643758, 8.9055876 ], [ 2.7644348, 8.9057254 ], [ 2.7645099, 8.9058579 ], [ 2.7646172, 8.9059798 ], [ 2.7647942, 8.9061228 ], [ 2.7650142, 8.9062712 ], [ 2.7651697, 8.9064355 ], [ 2.7652556, 8.9065998 ], [ 2.7652878, 8.9067906 ], [ 2.7652878, 8.9069496 ], [ 2.7652234, 8.9078506 ], [ 2.7652234, 8.908036 ], [ 2.7652502, 8.9082109 ], [ 2.7653199, 8.9083646 ], [ 2.7654272, 8.9085077 ], [ 2.7655774, 8.9086031 ], [ 2.7658296, 8.9087144 ], [ 2.766071, 8.9087568 ], [ 2.7666718, 8.9088151 ], [ 2.7668542, 8.9088469 ], [ 2.7670258, 8.9088734 ], [ 2.7672189, 8.9088787 ], [ 2.7674228, 8.9088416 ], [ 2.7685922, 8.908566 ], [ 2.7688175, 8.9085077 ], [ 2.768973872802432, 8.9084796217667 ] ] ] } },
{ "type": "Feature", "properties": { "name": null, "waterway": "river" }, "geometry": { "type": "LineString", "coordinates": [ [ 4.5324786, 8.5244829 ], [ 4.5325374, 8.5245221 ] ] } },
{ "type": "Feature", "properties": { "name": null, "waterway": "river" }, "geometry": { "type": "LineString", "coordinates": [ [ 4.5325374, 8.5245221 ], [ 4.5325897, 8.5245569 ], [ 4.5326548, 8.5244872 ], [ 4.5327577, 8.5244902 ], [ 4.5329036, 8.5245282 ], [ 4.5329957, 8.5245479 ], [ 4.5330264, 8.5246391 ], [ 4.5330894, 8.5247499 ], [ 4.533158, 8.5247674 ], [ 4.5331934, 8.5247774 ], [ 4.5332187, 8.5248024 ], [ 4.5332642, 8.5248425 ], [ 4.5333199, 8.5248742 ], [ 4.5333452, 8.5248842 ], [ 4.5333232, 8.5249275 ], [ 4.533271, 8.5249976 ], [ 4.5332878, 8.5250393 ], [ 4.5333249, 8.525066 ] ] } },
{ "type": "Feature", "properties": { "name": null, "waterway": "river" }, "geometry": { "type": "LineString", "coordinates": [ [ 4.529264, 8.52732 ], [ 4.5291741, 8.5273571 ], [ 4.5290829, 8.5273943 ], [ 4.5289622, 8.5274314 ], [ 4.5288509, 8.5274433 ], [ 4.5287155, 8.5273929 ], [ 4.5286202, 8.5274022 ], [ 4.5284834, 8.5274513 ], [ 4.5283534, 8.5274884 ], [ 4.5282662, 8.5275096 ], [ 4.5281683, 8.527511 ], [ 4.5280235, 8.5275176 ], [ 4.5279028, 8.527503 ], [ 4.5277807, 8.5275203 ], [ 4.5276198, 8.5275574 ], [ 4.5274897, 8.5275813 ], [ 4.5273596, 8.5275852 ], [ 4.5272067, 8.527625 ], [ 4.5270672, 8.5276542 ], [ 4.5269465, 8.5276608 ], [ 4.5267963, 8.5276489 ], [ 4.5266166, 8.5276582 ], [ 4.5264316, 8.5276768 ], [ 4.5260963, 8.5278147 ], [ 4.5258549, 8.5278465 ], [ 4.5253962, 8.5277006 ], [ 4.5251575, 8.5276582 ], [ 4.5249778, 8.5276555 ], [ 4.5242831, 8.5274858 ], [ 4.5237976, 8.5274725 ], [ 4.5236394, 8.5273717 ], [ 4.5235831, 8.5273638 ], [ 4.5232451, 8.5274115 ], [ 4.523178, 8.5273929 ], [ 4.5228776, 8.5272126 ], [ 4.5225424, 8.5271118 ], [ 4.522191, 8.5271569 ], [ 4.5215929, 8.5269473 ], [ 4.5214292, 8.5269553 ], [ 4.5212576, 8.5269208 ], [ 4.5212093, 8.5268889 ], [ 4.5209169, 8.5268863 ], [ 4.520807, 8.5268571 ] ] } },
{ "type": "Feature", "properties": { "name": null, "waterway": "river" }, "geometry": { "type": "LineString", "coordinates": [ [ 4.230192622140528, 8.636730027196169 ], [ 4.2311766, 8.6390986 ], [ 4.2319182, 8.6414937 ], [ 4.2318688, 8.6455508 ], [ 4.2326104, 8.6476037 ], [ 4.2352802, 8.6488746 ], [ 4.2367635, 8.6516607 ], [ 4.2388196, 8.653958 ], [ 4.2390173, 8.6573795 ], [ 4.2403028, 8.6595301 ], [ 4.239695, 8.6612172 ], [ 4.2392056, 8.6627379 ], [ 4.2406739, 8.6634291 ], [ 4.2424919, 8.6636019 ], [ 4.2446594, 8.6654337 ], [ 4.2453936, 8.6675765 ], [ 4.2474842, 8.6727067 ], [ 4.2459021, 8.6871738 ], [ 4.245111, 8.6991967 ], [ 4.2458032, 8.7057456 ], [ 4.2459021, 8.7107305 ], [ 4.2483341, 8.7118838 ], [ 4.2515356, 8.7141241 ], [ 4.2547987, 8.7129512 ], [ 4.2580619, 8.7141241 ], [ 4.2604351, 8.7121692 ], [ 4.2654781, 8.7143195 ], [ 4.2687413, 8.7121692 ], [ 4.2729933, 8.7113873 ], [ 4.2765531, 8.7115828 ], [ 4.2802118, 8.7117783 ], [ 4.285057, 8.7105076 ], [ 4.2895068, 8.7101166 ], [ 4.2924733, 8.7078685 ], [ 4.2950442, 8.7074776 ], [ 4.2974174, 8.7094324 ], [ 4.3001862, 8.7087482 ], [ 4.3041415, 8.7098234 ], [ 4.3090857, 8.7129512 ], [ 4.3124477, 8.7132444 ], [ 4.3171941, 8.7121692 ], [ 4.3229504, 8.7098358 ] ] } },
{ "type": "Feature", "properties": { "name": null, "waterway": "river" }, "geometry": { "type": "LineString", "coordinates": [ [ 4.5245306, 8.6381907 ], [ 4.5295755, 8.6401127 ], [ 4.5386424, 8.6398139 ], [ 4.548616, 8.6387681 ], [ 4.5573807, 8.6381705 ], [ 4.5641809, 8.6386187 ], [ 4.5668985, 8.6391535 ], [ 4.5680205, 8.6403684 ], [ 4.5699439, 8.6402627 ], [ 4.5704247, 8.6415304 ], [ 4.5715467, 8.6429566 ], [ 4.5726686, 8.6438017 ], [ 4.5725618, 8.6452807 ], [ 4.5718426, 8.6476877 ] ] } },
{ "type": "Feature", "properties": { "name": null, "waterway": "river" }, "geometry": { "type": "LineString", "coordinates": [ [ 4.272206222624153, 8.549135863876231 ], [ 4.2733101, 8.5518121 ], [ 4.2735897, 8.5576201 ], [ 4.2700937, 8.5642577 ], [ 4.2645, 8.5692359 ], [ 4.2619828, 8.5728311 ], [ 4.2628219, 8.5779475 ], [ 4.266318, 8.5861058 ], [ 4.2674367, 8.5928812 ], [ 4.2733101, 8.5993799 ], [ 4.2885528, 8.6170781 ], [ 4.2920489, 8.6245442 ], [ 4.2965238, 8.631872 ], [ 4.301698, 8.6358814 ], [ 4.3025371, 8.6427942 ], [ 4.3068722, 8.6461123 ], [ 4.307012, 8.6506746 ], [ 4.3114799, 8.6558778 ], [ 4.3150397, 8.6650668 ], [ 4.3171175, 8.6739552 ], [ 4.317273, 8.6743436 ], [ 4.3174941, 8.6747284 ], [ 4.3176909, 8.6751287 ], [ 4.3177129, 8.6754284 ], [ 4.317637, 8.6756092 ], [ 4.3173642, 8.6759486 ], [ 4.3170097, 8.6762922 ], [ 4.3168546, 8.6765396 ], [ 4.3165601, 8.6765619 ], [ 4.3162484, 8.676677 ], [ 4.316168, 8.6768639 ], [ 4.3161358, 8.677072 ], [ 4.3188962, 8.6828578 ], [ 4.3186984, 8.6897002 ], [ 4.3164241, 8.6945876 ], [ 4.3196872, 8.7034824 ], [ 4.3229504, 8.7098358 ], [ 4.3303836, 8.7145859 ], [ 4.338914, 8.7194238 ], [ 4.3440881, 8.7201149 ], [ 4.3487029, 8.7191474 ], [ 4.3541568, 8.7184562 ], [ 4.3568138, 8.7199767 ], [ 4.3555552, 8.7227412 ], [ 4.3529453, 8.7265666 ], [ 4.3526656, 8.7314735 ], [ 4.3550429, 8.7356201 ], [ 4.3588187, 8.7385918 ], [ 4.3582593, 8.7452954 ], [ 4.362105, 8.74571 ], [ 4.3648319, 8.744397 ], [ 4.3721856, 8.7497469 ], [ 4.3716262, 8.7538933 ], [ 4.3777793, 8.7574868 ], [ 4.3830933, 8.7573486 ], [ 4.3903651, 8.7581779 ], [ 4.3920432, 8.7634299 ], [ 4.3926025, 8.7679908 ], [ 4.3903651, 8.7733808 ], [ 4.3879878, 8.7769742 ], [ 4.3917635, 8.7844371 ], [ 4.3970775, 8.791209 ], [ 4.3984461, 8.7949612 ], [ 4.4008193, 8.7954093 ], [ 4.4006215, 8.798634 ], [ 4.4025992, 8.8002953 ], [ 4.4077411, 8.7995135 ], [ 4.4098177, 8.800393 ], [ 4.4102132, 8.80352 ], [ 4.4115976, 8.8067447 ], [ 4.411202, 8.8119237 ], [ 4.4135463, 8.8137314 ], [ 4.4141312, 8.8177487 ], [ 4.4147207, 8.8175317 ], [ 4.4159033, 8.8161521 ], [ 4.4170084, 8.8161097 ], [ 4.4187652, 8.8155823 ], [ 4.4192641, 8.8158447 ], [ 4.4196884, 8.8163934 ], [ 4.4200374, 8.8166234 ], [ 4.4225558, 8.8176441 ], [ 4.424217, 8.8193235 ], [ 4.4251783, 8.8204074 ], [ 4.4267632, 8.8220567 ], [ 4.4288265, 8.822699 ], [ 4.4292087, 8.8238479 ], [ 4.4286477, 8.8258003 ], [ 4.4299567, 8.8272626 ], [ 4.4310707, 8.8282268 ], [ 4.4314203, 8.8293115 ], [ 4.4353069, 8.8304363 ], [ 4.4377868, 8.8301551 ], [ 4.441779, 8.8323169 ], [ 4.4435064, 8.8314793 ], [ 4.4465212, 8.8310659 ], [ 4.4493321, 8.8328576 ], [ 4.450523, 8.8339495 ], [ 4.4501046, 8.8352323 ], [ 4.454203, 8.8370558 ], [ 4.45725, 8.8359214 ], [ 4.4602863, 8.8353277 ], [ 4.4618956, 8.8322215 ], [ 4.4632689, 8.8301223 ], [ 4.4681299, 8.8327569 ], [ 4.4694528, 8.8342053 ], [ 4.469913, 8.8359465 ], [ 4.4689645, 8.8380308 ], [ 4.468467, 8.8437803 ], [ 4.4665983, 8.8446056 ], [ 4.4731079, 8.8520012 ], [ 4.4764641, 8.856492 ], [ 4.4791211, 8.8644369 ], [ 4.4815684, 8.8673385 ], [ 4.4851343, 8.8694802 ], [ 4.4930354, 8.8732798 ], [ 4.4957623, 8.8754905 ], [ 4.4967412, 8.8828824 ], [ 4.5007966, 8.8879944 ], [ 4.500517, 8.8909649 ], [ 4.4992584, 8.8951098 ], [ 4.5009365, 8.8973203 ], [ 4.503104, 8.8989092 ], [ 4.5063204, 8.9018105 ], [ 4.5079286, 8.9047809 ], [ 4.5101661, 8.9074749 ], [ 4.5135922, 8.9087183 ], [ 4.5175777, 8.9077512 ], [ 4.5200249, 8.9078203 ], [ 4.5205843, 8.9095472 ], [ 4.5209339, 8.9119649 ], [ 4.5233112, 8.9141754 ], [ 4.5242901, 8.9176983 ], [ 4.5258284, 8.9197015 ], [ 4.5287651, 8.9201159 ], [ 4.5317018, 8.9219119 ], [ 4.5377849, 8.9221882 ], [ 4.5395329, 8.9242604 ], [ 4.540372, 8.9255038 ], [ 4.5440778, 8.9250893 ], [ 4.5463153, 8.9261254 ], [ 4.546525, 8.927576 ], [ 4.5477137, 8.9325493 ], [ 4.5584116, 8.9520964 ], [ 4.5605791, 8.9537541 ], [ 4.5662428, 8.9619041 ], [ 4.5686201, 8.9623185 ], [ 4.5716966, 8.9635617 ], [ 4.5758219, 8.9636308 ], [ 4.580227, 8.9630783 ], [ 4.5825044, 8.960502 ] ] } },
{ "type": "Feature", "properties": { "name": null, "waterway": "river" }, "geometry": { "type": "LineString", "coordinates": [ [ 4.2372261, 8.804523 ], [ 4.2399462, 8.7982509 ], [ 4.2432707, 8.7940694 ], [ 4.2450841, 8.787586 ], [ 4.2455375, 8.7804175 ], [ 4.2476531, 8.773697 ], [ 4.2493153, 8.7699633 ], [ 4.2512798, 8.761749 ], [ 4.2526399, 8.7557749 ], [ 4.2571733, 8.7486058 ], [ 4.2618579, 8.7426315 ], [ 4.265938, 8.7405404 ], [ 4.2694137, 8.7377026 ], [ 4.2718315, 8.7333711 ], [ 4.2730404, 8.726799 ], [ 4.2750049, 8.7208244 ], [ 4.2774983, 8.7186585 ], [ 4.279085, 8.716418 ], [ 4.2796139, 8.7136546 ], [ 4.2802118, 8.7117783 ] ] } },
{ "type": "Feature", "properties": { "name": null, "waterway": "river" }, "geometry": { "type": "LineString", "coordinates": [ [ 3.8573921, 9.2147857 ], [ 3.8577783, 9.2145474 ], [ 3.8580841, 9.2144627 ], [ 3.8582987, 9.2143674 ], [ 3.8585347, 9.2142827 ], [ 3.8588405, 9.2141926 ], [ 3.8590014, 9.2141662 ], [ 3.8590819, 9.2141662 ], [ 3.8593072, 9.2142562 ], [ 3.859452, 9.2143303 ], [ 3.8597631, 9.2144362 ], [ 3.859908, 9.2145051 ], [ 3.8601118, 9.2146321 ], [ 3.8603264, 9.2147433 ], [ 3.8605088, 9.2149128 ], [ 3.8606644, 9.2150981 ], [ 3.8607663, 9.2153258 ], [ 3.8607824, 9.2154052 ], [ 3.8607931, 9.2154847 ], [ 3.8607824, 9.2169991 ], [ 3.8609433, 9.2173803 ], [ 3.8610882, 9.2175921 ], [ 3.8612008, 9.2177192 ], [ 3.8612652, 9.2177669 ], [ 3.8613993, 9.2178463 ], [ 3.8614798, 9.2178781 ], [ 3.8616353, 9.2179098 ], [ 3.8617909, 9.2178993 ], [ 3.8620108, 9.2177881 ], [ 3.8621449, 9.217698 ], [ 3.86222, 9.217661 ], [ 3.862381, 9.2176133 ], [ 3.8625526, 9.2176027 ], [ 3.8626277, 9.217608 ], [ 3.8627887, 9.2176451 ], [ 3.8632607, 9.2177192 ], [ 3.8634109, 9.2177192 ], [ 3.863588, 9.217698 ], [ 3.863824, 9.2177033 ], [ 3.8642102, 9.2177775 ], [ 3.8645428, 9.2177828 ], [ 3.8655621, 9.2179046 ], [ 3.8660395, 9.2179469 ], [ 3.8662058, 9.2179522 ], [ 3.8665116, 9.2180052 ], [ 3.8667476, 9.2180263 ], [ 3.8669032, 9.2180687 ], [ 3.8670641, 9.2180899 ], [ 3.8672143, 9.2180316 ], [ 3.8672841, 9.2179893 ], [ 3.8673592, 9.2179681 ], [ 3.8675147, 9.2179416 ], [ 3.8677561, 9.2179363 ], [ 3.8679063, 9.2179151 ], [ 3.8679814, 9.2178887 ], [ 3.8681209, 9.2178092 ], [ 3.8681692, 9.2177404 ], [ 3.8682228, 9.2175868 ], [ 3.8682175, 9.217428 ], [ 3.868196, 9.2172691 ], [ 3.8682228, 9.2168667 ], [ 3.8682765, 9.2166284 ], [ 3.8684052, 9.2163266 ], [ 3.868491, 9.2159136 ], [ 3.8686681, 9.2157494 ], [ 3.8690543, 9.2156276 ], [ 3.8691938, 9.2155482 ], [ 3.8693762, 9.2153894 ], [ 3.8695693, 9.2152411 ], [ 3.8698536, 9.215061 ], [ 3.8699824, 9.2149551 ], [ 3.870036, 9.2148916 ], [ 3.870213, 9.2146268 ], [ 3.870272, 9.2145686 ], [ 3.8704115, 9.2144839 ], [ 3.8706207, 9.2143833 ], [ 3.8707602, 9.2142985 ], [ 3.8710499, 9.2141556 ], [ 3.871184, 9.2140708 ], [ 3.8713986, 9.2139649 ], [ 3.87164, 9.2139067 ], [ 3.8717902, 9.2138326 ], [ 3.8723494, 9.2136883 ], [ 3.8729958, 9.2134103 ], [ 3.8737629, 9.2131031 ], [ 3.8738367, 9.2130648 ], [ 3.8743503, 9.2129112 ], [ 3.8747419, 9.2128569 ], [ 3.8750571, 9.2127735 ], [ 3.8753347, 9.2127563 ], [ 3.875611, 9.2127179 ], [ 3.8757759, 9.2127232 ], [ 3.8758376, 9.2127298 ], [ 3.8761877, 9.2128582 ], [ 3.8762547, 9.2129019 ], [ 3.8766088, 9.2130555 ], [ 3.8767254, 9.2130793 ], [ 3.8767858, 9.2130793 ], [ 3.8769226, 9.2130515 ], [ 3.8770647, 9.2130436 ], [ 3.8773437, 9.2131084 ], [ 3.8775328, 9.2132408 ], [ 3.8777594, 9.21336 ], [ 3.8778694, 9.2133931 ], [ 3.8779767, 9.213405 ], [ 3.8781483, 9.2134076 ], [ 3.8783884, 9.2133692 ], [ 3.8789329, 9.2133772 ], [ 3.8790724, 9.2133931 ], [ 3.8793111, 9.2134553 ], [ 3.8795404, 9.2134632 ], [ 3.879755, 9.2134235 ], [ 3.879873, 9.2133428 ], [ 3.8802284, 9.2131786 ], [ 3.8804752, 9.2131204 ], [ 3.8806213, 9.2130979 ], [ 3.8809432, 9.213127 ], [ 3.8810948, 9.213127 ], [ 3.8811551, 9.213119 ], [ 3.8812771, 9.2130753 ], [ 3.881477, 9.2130462 ], [ 3.881878, 9.2130409 ], [ 3.8820831, 9.213078 ], [ 3.8826263, 9.2132382 ], [ 3.8827765, 9.2132461 ], [ 3.8831574, 9.2132302 ], [ 3.8833196, 9.2132143 ], [ 3.8837166, 9.2131336 ], [ 3.8838547, 9.213123 ], [ 3.8841994, 9.2131217 ], [ 3.8844623, 9.2130926 ], [ 3.8849263, 9.2130687 ], [ 3.8854493, 9.2129946 ], [ 3.8862298, 9.2128079 ], [ 3.8865316, 9.2127563 ], [ 3.8869607, 9.2126358 ], [ 3.8872115, 9.2125882 ], [ 3.887862, 9.2126054 ], [ 3.8881999, 9.2125763 ], [ 3.8888772, 9.2125617 ], [ 3.8896792, 9.2126094 ], [ 3.890111, 9.2125538 ], [ 3.8904396, 9.2124823 ], [ 3.8916653, 9.212101 ], [ 3.8919, 9.2120176 ], [ 3.8919993, 9.2120084 ], [ 3.8921066, 9.2120137 ], [ 3.8928978, 9.2121818 ], [ 3.8936636, 9.2128265 ], [ 3.8939077, 9.2131217 ], [ 3.8946131, 9.2140775 ], [ 3.8951455, 9.2146758 ], [ 3.8954338, 9.2149446 ], [ 3.8957342, 9.21511 ], [ 3.8961379, 9.2153033 ], [ 3.8964477, 9.2153827 ], [ 3.8969252, 9.2154489 ], [ 3.8975072, 9.215433 ], [ 3.898859, 9.2155125 ], [ 3.8990079, 9.2155376 ], [ 3.8995993, 9.215719 ], [ 3.9003718, 9.2159242 ], [ 3.9006937, 9.2160592 ], [ 3.9010115, 9.2162339 ], [ 3.9016204, 9.2168349 ], [ 3.902083, 9.2172003 ], [ 3.9025564, 9.2175061 ], [ 3.9029481, 9.2178251 ], [ 3.9031747, 9.2180952 ], [ 3.9037299, 9.2185135 ], [ 3.9040276, 9.2186922 ], [ 3.9040853, 9.2187107 ], [ 3.9042704, 9.218716 ], [ 3.9044072, 9.2186829 ], [ 3.9046499, 9.2186948 ], [ 3.904784, 9.2187147 ], [ 3.904961, 9.2187597 ], [ 3.9052239, 9.2189503 ], [ 3.9052333, 9.2189689 ], [ 3.9058623, 9.219464 ], [ 3.9059347, 9.2195394 ], [ 3.9060058, 9.2196877 ], [ 3.90605, 9.2198399 ], [ 3.9063625, 9.2206607 ], [ 3.9067689, 9.2218494 ], [ 3.9072356, 9.2230752 ], [ 3.9073884, 9.2236074 ], [ 3.9074287, 9.2242084 ], [ 3.9074287, 9.224624 ], [ 3.9073697, 9.2248252 ], [ 3.9072946, 9.2250159 ], [ 3.9072758, 9.2250953 ], [ 3.9072758, 9.2252171 ], [ 3.9075091, 9.2258631 ], [ 3.9079383, 9.2267261 ], [ 3.9080858, 9.2268982 ], [ 3.9084855, 9.2270915 ], [ 3.9085579, 9.2271868 ], [ 3.9085767, 9.2272239 ], [ 3.9085793, 9.2272662 ], [ 3.9085016, 9.2279652 ], [ 3.9084452, 9.2280817 ], [ 3.9083701, 9.2281876 ], [ 3.9081717, 9.228357 ], [ 3.908059, 9.2286323 ], [ 3.9080295, 9.2286641 ], [ 3.9078525, 9.2287938 ], [ 3.9077559, 9.2290586 ], [ 3.9077532, 9.2292995 ], [ 3.9078873, 9.2297178 ], [ 3.9083272, 9.2305385 ], [ 3.9090541, 9.2316028 ], [ 3.9093116, 9.2321244 ], [ 3.9097086, 9.2331939 ], [ 3.9099231, 9.2339935 ], [ 3.9099339, 9.2340729 ], [ 3.9099339, 9.2342026 ], [ 3.9098856, 9.2346421 ], [ 3.9098614, 9.2352087 ], [ 3.9098883, 9.235349 ], [ 3.9099312, 9.2354813 ], [ 3.9099741, 9.2355528 ], [ 3.910194, 9.2358202 ], [ 3.9108056, 9.2364794 ], [ 3.9113286, 9.2369454 ], [ 3.9123291, 9.2377687 ], [ 3.9131525, 9.2383194 ], [ 3.91352, 9.2387297 ], [ 3.9136246, 9.2390818 ], [ 3.9136621, 9.2391533 ], [ 3.9137426, 9.2392539 ], [ 3.9146519, 9.2399449 ], [ 3.9148208, 9.2402441 ], [ 3.9151561, 9.2409006 ], [ 3.9153895, 9.2413904 ], [ 3.915596, 9.2416048 ], [ 3.9156711, 9.2416339 ], [ 3.9160252, 9.2417054 ], [ 3.9162236, 9.2417266 ], [ 3.9163068, 9.2417266 ], [ 3.916347, 9.241716 ], [ 3.9164248, 9.2416842 ], [ 3.9164838, 9.241626 ], [ 3.9167708, 9.2412236 ], [ 3.9169559, 9.2411521 ], [ 3.9170632, 9.2410992 ], [ 3.9171463, 9.2410886 ], [ 3.9172268, 9.2410939 ], [ 3.9173743, 9.2411601 ], [ 3.9174038, 9.2411865 ], [ 3.9180502, 9.2415413 ], [ 3.9185947, 9.241904 ], [ 3.9191097, 9.2420787 ], [ 3.9192116, 9.2421449 ], [ 3.9197963, 9.2425923 ], [ 3.9198366, 9.2426108 ], [ 3.920204, 9.2426902 ], [ 3.9204696, 9.242775 ], [ 3.9207888, 9.2429206 ], [ 3.9210623, 9.2430635 ], [ 3.9211884, 9.2431032 ], [ 3.9212716, 9.2431218 ], [ 3.9242327, 9.2443422 ], [ 3.9245546, 9.2444057 ], [ 3.9245921, 9.244419 ], [ 3.9252332, 9.2443766 ], [ 3.9252949, 9.2443581 ], [ 3.9254236, 9.2442999 ], [ 3.9257348, 9.2441675 ], [ 3.925944, 9.2440325 ], [ 3.9261639, 9.2439345 ], [ 3.9264053, 9.2438524 ], [ 3.9266869, 9.2437783 ], [ 3.9269203, 9.2437307 ], [ 3.928079, 9.2435692 ], [ 3.9292458, 9.2433892 ], [ 3.9295274, 9.2433097 ], [ 3.9296374, 9.2432515 ], [ 3.9299217, 9.2430212 ], [ 3.9305788, 9.242264 ], [ 3.9313352, 9.2411018 ], [ 3.9315149, 9.2409615 ], [ 3.9317965, 9.2406968 ], [ 3.9325529, 9.2400773 ], [ 3.9328051, 9.2397755 ], [ 3.9328667, 9.2396722 ], [ 3.933261, 9.2386344 ], [ 3.9336017, 9.2378958 ], [ 3.9344627, 9.2357143 ], [ 3.9348006, 9.2344647 ], [ 3.9350393, 9.2340729 ], [ 3.9351574, 9.233967 ], [ 3.9352968, 9.2338849 ], [ 3.9353719, 9.2338532 ], [ 3.9355302, 9.2338134 ], [ 3.9356938, 9.2338108 ], [ 3.9358547, 9.2338532 ], [ 3.9360747, 9.2339591 ], [ 3.9365897, 9.2341603 ], [ 3.9367801, 9.2341709 ], [ 3.9371288, 9.2340279 ], [ 3.9375687, 9.2338876 ], [ 3.9380005, 9.2339644 ], [ 3.9385128, 9.2340094 ], [ 3.9389741, 9.2341576 ], [ 3.9393201, 9.2341709 ], [ 3.9398485, 9.23411 ], [ 3.9409643, 9.2341762 ], [ 3.9422706, 9.2344065 ], [ 3.9427131, 9.2344197 ], [ 3.9430726, 9.2343959 ], [ 3.9432362, 9.2343747 ], [ 3.9443707, 9.2341497 ], [ 3.9450011, 9.2341047 ], [ 3.9452451, 9.2340597 ], [ 3.9457601, 9.2339379 ], [ 3.945905, 9.233869 ], [ 3.9475653, 9.2327359 ], [ 3.948319, 9.2319841 ], [ 3.9489359, 9.2314466 ], [ 3.9491048, 9.2312216 ], [ 3.9492497, 9.2308562 ], [ 3.9496574, 9.2296093 ], [ 3.9498076, 9.229416 ], [ 3.9501187, 9.2291327 ], [ 3.950521, 9.22886 ], [ 3.9505559, 9.2288389 ], [ 3.9508805, 9.2287224 ], [ 3.9510414, 9.2287091 ], [ 3.9511165, 9.2287277 ], [ 3.9512855, 9.2288441 ], [ 3.9514035, 9.2290745 ], [ 3.9515617, 9.2303453 ], [ 3.9516717, 9.2305227 ], [ 3.9518246, 9.2306841 ], [ 3.9523476, 9.2310972 ], [ 3.9523691, 9.2311316 ], [ 3.9527714, 9.2315578 ], [ 3.9530987, 9.2319364 ], [ 3.9532971, 9.2323521 ], [ 3.9533508, 9.2326115 ], [ 3.9533696, 9.2332601 ], [ 3.9533025, 9.2336546 ], [ 3.9532274, 9.2342397 ], [ 3.9533159, 9.2351133 ], [ 3.9535305, 9.2359473 ], [ 3.9535868, 9.2360558 ], [ 3.9538738, 9.236498 ], [ 3.9543861, 9.2382029 ], [ 3.9548126, 9.2397437 ], [ 3.9548126, 9.240019 ], [ 3.9547938, 9.2401011 ], [ 3.9547482, 9.2401699 ], [ 3.9541608, 9.2407974 ], [ 3.9537933, 9.2414063 ], [ 3.9537397, 9.2415678 ], [ 3.953737, 9.2417345 ], [ 3.9537504, 9.2417742 ], [ 3.953796, 9.2418431 ], [ 3.9539462, 9.241986 ], [ 3.9540535, 9.2421158 ], [ 3.9540884, 9.2421872 ], [ 3.9541689, 9.2424626 ], [ 3.9547697, 9.2432541 ], [ 3.9552525, 9.2438736 ], [ 3.9554965, 9.2440245 ], [ 3.9555743, 9.2440351 ], [ 3.9556521, 9.2440272 ], [ 3.955687, 9.2440113 ], [ 3.9557862, 9.2439372 ], [ 3.9558426, 9.2438763 ], [ 3.9558881, 9.2437174 ], [ 3.9559472, 9.2436142 ], [ 3.9560357, 9.2435268 ], [ 3.9562073, 9.2434236 ], [ 3.956328, 9.2434103 ], [ 3.9565212, 9.2434368 ], [ 3.9566016, 9.2434395 ], [ 3.9566794, 9.2434262 ], [ 3.9567572, 9.2434024 ], [ 3.9569744, 9.2433044 ], [ 3.9572078, 9.243225 ], [ 3.9573634, 9.243188 ], [ 3.9574787, 9.2431747 ], [ 3.9576396, 9.2431721 ], [ 3.9595869, 9.2432171 ], [ 3.9598846, 9.2433203 ], [ 3.9603138, 9.2435506 ], [ 3.9610031, 9.2440642 ], [ 3.9612392, 9.2442178 ], [ 3.9612606, 9.2442522 ], [ 3.9612713, 9.244374 ], [ 3.9612043, 9.2450279 ], [ 3.9611399, 9.2452661 ], [ 3.9611319, 9.2455971 ], [ 3.9611319, 9.2457294 ], [ 3.9612365, 9.2462113 ], [ 3.9615503, 9.2468307 ], [ 3.9615744, 9.2468625 ], [ 3.9616308, 9.2469234 ], [ 3.9617649, 9.2470213 ], [ 3.962194, 9.2473787 ], [ 3.9622182, 9.2474158 ], [ 3.9623201, 9.2474846 ], [ 3.962473, 9.2475482 ], [ 3.962591, 9.2475799 ], [ 3.964152, 9.2476064 ], [ 3.9653188, 9.2476752 ], [ 3.9659572, 9.2476832 ], [ 3.9666492, 9.2476249 ], [ 3.9672044, 9.2475243 ], [ 3.9673975, 9.2474661 ], [ 3.9674807, 9.2474555 ], [ 3.9676121, 9.2474529 ], [ 3.9679581, 9.2475243 ], [ 3.9683095, 9.247564 ], [ 3.9683819, 9.2475958 ], [ 3.9688969, 9.2477176 ], [ 3.9690658, 9.2477282 ], [ 3.9691409, 9.2477044 ], [ 3.9694735, 9.2474899 ], [ 3.969951, 9.2470293 ], [ 3.9703318, 9.2465554 ], [ 3.9714664, 9.2455176 ], [ 3.9736712, 9.2436936 ], [ 3.9745939, 9.2430159 ], [ 3.9755219, 9.2425235 ], [ 3.9761335, 9.2423328 ], [ 3.9766458, 9.2422402 ], [ 3.9771795, 9.2422878 ], [ 3.9775926, 9.2424573 ], [ 3.9787862, 9.243323 ], [ 3.9794353, 9.2437254 ], [ 3.9806369, 9.2443872 ], [ 3.9811358, 9.2447658 ], [ 3.9817607, 9.2454065 ], [ 3.9826673, 9.2462774 ], [ 3.9826861, 9.2463119 ], [ 3.9829463, 9.2465289 ], [ 3.9834774, 9.2468016 ], [ 3.9837241, 9.2470134 ] ] } },
{ "type": "Feature", "properties": { "name": null, "waterway": "river" }, "geometry": { "type": "LineString", "coordinates": [ [ 3.3690462, 9.6486236 ], [ 3.3699702, 9.6470744 ], [ 3.3713245, 9.6451942 ], [ 3.3719948, 9.6447376 ], [ 3.3732328, 9.6451879 ], [ 3.3736836, 9.6444751 ], [ 3.3735217, 9.642887 ], [ 3.3754436, 9.6400782 ], [ 3.3783421, 9.638012 ], [ 3.378707, 9.636685 ], [ 3.3785345, 9.6351193 ], [ 3.3782451, 9.633621 ], [ 3.3793443, 9.6315778 ], [ 3.3807235, 9.6279798 ], [ 3.3811899, 9.6258581 ], [ 3.3820989, 9.6236869 ], [ 3.3824565, 9.6221229 ], [ 3.3828094, 9.6198006 ], [ 3.3847848, 9.6191256 ], [ 3.3863039, 9.6176696 ], [ 3.3860554, 9.616481 ], [ 3.3878952, 9.6136664 ], [ 3.3899498, 9.6122009 ], [ 3.3930223, 9.6101404 ], [ 3.3934032, 9.6081573 ], [ 3.3952655, 9.6067746 ], [ 3.3954818, 9.6047856 ], [ 3.3953785, 9.602723 ], [ 3.3944002, 9.6023487 ], [ 3.3927932, 9.6001385 ], [ 3.3916455, 9.5971529 ], [ 3.3910585, 9.5941138 ], [ 3.3905438, 9.5926901 ], [ 3.3895779, 9.5915733 ], [ 3.3899677, 9.5879524 ], [ 3.3901088, 9.5862107 ], [ 3.391544, 9.5842 ], [ 3.3944632, 9.5809351 ], [ 3.3964248, 9.5791026 ], [ 3.3998312, 9.5791088 ], [ 3.403499, 9.5792202 ], [ 3.4049983, 9.5785833 ], [ 3.4067626, 9.5753639 ], [ 3.4067348, 9.5745616 ], [ 3.4078712, 9.5729271 ], [ 3.4080891, 9.5717659 ], [ 3.4082768, 9.5703021 ], [ 3.4099307, 9.5697375 ], [ 3.4118814, 9.5697375 ], [ 3.4135979, 9.56896 ], [ 3.4151771, 9.5674354 ], [ 3.4166213, 9.5654891 ], [ 3.4164061, 9.5650565 ], [ 3.4175684, 9.5640375 ], [ 3.4187029, 9.5647253 ], [ 3.4206298, 9.5649424 ], [ 3.4202486, 9.5641708 ], [ 3.4209313, 9.563782 ], [ 3.4220301, 9.563823 ], [ 3.4220876, 9.5644902 ], [ 3.42172, 9.5650699 ], [ 3.4223123, 9.5655589 ], [ 3.4230317, 9.5655261 ], [ 3.4243517, 9.5658788 ], [ 3.4257036, 9.5647763 ], [ 3.42619, 9.5636299 ], [ 3.4276192, 9.563196 ], [ 3.4303962, 9.5625132 ], [ 3.4306429, 9.5621944 ], [ 3.4304059, 9.561754 ], [ 3.4298791, 9.5617401 ], [ 3.4299304, 9.5613404 ], [ 3.4307651, 9.5606703 ], [ 3.4309442, 9.5598494 ], [ 3.4315608, 9.5584952 ], [ 3.4345067, 9.5556381 ], [ 3.4358319, 9.5551937 ], [ 3.4368918, 9.5542397 ], [ 3.436735, 9.5529906 ], [ 3.4367914, 9.5519335 ], [ 3.4361919, 9.5518524 ], [ 3.4359505, 9.5510608 ], [ 3.434769, 9.5491002 ], [ 3.4345372, 9.5485586 ], [ 3.4346998, 9.548024 ], [ 3.4352956, 9.548024 ], [ 3.4356781, 9.5478487 ], [ 3.4356579, 9.5473852 ], [ 3.4351346, 9.5474754 ], [ 3.4346544, 9.5473167 ], [ 3.4349571, 9.5469319 ], [ 3.436342, 9.5463205 ], [ 3.4380836, 9.5452258 ], [ 3.4400756, 9.5433498 ], [ 3.4420396, 9.5428008 ], [ 3.4447476, 9.5432355 ], [ 3.4464368, 9.5444779 ], [ 3.4472369, 9.5449256 ], [ 3.4480154, 9.5442246 ], [ 3.4488431, 9.5429329 ], [ 3.4505024, 9.5424899 ], [ 3.451072, 9.5404742 ], [ 3.4504303, 9.5390988 ], [ 3.450665, 9.53872 ], [ 3.4505979, 9.5374652 ], [ 3.4509579, 9.5362031 ], [ 3.4514774, 9.5343119 ], [ 3.4503771, 9.53283 ], [ 3.449836, 9.5319638 ], [ 3.4522365, 9.5296778 ], [ 3.453542, 9.5293748 ], [ 3.4562202, 9.5296705 ], [ 3.4570785, 9.5304675 ], [ 3.4613213, 9.5318125 ], [ 3.4620861, 9.5315076 ], [ 3.4630761, 9.5311128 ], [ 3.463554, 9.5301667 ], [ 3.4652859, 9.5300566 ], [ 3.4653404, 9.5291203 ], [ 3.4661981, 9.5288388 ], [ 3.46722, 9.5297755 ], [ 3.4696863, 9.5300224 ], [ 3.4729131, 9.5345534 ], [ 3.4757982, 9.5390729 ], [ 3.4763561, 9.5392422 ], [ 3.4776006, 9.5395173 ], [ 3.4782015, 9.5388824 ], [ 3.4791885, 9.5390729 ], [ 3.4804331, 9.5401521 ], [ 3.4827719, 9.5409139 ], [ 3.487836, 9.5416757 ], [ 3.4904967, 9.5424374 ], [ 3.4926899, 9.5435008 ], [ 3.4930716, 9.5436859 ], [ 3.4941874, 9.5448921 ], [ 3.4947453, 9.5468812 ], [ 3.4963761, 9.5501822 ], [ 3.497213, 9.5516423 ], [ 3.499466, 9.5536948 ], [ 3.499981, 9.5565091 ], [ 3.4994875, 9.5583923 ], [ 3.499466, 9.5604871 ], [ 3.5019551, 9.5614816 ], [ 3.5047231, 9.5610161 ], [ 3.5061393, 9.5627512 ], [ 3.5074697, 9.564719 ], [ 3.5081135, 9.5660944 ], [ 3.5112463, 9.5664118 ], [ 3.5130058, 9.5677025 ], [ 3.5141645, 9.5692894 ], [ 3.5149584, 9.5722728 ], [ 3.5171042, 9.5750023 ], [ 3.5166107, 9.5766315 ], [ 3.5163961, 9.578959 ], [ 3.5165678, 9.5812018 ], [ 3.5186921, 9.5839735 ], [ 3.521267, 9.5844813 ], [ 3.5235201, 9.5840158 ], [ 3.5271464, 9.5844813 ], [ 3.5287772, 9.5859835 ], [ 3.5286699, 9.5877608 ], [ 3.5279189, 9.5882051 ], [ 3.5259662, 9.5876127 ], [ 3.5257302, 9.5885648 ], [ 3.5248504, 9.5905325 ], [ 3.5242925, 9.59195 ], [ 3.5238848, 9.5936003 ], [ 3.5245374, 9.5954421 ], [ 3.5251811, 9.5959922 ], [ 3.5268548, 9.5975156 ], [ 3.5291937, 9.5972405 ], [ 3.5299447, 9.5962884 ], [ 3.5312966, 9.5965212 ], [ 3.5324982, 9.5975579 ], [ 3.5342577, 9.5979387 ], [ 3.5354164, 9.5990389 ], [ 3.5366181, 9.5991024 ], [ 3.5380987, 9.5990389 ], [ 3.5383347, 9.5995467 ], [ 3.5386566, 9.6014085 ], [ 3.5393003, 9.6027625 ], [ 3.5400728, 9.6041378 ], [ 3.5411027, 9.6051321 ], [ 3.5418323, 9.604984 ], [ 3.542004, 9.6040954 ], [ 3.5427335, 9.6033973 ], [ 3.5439351, 9.6029318 ], [ 3.5452226, 9.6025087 ], [ 3.5466603, 9.6016835 ], [ 3.5488489, 9.6025087 ], [ 3.5511878, 9.6031434 ], [ 3.5531619, 9.6031434 ], [ 3.5541275, 9.6031434 ], [ 3.5553721, 9.602953 ], [ 3.5560158, 9.6029106 ], [ 3.5567239, 9.6027837 ], [ 3.5576895, 9.6033126 ], [ 3.558226, 9.6035242 ], [ 3.5591057, 9.6043493 ], [ 3.5588053, 9.605111 ], [ 3.5584191, 9.6054072 ], [ 3.558462, 9.6062323 ], [ 3.5593418, 9.6069728 ], [ 3.5599855, 9.6079037 ], [ 3.5600069, 9.6085384 ], [ 3.5606078, 9.6092788 ], [ 3.5611013, 9.6103155 ], [ 3.5613588, 9.6110772 ], [ 3.5643199, 9.6124523 ], [ 3.5656932, 9.6127485 ], [ 3.5662726, 9.6126427 ], [ 3.5671523, 9.6123677 ], [ 3.5690835, 9.6128754 ], [ 3.5702637, 9.6129812 ], [ 3.5704354, 9.6136794 ], [ 3.571358, 9.6143564 ], [ 3.571358, 9.6150757 ], [ 3.5720018, 9.6155411 ], [ 3.5729674, 9.6156681 ], [ 3.5735253, 9.6150969 ], [ 3.5746196, 9.6129178 ], [ 3.57492, 9.612008 ], [ 3.5742119, 9.6114368 ], [ 3.5730103, 9.6106329 ], [ 3.5728172, 9.6096385 ], [ 3.5727743, 9.6084749 ], [ 3.5733751, 9.6077344 ], [ 3.5743836, 9.6078613 ], [ 3.5753063, 9.6077767 ], [ 3.5762719, 9.6069093 ], [ 3.5764864, 9.6059361 ], [ 3.5764006, 9.6052802 ], [ 3.5777095, 9.6050263 ], [ 3.5783532, 9.6045186 ], [ 3.5780314, 9.6031434 ], [ 3.578246, 9.6018528 ], [ 3.5791686, 9.6009642 ], [ 3.5805205, 9.6004564 ], [ 3.5816577, 9.6002237 ], [ 3.5831812, 9.6002025 ], [ 3.5839537, 9.6006468 ], [ 3.584576, 9.6020432 ], [ 3.5862497, 9.60363 ], [ 3.5879663, 9.6043916 ], [ 3.588374, 9.6048994 ], [ 3.5886958, 9.6059361 ], [ 3.5900477, 9.6067824 ], [ 3.5910133, 9.6068881 ], [ 3.5925582, 9.6074594 ], [ 3.5930732, 9.6081152 ], [ 3.5934594, 9.6088134 ], [ 3.5930947, 9.6095539 ], [ 3.5919574, 9.6124946 ], [ 3.5915068, 9.6146314 ], [ 3.5917858, 9.6172336 ], [ 3.592172, 9.6180799 ], [ 3.5933092, 9.6183761 ], [ 3.5947469, 9.6184184 ], [ 3.5954979, 9.6181433 ], [ 3.5972145, 9.6175933 ], [ 3.5988239, 9.6173606 ], [ 3.6001757, 9.616197 ], [ 3.601549, 9.6151815 ], [ 3.6035016, 9.6132563 ], [ 3.6058834, 9.6124735 ], [ 3.6067847, 9.6129389 ], [ 3.607879, 9.613764 ], [ 3.6095098, 9.6138275 ], [ 3.611677, 9.6131293 ], [ 3.6118058, 9.6125369 ], [ 3.6117628, 9.61241 ], [ 3.611441, 9.61241 ], [ 3.6107758, 9.6125793 ], [ 3.6101106, 9.6123042 ], [ 3.6096814, 9.6118599 ], [ 3.6098531, 9.6111406 ], [ 3.6102393, 9.6102097 ], [ 3.6112049, 9.6093423 ], [ 3.6125782, 9.6087922 ], [ 3.6132863, 9.608348 ], [ 3.6130718, 9.6073324 ], [ 3.6123422, 9.6059149 ], [ 3.6117843, 9.6047725 ], [ 3.6110333, 9.6042224 ], [ 3.6094454, 9.6033973 ], [ 3.6085871, 9.6026779 ], [ 3.6081365, 9.6015778 ], [ 3.6080936, 9.6007738 ], [ 3.6086944, 9.6002872 ], [ 3.609424, 9.6000121 ], [ 3.6109904, 9.5989966 ], [ 3.6118916, 9.5982984 ], [ 3.6127928, 9.5976637 ], [ 3.6134365, 9.5968809 ], [ 3.6132434, 9.5966058 ], [ 3.6128357, 9.5959922 ], [ 3.6125997, 9.5952729 ], [ 3.6125568, 9.5945747 ], [ 3.6135009, 9.5942573 ], [ 3.6154321, 9.5937919 ], [ 3.6184362, 9.5936226 ], [ 3.6193803, 9.5936014 ], [ 3.6198309, 9.5941727 ], [ 3.6204747, 9.594342 ], [ 3.6214832, 9.5941515 ], [ 3.6222556, 9.5941304 ], [ 3.6227921, 9.5943843 ], [ 3.6240581, 9.5948709 ], [ 3.6245087, 9.5959922 ], [ 3.6254314, 9.5969866 ], [ 3.6269978, 9.5973252 ], [ 3.6288002, 9.5971771 ], [ 3.6288646, 9.5963519 ], [ 3.629916, 9.5951036 ], [ 3.6309889, 9.5945958 ], [ 3.6319331, 9.5945535 ], [ 3.6328343, 9.5951671 ], [ 3.6339286, 9.5949767 ], [ 3.6346796, 9.5951671 ], [ 3.6349586, 9.595823 ], [ 3.6343149, 9.596098 ], [ 3.6341432, 9.5965635 ], [ 3.63498, 9.5970924 ], [ 3.636289, 9.5975579 ], [ 3.6383918, 9.5974521 ], [ 3.6404518, 9.5979176 ], [ 3.6431769, 9.597579 ], [ 3.6447004, 9.5975367 ], [ 3.6457733, 9.5972828 ], [ 3.6459664, 9.5965212 ], [ 3.6468461, 9.5956326 ], [ 3.6482623, 9.5951883 ], [ 3.6492923, 9.594342 ], [ 3.6512235, 9.5932841 ], [ 3.6528972, 9.5932841 ], [ 3.6544207, 9.5934957 ], [ 3.6549142, 9.5940669 ], [ 3.6557082, 9.5942573 ], [ 3.6564806, 9.5939188 ], [ 3.6566952, 9.5926493 ], [ 3.6576179, 9.5916761 ], [ 3.6592487, 9.5901739 ], [ 3.6616948, 9.588714 ], [ 3.6642054, 9.5876138 ], [ 3.6651495, 9.5865136 ], [ 3.6657503, 9.584969 ], [ 3.6664584, 9.5839323 ], [ 3.6682824, 9.5836572 ], [ 3.669205, 9.5827474 ], [ 3.6703423, 9.5827263 ], [ 3.6713937, 9.5835938 ], [ 3.6729172, 9.5834245 ], [ 3.6740974, 9.582155 ], [ 3.6757067, 9.5812452 ], [ 3.6768225, 9.5795948 ], [ 3.6768869, 9.5783042 ], [ 3.6771229, 9.5765057 ], [ 3.6774662, 9.5750457 ], [ 3.6784962, 9.5742205 ], [ 3.6797622, 9.5743475 ], [ 3.6808351, 9.5745591 ], [ 3.682144, 9.5735858 ], [ 3.6816934, 9.5728452 ], [ 3.6815003, 9.5722951 ], [ 3.6822084, 9.572147 ], [ 3.6836031, 9.5723586 ], [ 3.6849312, 9.5732497 ], [ 3.6870327, 9.5742813 ], [ 3.6883683, 9.5750549 ], [ 3.6898347, 9.5760772 ], [ 3.6911242, 9.5754606 ], [ 3.6916607, 9.5745614 ], [ 3.6919602, 9.5744516 ], [ 3.6931404, 9.5760597 ], [ 3.693355, 9.5774562 ], [ 3.6939772, 9.5789161 ], [ 3.6944493, 9.5800375 ], [ 3.6942562, 9.5824072 ], [ 3.6942562, 9.5834863 ], [ 3.6937198, 9.5856021 ], [ 3.6939558, 9.5872948 ], [ 3.6948999, 9.5876333 ], [ 3.696123, 9.5881199 ], [ 3.6977109, 9.5907012 ], [ 3.6989983, 9.5930708 ], [ 3.6991271, 9.5946365 ], [ 3.6986121, 9.5952078 ], [ 3.6983332, 9.5974081 ], [ 3.6966809, 9.5983179 ], [ 3.6952218, 9.5993758 ], [ 3.694621, 9.6012376 ], [ 3.6936768, 9.6036283 ], [ 3.6941489, 9.6046016 ], [ 3.6956295, 9.6048766 ], [ 3.6977109, 9.604263 ], [ 3.698655, 9.6045804 ], [ 3.6985477, 9.6053632 ], [ 3.6990413, 9.6057863 ], [ 3.6994919, 9.6057652 ], [ 3.6999639, 9.6055113 ], [ 3.7003502, 9.6059767 ], [ 3.6999639, 9.6075212 ], [ 3.699449, 9.6086848 ], [ 3.7006506, 9.6093195 ], [ 3.7018093, 9.6093195 ], [ 3.7030968, 9.6086213 ], [ 3.7043198, 9.608177 ], [ 3.7057575, 9.6090233 ], [ 3.7055644, 9.6103773 ], [ 3.7046632, 9.6114775 ], [ 3.7054356, 9.6127892 ], [ 3.706251, 9.6145663 ], [ 3.7058863, 9.6157087 ], [ 3.7059506, 9.6166396 ], [ 3.7063369, 9.617232 ], [ 3.7072595, 9.617507 ], [ 3.7080964, 9.6170839 ], [ 3.7086758, 9.6164069 ], [ 3.7096843, 9.6160261 ], [ 3.7102422, 9.6160895 ], [ 3.7100061, 9.6169781 ], [ 3.7091264, 9.6191149 ], [ 3.7085685, 9.6201092 ], [ 3.7087616, 9.6208285 ], [ 3.7095341, 9.6207016 ], [ 3.711358, 9.620088 ], [ 3.7137612, 9.6186917 ], [ 3.7155207, 9.6181628 ], [ 3.7165722, 9.6187341 ], [ 3.7166634, 9.6209865 ], [ 3.7166972, 9.6227516 ], [ 3.7154812, 9.6237507 ], [ 3.7143327, 9.6267813 ], [ 3.7149069, 9.6275472 ], [ 3.7160892, 9.6268479 ], [ 3.7169337, 9.6263483 ], [ 3.718555, 9.6275806 ], [ 3.7222861, 9.6286537 ] ] } },
{ "type": "Feature", "properties": { "name": null, "waterway": "stream" }, "geometry": { "type": "LineString", "coordinates": [ [ 3.7794406, 9.6228022 ], [ 3.7760967, 9.6251571 ], [ 3.7725617, 9.6272294 ], [ 3.7667337, 9.6297727 ], [ 3.7598547, 9.6330695 ], [ 3.750014, 9.6415468 ], [ 3.7487296, 9.6425948 ], [ 3.7444726, 9.646068 ], [ 3.7407465, 9.6507775 ], [ 3.736065, 9.653038 ], [ 3.7328634, 9.6566894 ], [ 3.7338665, 9.6579845 ], [ 3.7340099, 9.6599624 ], [ 3.732271, 9.6612619 ] ] } },
{ "type": "Feature", "properties": { "name": "Boutian", "waterway": "stream" }, "geometry": { "type": "LineString", "coordinates": [ [ 2.7897656, 9.0423802 ], [ 2.7897119, 9.0425444 ], [ 2.7896047, 9.0426609 ], [ 2.7894437, 9.0427192 ], [ 2.7892721, 9.0427245 ], [ 2.7890843, 9.0426768 ], [ 2.7889663, 9.0426715 ], [ 2.7888161, 9.042698 ], [ 2.7886712, 9.0427934 ], [ 2.7884674, 9.0429046 ], [ 2.788344, 9.042947 ], [ 2.7881509, 9.0429205 ], [ 2.78799, 9.0429099 ], [ 2.7878773, 9.0429629 ], [ 2.7877486, 9.0431165 ], [ 2.7876842, 9.0433126 ], [ 2.7876681, 9.0435192 ], [ 2.7876681, 9.0436781 ], [ 2.7877003, 9.0439006 ], [ 2.7877593, 9.0440278 ], [ 2.7878451, 9.044192 ], [ 2.787888, 9.0443403 ], [ 2.7878934, 9.0444728 ], [ 2.7878612, 9.0446423 ], [ 2.7877861, 9.0447853 ], [ 2.7876817, 9.044882 ], [ 2.7874106, 9.0450237 ], [ 2.787369221371935, 9.045048011652637 ] ] } },
{ "type": "Feature", "properties": { "name": null, "waterway": "stream" }, "geometry": { "type": "LineString", "coordinates": [ [ 2.7908117, 9.0594968 ], [ 2.7907419, 9.059322 ], [ 2.7906239, 9.0590783 ], [ 2.7905112, 9.0587816 ], [ 2.7904361, 9.0585909 ], [ 2.7904147, 9.0584479 ], [ 2.7904147, 9.058236 ], [ 2.7904147, 9.0580188 ], [ 2.7904147, 9.0578334 ], [ 2.7904147, 9.0577539 ], [ 2.7903986, 9.0576691 ], [ 2.7902901, 9.0574598 ], [ 2.7902055, 9.0572771 ], [ 2.7901465, 9.0571076 ], [ 2.7900821, 9.0569275 ], [ 2.7900445, 9.0567633 ], [ 2.7900231, 9.0565673 ], [ 2.790007, 9.0563818 ], [ 2.7900231, 9.0562229 ], [ 2.7900928, 9.0560746 ], [ 2.7901679, 9.0559104 ], [ 2.7902752, 9.0557461 ], [ 2.7904361, 9.055619 ], [ 2.7905595, 9.0555289 ], [ 2.7906722, 9.055476 ], [ 2.7908063, 9.0553965 ], [ 2.7909243, 9.0552694 ], [ 2.7909189, 9.0551846 ], [ 2.7909404, 9.0551051 ], [ 2.7909195, 9.0549772 ] ] } },
{ "type": "Feature", "properties": { "name": null, "waterway": "stream" }, "geometry": { "type": "LineString", "coordinates": [ [ 2.807600835258061, 9.066887476612726 ], [ 2.8074413, 9.0667808 ], [ 2.807216, 9.0666748 ], [ 2.8070819, 9.0666166 ], [ 2.8069103, 9.0665424 ], [ 2.806744, 9.0664523 ], [ 2.8065401, 9.0663358 ], [ 2.8062719, 9.0661557 ], [ 2.8060305, 9.0659597 ], [ 2.805655, 9.065663 ], [ 2.8054994, 9.0655253 ], [ 2.8053224, 9.0654087 ], [ 2.8051829, 9.0653187 ], [ 2.8050381, 9.065128 ], [ 2.8049362, 9.0649638 ], [ 2.8048021, 9.0647995 ], [ 2.8045928, 9.0644976 ], [ 2.8044856, 9.0643916 ], [ 2.8043783, 9.0642062 ], [ 2.8043085, 9.0641056 ], [ 2.8041798, 9.0639943 ], [ 2.8040618, 9.0638407 ], [ 2.8039545, 9.0636659 ], [ 2.8039008, 9.0634964 ], [ 2.8038365, 9.0633004 ], [ 2.8037614, 9.0630408 ], [ 2.8036648, 9.0628872 ], [ 2.8034931, 9.0626276 ], [ 2.8034234, 9.0625005 ], [ 2.8032786, 9.0622674 ], [ 2.803182, 9.0620343 ], [ 2.802946, 9.0614992 ], [ 2.8028709, 9.0613244 ], [ 2.8028279, 9.0612132 ], [ 2.8026617, 9.0610595 ], [ 2.8025275, 9.0609218 ], [ 2.8023881, 9.0607311 ], [ 2.8023022, 9.0606305 ], [ 2.8022003, 9.0605404 ], [ 2.8020877, 9.0604715 ], [ 2.8019321, 9.060355 ], [ 2.8017282, 9.0600636 ], [ 2.801637, 9.0599312 ], [ 2.8015083, 9.0598146 ], [ 2.801342, 9.0596875 ], [ 2.8011757, 9.0595762 ], [ 2.801004, 9.0594862 ], [ 2.8008538, 9.0594014 ], [ 2.8007305, 9.0593538 ], [ 2.8006017, 9.0592902 ], [ 2.8004783, 9.0592425 ], [ 2.8003925, 9.0591683 ], [ 2.8003228, 9.0590995 ], [ 2.800194, 9.0590359 ], [ 2.7999848, 9.05893 ], [ 2.7997971, 9.0588187 ], [ 2.7996468, 9.0587604 ], [ 2.7995127, 9.0587181 ], [ 2.7993679, 9.058681 ], [ 2.7993089, 9.0586174 ], [ 2.7991962, 9.0584797 ], [ 2.7991426, 9.0583843 ], [ 2.7990407, 9.0582837 ], [ 2.7989441, 9.0582095 ], [ 2.7987724, 9.0581088 ], [ 2.7986115, 9.0579499 ], [ 2.7984881, 9.0578228 ], [ 2.7983218, 9.0576691 ], [ 2.7981931, 9.0575738 ], [ 2.7980214, 9.0574996 ], [ 2.7978873, 9.0574519 ], [ 2.7977157, 9.0573831 ], [ 2.7975601, 9.0572771 ], [ 2.7974153, 9.0570758 ], [ 2.7971309, 9.056848 ], [ 2.7970397, 9.0567845 ], [ 2.7969056, 9.0567315 ], [ 2.7967232, 9.056705 ], [ 2.7964872, 9.0566467 ], [ 2.7963316, 9.0565937 ], [ 2.7961546, 9.0565514 ], [ 2.7959186, 9.0565302 ], [ 2.7956611, 9.0564931 ], [ 2.7954894, 9.0564878 ], [ 2.7952909, 9.0564666 ], [ 2.7951407, 9.0564348 ], [ 2.7949047, 9.0563395 ], [ 2.7947438, 9.0562971 ], [ 2.7945238, 9.0562918 ], [ 2.7943844, 9.0562918 ], [ 2.7942663, 9.0562547 ], [ 2.7941751, 9.0561964 ], [ 2.7941, 9.0561223 ], [ 2.793982, 9.0560534 ], [ 2.7938694, 9.0560057 ], [ 2.7937567, 9.0559951 ], [ 2.7936065, 9.0560163 ], [ 2.7934617, 9.0560216 ], [ 2.7933168, 9.056011 ], [ 2.7931774, 9.0559792 ], [ 2.7930111, 9.0559157 ], [ 2.79248, 9.0556826 ], [ 2.7922225, 9.0555554 ], [ 2.7919757, 9.0554177 ], [ 2.7917075, 9.0552853 ], [ 2.7914232, 9.0551952 ], [ 2.7912193, 9.055121 ], [ 2.7909672, 9.0550098 ], [ 2.7909195, 9.0549772 ], [ 2.7908277, 9.0549144 ], [ 2.7906883, 9.0547714 ], [ 2.7906078, 9.054676 ], [ 2.7905649, 9.0545913 ], [ 2.7904737, 9.0543794 ], [ 2.7904361, 9.0542522 ], [ 2.7904093, 9.0541092 ], [ 2.7904093, 9.0540085 ], [ 2.7904469, 9.0538973 ], [ 2.790522, 9.0538019 ], [ 2.7905756, 9.0537437 ], [ 2.7906454, 9.0536377 ], [ 2.7907366, 9.0534735 ], [ 2.7907956, 9.0533357 ], [ 2.790806842436816, 9.053297595634152 ] ] } },
{ "type": "Feature", "properties": { "name": null, "waterway": "stream" }, "geometry": { "type": "LineString", "coordinates": [ [ 2.8301007, 9.0605934 ], [ 2.8300095, 9.0607205 ], [ 2.8299183, 9.0608159 ], [ 2.8297788, 9.0608688 ], [ 2.8295857, 9.0609589 ], [ 2.8295267, 9.0610331 ], [ 2.8294676, 9.0612026 ], [ 2.829414, 9.0613615 ], [ 2.8293228, 9.0615098 ], [ 2.8291941, 9.0616158 ], [ 2.8290385, 9.0616794 ], [ 2.8288883, 9.0617588 ], [ 2.8287113, 9.0618595 ], [ 2.8285825, 9.0619548 ], [ 2.8284323, 9.0620608 ], [ 2.8283197, 9.0621561 ], [ 2.8281534, 9.0623097 ], [ 2.8279817, 9.0625005 ], [ 2.8277779, 9.0627282 ], [ 2.827633, 9.0629296 ], [ 2.8275365, 9.0630567 ], [ 2.827397, 9.0632951 ], [ 2.8272521, 9.0635599 ], [ 2.8270161, 9.063952 ], [ 2.826941, 9.0640632 ], [ 2.8268713, 9.0641956 ], [ 2.8268391, 9.0643175 ], [ 2.8268176, 9.0644923 ], [ 2.8268176, 9.0647042 ], [ 2.826823, 9.0648472 ], [ 2.826823, 9.0649797 ], [ 2.8267908, 9.0650591 ], [ 2.8267318, 9.0651333 ], [ 2.8266352, 9.0652286 ] ] } },
{ "type": "Feature", "properties": { "name": null, "waterway": "stream" }, "geometry": { "type": "LineString", "coordinates": [ [ 2.820468379123706, 9.066632380800224 ], [ 2.8205627, 9.0665318 ], [ 2.8207076, 9.0663835 ], [ 2.8207827, 9.0662351 ], [ 2.8208202, 9.0661239 ], [ 2.8208363, 9.0659968 ], [ 2.8208685, 9.065859 ], [ 2.821008, 9.065663 ], [ 2.8212279, 9.065271 ], [ 2.8212762, 9.0651545 ], [ 2.8212869, 9.0650273 ], [ 2.8212923, 9.0648578 ], [ 2.8213298, 9.0647201 ], [ 2.8213781, 9.0645241 ], [ 2.8214693, 9.0641374 ], [ 2.821539, 9.0639678 ], [ 2.8216195, 9.063846 ], [ 2.8217, 9.06365 ], [ 2.8217375, 9.0634858 ], [ 2.8217804, 9.0633428 ], [ 2.8218448, 9.0632421 ], [ 2.8219414, 9.063152 ], [ 2.8220272, 9.0630514 ], [ 2.8221184, 9.0629296 ], [ 2.8221667, 9.0628024 ], [ 2.8222203, 9.0625958 ] ] } },
{ "type": "Feature", "properties": { "name": "Boutian", "waterway": "stream" }, "geometry": { "type": "LineString", "coordinates": [ [ 2.828899530867162, 9.066560165322418 ], [ 2.8284913, 9.0662722 ], [ 2.8275847, 9.0658114 ], [ 2.8273755, 9.0656948 ], [ 2.8270537, 9.06552 ], [ 2.8268123, 9.0653717 ], [ 2.8266352, 9.0652286 ], [ 2.8263724, 9.0650591 ], [ 2.8256428, 9.0646035 ], [ 2.8254229, 9.0644393 ], [ 2.8252459, 9.0643705 ], [ 2.8250581, 9.0642592 ], [ 2.8248435, 9.0641427 ], [ 2.8245163, 9.0640367 ], [ 2.8241247, 9.0638937 ], [ 2.8235668, 9.0637136 ], [ 2.8233468, 9.0636341 ], [ 2.8230947, 9.0635176 ], [ 2.8228748, 9.0633586 ], [ 2.822687, 9.0632156 ], [ 2.8224564, 9.0630567 ], [ 2.8223169, 9.062866 ], [ 2.8222203, 9.0625958 ], [ 2.8221613, 9.0623839 ], [ 2.8221399, 9.0622621 ], [ 2.822113, 9.0620237 ], [ 2.8220594, 9.0618648 ], [ 2.8219414, 9.0617005 ], [ 2.8217858, 9.0615946 ], [ 2.821641, 9.0615469 ], [ 2.8214586, 9.0614251 ], [ 2.8212815, 9.0612767 ], [ 2.8211689, 9.061139 ], [ 2.8210294, 9.0610066 ], [ 2.8208363, 9.0608053 ], [ 2.8206807, 9.0605351 ], [ 2.8205627, 9.0602119 ], [ 2.8204554, 9.0599524 ], [ 2.820375, 9.059608 ], [ 2.8203213, 9.0593114 ], [ 2.8202838, 9.0591101 ], [ 2.8202838, 9.0589988 ], [ 2.8202891, 9.0587498 ], [ 2.8202623, 9.0584426 ], [ 2.820214, 9.0582254 ], [ 2.8201014, 9.0579287 ], [ 2.8198868, 9.0575261 ], [ 2.8197956, 9.0574096 ], [ 2.8196078, 9.0572083 ], [ 2.8195059, 9.057097 ], [ 2.819404, 9.0569169 ], [ 2.8193611, 9.0568004 ], [ 2.8193396, 9.0567404 ], [ 2.8193289, 9.0567103 ], [ 2.819286, 9.0565037 ], [ 2.8192216, 9.0561541 ], [ 2.8191787, 9.0558839 ], [ 2.8191572, 9.0557197 ], [ 2.8191841, 9.0555289 ], [ 2.8192538, 9.0553541 ], [ 2.8192538, 9.055174 ], [ 2.8191841, 9.0550363 ], [ 2.8190929, 9.0549462 ], [ 2.8189534, 9.0548297 ], [ 2.8188354, 9.0546284 ], [ 2.8187442, 9.0543794 ], [ 2.8187388, 9.0542681 ], [ 2.8187442, 9.0540668 ], [ 2.8187174, 9.0539715 ], [ 2.8186744, 9.0538973 ], [ 2.8185618, 9.0537437 ], [ 2.8184813, 9.0535953 ], [ 2.8184599, 9.0534205 ], [ 2.8184652, 9.0532669 ], [ 2.8184438, 9.0530762 ], [ 2.818433, 9.052949 ], [ 2.8184009, 9.0528325 ], [ 2.8184223, 9.0527212 ], [ 2.8184813, 9.0525729 ], [ 2.8185242, 9.0524193 ], [ 2.8185189, 9.0522656 ], [ 2.818492, 9.0520961 ], [ 2.8184491, 9.0520007 ], [ 2.8183848, 9.0519107 ], [ 2.8183579, 9.0517835 ], [ 2.8183579, 9.0515981 ], [ 2.8183848, 9.0514551 ], [ 2.8183204, 9.0512803 ], [ 2.8182453, 9.0511743 ], [ 2.8180629, 9.0510419 ], [ 2.8180253, 9.0509359 ], [ 2.8180414, 9.0507876 ], [ 2.8180414, 9.0506816 ], [ 2.8179985, 9.0505015 ], [ 2.8178966, 9.0503426 ], [ 2.8177947, 9.0502472 ], [ 2.8177249, 9.0501413 ], [ 2.8176659, 9.0500194 ], [ 2.8175694, 9.0498764 ], [ 2.8174835, 9.0498022 ], [ 2.8173548, 9.0497546 ], [ 2.8171992, 9.0497281 ], [ 2.8168988, 9.0496698 ], [ 2.8166681, 9.0496486 ], [ 2.8164107, 9.0496592 ], [ 2.8161746, 9.0496327 ], [ 2.8160137, 9.0495162 ], [ 2.81596, 9.0494261 ], [ 2.815944, 9.0493466 ], [ 2.815901, 9.0492089 ], [ 2.8158045, 9.0491029 ], [ 2.8156328, 9.0490182 ], [ 2.8153807, 9.0489864 ], [ 2.8151715, 9.0489705 ], [ 2.815032, 9.0489175 ], [ 2.814914, 9.0488381 ], [ 2.8148228, 9.048748 ], [ 2.8147209, 9.0485944 ], [ 2.8146726, 9.0484566 ], [ 2.8146189, 9.0483189 ], [ 2.8145599, 9.048197 ], [ 2.8144848, 9.0480858 ], [ 2.8143722, 9.0479481 ], [ 2.814222, 9.0478156 ], [ 2.81412, 9.0476673 ], [ 2.814061, 9.0475878 ], [ 2.8140235, 9.0474501 ], [ 2.813943, 9.0473123 ], [ 2.8138465, 9.0472011 ], [ 2.8137284, 9.0471375 ], [ 2.8135675, 9.047111 ], [ 2.8134495, 9.0471004 ], [ 2.8133047, 9.0470898 ], [ 2.8131813, 9.0470422 ], [ 2.8130525, 9.046968 ], [ 2.812956, 9.0468991 ], [ 2.8127575, 9.0467667 ], [ 2.8125644, 9.0466925 ], [ 2.8123605, 9.0466554 ], [ 2.8121352, 9.0466342 ], [ 2.8118831, 9.0465866 ], [ 2.8117382, 9.0465336 ], [ 2.8115612, 9.0464753 ], [ 2.8113949, 9.046327 ], [ 2.8112715, 9.0461998 ], [ 2.8111803, 9.0461521 ], [ 2.8110141, 9.0461151 ], [ 2.8108638, 9.046025 ], [ 2.8107244, 9.0458661 ], [ 2.8106332, 9.0458025 ], [ 2.810601, 9.0457283 ], [ 2.8105715, 9.0457098 ], [ 2.8105071, 9.0456939 ], [ 2.8104696, 9.0456939 ], [ 2.8103945, 9.0456515 ], [ 2.8103381, 9.0455853 ], [ 2.8102979, 9.0454952 ], [ 2.8102925, 9.0454475 ], [ 2.8102496, 9.0453416 ], [ 2.810204, 9.0452648 ], [ 2.8101692, 9.0452091 ], [ 2.8101772, 9.0451429 ], [ 2.8101987, 9.0450502 ], [ 2.8101718, 9.0449734 ], [ 2.810137, 9.0449284 ], [ 2.8100592, 9.0449019 ], [ 2.8099814, 9.0448913 ], [ 2.8098875, 9.0448648 ], [ 2.809791, 9.044833 ], [ 2.8096837, 9.0448171 ], [ 2.8096247, 9.0448145 ], [ 2.8095308, 9.0448701 ], [ 2.8095147, 9.0448939 ], [ 2.8094959, 9.0449522 ], [ 2.8094879, 9.0450184 ], [ 2.8094423, 9.0451085 ], [ 2.8094047, 9.0451535 ], [ 2.8093296, 9.0451853 ], [ 2.8092304, 9.0451827 ], [ 2.8091311, 9.0451588 ], [ 2.8090399, 9.0451217 ], [ 2.8089648, 9.0450635 ], [ 2.8089219, 9.0449919 ], [ 2.8088763, 9.0449072 ], [ 2.8087556, 9.0447403 ], [ 2.8086886, 9.0446847 ], [ 2.8086242, 9.0446661 ], [ 2.8085652, 9.0446661 ], [ 2.808482, 9.0446582 ], [ 2.8083774, 9.044637 ], [ 2.8083023, 9.0446079 ], [ 2.8082165, 9.0445602 ], [ 2.8081012, 9.0444966 ], [ 2.8080341, 9.0444383 ], [ 2.8079751, 9.044388 ], [ 2.807892, 9.0443668 ], [ 2.8077981, 9.0443668 ], [ 2.8077337, 9.0443959 ], [ 2.8076693, 9.0444463 ], [ 2.8075969, 9.0444913 ], [ 2.8075165, 9.0445257 ], [ 2.8074226, 9.0445522 ], [ 2.8073394, 9.044539 ], [ 2.8072536, 9.0445151 ], [ 2.8071758, 9.0445151 ], [ 2.8070953, 9.0445284 ], [ 2.8070015, 9.0445257 ], [ 2.8069344, 9.0444913 ], [ 2.8068566, 9.044486 ], [ 2.8067681, 9.0444966 ], [ 2.8067091, 9.0445257 ], [ 2.8066206, 9.0445337 ], [ 2.8065348, 9.0445257 ], [ 2.8064302, 9.0444675 ], [ 2.8063792, 9.0443774 ], [ 2.8063551, 9.04429 ], [ 2.8062934, 9.0441152 ], [ 2.8062585, 9.0440569 ], [ 2.8062075, 9.0440304 ], [ 2.8061458, 9.0440251 ], [ 2.8060627, 9.044041 ], [ 2.8059742, 9.0440542 ], [ 2.8059259, 9.044041 ], [ 2.8058374, 9.0440066 ], [ 2.8057784, 9.0439536 ], [ 2.8057006, 9.0439139 ], [ 2.8055826, 9.0438741 ], [ 2.8054833, 9.0438529 ], [ 2.8053841, 9.0438423 ], [ 2.805258, 9.0438397 ], [ 2.8050891, 9.0438397 ], [ 2.8049844, 9.0438344 ], [ 2.8048664, 9.0438132 ], [ 2.8047967, 9.0437841 ], [ 2.8047323, 9.0437629 ], [ 2.8046572, 9.043747 ], [ 2.8045902, 9.0437258 ], [ 2.8045204, 9.0437046 ], [ 2.8044668, 9.0436543 ], [ 2.8044185, 9.0436039 ], [ 2.8043997, 9.043543 ], [ 2.8043675, 9.0434953 ], [ 2.8043058, 9.0434477 ], [ 2.8042147, 9.0434291 ], [ 2.8041583, 9.0434159 ], [ 2.8040966, 9.0433735 ], [ 2.8040403, 9.0433099 ], [ 2.8039974, 9.0432569 ], [ 2.8039062, 9.0432119 ], [ 2.8037614, 9.0431351 ], [ 2.803477, 9.0429629 ], [ 2.8033, 9.042894 ], [ 2.8032276, 9.0428146 ], [ 2.8031579, 9.0427457 ], [ 2.8030801, 9.0427139 ], [ 2.8029862, 9.0426795 ], [ 2.8028923, 9.0426742 ], [ 2.8028092, 9.0426821 ], [ 2.8027126, 9.0427007 ], [ 2.8026268, 9.0427007 ], [ 2.8025651, 9.0426689 ], [ 2.8025222, 9.0426106 ], [ 2.8024927, 9.0425391 ], [ 2.8024766, 9.0424358 ], [ 2.802439, 9.0423696 ], [ 2.8023639, 9.0423086 ], [ 2.8023022, 9.0422451 ], [ 2.8021896, 9.0421974 ], [ 2.8020287, 9.0421471 ], [ 2.8018597, 9.0421232 ], [ 2.80146, 9.0421577 ], [ 2.8013501, 9.042163 ], [ 2.801232, 9.0421418 ], [ 2.8011784, 9.04211 ], [ 2.8011543, 9.0420464 ], [ 2.8011113, 9.0419643 ], [ 2.8010523, 9.0419113 ], [ 2.8009558, 9.0418689 ], [ 2.8008404, 9.0418583 ], [ 2.8007412, 9.0418583 ], [ 2.8006741, 9.0418795 ], [ 2.8005883, 9.0419034 ], [ 2.8004702, 9.0418955 ], [ 2.8003013, 9.041861 ], [ 2.8001672, 9.0418557 ], [ 2.8000814, 9.0418557 ], [ 2.7999741, 9.0418822 ], [ 2.7998775, 9.0419934 ], [ 2.7998346, 9.0421047 ], [ 2.799781, 9.0421974 ], [ 2.7996629, 9.042253 ], [ 2.799502, 9.042253 ], [ 2.7993894, 9.0421894 ], [ 2.7992928, 9.04211 ], [ 2.7992284, 9.0420729 ], [ 2.7990621, 9.0420464 ], [ 2.7989119, 9.0420411 ], [ 2.7987349, 9.0419828 ], [ 2.7986276, 9.0419087 ], [ 2.7985525, 9.0418239 ], [ 2.7984935, 9.0416809 ], [ 2.7984399, 9.0415749 ], [ 2.7983701, 9.0414795 ], [ 2.7982467, 9.0414266 ], [ 2.798118, 9.0413948 ], [ 2.7979571, 9.0414001 ], [ 2.7978229, 9.0414478 ], [ 2.7977264, 9.0415749 ], [ 2.7976137, 9.0417179 ], [ 2.7975708, 9.0417921 ], [ 2.7974743, 9.0418822 ], [ 2.7973455, 9.0418981 ], [ 2.7972114, 9.0418557 ], [ 2.7971256, 9.0417709 ], [ 2.7970612, 9.0416756 ], [ 2.7969861, 9.0416226 ], [ 2.7968895, 9.0415908 ], [ 2.7967876, 9.0415961 ], [ 2.7965999, 9.0416544 ], [ 2.7964818, 9.0417232 ], [ 2.7963585, 9.0417709 ], [ 2.7961814, 9.0417709 ], [ 2.7960205, 9.041702 ], [ 2.7958596, 9.0415908 ], [ 2.7956021, 9.0414107 ], [ 2.7954197, 9.04131 ], [ 2.7953607, 9.0412623 ], [ 2.7952588, 9.0412517 ], [ 2.7951944, 9.0412729 ], [ 2.7950871, 9.0414319 ], [ 2.7950066, 9.0416067 ], [ 2.7949369, 9.0417126 ], [ 2.7948457, 9.0417762 ], [ 2.7947545, 9.0417762 ], [ 2.7946418, 9.0417232 ], [ 2.7945238, 9.0416279 ], [ 2.7944273, 9.0415696 ], [ 2.7942502, 9.0415166 ], [ 2.7941215, 9.0414901 ], [ 2.793923, 9.0414054 ], [ 2.7936816, 9.0413259 ], [ 2.7933705, 9.0412835 ], [ 2.7930379, 9.0413259 ], [ 2.7926409, 9.0414001 ], [ 2.7923834, 9.0414425 ], [ 2.7921367, 9.0414742 ], [ 2.7919613, 9.0414911 ], [ 2.7916968, 9.0415166 ], [ 2.7914393, 9.0415166 ], [ 2.7911067, 9.0414848 ], [ 2.7907526, 9.0415378 ], [ 2.7905434, 9.0416173 ], [ 2.7903718, 9.0417232 ], [ 2.7902108, 9.0417762 ], [ 2.7900392, 9.0418186 ], [ 2.7899158, 9.0418663 ], [ 2.7897978, 9.0419881 ], [ 2.789771, 9.0421047 ], [ 2.789771, 9.0422583 ], [ 2.7897656, 9.0423802 ] ] } },
{ "type": "Feature", "properties": { "name": null, "waterway": "stream" }, "geometry": { "type": "LineString", "coordinates": [ [ 2.9365468, 9.084516 ], [ 2.9364073, 9.0844895 ], [ 2.9362303, 9.0844365 ], [ 2.9360479, 9.0844154 ], [ 2.9358172, 9.0844048 ], [ 2.9356027, 9.084426 ], [ 2.9354256, 9.084426 ], [ 2.9352701, 9.0844154 ], [ 2.9351091, 9.0843783 ], [ 2.9347765, 9.0842776 ], [ 2.9343045, 9.0841187 ], [ 2.9337358, 9.0839545 ], [ 2.9336125, 9.0839227 ], [ 2.9334462, 9.0839174 ], [ 2.9332155, 9.083928 ], [ 2.9328852, 9.0839583 ], [ 2.9325825, 9.0840181 ], [ 2.9324055, 9.0840393 ], [ 2.9322553, 9.0840393 ], [ 2.9321158, 9.0840181 ], [ 2.9320085, 9.0840393 ], [ 2.9318047, 9.0840922 ], [ 2.9316544, 9.0841028 ], [ 2.9314935, 9.0840763 ], [ 2.9314077, 9.0840075 ], [ 2.9313326, 9.0839439 ], [ 2.9311985, 9.083875 ], [ 2.9310268, 9.0838115 ], [ 2.930823, 9.0837691 ], [ 2.9306674, 9.0837426 ], [ 2.9305279, 9.0836844 ], [ 2.9302812, 9.0835996 ], [ 2.9297876, 9.0834407 ], [ 2.9296374, 9.0834036 ], [ 2.9294819, 9.0833877 ], [ 2.9292887, 9.08334 ], [ 2.9291975, 9.0832871 ], [ 2.9290903, 9.0832235 ], [ 2.9289186, 9.0831229 ], [ 2.9286665, 9.0829216 ], [ 2.9284412, 9.082805 ] ] } },
{ "type": "Feature", "properties": { "name": null, "waterway": "stream" }, "geometry": { "type": "LineString", "coordinates": [ [ 2.9543245, 9.0868838 ], [ 2.9541367, 9.0866772 ], [ 2.9538685, 9.0864494 ], [ 2.9537344, 9.0863488 ], [ 2.9535627, 9.0862005 ], [ 2.9534984, 9.086031 ], [ 2.9534018, 9.0858138 ], [ 2.9532248, 9.0855807 ], [ 2.9530853, 9.0854324 ], [ 2.9528922, 9.085194 ], [ 2.9525596, 9.0849186 ], [ 2.9524362, 9.0848391 ], [ 2.9521412, 9.0847173 ], [ 2.9519695, 9.0846008 ], [ 2.9517013, 9.0844577 ], [ 2.9515082, 9.0843147 ], [ 2.9512936, 9.0842035 ], [ 2.9510902, 9.0841095 ], [ 2.9510415, 9.0840869 ], [ 2.9508269, 9.0839916 ], [ 2.9506606, 9.083875 ], [ 2.9501456, 9.0835254 ], [ 2.9498559, 9.0833294 ], [ 2.9495233, 9.0831176 ], [ 2.9491585, 9.0828368 ] ] } },
{ "type": "Feature", "properties": { "name": null, "waterway": "stream" }, "geometry": { "type": "LineString", "coordinates": [ [ 2.9311287, 9.0865872 ], [ 2.9311877, 9.0863541 ], [ 2.9312253, 9.0861634 ], [ 2.931295, 9.0859038 ], [ 2.9313648, 9.0856443 ], [ 2.9314077, 9.0854271 ], [ 2.931413, 9.0853 ], [ 2.9314238, 9.0851093 ], [ 2.931456, 9.0849663 ], [ 2.9314882, 9.0848444 ], [ 2.9315901, 9.0846219 ], [ 2.931633, 9.0844948 ], [ 2.9316384, 9.0844154 ], [ 2.9316169, 9.0843094 ], [ 2.9315847, 9.0842088 ], [ 2.9314935, 9.0840763 ] ] } },
{ "type": "Feature", "properties": { "name": null, "waterway": "stream" }, "geometry": { "type": "LineString", "coordinates": [ [ 2.958844373121329, 9.088572905245035 ], [ 2.9587877, 9.0885153 ], [ 2.9586214, 9.0884147 ], [ 2.9584604, 9.088314 ], [ 2.9581708, 9.0882028 ], [ 2.9578972, 9.0880863 ], [ 2.9577523, 9.0879803 ], [ 2.957629, 9.0878797 ], [ 2.9575378, 9.0877684 ], [ 2.9574144, 9.0876466 ], [ 2.9572374, 9.0875195 ], [ 2.9570711, 9.08744 ], [ 2.956894, 9.0873605 ], [ 2.9564568, 9.087146 ], [ 2.9562128, 9.0870374 ], [ 2.9560304, 9.0869262 ], [ 2.9556924, 9.0867302 ], [ 2.9554617, 9.0865713 ], [ 2.9551935, 9.0864389 ], [ 2.9549628, 9.0863753 ], [ 2.9546678, 9.0863223 ], [ 2.9543674, 9.0862588 ], [ 2.9541743, 9.086174 ], [ 2.9539329, 9.0860522 ], [ 2.9535681, 9.0858403 ], [ 2.9532248, 9.0855807 ] ] } },
{ "type": "Feature", "properties": { "name": null, "waterway": "river" }, "geometry": { "type": "LineString", "coordinates": [ [ 5.2248637, 9.0128937 ], [ 5.2260009, 9.0118916 ] ] } },
{ "type": "Feature", "properties": { "name": null, "waterway": "river" }, "geometry": { "type": "LineString", "coordinates": [ [ 5.2352935, 9.014441 ], [ 5.2354416, 9.0145613 ], [ 5.2361068, 9.0148606 ], [ 5.2391332, 9.0137996 ], [ 5.2396553, 9.013571 ], [ 5.2410048, 9.0127103 ], [ 5.2424244, 9.0114261 ], [ 5.2438262, 9.0101135 ], [ 5.2447811, 9.0086936 ], [ 5.2473774, 9.0078989 ], [ 5.2488581, 9.0080578 ], [ 5.24977, 9.0080525 ], [ 5.2512014, 9.0084338 ], [ 5.2518233, 9.0085995 ], [ 5.2522162, 9.0087042 ], [ 5.2528063, 9.0093876 ], [ 5.2549735, 9.0100923 ], [ 5.2565376, 9.0109821 ], [ 5.2576983, 9.0115062 ], [ 5.2587608, 9.0118831 ], [ 5.2609062, 9.01224 ], [ 5.2620971, 9.0126956 ], [ 5.2629661, 9.0134056 ], [ 5.2640068, 9.0148361 ], [ 5.264433495004137, 9.015636929671595 ] ] } },
{ "type": "Feature", "properties": { "name": null, "waterway": "river" }, "geometry": { "type": "LineString", "coordinates": [ [ 5.2294953, 9.0164981 ], [ 5.2300253, 9.0159869 ], [ 5.2306045, 9.015646 ], [ 5.2312823, 9.0153418 ], [ 5.2327097, 9.0148519 ], [ 5.233771, 9.01457 ], [ 5.2345023, 9.0147374 ], [ 5.2348947, 9.0146581 ], [ 5.2352935, 9.014441 ] ] } },
{ "type": "Feature", "properties": { "name": null, "waterway": "river" }, "geometry": { "type": "LineString", "coordinates": [ [ 5.2318159, 9.0195368 ], [ 5.2316151, 9.0194315 ], [ 5.2310359, 9.0190907 ], [ 5.2301978, 9.0189568 ], [ 5.2295077, 9.0188716 ], [ 5.2289, 9.0184379 ], [ 5.2285516, 9.0181064 ], [ 5.2284612, 9.0178515 ], [ 5.2285645, 9.0174818 ], [ 5.2291711, 9.0169719 ], [ 5.2294953, 9.0164981 ] ] } },
{ "type": "Feature", "properties": { "name": null, "waterway": "river" }, "geometry": { "type": "LineString", "coordinates": [ [ 5.1362412, 9.0153487 ], [ 5.1368527, 9.015705 ], [ 5.1370418, 9.0159023 ], [ 5.1371531, 9.0160573 ], [ 5.1373181, 9.0165752 ], [ 5.1373851, 9.0166891 ], [ 5.1375313, 9.0167302 ], [ 5.137715, 9.0166746 ], [ 5.1377808, 9.0166587 ], [ 5.1379417, 9.016709 ], [ 5.1381026, 9.0168361 ], [ 5.1382542, 9.0170361 ], [ 5.138348, 9.0174878 ], [ 5.1384553, 9.0177832 ], [ 5.1384822, 9.018056 ], [ 5.1388134, 9.0183143 ], [ 5.1388308, 9.0185726 ], [ 5.1390561, 9.0187474 ], [ 5.139146, 9.0188269 ], [ 5.1391755, 9.0190362 ], [ 5.1394142, 9.0191474 ], [ 5.1396543, 9.0193276 ], [ 5.1398957, 9.019562 ], [ 5.140003, 9.0196071 ], [ 5.1401009, 9.0196071 ], [ 5.1402055, 9.0195713 ], [ 5.1402926, 9.0195302 ], [ 5.1403651, 9.0194945 ], [ 5.1404241, 9.0194878 ], [ 5.1405099, 9.0195117 ], [ 5.1405716, 9.019521 ], [ 5.1409109, 9.0195077 ], [ 5.1411349, 9.0194057 ], [ 5.1413333, 9.0194256 ], [ 5.1415345, 9.0194574 ], [ 5.1418242, 9.0196071 ], [ 5.1421501, 9.0196826 ], [ 5.142543, 9.0195236 ], [ 5.1426986, 9.0193236 ], [ 5.1427938, 9.0192534 ], [ 5.1433115, 9.019362 ], [ 5.1436414, 9.0194998 ], [ 5.1438989, 9.0195541 ], [ 5.1441684, 9.0196216 ], [ 5.1444247, 9.0197378 ], [ 5.1445842, 9.0198071 ], [ 5.1450013, 9.0198455 ], [ 5.145185, 9.0197567 ], [ 5.1452842, 9.0195912 ], [ 5.1453835, 9.01957 ], [ 5.1455015, 9.0196296 ], [ 5.1456825, 9.019611 ], [ 5.145932, 9.0196693 ], [ 5.1460299, 9.0198627 ], [ 5.1460125, 9.0201554 ], [ 5.1461546, 9.020313 ], [ 5.1464859, 9.0205064 ], [ 5.1467125, 9.0207607 ], [ 5.1466656, 9.0209289 ], [ 5.146734, 9.0212296 ], [ 5.1467139, 9.0214481 ], [ 5.1466763, 9.0218322 ], [ 5.1467367, 9.0219077 ], [ 5.1469874, 9.0219541 ], [ 5.1471363, 9.0220958 ], [ 5.147257, 9.0224164 ], [ 5.1474823, 9.0226322 ], [ 5.1477264, 9.0228521 ], [ 5.1479651, 9.0230415 ], [ 5.1478873, 9.0231409 ], [ 5.1481086, 9.0233912 ], [ 5.1481824, 9.0236256 ], [ 5.148464, 9.0237528 ], [ 5.1486048, 9.0238561 ], [ 5.1486196, 9.0240137 ], [ 5.1489039, 9.0243899 ], [ 5.148861, 9.024623 ], [ 5.1488154, 9.0246972 ], [ 5.148924, 9.0249621 ], [ 5.1491868, 9.0250905 ], [ 5.1492445, 9.0251687 ], [ 5.1492338, 9.0253342 ], [ 5.1494712, 9.0254376 ], [ 5.149612, 9.0255779 ], [ 5.1496924, 9.025868 ], [ 5.1499218, 9.026521 ], [ 5.1499405, 9.0268124 ], [ 5.1501176, 9.0270296 ], [ 5.1502691, 9.0272256 ], [ 5.1502396, 9.0274587 ], [ 5.1503228, 9.0275912 ], [ 5.1505025, 9.0277157 ], [ 5.1505601, 9.0278561 ], [ 5.150485, 9.0281488 ], [ 5.1504475, 9.0284084 ], [ 5.1503187, 9.0285832 ], [ 5.1503161, 9.0287289 ], [ 5.1504408, 9.0289024 ], [ 5.1503965, 9.0290706 ], [ 5.1505105, 9.0292481 ], [ 5.1505239, 9.0293475 ], [ 5.1504636, 9.0294388 ], [ 5.1505789, 9.0295342 ], [ 5.1506366, 9.029664 ], [ 5.1505655, 9.0297845 ], [ 5.1506875, 9.0299024 ], [ 5.1505682, 9.0301249 ], [ 5.1506621, 9.0302587 ], [ 5.1506674, 9.0303514 ], [ 5.1508056, 9.0304958 ], [ 5.1509719, 9.0308401 ], [ 5.151114, 9.0308984 ], [ 5.1511797, 9.0308852 ], [ 5.1512696, 9.0309262 ], [ 5.1513581, 9.0309064 ], [ 5.151515, 9.0309541 ], [ 5.1516277, 9.0309951 ], [ 5.1516344, 9.0310786 ], [ 5.1517725, 9.0311911 ], [ 5.1519214, 9.0314083 ], [ 5.152081, 9.0316719 ], [ 5.1521534, 9.0319607 ], [ 5.1520179, 9.0320613 ], [ 5.1519039, 9.0320958 ], [ 5.151865, 9.0321991 ], [ 5.1517081, 9.0322693 ], [ 5.1515982, 9.0326242 ], [ 5.1515459, 9.0327739 ], [ 5.1513407, 9.0329328 ], [ 5.151287, 9.0330454 ], [ 5.1508686, 9.0331408 ], [ 5.1507452, 9.0333739 ], [ 5.1506875, 9.0334891 ], [ 5.1505823, 9.033555 ], [ 5.1505226, 9.0335924 ], [ 5.1504944, 9.0337699 ], [ 5.150428, 9.0338573 ] ] } },
{ "type": "Feature", "properties": { "name": null, "waterway": "river" }, "geometry": { "type": "LineString", "coordinates": [ [ 5.175994, 9.0254525 ], [ 5.1775593, 9.0248336 ], [ 5.1784873, 9.02477 ], [ 5.1791257, 9.0248972 ], [ 5.179587, 9.0251409 ], [ 5.1800698, 9.0254852 ], [ 5.1805633, 9.025819 ], [ 5.18103, 9.0260733 ], [ 5.1816731, 9.0262938 ], [ 5.1823055, 9.0262811 ], [ 5.1831445, 9.0262046 ], [ 5.1843836, 9.0259751 ], [ 5.1854851, 9.0256671 ] ] } },
{ "type": "Feature", "properties": { "name": null, "waterway": "river" }, "geometry": { "type": "LineString", "coordinates": [ [ 5.204546705952061, 9.041952075122918 ], [ 5.2035177, 9.0377022 ], [ 5.2035847, 9.0365221 ], [ 5.2037307, 9.0356932 ], [ 5.2039745, 9.0352021 ], [ 5.2047306, 9.0343123 ], [ 5.2056524, 9.0331933 ], [ 5.2063772, 9.0322198 ], [ 5.2066517, 9.0316603 ], [ 5.2077606, 9.0300275 ], [ 5.2081958, 9.0290807 ], [ 5.2090055, 9.0272971 ], [ 5.2091128, 9.0270322 ], [ 5.2091879, 9.0266985 ], [ 5.2091718, 9.0263753 ], [ 5.2091986, 9.025925 ], [ 5.2094024, 9.0253581 ], [ 5.2102286, 9.0244468 ], [ 5.2109635, 9.0236786 ], [ 5.2118018, 9.0231404 ], [ 5.2128337, 9.0222976 ], [ 5.213487, 9.0220368 ], [ 5.2138554, 9.0220783 ], [ 5.2142858, 9.0220278 ], [ 5.2150191, 9.0218317 ], [ 5.2155254, 9.0217489 ], [ 5.2159805, 9.0214929 ], [ 5.2168858, 9.0208381 ], [ 5.2177398, 9.0202115 ], [ 5.2184928, 9.0194995 ], [ 5.2192886, 9.0188674 ], [ 5.220131, 9.0179593 ], [ 5.2204838, 9.0173949 ], [ 5.2207434, 9.0163704 ], [ 5.2209416, 9.0147971 ], [ 5.2228522, 9.0136239 ], [ 5.2239886, 9.0133136 ], [ 5.2248637, 9.0128937 ], [ 5.225207, 9.0135897 ], [ 5.2258018, 9.0137837 ], [ 5.2261714, 9.0138584 ], [ 5.2263334, 9.0138931 ], [ 5.2270941, 9.0133521 ], [ 5.2284518, 9.0119573 ], [ 5.2306083, 9.0097506 ], [ 5.2312944, 9.0091027 ], [ 5.2323407, 9.0090783 ], [ 5.2329468, 9.0092473 ], [ 5.2333361, 9.0093558 ], [ 5.2338497, 9.0098406 ], [ 5.2337733, 9.0102619 ], [ 5.2339194, 9.0103346 ] ] } },
{ "type": "Feature", "properties": { "name": null, "waterway": "river" }, "geometry": { "type": "LineString", "coordinates": [ [ 5.1382005, 9.0418451 ], [ 5.1384634, 9.0417497 ], [ 5.1388884, 9.0417556 ], [ 5.1396736, 9.0418541 ], [ 5.1400351, 9.042057 ], [ 5.1402658, 9.0423484 ], [ 5.1413011, 9.0429894 ], [ 5.1425779, 9.0435828 ], [ 5.1436937, 9.0437311 ], [ 5.144391, 9.0436781 ], [ 5.1452064, 9.0435086 ], [ 5.1455283, 9.0433497 ], [ 5.146451, 9.0426715 ], [ 5.146966, 9.042449 ], [ 5.1475346, 9.0424278 ], [ 5.1480387, 9.0425561 ], [ 5.1484424, 9.0427401 ], [ 5.1491257, 9.0428015 ], [ 5.1499176, 9.0428168 ], [ 5.1510666, 9.0426634 ], [ 5.1525728, 9.0422494 ], [ 5.153551, 9.0416054 ], [ 5.1538615, 9.0406239 ], [ 5.1539702, 9.0399032 ], [ 5.1542497, 9.0388911 ], [ 5.1545292, 9.0378024 ], [ 5.1549329, 9.0367136 ], [ 5.1552057, 9.0359751 ], [ 5.1553237, 9.0358586 ], [ 5.1556671, 9.0355195 ], [ 5.1563537, 9.0355937 ], [ 5.1568365, 9.0361023 ], [ 5.1570833, 9.0366533 ], [ 5.1578128, 9.0370665 ], [ 5.1588106, 9.037289 ], [ 5.1597977, 9.037342 ], [ 5.1601657, 9.0371736 ], [ 5.1603831, 9.0368056 ], [ 5.1608955, 9.0358548 ], [ 5.1613924, 9.0355328 ], [ 5.1619824, 9.0353948 ], [ 5.1632523, 9.0348626 ], [ 5.1642184, 9.0344594 ], [ 5.1660955, 9.0334745 ], [ 5.1674366, 9.0323938 ], [ 5.1683953, 9.0316224 ], [ 5.1695443, 9.0311624 ], [ 5.1703984, 9.0310857 ], [ 5.1716716, 9.0306103 ], [ 5.1726809, 9.0301963 ], [ 5.1734417, 9.0295982 ], [ 5.1739076, 9.0290615 ], [ 5.1743734, 9.0286781 ], [ 5.1749634, 9.028034 ], [ 5.1751342, 9.0277426 ], [ 5.1754081, 9.0272654 ], [ 5.175538, 9.0269605 ], [ 5.1757568, 9.0262111 ], [ 5.175994, 9.0254525 ] ] } },
{ "type": "Feature", "properties": { "name": null, "waterway": "river" }, "geometry": { "type": "LineString", "coordinates": [ [ 5.1505823, 9.033555 ], [ 5.1509625, 9.0338295 ], [ 5.1512817, 9.0341076 ], [ 5.1515043, 9.0342931 ], [ 5.151861, 9.0341527 ], [ 5.1520863, 9.0343513 ], [ 5.1521936, 9.0348917 ], [ 5.1520354, 9.0352255 ], [ 5.1521024, 9.0356678 ], [ 5.1526844, 9.0360758 ], [ 5.1531458, 9.0364042 ], [ 5.1543742, 9.035644 ], [ 5.1548973, 9.0358135 ], [ 5.1553237, 9.0358586 ] ] } },
{ "type": "Feature", "properties": { "name": null, "waterway": "river" }, "geometry": { "type": "LineString", "coordinates": [ [ 5.0873225, 9.0381942 ], [ 5.0888674, 9.039953 ], [ 5.0905411, 9.0413728 ], [ 5.0920646, 9.0416483 ], [ 5.0928371, 9.0417967 ], [ 5.0941246, 9.0423052 ], [ 5.0951116, 9.0425384 ], [ 5.0960558, 9.0424324 ], [ 5.0968422, 9.0420276 ], [ 5.0971768, 9.0415542 ], [ 5.0974987, 9.0409926 ], [ 5.0980995, 9.0407701 ], [ 5.0993977, 9.04059 ], [ 5.1013718, 9.040198 ], [ 5.1034639, 9.040198 ], [ 5.1043222, 9.0404734 ], [ 5.1052985, 9.0413847 ], [ 5.1055935, 9.0425289 ], [ 5.1056204, 9.0438693 ], [ 5.1056955, 9.0444097 ], [ 5.1059174, 9.0447747 ], [ 5.1059443, 9.0450184 ], [ 5.1058799, 9.0452515 ], [ 5.1059818, 9.0454317 ], [ 5.1059014, 9.0456224 ], [ 5.1059872, 9.0457495 ], [ 5.1059818, 9.0458237 ], [ 5.1065075, 9.0460992 ], [ 5.1069635, 9.0461521 ], [ 5.1073337, 9.0460886 ], [ 5.1075911, 9.0461945 ], [ 5.1077843, 9.0460674 ], [ 5.1080686, 9.046078 ], [ 5.1084736, 9.046176 ], [ 5.1086573, 9.0461958 ], [ 5.1088902, 9.0461326 ], [ 5.1090328, 9.0460939 ], [ 5.1091777, 9.0461336 ], [ 5.1093467, 9.0459985 ], [ 5.1097959, 9.04598 ], [ 5.1098965, 9.0457773 ], [ 5.1098885, 9.0456634 ], [ 5.1099797, 9.0456899 ], [ 5.1099971, 9.0458091 ], [ 5.1100615, 9.0458303 ], [ 5.1101245, 9.0458118 ], [ 5.1102868, 9.0458978 ], [ 5.1104477, 9.045825 ], [ 5.1106046, 9.0457296 ], [ 5.1107588, 9.0456462 ], [ 5.1109359, 9.0457243 ], [ 5.1111518, 9.0457098 ], [ 5.1115072, 9.0456131 ], [ 5.1116118, 9.0453336 ], [ 5.1116694, 9.0451893 ], [ 5.1118331, 9.0451376 ], [ 5.1121187, 9.0449813 ], [ 5.112171, 9.0450423 ], [ 5.1123548, 9.0451297 ], [ 5.1126914, 9.0451257 ], [ 5.1127329, 9.044939 ], [ 5.1131675, 9.0446423 ], [ 5.1138729, 9.0443165 ], [ 5.1147392, 9.0441999 ], [ 5.1150691, 9.0441681 ], [ 5.1152274, 9.0441258 ], [ 5.1153856, 9.0442476 ], [ 5.1161286, 9.0442529 ], [ 5.1166919, 9.0443562 ], [ 5.1169574, 9.0442979 ], [ 5.1173276, 9.0443748 ], [ 5.1177326, 9.0443509 ], [ 5.1179659, 9.0445443 ], [ 5.1184407, 9.0446847 ], [ 5.118776, 9.0447138 ], [ 5.1189959, 9.0448277 ], [ 5.119299, 9.044886 ], [ 5.1194653, 9.0450105 ], [ 5.119696, 9.0449999 ], [ 5.1198757, 9.0451217 ], [ 5.1201734, 9.0451959 ], [ 5.1202673, 9.0451933 ], [ 5.1204872, 9.0453601 ], [ 5.1209539, 9.0454846 ], [ 5.121426, 9.0453919 ], [ 5.1218541, 9.0452966 ] ] } },
{ "type": "Feature", "properties": { "name": null, "waterway": "river" }, "geometry": { "type": "LineString", "coordinates": [ [ 5.0980178, 9.066078 ], [ 5.0985711, 9.0659302 ], [ 5.0987648, 9.064972 ], [ 5.0994997, 9.064725 ], [ 5.1001716, 9.0648851 ], [ 5.1006104, 9.064987 ], [ 5.1014623, 9.0652802 ], [ 5.1018882, 9.0655096 ], [ 5.1024303, 9.0657773 ], [ 5.1028691, 9.0660704 ], [ 5.1029466, 9.0667459 ], [ 5.102895, 9.0673577 ], [ 5.1029853, 9.0677783 ], [ 5.1037597, 9.0679313 ], [ 5.104973, 9.0674342 ], [ 5.1058249, 9.0667714 ], [ 5.1057861, 9.0659047 ], [ 5.1064831, 9.0653312 ], [ 5.1078255, 9.0643115 ], [ 5.1087419, 9.0637252 ], [ 5.1120461, 9.0629222 ], [ 5.1133096, 9.0617005 ], [ 5.1151335, 9.0600159 ], [ 5.1157451, 9.0589088 ], [ 5.1162493, 9.0578969 ], [ 5.1176763, 9.0554442 ], [ 5.1187009, 9.0541992 ], [ 5.1203853, 9.0529702 ], [ 5.1216835, 9.0519584 ], [ 5.1225525, 9.0511637 ], [ 5.1234269, 9.0496221 ], [ 5.1258248, 9.0472594 ], [ 5.1276648, 9.0460939 ], [ 5.1292848, 9.0455217 ], [ 5.1305294, 9.0451509 ], [ 5.1312911, 9.0450131 ], [ 5.1324177, 9.0448436 ], [ 5.1332545, 9.0447906 ], [ 5.1340055, 9.0446741 ], [ 5.1346493, 9.0445363 ], [ 5.135529, 9.0442503 ], [ 5.1363766, 9.043996 ], [ 5.1374924, 9.0436993 ], [ 5.1376748, 9.043588 ], [ 5.1378465, 9.0433867 ], [ 5.137943, 9.0430159 ], [ 5.1380396, 9.0425338 ], [ 5.1380879, 9.0421577 ], [ 5.1382005, 9.0418451 ] ] } },
{ "type": "Feature", "properties": { "name": null, "waterway": "river" }, "geometry": { "type": "LineString", "coordinates": [ [ 5.0642003, 9.0603748 ], [ 5.0667986, 9.06123 ], [ 5.0699382, 9.0609271 ], [ 5.0721756, 9.0613904 ], [ 5.0744852, 9.0613726 ], [ 5.0776609, 9.0614082 ], [ 5.079357, 9.0614439 ], [ 5.0813599, 9.0610162 ], [ 5.0832906, 9.0603926 ], [ 5.085539, 9.0617409 ] ] } },
{ "type": "Feature", "properties": { "name": null, "waterway": "river" }, "geometry": { "type": "LineString", "coordinates": [ [ 5.1138625, 9.0806386 ], [ 5.1140882, 9.0802972 ], [ 5.114196, 9.0800017 ], [ 5.1144213, 9.0795974 ], [ 5.1143813, 9.0790395 ], [ 5.11464, 9.0780217 ], [ 5.1152776, 9.0766015 ], [ 5.1166713, 9.075993 ], [ 5.1179486, 9.0755866 ], [ 5.1189113, 9.0752538 ], [ 5.1193489, 9.0750646 ], [ 5.1200069, 9.0749116 ], [ 5.120632, 9.0744937 ], [ 5.1212722, 9.0739274 ], [ 5.1217032, 9.0730022 ], [ 5.1218333, 9.0719842 ], [ 5.1217237, 9.0700502 ], [ 5.1214055, 9.0682903 ], [ 5.1212141, 9.0669196 ], [ 5.1214687, 9.0665687 ], [ 5.1222156, 9.065539 ], [ 5.1232803, 9.0638788 ], [ 5.1238034, 9.0626982 ], [ 5.1268172, 9.0598252 ], [ 5.1279759, 9.0599948 ], [ 5.1281261, 9.0621561 ], [ 5.1309156, 9.0639785 ], [ 5.1328468, 9.0621138 ], [ 5.1348424, 9.0605669 ], [ 5.1359153, 9.0614357 ], [ 5.1372027, 9.0646353 ], [ 5.1376962, 9.0665424 ], [ 5.1391554, 9.0663941 ], [ 5.1397562, 9.0649532 ], [ 5.1392627, 9.0637242 ], [ 5.1399493, 9.0630461 ], [ 5.1420307, 9.0633216 ], [ 5.1432752, 9.0643175 ], [ 5.1459574, 9.0638513 ], [ 5.1473321, 9.0603739 ], [ 5.1475239, 9.0598888 ], [ 5.1500344, 9.056901 ], [ 5.1524377, 9.0507134 ], [ 5.1534247, 9.0480858 ], [ 5.1579952, 9.0467084 ], [ 5.1594543, 9.0455429 ], [ 5.1586389, 9.0428093 ], [ 5.1555919, 9.0420464 ], [ 5.153551, 9.0416054 ] ] } },
{ "type": "Feature", "properties": { "name": null, "waterway": "river" }, "geometry": { "type": "LineString", "coordinates": [ [ 5.0595787, 9.0781573 ], [ 5.0626488, 9.0729979 ], [ 5.0644892, 9.0705569 ], [ 5.0661673, 9.0680089 ], [ 5.0697399, 9.0649976 ], [ 5.0775529, 9.0628238 ], [ 5.0814216, 9.0643709 ] ] } },
{ "type": "Feature", "properties": { "name": null, "waterway": "river" }, "geometry": { "type": "LineString", "coordinates": [ [ 5.0658041, 9.0862302 ], [ 5.0690406, 9.0830174 ], [ 5.0714653, 9.0798815 ], [ 5.0747698, 9.0803688 ], [ 5.0762289, 9.0765336 ], [ 5.0780742, 9.0739909 ], [ 5.0786965, 9.0720415 ], [ 5.0788682, 9.0690114 ], [ 5.0786321, 9.0684181 ], [ 5.0800698, 9.065833 ], [ 5.0814216, 9.0643709 ], [ 5.0842755, 9.0630572 ], [ 5.085539, 9.0617409 ], [ 5.0865645, 9.0615292 ], [ 5.0874874, 9.0615603 ], [ 5.0879237, 9.0613629 ], [ 5.0884185, 9.0609405 ], [ 5.0891181, 9.060427 ], [ 5.089557, 9.0599091 ], [ 5.0903544, 9.0595328 ], [ 5.0908399, 9.059041 ], [ 5.0913049, 9.0584986 ], [ 5.0917545, 9.0581771 ], [ 5.0923312, 9.0581407 ], [ 5.0931603, 9.0588358 ], [ 5.0945966, 9.0580351 ], [ 5.095455, 9.057018 ], [ 5.0979011, 9.0553016 ] ] } },
{ "type": "Feature", "properties": { "name": null, "waterway": "river" }, "geometry": { "type": "LineString", "coordinates": [ [ 5.0522169, 9.0737206 ], [ 5.0559519, 9.0734356 ], [ 5.0586404, 9.0747363 ], [ 5.0595787, 9.0781573 ], [ 5.0613109, 9.0822197 ], [ 5.0662007, 9.0799747 ], [ 5.0690877, 9.0781929 ], [ 5.0721371, 9.075841 ], [ 5.0745549, 9.0721705 ], [ 5.0772976, 9.0694622 ], [ 5.0786321, 9.0684181 ] ] } },
{ "type": "Feature", "properties": { "name": null, "waterway": "river" }, "geometry": { "type": "LineString", "coordinates": [ [ 5.0969052, 9.0894582 ], [ 5.0999308, 9.0877949 ], [ 5.1009714, 9.086958 ], [ 5.1026237, 9.0875407 ], [ 5.1040184, 9.0870851 ], [ 5.1045334, 9.0860998 ], [ 5.1059496, 9.0841717 ], [ 5.1083207, 9.0830063 ], [ 5.1095116, 9.08129 ], [ 5.1097369, 9.0799869 ], [ 5.110091, 9.0778575 ], [ 5.1101439, 9.0777379 ], [ 5.1110995, 9.0755796 ], [ 5.112462, 9.0743401 ], [ 5.1142967, 9.0744884 ], [ 5.1155519, 9.0743719 ], [ 5.1157343, 9.0723059 ], [ 5.1162171, 9.071257 ], [ 5.117408, 9.0701552 ], [ 5.1176011, 9.0685766 ], [ 5.1186418, 9.0671675 ], [ 5.1199937, 9.0664259 ], [ 5.1214687, 9.0665687 ] ] } },
{ "type": "Feature", "properties": { "name": null, "waterway": "river" }, "geometry": { "type": "LineString", "coordinates": [ [ 5.079896, 9.1002123 ], [ 5.0794766, 9.0995192 ], [ 5.080569, 9.0978862 ], [ 5.0813411, 9.0973244 ], [ 5.0814339, 9.0972569 ], [ 5.0827387, 9.097167 ], [ 5.083376, 9.0962981 ], [ 5.0840133, 9.0942156 ], [ 5.0855002, 9.0931668 ], [ 5.0856519, 9.0914588 ], [ 5.084605, 9.0893313 ], [ 5.0850905, 9.0875934 ], [ 5.0849085, 9.0864397 ], [ 5.084514, 9.085391 ], [ 5.084696, 9.0832335 ], [ 5.0823594, 9.0804617 ], [ 5.0819042, 9.0778697 ], [ 5.0826325, 9.0768059 ], [ 5.084605, 9.0764463 ], [ 5.0854243, 9.0753076 ], [ 5.0858492, 9.0743487 ], [ 5.0860919, 9.0727455 ], [ 5.0883375, 9.0727905 ], [ 5.0896424, 9.0729852 ], [ 5.0906741, 9.0728504 ], [ 5.0910686, 9.0719065 ], [ 5.0912659, 9.0711423 ], [ 5.0922825, 9.0694642 ], [ 5.0935873, 9.0681307 ], [ 5.0965764, 9.0665874 ], [ 5.0980178, 9.066078 ] ] } },
{ "type": "Feature", "properties": { "name": null, "waterway": "river" }, "geometry": { "type": "LineString", "coordinates": [ [ 5.078394, 9.1023946 ], [ 5.079896, 9.1002123 ], [ 5.081441, 9.098708 ], [ 5.0835009, 9.0976274 ], [ 5.0853892, 9.0958688 ], [ 5.0865144, 9.0945969 ], [ 5.0885006, 9.0923516 ], [ 5.0899997, 9.0911782 ], [ 5.0920196, 9.0895972 ], [ 5.0979419, 9.086313 ], [ 5.1011324, 9.0838327 ], [ 5.1054776, 9.0812159 ], [ 5.1082134, 9.0792453 ], [ 5.1094258, 9.0781117 ], [ 5.1101439, 9.0777379 ] ] } },
{ "type": "Feature", "properties": { "name": null, "waterway": "river" }, "geometry": { "type": "LineString", "coordinates": [ [ 5.0402396, 9.098571 ], [ 5.0407546, 9.0965581 ], [ 5.0433725, 9.0935494 ], [ 5.0449389, 9.0913671 ], [ 5.0484365, 9.0888881 ], [ 5.0488871, 9.087532 ], [ 5.0491017, 9.0858793 ], [ 5.0498956, 9.0842902 ], [ 5.0525134, 9.0833155 ], [ 5.0554531, 9.0827434 ], [ 5.059058, 9.0825951 ], [ 5.0613109, 9.0822197 ] ] } },
{ "type": "Feature", "properties": { "name": null, "waterway": "river" }, "geometry": { "type": "LineString", "coordinates": [ [ 5.0662704, 9.0918975 ], [ 5.0668283, 9.0925331 ], [ 5.0669141, 9.0942493 ], [ 5.0681372, 9.0944188 ], [ 5.0684162, 9.0960291 ], [ 5.0701328, 9.0968978 ], [ 5.0711198, 9.095796 ], [ 5.0707336, 9.0940374 ], [ 5.0705834, 9.092406 ], [ 5.0707765, 9.090499 ], [ 5.0698109, 9.0896939 ], [ 5.0698967, 9.088359 ], [ 5.0694734, 9.0872472 ] ] } },
{ "type": "Feature", "properties": { "name": null, "waterway": "river" }, "geometry": { "type": "LineString", "coordinates": [ [ 5.0402396, 9.098571 ], [ 5.0425693, 9.0983399 ], [ 5.0447511, 9.0967652 ], [ 5.0484384, 9.0951652 ], [ 5.0505163, 9.0915323 ], [ 5.0511815, 9.089244 ], [ 5.0545932, 9.0874006 ], [ 5.0592066, 9.0891169 ], [ 5.0619318, 9.0891592 ], [ 5.0658041, 9.0862302 ] ] } },
{ "type": "Feature", "properties": { "name": null, "waterway": "river" }, "geometry": { "type": "LineString", "coordinates": [ [ 5.0813411, 9.0973244 ], [ 5.0810782, 9.0954691 ], [ 5.0812225, 9.094115 ], [ 5.0824856, 9.0937587 ], [ 5.083063, 9.0922621 ], [ 5.0841997, 9.0912465 ], [ 5.084605, 9.0893313 ] ] } },
{ "type": "Feature", "properties": { "name": null, "waterway": "river" }, "geometry": { "type": "LineString", "coordinates": [ [ 5.0736576, 9.098904 ], [ 5.072815, 9.0971521 ], [ 5.0732656, 9.0949697 ], [ 5.0732656, 9.0927238 ], [ 5.073802, 9.0914313 ], [ 5.0744636, 9.0901793 ] ] } },
{ "type": "Feature", "properties": { "name": null, "waterway": "river" }, "geometry": { "type": "LineString", "coordinates": [ [ 5.0618988, 9.1031203 ], [ 5.061298, 9.1003659 ], [ 5.0611049, 9.0979929 ], [ 5.062564, 9.0969971 ], [ 5.0654608, 9.0972937 ], [ 5.0676495, 9.0990523 ], [ 5.0699454, 9.0997515 ], [ 5.0715118, 9.0994337 ], [ 5.0736576, 9.098904 ], [ 5.0761038, 9.0969971 ], [ 5.0771981, 9.0944546 ], [ 5.0770479, 9.0920815 ], [ 5.0744636, 9.0901793 ], [ 5.0742799, 9.0900441 ], [ 5.0694734, 9.0872472 ], [ 5.0658041, 9.0862302 ] ] } },
{ "type": "Feature", "properties": { "name": null, "waterway": "river" }, "geometry": { "type": "LineString", "coordinates": [ [ 5.0466795, 9.1032753 ], [ 5.0484605, 9.1012625 ], [ 5.0495982, 9.0997552 ], [ 5.0513573, 9.0988683 ], [ 5.0525804, 9.0970673 ], [ 5.053782, 9.0954147 ], [ 5.0567003, 9.0956265 ], [ 5.0594468, 9.0944612 ], [ 5.0642104, 9.0917068 ], [ 5.0662704, 9.0918975 ], [ 5.0663133, 9.0901812 ], [ 5.067708, 9.0887404 ], [ 5.0694734, 9.0872472 ] ] } },
{ "type": "Feature", "properties": { "name": null, "waterway": "river" }, "geometry": { "type": "LineString", "coordinates": [ [ 5.0862394, 9.1108867 ], [ 5.0870242, 9.1109484 ], [ 5.0878179, 9.1109572 ], [ 5.0882281, 9.1108251 ], [ 5.0886116, 9.1105609 ], [ 5.0888257, 9.1101735 ], [ 5.08879, 9.1099709 ], [ 5.0885224, 9.1098565 ], [ 5.088023, 9.109786 ], [ 5.0877376, 9.1096275 ], [ 5.0875503, 9.1093281 ], [ 5.0874879, 9.1089495 ], [ 5.0875682, 9.1084475 ], [ 5.0879071, 9.1076022 ], [ 5.0883887, 9.1065543 ], [ 5.0890219, 9.1054976 ], [ 5.0895926, 9.1048812 ], [ 5.0903685, 9.1044409 ], [ 5.0911533, 9.1040975 ], [ 5.0916438, 9.1039918 ], [ 5.092063, 9.1040358 ], [ 5.0924554, 9.1045378 ], [ 5.0931064, 9.1051806 ], [ 5.0937842, 9.1055064 ], [ 5.0946582, 9.1056121 ], [ 5.0952468, 9.1054536 ], [ 5.0959424, 9.1050661 ], [ 5.0963615, 9.1043352 ], [ 5.0966202, 9.1033578 ], [ 5.0968501, 9.102925 ], [ 5.0978866, 9.1023803 ], [ 5.0986714, 9.1023099 ], [ 5.0997772, 9.1024508 ], [ 5.1009455, 9.1023275 ], [ 5.102087, 9.10194 ], [ 5.1029456, 9.1014611 ], [ 5.1049304, 9.1013128 ], [ 5.1058102, 9.1011963 ], [ 5.1061749, 9.1006772 ], [ 5.1059174, 9.0998932 ], [ 5.1054025, 9.0988445 ], [ 5.1053488, 9.0983148 ], [ 5.1057672, 9.0974884 ], [ 5.1064002, 9.0969693 ], [ 5.1063573, 9.0963337 ], [ 5.1057458, 9.095518 ], [ 5.106014, 9.0947976 ], [ 5.1066577, 9.0948612 ], [ 5.1071727, 9.0953591 ], [ 5.1077735, 9.0954014 ], [ 5.1082563, 9.0949777 ], [ 5.1083422, 9.0940666 ], [ 5.1076448, 9.0919796 ], [ 5.1074624, 9.0904752 ], [ 5.1076448, 9.0892781 ], [ 5.1088464, 9.0873817 ], [ 5.1101339, 9.0857185 ], [ 5.1110566, 9.0832182 ], [ 5.11199, 9.0822541 ], [ 5.1138625, 9.0806386 ] ] } },
{ "type": "Feature", "properties": { "name": null, "waterway": "river" }, "geometry": { "type": "LineString", "coordinates": [ [ 5.0847894, 9.1076422 ], [ 5.0857815, 9.1075631 ], [ 5.0863545, 9.1073989 ], [ 5.0869461, 9.1070581 ], [ 5.0873466, 9.1066018 ], [ 5.0876794, 9.1058778 ], [ 5.0877164, 9.1053058 ], [ 5.0875315, 9.1045635 ], [ 5.0872727, 9.1040098 ], [ 5.0872296, 9.1034866 ], [ 5.0873775, 9.1029329 ], [ 5.0876979, 9.1026165 ], [ 5.0884681, 9.1022575 ], [ 5.088883, 9.1020067 ], [ 5.0892567, 9.1020105 ], [ 5.0897878, 9.1021901 ], [ 5.090668, 9.1023066 ], [ 5.0911466, 9.1021745 ], [ 5.0914356, 9.1020034 ], [ 5.0915521, 9.1018323 ], [ 5.0915669, 9.1015487 ], [ 5.091557, 9.101113 ], [ 5.0916794, 9.099277 ], [ 5.0912748, 9.0982979 ], [ 5.0911792, 9.0975156 ], [ 5.0916784, 9.0966456 ], [ 5.0926433, 9.0954191 ], [ 5.0934685, 9.0942845 ], [ 5.0950697, 9.0925181 ], [ 5.0969097, 9.0920836 ], [ 5.097865, 9.0920092 ], [ 5.0989612, 9.0918979 ], [ 5.1004722, 9.0913972 ], [ 5.1015341, 9.091399 ], [ 5.1031798, 9.091626 ], [ 5.1038841, 9.0924897 ], [ 5.1039804, 9.0940562 ], [ 5.1048626, 9.0944661 ], [ 5.1061673, 9.0943856 ], [ 5.1074276, 9.0936024 ], [ 5.1075912, 9.0924661 ] ] } },
{ "type": "Feature", "properties": { "name": null, "waterway": "river" }, "geometry": { "type": "LineString", "coordinates": [ [ 5.0369352, 9.101177 ], [ 5.0383084, 9.0996727 ], [ 5.0402396, 9.098571 ] ] } },
{ "type": "Feature", "properties": { "name": null, "waterway": "river" }, "geometry": { "type": "LineString", "coordinates": [ [ 4.9933343, 9.1019967 ], [ 4.9931977, 9.1018619 ], [ 4.9930612, 9.101757 ], [ 4.9928791, 9.101712 ], [ 4.9927729, 9.1016971 ], [ 4.9926212, 9.1016971 ], [ 4.9925149, 9.101772 ], [ 4.9924391, 9.1018619 ], [ 4.9923329, 9.1019068 ], [ 4.992166, 9.1019667 ], [ 4.9919687, 9.1020117 ], [ 4.9918018, 9.1019967 ] ] } },
{ "type": "Feature", "properties": { "name": null, "waterway": "river" }, "geometry": { "type": "LineString", "coordinates": [ [ 4.9918018, 9.1019967 ], [ 4.9916349, 9.1018469 ], [ 4.9915439, 9.101727 ], [ 4.991377, 9.1015772 ], [ 4.9911949, 9.1015323 ], [ 4.9910128, 9.1015922 ], [ 4.9909825, 9.101787 ], [ 4.9909521, 9.1019967 ], [ 4.9909218, 9.1022364 ], [ 4.9909218, 9.1024611 ], [ 4.9908156, 9.102596 ], [ 4.9906335, 9.1027458 ], [ 4.9904666, 9.1027458 ], [ 4.9901328, 9.1027758 ], [ 4.9899204, 9.1027907 ], [ 4.9898293, 9.1027308 ], [ 4.989708, 9.1026709 ], [ 4.9895411, 9.102551 ], [ 4.9894045, 9.1024911 ], [ 4.9892073, 9.1024012 ], [ 4.9891162, 9.1023413 ], [ 4.9889797, 9.1022514 ], [ 4.9889038, 9.1021166 ], [ 4.9888431, 9.1020267 ], [ 4.9888431, 9.1018619 ], [ 4.9888279, 9.101742 ], [ 4.9887369, 9.1016222 ], [ 4.9886003, 9.1015472 ], [ 4.9884183, 9.1014723 ], [ 4.9881755, 9.1013974 ], [ 4.9879327, 9.1013075 ], [ 4.9877355, 9.1013525 ], [ 4.9876141, 9.1014873 ], [ 4.9875079, 9.1016521 ], [ 4.987432, 9.1018019 ], [ 4.987432, 9.1019967 ], [ 4.9874927, 9.1020866 ], [ 4.987781, 9.1021615 ], [ 4.9879479, 9.1022064 ], [ 4.98813, 9.1022963 ], [ 4.9880693, 9.1024611 ], [ 4.9878417, 9.1026259 ], [ 4.9877203, 9.102581 ], [ 4.9874776, 9.102536 ], [ 4.9873107, 9.102536 ], [ 4.9870831, 9.1026409 ], [ 4.9869162, 9.1026709 ], [ 4.9867037, 9.1026709 ], [ 4.986552, 9.1024761 ], [ 4.9865065, 9.1023862 ], [ 4.9864306, 9.1022514 ], [ 4.9863548, 9.1021166 ], [ 4.9862637, 9.1020566 ], [ 4.9861272, 9.1020117 ], [ 4.9859754, 9.1020267 ], [ 4.9858844, 9.1021016 ], [ 4.9857327, 9.1022064 ], [ 4.985672, 9.1023113 ] ] } },
{ "type": "Feature", "properties": { "name": null, "waterway": "river" }, "geometry": { "type": "LineString", "coordinates": [ [ 4.9978406, 9.104229 ], [ 4.9977041, 9.1040342 ], [ 4.9975675, 9.1039294 ], [ 4.9973399, 9.1036747 ], [ 4.9972641, 9.103435 ], [ 4.9972185, 9.1031653 ], [ 4.9972792, 9.1028507 ], [ 4.997173, 9.102566 ], [ 4.9970213, 9.1024162 ], [ 4.996824, 9.1023113 ], [ 4.9966268, 9.1022364 ], [ 4.996384, 9.1022814 ], [ 4.9963082, 9.1024162 ], [ 4.9963385, 9.1026709 ], [ 4.9963233, 9.1028656 ], [ 4.996202, 9.1029555 ], [ 4.996035, 9.1030604 ], [ 4.9957771, 9.1030304 ], [ 4.9956406, 9.1029406 ], [ 4.9954737, 9.1027758 ], [ 4.9953826, 9.1026709 ], [ 4.9951702, 9.102611 ], [ 4.9950033, 9.102536 ], [ 4.9948667, 9.102551 ], [ 4.9947454, 9.102611 ], [ 4.9945936, 9.1027608 ], [ 4.9945329, 9.1029106 ], [ 4.9944571, 9.1030304 ], [ 4.9943357, 9.1031803 ], [ 4.9941536, 9.1031803 ], [ 4.9939564, 9.1031653 ], [ 4.9938046, 9.1030754 ], [ 4.9936984, 9.1029555 ], [ 4.9935619, 9.1027608 ], [ 4.9934253, 9.102536 ], [ 4.9934253, 9.1024162 ], [ 4.9934253, 9.1022814 ], [ 4.9934101, 9.1021315 ], [ 4.9933343, 9.1019967 ] ] } },
{ "type": "Feature", "properties": { "name": null, "waterway": "river" }, "geometry": { "type": "LineString", "coordinates": [ [ 5.00086, 9.1072253 ], [ 5.0006628, 9.1069856 ], [ 5.0006021, 9.1067309 ], [ 5.0004959, 9.1065511 ], [ 5.0002835, 9.1063414 ], [ 5.0000103, 9.1061766 ], [ 4.9999193, 9.1060568 ], [ 4.9998283, 9.1059219 ], [ 4.9997827, 9.1057871 ], [ 4.9996765, 9.1056073 ], [ 4.9996765, 9.1054275 ], [ 4.9996765, 9.1052477 ], [ 4.9997676, 9.105053 ], [ 4.9997979, 9.1048732 ], [ 4.9998283, 9.1046934 ], [ 4.9997524, 9.1044687 ], [ 4.9996462, 9.1043039 ], [ 4.9994945, 9.1041541 ], [ 4.9993124, 9.1040492 ], [ 4.9990241, 9.1041541 ], [ 4.9988875, 9.1043339 ], [ 4.9986751, 9.1044237 ], [ 4.9984475, 9.1043938 ], [ 4.9983413, 9.1045136 ], [ 4.9982655, 9.1046485 ], [ 4.9981137, 9.1047384 ], [ 4.9980379, 9.1048283 ], [ 4.9978406, 9.1048432 ], [ 4.9977648, 9.1047533 ], [ 4.9977344, 9.1045286 ], [ 4.9977951, 9.1043638 ], [ 4.9978406, 9.104229 ] ] } },
{ "type": "Feature", "properties": { "name": null, "waterway": "river" }, "geometry": { "type": "LineString", "coordinates": [ [ 5.0103386, 9.1068053 ], [ 5.0101869, 9.1064682 ], [ 5.0100655, 9.1061611 ], [ 5.0098607, 9.1059363 ], [ 5.0095344, 9.1058015 ], [ 5.009322, 9.105794 ], [ 5.0090565, 9.1058914 ], [ 5.0088972, 9.1059214 ], [ 5.0088061, 9.1060562 ], [ 5.0087758, 9.1063708 ], [ 5.0086165, 9.1066105 ], [ 5.0084723, 9.1068802 ], [ 5.0084041, 9.1071349 ], [ 5.0084116, 9.1074195 ], [ 5.0085634, 9.1079663 ], [ 5.0086317, 9.1082585 ] ] } },
{ "type": "Feature", "properties": { "name": null, "waterway": "stream" }, "geometry": { "type": "LineString", "coordinates": [ [ 4.8321847, 9.089049 ], [ 4.8323263, 9.0891818 ], [ 4.8323263, 9.0893356 ], [ 4.8322768, 9.0896222 ], [ 4.83239, 9.0899367 ], [ 4.83239, 9.0901813 ], [ 4.8321706, 9.0902093 ], [ 4.8321281, 9.090405 ], [ 4.8321564, 9.0906496 ], [ 4.8320361, 9.0910061 ], [ 4.8315548, 9.0917749 ], [ 4.8315689, 9.0919497 ], [ 4.8316397, 9.0921384 ], [ 4.8315335, 9.0922782 ], [ 4.8312716, 9.092411 ], [ 4.8311938, 9.0927884 ], [ 4.8313212, 9.0932777 ], [ 4.8312079, 9.0936341 ], [ 4.8310451, 9.0940535 ], [ 4.8306983, 9.0944868 ], [ 4.8304718, 9.0948013 ], [ 4.8305779, 9.0951508 ], [ 4.8306346, 9.0954444 ], [ 4.8307549, 9.095717 ], [ 4.8308469, 9.0961783 ], [ 4.8309602, 9.0963879 ], [ 4.8311584, 9.0964788 ], [ 4.8311513, 9.0967234 ], [ 4.8311301, 9.0968982 ], [ 4.8309602, 9.096989 ], [ 4.8308398, 9.0972476 ], [ 4.8308044, 9.097653 ], [ 4.8308469, 9.0978487 ], [ 4.8308186, 9.0982191 ], [ 4.8308044, 9.0987014 ], [ 4.831031, 9.0990718 ], [ 4.8312292, 9.09961 ], [ 4.8315689, 9.0999595 ], [ 4.8319299, 9.10026 ], [ 4.8320998, 9.1005256 ], [ 4.8321989, 9.100924 ], [ 4.8324749, 9.1011826 ], [ 4.8325953, 9.1016509 ], [ 4.8328101, 9.1019426 ], [ 4.8330319, 9.102265 ], [ 4.8331613, 9.1023867 ], [ 4.8333339, 9.1024597 ], [ 4.8334016, 9.1025936 ], [ 4.833531, 9.1027396 ], [ 4.8336481, 9.1028187 ], [ 4.8338207, 9.102837 ], [ 4.8340673, 9.1029922 ], [ 4.8345675, 9.1033158 ], [ 4.834533, 9.1035429 ], [ 4.8349412, 9.104156 ], [ 4.8346883, 9.1045421 ], [ 4.8347299, 9.1050019 ], [ 4.8344786, 9.1051654 ], [ 4.8341766, 9.1054901 ], [ 4.8346064, 9.1058705 ], [ 4.8350272, 9.1065697 ], [ 4.8355295, 9.1072229 ], [ 4.8358406, 9.107879 ], [ 4.8359173, 9.1079551 ], [ 4.8360333, 9.1079932 ], [ 4.8360552, 9.1080667 ], [ 4.8358324, 9.1082264 ], [ 4.8361831, 9.1096229 ], [ 4.8361314, 9.1104291 ], [ 4.8364304, 9.1106845 ], [ 4.8366503, 9.1108081 ], [ 4.8375572, 9.1110138 ], [ 4.8374538, 9.1116099 ], [ 4.8385117, 9.1126487 ], [ 4.8387071, 9.1136081 ], [ 4.8384484, 9.1140623 ], [ 4.8390464, 9.1148457 ], [ 4.8397018, 9.115385 ], [ 4.8405765, 9.116428 ], [ 4.8408085, 9.1170171 ], [ 4.8412599, 9.1177465 ], [ 4.8411794, 9.1179452 ], [ 4.8416853, 9.1188932 ], [ 4.8414381, 9.1191487 ], [ 4.8415119, 9.1192365 ], [ 4.8417428, 9.1195063 ], [ 4.8417831, 9.1203068 ], [ 4.8420016, 9.1209823 ], [ 4.8430997, 9.1212888 ], [ 4.842979, 9.122129 ], [ 4.8440081, 9.1222425 ], [ 4.8443646, 9.1230997 ], [ 4.8442093, 9.1240137 ], [ 4.8444853, 9.1244564 ], [ 4.8444549, 9.1247926 ], [ 4.844863, 9.1255967 ], [ 4.8446825, 9.1258867 ], [ 4.8448383, 9.1265471 ], [ 4.8447356, 9.1269036 ], [ 4.8453383, 9.1271679 ], [ 4.845447, 9.1273439 ], [ 4.8453833, 9.127578 ], [ 4.8454612, 9.1279973 ], [ 4.8449232, 9.1288884 ], [ 4.845132, 9.1292483 ], [ 4.8448731, 9.1302629 ] ] } },
{ "type": "Feature", "properties": { "name": null, "waterway": "stream" }, "geometry": { "type": "LineString", "coordinates": [ [ 4.8710533, 9.1077942 ], [ 4.8721294, 9.1081648 ], [ 4.8725949, 9.107982 ], [ 4.8740185, 9.1077579 ], [ 4.8759618, 9.1089542 ], [ 4.8763033, 9.1098293 ], [ 4.8761244, 9.1103431 ], [ 4.8765553, 9.110873 ], [ 4.8767447, 9.1111056 ], [ 4.8780444, 9.1119719 ], [ 4.8786, 9.1122783 ], [ 4.8789504, 9.1122487 ], [ 4.8793257, 9.1124019 ], [ 4.8805971, 9.1121992 ], [ 4.8819284, 9.1123475 ] ] } },
{ "type": "Feature", "properties": { "name": null, "waterway": "stream" }, "geometry": { "type": "LineString", "coordinates": [ [ 4.8819284, 9.1123475 ], [ 4.8820686, 9.1125304 ], [ 4.8821587, 9.1128862 ], [ 4.882363, 9.1130057 ], [ 4.8825609, 9.1129761 ], [ 4.8827161, 9.1131338 ], [ 4.8827038, 9.1133681 ], [ 4.8829564, 9.1135354 ], [ 4.882827, 9.1137666 ], [ 4.8829195, 9.1139461 ], [ 4.8831783, 9.1141712 ], [ 4.8835264, 9.1154107 ] ] } },
{ "type": "Feature", "properties": { "name": null, "waterway": "stream" }, "geometry": { "type": "LineString", "coordinates": [ [ 4.8819284, 9.1123475 ], [ 4.8823587, 9.1126653 ], [ 4.8827655, 9.1129793 ], [ 4.8830547, 9.1133398 ], [ 4.8834751, 9.1140317 ], [ 4.8837805, 9.1143183 ], [ 4.8835264, 9.1154107 ] ] } },
{ "type": "Feature", "properties": { "name": null, "waterway": "stream" }, "geometry": { "type": "LineString", "coordinates": [ [ 4.8835264, 9.1154107 ], [ 4.8835339, 9.1158498 ], [ 4.8834001, 9.1162308 ], [ 4.8825992, 9.1171649 ], [ 4.8818897, 9.1179316 ], [ 4.8817849, 9.1184883 ], [ 4.8818157, 9.1187834 ], [ 4.8813012, 9.1194344 ], [ 4.8809364, 9.1200867 ], [ 4.8809852, 9.1205603 ], [ 4.8802453, 9.1220455 ], [ 4.879638, 9.1250802 ], [ 4.8801745, 9.1269234 ], [ 4.8789943, 9.1308066 ], [ 4.8754109, 9.133815 ], [ 4.8747671, 9.1333489 ], [ 4.8724712, 9.1354251 ], [ 4.869231, 9.1375013 ], [ 4.8684157, 9.137692 ], [ 4.8676907, 9.1390266 ], [ 4.8669397, 9.1397893 ], [ 4.8672401, 9.1400647 ], [ 4.8669182, 9.1412087 ], [ 4.8673821, 9.1423376 ] ] } },
{ "type": "Feature", "properties": { "name": null, "waterway": "stream" }, "geometry": { "type": "LineString", "coordinates": [ [ 4.8448731, 9.1302629 ], [ 4.8446579, 9.1306782 ], [ 4.8431102, 9.1315021 ], [ 4.8433227, 9.1324459 ], [ 4.8429282, 9.1333298 ], [ 4.8430799, 9.1336294 ], [ 4.8432689, 9.1338867 ], [ 4.8431946, 9.1341522 ], [ 4.8430176, 9.1341383 ], [ 4.8428973, 9.1339601 ], [ 4.8426991, 9.133995 ], [ 4.8427239, 9.1341453 ], [ 4.8424726, 9.1341313 ], [ 4.8424372, 9.134292 ], [ 4.842777, 9.1344003 ], [ 4.8419559, 9.1348581 ], [ 4.8418037, 9.1344562 ], [ 4.8414852, 9.1341557 ], [ 4.8412056, 9.1343444 ], [ 4.841294, 9.1350049 ], [ 4.841563, 9.135861 ], [ 4.841249, 9.1360076 ], [ 4.8411052, 9.1358259 ], [ 4.840824, 9.1360692 ] ] } },
{ "type": "Feature", "properties": { "name": null, "waterway": "canal" }, "geometry": { "type": "MultiLineString", "coordinates": [ [ [ 4.7782802, 9.1416728 ], [ 4.779575106711187, 9.140811794921323 ] ], [ [ 4.78872437150449, 9.13552791365656 ], [ 4.7895764, 9.1352126 ], [ 4.7901222, 9.135002 ], [ 4.7932041, 9.1336011 ], [ 4.7959077, 9.1327855 ], [ 4.7965085, 9.1328173 ], [ 4.7974366, 9.1331933 ], [ 4.7984827, 9.1344962 ], [ 4.800070229840475, 9.136310530146039 ] ] ] } },
{ "type": "Feature", "properties": { "name": "Le Niger", "waterway": "river" }, "geometry": { "type": "LineString", "coordinates": [ [ 4.7782802, 9.1416728 ], [ 4.778715944800727, 9.141635182222815 ] ] } },
{ "type": "Feature", "properties": { "name": null, "waterway": "stream" }, "geometry": { "type": "LineString", "coordinates": [ [ 4.9065232, 9.1514726 ], [ 4.9056847, 9.1503477 ], [ 4.904722, 9.1491317 ], [ 4.9039575, 9.1482931 ], [ 4.9035753, 9.1477201 ], [ 4.903547, 9.1474266 ], [ 4.9035894, 9.147175 ], [ 4.9031506, 9.1464901 ], [ 4.9028391, 9.1461826 ] ] } },
{ "type": "Feature", "properties": { "name": null, "waterway": "stream" }, "geometry": { "type": "LineString", "coordinates": [ [ 4.8931291, 9.1509124 ], [ 4.8949119, 9.1528543 ], [ 4.8954402, 9.1558536 ], [ 4.8975404, 9.1568316 ], [ 4.8992707, 9.1563622 ], [ 4.9008954, 9.1529847 ], [ 4.9023352, 9.1522283 ], [ 4.903207, 9.152776 ], [ 4.9035877, 9.1535045 ] ] } },
{ "type": "Feature", "properties": { "name": null, "waterway": "river" }, "geometry": { "type": "LineString", "coordinates": [ [ 5.0089961, 9.1102809 ], [ 5.0087347, 9.1101018 ], [ 5.0085223, 9.1100568 ], [ 5.0082189, 9.1100868 ], [ 5.0079154, 9.1101317 ], [ 5.0076423, 9.1101018 ], [ 5.0074602, 9.109952 ], [ 5.0072023, 9.1096224 ], [ 5.0070202, 9.1092778 ], [ 5.0068685, 9.1090081 ], [ 5.0067926, 9.1086785 ], [ 5.0066864, 9.1084388 ], [ 5.0061857, 9.1081242 ], [ 5.0058519, 9.1079295 ], [ 5.0057002, 9.1077497 ], [ 5.0055788, 9.10751 ], [ 5.0055029, 9.1072852 ], [ 5.0052298, 9.1070905 ], [ 5.004896, 9.1071504 ], [ 5.0046532, 9.1072852 ], [ 5.0046229, 9.1075699 ], [ 5.0046988, 9.1079444 ], [ 5.0046988, 9.1081692 ], [ 5.0046684, 9.1084238 ], [ 5.0044105, 9.1086635 ], [ 5.0041374, 9.1087984 ], [ 5.0038642, 9.1088883 ], [ 5.0036518, 9.1090231 ], [ 5.0035304, 9.109143 ], [ 5.0033484, 9.1092179 ], [ 5.0031966, 9.1092029 ], [ 5.0030904, 9.109083 ], [ 5.0029994, 9.1088733 ], [ 5.0028477, 9.1087085 ], [ 5.0027415, 9.1083939 ], [ 5.0027415, 9.1081392 ], [ 5.0027415, 9.1078396 ], [ 5.0027718, 9.1076298 ], [ 5.002787, 9.1074351 ], [ 5.0026959, 9.1072553 ], [ 5.0025139, 9.1071954 ], [ 5.0023166, 9.1072103 ], [ 5.0021497, 9.1073302 ], [ 5.0020435, 9.1074201 ], [ 5.0017552, 9.10748 ], [ 5.0015883, 9.107495 ], [ 5.0012849, 9.107495 ], [ 5.001118, 9.107465 ], [ 5.0009511, 9.1073452 ], [ 5.00086, 9.1072253 ] ] } },
{ "type": "Feature", "properties": { "name": null, "waterway": "river" }, "geometry": { "type": "LineString", "coordinates": [ [ 5.0086317, 9.1082585 ], [ 5.0087751, 9.1085973 ], [ 5.0089736, 9.1089047 ], [ 5.0090909, 9.109114 ], [ 5.0091495, 9.1092432 ], [ 5.009357, 9.1093812 ], [ 5.0095329, 9.1096173 ], [ 5.0096593, 9.1098044 ], [ 5.0097224, 9.1099647 ], [ 5.0096908, 9.1101206 ], [ 5.00956, 9.1102409 ], [ 5.009348, 9.1103166 ], [ 5.0091856, 9.1103389 ], [ 5.0089961, 9.1102809 ] ] } },
{ "type": "Feature", "properties": { "name": null, "waterway": "river" }, "geometry": { "type": "LineString", "coordinates": [ [ 4.9868368, 9.1400587 ], [ 4.9886294, 9.1405077 ], [ 4.9910373, 9.1411505 ], [ 4.9924821, 9.14167 ], [ 4.9940071, 9.1419782 ], [ 4.9958442, 9.1422071 ], [ 4.9971998, 9.1422687 ], [ 4.9980292, 9.1421983 ], [ 4.9986, 9.1420222 ], [ 4.998952, 9.1417967 ], [ 4.9998842, 9.1412474 ], [ 5.000339, 9.1410184 ], [ 5.0011595, 9.1404725 ], [ 5.0018997, 9.1402348 ], [ 5.0026488, 9.1398121 ], [ 5.0034782, 9.1393367 ], [ 5.004263, 9.1385178 ], [ 5.0048784, 9.1374172 ], [ 5.0054759, 9.1362813 ], [ 5.0060288, 9.1353656 ], [ 5.0065907, 9.1347845 ], [ 5.0075984, 9.1344058 ], [ 5.0087846, 9.1344146 ], [ 5.0101491, 9.1347316 ], [ 5.0106841, 9.134987 ], [ 5.0111479, 9.1353744 ], [ 5.0113399, 9.1355134 ], [ 5.0120486, 9.1360788 ], [ 5.0127264, 9.136475 ], [ 5.0131813, 9.1366511 ], [ 5.0136182, 9.1367216 ], [ 5.0140909, 9.1367216 ], [ 5.0146617, 9.1366335 ], [ 5.0160109, 9.13601 ], [ 5.0169299, 9.1353323 ], [ 5.0182881, 9.1346005 ] ] } },
{ "type": "Feature", "properties": { "name": null, "waterway": "river" }, "geometry": { "type": "LineString", "coordinates": [ [ 5.0080672, 9.1520436 ], [ 5.0082924, 9.1513592 ], [ 5.0083138, 9.1509461 ], [ 5.008168, 9.1506567 ], [ 5.0075199, 9.1492831 ], [ 5.0066723, 9.1471647 ], [ 5.0061251, 9.1459254 ], [ 5.005814, 9.1448449 ], [ 5.0057282, 9.1439128 ], [ 5.0058033, 9.1428853 ], [ 5.0058998, 9.141932 ], [ 5.0062002, 9.1413176 ], [ 5.0069298, 9.140555 ], [ 5.0078739, 9.1400571 ], [ 5.0087966, 9.1399724 ], [ 5.0100304, 9.1401207 ], [ 5.0111462, 9.1405973 ], [ 5.0118436, 9.1411481 ], [ 5.0123371, 9.1417519 ], [ 5.0125195, 9.1423769 ], [ 5.0125732, 9.1430442 ], [ 5.0128843, 9.1437857 ], [ 5.0135388, 9.1444742 ], [ 5.0142898, 9.1449403 ], [ 5.0150086, 9.1456076 ], [ 5.0152232, 9.1461584 ], [ 5.0152661, 9.1466033 ], [ 5.015191, 9.1470376 ], [ 5.0150935, 9.147208 ], [ 5.0147619, 9.147546 ], [ 5.01444, 9.1479591 ], [ 5.0144556, 9.1484957 ] ] } },
{ "type": "Feature", "properties": { "name": null, "waterway": "river" }, "geometry": { "type": "LineString", "coordinates": [ [ 5.006859, 9.1523488 ], [ 5.0072843, 9.1524383 ], [ 5.0077657, 9.152242 ], [ 5.0080672, 9.1520436 ], [ 5.0085168, 9.1514326 ], [ 5.0088216, 9.1510891 ], [ 5.0090139, 9.1509198 ], [ 5.0093389, 9.1507753 ], [ 5.0096132, 9.1505717 ], [ 5.0099153, 9.1501136 ], [ 5.0101976, 9.1495239 ], [ 5.0104626, 9.1491406 ], [ 5.0106598, 9.148952 ], [ 5.0109371, 9.1488729 ], [ 5.0112144, 9.1486904 ], [ 5.0113623, 9.1483132 ], [ 5.0114855, 9.1479178 ], [ 5.0116088, 9.1477535 ], [ 5.011769, 9.1477413 ], [ 5.0118799, 9.1478995 ], [ 5.0119538, 9.1480698 ], [ 5.0121079, 9.148155 ], [ 5.0123297, 9.1480942 ], [ 5.0124653, 9.1479238 ], [ 5.0127179, 9.1479056 ], [ 5.0129706, 9.1480394 ], [ 5.0133896, 9.148301 ], [ 5.0137963, 9.1483984 ], [ 5.0144556, 9.1484957 ], [ 5.0147453, 9.1487999 ], [ 5.0150226, 9.1490858 ], [ 5.0154231, 9.1493231 ], [ 5.0155833, 9.1495604 ], [ 5.0158236, 9.1501626 ], [ 5.0159777, 9.1503938 ], [ 5.0161934, 9.1504851 ], [ 5.0164583, 9.1504729 ], [ 5.0167541, 9.1503208 ] ] } },
{ "type": "Feature", "properties": { "name": null, "waterway": "river" }, "geometry": { "type": "LineString", "coordinates": [ [ 4.9770248, 9.1488179 ], [ 4.9779077, 9.1489587 ], [ 4.9787906, 9.1493902 ], [ 4.9800838, 9.14976 ], [ 4.9814839, 9.1498304 ], [ 4.9823757, 9.1500769 ], [ 4.9829465, 9.149848 ], [ 4.983651, 9.149399 ], [ 4.9844448, 9.1493197 ], [ 4.9849709, 9.1496279 ], [ 4.9859163, 9.1501386 ], [ 4.9867724, 9.1503323 ], [ 4.9869508, 9.150614 ], [ 4.987254, 9.1513096 ], [ 4.9875751, 9.151653 ], [ 4.9880686, 9.1517684 ] ] } },
{ "type": "Feature", "properties": { "name": null, "waterway": "river" }, "geometry": { "type": "LineString", "coordinates": [ [ 4.9888604, 9.1512041 ], [ 4.9895281, 9.1512216 ], [ 4.989983, 9.1512392 ], [ 4.990848, 9.1510719 ], [ 4.9914188, 9.1510102 ], [ 4.991615, 9.1509046 ], [ 4.9920698, 9.1509398 ], [ 4.9925157, 9.150931 ], [ 4.9930073, 9.15072 ] ] } },
{ "type": "Feature", "properties": { "name": null, "waterway": "river" }, "geometry": { "type": "LineString", "coordinates": [ [ 5.0016515, 9.1525735 ], [ 5.0021886, 9.1521447 ], [ 5.0026182, 9.1517712 ], [ 5.0030385, 9.1512871 ], [ 5.0034548, 9.1506434 ], [ 5.003833, 9.1503059 ], [ 5.0042069, 9.1500481 ], [ 5.0046445, 9.1499185 ], [ 5.0051707, 9.1499185 ], [ 5.0055631, 9.1501914 ], [ 5.0061339, 9.1510014 ], [ 5.0063211, 9.1519171 ], [ 5.0065084, 9.1521196 ], [ 5.006859, 9.1523488 ] ] } },
{ "type": "Feature", "properties": { "name": null, "waterway": "river" }, "geometry": { "type": "LineString", "coordinates": [ [ 4.9880686, 9.1517684 ], [ 4.9882673, 9.1516237 ], [ 4.9888604, 9.1512041 ], [ 4.9893741, 9.1508952 ], [ 4.9896776, 9.1508307 ], [ 4.9902894, 9.1506601 ], [ 4.9908311, 9.1505172 ], [ 4.9914616, 9.1503742 ], [ 4.992036, 9.1504157 ], [ 4.9926244, 9.1505679 ], [ 4.9930073, 9.15072 ], [ 4.9938012, 9.1506094 ], [ 4.9944784, 9.1504572 ], [ 4.9951275, 9.1503788 ], [ 4.9955945, 9.1502359 ], [ 4.9959775, 9.1500792 ], [ 4.9964912, 9.1499916 ], [ 4.9968694, 9.1500146 ], [ 4.9972804, 9.1501806 ], [ 4.9977567, 9.1503604 ], [ 4.9983078, 9.1506785 ], [ 4.9986207, 9.1509552 ], [ 4.9991531, 9.1514715 ], [ 4.9996014, 9.1519049 ], [ 4.9999656, 9.1523061 ], [ 5.0003019, 9.1525642 ], [ 5.0006521, 9.1527394 ], [ 5.0009884, 9.1528317 ], [ 5.001348, 9.1527671 ], [ 5.0016515, 9.1525735 ] ] } },
{ "type": "Feature", "properties": { "name": null, "waterway": "canal" }, "geometry": { "type": "LineString", "coordinates": [ [ 5.0016515, 9.1525735 ], [ 5.0018243, 9.1527118 ], [ 5.0020298, 9.1527856 ], [ 5.0022026, 9.1527809 ], [ 5.0025155, 9.1526426 ], [ 5.0028558, 9.1524602 ], [ 5.0035171, 9.1523691 ], [ 5.0041225, 9.1523963 ], [ 5.0044613, 9.1524115 ], [ 5.0051088, 9.1525256 ], [ 5.0058753, 9.1524954 ], [ 5.0066418, 9.152336 ], [ 5.006859, 9.1523488 ] ] } },
{ "type": "Feature", "properties": { "name": null, "waterway": "canal" }, "geometry": { "type": "LineString", "coordinates": [ [ 4.9909661, 9.1611007 ], [ 4.9907349, 9.1582337 ], [ 4.9900833, 9.155084 ], [ 4.9898151, 9.1545544 ], [ 4.9896864, 9.1539824 ], [ 4.9893765, 9.1530089 ], [ 4.9892338, 9.1522781 ], [ 4.9892606, 9.1516882 ], [ 4.9895371, 9.1514241 ], [ 4.989983, 9.1512392 ] ] } },
{ "type": "Feature", "properties": { "name": null, "waterway": "canal" }, "geometry": { "type": "LineString", "coordinates": [ [ 4.9843412, 9.1649305 ], [ 4.9846126, 9.1645584 ], [ 4.9844527, 9.1638956 ], [ 4.9841165, 9.162955 ], [ 4.9841538, 9.1622727 ], [ 4.9838121, 9.1617622 ], [ 4.9836907, 9.1613611 ], [ 4.983602, 9.1607248 ], [ 4.983616, 9.1602315 ], [ 4.9836907, 9.1598995 ], [ 4.9837327, 9.1595538 ], [ 4.9836907, 9.1590466 ], [ 4.9836347, 9.1585625 ], [ 4.9835599, 9.1579632 ], [ 4.9835553, 9.1574237 ], [ 4.9835273, 9.1568105 ], [ 4.9835646, 9.1563541 ], [ 4.9836066, 9.1559576 ], [ 4.983672, 9.1555749 ], [ 4.9835273, 9.1553213 ], [ 4.9832564, 9.1551554 ], [ 4.9831396, 9.1549894 ], [ 4.9831256, 9.1547819 ], [ 4.9832797, 9.1544776 ], [ 4.9834339, 9.1542333 ], [ 4.983658, 9.1541226 ], [ 4.9839756, 9.1540258 ], [ 4.9843912, 9.1539843 ], [ 4.984634, 9.1540488 ], [ 4.9848489, 9.1542563 ], [ 4.9849703, 9.1544407 ], [ 4.9851431, 9.1546574 ], [ 4.9852645, 9.1547727 ], [ 4.9853953, 9.1547404 ], [ 4.98547, 9.1546344 ], [ 4.9857735, 9.1542563 ], [ 4.9860817, 9.1539705 ], [ 4.9862919, 9.153763 ], [ 4.9866982, 9.1532143 ], [ 4.986941, 9.1530437 ], [ 4.9872819, 9.1527394 ], [ 4.9875621, 9.1523752 ], [ 4.9878937, 9.1518957 ], [ 4.9880686, 9.1517684 ] ] } },
{ "type": "Feature", "properties": { "name": null, "waterway": "canal" }, "geometry": { "type": "LineString", "coordinates": [ [ 4.9757397, 9.1553827 ], [ 4.9752727, 9.1563417 ], [ 4.9754782, 9.157356 ], [ 4.9760947, 9.15861 ], [ 4.9765056, 9.159569 ], [ 4.9774396, 9.1609706 ], [ 4.9785044, 9.1617082 ], [ 4.9791512, 9.1621146 ], [ 4.9803467, 9.1626864 ], [ 4.9817393, 9.1633556 ], [ 4.9829841, 9.1642925 ], [ 4.9841806, 9.1648563 ], [ 4.9843412, 9.1649305 ], [ 4.9853251, 9.1653852 ], [ 4.986137, 9.165615 ], [ 4.9870305, 9.1656291 ], [ 4.9878711, 9.1654262 ], [ 4.9885997, 9.1652049 ], [ 4.9893095, 9.164541 ], [ 4.9898139, 9.163914 ], [ 4.9902995, 9.1630473 ], [ 4.9907105, 9.1621989 ], [ 4.9909661, 9.1611007 ], [ 4.9911782, 9.1606315 ], [ 4.991708, 9.1602798 ], [ 4.9926367, 9.1597831 ], [ 4.9936272, 9.1592128 ], [ 4.995738, 9.1578579 ], [ 4.9980532, 9.1563988 ], [ 4.9991426, 9.1557494 ], [ 4.9998009, 9.1553161 ], [ 5.0005108, 9.154628 ], [ 5.0008593, 9.1542075 ], [ 5.0011174, 9.1535704 ], [ 5.0014143, 9.1533665 ], [ 5.0016515, 9.1525735 ] ] } },
{ "type": "Feature", "properties": { "name": null, "waterway": "river" }, "geometry": { "type": "LineString", "coordinates": [ [ 4.9563685, 9.184171 ], [ 4.9570764, 9.1841652 ], [ 4.957967, 9.1839721 ], [ 4.9591161, 9.1839414 ], [ 4.9597061, 9.184202 ], [ 4.9603738, 9.1849225 ], [ 4.9612123, 9.185413 ], [ 4.9625321, 9.1855509 ], [ 4.9636656, 9.1855203 ], [ 4.9657463, 9.1855969 ], [ 4.9671283, 9.1857809 ], [ 4.9685102, 9.1862867 ], [ 4.9693797, 9.1867465 ], [ 4.9701872, 9.1870684 ], [ 4.9709791, 9.1877582 ], [ 4.9714915, 9.1886166 ], [ 4.9721902, 9.1891224 ], [ 4.9732772, 9.1892451 ], [ 4.9742088, 9.1888465 ], [ 4.9748144, 9.1881721 ], [ 4.9751715, 9.1870838 ], [ 4.9755752, 9.186394 ], [ 4.9761963, 9.1857809 ], [ 4.9771746, 9.1854283 ], [ 4.9779509, 9.1855356 ], [ 4.9784633, 9.1859495 ], [ 4.9785876, 9.186302 ], [ 4.9782304, 9.1868538 ], [ 4.9779199, 9.1875896 ], [ 4.9780286, 9.1886013 ], [ 4.9782925, 9.189291 ], [ 4.9788826, 9.1898582 ], [ 4.9794105, 9.1900881 ], [ 4.9803111, 9.1899961 ], [ 4.9812272, 9.1895516 ], [ 4.9817862, 9.1887699 ], [ 4.9818018, 9.1874823 ], [ 4.9818018, 9.1867619 ], [ 4.9824229, 9.1862867 ], [ 4.9831837, 9.1860108 ], [ 4.9840532, 9.1860108 ], [ 4.9846433, 9.1862254 ], [ 4.9853576, 9.1866699 ], [ 4.9856526, 9.1872064 ], [ 4.9854818, 9.1880341 ], [ 4.9850361, 9.1886403 ], [ 4.9845733, 9.1889099 ], [ 4.9840119, 9.1893667 ], [ 4.9838222, 9.189846 ], [ 4.9838677, 9.1901606 ], [ 4.9840953, 9.19055 ], [ 4.9844671, 9.1907971 ], [ 4.9849905, 9.1909319 ], [ 4.9855519, 9.1908046 ], [ 4.986174, 9.1903852 ], [ 4.9866899, 9.189861 ], [ 4.9873897, 9.1896405 ], [ 4.9878828, 9.1895506 ], [ 4.988247, 9.189648 ], [ 4.9885352, 9.1897978 ], [ 4.9887628, 9.1900224 ], [ 4.9891194, 9.1907414 ], [ 4.9895139, 9.1917599 ], [ 4.9899463, 9.1923365 ], [ 4.9903788, 9.1927484 ], [ 4.9908036, 9.1929132 ], [ 4.9911981, 9.1928907 ], [ 4.9916305, 9.1927934 ], [ 4.9923892, 9.1926361 ], [ 4.9931099, 9.192389 ], [ 4.9936106, 9.1920819 ], [ 4.994134, 9.1918123 ], [ 4.9946044, 9.1917524 ], [ 4.9950292, 9.1918273 ], [ 4.9952995, 9.1919471 ], [ 4.9956233, 9.1921849 ], [ 4.9959473, 9.192418 ], [ 4.99632, 9.192464 ], [ 4.9964597, 9.192372 ], [ 4.9965684, 9.1921574 ], [ 4.9965063, 9.1917742 ], [ 4.9960871, 9.1915596 ], [ 4.9958076, 9.1911611 ], [ 4.9959163, 9.1908392 ], [ 4.9963666, 9.1902414 ], [ 4.9970343, 9.1900421 ], [ 4.9980672, 9.1896947 ], [ 4.9990622, 9.1889428 ], [ 5.0004707, 9.1881671 ], [ 5.0016271, 9.1880427 ], [ 5.0031172, 9.1879476 ], [ 5.0057628, 9.1866494 ], [ 5.0062878, 9.1865158 ], [ 5.0072126, 9.18649 ], [ 5.0079203, 9.1863812 ], [ 5.0083494, 9.1860634 ], [ 5.0088429, 9.1853856 ], [ 5.0092828, 9.1841994 ], [ 5.0095832, 9.183405 ], [ 5.0100982, 9.1825153 ] ] } },
{ "type": "Feature", "properties": { "name": null, "waterway": "river" }, "geometry": { "type": "LineString", "coordinates": [ [ 5.5248304, 8.9285138 ], [ 5.52512, 8.9277018 ], [ 5.5273989, 8.925921 ], [ 5.5302943, 8.9237066 ], [ 5.5318448, 8.9230515 ], [ 5.5334057, 8.9229803 ], [ 5.5351353, 8.9225623 ] ] } },
{ "type": "Feature", "properties": { "name": null, "waterway": "stream" }, "geometry": { "type": "LineString", "coordinates": [ [ 5.4841967, 8.928361 ], [ 5.4840873, 8.9288521 ], [ 5.4837343, 8.9292597 ], [ 5.4836299, 8.9296625 ], [ 5.4837592, 8.9299129 ], [ 5.4841072, 8.9301683 ], [ 5.4843458, 8.9303991 ], [ 5.4845049, 8.930959 ], [ 5.4847734, 8.931234 ], [ 5.485002, 8.9310867 ], [ 5.485181, 8.9309491 ], [ 5.4856632, 8.9310965 ], [ 5.485867, 8.9314206 ], [ 5.485524, 8.9321474 ], [ 5.4854693, 8.9323439 ], [ 5.4855389, 8.9325059 ], [ 5.4857676, 8.9326336 ], [ 5.4862498, 8.9326336 ], [ 5.4866724, 8.9327073 ], [ 5.4867569, 8.932889 ], [ 5.4866774, 8.9332917 ], [ 5.4867022, 8.93366 ], [ 5.4867867, 8.9341659 ], [ 5.4866575, 8.9344065 ], [ 5.4863244, 8.9348092 ], [ 5.4859615, 8.9353202 ], [ 5.4856831, 8.9360323 ], [ 5.485181, 8.9369016 ], [ 5.4849225, 8.9376119 ], [ 5.4843558, 8.938162 ], [ 5.4846242, 8.9386091 ], [ 5.4849026, 8.938997 ], [ 5.4850219, 8.9395618 ], [ 5.4853152, 8.9399743 ], [ 5.485509, 8.9405218 ] ] } },
{ "type": "Feature", "properties": { "name": null, "waterway": "stream" }, "geometry": { "type": "LineString", "coordinates": [ [ 5.4502811, 8.9349244 ], [ 5.4500724, 8.934902 ], [ 5.4499359, 8.9350593 ], [ 5.4496324, 8.9350743 ], [ 5.4495072, 8.9350181 ], [ 5.4492759, 8.9350706 ], [ 5.4490255, 8.9350818 ] ] } },
{ "type": "Feature", "properties": { "name": null, "waterway": "stream" }, "geometry": { "type": "LineString", "coordinates": [ [ 5.4751348, 8.9313678 ], [ 5.4753187, 8.9314857 ], [ 5.4762633, 8.9319572 ], [ 5.4765914, 8.9320505 ], [ 5.477178, 8.9324532 ], [ 5.4774713, 8.9323451 ], [ 5.4777149, 8.9330986 ], [ 5.4778491, 8.9338746 ], [ 5.4778541, 8.934238 ], [ 5.4782915, 8.934621 ], [ 5.4783214, 8.9350774 ], [ 5.4781722, 8.9357011 ], [ 5.4782717, 8.9362413 ], [ 5.4785182, 8.9364609 ], [ 5.4793285, 8.9363087 ], [ 5.4795224, 8.9361859 ], [ 5.4799947, 8.9367359 ], [ 5.4804968, 8.937006 ], [ 5.480795, 8.9372074 ], [ 5.4809342, 8.9375512 ], [ 5.4811828, 8.9380177 ], [ 5.4811182, 8.9385628 ], [ 5.4811182, 8.9390588 ], [ 5.4812275, 8.9393829 ], [ 5.4814981, 8.9394321 ], [ 5.481851, 8.9393191 ], [ 5.4823034, 8.9394124 ], [ 5.482721, 8.9399133 ], [ 5.4829348, 8.9404879 ], [ 5.4830629, 8.9407338 ] ] } },
{ "type": "Feature", "properties": { "name": null, "waterway": "river" }, "geometry": { "type": "LineString", "coordinates": [ [ 5.4052824, 8.9390052 ], [ 5.4055373, 8.9388198 ] ] } },
{ "type": "Feature", "properties": { "name": null, "waterway": "stream" }, "geometry": { "type": "LineString", "coordinates": [ [ 5.445435, 8.9380006 ], [ 5.4459805, 8.9408282 ], [ 5.445639, 8.9429969 ], [ 5.4461593, 8.9441053 ], [ 5.445704, 8.9461936 ], [ 5.4462894, 8.9468041 ], [ 5.4463545, 8.9482498 ], [ 5.4484035, 8.9492137 ], [ 5.4499971, 8.9485711 ], [ 5.4505175, 8.9477679 ], [ 5.4524202, 8.949053 ], [ 5.4539102, 8.9484443 ] ] } },
{ "type": "Feature", "properties": { "name": null, "waterway": "stream" }, "geometry": { "type": "LineString", "coordinates": [ [ 5.4526765, 8.9408694 ], [ 5.4526981, 8.9410329 ], [ 5.4525194, 8.9413068 ], [ 5.4524917, 8.9414621 ], [ 5.452618, 8.9416964 ], [ 5.4527351, 8.941929 ], [ 5.4527351, 8.9421999 ], [ 5.4525749, 8.9423642 ], [ 5.4523469, 8.942486 ], [ 5.4521743, 8.9424342 ], [ 5.4520603, 8.9425424 ], [ 5.4519248, 8.9428163 ], [ 5.4519032, 8.9429654 ], [ 5.4519802, 8.9432363 ], [ 5.452239, 8.9435163 ], [ 5.4523807, 8.9437233 ], [ 5.4525317, 8.9439424 ], [ 5.4530647, 8.9448575 ], [ 5.4535515, 8.9450949 ], [ 5.4541712, 8.9457966 ], [ 5.4542757, 8.9462271 ], [ 5.4553564, 8.9465886 ], [ 5.4561232, 8.9464423 ], [ 5.456437, 8.9466489 ], [ 5.457169, 8.9475528 ], [ 5.4573607, 8.9479832 ], [ 5.4573345, 8.9487924 ], [ 5.4576396, 8.9490506 ], [ 5.4584761, 8.9492745 ], [ 5.4605115, 8.9508255 ] ] } },
{ "type": "Feature", "properties": { "name": null, "waterway": "river" }, "geometry": { "type": "LineString", "coordinates": [ [ 5.4444006, 8.9368043 ], [ 5.4428181, 8.938433 ], [ 5.4423829, 8.9394586 ], [ 5.4425209, 8.940384 ], [ 5.4421332, 8.9412299 ], [ 5.4415121, 8.9424958 ], [ 5.4414703, 8.9430833 ], [ 5.4416296, 8.9438932 ], [ 5.4419479, 8.9444464 ], [ 5.4418817, 8.9453497 ], [ 5.4416332, 8.9461841 ], [ 5.4424038, 8.9477006 ], [ 5.4431624, 8.9481087 ], [ 5.4440004, 8.9489857 ], [ 5.4442396, 8.9498985 ], [ 5.4442804, 8.9510444 ], [ 5.4443523, 8.9516731 ], [ 5.4443105, 8.9521624 ], [ 5.4440294, 8.9529369 ], [ 5.4441775, 8.9533988 ], [ 5.4447231, 8.9536338 ], [ 5.4450979, 8.9534969 ], [ 5.4457516, 8.9528805 ], [ 5.44643, 8.9516794 ], [ 5.4472869, 8.9510484 ], [ 5.4480399, 8.9506879 ], [ 5.4486964, 8.9505976 ], [ 5.4492984, 8.9506428 ], [ 5.4498415, 8.9507993 ], [ 5.4500264, 8.9510753 ], [ 5.4500333, 8.9512953 ], [ 5.4499651, 8.9517962 ], [ 5.4501399, 8.952623 ], [ 5.450382, 8.9531752 ], [ 5.450385, 8.9535149 ], [ 5.4501438, 8.9538649 ], [ 5.4498435, 8.9541302 ], [ 5.4488033, 8.954467 ], [ 5.4480672, 8.9544334 ], [ 5.4476213, 8.9544192 ], [ 5.4471594, 8.954601 ], [ 5.4468297, 8.9548781 ], [ 5.4464144, 8.9554135 ], [ 5.4463105, 8.9557832 ], [ 5.446255, 8.9561581 ], [ 5.446447, 8.9566113 ], [ 5.44671, 8.95688 ], [ 5.4470534, 8.9570427 ], [ 5.4473298, 8.957004 ], [ 5.4475526, 8.95687 ], [ 5.4478694, 8.9566753 ], [ 5.4482397, 8.955995 ], [ 5.4485296, 8.9558288 ], [ 5.4489503, 8.9558816 ], [ 5.450621, 8.9569783 ], [ 5.4508079, 8.9574307 ], [ 5.4509282, 8.957845 ], [ 5.4509991, 8.9583965 ], [ 5.4511236, 8.9586938 ], [ 5.4516825, 8.958885 ], [ 5.4524019, 8.9588667 ], [ 5.4532363, 8.9584893 ], [ 5.4537259, 8.9586635 ], [ 5.4544087, 8.9596724 ], [ 5.4547552, 8.9597422 ], [ 5.4553778, 8.9594555 ], [ 5.4559397, 8.9587016 ], [ 5.4562676, 8.9578235 ], [ 5.4564071, 8.9573095 ], [ 5.4566216, 8.9570975 ], [ 5.4570293, 8.9570657 ], [ 5.4574639, 8.9572141 ], [ 5.4580432, 8.9573783 ], [ 5.4584724, 8.9574101 ], [ 5.4589659, 8.9574366 ], [ 5.459497, 8.9575214 ], [ 5.4617929, 8.9581202 ] ] } },
{ "type": "Feature", "properties": { "name": null, "waterway": "stream" }, "geometry": { "type": "LineString", "coordinates": [ [ 5.4293767, 8.9432322 ], [ 5.4295466, 8.943949 ], [ 5.4297872, 8.9443571 ], [ 5.4301553, 8.9446578 ], [ 5.4302898, 8.9452672 ], [ 5.4299819, 8.9459405 ], [ 5.4295536, 8.9461573 ], [ 5.4289201, 8.9461433 ], [ 5.4283751, 8.9469966 ], [ 5.4279999, 8.9473182 ], [ 5.4283468, 8.9479161 ], [ 5.4279362, 8.948458 ], [ 5.4292728, 8.9490356 ], [ 5.4302738, 8.9490257 ], [ 5.4312648, 8.9495003 ], [ 5.4317353, 8.9500343 ], [ 5.4325262, 8.9504199 ], [ 5.4330867, 8.951211 ], [ 5.432416, 8.9517894 ], [ 5.4311347, 8.9519872 ], [ 5.4307443, 8.9523036 ], [ 5.4309045, 8.9527486 ], [ 5.4319756, 8.9536485 ], [ 5.4328765, 8.9543011 ], [ 5.4333971, 8.9543011 ], [ 5.4339753, 8.9540539 ], [ 5.4342757, 8.9540242 ], [ 5.4344759, 8.954311 ], [ 5.4343958, 8.9548153 ], [ 5.4339954, 8.9551812 ], [ 5.4338052, 8.9555174 ], [ 5.4339553, 8.9557942 ], [ 5.4344759, 8.956081 ], [ 5.434636, 8.9563273 ], [ 5.434586, 8.9566338 ], [ 5.4343557, 8.9568711 ], [ 5.4338953, 8.95697 ], [ 5.4335049, 8.9570392 ], [ 5.4333347, 8.9572073 ], [ 5.4333947, 8.9581071 ], [ 5.433635, 8.9590268 ], [ 5.4335249, 8.9597288 ], [ 5.4335249, 8.9602826 ], [ 5.4331445, 8.9606781 ], [ 5.4326139, 8.9607952 ], [ 5.4322836, 8.9605776 ] ] } },
{ "type": "Feature", "properties": { "name": null, "waterway": "river" }, "geometry": { "type": "LineString", "coordinates": [ [ 5.4030345, 8.9593129 ], [ 5.4032398, 8.9583201 ], [ 5.4029, 8.9577817 ], [ 5.4025673, 8.9573621 ], [ 5.4019232, 8.9571314 ] ] } },
{ "type": "Feature", "properties": { "name": null, "waterway": "river" }, "geometry": { "type": "LineString", "coordinates": [ [ 5.3638896, 8.9557629 ], [ 5.3638061, 8.9550187 ], [ 5.363976, 8.9545572 ], [ 5.3644007, 8.9535923 ], [ 5.3647191, 8.9534433 ], [ 5.3652358, 8.9533873 ], [ 5.3655756, 8.9533244 ], [ 5.3660994, 8.9531007 ], [ 5.3664038, 8.9528769 ], [ 5.366517, 8.9524853 ], [ 5.3664179, 8.9521287 ], [ 5.3663259, 8.9518281 ], [ 5.3661773, 8.9517512 ], [ 5.365972, 8.9517931 ], [ 5.3658092, 8.9517232 ], [ 5.3655968, 8.9513386 ], [ 5.3656393, 8.9511778 ], [ 5.3658871, 8.9511359 ], [ 5.3659932, 8.9510659 ], [ 5.3660145, 8.9508911 ], [ 5.3659012, 8.9507303 ], [ 5.3655544, 8.9506114 ], [ 5.3653845, 8.9505975 ], [ 5.3652925, 8.9504786 ], [ 5.3652996, 8.9503038 ], [ 5.365519, 8.950122 ], [ 5.3660782, 8.9496465 ], [ 5.3665878, 8.9493668 ], [ 5.3670054, 8.9491151 ], [ 5.3671753, 8.9490871 ], [ 5.3675222, 8.949255 ], [ 5.3677062, 8.949241 ], [ 5.367869, 8.949192 ], [ 5.3680955, 8.9491501 ], [ 5.3682725, 8.94922 ], [ 5.3685344, 8.9494787 ], [ 5.3685769, 8.9502339 ], [ 5.3685061, 8.9507513 ], [ 5.3683645, 8.951038 ], [ 5.3681805, 8.9511708 ], [ 5.3681026, 8.9513456 ], [ 5.3681168, 8.9515764 ], [ 5.3680955, 8.9517512 ], [ 5.3676779, 8.951926 ], [ 5.3676213, 8.9520798 ], [ 5.3676637, 8.9523525 ], [ 5.3678761, 8.9526252 ], [ 5.3689166, 8.952765 ], [ 5.3696386, 8.9525762 ], [ 5.3703889, 8.9522616 ], [ 5.3706225, 8.951926 ], [ 5.370849, 8.9515764 ], [ 5.3708844, 8.9513316 ], [ 5.3708561, 8.9509261 ], [ 5.3708207, 8.9505695 ], [ 5.3708561, 8.9502199 ], [ 5.3709835, 8.9497654 ], [ 5.3711675, 8.9494787 ], [ 5.3713162, 8.9493528 ], [ 5.3716489, 8.9492619 ], [ 5.3718188, 8.9489893 ], [ 5.3719037, 8.9488634 ], [ 5.3720665, 8.9488354 ], [ 5.3722505, 8.9489123 ], [ 5.3724629, 8.9488634 ], [ 5.3727036, 8.9486676 ], [ 5.3731778, 8.9484718 ], [ 5.3737158, 8.948318 ], [ 5.373914, 8.94829 ], [ 5.374282, 8.9484089 ], [ 5.3745793, 8.9484089 ], [ 5.3749757, 8.9484089 ], [ 5.3753084, 8.948332 ], [ 5.3754854, 8.9481362 ], [ 5.3756694, 8.9478495 ], [ 5.3757048, 8.9476118 ], [ 5.375818, 8.947444 ], [ 5.3759667, 8.94743 ], [ 5.3760941, 8.9475209 ], [ 5.3760941, 8.9477027 ], [ 5.3761224, 8.9479404 ], [ 5.3761649, 8.9481292 ], [ 5.3763206, 8.9482341 ], [ 5.3765471, 8.948311 ], [ 5.3766816, 8.9484648 ], [ 5.3767595, 8.9485837 ], [ 5.3769931, 8.9485977 ], [ 5.3772691, 8.948304 ], [ 5.3773965, 8.9481642 ], [ 5.3773894, 8.9480313 ], [ 5.377262, 8.9479404 ], [ 5.3771417, 8.9477726 ], [ 5.3771559, 8.9476328 ], [ 5.3775381, 8.9473461 ], [ 5.3777575, 8.9471293 ], [ 5.3781893, 8.9471853 ], [ 5.3785008, 8.9470524 ], [ 5.3791237, 8.9471363 ], [ 5.3795342, 8.9469895 ], [ 5.3801288, 8.9469195 ], [ 5.3802562, 8.9467308 ], [ 5.3803978, 8.9463672 ], [ 5.3804332, 8.9461434 ], [ 5.3803411, 8.9459057 ], [ 5.3799377, 8.9452204 ], [ 5.3798457, 8.9450456 ], [ 5.3798952, 8.9449337 ], [ 5.3799447, 8.9448428 ], [ 5.379966, 8.944703 ], [ 5.3798244, 8.9445492 ], [ 5.3795908, 8.9444583 ], [ 5.379605, 8.9443324 ], [ 5.3797678, 8.9442485 ], [ 5.3800226, 8.9441856 ], [ 5.3801005, 8.9442835 ], [ 5.3802208, 8.9443114 ], [ 5.3803199, 8.9442555 ], [ 5.3803765, 8.9441506 ], [ 5.3804473, 8.9441086 ], [ 5.3806314, 8.9441856 ], [ 5.3808225, 8.9442555 ], [ 5.3815374, 8.9441156 ], [ 5.3816719, 8.9440107 ], [ 5.3818842, 8.9436961 ], [ 5.3823797, 8.9431507 ], [ 5.3825779, 8.9430248 ], [ 5.3828327, 8.9430458 ], [ 5.3831725, 8.9432346 ], [ 5.3835264, 8.9433605 ], [ 5.3837317, 8.9433814 ], [ 5.3840219, 8.9432696 ], [ 5.3842909, 8.9432696 ], [ 5.3844466, 8.9433814 ], [ 5.3847793, 8.9433884 ], [ 5.3856075, 8.9432346 ], [ 5.3865206, 8.9430598 ], [ 5.3872992, 8.9427381 ], [ 5.3881557, 8.9424305 ], [ 5.3888211, 8.9422487 ], [ 5.3895997, 8.9421018 ], [ 5.3904916, 8.941934 ], [ 5.3911923, 8.9418291 ], [ 5.3914292, 8.9418473 ], [ 5.3916652, 8.9419268 ], [ 5.3918691, 8.9419374 ], [ 5.3920514, 8.9418102 ], [ 5.392089, 8.9415135 ], [ 5.3921587, 8.9412909 ], [ 5.392384, 8.9409836 ], [ 5.3928239, 8.9405967 ], [ 5.3932584, 8.940035 ], [ 5.3934837, 8.9397488 ], [ 5.3938056, 8.9395369 ], [ 5.3940202, 8.9395581 ], [ 5.3942348, 8.9397276 ], [ 5.3943581, 8.9400933 ], [ 5.3943957, 8.9405066 ], [ 5.3946746, 8.9410366 ], [ 5.3951735, 8.9412909 ], [ 5.3955437, 8.9413916 ], [ 5.3960479, 8.9414499 ], [ 5.3966809, 8.9413969 ], [ 5.3974427, 8.9412379 ], [ 5.3981508, 8.9414287 ], [ 5.3986711, 8.9413704 ], [ 5.3990627, 8.9412909 ], [ 5.399508, 8.9411001 ], [ 5.4001303, 8.9408034 ], [ 5.4006077, 8.9406709 ], [ 5.4010959, 8.9405119 ], [ 5.4017664, 8.9403424 ], [ 5.4022385, 8.9402364 ], [ 5.4026086, 8.9402364 ], [ 5.4031612, 8.9402523 ], [ 5.4034669, 8.9401887 ], [ 5.4038156, 8.9399502 ], [ 5.4039122, 8.9398813 ], [ 5.4041482, 8.9398495 ], [ 5.4044325, 8.9397276 ], [ 5.4046364, 8.939468 ], [ 5.4048831, 8.939203 ], [ 5.4052801, 8.9390069 ] ] } },
{ "type": "Feature", "properties": { "name": null, "waterway": "river" }, "geometry": { "type": "LineString", "coordinates": [ [ 5.358228, 8.9483999 ], [ 5.3586017, 8.9488359 ], [ 5.3587036, 8.9490108 ], [ 5.3589906, 8.9492227 ], [ 5.3594627, 8.9493261 ], [ 5.3598194, 8.9494056 ], [ 5.3601654, 8.9496944 ], [ 5.3603746, 8.9501209 ], [ 5.3605704, 8.9509423 ], [ 5.3605382, 8.9512179 ], [ 5.3604712, 8.951504 ], [ 5.3604846, 8.9517928 ], [ 5.3605865, 8.9520472 ], [ 5.3606992, 8.9522353 ], [ 5.3610183, 8.9528977 ], [ 5.3611927, 8.9534488 ], [ 5.3612732, 8.9538065 ], [ 5.3613678, 8.9539823 ] ] } },
{ "type": "Feature", "properties": { "name": null, "waterway": "river" }, "geometry": { "type": "LineString", "coordinates": [ [ 5.3613025, 8.9551817 ], [ 5.3615546, 8.9553016 ], [ 5.3618535, 8.95532 ], [ 5.3619936, 8.9551724 ], [ 5.3620777, 8.9548864 ], [ 5.3619656, 8.9545451 ], [ 5.3613678, 8.9539823 ] ] } },
{ "type": "Feature", "properties": { "name": null, "waterway": "river" }, "geometry": { "type": "LineString", "coordinates": [ [ 5.3613025, 8.9551817 ], [ 5.3605626, 8.9550677 ], [ 5.3599836, 8.9551415 ], [ 5.3596006, 8.9554921 ], [ 5.3595259, 8.9559442 ], [ 5.3599369, 8.9567653 ], [ 5.3601984, 8.957162 ], [ 5.3607308, 8.9573835 ], [ 5.3613492, 8.9575066 ] ] } },
{ "type": "Feature", "properties": { "name": null, "waterway": "river" }, "geometry": { "type": "LineString", "coordinates": [ [ 5.3613492, 8.9575066 ], [ 5.362003, 8.9578388 ], [ 5.3624139, 8.9580048 ], [ 5.3627688, 8.9581063 ], [ 5.3629743, 8.9580694 ], [ 5.3631331, 8.9579587 ], [ 5.3631518, 8.9577742 ], [ 5.3628716, 8.9571837 ], [ 5.3626941, 8.9565471 ], [ 5.3627221, 8.9561227 ], [ 5.3628249, 8.9558921 ], [ 5.3632265, 8.9557998 ], [ 5.3638896, 8.9557629 ], [ 5.3646555, 8.9558275 ], [ 5.3654961, 8.9558644 ], [ 5.366206, 8.9560212 ], [ 5.3665702, 8.9562427 ], [ 5.366757, 8.9566025 ], [ 5.3666636, 8.9571007 ], [ 5.3663834, 8.9574605 ], [ 5.3661593, 8.9587153 ], [ 5.3662807, 8.9594441 ], [ 5.3663647, 8.959767 ], [ 5.3666543, 8.9600069 ], [ 5.3669812, 8.9600438 ], [ 5.3676537, 8.95997 ], [ 5.3680366, 8.9597762 ], [ 5.3683355, 8.9593334 ], [ 5.3686717, 8.9586691 ], [ 5.36912, 8.9580417 ], [ 5.3702315, 8.9569623 ], [ 5.3710067, 8.9567409 ], [ 5.3721742, 8.9570361 ], [ 5.3728654, 8.9575712 ], [ 5.3733791, 8.9581525 ], [ 5.3744345, 8.958706 ], [ 5.3756113, 8.9600623 ], [ 5.3757947, 8.9602196 ], [ 5.3759492, 8.9604485 ], [ 5.3756605, 8.961083 ], [ 5.374014, 8.9617416 ], [ 5.3725504, 8.9620589 ], [ 5.3720219, 8.9622717 ], [ 5.3717739, 8.9625167 ], [ 5.3717211, 8.9629022 ], [ 5.3719885, 8.9633464 ], [ 5.3728253, 8.9638762 ], [ 5.373512, 8.9642578 ], [ 5.3738553, 8.9645333 ], [ 5.3739948, 8.9646817 ], [ 5.3740055, 8.9648301 ], [ 5.373866, 8.9650314 ], [ 5.3734047, 8.9653175 ], [ 5.3730077, 8.9657733 ], [ 5.3728575, 8.9661018 ], [ 5.3728039, 8.9666317 ], [ 5.3729112, 8.9670556 ], [ 5.3729326, 8.9676279 ], [ 5.3726537, 8.9689102 ], [ 5.3724927, 8.969599 ], [ 5.3725571, 8.9702243 ], [ 5.3728468, 8.9709767 ], [ 5.3730936, 8.9715278 ], [ 5.3737695, 8.9719093 ] ] } },
{ "type": "Feature", "properties": { "name": null, "waterway": "river" }, "geometry": { "type": "LineString", "coordinates": [ [ 5.3508896, 8.9632888 ], [ 5.3512705, 8.9633206 ], [ 5.3515333, 8.9632146 ], [ 5.3515709, 8.9630079 ], [ 5.3514153, 8.9628278 ], [ 5.350954, 8.9624621 ], [ 5.350675, 8.962282 ], [ 5.3504658, 8.9619958 ], [ 5.3503692, 8.9616567 ], [ 5.3502459, 8.9612646 ], [ 5.3500635, 8.9611162 ], [ 5.3498274, 8.9611215 ], [ 5.3494036, 8.9612964 ], [ 5.3491032, 8.9615984 ], [ 5.3488243, 8.9619905 ], [ 5.3483308, 8.962531 ], [ 5.3480733, 8.962796 ], [ 5.3475476, 8.9631086 ], [ 5.3471023, 8.9633789 ], [ 5.3467, 8.9635961 ], [ 5.3464157, 8.9636756 ], [ 5.3460938, 8.9637392 ], [ 5.3457129, 8.9639035 ], [ 5.3454018, 8.9639829 ], [ 5.3447044, 8.9641366 ], [ 5.34405, 8.9641684 ], [ 5.3435457, 8.9642055 ], [ 5.3431004, 8.9642373 ], [ 5.3427142, 8.9642691 ], [ 5.3423548, 8.9643486 ], [ 5.3421563, 8.9645075 ], [ 5.3419739, 8.9650056 ], [ 5.3418291, 8.9655567 ], [ 5.341695, 8.9660389 ], [ 5.3414107, 8.9665423 ], [ 5.3412336, 8.9668178 ], [ 5.3410191, 8.9670563 ], [ 5.3408528, 8.9670934 ], [ 5.3405792, 8.967104 ], [ 5.3401876, 8.966945 ], [ 5.339635, 8.9666695 ], [ 5.3390128, 8.9663886 ], [ 5.3384173, 8.9660177 ], [ 5.3380364, 8.9658905 ], [ 5.3375966, 8.965917 ], [ 5.3371138, 8.9660813 ], [ 5.3365666, 8.9664045 ], [ 5.3359765, 8.9667701 ], [ 5.3355313, 8.9671941 ], [ 5.335306, 8.967618 ], [ 5.3351987, 8.9685876 ], [ 5.3350377, 8.9690751 ], [ 5.3346354, 8.969462 ], [ 5.3340775, 8.9699283 ], [ 5.3334445, 8.9700978 ], [ 5.3330368, 8.9702356 ] ] } },
{ "type": "Feature", "properties": { "name": null, "waterway": "river" }, "geometry": { "type": "LineString", "coordinates": [ [ 5.3612915, 8.9636605 ], [ 5.3619459, 8.963279 ], [ 5.3628042, 8.9628339 ], [ 5.3637484, 8.9626855 ], [ 5.364714, 8.9628869 ], [ 5.3658834, 8.9634592 ], [ 5.3664306, 8.9640845 ], [ 5.3670421, 8.9649853 ], [ 5.3674713, 8.9656847 ], [ 5.3678575, 8.9665431 ], [ 5.3681901, 8.9674016 ], [ 5.3684476, 8.968154 ], [ 5.3687265, 8.9687369 ], [ 5.3690368, 8.9690127 ], [ 5.3693703, 8.9693091 ], [ 5.370411, 8.9700298 ], [ 5.3712478, 8.9705491 ], [ 5.3721169, 8.9711743 ], [ 5.3730936, 8.9715278 ] ] } },
{ "type": "Feature", "properties": { "name": null, "waterway": "river" }, "geometry": { "type": "LineString", "coordinates": [ [ 5.3877449, 8.9701459 ], [ 5.3872407, 8.9696796 ], [ 5.386554, 8.9691497 ] ] } },
{ "type": "Feature", "properties": { "name": null, "waterway": "stream" }, "geometry": { "type": "LineString", "coordinates": [ [ 5.3690368, 8.9690127 ], [ 5.3684929, 8.9696698 ], [ 5.3681787, 8.9700776 ], [ 5.3683019, 8.9703271 ], [ 5.3683142, 8.970528 ], [ 5.3682156, 8.9706741 ], [ 5.3679322, 8.9708262 ], [ 5.3676241, 8.9709602 ] ] } },
{ "type": "Feature", "properties": { "name": null, "waterway": "river" }, "geometry": { "type": "LineString", "coordinates": [ [ 5.3400325, 8.9713046 ], [ 5.3397636, 8.9711788 ], [ 5.3393389, 8.9712976 ], [ 5.3389991, 8.9716892 ], [ 5.3388363, 8.9719549 ], [ 5.3386169, 8.9721017 ], [ 5.3383266, 8.9721297 ], [ 5.3380152, 8.9719269 ], [ 5.3378807, 8.9715983 ], [ 5.3377321, 8.9712067 ], [ 5.3375056, 8.9708222 ], [ 5.3372507, 8.9705215 ], [ 5.3369039, 8.9702978 ], [ 5.3364367, 8.9700671 ], [ 5.3359908, 8.9699272 ], [ 5.3356227, 8.9698293 ], [ 5.3352971, 8.9694448 ], [ 5.3350377, 8.9690751 ] ] } },
{ "type": "Feature", "properties": { "name": null, "waterway": "stream" }, "geometry": { "type": "LineString", "coordinates": [ [ 5.452376, 8.9606725 ], [ 5.4522693, 8.9601638 ], [ 5.4519194, 8.9597853 ], [ 5.4516825, 8.958885 ] ] } },
{ "type": "Feature", "properties": { "name": null, "waterway": "river" }, "geometry": { "type": "LineString", "coordinates": [ [ 5.4050911, 8.9594435 ], [ 5.4085518, 8.9584714 ], [ 5.4113916, 8.9582627 ], [ 5.4170318, 8.9594696 ], [ 5.4182668, 8.9611918 ], [ 5.4203802, 8.9617855 ] ] } },
{ "type": "Feature", "properties": { "name": null, "waterway": "river" }, "geometry": { "type": "LineString", "coordinates": [ [ 5.4050911, 8.9594435 ], [ 5.4030345, 8.9593129 ], [ 5.4028222, 8.9599842 ], [ 5.4021143, 8.9606134 ], [ 5.4012649, 8.9608372 ], [ 5.4003872, 8.960991 ], [ 5.3996534, 8.9614113 ] ] } },
{ "type": "Feature", "properties": { "name": null, "waterway": "river" }, "geometry": { "type": "LineString", "coordinates": [ [ 5.396961, 8.9605443 ], [ 5.3962958, 8.9604913 ], [ 5.3950298, 8.9612967 ], [ 5.393914, 8.9617948 ], [ 5.3934098, 8.9623247 ], [ 5.3923476, 8.9626639 ], [ 5.3918755, 8.9626321 ], [ 5.3910065, 8.963056 ] ] } },
{ "type": "Feature", "properties": { "name": null, "waterway": "river" }, "geometry": { "type": "LineString", "coordinates": [ [ 5.4490174, 8.9641296 ], [ 5.4494991, 8.9637663 ], [ 5.4496294, 8.9636347 ], [ 5.449707, 8.9635111 ], [ 5.4497971, 8.9634493 ], [ 5.4499172, 8.9633826 ], [ 5.4500423, 8.9633554 ], [ 5.450287, 8.9633236 ], [ 5.4502724, 8.9636229 ], [ 5.450205, 8.9637089 ], [ 5.450235, 8.9637954 ], [ 5.4503577, 8.9639709 ], [ 5.4504578, 8.9638028 ], [ 5.4505103, 8.9634938 ], [ 5.4505979, 8.9633109 ], [ 5.450869, 8.9630245 ], [ 5.4510798, 8.9625571 ], [ 5.4514429, 8.962088 ], [ 5.4516794, 8.9617708 ], [ 5.4519482, 8.9612577 ], [ 5.452376, 8.9606725 ] ] } },
{ "type": "Feature", "properties": { "name": null, "waterway": "stream" }, "geometry": { "type": "LineString", "coordinates": [ [ 5.4322836, 8.9605776 ], [ 5.4320333, 8.9601623 ], [ 5.4317631, 8.9601425 ], [ 5.4316029, 8.9604491 ], [ 5.431663, 8.960983 ], [ 5.4320033, 8.961428 ], [ 5.4323136, 8.9617148 ], [ 5.4322836, 8.9620609 ], [ 5.4319533, 8.9623971 ], [ 5.431743, 8.9626541 ], [ 5.4318031, 8.9629409 ], [ 5.4322536, 8.9632573 ], [ 5.432694, 8.9633562 ], [ 5.4332546, 8.9631584 ], [ 5.433625, 8.9632474 ], [ 5.4337451, 8.9635935 ], [ 5.4335149, 8.9640484 ], [ 5.4335649, 8.964256 ], [ 5.4337651, 8.9643252 ], [ 5.4339854, 8.9641571 ], [ 5.4344759, 8.9637023 ], [ 5.434646, 8.9633265 ], [ 5.434566, 8.9627332 ], [ 5.4347762, 8.9623971 ], [ 5.4353067, 8.961962 ], [ 5.4357071, 8.9614873 ], [ 5.4359374, 8.96125 ], [ 5.4364079, 8.9610028 ], [ 5.4370886, 8.9608644 ], [ 5.4375591, 8.9609336 ], [ 5.4380295, 8.9613094 ], [ 5.4385301, 8.9618137 ], [ 5.4386001, 8.9622191 ], [ 5.4384199, 8.9626739 ], [ 5.4384099, 8.96302 ], [ 5.4386702, 8.9635045 ], [ 5.4389044, 8.9642033 ], [ 5.4389444, 8.9649449 ], [ 5.4393949, 8.9653701 ], [ 5.440416, 8.9652515 ], [ 5.4412268, 8.9651427 ], [ 5.4412568, 8.9647175 ], [ 5.4409265, 8.9641539 ], [ 5.4409165, 8.9637386 ], [ 5.4412969, 8.9635903 ], [ 5.4419976, 8.9640847 ], [ 5.4430387, 8.9638474 ], [ 5.4436493, 8.9640847 ], [ 5.4439547, 8.9649252 ], [ 5.4448356, 8.9650438 ], [ 5.4456464, 8.965024 ], [ 5.4464873, 8.9651229 ], [ 5.4470279, 8.9647274 ], [ 5.4471079, 8.9642033 ], [ 5.4465774, 8.9637386 ], [ 5.4464673, 8.9631255 ], [ 5.4465974, 8.9626608 ], [ 5.4473582, 8.9622949 ], [ 5.4476885, 8.9619785 ], [ 5.4476985, 8.9616621 ], [ 5.4473582, 8.9614248 ], [ 5.4468877, 8.9612369 ], [ 5.4466174, 8.9608414 ], [ 5.4467376, 8.9603173 ], [ 5.4473081, 8.9600899 ], [ 5.4477386, 8.9602481 ], [ 5.448109, 8.9604557 ], [ 5.4487897, 8.9600997 ], [ 5.44907, 8.9596152 ] ] } },
{ "type": "Feature", "properties": { "name": null, "waterway": "stream" }, "geometry": { "type": "LineString", "coordinates": [ [ 5.4203802, 8.9617855 ], [ 5.4206268, 8.9621272 ], [ 5.4203362, 8.9627013 ], [ 5.4204023, 8.9630405 ], [ 5.4201249, 8.9646845 ], [ 5.4206797, 8.9657546 ], [ 5.4209901, 8.9658524 ], [ 5.4223659, 8.9649522 ], [ 5.4226499, 8.9648152 ], [ 5.4232179, 8.9649913 ], [ 5.4237462, 8.9647565 ], [ 5.4241491, 8.9643324 ], [ 5.4249555, 8.9646717 ], [ 5.4251867, 8.9662308 ], [ 5.4264436, 8.9663221 ], [ 5.4282135, 8.9657872 ], [ 5.4308313, 8.9661982 ] ] } },
{ "type": "Feature", "properties": { "name": null, "waterway": "stream" }, "geometry": { "type": "LineString", "coordinates": [ [ 5.4308313, 8.9661982 ], [ 5.4322943, 8.9649822 ], [ 5.4328489, 8.9637648 ], [ 5.432694, 8.9633562 ] ] } },
{ "type": "Feature", "properties": { "name": null, "waterway": "stream" }, "geometry": { "type": "LineString", "coordinates": [ [ 5.4516947, 8.966186 ], [ 5.4513922, 8.965567 ], [ 5.4514322, 8.9652353 ], [ 5.4515894, 8.9650983 ], [ 5.4515401, 8.9649501 ], [ 5.4510594, 8.9647675 ], [ 5.4508838, 8.9645454 ], [ 5.450511, 8.964311 ], [ 5.4503577, 8.9639709 ] ] } },
{ "type": "Feature", "properties": { "name": null, "waterway": "stream" }, "geometry": { "type": "LineString", "coordinates": [ [ 5.4231387, 8.96683 ], [ 5.4245902, 8.9661972 ], [ 5.4251867, 8.9662308 ] ] } },
{ "type": "Feature", "properties": { "name": null, "waterway": "river" }, "geometry": { "type": "LineString", "coordinates": [ [ 5.3918112, 8.9684714 ], [ 5.3925836, 8.9682595 ], [ 5.3932059, 8.9681959 ], [ 5.3936312, 8.968314 ] ] } },
{ "type": "Feature", "properties": { "name": null, "waterway": "river" }, "geometry": { "type": "LineString", "coordinates": [ [ 5.3984845, 8.9667758 ], [ 5.3971219, 8.9668182 ], [ 5.3949118, 8.9672739 ], [ 5.3938282, 8.9676978 ], [ 5.3936312, 8.968314 ], [ 5.3935707, 8.9685032 ], [ 5.3933239, 8.9692663 ], [ 5.3922403, 8.9699975 ], [ 5.3910923, 8.970538 ], [ 5.3898263, 8.970538 ], [ 5.3883994, 8.97022 ], [ 5.3877449, 8.9701459 ], [ 5.3872621, 8.9704002 ], [ 5.3861463, 8.970432 ], [ 5.3847623, 8.970432 ] ] } },
{ "type": "Feature", "properties": { "name": null, "waterway": "river" }, "geometry": { "type": "LineString", "coordinates": [ [ 5.4040423, 8.9754448 ], [ 5.403743, 8.9754208 ], [ 5.4032511, 8.9754007 ], [ 5.4029991, 8.9753284 ], [ 5.4027226, 8.9751477 ], [ 5.4025722, 8.9749951 ], [ 5.4022307, 8.9746377 ], [ 5.4020234, 8.9745012 ], [ 5.4019095, 8.9744329 ], [ 5.4015152, 8.9740916 ], [ 5.4011452, 8.9738105 ], [ 5.4007305, 8.9737021 ], [ 5.400385, 8.9736739 ], [ 5.3998361, 8.9737221 ], [ 5.3995353, 8.973682 ], [ 5.3990962, 8.9735013 ], [ 5.3986856, 8.9732402 ], [ 5.3983766, 8.9731399 ], [ 5.3981083, 8.9731077 ], [ 5.3979538, 8.9730234 ], [ 5.3977749, 8.9727503 ], [ 5.3976448, 8.9724291 ], [ 5.3974172, 8.9720958 ], [ 5.3970269, 8.9719954 ], [ 5.3967464, 8.9720797 ], [ 5.3966285, 8.9723929 ], [ 5.3965716, 8.9727543 ], [ 5.3966, 8.9730475 ], [ 5.3966732, 8.9735173 ], [ 5.3966813, 8.9738065 ], [ 5.3966447, 8.9741478 ], [ 5.3965553, 8.9745293 ], [ 5.396413, 8.9746979 ], [ 5.3962992, 8.9748305 ], [ 5.3959617, 8.9751236 ], [ 5.3955755, 8.9754288 ], [ 5.395234, 8.9756256 ], [ 5.3948234, 8.9757661 ], [ 5.3945185, 8.9758143 ], [ 5.3942055, 8.9758384 ], [ 5.3937908, 8.9758424 ], [ 5.3935509, 8.975734 ], [ 5.3931972, 8.9756216 ], [ 5.3929533, 8.9755493 ], [ 5.3926972, 8.9754971 ], [ 5.3924776, 8.9755934 ], [ 5.3924288, 8.9757019 ], [ 5.3924288, 8.9759147 ] ] } },
{ "type": "Feature", "properties": { "name": "Le Niger", "waterway": "river" }, "geometry": { "type": "MultiLineString", "coordinates": [ [ [ 4.804706587628648, 9.136366844 ], [ 4.806025, 9.1360375 ], [ 4.806776, 9.1355926 ], [ 4.8078918, 9.134724 ], [ 4.8089433, 9.1338554 ], [ 4.8105526, 9.1322453 ], [ 4.811368, 9.1317156 ], [ 4.8127627, 9.1309953 ], [ 4.8137712, 9.1306775 ], [ 4.8150372, 9.1304657 ], [ 4.8182559, 9.1302538 ], [ 4.8197755, 9.1302734 ], [ 4.8233628, 9.1301267 ], [ 4.825294, 9.1301267 ], [ 4.8272252, 9.1302962 ], [ 4.8287272, 9.1304233 ], [ 4.8308086, 9.1308682 ], [ 4.8324394, 9.1315038 ], [ 4.8341131, 9.1325207 ], [ 4.8351001, 9.1334952 ], [ 4.8362159, 9.1348935 ], [ 4.8377505, 9.1365493 ], [ 4.8394346, 9.1377323 ], [ 4.841067709075629, 9.13872903446461 ] ], [ [ 4.848667378562606, 9.141674381255319 ], [ 4.8546442, 9.1436414 ], [ 4.862125, 9.1471261 ], [ 4.8639139, 9.1480478 ], [ 4.8646688, 9.1487062 ], [ 4.8657417, 9.150062 ], [ 4.867100180834367, 9.151701339646261 ] ], [ [ 4.87652157679532, 9.160795789560181 ], [ 4.88044157406185, 9.163719011630842 ] ], [ [ 4.915269945332838, 9.173004734381738 ], [ 4.9153947, 9.172983 ], [ 4.9178986, 9.1718756 ], [ 4.9184314, 9.1716307 ], [ 4.9211883, 9.17078 ], [ 4.9245786, 9.1701021 ], [ 4.9268102, 9.1703987 ], [ 4.9298572, 9.171246 ], [ 4.9374961, 9.174593 ], [ 4.9417448, 9.177262 ], [ 4.9497699, 9.1821341 ], [ 4.9592542, 9.1890819 ], [ 4.9650478, 9.1937844 ], [ 4.9701146, 9.1987023 ], [ 4.975600324115831, 9.201677395058743 ] ], [ [ 5.055891647374868, 9.176318637533054 ], [ 5.0561142, 9.1751225 ], [ 5.056715, 9.1716273 ], [ 5.0579166, 9.1684922 ], [ 5.0597087, 9.164174 ], [ 5.0617361, 9.1612049 ], [ 5.0645152, 9.1589204 ], [ 5.073688, 9.1545743 ], [ 5.0765204, 9.1534303 ], [ 5.0814771, 9.1511212 ], [ 5.086112, 9.1482189 ], [ 5.091691, 9.1444692 ], [ 5.0991154, 9.1392788 ], [ 5.1024198, 9.1376052 ], [ 5.1075053, 9.1355926 ], [ 5.107794214150035, 9.135530683860623 ] ], [ [ 5.198566901591435, 9.051253733785931 ], [ 5.2014002, 9.0460075 ], [ 5.203855556672696, 9.043027166262048 ] ], [ [ 5.229601936367321, 9.024254216879658 ], [ 5.2324104, 9.0216177 ], [ 5.2333116, 9.0210243 ], [ 5.2348995, 9.0203038 ], [ 5.236054136986513, 9.019952917844249 ] ], [ [ 5.284881231110439, 9.010556500004382 ], [ 5.2944208, 9.0050346 ], [ 5.295172218076645, 9.004638167276008 ] ], [ [ 5.298362671621675, 9.00295494959874 ], [ 5.3009891, 9.0015693 ], [ 5.3095507, 8.9967796 ], [ 5.3106558, 8.9962921 ], [ 5.3123915, 8.9954536 ], [ 5.3141212, 8.9947026 ], [ 5.3171897, 8.9941515 ], [ 5.320404841383779, 8.993828546751471 ] ], [ [ 5.329063871074629, 8.994560422762525 ], [ 5.3343773, 8.9954443 ], [ 5.3399777, 8.9961437 ], [ 5.3475523, 8.9971822 ], [ 5.3507495, 8.9975849 ], [ 5.3534746, 8.9976485 ], [ 5.354941856967717, 8.997821789581087 ] ], [ [ 5.380638514207489, 8.987841951097021 ], [ 5.3824854, 8.9860766 ], [ 5.3853392, 8.9842115 ], [ 5.3881073, 8.9826431 ], [ 5.3895986, 8.9823252 ], [ 5.3922163, 8.9820258 ], [ 5.3930211, 8.9819861 ], [ 5.394571507376916, 8.982004234922716 ] ], [ [ 5.455668638727466, 8.969229048627131 ], [ 5.458231, 8.9646061 ], [ 5.459454, 8.962105 ], [ 5.4603123, 8.9604094 ], [ 5.4617929, 8.9581202 ], [ 5.4653449, 8.9544784 ], [ 5.4698396, 8.9508287 ], [ 5.470956591766286, 8.95020505569469 ] ], [ [ 5.533979929277333, 8.934330241072532 ], [ 5.5348348, 8.9334685 ], [ 5.5372166, 8.929547 ], [ 5.5393839, 8.9256678 ], [ 5.5409932, 8.92376 ], [ 5.541770507619955, 8.923060994384421 ] ], [ [ 5.563529281826041, 8.89859438558824 ], [ 5.5657124, 8.89476 ], [ 5.5673647, 8.8930217 ], [ 5.5694675, 8.8914529 ], [ 5.5738234, 8.8890149 ], [ 5.578823, 8.8871493 ], [ 5.5822778, 8.8861529 ], [ 5.5852604, 8.8855169 ], [ 5.585560370821528, 8.885473757572317 ] ], [ [ 5.613133288992779, 8.859344394733618 ], [ 5.6142282, 8.8578497 ], [ 5.6168031, 8.8546694 ], [ 5.623455, 8.8476727 ], [ 5.6268024, 8.845086 ], [ 5.633760448022534, 8.841619537990432 ] ], [ [ 5.66142537246573, 8.831399854424626 ], [ 5.6621432, 8.8309648 ], [ 5.6668854, 8.8290353 ], [ 5.6698465, 8.828272 ], [ 5.6724858, 8.8278903 ], [ 5.6763267, 8.8277843 ], [ 5.6804466, 8.8280812 ], [ 5.6839495, 8.8286166 ], [ 5.684462068851122, 8.82876536628036 ] ], [ [ 5.726000229326246, 8.821260140651788 ], [ 5.728383, 8.8191756 ], [ 5.729176227315624, 8.818484647747336 ] ], [ [ 5.749021070727195, 8.78893867019074 ], [ 5.7508707, 8.7852477 ], [ 5.7543897, 8.7767652 ], [ 5.7548296, 8.7759382 ], [ 5.755138, 8.7755866 ], [ 5.755806, 8.7748248 ], [ 5.7587671, 8.7720998 ], [ 5.7606808, 8.7704076 ], [ 5.7620287, 8.7692157 ], [ 5.7625654, 8.768654 ], [ 5.7638097, 8.7670738 ], [ 5.7648181, 8.7652288 ], [ 5.7657194, 8.7628112 ], [ 5.7667064, 8.7594604 ], [ 5.7670578, 8.7583574 ], [ 5.767436, 8.75717 ], [ 5.7682943, 8.7554097 ], [ 5.7694101, 8.7541161 ], [ 5.7707405, 8.7530133 ], [ 5.7730794, 8.751656 ], [ 5.7776284, 8.7495776 ], [ 5.7803926, 8.7484273 ], [ 5.7845592, 8.7466933 ], [ 5.7935929, 8.7426425 ], [ 5.8001791, 8.740171 ], [ 5.8025408, 8.7396734 ], [ 5.8038711, 8.7394188 ], [ 5.8081198, 8.7385917 ], [ 5.8116174, 8.7383584 ], [ 5.816338, 8.73821 ], [ 5.8205223, 8.7389098 ], [ 5.8295345, 8.74137 ], [ 5.8348989, 8.7429607 ], [ 5.837699029549456, 8.743503593090564 ] ], [ [ 5.847106291794634, 8.744067933978025 ], [ 5.8479452, 8.7440423 ], [ 5.8538246, 8.743809 ], [ 5.860691, 8.7436393 ], [ 5.8681154, 8.7436393 ], [ 5.8710336, 8.7440211 ], [ 5.8754968, 8.7446998 ], [ 5.8815479, 8.7461419 ], [ 5.88247935025661, 8.746438102389511 ] ], [ [ 5.898484906972733, 8.749348516184538 ], [ 5.9024906, 8.74962 ], [ 5.902989306409436, 8.749603009664808 ] ], [ [ 5.931097389282479, 8.743718034426886 ], [ 5.9339475, 8.7433424 ], [ 5.9366512, 8.7433424 ], [ 5.9393978, 8.7435969 ], [ 5.944333, 8.745336 ], [ 5.945784, 8.745982 ], [ 5.9467149, 8.7463964 ], [ 5.949676, 8.7481142 ], [ 5.9529161, 8.7506168 ], [ 5.953264059547438, 8.750885945657412 ] ], [ [ 5.988705246055264, 8.750780651617699 ], [ 5.9924626, 8.7481355 ], [ 5.9938788, 8.7483475 ], [ 5.9948444, 8.7486869 ], [ 5.9961104, 8.7491747 ], [ 6.000214687080033, 8.751712367031505 ] ], [ [ 6.034271980108666, 8.758960724000019 ], [ 6.0359573, 8.7582728 ], [ 6.0384464, 8.7575093 ], [ 6.0404634, 8.7567458 ], [ 6.0432529, 8.7559824 ], [ 6.0454845, 8.7556006 ], [ 6.0478878, 8.7554734 ], [ 6.0528659, 8.7556431 ], [ 6.0593891, 8.7565338 ], [ 6.0657405, 8.7577638 ], [ 6.0696888, 8.7590363 ], [ 6.073607599318902, 8.759908387358074 ] ] ] } },
{ "type": "Feature", "properties": { "name": null, "waterway": "river" }, "geometry": { "type": "LineString", "coordinates": [ [ 5.7002038, 8.8085894 ], [ 5.7011479, 8.8075821 ], [ 5.7032347, 8.8073436 ], [ 5.7056755, 8.8081759 ], [ 5.7103264, 8.8084197 ], [ 5.7109165, 8.8080433 ], [ 5.7128329, 8.808284 ], [ 5.713541, 8.8086233 ], [ 5.714571, 8.8091746 ], [ 5.7155366, 8.8093867 ], [ 5.7168455, 8.8096835 ] ] } },
{ "type": "Feature", "properties": { "name": null, "waterway": "river" }, "geometry": { "type": "LineString", "coordinates": [ [ 5.760723009738612, 8.773675348398939 ], [ 5.7607198, 8.7732873 ], [ 5.7606808, 8.7704076 ] ] } },
{ "type": "Feature", "properties": { "name": null, "waterway": "river" }, "geometry": { "type": "LineString", "coordinates": [ [ 5.70446668614882, 8.828584685439743 ], [ 5.706625, 8.827127 ], [ 5.7102213, 8.8245038 ], [ 5.713265, 8.8225033 ], [ 5.7163512, 8.8210204 ], [ 5.7210512, 8.8201811 ], [ 5.7244777, 8.8194937 ], [ 5.728383, 8.8191756 ] ] } },
{ "type": "Feature", "properties": { "name": "Kaduna", "waterway": "river" }, "geometry": { "type": "LineString", "coordinates": [ [ 5.802134109224252, 8.742063755270829 ], [ 5.8038711, 8.7394188 ] ] } },
{ "type": "Feature", "properties": { "name": null, "waterway": "stream" }, "geometry": { "type": "LineString", "coordinates": [ [ 2.9099983, 9.08599872638859 ], [ 2.9099983, 9.0858827 ], [ 2.9100305, 9.0857608 ], [ 2.9100788, 9.0856549 ], [ 2.9101914, 9.0853847 ], [ 2.9102719, 9.0851993 ], [ 2.9103094, 9.0850192 ], [ 2.9103041, 9.0848868 ], [ 2.9102826, 9.0847438 ], [ 2.9102236, 9.0845001 ], [ 2.9101968, 9.0843041 ], [ 2.9102075, 9.0841187 ], [ 2.9102772, 9.0837002 ], [ 2.9103255, 9.0835042 ], [ 2.9103738, 9.0833559 ], [ 2.9104489, 9.0831705 ], [ 2.9104918, 9.0830169 ], [ 2.9105133, 9.0828262 ], [ 2.910524, 9.0826408 ], [ 2.9105133, 9.0824501 ], [ 2.9104972, 9.0821959 ], [ 2.9104865, 9.0819893 ], [ 2.9104972, 9.0818198 ], [ 2.9105508, 9.0816449 ], [ 2.9106367, 9.081486 ], [ 2.9107171, 9.0813536 ], [ 2.9108244, 9.0812159 ], [ 2.9108781, 9.0811205 ], [ 2.9109263, 9.0810146 ], [ 2.9109746, 9.0808398 ], [ 2.9110122, 9.0806968 ], [ 2.9110819, 9.0805484 ], [ 2.9112589, 9.0802624 ], [ 2.911436, 9.0800187 ], [ 2.9115111, 9.0798704 ], [ 2.9115647, 9.079685 ], [ 2.9115808, 9.0795684 ], [ 2.9115915, 9.079436 ], [ 2.9115325, 9.0793619 ], [ 2.9114574, 9.0792983 ], [ 2.9113609, 9.0792029 ], [ 2.9113018, 9.079097 ], [ 2.9112697, 9.078901 ], [ 2.9112643, 9.0787474 ], [ 2.9112804, 9.0786361 ], [ 2.9113501, 9.0784031 ], [ 2.911452, 9.0782124 ], [ 2.9116398, 9.0778786 ], [ 2.9118061, 9.0775608 ], [ 2.9119563, 9.0773171 ], [ 2.9120958, 9.0771105 ], [ 2.9122299, 9.0769145 ], [ 2.9123372, 9.076745 ], [ 2.9124337, 9.0765437 ], [ 2.9125035, 9.0763318 ] ] } },
{ "type": "Feature", "properties": { "name": null, "waterway": "stream" }, "geometry": { "type": "LineString", "coordinates": [ [ 3.0990082, 9.1196237 ], [ 3.0991208, 9.1197084 ], [ 3.0991906, 9.1197826 ], [ 3.0992281, 9.1198726 ], [ 3.0992603, 9.1199732 ], [ 3.0993247, 9.1201374 ], [ 3.0993783, 9.1202222 ], [ 3.0994803, 9.120344 ], [ 3.0995366, 9.1204102 ], [ 3.0995983, 9.1204632 ], [ 3.0996573, 9.1205161 ], [ 3.0997109, 9.1205612 ] ] } },
{ "type": "Feature", "properties": { "name": null, "waterway": "stream" }, "geometry": { "type": "LineString", "coordinates": [ [ 3.0997109, 9.1205612 ], [ 3.0998102, 9.1206671 ] ] } },
{ "type": "Feature", "properties": { "name": null, "waterway": "stream" }, "geometry": { "type": "LineString", "coordinates": [ [ 3.0998102, 9.1206671 ], [ 3.0998504, 9.1207412 ], [ 3.0998987, 9.1208895 ], [ 3.0999738, 9.1210061 ], [ 3.1000543, 9.1210988 ], [ 3.1001669, 9.1212073 ], [ 3.1002796, 9.121398 ], [ 3.1004137, 9.1215622 ], [ 3.1005424, 9.1217423 ], [ 3.1006819, 9.1219859 ], [ 3.1008053, 9.1221925 ], [ 3.1008643, 9.1223461 ], [ 3.1008804, 9.1224997 ], [ 3.1008804, 9.1226904 ], [ 3.1009072, 9.1228334 ], [ 3.1009233, 9.1229764 ], [ 3.1009823, 9.1231353 ], [ 3.1010359, 9.1233154 ], [ 3.1011057, 9.1233948 ], [ 3.1012076, 9.1234637 ], [ 3.1013203, 9.123559 ], [ 3.1013846, 9.1236861 ], [ 3.1014597, 9.1238397 ], [ 3.1014544, 9.1240251 ], [ 3.1014115, 9.1242317 ], [ 3.1013578, 9.1243588 ], [ 3.1013364, 9.1245283 ], [ 3.1013524, 9.1247243 ], [ 3.1014061, 9.1248249 ], [ 3.1014651, 9.1249997 ], [ 3.101508, 9.125148 ], [ 3.1015406, 9.125399 ] ] } },
{ "type": "Feature", "properties": { "name": null, "waterway": "stream" }, "geometry": { "type": "LineString", "coordinates": [ [ 3.098528034057859, 9.148317600190948 ], [ 3.0985415, 9.1483195 ], [ 3.0986971, 9.1483301 ] ] } },
{ "type": "Feature", "properties": { "name": "Soki", "waterway": "stream" }, "geometry": { "type": "LineString", "coordinates": [ [ 3.1091094, 9.1106352 ], [ 3.1089592, 9.1108683 ], [ 3.108927, 9.1110695 ], [ 3.1089055, 9.1112708 ], [ 3.1089055, 9.1113979 ], [ 3.1088412, 9.1115886 ], [ 3.1087983, 9.111864 ], [ 3.1088197, 9.1121077 ], [ 3.1088519, 9.1124467 ], [ 3.1089055, 9.1127115 ], [ 3.1089699, 9.1129869 ], [ 3.1089914, 9.11322 ], [ 3.1090665, 9.1135378 ], [ 3.1091845, 9.1139404 ], [ 3.1092596, 9.1141522 ], [ 3.1092703, 9.1144065 ], [ 3.1092489, 9.1145971 ], [ 3.109163, 9.1148196 ], [ 3.1089699, 9.1150738 ], [ 3.1087446, 9.1153387 ], [ 3.1084764, 9.1157624 ], [ 3.1083476, 9.1159637 ], [ 3.108176, 9.1162391 ], [ 3.1080365, 9.1165675 ], [ 3.1079507, 9.1169383 ], [ 3.1079399, 9.1171395 ], [ 3.1078756, 9.1175315 ], [ 3.1077468, 9.1177751 ], [ 3.1075966, 9.11804 ], [ 3.1074464, 9.1182306 ], [ 3.1073499, 9.118559 ], [ 3.1073069, 9.1188557 ], [ 3.1072426, 9.1191417 ], [ 3.1072426, 9.1194595 ], [ 3.1072318, 9.1197137 ], [ 3.1071675, 9.1199785 ], [ 3.1070495, 9.1202434 ], [ 3.1069207, 9.1205294 ], [ 3.1068778, 9.1207942 ], [ 3.1067598, 9.1211332 ], [ 3.1066096, 9.121451 ], [ 3.1064379, 9.1216628 ], [ 3.106159, 9.1218959 ], [ 3.1058049, 9.1221713 ], [ 3.105483, 9.122415 ], [ 3.105011, 9.1228281 ], [ 3.1047428, 9.1230611 ], [ 3.1044316, 9.1233048 ], [ 3.1040561, 9.1236226 ], [ 3.1036806, 9.123898 ], [ 3.1033051, 9.1241946 ], [ 3.1030261, 9.1244277 ], [ 3.1028116, 9.1246183 ], [ 3.1024897, 9.1249361 ], [ 3.1021571, 9.1251374 ], [ 3.1017387, 9.1253175 ], [ 3.1015406, 9.125399 ], [ 3.1013524, 9.1254764 ], [ 3.1011486, 9.1256564 ], [ 3.1009984, 9.1259001 ], [ 3.1009233, 9.1261437 ], [ 3.1008804, 9.1263556 ], [ 3.1007409, 9.126631 ], [ 3.1003332, 9.1270865 ], [ 3.1000757, 9.1273937 ], [ 3.0999255, 9.1276267 ], [ 3.0997109, 9.1279657 ], [ 3.0995929, 9.1282729 ], [ 3.0995607, 9.1287496 ], [ 3.0995285, 9.1292898 ], [ 3.0995017, 9.1297877 ], [ 3.0994642, 9.130132 ], [ 3.0994481, 9.1303968 ], [ 3.0994159, 9.130704 ], [ 3.0994052, 9.13099 ], [ 3.0993408, 9.131419 ], [ 3.0993247, 9.1315514 ], [ 3.0992442, 9.1319434 ], [ 3.0991799, 9.1321923 ], [ 3.0990833, 9.132383 ], [ 3.0990404, 9.132563 ], [ 3.0990404, 9.1327007 ], [ 3.0990887, 9.1328279 ], [ 3.0991691, 9.1329973 ], [ 3.0992871, 9.1331615 ], [ 3.0993462, 9.1333522 ], [ 3.0994052, 9.1335535 ], [ 3.0994052, 9.1337653 ], [ 3.0993569, 9.1339772 ], [ 3.0993247, 9.1342367 ], [ 3.0993247, 9.1344909 ], [ 3.0993515, 9.1346498 ], [ 3.0994213, 9.134904 ], [ 3.0994856, 9.1351689 ], [ 3.0995017, 9.1353172 ], [ 3.0994213, 9.1356773 ], [ 3.0993622, 9.1358733 ], [ 3.0992764, 9.1361275 ], [ 3.0992389, 9.1362758 ], [ 3.0992389, 9.136387 ], [ 3.0992764, 9.1365406 ], [ 3.0994052, 9.1367525 ], [ 3.0995178, 9.1368584 ], [ 3.0996036, 9.1369484 ], [ 3.0996787, 9.1370809 ], [ 3.0997163, 9.137245 ], [ 3.0996734, 9.1377164 ], [ 3.0996627, 9.13787 ], [ 3.0996948, 9.1380872 ], [ 3.0997163, 9.1382672 ], [ 3.0997753, 9.1385426 ], [ 3.0998129, 9.1387386 ], [ 3.0998665, 9.1389716 ], [ 3.099888, 9.1391358 ], [ 3.099888, 9.1392682 ], [ 3.099888, 9.1394589 ], [ 3.0999201, 9.139639 ], [ 3.0999577, 9.1397979 ], [ 3.1000113, 9.1399356 ], [ 3.1001025, 9.1401686 ], [ 3.100183, 9.1404175 ], [ 3.1002366, 9.1405923 ], [ 3.1002635, 9.1407459 ], [ 3.1002635, 9.1409207 ], [ 3.1002206, 9.1410955 ], [ 3.1001937, 9.1412491 ], [ 3.1002045, 9.1414344 ], [ 3.1002581, 9.1415615 ], [ 3.1003064, 9.1416939 ], [ 3.1002957, 9.1419217 ], [ 3.1002152, 9.1421282 ], [ 3.1001723, 9.1421971 ], [ 3.1000489, 9.1423507 ], [ 3.0999738, 9.1425308 ], [ 3.0999738, 9.1426738 ], [ 3.0999792, 9.1428591 ], [ 3.0999041, 9.1430869 ], [ 3.0997914, 9.1433623 ], [ 3.0996841, 9.1435582 ], [ 3.0996519, 9.1437542 ], [ 3.0996627, 9.1440349 ], [ 3.0996627, 9.144215 ], [ 3.0997002, 9.144395 ], [ 3.0997753, 9.1446334 ], [ 3.0997914, 9.1448558 ], [ 3.0997431, 9.1449988 ], [ 3.0997163, 9.1451365 ], [ 3.0997539, 9.1453378 ], [ 3.0997592, 9.1454861 ], [ 3.0997699, 9.1456132 ], [ 3.099727, 9.1457562 ], [ 3.0996519, 9.1458674 ], [ 3.0995232, 9.1459574 ], [ 3.0993837, 9.1461216 ], [ 3.0992925, 9.1463123 ], [ 3.0992818, 9.1464129 ], [ 3.0992228, 9.1465347 ], [ 3.0991208, 9.1466724 ], [ 3.0990565, 9.1466989 ], [ 3.0989385, 9.1467942 ], [ 3.0988795, 9.1469478 ], [ 3.0988902, 9.1470696 ], [ 3.0989116, 9.1471808 ], [ 3.0989063, 9.1472974 ], [ 3.0988473, 9.1474033 ], [ 3.0987346, 9.1476098 ], [ 3.0986756, 9.1477475 ], [ 3.0986273, 9.1478694 ], [ 3.0986327, 9.1480388 ], [ 3.0986541, 9.1482083 ], [ 3.0986971, 9.1483301 ], [ 3.098799, 9.1483937 ], [ 3.0989224, 9.1484678 ], [ 3.0989867, 9.1485896 ], [ 3.0990082, 9.148722 ], [ 3.0989438, 9.1489286 ], [ 3.098909145140984, 9.149099693220039 ] ] } },
{ "type": "Feature", "properties": { "name": null, "waterway": "stream" }, "geometry": { "type": "LineString", "coordinates": [ [ 3.1282282, 9.1889548 ], [ 3.12796, 9.1889231 ], [ 3.127681, 9.1888807 ], [ 3.1274021, 9.1887854 ], [ 3.1270587, 9.1887006 ], [ 3.1268442, 9.1886371 ], [ 3.1264901, 9.1885841 ], [ 3.1262755, 9.1885841 ], [ 3.1260073, 9.1885841 ], [ 3.1255996, 9.1885735 ], [ 3.1253099, 9.1885312 ], [ 3.1249452, 9.1884359 ], [ 3.1246769, 9.1883511 ], [ 3.1244838, 9.1882876 ], [ 3.1243658, 9.1882452 ], [ 3.1240547, 9.1881817 ], [ 3.1237704, 9.1881287 ], [ 3.1235719, 9.1880916 ], [ 3.1232822, 9.1880334 ], [ 3.1231373, 9.1879698 ], [ 3.1229871, 9.1878904 ], [ 3.1228101, 9.1877792 ], [ 3.1226492, 9.1876627 ], [ 3.1224185, 9.1876097 ], [ 3.1221932, 9.1876309 ], [ 3.1220269, 9.1876839 ], [ 3.1218499, 9.1877633 ], [ 3.1217265, 9.1878586 ], [ 3.1215924, 9.1879698 ], [ 3.1213456, 9.1880705 ], [ 3.1212974, 9.1880969 ], [ 3.1211954, 9.1881976 ], [ 3.121123832472086, 9.18827640642421 ] ] } },
{ "type": "Feature", "properties": { "name": null, "waterway": "stream" }, "geometry": { "type": "LineString", "coordinates": [ [ 3.1259751, 9.2005731 ], [ 3.1260073, 9.2007532 ], [ 3.1261146, 9.2010391 ], [ 3.1262433, 9.2012721 ], [ 3.1262755, 9.2014733 ], [ 3.1262755, 9.2017911 ], [ 3.1262112, 9.2021406 ], [ 3.1261146, 9.2024371 ], [ 3.1259644, 9.2027548 ], [ 3.1258464, 9.203062 ], [ 3.1257176, 9.2033479 ], [ 3.1255567, 9.2036339 ], [ 3.1252563, 9.2039516 ], [ 3.1248915, 9.2042058 ], [ 3.1247198, 9.2042799 ], [ 3.1244087, 9.2043858 ], [ 3.1239903, 9.2044705 ], [ 3.123901705268997, 9.204469284331198 ] ] } },
{ "type": "Feature", "properties": { "name": null, "waterway": "stream" }, "geometry": { "type": "LineString", "coordinates": [ [ 3.1238079, 9.2102954 ], [ 3.1236255, 9.2102954 ], [ 3.123484417050244, 9.210288431317487 ] ] } },
{ "type": "Feature", "properties": { "name": "Moshi", "waterway": "river" }, "geometry": { "type": "LineString", "coordinates": [ [ 3.2018725, 9.2414018 ], [ 3.2052495, 9.2433979 ], [ 3.2073411, 9.2453267 ], [ 3.209209, 9.246076 ], [ 3.2106738, 9.2465069 ], [ 3.2124871, 9.24736 ], [ 3.2162636, 9.2478683 ], [ 3.2191819, 9.2505792 ], [ 3.2221001, 9.2526123 ], [ 3.2270783, 9.2551537 ], [ 3.2317131, 9.2578646 ], [ 3.237378, 9.261253 ], [ 3.2416695, 9.2634555 ], [ 3.2447594, 9.2639638 ], [ 3.247506, 9.2632861 ] ] } },
{ "type": "Feature", "properties": { "name": null, "waterway": "stream" }, "geometry": { "type": "LineString", "coordinates": [ [ 3.1582904, 9.2543756 ], [ 3.1581294, 9.2543703 ], [ 3.1580222, 9.2543333 ], [ 3.1578988, 9.2543015 ], [ 3.1578237, 9.2542221 ], [ 3.1577378, 9.2541744 ], [ 3.1575447, 9.2541691 ], [ 3.1573623, 9.2542274 ], [ 3.1571692, 9.2542803 ], [ 3.157019, 9.2543333 ], [ 3.1568903, 9.2543915 ], [ 3.1567937, 9.2544974 ], [ 3.1566596, 9.2546774 ], [ 3.1564075, 9.2550374 ], [ 3.1561983, 9.2552545 ], [ 3.156032, 9.2554716 ], [ 3.1559676, 9.2556198 ], [ 3.1559086, 9.2558528 ], [ 3.1558657, 9.2560169 ], [ 3.1557369, 9.2562234 ], [ 3.1556618, 9.2563664 ], [ 3.1555062, 9.2565464 ], [ 3.15534, 9.2567105 ], [ 3.1551951, 9.2569117 ], [ 3.1550878, 9.2571076 ], [ 3.1550342, 9.2572929 ], [ 3.1549859, 9.2575524 ], [ 3.1549859, 9.2577959 ], [ 3.154943, 9.258103 ], [ 3.1548625, 9.2583518 ], [ 3.1548142, 9.2585424 ], [ 3.1547338, 9.2586589 ], [ 3.1546318, 9.258823 ], [ 3.154487, 9.2589925 ], [ 3.1543475, 9.2591037 ], [ 3.1541383, 9.2593313 ], [ 3.1539988, 9.2594584 ], [ 3.1539077, 9.2595802 ], [ 3.1538325, 9.2597019 ], [ 3.1537414, 9.2598872 ], [ 3.1536931, 9.2600831 ], [ 3.1536394, 9.2602949 ], [ 3.1536233, 9.2604749 ], [ 3.1536341, 9.2606549 ], [ 3.1536448, 9.2608508 ], [ 3.1536126, 9.2610891 ], [ 3.1535697, 9.2612691 ], [ 3.1535107, 9.2614121 ], [ 3.1534195, 9.261608 ], [ 3.1533444, 9.2618462 ], [ 3.1532961, 9.2621639 ], [ 3.1532854, 9.2623757 ], [ 3.1532586, 9.2625663 ], [ 3.1532156, 9.2627145 ], [ 3.1531513, 9.2629104 ], [ 3.1530654, 9.2631222 ], [ 3.1529903, 9.2633392 ], [ 3.1529635, 9.2635087 ], [ 3.1529635, 9.2636728 ], [ 3.1529796, 9.2638687 ], [ 3.1530118, 9.264054 ], [ 3.1530654, 9.2642764 ], [ 3.1532103, 9.2650494 ], [ 3.1532586, 9.2652347 ], [ 3.1533283, 9.2653988 ], [ 3.1533658, 9.2654729 ], [ 3.1535, 9.2655735 ], [ 3.1536072, 9.2656741 ], [ 3.153677, 9.265817 ], [ 3.1537306, 9.2659176 ], [ 3.1537521, 9.2660182 ], [ 3.1537414, 9.2661453 ], [ 3.1536663, 9.2663094 ], [ 3.1535804, 9.2664683 ], [ 3.1534946, 9.2666218 ], [ 3.1534195, 9.2667118 ], [ 3.1533873, 9.2668706 ], [ 3.1533819, 9.2670136 ], [ 3.1534249, 9.2671671 ], [ 3.1534946, 9.2672889 ], [ 3.1536394, 9.2674689 ], [ 3.153736, 9.2676383 ], [ 3.1537843, 9.2678025 ], [ 3.1537735, 9.267956 ], [ 3.1537574, 9.2680831 ], [ 3.1537145, 9.2681995 ], [ 3.153677, 9.2683742 ], [ 3.1536287, 9.2685331 ], [ 3.1536072, 9.2686866 ], [ 3.1536072, 9.2688454 ], [ 3.1536287, 9.2689672 ], [ 3.1536877, 9.2691155 ], [ 3.1537628, 9.2692637 ], [ 3.1538808, 9.2694702 ], [ 3.1539023, 9.2695231 ], [ 3.1539184, 9.2696184 ], [ 3.1538916, 9.2697667 ], [ 3.1538486, 9.2699202 ], [ 3.1537521, 9.270042 ], [ 3.1536931, 9.2701532 ], [ 3.1536287, 9.2702537 ], [ 3.1535, 9.2703861 ], [ 3.153457, 9.270492 ], [ 3.1533927, 9.270672 ], [ 3.1533498, 9.2707779 ], [ 3.1532317, 9.2709102 ], [ 3.1531835, 9.2709685 ], [ 3.1531191, 9.2710267 ], [ 3.153103, 9.2711114 ], [ 3.1531137, 9.2712014 ], [ 3.1531781, 9.2712703 ], [ 3.15328, 9.2713179 ], [ 3.1533766, 9.2713656 ], [ 3.153457, 9.2714926 ], [ 3.1535268, 9.271662 ], [ 3.1535751, 9.2717997 ], [ 3.1535643, 9.2719479 ], [ 3.1535482, 9.2721174 ], [ 3.1535375, 9.2722656 ], [ 3.1534946, 9.2724615 ], [ 3.1534356, 9.2726415 ], [ 3.1533712, 9.2727791 ], [ 3.1532907, 9.2729062 ], [ 3.1531942, 9.2730703 ], [ 3.1531405, 9.2731868 ], [ 3.1530708, 9.273388 ], [ 3.1530547, 9.2735733 ], [ 3.1530547, 9.2737056 ], [ 3.1530708, 9.2739068 ], [ 3.1530601, 9.2740868 ], [ 3.1530333, 9.2742774 ], [ 3.1530386, 9.2744521 ], [ 3.1530708, 9.2745739 ], [ 3.1531459, 9.2746798 ], [ 3.153221, 9.2748439 ], [ 3.153221, 9.2749604 ], [ 3.1532049, 9.2750716 ], [ 3.1531674, 9.275241 ], [ 3.1531513, 9.2753998 ], [ 3.1531513, 9.2755745 ], [ 3.1531727, 9.2757598 ] ] } },
{ "type": "Feature", "properties": { "name": null, "waterway": "stream" }, "geometry": { "type": "LineString", "coordinates": [ [ 3.151828205868191, 9.275309727297749 ], [ 3.1520837, 9.2753839 ], [ 3.1522661, 9.275421 ], [ 3.1524378, 9.2754898 ], [ 3.1526416, 9.2755745 ], [ 3.1527597, 9.2755904 ], [ 3.1528938, 9.2756063 ], [ 3.1530279, 9.2756328 ], [ 3.1531727, 9.2757598 ], [ 3.153221, 9.2759451 ], [ 3.1532532, 9.2760828 ], [ 3.1533122, 9.2761993 ], [ 3.1534088, 9.2762628 ], [ 3.1535053, 9.2763528 ], [ 3.153559, 9.2764534 ], [ 3.1535858, 9.2765434 ], [ 3.1536716, 9.2766228 ], [ 3.1538111, 9.2767763 ], [ 3.1539667, 9.2769246 ], [ 3.154133, 9.2770305 ], [ 3.1542939, 9.2771363 ], [ 3.1544709, 9.2772528 ], [ 3.1545621, 9.2773428 ], [ 3.1546479, 9.2774275 ], [ 3.1547391, 9.2775493 ], [ 3.1547928, 9.2776605 ], [ 3.1548893, 9.2778299 ], [ 3.1550235, 9.2779728 ], [ 3.1552166, 9.2781105 ], [ 3.1553239, 9.2781581 ], [ 3.155458, 9.2781581 ], [ 3.1556296, 9.2781899 ], [ 3.155694, 9.2782534 ], [ 3.1557208, 9.2783328 ], [ 3.155694, 9.2784652 ], [ 3.1557476, 9.2785711 ], [ 3.1558335, 9.2786505 ], [ 3.1559998, 9.2787352 ], [ 3.1561553, 9.2788305 ], [ 3.1562519, 9.2789205 ], [ 3.1563699, 9.2790529 ], [ 3.1565684, 9.2792434 ], [ 3.1567347, 9.2794129 ], [ 3.1568742, 9.2795029 ], [ 3.1571263, 9.2797146 ], [ 3.157239, 9.279847 ], [ 3.1573355, 9.2799529 ], [ 3.1574696, 9.2800641 ], [ 3.1576467, 9.2801699 ], [ 3.1577969, 9.2803182 ], [ 3.1579256, 9.2804188 ], [ 3.1580812, 9.2805988 ], [ 3.1581348, 9.2807099 ], [ 3.1581455, 9.2808952 ], [ 3.1581402, 9.281017 ], [ 3.1581724, 9.2811758 ], [ 3.1582421, 9.2813029 ], [ 3.1583708, 9.2813929 ], [ 3.1584996, 9.2814458 ], [ 3.158682, 9.2814882 ], [ 3.1587785, 9.2815623 ], [ 3.1588805, 9.2816576 ], [ 3.158977, 9.2818005 ], [ 3.159036, 9.2819276 ], [ 3.1591111, 9.2821076 ], [ 3.1591755, 9.2822664 ], [ 3.1592613, 9.2823564 ], [ 3.1593955, 9.2824411 ], [ 3.1595832, 9.28251 ], [ 3.1597871, 9.2826211 ], [ 3.1598729, 9.2827111 ], [ 3.1599373, 9.2828064 ], [ 3.1599855, 9.2829388 ], [ 3.1600392, 9.283087 ], [ 3.1600821, 9.283267 ], [ 3.1601089, 9.283357 ], [ 3.1601787, 9.2834576 ], [ 3.1602645, 9.2835423 ], [ 3.1604576, 9.2836006 ], [ 3.1606239, 9.2836747 ], [ 3.1607438, 9.2837191 ], [ 3.1607956, 9.2837382 ], [ 3.1609458, 9.2838017 ], [ 3.1610262, 9.2838864 ], [ 3.1611335, 9.2840029 ], [ 3.1612623, 9.2841776 ], [ 3.1613535, 9.2842835 ], [ 3.1614661, 9.2843894 ], [ 3.1616163, 9.2845165 ], [ 3.1617665, 9.2845906 ], [ 3.1619435, 9.2846647 ], [ 3.1621689, 9.2846965 ], [ 3.1623459, 9.2846965 ], [ 3.1625068, 9.2847388 ], [ 3.1627214, 9.2847547 ], [ 3.1628716, 9.2847812 ], [ 3.1629735, 9.2848235 ], [ 3.1631827, 9.2849135 ], [ 3.1632203, 9.2850194 ], [ 3.1632525, 9.28512 ], [ 3.1633061, 9.2853212 ], [ 3.1633651, 9.2854588 ], [ 3.1634456, 9.2855806 ], [ 3.1635743, 9.2856653 ], [ 3.1637567, 9.2857394 ], [ 3.1638801, 9.2858241 ], [ 3.1640196, 9.2859459 ], [ 3.1640518, 9.2860782 ], [ 3.1641322, 9.2861947 ], [ 3.1642342, 9.2862529 ], [ 3.1644112, 9.28629 ], [ 3.1645399, 9.2863323 ], [ 3.164733, 9.2864117 ], [ 3.1648833, 9.28647 ], [ 3.1650495, 9.2865335 ], [ 3.1652373, 9.2866023 ], [ 3.1653714, 9.2866606 ], [ 3.1655109, 9.2867347 ], [ 3.1656933, 9.28683 ], [ 3.1657845, 9.2868406 ], [ 3.1659454, 9.2868141 ], [ 3.166042, 9.286777 ], [ 3.1661761, 9.2867453 ], [ 3.1662834, 9.2867612 ] ] } },
{ "type": "Feature", "properties": { "name": null, "waterway": "stream" }, "geometry": { "type": "LineString", "coordinates": [ [ 3.157841968123695, 9.286631434123446 ], [ 3.1578666, 9.286597 ], [ 3.1579256, 9.2864806 ], [ 3.1579953, 9.28638 ], [ 3.1580651, 9.2862476 ], [ 3.1581563, 9.2861682 ], [ 3.1582421, 9.286057 ], [ 3.1583118, 9.285967 ], [ 3.1583494, 9.2858294 ], [ 3.1584245, 9.2856759 ], [ 3.1584567, 9.2855895 ], [ 3.1586391, 9.2853847 ], [ 3.1587946, 9.2852523 ], [ 3.1589556, 9.2851676 ], [ 3.1591165, 9.2851147 ], [ 3.1592077, 9.2850247 ], [ 3.1593364, 9.2848553 ], [ 3.1594062, 9.2846859 ], [ 3.1594598, 9.284527 ], [ 3.1595027, 9.2844582 ], [ 3.1595832, 9.2844106 ], [ 3.1596905, 9.2843417 ], [ 3.1597817, 9.2842517 ], [ 3.1598514, 9.2841194 ], [ 3.1599265, 9.2839712 ], [ 3.1599963, 9.283897 ], [ 3.1600982, 9.2838282 ], [ 3.1602269, 9.2837806 ], [ 3.1603771, 9.2837806 ], [ 3.1604952, 9.2837488 ], [ 3.1607438, 9.2837191 ] ] } },
{ "type": "Feature", "properties": { "name": null, "waterway": "stream" }, "geometry": { "type": "LineString", "coordinates": [ [ 3.1662351, 9.3001021 ], [ 3.1664658, 9.3001338 ] ] } },
{ "type": "Feature", "properties": { "name": null, "waterway": "stream" }, "geometry": { "type": "LineString", "coordinates": [ [ 3.158232691291334, 9.299159865772646 ], [ 3.1586391, 9.299075 ], [ 3.1588429, 9.2990221 ], [ 3.159036, 9.2990168 ], [ 3.159256, 9.2990327 ], [ 3.1595617, 9.2990909 ], [ 3.1598568, 9.2991756 ], [ 3.1600338, 9.2991809 ], [ 3.160361, 9.2991333 ], [ 3.1606561, 9.2991703 ], [ 3.1608921, 9.2992391 ], [ 3.1611121, 9.2993186 ], [ 3.1612891, 9.2993344 ], [ 3.1614929, 9.2993397 ], [ 3.1616539, 9.2993609 ], [ 3.1618792, 9.299435 ], [ 3.1621045, 9.2994985 ], [ 3.1623352, 9.2995303 ], [ 3.1625068, 9.2995409 ], [ 3.162775, 9.2995568 ], [ 3.1629521, 9.2995727 ], [ 3.1630915, 9.2996097 ], [ 3.1632578, 9.2996521 ], [ 3.1634295, 9.299705 ], [ 3.1636065, 9.2997897 ], [ 3.1637353, 9.2998374 ], [ 3.1638908, 9.2998691 ], [ 3.1640786, 9.2998691 ], [ 3.164202, 9.2998374 ], [ 3.1643414, 9.2998109 ], [ 3.1644487, 9.2998109 ], [ 3.1646633, 9.2998321 ], [ 3.1648135, 9.2998797 ], [ 3.1649476, 9.2999274 ], [ 3.16513, 9.2999538 ], [ 3.165366, 9.299975 ], [ 3.1657308, 9.3000174 ], [ 3.165999, 9.3000703 ], [ 3.1662351, 9.3001021 ] ] } },
{ "type": "Feature", "properties": { "name": null, "waterway": "stream" }, "geometry": { "type": "LineString", "coordinates": [ [ 3.1664658, 9.3001338 ], [ 3.1668252, 9.3002079 ], [ 3.1669754, 9.3002662 ], [ 3.1670934, 9.3003509 ], [ 3.1671685, 9.3004409 ], [ 3.167206, 9.3005944 ], [ 3.1672543, 9.3007003 ], [ 3.1673777, 9.3007903 ], [ 3.1675976, 9.3008856 ], [ 3.1678605, 9.3009279 ], [ 3.1680912, 9.3009808 ], [ 3.1683969, 9.3010126 ], [ 3.1687725, 9.3010603 ] ] } },
{ "type": "Feature", "properties": { "name": "Mossi", "waterway": "stream" }, "geometry": { "type": "LineString", "coordinates": [ [ 3.1471324, 9.4187341 ], [ 3.1471029, 9.4186389 ], [ 3.1471351, 9.4185383 ], [ 3.1471699, 9.4184775 ], [ 3.147178, 9.4183796 ], [ 3.1471887, 9.4182817 ], [ 3.1472611, 9.4181414 ], [ 3.1473443, 9.4180329 ], [ 3.1474516, 9.417943 ], [ 3.1475294, 9.4179006 ], [ 3.147642, 9.417853 ], [ 3.1476876, 9.4177948 ], [ 3.147693, 9.4177472 ], [ 3.1476715, 9.4176678 ], [ 3.1476688, 9.4175752 ], [ 3.1476983, 9.4174905 ], [ 3.14776, 9.4174402 ], [ 3.1478298, 9.4173847 ], [ 3.1478888, 9.4173026 ], [ 3.1479424, 9.417218 ], [ 3.1480175, 9.4171465 ], [ 3.1481516, 9.4170989 ], [ 3.1483743, 9.417046 ], [ 3.148503, 9.4170116 ], [ 3.1488222, 9.4169639 ], [ 3.1488973, 9.4169163 ], [ 3.1489456, 9.4168449 ], [ 3.148967, 9.4167681 ], [ 3.1489804, 9.4166702 ], [ 3.1489536, 9.4165988 ], [ 3.148908, 9.4165379 ], [ 3.148798, 9.41644 ], [ 3.1486773, 9.4163315 ], [ 3.1486264, 9.4162707 ], [ 3.1485862, 9.4162045 ], [ 3.1485754, 9.4161463 ], [ 3.1485674, 9.4160537 ], [ 3.1485352, 9.4158896 ], [ 3.1485191, 9.4158182 ], [ 3.1485218, 9.4157494 ], [ 3.1485298, 9.4156621 ], [ 3.1485245, 9.4155298 ], [ 3.1485137, 9.4153075 ], [ 3.1484896, 9.4152334 ], [ 3.1484091, 9.4152043 ], [ 3.1483421, 9.4151884 ], [ 3.148216, 9.4151752 ], [ 3.1481409, 9.4151514 ], [ 3.1480765, 9.4150879 ], [ 3.1480283, 9.4150217 ], [ 3.1479934, 9.4150058 ], [ 3.147921, 9.4150005 ], [ 3.1478593, 9.4150138 ], [ 3.1477842, 9.4150402 ], [ 3.1477278, 9.4150455 ], [ 3.1476688, 9.4150349 ], [ 3.1476206, 9.4150005 ], [ 3.1475857, 9.4149582 ], [ 3.1475642, 9.4149132 ], [ 3.1475696, 9.4148286 ], [ 3.1475911, 9.4147677 ], [ 3.1476554, 9.4147121 ], [ 3.1477252, 9.4146248 ], [ 3.1477413, 9.4145666 ], [ 3.1477171, 9.4144925 ], [ 3.1476635, 9.4144475 ], [ 3.1475937, 9.4144158 ], [ 3.1475052, 9.4143814 ], [ 3.1474408, 9.4143443 ], [ 3.1473953, 9.414302 ], [ 3.1473577, 9.4142411 ], [ 3.1473336, 9.414167 ], [ 3.147296, 9.4140559 ], [ 3.1472531, 9.4139686 ], [ 3.1472102, 9.4139051 ], [ 3.1471512, 9.4138574 ], [ 3.1470492, 9.4137939 ], [ 3.1469956, 9.4137331 ], [ 3.1469688, 9.4136802 ], [ 3.1469661, 9.4136272 ], [ 3.1469715, 9.4135849 ], [ 3.1469527, 9.4135161 ], [ 3.1469285, 9.4134685 ], [ 3.1469044, 9.4134103 ], [ 3.1469017, 9.41336 ], [ 3.1469232, 9.413315 ], [ 3.1469366, 9.4132806 ], [ 3.1470385, 9.4131933 ], [ 3.1471619, 9.4131086 ], [ 3.147186, 9.4130663 ], [ 3.1471807, 9.4130266 ], [ 3.1471404, 9.4129631 ], [ 3.1470922, 9.412934 ], [ 3.1470251, 9.412926 ], [ 3.1469393, 9.412926 ], [ 3.1468025, 9.4129313 ], [ 3.146604, 9.4129525 ], [ 3.146545, 9.4129472 ], [ 3.1465128, 9.4129128 ], [ 3.1464967, 9.4128599 ], [ 3.1464994, 9.4127911 ], [ 3.1465369, 9.4126508 ], [ 3.1465557, 9.4125979 ], [ 3.146604, 9.4125556 ], [ 3.1466442, 9.4125397 ], [ 3.146714, 9.4125344 ], [ 3.1467703, 9.4125529 ], [ 3.1468266, 9.4125873 ], [ 3.146891, 9.4126191 ], [ 3.1469339, 9.4126217 ], [ 3.1470197, 9.4125953 ], [ 3.1470466, 9.4125556 ], [ 3.1470519, 9.4125106 ], [ 3.1470922, 9.4124365 ], [ 3.1471324, 9.4123783 ], [ 3.1471807, 9.4123095 ], [ 3.1471807, 9.412246 ], [ 3.1471565, 9.4122089 ], [ 3.1471297, 9.4121613 ], [ 3.1471243, 9.4121004 ], [ 3.1471512, 9.4120475 ], [ 3.1472021, 9.4120237 ], [ 3.1472665, 9.4120211 ], [ 3.1473228, 9.4120025 ], [ 3.1473872, 9.4119628 ], [ 3.1474784, 9.4119337 ], [ 3.1475589, 9.4119258 ], [ 3.1476071, 9.4118782 ], [ 3.1476232, 9.4118041 ], [ 3.1476152, 9.41173 ], [ 3.1476098, 9.4114865 ], [ 3.147583, 9.4114019 ], [ 3.1475401, 9.4113489 ], [ 3.1474891, 9.4112907 ], [ 3.1474596, 9.4112246 ], [ 3.1474623, 9.4111611 ], [ 3.1475025, 9.4111055 ], [ 3.1475803, 9.4110208 ], [ 3.1476366, 9.4109388 ], [ 3.1476447, 9.41087 ], [ 3.1476179, 9.4108091 ], [ 3.1475562, 9.4107668 ], [ 3.1474918, 9.4107245 ], [ 3.1474194, 9.4106662 ], [ 3.1473631, 9.4106027 ], [ 3.1473416, 9.4105339 ], [ 3.1473362, 9.4104625 ], [ 3.1473336, 9.4104069 ], [ 3.1473497, 9.4103302 ], [ 3.1473845, 9.410264 ], [ 3.1474462, 9.4102058 ], [ 3.1474945, 9.4101661 ], [ 3.1475133, 9.4101238 ], [ 3.147524, 9.4100656 ], [ 3.1475052, 9.4100127 ], [ 3.1474757, 9.409965 ], [ 3.1474301, 9.4098645 ], [ 3.1474033, 9.409801 ], [ 3.1474194, 9.4097401 ], [ 3.1474596, 9.4096131 ], [ 3.1474462, 9.4095258 ], [ 3.147414, 9.4094543 ], [ 3.1473684, 9.4093802 ], [ 3.1473014, 9.4093352 ], [ 3.1472021, 9.4092797 ], [ 3.1471485, 9.4092241 ], [ 3.1471109, 9.409158 ], [ 3.1470573, 9.4090786 ], [ 3.147009, 9.4090045 ], [ 3.1469768, 9.408933 ], [ 3.1469554, 9.4088801 ], [ 3.1469071, 9.4088484 ], [ 3.1468642, 9.4087928 ], [ 3.146832, 9.4087213 ], [ 3.1467676, 9.408679 ], [ 3.1466711, 9.4086525 ], [ 3.1465986, 9.4086473 ], [ 3.1465048, 9.408642 ], [ 3.1464484, 9.4086102 ], [ 3.1463921, 9.4085679 ], [ 3.1463626, 9.408507 ], [ 3.1463572, 9.4084382 ], [ 3.1463143, 9.4083324 ], [ 3.1462795, 9.4082556 ], [ 3.1462392, 9.4082371 ], [ 3.1461695, 9.4082371 ], [ 3.146081, 9.4082715 ], [ 3.1459764, 9.4083271 ], [ 3.1459013, 9.4083774 ], [ 3.1458449, 9.4084065 ], [ 3.1457645, 9.4084303 ], [ 3.1455928, 9.408462 ], [ 3.1455258, 9.40847 ], [ 3.1454721, 9.4084541 ], [ 3.1454319, 9.4084223 ], [ 3.1453809, 9.4084065 ], [ 3.1453031, 9.4084012 ], [ 3.1451905, 9.408425 ], [ 3.1451529, 9.4084567 ], [ 3.1450966, 9.408507 ], [ 3.1450295, 9.4085732 ], [ 3.1449249, 9.4086367 ], [ 3.1448713, 9.4086764 ], [ 3.1448472, 9.4087266 ], [ 3.1447962, 9.4087981 ], [ 3.1447425, 9.408814 ], [ 3.1446809, 9.4088087 ], [ 3.1446084, 9.4087663 ], [ 3.1445816, 9.4087055 ], [ 3.144536, 9.4086578 ], [ 3.1444797, 9.408642 ], [ 3.1443992, 9.4086261 ], [ 3.1443563, 9.408597 ], [ 3.1442946, 9.4085758 ], [ 3.1442302, 9.4085626 ], [ 3.1442034, 9.4085388 ], [ 3.1441927, 9.4084911 ], [ 3.1441525, 9.4084276 ], [ 3.1441042, 9.4083906 ], [ 3.144021, 9.4083721 ], [ 3.1439593, 9.4083324 ], [ 3.1438547, 9.4083165 ], [ 3.1437582, 9.4082821 ], [ 3.1436884, 9.4082371 ], [ 3.1436455, 9.408171 ], [ 3.1436375, 9.4081127 ], [ 3.1436643, 9.4080545 ], [ 3.1437072, 9.4080201 ], [ 3.1437716, 9.4079619 ], [ 3.1438199, 9.407901 ], [ 3.143844, 9.4078322 ], [ 3.1438735, 9.4077661 ], [ 3.1439352, 9.4076867 ], [ 3.1440291, 9.4075571 ], [ 3.14408, 9.4074935 ], [ 3.1441364, 9.4074433 ], [ 3.1442034, 9.4073877 ], [ 3.1442437, 9.4073321 ], [ 3.1442624, 9.4072739 ], [ 3.1442383, 9.4072316 ], [ 3.1441551, 9.4071945 ], [ 3.1440693, 9.4071839 ], [ 3.1440264, 9.4071548 ], [ 3.144021, 9.4071178 ], [ 3.1440264, 9.4070569 ], [ 3.1441015, 9.4069087 ], [ 3.1441364, 9.4068505 ], [ 3.1441793, 9.4068161 ], [ 3.1442168, 9.4068161 ], [ 3.1442812, 9.406832 ], [ 3.144308, 9.4068188 ], [ 3.1443402, 9.4067685 ], [ 3.1443617, 9.4067209 ], [ 3.1443536, 9.4066759 ], [ 3.1443134, 9.40666 ], [ 3.1442544, 9.4066574 ], [ 3.1441712, 9.4066388 ], [ 3.1441283, 9.4066203 ], [ 3.1441176, 9.4065859 ], [ 3.1441069, 9.4065277 ], [ 3.1441176, 9.4064721 ], [ 3.1441632, 9.4064033 ], [ 3.1442007, 9.4063584 ], [ 3.1442517, 9.406324 ], [ 3.1443, 9.4063054 ], [ 3.1443724, 9.4062922 ], [ 3.1444287, 9.4063213 ], [ 3.1444341, 9.4063557 ], [ 3.1444555, 9.4064007 ], [ 3.1444958, 9.4064245 ], [ 3.1445736, 9.406406 ], [ 3.1446379, 9.4063345 ], [ 3.1446969, 9.4062313 ], [ 3.1447023, 9.4061678 ], [ 3.1446862, 9.4061228 ], [ 3.1446138, 9.4060964 ], [ 3.1445467, 9.4060752 ], [ 3.144469, 9.4060514 ], [ 3.1444421, 9.4059985 ], [ 3.1444555, 9.4059535 ], [ 3.1444797, 9.4059297 ], [ 3.1445119, 9.405927 ], [ 3.1445789, 9.4058794 ], [ 3.1446111, 9.4058291 ], [ 3.1446192, 9.4057868 ], [ 3.1446218, 9.4057259 ], [ 3.144595, 9.405673 ], [ 3.1445494, 9.4056174 ], [ 3.1444824, 9.4055883 ], [ 3.1444341, 9.4055883 ], [ 3.1443939, 9.4056068 ], [ 3.1443429, 9.4056465 ], [ 3.1442785, 9.4056836 ], [ 3.1442088, 9.4056995 ], [ 3.1441256, 9.4057074 ], [ 3.1440747, 9.4056836 ], [ 3.1440344, 9.4056492 ], [ 3.1440398, 9.4056016 ], [ 3.1440398, 9.4055645 ], [ 3.1440639, 9.4054984 ], [ 3.1441283, 9.4054692 ], [ 3.1442088, 9.4054534 ], [ 3.1443027, 9.4054296 ], [ 3.1443778, 9.4053846 ], [ 3.1444046, 9.4053502 ], [ 3.1444153, 9.4052893 ], [ 3.1443751, 9.4052232 ], [ 3.1443241, 9.4051888 ], [ 3.1441632, 9.4050564 ], [ 3.1441256, 9.4049956 ], [ 3.1440961, 9.4049506 ], [ 3.1440854, 9.4049056 ], [ 3.1440747, 9.4047812 ], [ 3.1440807, 9.4046784 ], [ 3.1440827, 9.4046436 ], [ 3.1441122, 9.4045669 ], [ 3.1441712, 9.4045166 ], [ 3.144249, 9.4044769 ], [ 3.1443429, 9.4044584 ], [ 3.1444046, 9.4044478 ], [ 3.1444475, 9.4044108 ], [ 3.1444609, 9.4043632 ], [ 3.1444448, 9.4043129 ], [ 3.1444207, 9.4042705 ], [ 3.1444019, 9.4041964 ], [ 3.1444073, 9.4041462 ], [ 3.1444904, 9.4041197 ], [ 3.1445414, 9.4040932 ], [ 3.1445816, 9.404043 ], [ 3.1445816, 9.4039874 ], [ 3.1445736, 9.403916 ], [ 3.1445897, 9.4038498 ], [ 3.1446165, 9.4038207 ], [ 3.1447077, 9.4038022 ], [ 3.144815, 9.4038075 ], [ 3.1448606, 9.4037969 ], [ 3.1449196, 9.4037572 ], [ 3.1449464, 9.4036884 ], [ 3.144933, 9.403609 ], [ 3.1449142, 9.4035058 ], [ 3.1448927, 9.4034211 ], [ 3.1448606, 9.403355 ], [ 3.1448364, 9.4033073 ], [ 3.1447989, 9.4032438 ], [ 3.1447881, 9.4031697 ], [ 3.1447774, 9.4030956 ], [ 3.1448016, 9.4030215 ], [ 3.1448311, 9.4029554 ], [ 3.1448445, 9.4028734 ], [ 3.1448498, 9.4027966 ], [ 3.1448498, 9.4027199 ], [ 3.1448472, 9.4026379 ], [ 3.144823, 9.4025717 ], [ 3.1447908, 9.4025161 ], [ 3.1447667, 9.40245 ], [ 3.1447533, 9.4023759 ], [ 3.1447372, 9.4023309 ], [ 3.1447023, 9.4022462 ], [ 3.1446835, 9.4021906 ], [ 3.1446835, 9.4021298 ], [ 3.1446996, 9.4020742 ], [ 3.1447318, 9.4020504 ], [ 3.1448311, 9.4020319 ], [ 3.1449008, 9.4020266 ], [ 3.1449571, 9.4020028 ], [ 3.1450242, 9.4019525 ], [ 3.1450564, 9.4019022 ], [ 3.145059, 9.4018387 ], [ 3.1450134, 9.4017699 ], [ 3.1449464, 9.401717 ], [ 3.1448686, 9.4016694 ], [ 3.1447801, 9.4015635 ], [ 3.1446567, 9.4015026 ], [ 3.1446326, 9.4014338 ], [ 3.144587, 9.4013518 ], [ 3.1445065, 9.4012751 ], [ 3.1444126, 9.4011983 ], [ 3.1443402, 9.4011639 ], [ 3.144294894575511, 9.401154974155176 ] ] } },
{ "type": "Feature", "properties": { "name": null, "waterway": "stream" }, "geometry": { "type": "LineString", "coordinates": [ [ 3.140444288796221, 9.411025142313754 ], [ 3.1405181, 9.4110182 ], [ 3.1407005, 9.4110076 ], [ 3.1407756, 9.4110235 ], [ 3.1408775, 9.4110605 ], [ 3.140974, 9.4110817 ], [ 3.1410921, 9.4110817 ], [ 3.1412905, 9.4110552 ], [ 3.1413817, 9.4109758 ], [ 3.1414568, 9.4108435 ], [ 3.1415373, 9.4107271 ], [ 3.141666, 9.410653 ], [ 3.1418216, 9.4106054 ], [ 3.1419772, 9.4105631 ], [ 3.1420845, 9.4105578 ], [ 3.1422293, 9.4105736 ], [ 3.1423634, 9.4106054 ], [ 3.1424653, 9.4106266 ], [ 3.1425458, 9.4106266 ], [ 3.1426525, 9.4105966 ], [ 3.1427926, 9.4104943 ], [ 3.1428945, 9.4104572 ], [ 3.1429964, 9.4104572 ], [ 3.1431788, 9.4104466 ], [ 3.1433505, 9.4104519 ], [ 3.1435329, 9.4104519 ] ] } },
{ "type": "Feature", "properties": { "name": null, "waterway": "stream" }, "geometry": { "type": "LineString", "coordinates": [ [ 3.1546694, 9.4102614 ], [ 3.1545192, 9.4102455 ], [ 3.1543958, 9.4102773 ], [ 3.1541598, 9.4103672 ], [ 3.1539667, 9.4104837 ], [ 3.1537843, 9.4105895 ], [ 3.1536019, 9.410653 ], [ 3.1534409, 9.4106954 ], [ 3.1531942, 9.4107218 ], [ 3.1529313, 9.4108118 ], [ 3.1527382, 9.4108806 ], [ 3.1525665, 9.4109441 ], [ 3.1523788, 9.4110341 ], [ 3.1522125, 9.4111293 ], [ 3.1520355, 9.4112352 ], [ 3.151837, 9.4113833 ], [ 3.1516224, 9.4114998 ], [ 3.1514293, 9.4115897 ], [ 3.1512093, 9.4116744 ], [ 3.1510484, 9.4117538 ], [ 3.1508392, 9.4118173 ], [ 3.1506246, 9.4119073 ], [ 3.1504422, 9.4119919 ], [ 3.1503028, 9.4120396 ], [ 3.1501043, 9.4120978 ], [ 3.1499219, 9.4121137 ], [ 3.1498092, 9.4121084 ], [ 3.1497019, 9.4121243 ], [ 3.1496268, 9.4121772 ], [ 3.1494337, 9.4122195 ], [ 3.1492782, 9.412246 ], [ 3.149085, 9.4122513 ], [ 3.1488812, 9.4122142 ], [ 3.1486934, 9.4121613 ], [ 3.1484896, 9.4120502 ], [ 3.1483018, 9.4119549 ], [ 3.1480873, 9.4118649 ], [ 3.1479317, 9.4118385 ], [ 3.1478137, 9.4118385 ], [ 3.1477332, 9.411812 ], [ 3.1476152, 9.41173 ] ] } },
{ "type": "Feature", "properties": { "name": null, "waterway": "stream" }, "geometry": { "type": "LineString", "coordinates": [ [ 3.140070059037025, 9.416069363523981 ], [ 3.1401747, 9.4159981 ], [ 3.1403089, 9.4159187 ], [ 3.1406361, 9.4157864 ], [ 3.140797, 9.4157018 ], [ 3.1409365, 9.4155959 ], [ 3.1410062, 9.4154954 ], [ 3.1410974, 9.4153684 ], [ 3.141194, 9.4152731 ], [ 3.1413817, 9.4151514 ], [ 3.1415158, 9.4150932 ], [ 3.1416821, 9.4150297 ], [ 3.1418109, 9.4149397 ], [ 3.1418592, 9.4149026 ], [ 3.1419289, 9.4148074 ], [ 3.1420308, 9.4146963 ], [ 3.1421274, 9.414638 ], [ 3.1421971, 9.4146089 ], [ 3.1422588, 9.4145719 ], [ 3.1423178, 9.4145137 ], [ 3.1423634, 9.4144528 ], [ 3.1424304, 9.4143619 ], [ 3.1425324, 9.4142623 ], [ 3.1426424, 9.4141988 ], [ 3.1426719, 9.4141326 ], [ 3.1426799, 9.4140109 ], [ 3.142696, 9.4138945 ], [ 3.1427148, 9.4137595 ], [ 3.1427711, 9.4134367 ], [ 3.1427818, 9.4132092 ], [ 3.1428248, 9.4129445 ], [ 3.1428838, 9.4127223 ], [ 3.1429106, 9.4124788 ], [ 3.1429481, 9.4123095 ], [ 3.1430179, 9.4118596 ], [ 3.1430447, 9.4116321 ], [ 3.1430662, 9.4114998 ], [ 3.1431252, 9.4112299 ], [ 3.1431735, 9.4110976 ], [ 3.1432754, 9.4110129 ], [ 3.1433129, 9.4108806 ], [ 3.1433397, 9.4107536 ], [ 3.1434524, 9.4105525 ], [ 3.1435329, 9.4104519 ], [ 3.1435758, 9.4104096 ], [ 3.1436187, 9.4103752 ], [ 3.1436858, 9.4103699 ], [ 3.1437367, 9.4103911 ], [ 3.1437743, 9.410436 ], [ 3.1438145, 9.4104995 ], [ 3.1438681, 9.4105286 ], [ 3.1439459, 9.410489 ], [ 3.1439593, 9.4104546 ], [ 3.143962, 9.4103963 ], [ 3.1439808, 9.4103223 ], [ 3.1440264, 9.4102852 ], [ 3.1440747, 9.4102799 ], [ 3.1441337, 9.4102931 ], [ 3.1442088, 9.4102958 ], [ 3.1442812, 9.4102561 ], [ 3.1443161, 9.4102058 ], [ 3.1443429, 9.4101026 ], [ 3.1443885, 9.41001 ], [ 3.1444341, 9.4099571 ], [ 3.1445065, 9.4099068 ], [ 3.1445816, 9.4098856 ], [ 3.1446621, 9.4098883 ], [ 3.1447586, 9.4099015 ], [ 3.1448203, 9.4098777 ], [ 3.1448632, 9.4098248 ], [ 3.1448713, 9.4097533 ], [ 3.144882, 9.4096898 ], [ 3.1449491, 9.4095946 ], [ 3.1450188, 9.4095364 ], [ 3.1450564, 9.4094967 ], [ 3.1450725, 9.4094411 ], [ 3.145059, 9.409404 ], [ 3.1450027, 9.4093829 ], [ 3.144933, 9.4093696 ], [ 3.1448901, 9.4093458 ], [ 3.1448445, 9.4093008 ], [ 3.1447747, 9.4092241 ], [ 3.144756, 9.4091712 ], [ 3.1447908, 9.4091394 ], [ 3.1448364, 9.4091394 ], [ 3.1448767, 9.4091262 ], [ 3.1449062, 9.4090918 ], [ 3.1448954, 9.4090548 ], [ 3.1448445, 9.4090257 ], [ 3.1447989, 9.4089913 ], [ 3.1447828, 9.4089463 ], [ 3.1447801, 9.4088775 ], [ 3.1447962, 9.4087981 ] ] } },
{ "type": "Feature", "properties": { "name": null, "waterway": "stream" }, "geometry": { "type": "LineString", "coordinates": [ [ 4.9067741, 9.1467779 ], [ 4.9063779, 9.1478212 ], [ 4.9071968, 9.149347 ], [ 4.9074214, 9.1505206 ], [ 4.9071572, 9.1513031 ], [ 4.9065232, 9.1514726 ], [ 4.9064985, 9.1522588 ], [ 4.9058653, 9.1527107 ], [ 4.9055644, 9.1532411 ], [ 4.9050795, 9.1536457 ], [ 4.9044495, 9.153784 ], [ 4.9035877, 9.1535045 ], [ 4.9035716, 9.1538222 ], [ 4.9036145, 9.15423 ], [ 4.9036494, 9.1549821 ], [ 4.9038264, 9.155607 ], [ 4.9040195, 9.1560678 ], [ 4.9041054, 9.1565153 ], [ 4.9041536, 9.1573812 ], [ 4.9042502, 9.1579214 ], [ 4.9044567, 9.1583106 ], [ 4.9047598, 9.1586655 ], [ 4.9051782, 9.1589382 ], [ 4.9056503, 9.1590653 ], [ 4.9068251, 9.1592348 ], [ 4.9073911, 9.1593248 ], [ 4.9086893, 9.1596267 ], [ 4.909105, 9.1597776 ], [ 4.9093947, 9.1599445 ], [ 4.9096522, 9.1602728 ], [ 4.9103388, 9.1617928 ], [ 4.9109477, 9.1627858 ], [ 4.9113768, 9.1635298 ], [ 4.9118087, 9.164115 ], [ 4.912667, 9.165153 ], [ 4.9137372, 9.1662255 ], [ 4.9138927, 9.1664532 ], [ 4.9140429, 9.1667762 ], [ 4.9141797, 9.1672714 ], [ 4.9143273, 9.1678566 ], [ 4.9144372, 9.1681823 ], [ 4.9147001, 9.1685954 ], [ 4.9153304, 9.1692839 ], [ 4.9159017, 9.1697843 ], [ 4.9178986, 9.1718756 ] ] } },
{ "type": "Feature", "properties": { "name": null, "waterway": "stream" }, "geometry": { "type": "LineString", "coordinates": [ [ 4.9765056, 9.159569 ], [ 4.9761293, 9.1601502 ], [ 4.9757472, 9.1609654 ], [ 4.9750201, 9.1613426 ], [ 4.9746675, 9.1616494 ], [ 4.9731222, 9.1624133 ], [ 4.968076, 9.1648406 ], [ 4.9673304, 9.1651716 ], [ 4.9663809, 9.1655635 ], [ 4.9653938, 9.1659925 ], [ 4.9648708, 9.1662308 ], [ 4.9644953, 9.1665273 ], [ 4.9643853, 9.1667259 ], [ 4.9643102, 9.1667921 ], [ 4.9642539, 9.1668107 ], [ 4.9641064, 9.1667815 ], [ 4.9639052, 9.1667365 ], [ 4.9637362, 9.1666889 ], [ 4.9633607, 9.1666571 ], [ 4.9628645, 9.1666571 ], [ 4.9626231, 9.1666147 ], [ 4.96232, 9.1664294 ], [ 4.9620062, 9.1661487 ], [ 4.9616951, 9.1659104 ], [ 4.961333, 9.1657568 ], [ 4.9607268, 9.1656217 ], [ 4.9601769, 9.1655132 ], [ 4.9595895, 9.1654576 ], [ 4.9587741, 9.1656376 ], [ 4.9582726, 9.1658124 ], [ 4.95783, 9.1659792 ], [ 4.957543, 9.1660136 ], [ 4.9571434, 9.1659766 ], [ 4.9564916, 9.1658309 ], [ 4.9563226, 9.1657515 ], [ 4.9561697, 9.1655211 ], [ 4.9560088, 9.1652166 ], [ 4.9558237, 9.1649756 ], [ 4.9556065, 9.1648777 ], [ 4.9554294, 9.1648618 ], [ 4.9552336, 9.1649412 ], [ 4.9549574, 9.1652113 ], [ 4.9548206, 9.1654735 ], [ 4.9547589, 9.1657939 ], [ 4.9546918, 9.1659315 ], [ 4.9545443, 9.1660825 ], [ 4.9542627, 9.1662493 ], [ 4.953922, 9.1663632 ], [ 4.9537048, 9.1664664 ], [ 4.9535707, 9.1666386 ], [ 4.9534285, 9.1669643 ], [ 4.9532515, 9.1671814 ], [ 4.9530369, 9.1672343 ], [ 4.9528679, 9.1672105 ], [ 4.9526158, 9.1670331 ], [ 4.9524549, 9.1667895 ], [ 4.9522483, 9.1665432 ], [ 4.9519238, 9.1663393 ], [ 4.9514678, 9.1663949 ], [ 4.951095, 9.1667206 ], [ 4.950875, 9.1670781 ], [ 4.9503896, 9.1676209 ], [ 4.9495983, 9.1680181 ], [ 4.949027, 9.168185 ], [ 4.9477315, 9.1684736 ], [ 4.9466532, 9.1686298 ], [ 4.9458888, 9.1684709 ], [ 4.9451539, 9.1681929 ], [ 4.9442446, 9.1676871 ], [ 4.9435982, 9.1673959 ], [ 4.9431422, 9.1672926 ], [ 4.9427077, 9.1673561 ], [ 4.9421498, 9.1672926 ], [ 4.9417931, 9.1670966 ], [ 4.9415436, 9.1669219 ], [ 4.9411494, 9.1664638 ], [ 4.9408275, 9.1660534 ], [ 4.9404654, 9.1654867 ], [ 4.9402482, 9.1652272 ] ] } },
{ "type": "Feature", "properties": { "name": null, "waterway": "stream" }, "geometry": { "type": "LineString", "coordinates": [ [ 4.9402482, 9.1652272 ], [ 4.9400738, 9.165116 ], [ 4.9399129, 9.165116 ], [ 4.9397975, 9.1651425 ], [ 4.9396366, 9.1652669 ], [ 4.9394944, 9.165439 ], [ 4.9392021, 9.1655529 ], [ 4.9390331, 9.1655397 ], [ 4.9387595, 9.1654576 ], [ 4.9383759, 9.165259 ], [ 4.938046, 9.1650339 ], [ 4.9376732, 9.1647082 ] ] } },
{ "type": "Feature", "properties": { "name": "Le Niger", "waterway": "river" }, "geometry": { "type": "MultiLineString", "coordinates": [ [ [ 4.639311269374746, 9.30817859022088 ], [ 4.6403503, 9.3069206 ], [ 4.6436977, 9.3036596 ], [ 4.6491909, 9.2997209 ], [ 4.6579455, 9.2961211 ], [ 4.6716785, 9.2910812 ], [ 4.682579, 9.2883283 ], [ 4.7017372, 9.2839569 ], [ 4.702420212377289, 9.283826266776591 ] ], [ [ 4.756197840747352, 9.233020624841172 ], [ 4.7558784, 9.2304697 ], [ 4.7550201, 9.2264032 ], [ 4.7535609, 9.2186089 ], [ 4.7519302, 9.214288 ], [ 4.7505998, 9.2082514 ], [ 4.7503852, 9.2014946 ], [ 4.7504711, 9.1957755 ], [ 4.7505569, 9.1920899 ], [ 4.751029, 9.1862859 ], [ 4.7516298, 9.1792109 ], [ 4.7523593, 9.1738728 ], [ 4.7543764, 9.1680261 ], [ 4.7560072, 9.1626031 ], [ 4.7573804, 9.1591713 ], [ 4.7601021, 9.1555186 ], [ 4.7609853, 9.1542989 ], [ 4.7628736, 9.1521381 ], [ 4.764022656695434, 9.151192713146424 ] ], [ [ 4.7650420051957, 9.150354043762052 ], [ 4.7654485, 9.1500196 ], [ 4.7688403, 9.1473592 ], [ 4.7694397, 9.1467996 ], [ 4.7703838, 9.1462064 ], [ 4.7724866, 9.1449353 ], [ 4.7782802, 9.1416728 ] ] ] } },
{ "type": "Feature", "properties": { "name": null, "waterway": "stream" }, "geometry": { "type": "LineString", "coordinates": [ [ 3.14348202755772, 9.437192275123413 ], [ 3.1434846, 9.4371872 ], [ 3.14349, 9.4371025 ], [ 3.143506, 9.4369755 ], [ 3.143549, 9.436912 ], [ 3.1435919, 9.4368538 ], [ 3.1436455, 9.4368379 ], [ 3.1437099, 9.4368644 ], [ 3.1437474, 9.436912 ], [ 3.143785, 9.4369808 ], [ 3.1438547, 9.437002 ], [ 3.1439298, 9.4369808 ], [ 3.1440479, 9.4369067 ], [ 3.1441176, 9.4368115 ], [ 3.144182, 9.4367427 ], [ 3.1442946, 9.4367056 ], [ 3.1443965, 9.4366898 ], [ 3.144477, 9.4366951 ], [ 3.1445789, 9.4366898 ], [ 3.1446701, 9.4366263 ], [ 3.1447399, 9.4365204 ], [ 3.1447667, 9.4364411 ], [ 3.144874, 9.4363458 ], [ 3.1449866, 9.4362929 ], [ 3.1451207, 9.4362611 ], [ 3.1452817, 9.4362717 ], [ 3.145405, 9.4362823 ], [ 3.1455123, 9.4362929 ], [ 3.145625, 9.4362929 ], [ 3.1458396, 9.4362347 ], [ 3.1460327, 9.43615 ], [ 3.1461239, 9.4361447 ], [ 3.1463063, 9.4361183 ], [ 3.1464136, 9.4360812 ], [ 3.1465048, 9.4360442 ], [ 3.1465959, 9.435986 ], [ 3.1466925, 9.4359119 ], [ 3.1467676, 9.4358166 ], [ 3.1468427, 9.435769 ], [ 3.1469125, 9.4357002 ], [ 3.1470251, 9.4356049 ] ] } },
{ "type": "Feature", "properties": { "name": "Mossi", "waterway": "stream" }, "geometry": { "type": "LineString", "coordinates": [ [ 3.1576842, 9.4645924 ], [ 3.1576654, 9.4645157 ], [ 3.1577057, 9.464439 ], [ 3.157762, 9.4644019 ], [ 3.1578371, 9.4643543 ], [ 3.1578451, 9.4643067 ], [ 3.1578317, 9.4642353 ], [ 3.1578022, 9.4641479 ], [ 3.1577486, 9.4640289 ], [ 3.157703, 9.4639495 ], [ 3.1576547, 9.4638728 ], [ 3.1576225, 9.4638066 ], [ 3.1576011, 9.4637299 ], [ 3.1576064, 9.4636453 ], [ 3.1576332, 9.4635738 ], [ 3.1576815, 9.4635156 ], [ 3.1577566, 9.4634177 ], [ 3.1578156, 9.4633093 ], [ 3.1578398, 9.4632167 ], [ 3.1578398, 9.4631637 ], [ 3.1578237, 9.4631002 ], [ 3.1577459, 9.463005 ], [ 3.157644, 9.4629389 ], [ 3.1576037, 9.4628568 ], [ 3.1575984, 9.4627801 ], [ 3.1576171, 9.4627272 ], [ 3.1576413, 9.4626425 ], [ 3.1576386, 9.462505 ], [ 3.1575984, 9.4624044 ], [ 3.157542, 9.4623251 ], [ 3.1574991, 9.4622959 ], [ 3.1574321, 9.4622933 ], [ 3.1573382, 9.4622774 ], [ 3.157306, 9.4622457 ], [ 3.1572926, 9.4621954 ], [ 3.1573006, 9.4621451 ], [ 3.1573436, 9.4620869 ], [ 3.1573784, 9.4620367 ], [ 3.1573999, 9.4619758 ], [ 3.1573811, 9.4618938 ], [ 3.1573516, 9.4618197 ], [ 3.1573731, 9.4617483 ], [ 3.1573972, 9.461706 ], [ 3.1574964, 9.4615684 ], [ 3.1575689, 9.461452 ], [ 3.1576171, 9.4613514 ], [ 3.1576252, 9.4612588 ], [ 3.1576037, 9.4611821 ], [ 3.1575903, 9.4611186 ], [ 3.1575957, 9.4610234 ], [ 3.1576011, 9.4609546 ], [ 3.1575716, 9.4608884 ], [ 3.1575206, 9.4608276 ], [ 3.1574696, 9.4607747 ], [ 3.1574321, 9.4607032 ], [ 3.1574267, 9.4606371 ], [ 3.1574348, 9.4605551 ], [ 3.1574616, 9.4604969 ], [ 3.1575099, 9.460391 ], [ 3.157526, 9.4603328 ], [ 3.1574857, 9.4602905 ], [ 3.1574401, 9.4602878 ], [ 3.1573945, 9.4603037 ], [ 3.1573141, 9.4603117 ], [ 3.1572443, 9.4602826 ], [ 3.1571639, 9.4602217 ], [ 3.1570834, 9.4601397 ], [ 3.1570592, 9.4600683 ], [ 3.1570512, 9.4599757 ], [ 3.1570432, 9.4598619 ], [ 3.1569976, 9.4597957 ], [ 3.1569439, 9.459764 ], [ 3.1568018, 9.4597217 ], [ 3.1567025, 9.4596767 ], [ 3.1566301, 9.4596105 ], [ 3.1565845, 9.4595338 ], [ 3.1565577, 9.4594439 ], [ 3.1565577, 9.4593751 ], [ 3.1565952, 9.4593169 ], [ 3.1566381, 9.459256 ], [ 3.1566864, 9.4591634 ], [ 3.1566891, 9.4590787 ], [ 3.1566408, 9.4590073 ], [ 3.1565872, 9.4589756 ], [ 3.1565416, 9.4589359 ], [ 3.1565067, 9.4588486 ], [ 3.156496, 9.4587824 ], [ 3.1564987, 9.4586845 ], [ 3.1565282, 9.4585999 ], [ 3.1565201, 9.4585337 ], [ 3.1564799, 9.4584544 ], [ 3.1564343, 9.4583988 ], [ 3.1564236, 9.4583432 ], [ 3.1564343, 9.4582665 ], [ 3.1564745, 9.4581951 ], [ 3.156504, 9.4581104 ], [ 3.1565067, 9.457994 ], [ 3.1564584, 9.4579278 ], [ 3.1564075, 9.4578749 ], [ 3.1563351, 9.4578432 ], [ 3.1562465, 9.4578114 ], [ 3.156209, 9.4577744 ], [ 3.1561205, 9.4577135 ], [ 3.1560963, 9.4576553 ], [ 3.1561044, 9.4575865 ], [ 3.1561232, 9.4575204 ], [ 3.1561258, 9.4574146 ], [ 3.1561124, 9.4573299 ], [ 3.1560615, 9.4572717 ], [ 3.1559864, 9.4572135 ], [ 3.1559649, 9.4571368 ], [ 3.1559676, 9.4570653 ], [ 3.1559971, 9.4570018 ], [ 3.1560051, 9.4569489 ], [ 3.1559837, 9.4568801 ], [ 3.1559408, 9.4568166 ], [ 3.155812, 9.4566949 ], [ 3.1557691, 9.4565944 ], [ 3.1557745, 9.4564833 ], [ 3.155804, 9.4564251 ], [ 3.155812, 9.4563589 ], [ 3.1557986, 9.4563007 ], [ 3.155753, 9.4562372 ], [ 3.1557047, 9.456179 ], [ 3.1556913, 9.4560996 ], [ 3.1557181, 9.4560573 ], [ 3.1557637, 9.4559912 ], [ 3.1557798, 9.4559382 ], [ 3.1557879, 9.4558403 ], [ 3.1557611, 9.4557742 ], [ 3.1557021, 9.4556869 ], [ 3.1556672, 9.4556234 ], [ 3.1556323, 9.455544 ], [ 3.1556082, 9.4554382 ], [ 3.1556055, 9.4553456 ], [ 3.1555706, 9.4551868 ], [ 3.1555492, 9.4550784 ], [ 3.1555063, 9.4549778 ], [ 3.1554311, 9.4548773 ], [ 3.1553534, 9.4547979 ], [ 3.155297, 9.4547476 ], [ 3.1552058, 9.4547053 ], [ 3.1551039, 9.4546736 ], [ 3.15501, 9.4546365 ], [ 3.1549403, 9.4545915 ], [ 3.1548947, 9.4545386 ], [ 3.1549001, 9.4544804 ], [ 3.1549403, 9.4544354 ], [ 3.1550047, 9.4543772 ], [ 3.1550422, 9.4543428 ], [ 3.1550744, 9.4542873 ], [ 3.1550825, 9.4542238 ], [ 3.1550288, 9.4541285 ], [ 3.1549752, 9.4540677 ], [ 3.1549081, 9.4540571 ], [ 3.1548518, 9.4540703 ], [ 3.1547794, 9.4541232 ], [ 3.154707, 9.4541947 ], [ 3.1546453, 9.4542317 ], [ 3.1545755, 9.4542661 ], [ 3.1544843, 9.4542952 ], [ 3.1544173, 9.4543005 ], [ 3.1543556, 9.4542767 ], [ 3.1542939, 9.4542264 ], [ 3.1542698, 9.4541709 ], [ 3.1542966, 9.4541179 ], [ 3.1543422, 9.4540968 ], [ 3.15442, 9.4540571 ], [ 3.154479, 9.4539883 ], [ 3.1545138, 9.4538851 ], [ 3.1545219, 9.4537581 ], [ 3.1545272, 9.4536735 ], [ 3.1545541, 9.4535888 ], [ 3.1545702, 9.4534935 ], [ 3.1545916, 9.4533824 ], [ 3.1545889, 9.4533189 ], [ 3.1545621, 9.4532819 ], [ 3.1545112, 9.4532713 ], [ 3.1544709, 9.4532951 ], [ 3.1544012, 9.4533269 ], [ 3.1543422, 9.4533322 ], [ 3.1542751, 9.4532898 ], [ 3.1542161, 9.453221 ], [ 3.1542081, 9.4531549 ], [ 3.1542081, 9.4530358 ], [ 3.1542429, 9.4529856 ], [ 3.1542993, 9.4529538 ], [ 3.1544012, 9.4529115 ], [ 3.1544495, 9.4528453 ], [ 3.1544521, 9.4528136 ], [ 3.1544119, 9.4527739 ], [ 3.1543475, 9.4527527 ], [ 3.1542617, 9.4527342 ], [ 3.1541517, 9.4527157 ], [ 3.1540686, 9.4526839 ], [ 3.1540257, 9.4526628 ], [ 3.153972, 9.4525993 ], [ 3.1539506, 9.452549 ], [ 3.1539318, 9.4524802 ], [ 3.1539157, 9.4524035 ], [ 3.1538835, 9.4523559 ], [ 3.1538594, 9.4523109 ], [ 3.1538621, 9.452258 ], [ 3.1538942, 9.4522262 ], [ 3.1539345, 9.4522077 ], [ 3.1539908, 9.452213 ], [ 3.1540444, 9.4522209 ], [ 3.1541276, 9.4522236 ], [ 3.1542188, 9.4522077 ], [ 3.1542966, 9.4521363 ], [ 3.1543261, 9.4520754 ], [ 3.1543341, 9.4520013 ], [ 3.1543288, 9.4518267 ], [ 3.1543529, 9.4517182 ], [ 3.1543905, 9.451623 ], [ 3.154436, 9.4515436 ], [ 3.1544414, 9.4514722 ], [ 3.1544226, 9.4514034 ], [ 3.1543663, 9.4513452 ], [ 3.1542563, 9.4512711 ], [ 3.1542188, 9.4512235 ], [ 3.1542107, 9.4511626 ], [ 3.1542402, 9.4511044 ], [ 3.1543261, 9.4509986 ], [ 3.1543717, 9.4508689 ], [ 3.1543797, 9.450771 ], [ 3.1543583, 9.4507075 ], [ 3.1543207, 9.4506625 ], [ 3.1542322, 9.4506361 ], [ 3.1541651, 9.450599 ], [ 3.1541276, 9.4505276 ], [ 3.1541303, 9.4504535 ], [ 3.154141, 9.450398 ], [ 3.1541464, 9.4503318 ], [ 3.1541598, 9.4502445 ], [ 3.1541035, 9.4501916 ], [ 3.1540444, 9.4501757 ], [ 3.1540015, 9.450181 ], [ 3.1539667, 9.4502128 ], [ 3.1538996, 9.4502366 ], [ 3.1538111, 9.4502551 ], [ 3.1537333, 9.4502498 ], [ 3.1536555, 9.4502075 ], [ 3.1536555, 9.4501519 ], [ 3.1536797, 9.4501069 ], [ 3.153685, 9.4500408 ], [ 3.1536368, 9.4499826 ], [ 3.1535697, 9.4499085 ], [ 3.1535187, 9.4498265 ], [ 3.1535026, 9.4497497 ], [ 3.1535348, 9.4496518 ], [ 3.1535563, 9.4496016 ], [ 3.1535616, 9.4495143 ], [ 3.1535187, 9.4494322 ], [ 3.1534705, 9.4493608 ], [ 3.1534624, 9.4492973 ], [ 3.1534624, 9.4492259 ], [ 3.1534892, 9.449173 ], [ 3.1535912, 9.449128 ], [ 3.1536663, 9.4490962 ], [ 3.1537199, 9.4490354 ], [ 3.1537279, 9.4489666 ], [ 3.1537494, 9.4488925 ], [ 3.1537816, 9.4487099 ], [ 3.1537682, 9.4486359 ], [ 3.1537199, 9.4485671 ], [ 3.1536663, 9.4485485 ], [ 3.1535992, 9.4485406 ], [ 3.153457, 9.4485856 ], [ 3.1533578, 9.4485697 ], [ 3.1532934, 9.4485168 ], [ 3.15328, 9.4484586 ], [ 3.1532264, 9.4483845 ], [ 3.1531888, 9.4483369 ], [ 3.1531137, 9.4482681 ], [ 3.1530333, 9.4482019 ], [ 3.1529877, 9.4481226 ], [ 3.1529716, 9.4480696 ], [ 3.1529716, 9.4479638 ], [ 3.1529957, 9.4478712 ], [ 3.1530654, 9.4477839 ], [ 3.1531593, 9.4477125 ], [ 3.153221, 9.4476357 ], [ 3.1532049, 9.4475855 ], [ 3.1531674, 9.4475458 ], [ 3.1530762, 9.4475008 ], [ 3.1529555, 9.4474532 ], [ 3.152934, 9.4474055 ], [ 3.1529126, 9.44735 ], [ 3.1528562, 9.4473182 ], [ 3.1527731, 9.4473209 ], [ 3.1527007, 9.4472918 ], [ 3.152639, 9.4472177 ], [ 3.1525961, 9.4471674 ], [ 3.152529, 9.4471277 ], [ 3.15247, 9.4470695 ], [ 3.1524163, 9.446961 ], [ 3.1524137, 9.4469055 ], [ 3.1523815, 9.4468631 ], [ 3.152301, 9.4468288 ], [ 3.1522447, 9.4467811 ], [ 3.1521642, 9.4466965 ], [ 3.152124, 9.4466197 ], [ 3.1520703, 9.4465324 ], [ 3.152006, 9.4464795 ], [ 3.1519443, 9.4464107 ], [ 3.1518665, 9.4463393 ], [ 3.151786, 9.4462678 ], [ 3.1516761, 9.4462334 ], [ 3.1515741, 9.4462281 ], [ 3.1514883, 9.4462308 ], [ 3.1513837, 9.446252 ], [ 3.1512389, 9.4462864 ], [ 3.1511074, 9.4462943 ], [ 3.1510323, 9.4462758 ], [ 3.1509438, 9.4462281 ], [ 3.1508848, 9.4461726 ], [ 3.1507775, 9.4461197 ], [ 3.1507051, 9.4461011 ], [ 3.1506005, 9.4460562 ], [ 3.1505468, 9.4460112 ], [ 3.1505388, 9.4459583 ], [ 3.1505683, 9.445908 ], [ 3.150571, 9.4458339 ], [ 3.1505442, 9.4457757 ], [ 3.1504637, 9.4457493 ], [ 3.1503484, 9.4457387 ], [ 3.150292, 9.4457175 ], [ 3.1502196, 9.4456514 ], [ 3.1501955, 9.445572 ], [ 3.1501418, 9.4454741 ], [ 3.1500319, 9.4453921 ], [ 3.1499568, 9.4453153 ], [ 3.1498843, 9.4452069 ], [ 3.1498629, 9.4451301 ], [ 3.1498629, 9.4450481 ], [ 3.149887, 9.4449899 ], [ 3.1499246, 9.4449237 ], [ 3.1499487, 9.4448497 ], [ 3.1499755, 9.4447518 ], [ 3.1500211, 9.444675 ], [ 3.150064, 9.4446406 ], [ 3.1501633, 9.4445798 ], [ 3.150225, 9.4445083 ], [ 3.1503269, 9.444384 ], [ 3.1503698, 9.4443046 ], [ 3.1504074, 9.4442094 ], [ 3.1504181, 9.4441221 ], [ 3.1503805, 9.4440427 ], [ 3.1503269, 9.4439633 ], [ 3.1502652, 9.4439183 ], [ 3.1502518, 9.4438654 ], [ 3.1502598, 9.4438151 ], [ 3.1503108, 9.4437543 ], [ 3.1503242, 9.443704 ], [ 3.1502947, 9.4436511 ], [ 3.1502277, 9.4436326 ], [ 3.1501552, 9.4436484 ], [ 3.1500775, 9.4436537 ], [ 3.1500265, 9.4436273 ], [ 3.1500024, 9.4435717 ], [ 3.150005, 9.4435109 ], [ 3.1500426, 9.4434818 ], [ 3.1500962, 9.4434474 ], [ 3.1501365, 9.4434024 ], [ 3.1501392, 9.4433204 ], [ 3.1500962, 9.4432251 ], [ 3.1500319, 9.4431775 ], [ 3.1499594, 9.4431537 ], [ 3.1498656, 9.4431563 ], [ 3.1497744, 9.4431457 ], [ 3.1496993, 9.4431113 ], [ 3.1496322, 9.4430187 ], [ 3.1496349, 9.4429473 ], [ 3.1496537, 9.4428653 ], [ 3.1497207, 9.4427674 ], [ 3.1497368, 9.4427065 ], [ 3.1497234, 9.4426113 ], [ 3.149702, 9.4425266 ], [ 3.1497449, 9.4424128 ], [ 3.1498387, 9.442307 ], [ 3.1499246, 9.4422435 ], [ 3.150048, 9.4421773 ], [ 3.1501231, 9.4421112 ], [ 3.1502062, 9.4420768 ], [ 3.1502867, 9.4420689 ], [ 3.1503296, 9.44209 ], [ 3.1503966, 9.4421271 ], [ 3.1504637, 9.4421482 ], [ 3.1505388, 9.4421482 ], [ 3.1506032, 9.442098 ], [ 3.1506246, 9.4420318 ], [ 3.1506327, 9.4419604 ], [ 3.1506407, 9.4418969 ], [ 3.1506032, 9.4418413 ], [ 3.1505415, 9.4418175 ], [ 3.1504664, 9.4418096 ], [ 3.1504342, 9.4418254 ], [ 3.1503913, 9.4418545 ], [ 3.1503269, 9.4418678 ], [ 3.1502652, 9.4418387 ], [ 3.1502411, 9.4417725 ], [ 3.1502491, 9.4416932 ], [ 3.1502411, 9.4416217 ], [ 3.1502116, 9.4415794 ], [ 3.1501392, 9.4415344 ], [ 3.1500855, 9.4414841 ], [ 3.1500748, 9.4414365 ], [ 3.1500962, 9.4413783 ], [ 3.1501096, 9.4413121 ], [ 3.1500801, 9.4412486 ], [ 3.1500426, 9.4412195 ], [ 3.1499755, 9.4412037 ], [ 3.149887, 9.4411878 ], [ 3.1498226, 9.441164 ], [ 3.1497341, 9.4411084 ], [ 3.1496939, 9.441037 ], [ 3.1496805, 9.4409841 ], [ 3.1496832, 9.4408967 ], [ 3.149718, 9.4408491 ], [ 3.1497636, 9.4408174 ], [ 3.1497851, 9.4407671 ], [ 3.1497851, 9.4406904 ], [ 3.1497717, 9.4406216 ], [ 3.1497395, 9.4405316 ], [ 3.1496644, 9.4404655 ], [ 3.1495383, 9.4404284 ], [ 3.1494257, 9.440402 ], [ 3.1493077, 9.4403861 ], [ 3.1491038, 9.440402 ], [ 3.1489643, 9.4404178 ], [ 3.1488517, 9.4404258 ], [ 3.1487739, 9.4404311 ], [ 3.1486854, 9.440484 ], [ 3.1486478, 9.440529 ], [ 3.1486183, 9.4405713 ], [ 3.148562, 9.4406242 ], [ 3.1484815, 9.4406507 ], [ 3.1484011, 9.440648 ], [ 3.1483233, 9.4406057 ], [ 3.1482804, 9.4405475 ], [ 3.1482777, 9.440476 ], [ 3.1482804, 9.4403755 ], [ 3.1483152, 9.4403014 ], [ 3.148334, 9.4402353 ], [ 3.1483448, 9.4401321 ], [ 3.148334, 9.4400818 ], [ 3.1482911, 9.4399786 ], [ 3.1482697, 9.4398807 ], [ 3.148267, 9.4397696 ], [ 3.1482804, 9.4396505 ], [ 3.1483072, 9.439288 ], [ 3.1483045, 9.4392034 ], [ 3.1482831, 9.4391531 ], [ 3.1482562, 9.4390843 ], [ 3.1482267, 9.439034 ], [ 3.1482455, 9.4389652 ], [ 3.1482911, 9.4389282 ], [ 3.1483635, 9.438907 ], [ 3.1484333, 9.4388753 ], [ 3.148495, 9.4388277 ], [ 3.1485379, 9.4387721 ], [ 3.1485406, 9.4387112 ], [ 3.1485352, 9.4386133 ], [ 3.1484976, 9.4385604 ], [ 3.1484279, 9.4385102 ], [ 3.1483206, 9.4384678 ], [ 3.1482482, 9.4384493 ], [ 3.1481785, 9.4384255 ], [ 3.1481382, 9.4383831 ], [ 3.1481141, 9.4383223 ], [ 3.1480926, 9.4382509 ], [ 3.1480524, 9.4381688 ], [ 3.1479961, 9.4380683 ], [ 3.14798, 9.437981 ] ] } },
{ "type": "Feature", "properties": { "name": null, "waterway": "stream" }, "geometry": { "type": "LineString", "coordinates": [ [ 3.147548840032433, 9.44730110982653 ], [ 3.1475615, 9.4472838 ], [ 3.1476366, 9.447141 ], [ 3.1476849, 9.4469769 ], [ 3.1477225, 9.4468076 ], [ 3.1478083, 9.4466806 ], [ 3.1479156, 9.4465695 ], [ 3.1480497, 9.4464107 ], [ 3.1481141, 9.4462943 ], [ 3.1481516, 9.4461885 ], [ 3.1481677, 9.4460403 ], [ 3.1481677, 9.4459133 ], [ 3.1481892, 9.4458445 ], [ 3.1482375, 9.4457069 ], [ 3.1483233, 9.4456328 ], [ 3.1484145, 9.4455535 ], [ 3.1485218, 9.4454688 ], [ 3.1485861, 9.4453418 ], [ 3.1486881, 9.4451936 ], [ 3.1488222, 9.4449714 ], [ 3.148908, 9.4448391 ], [ 3.1490689, 9.4446697 ], [ 3.1491762, 9.4445904 ], [ 3.1493479, 9.4445163 ], [ 3.1494927, 9.4444898 ], [ 3.1496537, 9.444474 ], [ 3.1498468, 9.4443946 ], [ 3.1500614, 9.4442782 ], [ 3.1501365, 9.4442041 ], [ 3.1502008, 9.4441247 ], [ 3.150233, 9.4440453 ], [ 3.1502652, 9.4439183 ] ] } },
{ "type": "Feature", "properties": { "name": null, "waterway": "stream" }, "geometry": { "type": "LineString", "coordinates": [ [ 3.1791902, 9.4665476 ], [ 3.1790829, 9.4666402 ], [ 3.1789434, 9.466701 ], [ 3.1787261, 9.4667513 ], [ 3.1785867, 9.4667672 ], [ 3.1784391, 9.4667883 ], [ 3.1783158, 9.466836 ], [ 3.1782138, 9.4668942 ], [ 3.1781495, 9.4669444 ], [ 3.1781012, 9.4670185 ], [ 3.1778088, 9.4673466 ], [ 3.1777418, 9.4674207 ], [ 3.1775916, 9.46759 ], [ 3.1774682, 9.4676694 ], [ 3.1773341, 9.4677355 ], [ 3.1766099, 9.4680133 ], [ 3.1764597, 9.4681191 ], [ 3.1763819, 9.4682117 ], [ 3.1763068, 9.4683678 ], [ 3.1762639, 9.4684366 ], [ 3.1761593, 9.4685609 ], [ 3.1760573, 9.4686139 ], [ 3.1754485, 9.4688917 ], [ 3.1752929, 9.4690107 ], [ 3.175199, 9.469098 ], [ 3.1751105, 9.4691933 ], [ 3.1750408, 9.4692938 ], [ 3.1746116, 9.4699393 ], [ 3.1745365, 9.4700875 ], [ 3.1745177, 9.4701431 ], [ 3.1744829, 9.4702515 ], [ 3.174448, 9.4703282 ], [ 3.1744212, 9.4703838 ], [ 3.1743461, 9.4704394 ], [ 3.1742549, 9.4705214 ], [ 3.1741691, 9.4705849 ], [ 3.1740779, 9.4706351 ], [ 3.1739706, 9.4706748 ], [ 3.1738901, 9.4707357 ], [ 3.1738177, 9.4708045 ], [ 3.1737453, 9.4708653 ], [ 3.173587, 9.4709553 ], [ 3.173461, 9.4710558 ], [ 3.1732571, 9.4712198 ], [ 3.173182, 9.4713071 ], [ 3.1730881, 9.4714447 ], [ 3.1730399, 9.4715532 ], [ 3.1729299, 9.471913 ], [ 3.1728628, 9.4720082 ], [ 3.1728038, 9.4720638 ], [ 3.1726992, 9.4721379 ], [ 3.1725946, 9.472167 ], [ 3.1723908, 9.4722199 ], [ 3.1722245, 9.4722252 ], [ 3.1721118, 9.4722384 ], [ 3.1720394, 9.4722807 ], [ 3.1719562, 9.4723231 ], [ 3.1718945, 9.4723786 ], [ 3.1718463, 9.4724871 ], [ 3.1718087, 9.4725638 ], [ 3.1717175, 9.4727067 ], [ 3.1716639, 9.4727781 ], [ 3.171578, 9.4728099 ], [ 3.171452, 9.4728575 ], [ 3.1713876, 9.4728972 ], [ 3.1712857, 9.4730056 ], [ 3.1711543, 9.4731273 ], [ 3.1710657, 9.4731855 ], [ 3.1709745, 9.4732146 ], [ 3.1708914, 9.4732146 ], [ 3.1707787, 9.4731882 ], [ 3.1706902, 9.4731591 ], [ 3.1706071, 9.4731644 ], [ 3.1705186, 9.473175 ], [ 3.1704006, 9.4731591 ], [ 3.1703496, 9.4731406 ], [ 3.170186, 9.4730903 ] ] } },
{ "type": "Feature", "properties": { "name": "Chira", "waterway": "stream" }, "geometry": { "type": "LineString", "coordinates": [ [ 3.171629, 9.4758417 ], [ 3.17157, 9.4757386 ], [ 3.1715271, 9.4755825 ], [ 3.1714761, 9.475474 ], [ 3.1714171, 9.4753655 ], [ 3.1712991, 9.4752756 ], [ 3.1712294, 9.4752438 ], [ 3.1711489, 9.4752068 ], [ 3.1710389, 9.4751856 ], [ 3.170945, 9.4751698 ], [ 3.1708726, 9.4751486 ], [ 3.170819, 9.475093 ], [ 3.1707841, 9.475011 ], [ 3.1707814, 9.4749343 ], [ 3.1708136, 9.4748205 ], [ 3.1708565, 9.4747306 ], [ 3.1708914, 9.4746724 ], [ 3.1709021, 9.4745666 ], [ 3.1708753, 9.4744263 ], [ 3.1708431, 9.4743443 ], [ 3.1707868, 9.474265 ], [ 3.1707224, 9.4742147 ], [ 3.1706661, 9.4741803 ], [ 3.1706366, 9.4741142 ], [ 3.170642, 9.4740586 ], [ 3.1706795, 9.4740189 ], [ 3.1707117, 9.473966 ], [ 3.1707332, 9.473884 ], [ 3.1707278, 9.4737755 ], [ 3.1707171, 9.4737226 ], [ 3.1706527, 9.4736247 ], [ 3.1705642, 9.4735612 ], [ 3.1704837, 9.4735162 ], [ 3.1703871, 9.4734501 ], [ 3.170186, 9.4730903 ], [ 3.170135, 9.4730189 ], [ 3.1700841, 9.472913 ], [ 3.1700465, 9.4728152 ], [ 3.1699982, 9.4727543 ], [ 3.169899, 9.4726882 ], [ 3.1698373, 9.4726405 ], [ 3.169789, 9.4725744 ], [ 3.1697407, 9.4723998 ], [ 3.1696871, 9.4722754 ], [ 3.1696388, 9.4721167 ], [ 3.1695986, 9.4720294 ], [ 3.1695557, 9.4719765 ], [ 3.169502, 9.4719553 ], [ 3.1694323, 9.4719685 ], [ 3.1693813, 9.471995 ], [ 3.1693304, 9.4720532 ], [ 3.1692794, 9.4721008 ], [ 3.1692284, 9.4721299 ], [ 3.1691641, 9.4721273 ], [ 3.1691399, 9.4721035 ], [ 3.1691346, 9.4720611 ], [ 3.1691185, 9.4720347 ], [ 3.1690863, 9.472032 ], [ 3.1690514, 9.47204 ], [ 3.1690219, 9.4720664 ], [ 3.1690058, 9.4721114 ], [ 3.1690085, 9.4721749 ], [ 3.1690139, 9.4722172 ], [ 3.168987, 9.4722516 ], [ 3.1689414, 9.472249 ], [ 3.1689039, 9.4722278 ], [ 3.1688449, 9.4721934 ], [ 3.168802, 9.4721723 ], [ 3.168743, 9.4721749 ], [ 3.1686491, 9.4721881 ], [ 3.1686035, 9.4721881 ], [ 3.1685552, 9.4721855 ], [ 3.1684667, 9.472167 ], [ 3.1683728, 9.4721061 ], [ 3.1683138, 9.4720294 ], [ 3.1682655, 9.4719606 ], [ 3.1682253, 9.4719103 ], [ 3.1681877, 9.4718786 ], [ 3.1681314, 9.4718759 ], [ 3.1681019, 9.4719024 ], [ 3.1680885, 9.4719421 ], [ 3.1680509, 9.4719791 ], [ 3.168008, 9.4719897 ], [ 3.1679571, 9.4719791 ], [ 3.1679061, 9.4719553 ], [ 3.1678525, 9.4719289 ], [ 3.1677908, 9.4719051 ], [ 3.167654, 9.4718759 ], [ 3.1675386, 9.4718601 ], [ 3.1674582, 9.471823 ], [ 3.1673938, 9.4717543 ], [ 3.1673616, 9.4716881 ], [ 3.1673267, 9.4716352 ], [ 3.1672892, 9.471577 ], [ 3.1672704, 9.4715003 ], [ 3.1672677, 9.4714077 ], [ 3.1672597, 9.4712966 ], [ 3.1672195, 9.4711828 ], [ 3.1671685, 9.4711246 ], [ 3.1670693, 9.471077 ], [ 3.166962, 9.4710399 ], [ 3.1669217, 9.4709923 ], [ 3.1669083, 9.4709209 ], [ 3.166919, 9.4708733 ], [ 3.1669164, 9.470815 ], [ 3.1668922, 9.4707542 ], [ 3.1668547, 9.4706669 ], [ 3.1668064, 9.4706087 ], [ 3.1667474, 9.4705637 ], [ 3.166683, 9.4705214 ], [ 3.1666374, 9.4704499 ], [ 3.1666294, 9.4703812 ], [ 3.1666455, 9.4703044 ], [ 3.1666723, 9.4702542 ], [ 3.1667152, 9.470061 ], [ 3.1667393, 9.4699896 ], [ 3.1667554, 9.469897 ], [ 3.1667769, 9.4698071 ], [ 3.1667769, 9.4697409 ], [ 3.1667715, 9.4696959 ], [ 3.1667742, 9.4696404 ], [ 3.1667823, 9.4695875 ], [ 3.1668171, 9.4695107 ], [ 3.1668171, 9.4694525 ], [ 3.166801, 9.4694128 ], [ 3.1667528, 9.4693599 ], [ 3.1666777, 9.469352 ], [ 3.1665891, 9.4693758 ], [ 3.1665382, 9.469389 ], [ 3.1664684, 9.4693785 ], [ 3.1663987, 9.469352 ], [ 3.1663236, 9.4692991 ], [ 3.1662914, 9.4692515 ], [ 3.1662539, 9.4691774 ], [ 3.1662619, 9.4691139 ], [ 3.1662968, 9.4690557 ], [ 3.1663531, 9.4689975 ], [ 3.1664255, 9.4689631 ], [ 3.1664684, 9.4689234 ], [ 3.1664845, 9.4688837 ], [ 3.1664684, 9.4688202 ], [ 3.1664416, 9.4687805 ], [ 3.1663933, 9.4687647 ], [ 3.1663236, 9.46877 ], [ 3.1662646, 9.4687991 ], [ 3.1661841, 9.4688387 ], [ 3.1661063, 9.4688493 ], [ 3.1660259, 9.4688546 ], [ 3.1657469, 9.468852 ], [ 3.1656504, 9.4688255 ], [ 3.1655538, 9.4687805 ], [ 3.1655136, 9.4687409 ], [ 3.1654787, 9.4686826 ], [ 3.1654733, 9.4686112 ], [ 3.1654814, 9.4685318 ], [ 3.1654626, 9.4684631 ], [ 3.1654385, 9.468389 ], [ 3.1654304, 9.4683308 ], [ 3.1654251, 9.468262 ], [ 3.1654009, 9.4682038 ], [ 3.165358, 9.4681112 ], [ 3.1653607, 9.4680397 ], [ 3.1654009, 9.4679789 ], [ 3.1654412, 9.467918 ], [ 3.1654465, 9.4678387 ], [ 3.1653848, 9.4677487 ], [ 3.1653124, 9.4677064 ], [ 3.1652132, 9.4676614 ], [ 3.165122, 9.4676164 ], [ 3.1650603, 9.4675715 ], [ 3.1649932, 9.4675159 ], [ 3.1649369, 9.4674418 ], [ 3.1648725, 9.4673466 ], [ 3.1648269, 9.4672434 ], [ 3.1647921, 9.4671296 ], [ 3.1647786, 9.4670608 ], [ 3.164674, 9.4667196 ], [ 3.1646231, 9.466664 ], [ 3.1645641, 9.4666481 ], [ 3.1645051, 9.4666481 ], [ 3.1644219, 9.4666614 ], [ 3.1643254, 9.4666508 ], [ 3.1642449, 9.4665979 ], [ 3.1642154, 9.4665423 ], [ 3.16421, 9.4664603 ], [ 3.1642556, 9.4663809 ], [ 3.1643039, 9.4663068 ], [ 3.1643441, 9.466238 ], [ 3.1643549, 9.4661613 ], [ 3.1643334, 9.4660872 ], [ 3.1642422, 9.4659973 ], [ 3.1641778, 9.465947 ], [ 3.1640679, 9.4659232 ], [ 3.1639203, 9.4659179 ], [ 3.1635609, 9.4659338 ], [ 3.1634885, 9.4659497 ], [ 3.1634295, 9.4659788 ], [ 3.1633544, 9.4659973 ], [ 3.1632283, 9.4660317 ], [ 3.1631103, 9.466037 ], [ 3.1629628, 9.4660343 ], [ 3.1627884, 9.4659867 ], [ 3.1626704, 9.4659364 ], [ 3.162598, 9.4658597 ], [ 3.162539, 9.4657803 ], [ 3.1624934, 9.4656957 ], [ 3.1624317, 9.465574 ], [ 3.162421, 9.4654708 ], [ 3.1624022, 9.4653623 ], [ 3.1623378, 9.4652777 ], [ 3.1622547, 9.4652247 ], [ 3.1621045, 9.4651983 ], [ 3.1620535, 9.4652009 ], [ 3.161965, 9.4652274 ], [ 3.1618443, 9.4652565 ], [ 3.1617478, 9.4652671 ], [ 3.1616566, 9.4652644 ], [ 3.1615439, 9.465238 ], [ 3.1614876, 9.4652089 ], [ 3.1614232, 9.465156 ], [ 3.1613481, 9.4650554 ], [ 3.1613347, 9.4649602 ], [ 3.1612837, 9.4648782 ], [ 3.1611952, 9.4648173 ], [ 3.1610906, 9.4647909 ], [ 3.1609967, 9.4647961 ], [ 3.160868, 9.4648385 ], [ 3.1607527, 9.4648464 ], [ 3.1606346, 9.4648279 ], [ 3.1605086, 9.4647935 ], [ 3.1604415, 9.4647882 ], [ 3.1603342, 9.4647935 ], [ 3.1602484, 9.4647644 ], [ 3.1601894, 9.4647009 ], [ 3.1601492, 9.4646348 ], [ 3.1601036, 9.4645633 ], [ 3.1600794, 9.4644866 ], [ 3.160007, 9.4643913 ], [ 3.1599185, 9.4643517 ], [ 3.1597844, 9.4643517 ], [ 3.1596771, 9.464394 ], [ 3.15961, 9.4644496 ], [ 3.1595296, 9.4645051 ], [ 3.1594437, 9.4645474 ], [ 3.1593686, 9.4645501 ], [ 3.1593069, 9.464521 ], [ 3.159256, 9.4644443 ], [ 3.159197, 9.4643622 ], [ 3.1591326, 9.4643305 ], [ 3.1590682, 9.4643331 ], [ 3.1590226, 9.4643887 ], [ 3.1590039, 9.4644496 ], [ 3.1590199, 9.4645289 ], [ 3.159036, 9.4646295 ], [ 3.1590387, 9.4647035 ], [ 3.1590441, 9.4647935 ], [ 3.1590012, 9.4648596 ], [ 3.1589475, 9.464894 ], [ 3.1588751, 9.4649178 ], [ 3.1588, 9.4649152 ], [ 3.1587329, 9.4648808 ], [ 3.1586847, 9.4648252 ], [ 3.1586605, 9.4647723 ], [ 3.1586203, 9.4647035 ], [ 3.1585801, 9.464648 ], [ 3.1585264, 9.464603 ], [ 3.1584755, 9.4645924 ], [ 3.1584084, 9.464603 ], [ 3.1583655, 9.4646268 ], [ 3.1583199, 9.4646744 ], [ 3.1582877, 9.4647459 ], [ 3.158218, 9.4647829 ], [ 3.1581509, 9.4648094 ], [ 3.1580865, 9.4648094 ], [ 3.1580007, 9.4648067 ], [ 3.1579149, 9.4647829 ], [ 3.1578532, 9.4647512 ], [ 3.15777, 9.4647115 ], [ 3.1577137, 9.4646506 ], [ 3.1576842, 9.4645924 ] ] } },
{ "type": "Feature", "properties": { "name": "Mossi", "waterway": "stream" }, "geometry": { "type": "LineString", "coordinates": [ [ 3.1624961, 9.4911701 ], [ 3.1623405, 9.491059 ], [ 3.1622601, 9.490932 ], [ 3.1621528, 9.4908314 ], [ 3.1620133, 9.4907891 ], [ 3.161847, 9.4907521 ], [ 3.1616539, 9.4906886 ], [ 3.161509, 9.4906145 ], [ 3.1614071, 9.4905881 ], [ 3.1613052, 9.4905881 ], [ 3.1611979, 9.4905246 ], [ 3.1610262, 9.4904505 ], [ 3.1608921, 9.4903341 ], [ 3.1607956, 9.4902177 ], [ 3.1607473, 9.4901225 ], [ 3.1607526, 9.489969 ], [ 3.1607687, 9.4898844 ], [ 3.1608653, 9.4897997 ], [ 3.1608921, 9.4896621 ], [ 3.1609136, 9.4894875 ], [ 3.1609619, 9.4893076 ], [ 3.1609726, 9.4891701 ], [ 3.1609833, 9.4890166 ], [ 3.1609672, 9.4888314 ], [ 3.1609458, 9.4886463 ], [ 3.1609726, 9.4885352 ], [ 3.1609833, 9.4883447 ], [ 3.160978, 9.4881965 ], [ 3.1609082, 9.4880801 ], [ 3.1608117, 9.4879584 ], [ 3.1607634, 9.4878473 ], [ 3.1607473, 9.4877256 ], [ 3.1608331, 9.4875828 ], [ 3.1609565, 9.4874611 ], [ 3.1610423, 9.4873552 ], [ 3.1611335, 9.4873023 ], [ 3.1612676, 9.4872812 ], [ 3.1614178, 9.4872494 ], [ 3.1615144, 9.4871806 ], [ 3.161611, 9.4871013 ], [ 3.1616646, 9.4869478 ], [ 3.1616592, 9.4868367 ], [ 3.161611, 9.4866886 ], [ 3.1615251, 9.4865669 ], [ 3.1614071, 9.4864822 ], [ 3.1612623, 9.4863923 ], [ 3.1611496, 9.486297 ], [ 3.1610638, 9.4862283 ], [ 3.1609833, 9.4861224 ], [ 3.1609297, 9.4860325 ], [ 3.1609136, 9.485932 ], [ 3.1609297, 9.4858208 ], [ 3.1609726, 9.485715 ], [ 3.1609672, 9.4855827 ], [ 3.1609297, 9.4855034 ], [ 3.1608492, 9.4853817 ], [ 3.1608492, 9.4852494 ], [ 3.1608868, 9.4851065 ], [ 3.1609726, 9.484969 ], [ 3.1609994, 9.4848843 ], [ 3.1609994, 9.4847838 ], [ 3.160978, 9.4846886 ], [ 3.1609833, 9.4845774 ], [ 3.161037, 9.4845087 ], [ 3.161096, 9.4844399 ], [ 3.1611979, 9.4843923 ], [ 3.1613427, 9.4843182 ], [ 3.1614339, 9.4842229 ], [ 3.161509, 9.4841647 ], [ 3.1615627, 9.4840642 ], [ 3.1615627, 9.4839795 ], [ 3.1616056, 9.4838896 ], [ 3.1616914, 9.4838208 ], [ 3.1616968, 9.4837362 ], [ 3.1616592, 9.4836303 ], [ 3.1615895, 9.4836039 ], [ 3.1615144, 9.483551 ], [ 3.1614232, 9.4833817 ], [ 3.1613857, 9.4832547 ], [ 3.1613857, 9.4831488 ], [ 3.161391, 9.4830536 ], [ 3.1613535, 9.4829531 ], [ 3.1612998, 9.482879 ], [ 3.161214, 9.4827785 ], [ 3.1611925, 9.4826832 ], [ 3.1611228, 9.4825721 ], [ 3.1610155, 9.4825192 ], [ 3.1608868, 9.4824293 ], [ 3.1607473, 9.4823393 ], [ 3.1607473, 9.4822282 ], [ 3.1607956, 9.4821435 ], [ 3.1608599, 9.4821118 ], [ 3.1609833, 9.4820642 ], [ 3.1610584, 9.4819848 ], [ 3.1610691, 9.4818896 ], [ 3.1610262, 9.4817732 ], [ 3.1609243, 9.4816885 ], [ 3.1608063, 9.4816567 ], [ 3.1607205, 9.4815933 ], [ 3.1607044, 9.4815139 ], [ 3.1607205, 9.4814345 ], [ 3.1607741, 9.4813604 ], [ 3.1608278, 9.4812917 ], [ 3.1608653, 9.4811911 ], [ 3.1608385, 9.4810853 ], [ 3.1607902, 9.4810165 ], [ 3.1607687, 9.4809266 ], [ 3.1607634, 9.4807837 ], [ 3.1608063, 9.4806991 ], [ 3.160817, 9.4806038 ], [ 3.1608063, 9.4804927 ], [ 3.1607419, 9.4803869 ], [ 3.1606615, 9.4802758 ], [ 3.1605864, 9.4801488 ], [ 3.1605273, 9.4800218 ], [ 3.1604522, 9.4798631 ], [ 3.1604361, 9.4797519 ], [ 3.1603825, 9.4796302 ], [ 3.1603825, 9.4795191 ], [ 3.1604147, 9.479408 ], [ 3.1604791, 9.4793286 ], [ 3.1605756, 9.4792599 ], [ 3.1606293, 9.4791646 ], [ 3.16064, 9.479027 ], [ 3.1606239, 9.4787995 ], [ 3.1606668, 9.4786884 ], [ 3.1606615, 9.4785508 ], [ 3.1606239, 9.478445 ], [ 3.1605864, 9.4783074 ], [ 3.1605434, 9.4782122 ], [ 3.1604308, 9.4781593 ], [ 3.1603128, 9.4780482 ], [ 3.1602645, 9.4779476 ], [ 3.1602269, 9.4778259 ], [ 3.1602484, 9.4776672 ], [ 3.1603342, 9.4775032 ], [ 3.1604308, 9.4774079 ], [ 3.1604683, 9.4773021 ], [ 3.1604683, 9.4771751 ], [ 3.1604308, 9.4770746 ], [ 3.1603503, 9.4769952 ], [ 3.1602108, 9.4768894 ], [ 3.1600016, 9.4768047 ], [ 3.1599641, 9.4766883 ], [ 3.159948, 9.476609 ], [ 3.1599265, 9.476519 ], [ 3.1598461, 9.4764873 ], [ 3.1597549, 9.4764608 ], [ 3.1596798, 9.4763867 ], [ 3.159669, 9.4763021 ], [ 3.1596744, 9.4762121 ], [ 3.1596315, 9.4761222 ], [ 3.159551, 9.476064 ], [ 3.1594598, 9.4760428 ], [ 3.159374, 9.475937 ], [ 3.1593257, 9.4758788 ], [ 3.1592238, 9.4758153 ], [ 3.1590843, 9.4757518 ], [ 3.1589502, 9.4757518 ], [ 3.1587893, 9.4757306 ], [ 3.1586391, 9.4757042 ], [ 3.158564, 9.4756566 ], [ 3.158505, 9.4756036 ], [ 3.1584674, 9.4755401 ], [ 3.1584567, 9.4754449 ], [ 3.1584191, 9.4753391 ], [ 3.1583494, 9.4752438 ], [ 3.1583065, 9.4751645 ], [ 3.1582689, 9.4750851 ], [ 3.1582797, 9.4750269 ], [ 3.1582984, 9.4749449 ], [ 3.1583065, 9.4748708 ], [ 3.1582743, 9.4747888 ], [ 3.1582153, 9.4747385 ], [ 3.1581187, 9.4747094 ], [ 3.1580275, 9.4746962 ], [ 3.1579068, 9.4746433 ], [ 3.1578505, 9.4745798 ], [ 3.1578264, 9.4745189 ], [ 3.1578425, 9.474466 ], [ 3.1578451, 9.4744105 ], [ 3.1578156, 9.4743417 ], [ 3.157762, 9.4742755 ], [ 3.157703, 9.4742253 ], [ 3.1576171, 9.4741644 ], [ 3.1575769, 9.4740877 ], [ 3.157542, 9.4740163 ], [ 3.1575152, 9.4739422 ], [ 3.1574616, 9.4738469 ], [ 3.1573945, 9.4737729 ], [ 3.1573543, 9.4737094 ], [ 3.1573194, 9.4736274 ], [ 3.1573167, 9.4735639 ], [ 3.1573489, 9.4734792 ], [ 3.1573918, 9.4734131 ], [ 3.1574053, 9.4733443 ], [ 3.1573999, 9.4732676 ], [ 3.1573838, 9.4732014 ], [ 3.1573275, 9.4731326 ], [ 3.1572336, 9.4730718 ], [ 3.1571504, 9.4730321 ], [ 3.1570673, 9.4730136 ], [ 3.1569681, 9.4729554 ], [ 3.1569144, 9.472876 ], [ 3.1568983, 9.4728072 ], [ 3.1568634, 9.4727437 ], [ 3.1568125, 9.4726776 ], [ 3.1567642, 9.4726564 ], [ 3.1567159, 9.4726644 ], [ 3.1566891, 9.4726908 ], [ 3.1566301, 9.4727437 ], [ 3.1565604, 9.4727596 ], [ 3.1565094, 9.4727464 ], [ 3.156496, 9.4727014 ], [ 3.156496, 9.4726485 ], [ 3.1564799, 9.4726141 ], [ 3.1564397, 9.4726009 ], [ 3.1563941, 9.4726379 ], [ 3.1562975, 9.4727675 ], [ 3.1562439, 9.4727913 ], [ 3.1561902, 9.4727755 ], [ 3.156158, 9.4727252 ], [ 3.156158, 9.4726723 ], [ 3.1562197, 9.4725903 ], [ 3.1562734, 9.4725109 ], [ 3.1562895, 9.4724712 ], [ 3.1563082, 9.4724262 ], [ 3.1563351, 9.4723442 ], [ 3.1563485, 9.4722569 ], [ 3.1563565, 9.4720559 ], [ 3.156378, 9.4719976 ], [ 3.1564423, 9.4719183 ], [ 3.1565899, 9.4717093 ], [ 3.1566033, 9.4716273 ], [ 3.1565979, 9.4715505 ], [ 3.1565389, 9.4713944 ], [ 3.1564906, 9.4713204 ], [ 3.1564397, 9.4712516 ], [ 3.1564209, 9.4711696 ], [ 3.1564423, 9.4710849 ], [ 3.1565174, 9.4710135 ], [ 3.156606, 9.4709526 ], [ 3.1566757, 9.4708918 ], [ 3.1566998, 9.4708362 ], [ 3.156673, 9.4707807 ], [ 3.1566113, 9.4707542 ], [ 3.1565309, 9.4707251 ], [ 3.1564772, 9.470696 ], [ 3.156437, 9.4706616 ], [ 3.1564289, 9.4706113 ], [ 3.1564584, 9.4705743 ], [ 3.1565148, 9.4705664 ], [ 3.1566945, 9.470532 ], [ 3.1567669, 9.4705134 ], [ 3.1568125, 9.470479 ], [ 3.1569707, 9.4702886 ], [ 3.1570083, 9.4702118 ], [ 3.1570137, 9.4701457 ], [ 3.1569707, 9.4701087 ], [ 3.1569225, 9.4700557 ], [ 3.156901, 9.4699737 ], [ 3.1569064, 9.4699102 ], [ 3.1569546, 9.4698626 ], [ 3.1570271, 9.4698388 ], [ 3.1570941, 9.4698229 ], [ 3.1571451, 9.4697832 ], [ 3.1571665, 9.4697303 ], [ 3.1571692, 9.4696271 ], [ 3.1571424, 9.4695451 ], [ 3.1571263, 9.4694552 ], [ 3.1571451, 9.4693943 ], [ 3.1571478, 9.4693255 ], [ 3.1571075, 9.4692673 ], [ 3.1570592, 9.4692277 ], [ 3.1570056, 9.4691933 ], [ 3.1569815, 9.469143 ], [ 3.1569761, 9.4690954 ], [ 3.1569895, 9.4690451 ], [ 3.1570271, 9.469016 ], [ 3.1571048, 9.4689816 ], [ 3.1571799, 9.4689843 ], [ 3.1572658, 9.4689843 ], [ 3.1573221, 9.468971 ], [ 3.1574106, 9.468926 ], [ 3.1574348, 9.4689022 ], [ 3.1574616, 9.4688229 ], [ 3.1574509, 9.4687567 ], [ 3.1574133, 9.4687303 ], [ 3.1573758, 9.468717 ], [ 3.1573141, 9.46868 ], [ 3.1572926, 9.4686059 ], [ 3.1572819, 9.4685451 ], [ 3.1572819, 9.4684551 ], [ 3.1572711, 9.4684022 ], [ 3.1572363, 9.4683308 ], [ 3.1571934, 9.468262 ], [ 3.1571317, 9.468217 ], [ 3.1570753, 9.4681641 ], [ 3.1570351, 9.4680953 ], [ 3.1570137, 9.468008 ], [ 3.1570324, 9.4679392 ], [ 3.1570512, 9.4678863 ], [ 3.1570914, 9.4678466 ], [ 3.1571424, 9.4678149 ], [ 3.1572014, 9.4677725 ], [ 3.1572792, 9.4677434 ], [ 3.1573382, 9.467717 ], [ 3.1573704, 9.4676403 ], [ 3.1573677, 9.4675688 ], [ 3.157306, 9.4674974 ], [ 3.1572551, 9.4674683 ], [ 3.1571665, 9.4674445 ], [ 3.1570968, 9.4673916 ], [ 3.1570753, 9.4673598 ], [ 3.1570673, 9.4673175 ], [ 3.1570592, 9.467246 ], [ 3.1571022, 9.4672037 ], [ 3.1572363, 9.467127 ], [ 3.1573114, 9.4670688 ], [ 3.1573275, 9.4670053 ], [ 3.1573194, 9.4669365 ], [ 3.1572765, 9.4668624 ], [ 3.1572202, 9.4667857 ], [ 3.1571799, 9.4667301 ], [ 3.1571558, 9.4666693 ], [ 3.1571424, 9.4665767 ], [ 3.1571558, 9.4664867 ], [ 3.1571853, 9.4663862 ], [ 3.1571746, 9.4662936 ], [ 3.1571156, 9.4662222 ], [ 3.1570592, 9.4661587 ], [ 3.1570432, 9.4660952 ], [ 3.1570619, 9.4660343 ], [ 3.1570995, 9.4659814 ], [ 3.1571183, 9.4659073 ], [ 3.157129, 9.4658597 ], [ 3.1571129, 9.4657803 ], [ 3.1570861, 9.4657142 ], [ 3.1570834, 9.4656454 ], [ 3.1571048, 9.465574 ], [ 3.1571451, 9.4655078 ], [ 3.1571585, 9.4654523 ], [ 3.157137, 9.4653914 ], [ 3.1570914, 9.4653491 ], [ 3.1570137, 9.4653226 ], [ 3.1569761, 9.4652671 ], [ 3.1569573, 9.4652168 ], [ 3.1569841, 9.4651507 ], [ 3.157019, 9.4650898 ], [ 3.1570619, 9.465066 ], [ 3.157137, 9.4650237 ], [ 3.1571773, 9.4649866 ], [ 3.1572255, 9.464894 ], [ 3.1572738, 9.464775 ], [ 3.1572872, 9.4647194 ], [ 3.1573194, 9.4646824 ], [ 3.1573811, 9.4646612 ], [ 3.1574911, 9.4646453 ], [ 3.1575501, 9.464648 ], [ 3.1576118, 9.4646295 ], [ 3.1576842, 9.4645924 ] ] } },
{ "type": "Feature", "properties": { "name": null, "waterway": "stream" }, "geometry": { "type": "LineString", "coordinates": [ [ 3.152400938374555, 9.474112431029884 ], [ 3.1524485, 9.4740745 ], [ 3.1525129, 9.4740427 ], [ 3.1526202, 9.4740136 ], [ 3.1526819, 9.4739607 ], [ 3.1527758, 9.4739237 ], [ 3.1528187, 9.473929 ], [ 3.1528696, 9.4739686 ], [ 3.1529126, 9.4739792 ], [ 3.1529528, 9.4739607 ], [ 3.1529796, 9.4739395 ], [ 3.1530306, 9.4739422 ], [ 3.1530815, 9.4739448 ], [ 3.1531486, 9.4739184 ], [ 3.1531754, 9.473876 ], [ 3.1532049, 9.4738046 ], [ 3.1532425, 9.4737596 ], [ 3.1533122, 9.4737279 ], [ 3.1533685, 9.4737173 ], [ 3.1534061, 9.4737332 ], [ 3.1534329, 9.4737676 ], [ 3.1534383, 9.4738417 ], [ 3.1534141, 9.4738972 ], [ 3.1534222, 9.4739686 ], [ 3.1534812, 9.4739977 ], [ 3.1535697, 9.4739872 ], [ 3.1536099, 9.4739634 ], [ 3.1536475, 9.4739184 ], [ 3.1536689, 9.4738496 ], [ 3.153677, 9.4737861 ], [ 3.1536931, 9.4737411 ], [ 3.1537145, 9.4737147 ], [ 3.1537655, 9.4737067 ], [ 3.1538379, 9.473712 ], [ 3.153913, 9.4737358 ], [ 3.1539667, 9.4737623 ], [ 3.1540337, 9.4737782 ], [ 3.1540981, 9.4737702 ], [ 3.1541598, 9.4737279 ], [ 3.1542027, 9.473675 ], [ 3.1542081, 9.4736221 ], [ 3.1541947, 9.4735612 ], [ 3.1542295, 9.4735321 ], [ 3.1542832, 9.4735242 ], [ 3.1543341, 9.4735321 ], [ 3.154377, 9.4735401 ], [ 3.1544414, 9.4735242 ], [ 3.154479, 9.4734924 ], [ 3.1545165, 9.4734554 ], [ 3.154538, 9.4734157 ], [ 3.1545621, 9.4733681 ], [ 3.1545863, 9.4733363 ], [ 3.1546211, 9.4733019 ], [ 3.1546479, 9.473294 ], [ 3.1546989, 9.473294 ], [ 3.1547338, 9.4733231 ], [ 3.1547418, 9.4733654 ], [ 3.1547418, 9.4734025 ], [ 3.1547445, 9.4734475 ], [ 3.1547606, 9.4734871 ], [ 3.1548089, 9.473511 ], [ 3.1548464, 9.4735083 ], [ 3.1548706, 9.4734766 ], [ 3.1548598, 9.4734422 ], [ 3.1548437, 9.4734078 ], [ 3.1548491, 9.4733628 ], [ 3.1548893, 9.473331 ], [ 3.1549323, 9.4733019 ], [ 3.1549537, 9.4732702 ], [ 3.1549564, 9.4732252 ], [ 3.1549296, 9.4732067 ], [ 3.1549054, 9.473175 ], [ 3.1549135, 9.4731273 ], [ 3.1549618, 9.4731009 ], [ 3.1550208, 9.4731035 ], [ 3.1550717, 9.4731088 ], [ 3.1551281, 9.473085 ], [ 3.1551361, 9.4730533 ], [ 3.1551388, 9.4730003 ], [ 3.1551602, 9.4729501 ], [ 3.1551924, 9.4729342 ], [ 3.1552407, 9.472958 ], [ 3.1552756, 9.4730083 ], [ 3.1553373, 9.4730506 ], [ 3.1553909, 9.4730638 ], [ 3.1554553, 9.4730665 ], [ 3.1555384, 9.4730506 ], [ 3.1555974, 9.4730109 ], [ 3.1556645, 9.4729342 ], [ 3.155745, 9.4728204 ], [ 3.1557959, 9.4727649 ], [ 3.1558415, 9.4726855 ], [ 3.1558791, 9.472622 ], [ 3.1559622, 9.4725585 ], [ 3.15604, 9.4725479 ], [ 3.1561097, 9.4725347 ], [ 3.1561553, 9.472503 ], [ 3.1562036, 9.4724553 ], [ 3.1562492, 9.4724183 ], [ 3.1563351, 9.4723442 ] ] } },
{ "type": "Feature", "properties": { "name": null, "waterway": "stream" }, "geometry": { "type": "LineString", "coordinates": [ [ 3.2823927, 9.6353656 ], [ 3.2827945, 9.6354477 ], [ 3.2833845, 9.6354245 ], [ 3.2836252, 9.635478 ], [ 3.283846, 9.6356975 ], [ 3.2842496, 9.6359598 ], [ 3.2843292, 9.636388 ], [ 3.2843726, 9.6366164 ], [ 3.2845952, 9.6368484 ], [ 3.2848243, 9.6370658 ], [ 3.2850405, 9.6371535 ], [ 3.2861017, 9.6371838 ], [ 3.2864854, 9.6374336 ], [ 3.2868184, 9.6378404 ], [ 3.2871949, 9.6376548 ], [ 3.2877016, 9.6375407 ], [ 3.2880925, 9.6377762 ] ] } },
{ "type": "Feature", "properties": { "name": null, "waterway": "stream" }, "geometry": { "type": "LineString", "coordinates": [ [ 3.3509892, 9.6764914 ], [ 3.3510812, 9.6763724 ] ] } },
{ "type": "Feature", "properties": { "name": null, "waterway": "stream" }, "geometry": { "type": "LineString", "coordinates": [ [ 3.344655146503788, 9.680435270321954 ], [ 3.3473453, 9.6789164 ], [ 3.349194, 9.6786068 ], [ 3.3499197, 9.6783996 ], [ 3.3500945, 9.6770471 ], [ 3.3504784, 9.676682 ], [ 3.3508762, 9.6766949 ] ] } },
{ "type": "Feature", "properties": { "name": null, "waterway": "stream" }, "geometry": { "type": "LineString", "coordinates": [ [ 3.361246548649073, 9.703369450303677 ], [ 3.3612524, 9.7033665 ], [ 3.3622078, 9.702872 ], [ 3.3627814, 9.7026581 ] ] } },
{ "type": "Feature", "properties": { "name": null, "waterway": "stream" }, "geometry": { "type": "MultiLineString", "coordinates": [ [ [ 3.329346275009996, 9.741117850360025 ], [ 3.330128, 9.7407336 ], [ 3.3326084, 9.7407977 ], [ 3.3351632, 9.7401819 ], [ 3.3405438, 9.7388044 ], [ 3.3447548, 9.737447 ], [ 3.3475572, 9.734884 ], [ 3.3510171, 9.7326521 ], [ 3.3528681, 9.7309694 ], [ 3.3553539, 9.7291797 ], [ 3.3552111, 9.727827 ], [ 3.3568139, 9.7251807 ], [ 3.3568658, 9.7230974 ], [ 3.3565839, 9.7213461 ], [ 3.3576352, 9.7196105 ], [ 3.3575803, 9.7176661 ], [ 3.3586895, 9.7143365 ], [ 3.3595966, 9.7130019 ], [ 3.3603402, 9.711908 ], [ 3.3613286, 9.709479 ], [ 3.3625028, 9.7083425 ], [ 3.3629779, 9.7059008 ], [ 3.3629236, 9.7028794 ], [ 3.3627814, 9.7026581 ], [ 3.361515383625501, 9.70068799071924 ] ], [ [ 3.361190397216177, 9.699858318666257 ], [ 3.3610328, 9.6986677 ], [ 3.3602988, 9.69741 ], [ 3.3606705, 9.6955349 ], [ 3.359361, 9.6934196 ], [ 3.3583548, 9.6916676 ], [ 3.3571115, 9.6894729 ], [ 3.3543435, 9.6856938 ], [ 3.3536558, 9.6827444 ], [ 3.3518092, 9.6789465 ], [ 3.351238, 9.6776599 ], [ 3.3509916, 9.677105 ], [ 3.3508762, 9.6766949 ], [ 3.3509892, 9.6764914 ] ] ] } },
{ "type": "Feature", "properties": { "name": null, "waterway": "stream" }, "geometry": { "type": "LineString", "coordinates": [ [ 3.3430012, 9.7922927 ], [ 3.3413303, 9.7936412 ], [ 3.3396163, 9.7941947 ], [ 3.3374557, 9.795458 ], [ 3.3354392, 9.7968206 ], [ 3.3341716, 9.7977716 ], [ 3.332650356444591, 9.798254605243496 ] ] } },
{ "type": "Feature", "properties": { "name": null, "waterway": "river" }, "geometry": { "type": "MultiLineString", "coordinates": [ [ [ 3.353156904875302, 9.828485212837423 ], [ 3.3553246, 9.8293766 ], [ 3.3560113, 9.8304337 ], [ 3.357549, 9.8313761 ], [ 3.3576509, 9.8316219 ], [ 3.3578145, 9.8315769 ], [ 3.3578816, 9.8314739 ], [ 3.358292, 9.8317699 ], [ 3.3588933, 9.8322572 ], [ 3.3590591, 9.8324596 ], [ 3.3591463, 9.8327054 ], [ 3.3593367, 9.8327754 ], [ 3.3594252, 9.8328402 ], [ 3.3594333, 9.8329895 ], [ 3.3595124, 9.8330701 ], [ 3.3594856, 9.8331454 ], [ 3.359545842018718, 9.833270959186443 ] ], [ [ 3.359986837691479, 9.833581013090386 ], [ 3.3601373, 9.8335458 ], [ 3.3602715, 9.8334243 ], [ 3.3603573, 9.8334163 ], [ 3.3604726, 9.8335062 ], [ 3.360537, 9.83367 ], [ 3.3607328, 9.8337493 ], [ 3.3611083, 9.8338339 ], [ 3.361237, 9.834077 ], [ 3.361598339514037, 9.834290046963817 ] ], [ [ 3.361606519509655, 9.834292825913051 ], [ 3.36386219771791, 9.834475722592055 ] ], [ [ 3.365434211527119, 9.834088234096614 ], [ 3.3655579, 9.8340026 ], [ 3.365879522367307, 9.834063209961613 ] ], [ [ 3.366301155150044, 9.834142666956446 ], [ 3.3694629, 9.8347385 ], [ 3.372301, 9.8353902 ], [ 3.3736881, 9.8363154 ], [ 3.3757366, 9.8373876 ], [ 3.3774864, 9.8384179 ], [ 3.3793642, 9.8392168 ], [ 3.3807726, 9.8388174 ], [ 3.38105, 9.8396163 ], [ 3.381161815119848, 9.839747143996425 ] ], [ [ 3.383771460591983, 9.839953215753763 ], [ 3.3849337, 9.8396373 ], [ 3.3855099, 9.8395953 ], [ 3.3862567, 9.8394061 ], [ 3.3873664, 9.8396373 ], [ 3.3881132, 9.8397635 ], [ 3.38871978393899, 9.839709166514783 ] ], [ [ 3.39031968540377, 9.839550882254915 ], [ 3.3911647, 9.8389856 ], [ 3.3928291, 9.838523 ], [ 3.3936827, 9.8382707 ], [ 3.3941714, 9.838366 ], [ 3.3947137, 9.8384717 ], [ 3.3940056, 9.8391694 ], [ 3.3958295, 9.839846 ], [ 3.3961514, 9.8394231 ], [ 3.3975032, 9.8401208 ], [ 3.3982543, 9.8403534 ], [ 3.400915, 9.83955 ], [ 3.4029964, 9.8394866 ], [ 3.4033335, 9.8392675 ], [ 3.4040049, 9.8388312 ], [ 3.4044341, 9.8370129 ], [ 3.4055284, 9.8365267 ], [ 3.4058074, 9.8373723 ], [ 3.405979, 9.8376261 ], [ 3.4068373, 9.8374146 ], [ 3.4071592, 9.8376049 ], [ 3.4078029, 9.8373723 ], [ 3.4079102, 9.8366324 ], [ 3.4075883, 9.8360404 ], [ 3.4090046, 9.8355541 ], [ 3.4104637, 9.8350256 ], [ 3.4116653, 9.8347719 ], [ 3.4126524, 9.8337147 ], [ 3.4129742, 9.8321925 ], [ 3.4137252, 9.8325096 ], [ 3.4149912, 9.8316851 ], [ 3.4153989, 9.8306279 ], [ 3.4161285, 9.8303319 ], [ 3.4167079, 9.8301416 ], [ 3.4170297, 9.8296765 ], [ 3.4190038, 9.8288308 ], [ 3.4208492, 9.8282599 ], [ 3.4213048, 9.8271892 ], [ 3.4214028, 9.8269853 ], [ 3.4219068, 9.8259368 ], [ 3.4216488, 9.8256825 ], [ 3.4217348, 9.825014 ], [ 3.4219164, 9.8244772 ], [ 3.4222509, 9.8241288 ], [ 3.4228052, 9.8234885 ], [ 3.4241145, 9.8228199 ], [ 3.4246974, 9.8223961 ], [ 3.4250797, 9.8214921 ], [ 3.4256722, 9.8210213 ], [ 3.4259398, 9.8210024 ] ] ] } },
{ "type": "Feature", "properties": { "name": null, "waterway": "stream" }, "geometry": { "type": "LineString", "coordinates": [ [ 3.7709695, 9.6577752 ], [ 3.7680983, 9.6559104 ], [ 3.7661391, 9.6541454 ], [ 3.7634706, 9.6509486 ], [ 3.7624234, 9.649783 ], [ 3.7570188, 9.6468525 ], [ 3.7487296, 9.6425948 ] ] } },
{ "type": "Feature", "properties": { "name": null, "waterway": "stream" }, "geometry": { "type": "LineString", "coordinates": [ [ 3.3510812, 9.6763724 ], [ 3.3512366, 9.6754928 ], [ 3.35131, 9.6738145 ], [ 3.3501071, 9.6717654 ], [ 3.3490973, 9.6704934 ], [ 3.3489978, 9.6693414 ], [ 3.3496339, 9.6680412 ], [ 3.3496339, 9.6673865 ], [ 3.3498288, 9.6671076 ], [ 3.3503208, 9.6676552 ], [ 3.3506539, 9.6671916 ], [ 3.351781, 9.6662604 ], [ 3.3531642, 9.6651114 ], [ 3.3540247, 9.6644939 ], [ 3.3546788, 9.6638329 ], [ 3.354594, 9.6628354 ], [ 3.3549548, 9.6620543 ], [ 3.3561789, 9.6622473 ], [ 3.3577206, 9.6621915 ], [ 3.3589552, 9.6628627 ], [ 3.360945, 9.6637061 ], [ 3.3619106, 9.6639663 ], [ 3.3623816, 9.6638409 ], [ 3.3645267, 9.662323 ], [ 3.3647548, 9.6612341 ], [ 3.3648859, 9.6599478 ], [ 3.3653705, 9.6586759 ], [ 3.3663448, 9.6580977 ], [ 3.3675716, 9.6569326 ], [ 3.3677703, 9.6560924 ], [ 3.3688667, 9.653598 ], [ 3.3692644, 9.6510218 ], [ 3.3692788, 9.6498431 ], [ 3.369497, 9.6491909 ], [ 3.3690462, 9.6486236 ] ] } },
{ "type": "Feature", "properties": { "name": null, "waterway": "river" }, "geometry": { "type": "LineString", "coordinates": [ [ 3.724365, 9.6207866 ], [ 3.7231828, 9.6240837 ], [ 3.7222861, 9.6286537 ], [ 3.7231644, 9.629786 ], [ 3.7224888, 9.6337824 ], [ 3.7237049, 9.6363133 ], [ 3.7222861, 9.6403762 ], [ 3.7222186, 9.6431735 ], [ 3.7224888, 9.6445056 ], [ 3.7232995, 9.6457045 ], [ 3.7245831, 9.6459709 ], [ 3.7255289, 9.6470365 ], [ 3.7232995, 9.6487682 ], [ 3.7234346, 9.6501002 ], [ 3.7241102, 9.6512324 ], [ 3.7243293, 9.6535181 ], [ 3.7274821, 9.6571443 ], [ 3.7282942, 9.6576152 ], [ 3.7301573, 9.6576152 ], [ 3.7308738, 9.6582746 ], [ 3.7320681, 9.661006 ], [ 3.732271, 9.6612619 ], [ 3.7332624, 9.6625129 ], [ 3.733549, 9.6634548 ], [ 3.7333101, 9.6643966 ], [ 3.7317337, 9.665621 ], [ 3.7298229, 9.6654327 ], [ 3.7293452, 9.6662803 ], [ 3.729584, 9.6672222 ], [ 3.7340267, 9.6710366 ], [ 3.7350299, 9.6710366 ], [ 3.7367974, 9.671743 ], [ 3.7364152, 9.6726377 ], [ 3.7356031, 9.6731558 ], [ 3.7316382, 9.6723081 ], [ 3.7306828, 9.6725907 ], [ 3.7291063, 9.6738621 ], [ 3.7286286, 9.6747098 ], [ 3.7309216, 9.6764992 ], [ 3.731256, 9.6773939 ], [ 3.7297751, 9.680031 ], [ 3.7281031, 9.6811612 ], [ 3.7291063, 9.6828564 ], [ 3.7313993, 9.68474 ], [ 3.732307, 9.6864353 ], [ 3.7325458, 9.6883659 ], [ 3.7316382, 9.69105 ], [ 3.7319726, 9.6939224 ], [ 3.7294407, 9.6955705 ], [ 3.7255235, 9.6964181 ], [ 3.7215108, 9.6999968 ], [ 3.7236127, 9.70447 ], [ 3.7249503, 9.7058356 ], [ 3.7305394, 9.7047526 ], [ 3.7312082, 9.7054118 ], [ 3.7310649, 9.7064006 ], [ 3.7303006, 9.7070598 ], [ 3.7305872, 9.7080015 ], [ 3.7313993, 9.7086137 ], [ 3.732307, 9.7088962 ], [ 3.7360808, 9.7085195 ], [ 3.7369885, 9.7088491 ], [ 3.7384216, 9.7102146 ] ] } },
{ "type": "Feature", "properties": { "name": null, "waterway": "stream" }, "geometry": { "type": "LineString", "coordinates": [ [ 3.7628288, 9.6600063 ], [ 3.7613763, 9.6618045 ], [ 3.7594509, 9.6640022 ], [ 3.7562757, 9.6648347 ], [ 3.7523573, 9.6663998 ], [ 3.7508711, 9.6682646 ], [ 3.747054, 9.6692968 ], [ 3.7434735, 9.668431 ], [ 3.7417845, 9.6692302 ], [ 3.7392173, 9.6707287 ], [ 3.7367974, 9.671743 ] ] } },
{ "type": "Feature", "properties": { "name": null, "waterway": "stream" }, "geometry": { "type": "LineString", "coordinates": [ [ 3.3866393, 9.8234479 ], [ 3.3868422, 9.8250187 ], [ 3.3873515, 9.8269051 ], [ 3.3882715, 9.8283919 ], [ 3.3892203, 9.8291891 ], [ 3.3893266, 9.8301852 ], [ 3.3894447, 9.8308042 ], [ 3.3897381, 9.832341 ], [ 3.3901208, 9.8332176 ], [ 3.3907942, 9.8338687 ], [ 3.3916059, 9.8348946 ], [ 3.3923737, 9.8358872 ], [ 3.3926672, 9.8361758 ], [ 3.3930946, 9.836596 ], [ 3.3934809, 9.8372733 ], [ 3.3939078, 9.8379409 ], [ 3.3941714, 9.838366 ] ] } },
{ "type": "Feature", "properties": { "name": "Oli", "waterway": "river" }, "geometry": { "type": "LineString", "coordinates": [ [ 4.133836355356286, 9.85568619961527 ], [ 4.1374723, 9.8560119 ], [ 4.1421071, 9.8578723 ], [ 4.1436521, 9.8600709 ], [ 4.145131485619239, 9.861204594501014 ] ] } },
{ "type": "Feature", "properties": { "name": "Oli", "waterway": "river" }, "geometry": { "type": "MultiLineString", "coordinates": [ [ [ 4.0419379, 9.8626575 ], [ 4.0432302, 9.8637917 ], [ 4.043811756852186, 9.864196131319247 ] ], [ [ 4.051889345621359, 9.863388401805439 ], [ 4.0540986, 9.8599847 ], [ 4.0562764, 9.8573649 ], [ 4.057043789394865, 9.857112870239195 ] ], [ [ 4.057917783014284, 9.856825829 ], [ 4.0593663, 9.8563501 ], [ 4.0622846, 9.8553354 ], [ 4.0648124, 9.8554366 ], [ 4.066451966257281, 9.856825829 ] ], [ [ 4.079088940456493, 9.853342280873719 ], [ 4.0792791, 9.8529676 ], [ 4.0811673, 9.8487393 ], [ 4.0827123, 9.8472171 ], [ 4.0837423, 9.847048 ], [ 4.0866605, 9.8487393 ], [ 4.0900937, 9.8516145 ], [ 4.0918103, 9.8526293 ], [ 4.0923253, 9.8558427 ], [ 4.0926686, 9.858887 ], [ 4.0940419, 9.8627769 ], [ 4.093208111246612, 9.864584170880581 ] ], [ [ 4.095246315, 9.869961144368443 ], [ 4.0954152, 9.8702183 ], [ 4.0959302, 9.8719095 ], [ 4.0967885, 9.8732625 ], [ 4.0990201, 9.8734316 ], [ 4.0998784, 9.875461 ], [ 4.1010801, 9.8766448 ], [ 4.10314, 9.878336 ], [ 4.1053016, 9.8785555 ], [ 4.1118522, 9.8801422 ], [ 4.1145074, 9.8807061 ], [ 4.116304340592142, 9.880693408621225 ] ], [ [ 4.122771760070131, 9.861058480661784 ], [ 4.1213361, 9.8593944 ], [ 4.120159819138216, 9.857308327631639 ] ], [ [ 4.11976774499398, 9.855108521186452 ], [ 4.1199628, 9.8534749 ], [ 4.1215078, 9.8511071 ], [ 4.123396, 9.8504306 ], [ 4.1252843, 9.8511071 ], [ 4.126758473126053, 9.852112650426815 ] ] ] } },
{ "type": "Feature", "properties": { "name": null, "waterway": "stream" }, "geometry": { "type": "LineString", "coordinates": [ [ 3.542721861666697, 9.877434469021171 ], [ 3.5430547, 9.8772869 ], [ 3.5446185, 9.8782498 ], [ 3.5484591, 9.87936 ], [ 3.549793, 9.8800057 ], [ 3.5515983, 9.880153 ], [ 3.5535604, 9.8795165 ], [ 3.5544271, 9.8792354 ], [ 3.5565889, 9.8781479 ], [ 3.5575393, 9.8776759 ], [ 3.558945, 9.8778617 ], [ 3.5592566, 9.8773436 ], [ 3.5606135, 9.8772756 ], [ 3.5619243, 9.8781139 ], [ 3.5629362, 9.8792014 ], [ 3.5643966, 9.8788049 ], [ 3.5669033, 9.8780799 ], [ 3.5683522, 9.8775135 ], [ 3.5691801, 9.8774342 ], [ 3.5694906, 9.8780459 ], [ 3.5701345, 9.8778873 ], [ 3.5705987, 9.8782067 ] ] } },
{ "type": "Feature", "properties": { "name": null, "waterway": "stream" }, "geometry": { "type": "LineString", "coordinates": [ [ 3.9119251, 9.8985477 ], [ 3.9143064, 9.8996187 ], [ 3.915156, 9.8996968 ], [ 3.9155961, 9.8995234 ], [ 3.9156269, 9.8991288 ], [ 3.9160759, 9.8987602 ], [ 3.9165689, 9.8987602 ], [ 3.9170487, 9.898526 ], [ 3.9174448, 9.8984957 ], [ 3.9181667, 9.8981575 ], [ 3.9196589, 9.8973466 ], [ 3.9207109, 9.8972382 ], [ 3.9215472, 9.8974203 ], [ 3.9223175, 9.8970648 ], [ 3.9233959, 9.8970908 ], [ 3.9238052, 9.8968696 ], [ 3.9242366, 9.8969433 ], [ 3.9260193, 9.8965964 ], [ 3.9286383, 9.8960067 ], [ 3.9294174, 9.8957249 ], [ 3.9307027, 9.8949444 ], [ 3.9315918, 9.8949357 ], [ 3.93581, 9.895507 ], [ 3.9374387, 9.8962181 ], [ 3.9381077, 9.8969726 ], [ 3.938363, 9.9014736 ], [ 3.9380813, 9.9029392 ], [ 3.938319, 9.9051072 ], [ 3.9387357, 9.906582 ], [ 3.9392524, 9.907074 ], [ 3.9397606, 9.9074049 ], [ 3.9405615, 9.907617 ] ] } },
{ "type": "Feature", "properties": { "name": "Oli", "waterway": "river" }, "geometry": { "type": "MultiLineString", "coordinates": [ [ [ 3.9317424, 9.9696203 ], [ 3.931708, 9.9677627 ], [ 3.9318113, 9.9670586 ], [ 3.931975, 9.96638 ], [ 3.9327673, 9.9648532 ], [ 3.9334477, 9.9636063 ], [ 3.9341884, 9.9616214 ], [ 3.9347396, 9.9593395 ], [ 3.9354113, 9.9553103 ], [ 3.9356869, 9.9538682 ], [ 3.9361089, 9.9532066 ], [ 3.9366773, 9.9528927 ], [ 3.9375386, 9.9529181 ], [ 3.9382448, 9.9531302 ], [ 3.9403462, 9.9537495 ], [ 3.9416066, 9.9545986 ], [ 3.9430591, 9.9562094 ], [ 3.9445249, 9.9583183 ], [ 3.9467797, 9.9605865 ], [ 3.9478562, 9.961299 ], [ 3.9490792, 9.961545 ], [ 3.9501385, 9.9616298 ], [ 3.9520591, 9.9610954 ], [ 3.9529806, 9.9605525 ], [ 3.953549, 9.9594328 ], [ 3.9538074, 9.9584658 ], [ 3.9547375, 9.9570323 ], [ 3.9582772, 9.9544535 ], [ 3.9601203, 9.9531217 ], [ 3.9617222, 9.9523498 ], [ 3.9643145, 9.951527 ], [ 3.9681987, 9.9502291 ], [ 3.969708831364355, 9.950172134489089 ] ], [ [ 3.969224015859937, 9.943612454065541 ], [ 3.9666743, 9.941797 ], [ 3.9641681, 9.9401089 ], [ 3.9634619, 9.9397526 ], [ 3.9616533, 9.9392606 ], [ 3.9607145, 9.938828 ], [ 3.9601978, 9.938319 ], [ 3.9599049, 9.9374876 ], [ 3.9598533, 9.9365969 ], [ 3.959973668491452, 9.935895894807732 ] ], [ [ 3.954222253270109, 9.933597654166793 ], [ 3.9521021, 9.9361642 ], [ 3.951327, 9.9368005 ], [ 3.9504055, 9.9372501 ], [ 3.9495184, 9.9373689 ], [ 3.9483299, 9.9371059 ], [ 3.947305, 9.9366563 ], [ 3.9464955, 9.9360709 ], [ 3.9458982, 9.9354923 ], [ 3.9441615, 9.9328473 ], [ 3.943950270738144, 9.932570635586375 ] ], [ [ 3.934597344214801, 9.926960301356734 ], [ 3.9342142, 9.9262387 ], [ 3.9338094, 9.9250426 ], [ 3.9336113, 9.9238379 ], [ 3.933818, 9.9228623 ], [ 3.934619, 9.9221751 ], [ 3.935479766448555, 9.920783215250291 ] ], [ [ 3.939117314330953, 9.913606287345694 ], [ 3.9392955, 9.9132333 ], [ 3.9395625, 9.9122492 ], [ 3.9397778, 9.9103064 ], [ 3.940062, 9.9090932 ], [ 3.9405615, 9.907617 ], [ 3.9417414, 9.9064038 ], [ 3.9426888, 9.905759 ], [ 3.9441271, 9.905496 ], [ 3.9456601, 9.9055809 ], [ 3.9474601, 9.907337 ], [ 3.947843732515994, 9.90789318100002 ] ], [ [ 3.956197216264652, 9.90789318100002 ], [ 3.9573901, 9.9051736 ], [ 3.9590782, 9.9031375 ], [ 3.9611021, 9.9011607 ], [ 3.96217, 9.9003801 ], [ 3.9655374, 9.8997269 ], [ 3.9680609, 9.8997778 ], [ 3.9695767, 9.9003632 ], [ 3.9718159, 9.90178 ], [ 3.9744857, 9.903655 ], [ 3.9762822, 9.9052244 ], [ 3.976615592025299, 9.905624503232428 ] ], [ [ 3.983710032267727, 9.896579974857676 ], [ 3.9833909, 9.8961889 ], [ 3.9826933, 9.8949333 ], [ 3.982857, 9.8934146 ], [ 3.9834254, 9.8920656 ], [ 3.9844761, 9.8911153 ], [ 3.9858368, 9.890479 ], [ 3.9879124, 9.8900548 ], [ 3.9895832, 9.8898172 ], [ 3.9907545, 9.8903178 ], [ 3.9918397, 9.8914886 ], [ 3.9927354, 9.8926595 ], [ 3.9935019, 9.8935419 ], [ 3.994165, 9.894789 ], [ 3.9943976, 9.8957308 ], [ 3.9944148, 9.8975634 ], [ 3.9948023, 9.8989718 ], [ 3.995373191112154, 9.900830251500532 ] ], [ [ 4.006525767640571, 9.902942714659988 ], [ 4.0079018, 9.9011692 ], [ 4.0108558, 9.8987342 ], [ 4.011493816171313, 9.898225405363695 ] ], [ [ 4.012403866048397, 9.889124907982673 ], [ 4.0116568, 9.8874161 ], [ 4.0114501, 9.886135 ], [ 4.0114587, 9.8850914 ], [ 4.0128367, 9.8830975 ], [ 4.0133706, 9.8817315 ], [ 4.0139218, 9.8789909 ], [ 4.0145075, 9.8759958 ], [ 4.0154376, 9.872814 ], [ 4.016189739082739, 9.87074097805788 ] ], [ [ 4.020221326591176, 9.861530212158995 ], [ 4.0205017, 9.8602138 ], [ 4.0219744, 9.8560985 ], [ 4.0229648, 9.8525601 ], [ 4.0243773, 9.8506763 ], [ 4.0257811, 9.8495478 ], [ 4.026582, 9.8493102 ], [ 4.0277447, 9.8496157 ], [ 4.0288471, 9.8505915 ], [ 4.0295016, 9.8517879 ], [ 4.0302078, 9.8538074 ], [ 4.0310519, 9.8551736 ], [ 4.032292, 9.8562597 ], [ 4.0336528, 9.8569046 ], [ 4.0357973, 9.8576598 ], [ 4.0367619, 9.8582537 ], [ 4.0378556, 9.859518 ], [ 4.039225, 9.8608926 ], [ 4.0419379, 9.8626575 ] ] ] } },
{ "type": "Feature", "properties": { "name": null, "waterway": "stream" }, "geometry": { "type": "LineString", "coordinates": [ [ 3.556796518824855, 9.889107162232911 ], [ 3.5572717, 9.888444 ], [ 3.5580656, 9.8868163 ], [ 3.559396, 9.8860764 ], [ 3.5597298, 9.885808 ], [ 3.5612628, 9.8845756 ], [ 3.5634944, 9.8814258 ], [ 3.5649964, 9.8808762 ], [ 3.5664341, 9.8799672 ], [ 3.5673782, 9.8789948 ], [ 3.568494, 9.8785508 ], [ 3.5705987, 9.8782067 ], [ 3.5710341, 9.8781355 ], [ 3.5721059, 9.8773645 ], [ 3.5724972, 9.8757052 ], [ 3.5727524, 9.8746157 ], [ 3.5730416, 9.8740794 ], [ 3.5738412, 9.8740459 ], [ 3.5745387, 9.8736269 ], [ 3.5745728, 9.8732749 ], [ 3.5737391, 9.8729732 ], [ 3.5737051, 9.8724871 ], [ 3.5741815, 9.8720178 ], [ 3.57493, 9.8717329 ], [ 3.5754234, 9.8711965 ], [ 3.5746068, 9.8710122 ], [ 3.5745047, 9.8703752 ], [ 3.5754404, 9.8697718 ], [ 3.5764782, 9.8692187 ], [ 3.57755, 9.8693193 ], [ 3.57755, 9.8686824 ], [ 3.5777372, 9.8678946 ], [ 3.5789079, 9.8673697 ], [ 3.5790152, 9.8667989 ], [ 3.5808391, 9.8664183 ], [ 3.5827059, 9.8657207 ], [ 3.5843796, 9.8662281 ], [ 3.5860533, 9.8659533 ], [ 3.5869974, 9.8650865 ], [ 3.5896367, 9.8641986 ], [ 3.5899371, 9.8630993 ], [ 3.5915035, 9.8630993 ], [ 3.5926408, 9.8642197 ], [ 3.5933489, 9.8647905 ], [ 3.5949368, 9.8637969 ], [ 3.5962457, 9.8627188 ], [ 3.596825, 9.8628879 ], [ 3.5984987, 9.863501 ], [ 3.6000866, 9.8644946 ], [ 3.6011595, 9.8640506 ], [ 3.602168, 9.8636489 ], [ 3.6033911, 9.8641352 ], [ 3.6038631, 9.8653825 ], [ 3.6039704, 9.8673062 ], [ 3.6050648, 9.8678559 ], [ 3.6064166, 9.8667989 ], [ 3.607232, 9.8673274 ], [ 3.6085624, 9.8678982 ], [ 3.6093127, 9.8680857 ], [ 3.6101298, 9.8680746 ], [ 3.6115135, 9.8690475 ], [ 3.6125649, 9.8700622 ], [ 3.6124576, 9.8723665 ], [ 3.613509, 9.8747765 ], [ 3.6143888, 9.8768904 ], [ 3.6155261, 9.8781799 ], [ 3.6166633, 9.8799979 ], [ 3.6175431, 9.8810972 ], [ 3.6191953, 9.8829152 ], [ 3.6197532, 9.8846063 ], [ 3.6205686, 9.8869527 ], [ 3.6213411, 9.8883268 ], [ 3.6217059, 9.8889821 ], [ 3.6213196, 9.8909903 ], [ 3.6211265, 9.8921529 ], [ 3.6225642, 9.894922 ], [ 3.6240233, 9.8950911 ], [ 3.6261905, 9.8949643 ], [ 3.6281432, 9.8954082 ], [ 3.6307181, 9.8964017 ], [ 3.6310108, 9.8964066 ], [ 3.6316312, 9.896865 ], [ 3.6322951, 9.8978552 ], [ 3.634002, 9.900173 ], [ 3.6341093, 9.902308 ], [ 3.6331652, 9.9037665 ], [ 3.6324356, 9.9047177 ], [ 3.633015, 9.9069583 ], [ 3.6343024, 9.908142 ], [ 3.6359332, 9.9095159 ], [ 3.636813, 9.9111647 ], [ 3.6370705, 9.9128345 ], [ 3.6365555, 9.9139548 ], [ 3.6364267, 9.9157515 ], [ 3.6373709, 9.9178018 ], [ 3.6385725, 9.9195984 ], [ 3.6389802, 9.9203805 ], [ 3.6402462, 9.9211837 ], [ 3.6414264, 9.9215853 ], [ 3.6413834, 9.9223885 ], [ 3.6403535, 9.923403 ], [ 3.6405037, 9.9242485 ], [ 3.6414067, 9.9247076 ], [ 3.6421599, 9.9247453 ], [ 3.6423345, 9.9250625 ], [ 3.6426015, 9.9257894 ], [ 3.6429019, 9.9269942 ], [ 3.6429663, 9.9283258 ], [ 3.6438461, 9.9287485 ], [ 3.6440821, 9.9298053 ], [ 3.6437817, 9.9308833 ], [ 3.6435027, 9.9316442 ], [ 3.6426444, 9.9321303 ], [ 3.6418934, 9.9326798 ], [ 3.6417861, 9.934265 ], [ 3.6424298, 9.935512 ], [ 3.6429234, 9.9373297 ], [ 3.6434813, 9.9393165 ], [ 3.6443825, 9.9408805 ], [ 3.644876, 9.942212 ], [ 3.6466356, 9.9445792 ], [ 3.6483307, 9.9470309 ], [ 3.6493821, 9.9496728 ], [ 3.6505194, 9.9521667 ], [ 3.6510344, 9.9545972 ], [ 3.652515, 9.9575771 ], [ 3.6530085, 9.9590565 ], [ 3.6533089, 9.9616561 ], [ 3.6543174, 9.9640442 ], [ 3.6550255, 9.9659251 ], [ 3.6552615, 9.9675313 ], [ 3.6567207, 9.9711029 ], [ 3.6574073, 9.9731951 ], [ 3.6589737, 9.9757311 ], [ 3.6597247, 9.9773372 ], [ 3.6598749, 9.9798521 ], [ 3.6614733, 9.9815738 ], [ 3.6635762, 9.9821443 ], [ 3.6654001, 9.9821655 ], [ 3.6669236, 9.9831164 ], [ 3.6681299, 9.9874928 ], [ 3.6699752, 9.9889298 ], [ 3.6702165, 9.9906886 ], [ 3.6695307, 9.9919551 ], [ 3.6676853, 9.9942163 ], [ 3.6683076, 9.9953151 ], [ 3.6695521, 9.9959913 ], [ 3.6713117, 9.9967521 ], [ 3.6734789, 9.9982102 ], [ 3.6742084, 9.9989498 ], [ 3.6740368, 10.0005135 ], [ 3.6752384, 10.000746 ], [ 3.676483, 10.0011475 ], [ 3.6762684, 10.0023097 ], [ 3.6761396, 10.0032607 ], [ 3.6772769, 10.0032818 ], [ 3.6787538, 10.003141 ], [ 3.6798634, 10.0044859 ], [ 3.679586, 10.0054946 ], [ 3.680653, 10.0063562 ], [ 3.6807597, 10.007596 ], [ 3.6803089, 10.0087518 ], [ 3.6800729, 10.0096605 ], [ 3.6808883, 10.0106748 ], [ 3.6816607, 10.0116679 ], [ 3.6826049, 10.0132105 ], [ 3.6829053, 10.0140346 ], [ 3.6832701, 10.0171196 ], [ 3.6835061, 10.0184931 ], [ 3.6844502, 10.019613 ], [ 3.6847292, 10.0210076 ], [ 3.6853085, 10.0227615 ], [ 3.6864458, 10.023987 ], [ 3.6867677, 10.0255295 ], [ 3.6879049, 10.0257831 ], [ 3.6892138, 10.0263324 ], [ 3.6904584, 10.0260366 ], [ 3.6917458, 10.0256774 ], [ 3.6931835, 10.0259098 ], [ 3.6940847, 10.026755 ], [ 3.6960374, 10.0284032 ], [ 3.6974965, 10.0285933 ], [ 3.6983977, 10.0304105 ], [ 3.6986337, 10.0313613 ], [ 3.7005864, 10.0314247 ], [ 3.7016164, 10.0314036 ], [ 3.7022386, 10.0329461 ], [ 3.7029038, 10.0335377 ], [ 3.7033974, 10.0355238 ], [ 3.7037407, 10.0374044 ], [ 3.703805, 10.0392849 ], [ 3.7048565, 10.0418837 ], [ 3.7072597, 10.0439332 ], [ 3.7084614, 10.0441656 ], [ 3.7115513, 10.0427289 ], [ 3.7126885, 10.0426232 ], [ 3.7149201, 10.0439332 ], [ 3.7164865, 10.0452643 ], [ 3.7160574, 10.0474617 ], [ 3.7168084, 10.0488773 ], [ 3.7171946, 10.0498281 ], [ 3.7171946, 10.0510324 ], [ 3.7185679, 10.0515184 ], [ 3.719276, 10.0527227 ], [ 3.719555, 10.0543918 ], [ 3.7196623, 10.0551313 ], [ 3.7200075, 10.0557112 ] ] } },
{ "type": "Feature", "properties": { "name": "Oli", "waterway": "river" }, "geometry": { "type": "MultiLineString", "coordinates": [ [ [ 3.858757094243557, 10.052309308135795 ], [ 3.8593808, 10.0509582 ], [ 3.8609258, 10.0477467 ], [ 3.8617841, 10.0453803 ], [ 3.8647023, 10.043859 ], [ 3.8669339, 10.0428449 ], [ 3.8695089, 10.0430139 ], [ 3.871178313062616, 10.043248695945058 ] ], [ [ 3.875768693652339, 10.039808784557207 ], [ 3.8763753, 10.0391261 ], [ 3.8782636, 10.0377739 ], [ 3.8801519, 10.0359145 ], [ 3.8815251, 10.0330409 ], [ 3.8842717, 10.0303363 ], [ 3.8859883, 10.0299982 ], [ 3.8889066, 10.0303363 ], [ 3.8911382, 10.0296602 ], [ 3.891825904454933, 10.029336309003103 ] ], [ [ 3.902424301047451, 10.020062687500433 ], [ 3.9022962, 10.0191796 ], [ 3.90211185877542, 10.018868427349537 ] ], [ [ 3.890232401090288, 10.015606304772861 ], [ 3.8889066, 10.0149535 ], [ 3.886675, 10.0112345 ], [ 3.8847867, 10.0049797 ], [ 3.8834134, 9.9988938 ], [ 3.88513, 9.9938221 ], [ 3.887048721999975, 9.991710174381524 ] ], [ [ 3.89013269903055, 9.988315659648409 ], [ 3.8909665, 9.9873979 ], [ 3.8925115, 9.9872288 ], [ 3.8947431, 9.9880741 ], [ 3.895284792197061, 9.988683819288054 ] ], [ [ 3.911312606091851, 9.990888969882 ], [ 3.9132825, 9.9911172 ], [ 3.9151708, 9.9928078 ], [ 3.9163724, 9.9950055 ], [ 3.916530383040047, 9.995361132760504 ] ], [ [ 3.921707601290253, 9.99955272699998 ], [ 3.9240972, 9.9988938 ], [ 3.9261571, 9.9988938 ], [ 3.9283887, 9.9990628 ], [ 3.93079303220751, 9.99955272699998 ] ], [ [ 3.936727815568709, 9.998323572813398 ], [ 3.9374868, 9.9973723 ], [ 3.93989, 9.9955127 ], [ 3.9412633, 9.9933149 ], [ 3.9434949, 9.990441 ], [ 3.9455548, 9.9889194 ], [ 3.9491597, 9.984862 ], [ 3.954135795107513, 9.98312300834888 ] ], [ [ 3.935818267609012, 9.972697305759173 ], [ 3.9357701, 9.9726894 ], [ 3.9328519, 9.9715059 ], [ 3.9320525, 9.9707484 ], [ 3.9317424, 9.9696203 ] ] ] } },
{ "type": "Feature", "properties": { "name": "Oli", "waterway": "river" }, "geometry": { "type": "LineString", "coordinates": [ [ 3.5987558, 10.0532142 ], [ 3.5998085, 10.0530215 ], [ 3.6016238, 10.0529817 ], [ 3.6020881, 10.0532663 ], [ 3.6023028, 10.0538077 ], [ 3.6026849, 10.0540379 ], [ 3.6031999, 10.054124 ], [ 3.6038298, 10.0544418 ], [ 3.604404, 10.0548289 ], [ 3.6052543, 10.0554933 ], [ 3.6059763, 10.055779 ], [ 3.6069886, 10.0564455 ], [ 3.6074514, 10.0568661 ], [ 3.6079531, 10.0572459 ], [ 3.6081778, 10.0576481 ], [ 3.6081965, 10.0587557 ], [ 3.6082729, 10.0594516 ], [ 3.6085556, 10.0600951 ], [ 3.6091275, 10.0612198 ], [ 3.6093946, 10.0614473 ], [ 3.6096955, 10.06157 ], [ 3.6100498, 10.0615766 ] ] } },
{ "type": "Feature", "properties": { "name": "Oli", "waterway": "river" }, "geometry": { "type": "MultiLineString", "coordinates": [ [ [ 3.6100498, 10.0615766 ], [ 3.6101846, 10.0612761 ], [ 3.6102032, 10.0604077 ], [ 3.6104184, 10.0598289 ], [ 3.6108438, 10.0593318 ], [ 3.6119427, 10.0588391 ], [ 3.6129955, 10.0585069 ], [ 3.6135416, 10.0586924 ], [ 3.6141053, 10.0587333 ], [ 3.6147536, 10.0585922 ], [ 3.6153457, 10.0582485 ], [ 3.6159112, 10.0578132 ], [ 3.6172984, 10.0577444 ], [ 3.6192131, 10.0560983 ], [ 3.6192781, 10.0557228 ], [ 3.6187518, 10.0550982 ], [ 3.6185763, 10.0545533 ], [ 3.6190757, 10.0540749 ], [ 3.6195096, 10.053303 ], [ 3.620122, 10.053031 ], [ 3.6227535, 10.0518622 ], [ 3.6240913, 10.0522823 ], [ 3.624886, 10.0522343 ], [ 3.6258163, 10.0520609 ], [ 3.6264921, 10.0514236 ], [ 3.6270328, 10.0503594 ], [ 3.6277135, 10.0498156 ], [ 3.6284828, 10.0499751 ], [ 3.6291981, 10.0506529 ], [ 3.6301387, 10.0508827 ], [ 3.6310472, 10.0516695 ], [ 3.6330893, 10.0521863 ], [ 3.6346221, 10.0519861 ], [ 3.6389963, 10.050543 ], [ 3.641063, 10.0503644 ], [ 3.6424164, 10.0518274 ], [ 3.6437677, 10.0521811 ], [ 3.646339, 10.0518703 ], [ 3.6473161, 10.0512403 ], [ 3.6474118, 10.0498821 ], [ 3.6478915, 10.0491313 ], [ 3.6491485, 10.0477895 ], [ 3.6508211, 10.0467063 ], [ 3.6537461, 10.0465523 ], [ 3.6559814, 10.0454135 ], [ 3.657637, 10.0437692 ], [ 3.6596317, 10.0427927 ], [ 3.66016, 10.0428459 ], [ 3.6606772, 10.0433839 ], [ 3.6608148, 10.0442443 ], [ 3.6611119, 10.0452113 ], [ 3.6607219, 10.0476543 ], [ 3.6612727, 10.0482446 ], [ 3.6621233, 10.0488114 ], [ 3.6640251, 10.0502971 ], [ 3.6648851, 10.0514964 ], [ 3.66557, 10.0525881 ], [ 3.6670266, 10.0539241 ], [ 3.6667814, 10.054813 ], [ 3.6667768, 10.055691 ], [ 3.6670545, 10.0565183 ], [ 3.6678353, 10.0570871 ], [ 3.6691654, 10.057492 ], [ 3.6694892, 10.057283 ], [ 3.6694624, 10.0568069 ], [ 3.6701795, 10.0566647 ], [ 3.6705087, 10.0568865 ], [ 3.6713849, 10.0574476 ], [ 3.6726549, 10.0572117 ], [ 3.6736634, 10.0565891 ], [ 3.6747641, 10.0548483 ], [ 3.6754785, 10.0539026 ], [ 3.6768055, 10.0534738 ], [ 3.6803211, 10.0533221 ], [ 3.6826941, 10.0528226 ], [ 3.6851723, 10.0526626 ], [ 3.6877817, 10.0530197 ], [ 3.6903092, 10.0531542 ], [ 3.6925523, 10.053741 ], [ 3.6931882, 10.05513 ], [ 3.6936754, 10.0565216 ], [ 3.6945564, 10.0572884 ], [ 3.696518, 10.0573754 ], [ 3.6994875, 10.0568824 ], [ 3.7019131, 10.0552473 ], [ 3.7047434, 10.054237 ], [ 3.7068113, 10.0539855 ], [ 3.7080531, 10.0537089 ], [ 3.7086167, 10.0542941 ], [ 3.7105504, 10.0563671 ], [ 3.7116763, 10.0578577 ], [ 3.7132432, 10.0575992 ], [ 3.7156313, 10.0566447 ], [ 3.7187902, 10.0555219 ], [ 3.7200075, 10.0557112 ], [ 3.7220993, 10.0557006 ], [ 3.7241067, 10.0562814 ], [ 3.7258283, 10.0575502 ], [ 3.7287465, 10.0600856 ], [ 3.7299482, 10.0624519 ], [ 3.7320081, 10.063804 ], [ 3.7336483, 10.0641771 ], [ 3.7364456, 10.0651502 ], [ 3.7378476, 10.0667965 ], [ 3.7387029, 10.0693816 ], [ 3.7377599, 10.070978 ], [ 3.736506701999986, 10.07462000128338 ] ], [ [ 3.734855943067929, 10.085803289565325 ], [ 3.736686753697374, 10.087199501886298 ] ], [ [ 3.744239865761888, 10.081351396766172 ], [ 3.7441651, 10.081153 ], [ 3.7440947, 10.0778577 ], [ 3.7464284, 10.0751475 ], [ 3.7481602, 10.0721373 ], [ 3.7470296, 10.0703868 ], [ 3.7481102, 10.0686713 ], [ 3.7499638, 10.06639 ], [ 3.7517307, 10.0652787 ], [ 3.7529417, 10.0641986 ], [ 3.756384, 10.0612687 ], [ 3.7594074, 10.0596478 ], [ 3.762261468247833, 10.058503198115931 ] ], [ [ 3.772925212727028, 10.038758867911094 ], [ 3.7726918, 10.0377739 ], [ 3.7730352, 10.0349003 ], [ 3.7742368, 10.0327028 ], [ 3.7768117, 10.0311815 ], [ 3.7799016, 10.0296602 ], [ 3.7836782, 10.0286459 ], [ 3.7879697, 10.0296602 ], [ 3.7884847, 10.0318576 ], [ 3.78798421776954, 10.033927519400777 ] ], [ [ 3.786724424668264, 10.041382123663489 ], [ 3.7867681, 10.0416616 ], [ 3.7865964, 10.0441971 ], [ 3.7850515, 10.0465635 ], [ 3.7836782, 10.0480848 ], [ 3.7814466, 10.0507892 ], [ 3.780538763010725, 10.0530876888407 ] ], [ [ 3.784092942019296, 10.061381352800471 ], [ 3.7841931, 10.0614377 ], [ 3.7864247, 10.0619448 ], [ 3.789343, 10.0616068 ], [ 3.7922612, 10.0614377 ], [ 3.793451006831528, 10.062462806999974 ] ], [ [ 3.798700546926026, 10.0702267 ], [ 3.803328344293607, 10.0702267 ] ], [ [ 3.813497155171149, 10.067880209196403 ], [ 3.8135472, 10.0678605 ], [ 3.8154355, 10.0660013 ], [ 3.8169805, 10.0648182 ], [ 3.819933671066634, 10.062346557875198 ] ], [ [ 3.823822313299885, 10.053928683518826 ], [ 3.8241902, 10.0524795 ], [ 3.8255635, 10.0499441 ], [ 3.8274518, 10.0490989 ], [ 3.829920645174554, 10.049354822416456 ] ], [ [ 3.837577504975012, 10.049083909383352 ], [ 3.8399831, 10.0487609 ], [ 3.8439313, 10.0499441 ], [ 3.8475362, 10.0504512 ], [ 3.8499395, 10.0518034 ], [ 3.8514844, 10.0534936 ], [ 3.852142659139535, 10.054789796313498 ] ] ] } }
]
}
