{"type":"FeatureCollection","features":[{"type":"Feature","id":188,"geometry":{"type":"Polygon","coordinates":[[[6.125701427000024,7.575399876000006],[6.123775959,7.579134941000007],[6.122677802999988,7.5832247729999835],[6.118761063000022,7.591416836000008],[6.098731041000008,7.588197230999981],[6.048503875999984,7.580123900999979],[6.0433878900000195,7.577459811999972],[6.040482998000016,7.574569225000005],[6.0358619689999955,7.572275161999983],[6.0329561230000195,7.5693840980000004],[6.028888225999992,7.565337181000018],[6.026548862000027,7.561859131000006],[6.025364876000026,7.558952808000015],[6.024734019999983,7.554296017000013],[6.022953986999994,7.549645901000019],[6.023499012000002,7.547309874999996],[6.0211682319999795,7.54441499699999],[6.017077922999988,7.538619041000004],[6.012996197000007,7.533405780999999],[6.004125595000005,7.529235840000013],[6.002026080999997,7.5282487869999954],[5.9945487979999825,7.5271439549999855],[5.989405154999986,7.5289349560000005],[5.987115860000017,7.529537200999982],[5.982531070999983,7.530157088999999],[5.979086875999997,7.5301852229999895],[5.975643158000025,7.530212878999976],[5.973297118999994,7.526152133999972],[5.970964908999974,7.523255824999978],[5.9691858290000255,7.518608093000012],[5.967428207000012,7.515707016000022],[5.965109825000013,7.513978004000023],[5.962800026000025,7.512831210999991],[5.959945201999972,7.514019965999978],[5.954218863999984,7.515233039999998],[5.9530282019999845,7.511744022000016],[5.952970982000011,7.5070819850000134],[5.951171875,7.501221656999974],[5.948815823000018,7.496039866999979],[5.948134899000024,7.487301826000021],[5.953258038000001,7.483763217999979],[5.95492982899998,7.4796690939999735],[5.956608771999981,7.476157188000002],[5.957714081000006,7.472651004999989],[5.963303089000021,7.460363864999977],[5.966173172000026,7.460340023000015],[5.971339225999998,7.4602990149999755],[5.975343226999996,7.459099770000023],[5.978772162999974,7.457905768999979],[5.984490870999991,7.456110001000013],[5.9867148399999905,7.45026397700002],[5.987259864999999,7.447926998000014],[5.987216949000015,7.4444298739999795],[5.987182140000016,7.441515922999997],[5.984870910999973,7.440369128999976],[5.981406212000024,7.438648224000019],[5.979661942000007,7.4369139670000095],[5.97733688400001,7.434600830000022],[5.975586890999978,7.432283878000021],[5.974402904999977,7.4293789860000174],[5.973793983000007,7.426468849000003],[5.972601891000011,7.422980784999993],[5.971411228000022,7.419494152000027],[5.968483924999987,7.414854049999974],[5.9690079690000175,7.410768985999994],[5.970127106000007,7.408429146000003],[5.974661826999977,7.403728007999973],[5.974051952000025,7.4008188249999876],[5.975708961000009,7.395558833999985],[5.978558064000026,7.393786906999992],[5.979677200000026,7.3914461140000185],[5.978499888999977,7.389123917000006],[5.977316856000016,7.386219025000003],[5.974970817999974,7.382157802999984],[5.974919795999995,7.378077984000015],[5.974884986999996,7.3751640319999865],[5.975996017,7.372240067000007],[5.978241920000016,7.368141174000016],[5.981091021999987,7.366368770999998],[5.986794949,7.363408089000018],[5.987339973000019,7.361072062999995],[5.986731051999982,7.35816192599998],[5.9866948129999855,7.355247974000008],[5.98087596900001,7.348884106000014],[5.978566170000022,7.347735881999995],[5.975113868999983,7.347181797000019],[5.971662997999999,7.346627235000028],[5.968785763000028,7.346066952000001],[5.964760780000006,7.345518111999979],[5.957695006999984,7.344322205000026],[5.954996108999978,7.3450140950000105],[5.950448036000012,7.344475268999986],[5.9452099800000155,7.3427619930000105],[5.940609931999973,7.342216968999992],[5.937151909000022,7.341079234999995],[5.933119773999977,7.339945793000027],[5.927371978999986,7.339409827999987],[5.923339843999997,7.338276862999976],[5.919308186000023,7.337144851999994],[5.917542933999982,7.333662032999996],[5.9180240630000185,7.326079844999981],[5.918569088000027,7.323742867000021],[5.917385100999979,7.320837975000018],[5.916209220999974,7.318517208000003],[5.916747093000026,7.31559801100002],[5.9178662300000155,7.313257217],[5.919545174000007,7.309745788999976],[5.921224117000008,7.306233883000004],[5.922924995000017,7.3044710159999795],[5.924044132000006,7.302131175999989],[5.924582004999991,7.299211979000006],[5.923961163000001,7.296279906999985],[5.9216327670000055,7.292823791999979],[5.916991234000022,7.288781165999978],[5.91407108300001,7.284725189000028],[5.912299156000017,7.280659199000013],[5.909392834000016,7.277768134999974],[5.914653778000002,7.272829055999978],[5.92011022600002,7.268260956000006],[5.9255647659999795,7.263693810000007],[5.931923865999977,7.260058879999974],[5.9410071369999855,7.255526066000016],[5.949176787999988,7.252831936000007],[5.962319851000018,7.2487525939999955],[5.967329978999999,7.2474608420000095],[5.971877097999993,7.243809223000028],[5.976428032000001,7.2383089069999755],[5.980072021000012,7.2328009610000095],[5.987348080000004,7.2264041899999825],[5.991885185000001,7.225522995000006],[5.997323036000012,7.2264981270000135],[6.002754211000024,7.2293210029999955],[6.005465984000011,7.2321181300000035],[6.010003089999998,7.231236935000027],[6.012732029000006,7.228491782999981],[6.019067763999999,7.2322468759999765],[6.021770000000004,7.2378149030000145],[6.024481772999991,7.2406120300000225],[6.0335497859999805,7.240697861000001],[6.040811061999989,7.238918780999995],[6.046242237000001,7.241742133999992],[6.055302143000006,7.24459886599999],[6.063457012000015,7.246523857],[6.066176890999998,7.246550082999988],[6.070720196000025,7.2438211439999804],[6.075263022999991,7.241093159000002],[6.08072709999999,7.233755111999983],[6.082551955999975,7.230075836000026],[6.085285187000011,7.226408004999996],[6.088929176000022,7.220899105000001],[6.093483924999987,7.214476108999975],[6.097127913999998,7.2089672089999794],[6.100776196000027,7.202536106000025],[6.105319022999993,7.199807167000017],[6.114401816999987,7.1952738759999875],[6.12439107900002,7.190750121999997],[6.1316490169999724,7.189895153000009],[6.138001918999976,7.188107014000025],[6.143447875999982,7.1863107679999985],[6.1488981250000165,7.1835908890000155],[6.152536869000016,7.179931163999981],[6.156181812,7.174423218000015],[6.161640166999973,7.168931960999998],[6.16438102699999,7.162490844999979],[6.165306090999991,7.1569571499999824],[6.166224003000025,7.153271198000027],[6.167149067000025,7.147737026000016],[6.1689767839999945,7.143135071000017],[6.171718121000026,7.136693954000009],[6.174464225999998,7.128407001000028],[6.176296234000006,7.122880936000001],[6.180317878999972,7.1127581599999985],[6.184488772999998,7.112796783000022],[6.198979855000005,7.118476868000016],[6.211626052999975,7.134301186000016],[6.218843936999974,7.145454884000003],[6.226067065999985,7.155684947999987],[6.229671000999986,7.163108825999984],[6.237775802999977,7.180737971999974],[6.244995116999974,7.191892146999976],[6.249507903999984,7.198400973999981],[6.254031181000016,7.202138901000012],[6.256732940999996,7.207706927999993],[6.260334015000012,7.216054916000019],[6.262113093999972,7.227158069999973],[6.265652180000018,7.2549052240000265],[6.26741886100001,7.269701957999985],[6.268280983000011,7.283566952000001],[6.26914119700001,7.298356055999989],[6.270891189999986,7.318696021999983],[6.269941807000009,7.331620215999976],[6.2671990389999905,7.338984013000015],[6.266272067999978,7.345441817999983],[6.2662510870000006,7.351908207000008],[6.268043995000028,7.358391761999997],[6.270755768000015,7.361188889000005],[6.276193142000011,7.362164021000012],[6.280733108999982,7.360360146000005],[6.285270213999979,7.359478951000028],[6.290710925999974,7.3595299720000185],[6.295241832999977,7.360496997999974],[6.3043298719999825,7.354115963000027],[6.310692786999994,7.349557876999995],[6.315240860000017,7.344982146999996],[6.32070016900002,7.339490891000025],[6.3234291080000276,7.336744785000008],[6.327969074000009,7.33494091],[6.3334240909999835,7.330372809999972],[6.337059974999988,7.327637196000012],[6.340692997000019,7.325822829999993],[6.345221042999981,7.327713965999976],[6.348834038000007,7.332366943000011],[6.350642203999996,7.334230900000023],[6.3524460790000035,7.337019919999989],[6.358773231999976,7.3435459140000034],[6.364192962999994,7.350063800999976],[6.368719101000011,7.352879046999988],[6.372327804999998,7.358455181000011],[6.375935077999998,7.36495590200002],[6.376830100999996,7.368659019000006],[6.3813500399999725,7.373322009999981],[6.384064197999976,7.375195025999972],[6.387681960999998,7.377999783000007],[6.391305923000004,7.378958225000019],[6.394023894999975,7.379908085000011],[6.398554801999978,7.380875111000023],[6.402173995999988,7.383679867000012],[6.405792236000025,7.386486052999999],[6.413041114999999,7.388401984999973],[6.417564868999989,7.391215800999987],[6.421184062999998,7.39402198800002],[6.422992228999988,7.395885943999986],[6.428423882000004,7.398708820000024],[6.432164192000016,7.402327060999994],[6.427671909000026,7.410523891000025],[6.426575184000001,7.414612770000019],[6.422245025999985,7.416828156000008],[6.378143786999999,7.39752101900001],[6.375302792000014,7.399876118000009],[6.367911816000003,7.405766009999979],[6.362790108000013,7.4093050960000255],[6.358232975000021,7.412255764000008],[6.2984290119999855,7.497266769000021],[6.295000076000008,7.498460770000008],[6.290988921999997,7.499076843000012],[6.284101008999983,7.4991331100000025],[6.276596068999993,7.495697021000012],[6.274837971000011,7.492795944000022],[6.273073195999984,7.489314078999996],[6.2718892099999834,7.4864091869999925],[6.270139217000008,7.484090804999994],[6.267814159000011,7.4817790989999935],[6.263773918000027,7.480062961999977],[6.259168148000015,7.47893381099999],[6.2557168010000055,7.478380202999972],[6.2528400420000025,7.477819920000002],[6.244790077000005,7.476719855999988],[6.237886906000028,7.475611210000011],[6.233273983000004,7.473898888000008],[6.226923942999974,7.471036910999999],[6.225323199999991,7.468395709999982],[6.22339391700001,7.464070796999977],[6.221047877999979,7.4600090980000004],[6.218708992000018,7.456531047999988],[6.20886516600001,7.449615955000013],[6.200786113999982,7.446185112000023],[6.193274020999979,7.4421658520000165],[6.189808846000005,7.440444946000014],[6.186916827999994,7.438720225999987],[6.186306952999985,7.435811043000001],[6.186272143999986,7.432896137],[6.1827850340000055,7.429427147000013],[6.179922104000013,7.430033207000008],[6.175953864999997,7.434145926999975],[6.174274921000006,7.437656878999974],[6.173170089999985,7.4411640170000055],[6.1709098819999895,7.44409704200001],[6.1668992040000035,7.444713116000003],[6.163475989999995,7.44648885700002],[6.159472941999979,7.447688103000019],[6.1543140410000206,7.44831323599999],[6.147432804000005,7.448952197999972],[6.142848015000027,7.449572085999989],[6.138235092000002,7.447861194999973],[6.133061886000007,7.447319983999989],[6.127882004000014,7.446197032999976],[6.118698119999976,7.446270943000002],[6.112411975999976,7.448655127999984],[6.1101961140000185,7.455084800999998],[6.109663963000003,7.458587169999987],[6.109148026000014,7.463253974999986],[6.1097941400000195,7.469078063999973],[6.108738899000002,7.4766650199999845],[6.108796120000022,7.481328011000016],[6.108257771000012,7.484245777000012],[6.108881950000011,7.488321781000025],[6.10833597200002,7.4906578060000015],[6.1101021769999875,7.494141102000015],[6.11243295700001,7.497035980000021],[6.114750861999994,7.498765945000002],[6.118216990999997,7.500486851000005],[6.122255801999984,7.502202988000022],[6.125720978000004,7.503922939000006],[6.1286058430000026,7.505064963999985],[6.131496905999995,7.506791114999999],[6.13555097599999,7.509672164999984],[6.137860774999979,7.510818958000016],[6.142488956000022,7.5136961939999765],[6.146535873000005,7.515995025999985],[6.150588989000028,7.518876076000026],[6.15407705299998,7.522345066000014],[6.1558341979999796,7.525245190000021],[6.1582841869999925,7.5282979009999735],[6.15991687799999,7.530457973000011],[6.162255764000008,7.533936976999996],[6.164601802999982,7.537998199000015],[6.165800095000009,7.542068004999976],[6.16698408100001,7.54497289699998],[6.1658787729999744,7.548480034000022],[6.164177895000023,7.550241947000018],[6.160735129999978,7.550271033999991],[6.155569076999996,7.550312996000002],[6.153279780999981,7.5509147640000265],[6.149836063000009,7.550942898000017],[6.146391869000013,7.550971031000017],[6.142948150999985,7.5509991650000075],[6.138349055999981,7.550453186000027],[6.133570670999973,7.552076817],[6.132105826999975,7.556334019000019],[6.130442141999993,7.561010838000016],[6.129910945999995,7.564511776000018],[6.128798962000019,7.567436218000012],[6.125701427000024,7.575399876000006]]]},"properties":{"fid":188,"cty_nm":"Nigeria","iso3cd":"NGA","adm1nm":"Edo","adm2nm":"Akoko-Edo","adm1cd":"NGA012","adm2cd":"NGA012001"}},{"type":"Feature","id":189,"geometry":{"type":"Polygon","coordinates":[[[5.6445651050000265,6.370501994999984],[5.6445498470000075,6.375121116999992],[5.644536017999997,6.379740238000011],[5.644524096999987,6.383434771999987],[5.644508839000025,6.388053893999995],[5.6426749230000155,6.394503116999999],[5.641750812999987,6.400036811999996],[5.640827178999984,6.405570984000008],[5.639904976000025,6.410181045999991],[5.641833781999992,6.414109230000008],[5.637178898000002,6.412003040000002],[5.632641792000015,6.412884234999979],[5.6290121079999835,6.413773059999983],[5.624484062000022,6.411881923999999],[5.619046211000011,6.410906791999992],[5.612698077999994,6.410847187000002],[5.607264041999997,6.408947945000023],[5.600015163000023,6.407032012999991],[5.592765808000024,6.405116081000017],[5.58642482800002,6.403207779000013],[5.580080032000012,6.402224063999995],[5.574645041999986,6.4003248210000265],[5.568317890000003,6.393798828000001],[5.563805102999993,6.387290000999997],[5.562007903999984,6.381730080000011],[5.557507037999983,6.371525764000012],[5.552085875999978,6.365007876999982],[5.548473834999982,6.360353947000021],[5.544860840000013,6.355700969999987],[5.539434910000011,6.351030826999988],[5.53400898000001,6.346361160000015],[5.527677058999984,6.341681956999992],[5.525872230999994,6.3388929370000255],[5.524981975999992,6.333343028999991],[5.525904179000008,6.328732014000025],[5.527738093999972,6.3222827910000206],[5.528676986999983,6.312129974000015],[5.528697013999988,6.305664062000005],[5.528715133999981,6.300120831000015],[5.529633998999998,6.296434879000003],[5.529660224999986,6.288121223000019],[5.5287737849999985,6.281645775000015],[5.528788089999978,6.27720403699999],[5.536030768999979,6.280790806000027],[5.542373180000027,6.282699107999974],[5.545990943999982,6.28550386400002],[5.551420211999982,6.28925085100002],[5.558637142000009,6.301329135999993],[5.5604410170000165,6.304117202999976],[5.569474220000018,6.315288066999983],[5.572185993000005,6.318085193999991],[5.576711177999982,6.320899010000005],[5.581239223000011,6.3227901459999885],[5.586665154000002,6.327459811999972],[5.588467121000008,6.331171988999984],[5.5902719499999876,6.333961009999996],[5.591166972999986,6.337664126999982],[5.592061995999984,6.341368197999998],[5.592954158999987,6.345994948999987],[5.5965700149999975,6.349724770000023],[5.60018777800002,6.352530003000027],[5.605619907000005,6.355352879000009],[5.6110610960000145,6.355403899999999],[5.617411136999976,6.354540825000015],[5.622851849000028,6.354591846000005],[5.628293036999992,6.354643822000014],[5.632823943999995,6.355609893999997],[5.637354850999998,6.356576920000009],[5.639160156000003,6.359364986000003],[5.641864777000023,6.364009856999985],[5.6445651050000265,6.370501994999984]]]},"properties":{"fid":189,"cty_nm":"Nigeria","iso3cd":"NGA","adm1nm":"Edo","adm2nm":"Egor","adm1cd":"NGA012","adm2cd":"NGA012002"}},{"type":"Feature","id":190,"geometry":{"type":"Polygon","coordinates":[[[6.48706579200001,6.9222831729999825],[6.483428955000022,6.925326824000024],[6.481624125999986,6.9225392339999985],[6.4780092240000045,6.918808936999994],[6.472586154999988,6.913216114000022],[6.464454174000025,6.903901099999985],[6.459939957000017,6.897390841999993],[6.455430030999992,6.889957905000017],[6.451819897000007,6.884380817000022],[6.445498943000018,6.8760080339999945],[6.437373160999982,6.864844799000025],[6.4292469019999885,6.853682994999986],[6.424746036999977,6.843479156000001],[6.416615963000027,6.833240031999992],[6.412099838000017,6.827653885000018],[6.4066858290000255,6.819289206999997],[6.39854812599998,6.811820984000008],[6.394013882000024,6.811779021999996],[6.3912940029999845,6.8117527960000075],[6.383130074000007,6.812599181999985],[6.379269122999972,6.813684939999973],[6.37861585600001,6.806089878000023],[6.380487919000018,6.787631988999976],[6.378692150000006,6.782073020999974],[6.377802848999977,6.776521205999984],[6.377822875999982,6.770054817000016],[6.377831936000007,6.767282963000014],[6.375123977999976,6.763563155999975],[6.366066933000013,6.759781836999991],[6.357912064000004,6.7578568459999815],[6.347035885000025,6.755907058999981],[6.336154937999993,6.7558040619999815],[6.32436084699998,6.757538795000016],[6.314389229000028,6.756521224999972],[6.304410933999975,6.757349968000028],[6.296249865999982,6.757273197000018],[6.28537511799999,6.755322933000002],[6.274501800999985,6.752449035999973],[6.2654452319999905,6.748668194000004],[6.258193969999979,6.747674942000003],[6.251852988999985,6.745768069999997],[6.244606018000013,6.742928027999994],[6.240085125000007,6.739190102000009],[6.238286017999997,6.734552860000008],[6.239215850999983,6.727171897999995],[6.2410440439999775,6.722569942000007],[6.2419619560000115,6.718883990999984],[6.241090774999975,6.707789897999987],[6.245625018999988,6.707832812999982],[6.2474498749999725,6.704154968000012],[6.249279021999996,6.699553013000013],[6.249299049000001,6.693088054999976],[6.248401165000018,6.690308093999988],[6.249326229000019,6.684772968000004],[6.250240802999997,6.68201112700001],[6.252071856999976,6.676486015000023],[6.255713940000021,6.671901225999989],[6.257538795000016,6.668222904000004],[6.259370804000014,6.662697792000017],[6.261196136000024,6.65901994699999],[6.262112140999989,6.656257153000013],[6.263032913000018,6.6516470909999725],[6.264313221000009,6.648426056000005],[6.269381045999978,6.651707171999988],[6.273900031999972,6.65636920899999],[6.277521132999993,6.658250808999981],[6.282042980000028,6.66198921199998],[6.284758091000015,6.663862228000028],[6.291101932999993,6.664845942999989],[6.301978110999983,6.666796207000004],[6.310135840999976,6.667798042000015],[6.321023941000021,6.666052818000026],[6.328289986000016,6.662425994999978],[6.339166164000005,6.664377213000023],[6.337339878000023,6.668055057999993],[6.342772007000008,6.670877933999975],[6.347293853999986,6.674615860000017],[6.350906849000012,6.679268836999995],[6.353619099000014,6.682065964000003],[6.365359782999974,6.69695806499999],[6.373497962999977,6.704424857999982],[6.38345813799998,6.709137917000021],[6.397047997000016,6.712962150999999],[6.40792703599999,6.713988781000012],[6.419714928000019,6.714099884000007],[6.429689884000027,6.71419477500001],[6.435112952999987,6.71978902799998],[6.434188843000015,6.725323199999991],[6.43417119999998,6.730865001999973],[6.432340145000012,6.736391067999989],[6.430509089999987,6.741917133000015],[6.4286627769999996,6.752059937000013],[6.429543018000004,6.76038312899999],[6.430427074000022,6.7677822109999966],[6.431306839000001,6.776103972999977],[6.436745167000026,6.777079104999984],[6.446713923999994,6.77902078599999],[6.455772877000015,6.781877995000002],[6.463025092999999,6.782870769999988],[6.472088814000017,6.78388118700002],[6.482964992999996,6.78583097500001],[6.491119862000005,6.78775596600002],[6.497465133999981,6.788740157999996],[6.508337975000018,6.791614056000014],[6.517399787999977,6.79354715300002],[6.526467799999978,6.7936329839999985],[6.530869961000008,6.79337596900001],[6.530076980999979,6.799210071999994],[6.529156208000018,6.803821087000017],[6.528234005000002,6.8084311490000005],[6.527313231999983,6.813041209999994],[6.526391982999996,6.81765079500002],[6.52455091500002,6.825948238000024],[6.523633002999986,6.829634189999979],[6.5227150919999985,6.833321094999974],[6.522687911999981,6.841633796999986],[6.523573875000011,6.848108767999975],[6.52537107500001,6.853669167000021],[6.5280818940000245,6.856465816000025],[6.527153968999983,6.862924098999997],[6.525325774999999,6.867526053999995],[6.523498057999973,6.872127056000011],[6.522580146999985,6.8758130069999766],[6.522571087000017,6.878584862000025],[6.521652222,6.882270812999991],[6.518919944999993,6.88594102899998],[6.516184807000002,6.890532969999981],[6.512543201000028,6.89511823700002],[6.508902073000002,6.899703025999997],[6.505257130000018,6.905210017999991],[6.501617908000014,6.9088721279999845],[6.496164798999985,6.912515163000023],[6.492527008000025,6.91617488899999],[6.4888839719999964,6.920760154999982],[6.48706579200001,6.9222831729999825]]]},"properties":{"fid":190,"cty_nm":"Nigeria","iso3cd":"NGA","adm1nm":"Edo","adm2nm":"Esan North East","adm1cd":"NGA012","adm2cd":"NGA012004"}},{"type":"Feature","id":191,"geometry":{"type":"Polygon","coordinates":[[[6.379269122999972,6.813684939999973],[6.376776217999975,6.814386845000001],[6.369519233999995,6.8152418139999895],[6.358632087999979,6.816987037999979],[6.348650931999998,6.818738936999978],[6.3395800590000135,6.819577217000017],[6.3314127919999805,6.821348189999981],[6.322336197000027,6.824032783999996],[6.313264847000028,6.824871062999989],[6.303277969000021,6.828472137000006],[6.301474094000014,6.825683116999983],[6.299668789000009,6.82289505],[6.293342112999994,6.816368103000002],[6.288832188000015,6.80893516499998],[6.285219192999989,6.804282188000002],[6.280700206999995,6.799620151999989],[6.27345704999999,6.795855999000025],[6.271655082999985,6.792143822000014],[6.266205787999979,6.794864178000012],[6.266188145000001,6.800405979000004],[6.264362812000002,6.804083823999974],[6.262535094999976,6.808685780000019],[6.262526035000008,6.811458110999979],[6.260694980999972,6.8169832230000225],[6.258869171000015,6.820661067999993],[6.256127833999983,6.827101230999972],[6.254305839999972,6.829854964999981],[6.252482891,6.832610129999978],[6.250658035000015,6.836287022000022],[6.247052193000002,6.829786776999981],[6.246152877999975,6.827006816999983],[6.241637229999981,6.821421145999977],[6.237123012999973,6.814911842000015],[6.225365162000003,6.805562973000008],[6.216320037999992,6.798087119999991],[6.20909500099998,6.788781165999978],[6.210020064999981,6.783246994000024],[6.21185398099999,6.77679681799998],[6.213686943000027,6.770349026000019],[6.215525150000019,6.762976170000002],[6.2137317660000235,6.756492137999999],[6.210124968999992,6.749990939999975],[6.205607891,6.744406222999999],[6.200181960999998,6.73973608],[6.195656776000021,6.736920833999989],[6.183896064999999,6.72849607500001],[6.178469181000025,6.723824977999982],[6.173950194999975,6.719163895000008],[6.1703410150000195,6.713586807000013],[6.168552875999978,6.705255985000008],[6.170392989999982,6.696959019000019],[6.172226905999992,6.690509796000015],[6.174967766000009,6.68406915700001],[6.178609848000008,6.679484844000001],[6.182260989999975,6.672130107999976],[6.185919762000026,6.662003040000002],[6.193212985999992,6.650062084000012],[6.194146155999988,6.6417570109999815],[6.19145488700002,6.6324930189999804],[6.184224128999972,6.625034808999999],[6.180607796000004,6.621304989000009],[6.17608881000001,6.6166429520000065],[6.170662880000009,6.611972809000008],[6.164336204999984,6.605446814999993],[6.156188965000013,6.600750923000021],[6.148043156000028,6.596055030999992],[6.1407999990000235,6.592290877999972],[6.135371207999981,6.588543892000018],[6.136295795000024,6.583011150000004],[6.1399350170000275,6.579349994999973],[6.146290779000026,6.576639175000025],[6.152640819999988,6.575775146000012],[6.160809040000004,6.574005127000021],[6.16987323799998,6.575015068000027],[6.18255710599999,6.578829765000023],[6.19432783100001,6.584484099999997],[6.207902907999994,6.592926979000026],[6.20879602399998,6.597554206999973],[6.210586071000023,6.6049609180000175],[6.21419477500001,6.610538006000013],[6.2177958490000265,6.618885993999982],[6.2241230010000095,6.625411987000007],[6.232268809999994,6.630108833000008],[6.235890864999988,6.631989955999984],[6.244946957000025,6.63577079800001],[6.252186774999984,6.640459061000001],[6.2576160429999845,6.6442060470000115],[6.262141228000019,6.6470198630000255],[6.264313221000009,6.648426056000005],[6.263032913000018,6.6516470909999725],[6.262112140999989,6.656257153000013],[6.261196136000024,6.65901994699999],[6.259370804000014,6.662697792000017],[6.257538795000016,6.668222904000004],[6.255713940000021,6.671901225999989],[6.252071856999976,6.676486015000023],[6.250240802999997,6.68201112700001],[6.249326229000019,6.684772968000004],[6.248401165000018,6.690308093999988],[6.249299049000001,6.693088054999976],[6.249279021999996,6.699553013000013],[6.2474498749999725,6.704154968000012],[6.245625018999988,6.707832812999982],[6.241090774999975,6.707789897999987],[6.2419619560000115,6.718883990999984],[6.2410440439999775,6.722569942000007],[6.239215850999983,6.727171897999995],[6.238286017999997,6.734552860000008],[6.240085125000007,6.739190102000009],[6.244606018000013,6.742928027999994],[6.251852988999985,6.745768069999997],[6.258193969999979,6.747674942000003],[6.2654452319999905,6.748668194000004],[6.274501800999985,6.752449035999973],[6.28537511799999,6.755322933000002],[6.296249865999982,6.757273197000018],[6.304410933999975,6.757349968000028],[6.314389229000028,6.756521224999972],[6.32436084699998,6.757538795000016],[6.336154937999993,6.7558040619999815],[6.347035885000025,6.755907058999981],[6.357912064000004,6.7578568459999815],[6.366066933000013,6.759781836999991],[6.375123977999976,6.763563155999975],[6.377831936000007,6.767282963000014],[6.377822875999982,6.770054817000016],[6.377802848999977,6.776521205999984],[6.378692150000006,6.782073020999974],[6.380487919000018,6.787631988999976],[6.37861585600001,6.806089878000023],[6.379269122999972,6.813684939999973]]]},"properties":{"fid":191,"cty_nm":"Nigeria","iso3cd":"NGA","adm1nm":"Edo","adm2nm":"Esan Central","adm1cd":"NGA012","adm2cd":"NGA012003"}},{"type":"Feature","id":192,"geometry":{"type":"Polygon","coordinates":[[[6.530869961000008,6.79337596900001],[6.526467799999978,6.7936329839999985],[6.517399787999977,6.79354715300002],[6.508337975000018,6.791614056000014],[6.497465133999981,6.788740157999996],[6.491119862000005,6.78775596600002],[6.482964992999996,6.78583097500001],[6.472088814000017,6.78388118700002],[6.463025092999999,6.782870769999988],[6.455772877000015,6.781877995000002],[6.446713923999994,6.77902078599999],[6.436745167000026,6.777079104999984],[6.431306839000001,6.776103972999977],[6.430427074000022,6.7677822109999966],[6.429543018000004,6.76038312899999],[6.4286627769999996,6.752059937000013],[6.430509089999987,6.741917133000015],[6.432340145000012,6.736391067999989],[6.43417119999998,6.730865001999973],[6.434188843000015,6.725323199999991],[6.435112952999987,6.71978902799998],[6.429689884000027,6.71419477500001],[6.419714928000019,6.714099884000007],[6.40792703599999,6.713988781000012],[6.397047997000016,6.712962150999999],[6.38345813799998,6.709137917000021],[6.373497962999977,6.704424857999982],[6.365359782999974,6.69695806499999],[6.353619099000014,6.682065964000003],[6.350906849000012,6.679268836999995],[6.347293853999986,6.674615860000017],[6.342772007000008,6.670877933999975],[6.337339878000023,6.668055057999993],[6.339166164000005,6.664377213000023],[6.339182854000001,6.658833980999987],[6.343735218000006,6.653335093999999],[6.346478939000008,6.645970820999992],[6.348309993999976,6.6404452319999905],[6.349230766000005,6.6358351709999965],[6.350166797999975,6.626605987999994],[6.346560954999973,6.620104790000028],[6.34205579799999,6.6108250620000035],[6.338451861999999,6.603400229999977],[6.3348670010000205,6.5904340739999725],[6.329445839000016,6.583916187],[6.324923991999981,6.580177784],[6.318582058000004,6.578269958000021],[6.302268981999987,6.575344085999973],[6.2959299089999945,6.572513103000006],[6.293218136000007,6.569715023000015],[6.288699150000014,6.565053939999984],[6.285089015999972,6.559476851999989],[6.281490802999997,6.550205231000007],[6.2787890430000175,6.544637202999979],[6.274271965000025,6.539052009999978],[6.267941952000001,6.533449173000008],[6.261614798999972,6.526922226000011],[6.270720959000016,6.5149989129999994],[6.273474216000011,6.504864215999987],[6.2780280110000035,6.498439788999974],[6.284401893999984,6.490187167999977],[6.293497086000002,6.481957911999984],[6.2971329690000175,6.47922182100001],[6.295351982,6.469042778000016],[6.294465064999997,6.462567805999981],[6.290862082999979,6.4551439289999735],[6.288166999999987,6.4468040470000005],[6.2854647639999826,6.441236018999973],[6.28276205100002,6.435667991999992],[6.280960083000025,6.431954861000008],[6.2855138780000175,6.425531863999993],[6.290960788999996,6.423736094999981],[6.296411036999984,6.421016215999998],[6.303674220999994,6.4183139799999935],[6.306408882000028,6.41372108500002],[6.302804947000027,6.406295775999979],[6.298312187000022,6.393321037000021],[6.295607089999976,6.388676167000028],[6.291996955999991,6.383099078999976],[6.288383961000022,6.378446101999998],[6.286582946999999,6.374733924999987],[6.284783839999989,6.370098113999973],[6.282981872999983,6.366384982999989],[6.281616211000028,6.3603291509999735],[6.290318012,6.3618683820000115],[6.298853397000016,6.3633780480000155],[6.304602622999994,6.365047455000024],[6.307765484000015,6.365965843000026],[6.312781334000022,6.367324828999983],[6.319386958999985,6.371263026999998],[6.322375297999997,6.373044967999988],[6.324658870999997,6.373845576999997],[6.33165550199999,6.376447677999977],[6.336294651000003,6.378173350999987],[6.341586113000005,6.378413677000026],[6.349565982999991,6.378776072999983],[6.3575601580000125,6.384293555999989],[6.362289428999986,6.384438992000014],[6.365606785000011,6.384541034999984],[6.370153904000006,6.383304119000002],[6.379920959000003,6.385480880999978],[6.385685921000004,6.3877220150000085],[6.391427039999996,6.388796806000016],[6.397776126999986,6.391611098999988],[6.401229858000022,6.3927221299999815],[6.406398772999978,6.393805981000014],[6.410437107000007,6.395491122999999],[6.412735939000015,6.39603710199998],[6.41505909,6.397748947000025],[6.419109821000006,6.400015831000019],[6.423731803999999,6.402275084999985],[6.42894983299999,6.405688763000001],[6.431262016000005,6.406817912999998],[6.433647156000006,6.411443233],[6.436604022999973,6.416059017000009],[6.440121174000012,6.420083046000002],[6.441873074,6.421802997999976],[6.445375919000014,6.425244808000002],[6.448867797999981,6.428103924000027],[6.4620819090000055,6.437876700999993],[6.466182709000009,6.440909863000002],[6.480507851000027,6.4478259090000165],[6.490446567999982,6.455711365000013],[6.492447852999987,6.45624589900001],[6.502198218999979,6.4639568329999975],[6.50962591199999,6.475808143999984],[6.520029067999985,6.483035563999977],[6.523318768000024,6.48754119900002],[6.526188849999983,6.488078116999986],[6.529631138000013,6.488606930000003],[6.535428523999997,6.490363597999988],[6.540155888000015,6.492012024000019],[6.551711081999997,6.49349498700002],[6.565308093999988,6.494301796000002],[6.575504780000017,6.49507999399998],[6.585692882999979,6.497939110000004],[6.597249985000019,6.498727798000004],[6.608807087000002,6.499517917999981],[6.618899822000003,6.4965186119999885],[6.622426033000011,6.4954710009999985],[6.6326541899999825,6.489315033000025],[6.646256923999999,6.488733767999975],[6.649354458000005,6.490977763999979],[6.656365395000023,6.496057510000014],[6.659813880999991,6.49855613699998],[6.668920994000018,6.501234054999998],[6.6647009850000245,6.5323562620000075],[6.661944865999999,6.552682876999995],[6.661944865999999,6.572853565000003],[6.660110949999989,6.608610629999987],[6.652776241000026,6.634282111999994],[6.628021717000024,6.674623488999998],[6.61793613399999,6.704879284000015],[6.621603488999995,6.722299098999997],[6.626187801000015,6.7314677240000265],[6.628021717000024,6.748887539000009],[6.631689071999972,6.769058228000006],[6.629514217000008,6.775506973000006],[6.627364159000024,6.781950950999999],[6.6235489850000135,6.790752887999986],[6.623610020000001,6.793598175],[6.616251944999988,6.790788173999999],[6.606275082000025,6.791617869999982],[6.593578815000001,6.791497230999994],[6.581793785000002,6.790462016999982],[6.569096087999981,6.791265011000007],[6.5600280759999805,6.791180134000001],[6.548240184999997,6.791068076999977],[6.540071963999992,6.792839049999998],[6.530869961000008,6.79337596900001]]]},"properties":{"fid":192,"cty_nm":"Nigeria","iso3cd":"NGA","adm1nm":"Edo","adm2nm":"Esan South East","adm1cd":"NGA012","adm2cd":"NGA012005"}},{"type":"Feature","id":193,"geometry":{"type":"Polygon","coordinates":[[[6.250658035000015,6.836287022000022],[6.247934817999976,6.8371849060000045],[6.241571903000022,6.841743946000008],[6.235228061999976,6.84076023099999],[6.228891850000025,6.837005137999995],[6.221642970999994,6.83508920700001],[6.214397906999977,6.8322491650000075],[6.199894905000008,6.830264091000004],[6.195370196999988,6.827449799000021],[6.188120841999989,6.825532913000018],[6.185403823999991,6.824584006999999],[6.179963111999996,6.824532986000008],[6.171802044000003,6.824454784000011],[6.167360782999992,6.823766232000025],[6.158199787000001,6.82432699200001],[6.150035858000024,6.8251729009999735],[6.141874789999974,6.82509613000002],[6.1346287729999744,6.822256088000017],[6.124660015000018,6.820312977000015],[6.11378812800001,6.817440033000025],[6.107449055000018,6.8146080970000185],[6.10111284300001,6.810853004000023],[6.097495078999998,6.80804681799998],[6.092971802000022,6.804308891000005],[6.0857319830000165,6.799622059000001],[6.078489779999984,6.795857905999981],[6.067635058999997,6.787440776999972],[6.0567741390000265,6.78087186800002],[6.050435065999977,6.778039932000013],[6.0460338589999765,6.776315211999986],[6.043105125000011,6.775506020000023],[6.035034180000025,6.7732748990000005],[6.027781962999995,6.772283076999997],[6.024158000999989,6.77132511100001],[6.013270854999973,6.773068905000002],[6.01781988099998,6.768494128999976],[6.024201870000013,6.757469177000019],[6.025117873999989,6.7547059060000265],[6.026937008000004,6.752875804999974],[6.033306121999999,6.746469020999996],[6.037854195000023,6.741892815000028],[6.042406082000014,6.7363939289999735],[6.047863959999972,6.730903149000028],[6.052412987000025,6.726326942000014],[6.056055069000024,6.721743107000009],[6.060603141999991,6.717166900999985],[6.065155028999982,6.711667061000014],[6.070615767999982,6.705252170999984],[6.072443962000023,6.700651169000025],[6.079721928000026,6.693328856999983],[6.087020874000018,6.679542065000021],[6.087938785999995,6.675855160000026],[6.088867187000005,6.669396876999997],[6.088881016000016,6.664779185999976],[6.088899136000009,6.659235953999996],[6.088936805999992,6.6472268100000065],[6.087147236000021,6.639820099000019],[6.086259842000004,6.633345126999984],[6.0872049330000095,6.621345043000019],[6.086318969999979,6.614870070999984],[6.084537983000018,6.60469198200002],[6.081838130999984,6.598198890999981],[6.079137801999991,6.591707229999997],[6.078255177000017,6.584309100999974],[6.075558186000023,6.576892853000004],[6.072848797000006,6.573172091999993],[6.072866916999999,6.5676288600000134],[6.072882175000018,6.563011168999992],[6.072907924999981,6.554697036999983],[6.072926043999985,6.549153805000003],[6.076584815999979,6.5390272139999865],[6.07933187499998,6.530738831000008],[6.083895206000022,6.52154397999999],[6.087552071000005,6.512341021999987],[6.090298175999976,6.504053116000023],[6.092132091999986,6.497603893000019],[6.094867228999988,6.493010997999988],[6.096693039000002,6.489333153000018],[6.097610949999989,6.485647201999996],[6.099440098000002,6.481044768999993],[6.103988171000026,6.476469039999984],[6.107608794999976,6.478351115999999],[6.113947868000025,6.481183052000006],[6.11937999700001,6.484004974000015],[6.129343032999998,6.48779392199998],[6.162866115999975,6.4973502159999725],[6.169219016999989,6.495563030000028],[6.175566195999977,6.495623111999976],[6.183728217999999,6.495699882999986],[6.190985203000025,6.4948449130000085],[6.198233128000027,6.496760844999983],[6.207293033999974,6.499618053000006],[6.210907936000012,6.503346920000013],[6.213595866999981,6.5135350229999744],[6.21627903000001,6.525568962000023],[6.215344905999984,6.533874989000026],[6.214408875000004,6.543104172000028],[6.213488101999985,6.547714233000022],[6.212565899000026,6.552323817999991],[6.212540149999995,6.56063795099999],[6.208875179000017,6.572611809000023],[6.207941054999992,6.580916881999997],[6.207019806000005,6.58552789700002],[6.207902907999994,6.592926979000026],[6.19432783100001,6.584484099999997],[6.18255710599999,6.578829765000023],[6.16987323799998,6.575015068000027],[6.160809040000004,6.574005127000021],[6.152640819999988,6.575775146000012],[6.146290779000026,6.576639175000025],[6.1399350170000275,6.579349994999973],[6.136295795000024,6.583011150000004],[6.135371207999981,6.588543892000018],[6.1407999990000235,6.592290877999972],[6.148043156000028,6.596055030999992],[6.156188965000013,6.600750923000021],[6.164336204999984,6.605446814999993],[6.170662880000009,6.611972809000008],[6.17608881000001,6.6166429520000065],[6.180607796000004,6.621304989000009],[6.184224128999972,6.625034808999999],[6.19145488700002,6.6324930189999804],[6.194146155999988,6.6417570109999815],[6.193212985999992,6.650062084000012],[6.185919762000026,6.662003040000002],[6.182260989999975,6.672130107999976],[6.178609848000008,6.679484844000001],[6.174967766000009,6.68406915700001],[6.172226905999992,6.690509796000015],[6.170392989999982,6.696959019000019],[6.168552875999978,6.705255985000008],[6.1703410150000195,6.713586807000013],[6.173950194999975,6.719163895000008],[6.178469181000025,6.723824977999982],[6.183896064999999,6.72849607500001],[6.195656776000021,6.736920833999989],[6.200181960999998,6.73973608],[6.205607891,6.744406222999999],[6.210124968999992,6.749990939999975],[6.2137317660000235,6.756492137999999],[6.215525150000019,6.762976170000002],[6.213686943000027,6.770349026000019],[6.21185398099999,6.77679681799998],[6.210020064999981,6.783246994000024],[6.20909500099998,6.788781165999978],[6.216320037999992,6.798087119999991],[6.225365162000003,6.805562973000008],[6.237123012999973,6.814911842000015],[6.241637229999981,6.821421145999977],[6.246152877999975,6.827006816999983],[6.247052193000002,6.829786776999981],[6.250658035000015,6.836287022000022]]]},"properties":{"fid":193,"cty_nm":"Nigeria","iso3cd":"NGA","adm1nm":"Edo","adm2nm":"Esan West","adm1cd":"NGA012","adm2cd":"NGA012006"}},{"type":"Feature","id":194,"geometry":{"type":"Polygon","coordinates":[[[6.679260253999985,6.972002506000024],[6.660261631000026,6.979310036000015],[6.655547141999989,6.981461048000028],[6.650104046000024,6.98233318299998],[6.641936778999991,6.984103203000018],[6.630145072999994,6.984914779999997],[6.622890949000009,6.984847069000011],[6.6165399550000075,6.985710143999995],[6.611095905000013,6.986581801999989],[6.602930069000024,6.988352775999999],[6.594759941000007,6.991045951999979],[6.591129780000017,6.991936206999981],[6.583867073000022,6.9946379660000275],[6.577513217999979,6.996426105000012],[6.571156979000023,6.999136925000016],[6.5611729620000006,7.001813889000005],[6.556632996000019,7.003619194000009],[6.551180839999972,7.007262229999981],[6.5448207860000025,7.010897160000013],[6.541187762999982,7.012710093999999],[6.537549018999982,7.016370773000006],[6.532100200999992,7.019091129000003],[6.528458118000003,7.023674964999998],[6.527536869000016,7.028285980000021],[6.529329776999987,7.034769057999995],[6.529308796000009,7.041234970000005],[6.532002926000018,7.049574851999978],[6.5328869819999795,7.056972980000012],[6.5346789359999775,7.063457012000015],[6.536469936000003,7.070864201000006],[6.536448956000015,7.077331065999999],[6.536435127000004,7.081949233999978],[6.53546619399998,7.101339816999996],[6.531813145000001,7.109619140999996],[6.528168201000028,7.115128040000002],[6.523615837000023,7.120626926],[6.519965172000013,7.127983093000012],[6.516324042999997,7.132566929000006],[6.510861874,7.13898181899998],[6.507215023000015,7.1454138760000205],[6.505383015000007,7.150938988000007],[6.499030113000003,7.1527271269999915],[6.49267721199999,7.154513835999978],[6.486329078999972,7.154454230999988],[6.479976177000026,7.156240939999975],[6.474532126999975,7.157114029000013],[6.468177794999974,7.158901215000014],[6.460008144000028,7.161594868000009],[6.450027943000009,7.163348197999994],[6.440954207999994,7.16511011099999],[6.431891918000019,7.163177012999995],[6.4246368409999945,7.163107872000012],[6.414650917000017,7.166707992999989],[6.414666176000026,7.16208982500001],[6.415596008000023,7.154707909000024],[6.4174299239999755,7.148259162999977],[6.419267177999984,7.140885830000002],[6.422014235999995,7.132597922999992],[6.422030925999991,7.127055168000027],[6.421143055000016,7.121503829999995],[6.4211859700000105,7.107647896000003],[6.42030000699998,7.101172924000025],[6.417596817000003,7.095604896999987],[6.413081169000009,7.090019225999981],[6.407658099999992,7.0844249730000115],[6.400417805000018,7.079738140000018],[6.3931841849999955,7.073203087000024],[6.388656138999977,7.071311950999984],[6.383230208999976,7.066641807999986],[6.377803802000017,7.0619721410000125],[6.372381210000015,7.0563769340000135],[6.38146591200001,7.05092096300001],[6.390561104000028,7.042693138000004],[6.394196986999987,7.039956093000001],[6.396018981999987,7.037201880999987],[6.398754119999978,7.032608986000014],[6.400585175000003,7.027082919999998],[6.401508808000017,7.021549225000001],[6.400622844999987,7.015075206999995],[6.397918224000023,7.0104298589999985],[6.394308089999981,7.0048527719999925],[6.389789103999988,7.000191212000004],[6.383460999000022,6.99366521799999],[6.378935813999988,6.990849971999978],[6.374416827999994,6.986188889000005],[6.367191792000028,6.9768819810000196],[6.366309166000008,6.969483851999996],[6.367249965999974,6.95840692500002],[6.368175029999975,6.952873230000023],[6.371826171999999,6.9455180169999835],[6.375471114999982,6.940010071000017],[6.37820005399999,6.937263965999989],[6.392704964000018,6.938324927999986],[6.39723300899999,6.940216064000026],[6.404476165999995,6.943978786000002],[6.409005164999996,6.945869922999975],[6.415338039000005,6.9505491259999985],[6.4243941309999855,6.954329013999995],[6.431644917000028,6.955321788999981],[6.438899993999996,6.955390930000021],[6.447053908999976,6.9573149679999915],[6.454318047000015,6.9546132090000015],[6.459770203000005,6.950969219000001],[6.463408947000005,6.947309017000009],[6.467951775000017,6.944581031999974],[6.472495078999998,6.941852093000023],[6.4770398140000225,6.9381999970000265],[6.480677128000025,6.935462952000023],[6.4852218629999925,6.931810856000027],[6.487954139999999,6.928142071000025],[6.488870143999975,6.925378798999986],[6.48706579200001,6.9222831729999825],[6.4888839719999964,6.920760154999982],[6.492527008000025,6.91617488899999],[6.496164798999985,6.912515163000023],[6.501617908000014,6.9088721279999845],[6.505257130000018,6.905210017999991],[6.508902073000002,6.899703025999997],[6.512543201000028,6.89511823700002],[6.516184807000002,6.890532969999981],[6.518919944999993,6.88594102899998],[6.521652222,6.882270812999991],[6.522571087000017,6.878584862000025],[6.522580146999985,6.8758130069999766],[6.523498057999973,6.872127056000011],[6.525325774999999,6.867526053999995],[6.527153968999983,6.862924098999997],[6.5280818940000245,6.856465816000025],[6.52537107500001,6.853669167000021],[6.523573875000011,6.848108767999975],[6.522687911999981,6.841633796999986],[6.5227150919999985,6.833321094999974],[6.523633002999986,6.829634189999979],[6.52455091500002,6.825948238000024],[6.526391982999996,6.81765079500002],[6.527313231999983,6.813041209999994],[6.528234005000002,6.8084311490000005],[6.529156208000018,6.803821087000017],[6.530076980999979,6.799210071999994],[6.530869961000008,6.79337596900001],[6.540071963999992,6.792839049999998],[6.548240184999997,6.791068076999977],[6.5600280759999805,6.791180134000001],[6.569096087999981,6.791265011000007],[6.581793785000002,6.790462016999982],[6.593578815000001,6.791497230999994],[6.606275082000025,6.791617869999982],[6.616251944999988,6.790788173999999],[6.623610020000001,6.793598175],[6.623661040999991,6.795996188999993],[6.620317935999992,6.800127982999982],[6.61759710299998,6.80658102000001],[6.615943909000009,6.809521198000027],[6.613770008000017,6.814801215999978],[6.610790253000005,6.822104931000013],[6.614145279000013,6.830828666999992],[6.621633529999997,6.841525554999976],[6.634469985999999,6.866129397999998],[6.646236896999994,6.885384559999977],[6.652655601999982,6.907848358000024],[6.672980309000025,6.935661315999994],[6.679398536999997,6.968822478999982],[6.679260253999985,6.972002506000024]]]},"properties":{"fid":194,"cty_nm":"Nigeria","iso3cd":"NGA","adm1nm":"Edo","adm2nm":"Etsako Central","adm1cd":"NGA012","adm2cd":"NGA012007"}},{"type":"Feature","id":195,"geometry":{"type":"Polygon","coordinates":[[[6.485763072999987,7.341996193],[6.4808678630000145,7.348299979999979],[6.477480888000002,7.352992057999984],[6.475794791999988,7.355919837999977],[6.472981930000003,7.360606194000013],[6.470372199999986,7.363700866999977],[6.466869830999997,7.3653187749999915],[6.46326112700001,7.36359977699999],[6.459781169999985,7.360713959000009],[6.455152988000009,7.357837200000006],[6.450531959999978,7.355543136999984],[6.44251108200001,7.356773852999993],[6.438507080000022,7.357973098999992],[6.435657977999995,7.359745025999985],[6.434604168000021,7.367331981999996],[6.434676169999989,7.373159885000007],[6.434144020000019,7.376661776999981],[6.432457924000005,7.379590988000018],[6.426746845000025,7.381968020999977],[6.423353195000004,7.3860759739999935],[6.422241211000028,7.388999938999973],[6.432106018000013,7.397664070000019],[6.432164192000016,7.402327060999994],[6.428423882000004,7.398708820000024],[6.422992228999988,7.395885943999986],[6.421184062999998,7.39402198800002],[6.417564868999989,7.391215800999987],[6.413041114999999,7.388401984999973],[6.405792236000025,7.386486052999999],[6.402173995999988,7.383679867000012],[6.398554801999978,7.380875111000023],[6.394023894999975,7.379908085000011],[6.391305923000004,7.378958225000019],[6.387681960999998,7.377999783000007],[6.384064197999976,7.375195025999972],[6.3813500399999725,7.373322009999981],[6.376830100999996,7.368659019000006],[6.375935077999998,7.36495590200002],[6.372327804999998,7.358455181000011],[6.368719101000011,7.352879046999988],[6.364192962999994,7.350063800999976],[6.358773231999976,7.3435459140000034],[6.3524460790000035,7.337019919999989],[6.350642203999996,7.334230900000023],[6.348834038000007,7.332366943000011],[6.345221042999981,7.327713965999976],[6.340692997000019,7.325822829999993],[6.337059974999988,7.327637196000012],[6.3334240909999835,7.330372809999972],[6.327969074000009,7.33494091],[6.3234291080000276,7.336744785000008],[6.32070016900002,7.339490891000025],[6.315240860000017,7.344982146999996],[6.310692786999994,7.349557876999995],[6.3043298719999825,7.354115963000027],[6.295241832999977,7.360496997999974],[6.290710925999974,7.3595299720000185],[6.285270213999979,7.359478951000028],[6.280733108999982,7.360360146000005],[6.276193142000011,7.362164021000012],[6.270755768000015,7.361188889000005],[6.268043995000028,7.358391761999997],[6.2662510870000006,7.351908207000008],[6.266272067999978,7.345441817999983],[6.2671990389999905,7.338984013000015],[6.269941807000009,7.331620215999976],[6.270891189999986,7.318696021999983],[6.26914119700001,7.298356055999989],[6.268280983000011,7.283566952000001],[6.26741886100001,7.269701957999985],[6.265652180000018,7.2549052240000265],[6.262113093999972,7.227158069999973],[6.260334015000012,7.216054916000019],[6.256732940999996,7.207706927999993],[6.264008998999998,7.2013101580000125],[6.273087977999978,7.197700977000011],[6.283073902000012,7.194099902999994],[6.292149067000025,7.192337989999999],[6.303032874999985,7.191517830000009],[6.310289860000012,7.190661906999992],[6.317546843999992,7.189806938000004],[6.329339027000003,7.18899488400001],[6.336602211000013,7.18629312500002],[6.346581936000007,7.184539794999978],[6.351117133999992,7.184583186999987],[6.358374119000018,7.183728217999999],[6.365640163000023,7.180100917999994],[6.376522064000028,7.180203914999993],[6.38832187700001,7.176620006999997],[6.394680977000007,7.1729860309999935],[6.401944160000028,7.170282841000017],[6.408298016000003,7.168496131999973],[6.414650917000017,7.166707992999989],[6.4246368409999945,7.163107872000012],[6.431891918000019,7.163177012999995],[6.440954207999994,7.16511011099999],[6.450027943000009,7.163348197999994],[6.460008144000028,7.161594868000009],[6.468177794999974,7.158901215000014],[6.474532126999975,7.157114029000013],[6.479976177000026,7.156240939999975],[6.486329078999972,7.154454230999988],[6.49267721199999,7.154513835999978],[6.499030113000003,7.1527271269999915],[6.505383015000007,7.150938988000007],[6.507215023000015,7.1454138760000205],[6.510861874,7.13898181899998],[6.516324042999997,7.132566929000006],[6.519965172000013,7.127983093000012],[6.523615837000023,7.120626926],[6.528168201000028,7.115128040000002],[6.531813145000001,7.109619140999996],[6.53546619399998,7.101339816999996],[6.536435127000004,7.081949233999978],[6.536448956000015,7.077331065999999],[6.536469936000003,7.070864201000006],[6.5346789359999775,7.063457012000015],[6.5328869819999795,7.056972980000012],[6.532002926000018,7.049574851999978],[6.529308796000009,7.041234970000005],[6.529329776999987,7.034769057999995],[6.527536869000016,7.028285980000021],[6.528458118000003,7.023674964999998],[6.532100200999992,7.019091129000003],[6.537549018999982,7.016370773000006],[6.541187762999982,7.012710093999999],[6.5448207860000025,7.010897160000013],[6.551180839999972,7.007262229999981],[6.556632996000019,7.003619194000009],[6.5611729620000006,7.001813889000005],[6.571156979000023,6.999136925000016],[6.577513217999979,6.996426105000012],[6.583867073000022,6.9946379660000275],[6.591129780000017,6.991936206999981],[6.594759941000007,6.991045951999979],[6.602930069000024,6.988352775999999],[6.611095905000013,6.986581801999989],[6.6165399550000075,6.985710143999995],[6.622890949000009,6.984847069000011],[6.630145072999994,6.984914779999997],[6.641936778999991,6.984103203000018],[6.650104046000024,6.98233318299998],[6.655547141999989,6.981461048000028],[6.660261631000026,6.979310036000015],[6.679260253999985,6.972002506000024],[6.678328513999986,6.993426322999994],[6.67725896799999,7.008402348000004],[6.67725896799999,7.034075737000023],[6.68383550599998,7.051613808000013],[6.690095424999981,7.068306923000023],[6.711490153999989,7.104677200000026],[6.7157688140000005,7.12072324799999],[6.7157688140000005,7.1228213310000115],[6.7157688140000005,7.135699272000011],[6.711490153999989,7.148535728000013],[6.7072110180000095,7.159233093000012],[6.7034301759999835,7.170575618999976],[6.7007927889999905,7.178488254999991],[6.697583674999976,7.20416164400001],[6.693305016000011,7.216998100000012],[6.6901574130000085,7.219573020999974],[6.685318470000027,7.223532200000022],[6.683232783999983,7.230389118000005],[6.678113936999978,7.231635094000012],[6.674722195000015,7.233437061000018],[6.669155121000017,7.2405180929999915],[6.637670039999989,7.294764996000026],[6.632309914000018,7.292852879000009],[6.569521903999998,7.275294781000014],[6.556313037999985,7.274819851000018],[6.544260025000028,7.274919033000003],[6.537356853000006,7.273808955999982],[6.529881000999978,7.272704123999972],[6.5258479120000175,7.271571159000018],[6.51488494900002,7.2669968609999955],[6.511441230999992,7.267024993999996],[6.508032798999977,7.269968032999998],[6.508069037999974,7.272881985000026],[6.5081119540000145,7.276380061999987],[6.5058732030000215,7.2810611720000225],[6.5036211010000216,7.284576893000008],[6.501359939999986,7.287509918000012],[6.499695777999989,7.292187214000023],[6.499760150999975,7.297431946000017],[6.499228953999989,7.300933837999992],[6.499845982000011,7.304427147000013],[6.499925136999991,7.310838223000019],[6.498295783999993,7.318428992999998],[6.498898983000004,7.320755958999996],[6.499508858000013,7.323666096000011],[6.499551773000007,7.327163218999999],[6.497326851000025,7.333010197000021],[6.494472026999972,7.334198952000008],[6.492205142999978,7.336550235999994],[6.4887890819999825,7.338909149000017],[6.485763072999987,7.341996193]]]},"properties":{"fid":195,"cty_nm":"Nigeria","iso3cd":"NGA","adm1nm":"Edo","adm2nm":"Etsako East","adm1cd":"NGA012","adm2cd":"NGA012008"}},{"type":"Feature","id":196,"geometry":{"type":"Polygon","coordinates":[[[6.414650917000017,7.166707992999989],[6.408298016000003,7.168496131999973],[6.401944160000028,7.170282841000017],[6.394680977000007,7.1729860309999935],[6.38832187700001,7.176620006999997],[6.376522064000028,7.180203914999993],[6.365640163000023,7.180100917999994],[6.358374119000018,7.183728217999999],[6.351117133999992,7.184583186999987],[6.346581936000007,7.184539794999978],[6.336602211000013,7.18629312500002],[6.329339027000003,7.18899488400001],[6.317546843999992,7.189806938000004],[6.310289860000012,7.190661906999992],[6.303032874999985,7.191517830000009],[6.292149067000025,7.192337989999999],[6.283073902000012,7.194099902999994],[6.273087977999978,7.197700977000011],[6.264008998999998,7.2013101580000125],[6.256732940999996,7.207706927999993],[6.254031181000016,7.202138901000012],[6.249507903999984,7.198400973999981],[6.244995116999974,7.191892146999976],[6.237775802999977,7.180737971999974],[6.229671000999986,7.163108825999984],[6.226067065999985,7.155684947999987],[6.218843936999974,7.145454884000003],[6.211626052999975,7.134301186000016],[6.198979855000005,7.118476868000016],[6.184488772999998,7.112796783000022],[6.180317878999972,7.1127581599999985],[6.185437202000003,7.0998730659999865],[6.1881690029999845,7.096203804000027],[6.192724227999975,7.089779854000028],[6.197275161999983,7.084280014000001],[6.202735900999983,7.07786607700001],[6.207296847999999,7.069594859999995],[6.213683128000014,7.05764579800001],[6.21552181200002,7.049349785000004],[6.218264103000024,7.04290914500001],[6.219188212999995,7.037374972999999],[6.219266891000018,7.012434005999978],[6.215715885000009,6.988380909],[6.215847968999981,6.946812152999996],[6.2149620060000075,6.940337181000018],[6.213157177000028,6.937549113999978],[6.2104601859999775,6.930132866000008],[6.207763194999984,6.9227170940000065],[6.203255177000017,6.914360999999985],[6.198750973000017,6.905079842000021],[6.19333887099998,6.895791053999972],[6.187931060999972,6.885578156000008],[6.184332847999997,6.876306057000022],[6.178926945000001,6.865169047999984],[6.1780347819999974,6.860541821000027],[6.177152157000023,6.853143214999989],[6.174451827999974,6.84665107699999],[6.170851230999972,6.838303089000021],[6.1699647899999945,6.831828116999986],[6.167360782999992,6.823766232000025],[6.171802044000003,6.824454784000011],[6.179963111999996,6.824532986000008],[6.185403823999991,6.824584006999999],[6.188120841999989,6.825532913000018],[6.195370196999988,6.827449799000021],[6.199894905000008,6.830264091000004],[6.214397906999977,6.8322491650000075],[6.221642970999994,6.83508920700001],[6.228891850000025,6.837005137999995],[6.235228061999976,6.84076023099999],[6.241571903000022,6.841743946000008],[6.247934817999976,6.8371849060000045],[6.250658035000015,6.836287022000022],[6.252482891,6.832610129999978],[6.254305839999972,6.829854964999981],[6.256127833999983,6.827101230999972],[6.258869171000015,6.820661067999993],[6.260694980999972,6.8169832230000225],[6.262526035000008,6.811458110999979],[6.262535094999976,6.808685780000019],[6.264362812000002,6.804083823999974],[6.266188145000001,6.800405979000004],[6.266205787999979,6.794864178000012],[6.271655082999985,6.792143822000014],[6.27345704999999,6.795855999000025],[6.280700206999995,6.799620151999989],[6.285219192999989,6.804282188000002],[6.288832188000015,6.80893516499998],[6.293342112999994,6.816368103000002],[6.299668789000009,6.82289505],[6.301474094000014,6.825683116999983],[6.303277969000021,6.828472137000006],[6.313264847000028,6.824871062999989],[6.322336197000027,6.824032783999996],[6.3314127919999805,6.821348189999981],[6.3395800590000135,6.819577217000017],[6.348650931999998,6.818738936999978],[6.358632087999979,6.816987037999979],[6.369519233999995,6.8152418139999895],[6.376776217999975,6.814386845000001],[6.379269122999972,6.813684939999973],[6.383130074000007,6.812599181999985],[6.3912940029999845,6.8117527960000075],[6.394013882000024,6.811779021999996],[6.39854812599998,6.811820984000008],[6.4066858290000255,6.819289206999997],[6.412099838000017,6.827653885000018],[6.416615963000027,6.833240031999992],[6.424746036999977,6.843479156000001],[6.4292469019999885,6.853682994999986],[6.437373160999982,6.864844799000025],[6.445498943000018,6.8760080339999945],[6.451819897000007,6.884380817000022],[6.455430030999992,6.889957905000017],[6.459939957000017,6.897390841999993],[6.464454174000025,6.903901099999985],[6.472586154999988,6.913216114000022],[6.4780092240000045,6.918808936999994],[6.481624125999986,6.9225392339999985],[6.483428955000022,6.925326824000024],[6.48706579200001,6.9222831729999825],[6.488870143999975,6.925378798999986],[6.487954139999999,6.928142071000025],[6.4852218629999925,6.931810856000027],[6.480677128000025,6.935462952000023],[6.4770398140000225,6.9381999970000265],[6.472495078999998,6.941852093000023],[6.467951775000017,6.944581031999974],[6.463408947000005,6.947309017000009],[6.459770203000005,6.950969219000001],[6.454318047000015,6.9546132090000015],[6.447053908999976,6.9573149679999915],[6.438899993999996,6.955390930000021],[6.431644917000028,6.955321788999981],[6.4243941309999855,6.954329013999995],[6.415338039000005,6.9505491259999985],[6.409005164999996,6.945869922999975],[6.404476165999995,6.943978786000002],[6.39723300899999,6.940216064000026],[6.392704964000018,6.938324927999986],[6.37820005399999,6.937263965999989],[6.375471114999982,6.940010071000017],[6.371826171999999,6.9455180169999835],[6.368175029999975,6.952873230000023],[6.367249965999974,6.95840692500002],[6.366309166000008,6.969483851999996],[6.367191792000028,6.9768819810000196],[6.374416827999994,6.986188889000005],[6.378935813999988,6.990849971999978],[6.383460999000022,6.99366521799999],[6.389789103999988,7.000191212000004],[6.394308089999981,7.0048527719999925],[6.397918224000023,7.0104298589999985],[6.400622844999987,7.015075206999995],[6.401508808000017,7.021549225000001],[6.400585175000003,7.027082919999998],[6.398754119999978,7.032608986000014],[6.396018981999987,7.037201880999987],[6.394196986999987,7.039956093000001],[6.390561104000028,7.042693138000004],[6.38146591200001,7.05092096300001],[6.372381210000015,7.0563769340000135],[6.377803802000017,7.0619721410000125],[6.383230208999976,7.066641807999986],[6.388656138999977,7.071311950999984],[6.3931841849999955,7.073203087000024],[6.400417805000018,7.079738140000018],[6.407658099999992,7.0844249730000115],[6.413081169000009,7.090019225999981],[6.417596817000003,7.095604896999987],[6.42030000699998,7.101172924000025],[6.4211859700000105,7.107647896000003],[6.421143055000016,7.121503829999995],[6.422030925999991,7.127055168000027],[6.422014235999995,7.132597922999992],[6.419267177999984,7.140885830000002],[6.4174299239999755,7.148259162999977],[6.415596008000023,7.154707909000024],[6.414666176000026,7.16208982500001],[6.414650917000017,7.166707992999989]]]},"properties":{"fid":196,"cty_nm":"Nigeria","iso3cd":"NGA","adm1nm":"Edo","adm2nm":"Etsako West","adm1cd":"NGA012","adm2cd":"NGA012009"}},{"type":"Feature","id":197,"geometry":{"type":"Polygon","coordinates":[[[6.339166164000005,6.664377213000023],[6.328289986000016,6.662425994999978],[6.321023941000021,6.666052818000026],[6.310135840999976,6.667798042000015],[6.301978110999983,6.666796207000004],[6.291101932999993,6.664845942999989],[6.284758091000015,6.663862228000028],[6.282042980000028,6.66198921199998],[6.277521132999993,6.658250808999981],[6.273900031999972,6.65636920899999],[6.269381045999978,6.651707171999988],[6.264313221000009,6.648426056000005],[6.262141228000019,6.6470198630000255],[6.2576160429999845,6.6442060470000115],[6.252186774999984,6.640459061000001],[6.244946957000025,6.63577079800001],[6.235890864999988,6.631989955999984],[6.232268809999994,6.630108833000008],[6.2241230010000095,6.625411987000007],[6.2177958490000265,6.618885993999982],[6.21419477500001,6.610538006000013],[6.210586071000023,6.6049609180000175],[6.20879602399998,6.597554206999973],[6.207902907999994,6.592926979000026],[6.207019806000005,6.58552789700002],[6.207941054999992,6.580916881999997],[6.208875179000017,6.572611809000023],[6.212540149999995,6.56063795099999],[6.212565899000026,6.552323817999991],[6.213488101999985,6.547714233000022],[6.214408875000004,6.543104172000028],[6.215344905999984,6.533874989000026],[6.21627903000001,6.525568962000023],[6.213595866999981,6.5135350229999744],[6.210907936000012,6.503346920000013],[6.207293033999974,6.499618053000006],[6.198233128000027,6.496760844999983],[6.190985203000025,6.4948449130000085],[6.183728217999999,6.495699882999986],[6.175566195999977,6.495623111999976],[6.169219016999989,6.495563030000028],[6.162866115999975,6.4973502159999725],[6.129343032999998,6.48779392199998],[6.11937999700001,6.484004974000015],[6.113947868000025,6.481183052000006],[6.107608794999976,6.478351115999999],[6.103988171000026,6.476469039999984],[6.104908942999998,6.471858978],[6.107649803000015,6.465417861999981],[6.111298083999998,6.458985805999987],[6.114033221999989,6.454392910000024],[6.116774082000006,6.447953224000003],[6.119514942000023,6.4415121079999835],[6.122259139999983,6.434147834999976],[6.125904083000023,6.428638934999981],[6.128654003000008,6.419427872000028],[6.130490780000002,6.412055016000011],[6.130502223999997,6.408360003999974],[6.131688118,6.404486179000003],[6.13684988,6.408420085999978],[6.1422820089999846,6.411242962000017],[6.147714138000026,6.414064884000027],[6.152238845999989,6.416880131000028],[6.157677174000014,6.417854786000021],[6.1685547829999905,6.418881892999991],[6.173998832999985,6.418010234999997],[6.18125295599998,6.418077945999983],[6.1885080339999945,6.418147087000023],[6.19576215699999,6.418216228000006],[6.203011036000021,6.42013215999998],[6.215703011000016,6.421175957000003],[6.224782944000026,6.417566776000001],[6.226607800000011,6.413888930999974],[6.232069016000025,6.407474041],[6.234800816000018,6.403804778999984],[6.238442898000017,6.399219990000006],[6.242994785000008,6.393721104000008],[6.245729922999999,6.389128207999988],[6.253921031999994,6.379967212999986],[6.26302290000001,6.368968010000003],[6.269393921000017,6.36163806899998],[6.27609682100001,6.357798100000025],[6.279860020000001,6.358500004000007],[6.281616211000028,6.3603291509999735],[6.282981872999983,6.366384982999989],[6.284783839999989,6.370098113999973],[6.286582946999999,6.374733924999987],[6.288383961000022,6.378446101999998],[6.291996955999991,6.383099078999976],[6.295607089999976,6.388676167000028],[6.298312187000022,6.393321037000021],[6.302804947000027,6.406295775999979],[6.306408882000028,6.41372108500002],[6.303674220999994,6.4183139799999935],[6.296411036999984,6.421016215999998],[6.290960788999996,6.423736094999981],[6.2855138780000175,6.425531863999993],[6.280960083000025,6.431954861000008],[6.28276205100002,6.435667991999992],[6.2854647639999826,6.441236018999973],[6.288166999999987,6.4468040470000005],[6.290862082999979,6.4551439289999735],[6.294465064999997,6.462567805999981],[6.295351982,6.469042778000016],[6.2971329690000175,6.47922182100001],[6.293497086000002,6.481957911999984],[6.284401893999984,6.490187167999977],[6.2780280110000035,6.498439788999974],[6.273474216000011,6.504864215999987],[6.270720959000016,6.5149989129999994],[6.261614798999972,6.526922226000011],[6.267941952000001,6.533449173000008],[6.274271965000025,6.539052009999978],[6.2787890430000175,6.544637202999979],[6.281490802999997,6.550205231000007],[6.285089015999972,6.559476851999989],[6.288699150000014,6.565053939999984],[6.293218136000007,6.569715023000015],[6.2959299089999945,6.572513103000006],[6.302268981999987,6.575344085999973],[6.318582058000004,6.578269958000021],[6.324923991999981,6.580177784],[6.329445839000016,6.583916187],[6.3348670010000205,6.5904340739999725],[6.338451861999999,6.603400229999977],[6.34205579799999,6.6108250620000035],[6.346560954999973,6.620104790000028],[6.350166797999975,6.626605987999994],[6.349230766000005,6.6358351709999965],[6.348309993999976,6.6404452319999905],[6.346478939000008,6.645970820999992],[6.343735218000006,6.653335093999999],[6.339182854000001,6.658833980999987],[6.339166164000005,6.664377213000023]]]},"properties":{"fid":197,"cty_nm":"Nigeria","iso3cd":"NGA","adm1nm":"Edo","adm2nm":"Igueben","adm1cd":"NGA012","adm2cd":"NGA012010"}},{"type":"Feature","id":198,"geometry":{"type":"Polygon","coordinates":[[[5.827546120000022,6.2527570720000085],[5.8241128920000165,6.256442069999991],[5.821498871000017,6.260200024000028],[5.817100047999986,6.264923096000018],[5.812753201000021,6.271494865000022],[5.810166836000008,6.276177883000003],[5.806726932999993,6.282730103000006],[5.80224704699998,6.2846789359999775],[5.7960329059999935,6.289443016000007],[5.7916059489999725,6.293241023999997],[5.7801389690000065,6.304595946999996],[5.767631053999992,6.311348914999996],[5.763204098000017,6.315147877000015],[5.755123137999988,6.318102837000026],[5.749709128999996,6.3191480639999895],[5.7425069810000196,6.3211579320000055],[5.737973212999975,6.3212590219999925],[5.735251903999995,6.3213191030000075],[5.729865073999974,6.323288918000003],[5.720983982000007,6.329961776999994],[5.7184247970000115,6.335568905000002],[5.716744899999981,6.340230942000005],[5.715093136000007,6.345818995999991],[5.7125868800000035,6.353274822000003],[5.711788177000017,6.356993197999998],[5.710162163000007,6.363503933000004],[5.709334850000005,6.366298199000028],[5.705176830000028,6.379341124999996],[5.702643871000021,6.38587284099998],[5.7009921069999905,6.391459941999983],[5.686937809000028,6.407497883000019],[5.682457924000005,6.409448146999978],[5.677949904999991,6.410472869999978],[5.668962002000001,6.413447856999994],[5.66357517199998,6.415418148000015],[5.6598939900000005,6.413649082000006],[5.652719020999996,6.416584015000012],[5.649118900000019,6.417589188000022],[5.645318985000017,6.41854715300002],[5.644422054000017,6.415767193000022],[5.641833781999992,6.414109230000008],[5.639904976000025,6.410181045999991],[5.640827178999984,6.405570984000008],[5.641750812999987,6.400036811999996],[5.6426749230000155,6.394503116999999],[5.644508839000025,6.388053893999995],[5.644524096999987,6.383434771999987],[5.644536017999997,6.379740238000011],[5.6445498470000075,6.375121116999992],[5.6445651050000265,6.370501994999984],[5.646389961000011,6.366825103999986],[5.648215771000025,6.363146782000001],[5.6491341590000275,6.359459877000006],[5.648239135999972,6.355757235999988],[5.641911983,6.349229813000022],[5.637392997999996,6.344567776000019],[5.6365008349999925,6.339941024999973],[5.634705067000027,6.334381103999988],[5.6338148120000255,6.328829765000023],[5.631114959999991,6.322338103999982],[5.629313946000025,6.318625927000028],[5.628425121000021,6.31307506600001],[5.628438949999975,6.308455944000002],[5.629368781999972,6.301074981999989],[5.6284828189999985,6.294600010000011],[5.62759113300001,6.2899718279999774],[5.6285271639999905,6.28074312199999],[5.631279945000017,6.27060699499998],[5.6312999730000115,6.264141083000027],[5.632225037000012,6.258606911000015],[5.630432128999985,6.252123832999985],[5.6295537949999925,6.242877007000004],[5.62775898000001,6.237318039000002],[5.6241488460000255,6.231740951999996],[5.621446133000006,6.226171969999996],[5.617829799999981,6.222443103999979],[5.615109920999998,6.22241687799999],[5.6069569590000015,6.219569206000017],[5.600609779000024,6.219509125000002],[5.5933589940000275,6.218515873000001],[5.590638161000015,6.21849107700001],[5.583390236000014,6.216574191999996],[5.578862189999995,6.214684009999985],[5.576147079000009,6.212810993000005],[5.570724009999992,6.207217216000004],[5.56801796000002,6.202571868999996],[5.564420223000013,6.19329977000001],[5.5608248710000225,6.183104991999983],[5.558123111999976,6.177536010999972],[5.553612231999978,6.170103073000007],[5.5472908020000204,6.161728858999993],[5.541888237000023,6.1496691699999815],[5.539187907999974,6.143177031999983],[5.537395000000004,6.136693001000026],[5.53469800900001,6.129277229000024],[5.531097889000023,6.120928763999984],[5.5265841479999835,6.11441993699998],[5.525685786999986,6.111639976999982],[5.522077083999989,6.106062888999986],[5.520284176000018,6.099579811000012],[5.5148611070000015,6.093986034000011],[5.511241912999992,6.091179848000024],[5.507615089000012,6.091145992000008],[5.50489091899999,6.092042923000008],[5.4976220130000115,6.096593857000016],[5.49217891699999,6.097465992000025],[5.484927176999975,6.096474171000011],[5.479492187000005,6.094573975000003],[5.476768970000023,6.095471858999986],[5.470416069000009,6.097259998000027],[5.4667830469999785,6.099072933000002],[5.46224498700002,6.099954127999979],[5.460454941000023,6.092545986000005],[5.4586682319999795,6.084216117999972],[5.455959796999991,6.080494880999993],[5.45416402799998,6.074934959000018],[5.4505691530000036,6.064739227000018],[5.448775768000019,6.0582561489999875],[5.446580410000024,6.05145931200002],[5.445184230999985,6.047135830000002],[5.4437212939999995,6.043619155999977],[5.442483901999992,6.040644169000018],[5.444632053000021,6.039225578000014],[5.452094554999974,6.034297943000013],[5.453060149999999,6.027536869000016],[5.453403949999995,6.025130749000027],[5.456191063000006,6.022396564000019],[5.458463192000011,6.023046017000013],[5.465517997999996,6.027750014999981],[5.473677635000001,6.027351855999996],[5.478940964000003,6.027095318000022],[5.484179497000014,6.027750014999981],[5.489745140000025,6.030041695000023],[5.490273476000027,6.033595085000002],[5.4913821220000045,6.038554191999992],[5.494328499000005,6.041828156000008],[5.497275351999974,6.042482853000024],[5.50087642699998,6.036589622000008],[5.505787372999976,6.035934924999992],[5.512989998000023,6.035280227999976],[5.5165915489999975,6.030369281999981],[5.518883227999993,6.027422428000023],[5.515282153999976,6.021856785000011],[5.519210815000008,6.016291142],[5.523467063999988,6.012690066999994],[5.528378009999983,6.0120348930000205],[5.5326337810000155,6.01170778300002],[5.534598351,6.009743214000025],[5.532306671000015,6.004177570000024],[5.536596775000021,5.989902019999988],[5.546327591000022,5.9853615760000025],[5.561079978999999,5.989411830999984],[5.571273803999986,5.990883827000005],[5.5780191420000165,6.003423214000009],[5.583425998999985,6.0110960009999985],[5.5935950279999815,6.018115996999995],[5.605134009999972,6.023066044000018],[5.616007804999981,6.024542809000025],[5.626190185999974,6.0287890430000175],[5.637066840999978,6.02957296400001],[5.657452105999994,6.033209800999998],[5.667607307000026,6.049861431000011],[5.668930053999986,6.0520300869999915],[5.673977852000007,6.048922061999974],[5.698933124999996,6.033555983999975],[5.7452850340000055,6.0089759830000276],[5.756934643000022,6.002093315000025],[5.764177322000023,5.997814177999999],[5.761786938,6.0085639949999745],[5.759040832999972,6.016851901999985],[5.756297112000027,6.024216174999992],[5.754471779000028,6.027894020000019],[5.75263977100002,6.033420085999978],[5.749897003000001,6.040783882000028],[5.747152804999985,6.0481481549999785],[5.742598057000009,6.054572104999977],[5.738945006999984,6.062850952000019],[5.737108230999979,6.07022380799998],[5.7343578339999794,6.079435825000019],[5.727054119000002,6.095070839000016],[5.730671883000014,6.097877025999992],[5.733356952999998,6.108986855000012],[5.743272780999973,6.127556801000026],[5.744156836999991,6.134955882999975],[5.744142055999987,6.139575004999983],[5.745028019000017,6.146049022999989],[5.747734069999979,6.150693892999982],[5.7540488239999945,6.160914897999987],[5.755834102999984,6.17016983000002],[5.754911900000025,6.174779892000004],[5.754898071000014,6.179399014000012],[5.753941058999999,6.195095062000007],[5.755747794999991,6.196959019000019],[5.7683820720000085,6.216477870999995],[5.784675121000021,6.225871085999984],[5.79374313400001,6.22595596299999],[5.801900864000004,6.226956843999972],[5.816398144000004,6.230790137999975],[5.819116115999975,6.231739998000023],[5.823635100999979,6.236401080999997],[5.825405121000017,6.250275134999981],[5.827546120000022,6.2527570720000085]]]},"properties":{"fid":198,"cty_nm":"Nigeria","iso3cd":"NGA","adm1nm":"Edo","adm2nm":"Ikpoba-Okha","adm1cd":"NGA012","adm2cd":"NGA012011"}},{"type":"Feature","id":199,"geometry":{"type":"Polygon","coordinates":[[[5.46224498700002,6.099954127999979],[5.4667830469999785,6.099072933000002],[5.470416069000009,6.097259998000027],[5.476768970000023,6.095471858999986],[5.479492187000005,6.094573975000003],[5.484927176999975,6.096474171000011],[5.49217891699999,6.097465992000025],[5.4976220130000115,6.096593857000016],[5.50489091899999,6.092042923000008],[5.507615089000012,6.091145992000008],[5.511241912999992,6.091179848000024],[5.5148611070000015,6.093986034000011],[5.520284176000018,6.099579811000012],[5.522077083999989,6.106062888999986],[5.525685786999986,6.111639976999982],[5.5265841479999835,6.11441993699998],[5.531097889000023,6.120928763999984],[5.53469800900001,6.129277229000024],[5.537395000000004,6.136693001000026],[5.539187907999974,6.143177031999983],[5.541888237000023,6.1496691699999815],[5.5472908020000204,6.161728858999993],[5.553612231999978,6.170103073000007],[5.558123111999976,6.177536010999972],[5.5608248710000225,6.183104991999983],[5.564420223000013,6.19329977000001],[5.56801796000002,6.202571868999996],[5.570724009999992,6.207217216000004],[5.576147079000009,6.212810993000005],[5.578862189999995,6.214684009999985],[5.583390236000014,6.216574191999996],[5.590638161000015,6.21849107700001],[5.5933589940000275,6.218515873000001],[5.600609779000024,6.219509125000002],[5.6069569590000015,6.219569206000017],[5.615109920999998,6.22241687799999],[5.617829799999981,6.222443103999979],[5.621446133000006,6.226171969999996],[5.6241488460000255,6.231740951999996],[5.62775898000001,6.237318039000002],[5.6295537949999925,6.242877007000004],[5.630432128999985,6.252123832999985],[5.632225037000012,6.258606911000015],[5.6312999730000115,6.264141083000027],[5.631279945000017,6.27060699499998],[5.6285271639999905,6.28074312199999],[5.62759113300001,6.2899718279999774],[5.6284828189999985,6.294600010000011],[5.629368781999972,6.301074981999989],[5.628438949999975,6.308455944000002],[5.628425121000021,6.31307506600001],[5.629313946000025,6.318625927000028],[5.631114959999991,6.322338103999982],[5.6338148120000255,6.328829765000023],[5.634705067000027,6.334381103999988],[5.6365008349999925,6.339941024999973],[5.637392997999996,6.344567776000019],[5.641911983,6.349229813000022],[5.648239135999972,6.355757235999988],[5.6491341590000275,6.359459877000006],[5.648215771000025,6.363146782000001],[5.646389961000011,6.366825103999986],[5.6445651050000265,6.370501994999984],[5.641864777000023,6.364009856999985],[5.639160156000003,6.359364986000003],[5.637354850999998,6.356576920000009],[5.632823943999995,6.355609893999997],[5.628293036999992,6.354643822000014],[5.622851849000028,6.354591846000005],[5.617411136999976,6.354540825000015],[5.6110610960000145,6.355403899999999],[5.605619907000005,6.355352879000009],[5.60018777800002,6.352530003000027],[5.5965700149999975,6.349724770000023],[5.592954158999987,6.345994948999987],[5.592061995999984,6.341368197999998],[5.591166972999986,6.337664126999982],[5.5902719499999876,6.333961009999996],[5.588467121000008,6.331171988999984],[5.586665154000002,6.327459811999972],[5.581239223000011,6.3227901459999885],[5.576711177999982,6.320899010000005],[5.572185993000005,6.318085193999991],[5.569474220000018,6.315288066999983],[5.5604410170000165,6.304117202999976],[5.558637142000009,6.301329135999993],[5.551420211999982,6.28925085100002],[5.545990943999982,6.28550386400002],[5.542373180000027,6.282699107999974],[5.536030768999979,6.280790806000027],[5.528788089999978,6.27720403699999],[5.528797150000003,6.274256229000002],[5.52699613599998,6.270544051999991],[5.51977920500002,6.258465767000018],[5.5152630810000005,6.252881049999985],[5.50714302099999,6.239871025000014],[5.503532887000006,6.2342939380000075],[5.499020099999996,6.2277851100000134],[5.495416164000005,6.220359802000019],[5.490911007000022,6.2110800739999945],[5.488214015999972,6.2036638260000245],[5.485517979000008,6.196248055000012],[5.480128765000018,6.179568768000024],[5.478351115999999,6.168467045],[5.476563930999987,6.160136222999995],[5.472091197999987,6.140694140999983],[5.4703040119999855,6.13236284300001],[5.4685168269999735,6.124032021000005],[5.465823173999979,6.115692138999975],[5.464033126999993,6.108284949999984],[5.46224498700002,6.099954127999979]]]},"properties":{"fid":199,"cty_nm":"Nigeria","iso3cd":"NGA","adm1nm":"Edo","adm2nm":"Oredo","adm1cd":"NGA012","adm2cd":"NGA012012"}},{"type":"Feature","id":200,"geometry":{"type":"Polygon","coordinates":[[[6.281616211000028,6.3603291509999735],[6.279860020000001,6.358500004000007],[6.27609682100001,6.357798100000025],[6.269393921000017,6.36163806899998],[6.26302290000001,6.368968010000003],[6.253921031999994,6.379967212999986],[6.245729922999999,6.389128207999988],[6.242994785000008,6.393721104000008],[6.238442898000017,6.399219990000006],[6.234800816000018,6.403804778999984],[6.232069016000025,6.407474041],[6.226607800000011,6.413888930999974],[6.224782944000026,6.417566776000001],[6.215703011000016,6.421175957000003],[6.203011036000021,6.42013215999998],[6.19576215699999,6.418216228000006],[6.1885080339999945,6.418147087000023],[6.18125295599998,6.418077945999983],[6.173998832999985,6.418010234999997],[6.1685547829999905,6.418881892999991],[6.157677174000014,6.417854786000021],[6.152238845999989,6.416880131000028],[6.147714138000026,6.414064884000027],[6.1422820089999846,6.411242962000017],[6.13684988,6.408420085999978],[6.131688118,6.404486179000003],[6.130535125999984,6.398199080999973],[6.126027107000027,6.389842032999979],[6.123323916999993,6.384274005999998],[6.117000103000009,6.376822947999983],[6.113392830000009,6.370323181000003],[6.1070599560000005,6.36564397799998],[6.101636886999984,6.360050200999979],[6.090785026999981,6.350708961000009],[6.082650184999977,6.342318057999989],[6.07632017100002,6.33671522100002],[6.071794986999976,6.333900927999991],[6.066359997000006,6.332002163000027],[6.057298183,6.330069064999975],[6.049139976999982,6.329068183999993],[6.041884899000024,6.32899904300001],[6.033723830999975,6.328921794999985],[6.009270190999985,6.319451808999986],[6.002945899999986,6.312002182000015],[5.998435019999988,6.304568768000024],[5.986684798999988,6.292448997000008],[5.98035812400002,6.285922050000011],[5.9767432209999924,6.282193183999993],[5.972227096999973,6.276607037000019],[5.967710017999991,6.271021843000028],[5.9650020600000175,6.267301083000007],[5.950541972999986,6.251460075000011],[5.936941147000027,6.251330853000013],[5.919712066999978,6.25116777400001],[5.912459850000005,6.2501749990000235],[5.901576041999988,6.250996112999985],[5.8897838589999765,6.251808166999979],[5.881619929999999,6.252655028999982],[5.872554778999984,6.251645087999975],[5.8634810450000145,6.253407001000028],[5.852593898999999,6.25515079500002],[5.8480539320000275,6.256956100000025],[5.839887142000009,6.258726120000006],[5.832633018000024,6.258656979000023],[5.827546120000022,6.2527570720000085],[5.825405121000017,6.250275134999981],[5.823635100999979,6.236401080999997],[5.819116115999975,6.231739998000023],[5.816398144000004,6.230790137999975],[5.801900864000004,6.226956843999972],[5.79374313400001,6.22595596299999],[5.784675121000021,6.225871085999984],[5.7683820720000085,6.216477870999995],[5.755747794999991,6.196959019000019],[5.753941058999999,6.195095062000007],[5.754898071000014,6.179399014000012],[5.754911900000025,6.174779892000004],[5.755834102999984,6.17016983000002],[5.7540488239999945,6.160914897999987],[5.747734069999979,6.150693892999982],[5.745028019000017,6.146049022999989],[5.744142055999987,6.139575004999983],[5.744156836999991,6.134955882999975],[5.743272780999973,6.127556801000026],[5.733356952999998,6.108986855000012],[5.730671883000014,6.097877025999992],[5.727054119000002,6.095070839000016],[5.7343578339999794,6.079435825000019],[5.737108230999979,6.07022380799998],[5.738945006999984,6.062850952000019],[5.742598057000009,6.054572104999977],[5.747152804999985,6.0481481549999785],[5.749897003000001,6.040783882000028],[5.75263977100002,6.033420085999978],[5.754471779000028,6.027894020000019],[5.756297112000027,6.024216174999992],[5.759040832999972,6.016851901999985],[5.761786938,6.0085639949999745],[5.764177322000023,5.997814177999999],[5.795056820000013,5.979569911999988],[5.812038898000026,5.9838719370000035],[5.8229961399999866,5.966627120999988],[5.830506802000002,5.959753990000024],[5.835303782999972,5.951471805999972],[5.833310127000004,5.941052914000011],[5.921317101,5.87729215600001],[5.910546780000004,5.85223722500001],[5.906504154000004,5.843882083999972],[5.906404017999989,5.825979232999998],[5.902400969999974,5.811059951999994],[5.897670746000017,5.8037824630000046],[5.894185164000021,5.798591758999976],[5.902640819999988,5.79461193100002],[5.906779766,5.781470775999992],[5.9061489110000025,5.770370006999997],[5.917080879000025,5.758672236999985],[5.924606799999992,5.7483320239999784],[5.940937041999973,5.746387004999974],[5.958599090999996,5.750695228999973],[5.969620227999997,5.748805045999973],[5.981730937999998,5.748114109000028],[5.9919037820000085,5.754439831000013],[6.004464626000015,5.76064205199998],[6.007824898000024,5.761753558999999],[6.015662193000026,5.764347075999979],[6.019802570000024,5.764380931999995],[6.024969578000025,5.7644233699999745],[6.027222156999983,5.76444959600002],[6.031224727999984,5.764495850000003],[6.039780140000005,5.764610767000022],[6.044364452000025,5.766866683999979],[6.048964023999986,5.76878499999998],[6.0618572239999935,5.775133132999997],[6.073625564999986,5.786473274000002],[6.075937270999987,5.786094188999982],[6.080683707999981,5.788235187999987],[6.093735218000006,5.7941222189999735],[6.101854801000002,5.803205013000024],[6.107929230000025,5.813658237000027],[6.111967086999982,5.823400020999998],[6.120879172999992,5.839725018000024],[6.130944729000021,5.845688343000006],[6.132810115999973,5.846793651999974],[6.142442226000014,5.8520870209999885],[6.151937008000004,5.857713223000019],[6.160744190000003,5.8654150959999924],[6.168869971999982,5.873110770999972],[6.179709910999975,5.882215976999987],[6.191916943000024,5.889945984000008],[6.198935509000023,5.895133494999982],[6.201406001999999,5.89695978200001],[6.203830241999981,5.900574206999977],[6.207487105999974,5.906025886999998],[6.217640877000008,5.916512011999998],[6.223714828000027,5.92696523699999],[6.229115008999997,5.936026095999978],[6.233819961999984,5.948546885999974],[6.243769645999976,5.967384815000003],[6.2459602359999735,5.971532821999972],[6.247943878000001,5.9840331080000055],[6.250625134000018,5.9930701260000205],[6.256639957000004,6.016697883999996],[6.2409567830000015,6.026277064999988],[6.2327628140000115,6.033836842000028],[6.223897933999979,6.039310931999978],[6.210274219999974,6.044744967999975],[6.201412200999982,6.049526215000014],[6.193222046000017,6.056393146999994],[6.185698985999977,6.066039085],[6.17681789400001,6.074979782000014],[6.169303893999995,6.082546234000006],[6.16381216000002,6.0942888260000245],[6.156969070000002,6.103940964000003],[6.148083209999982,6.114270209999972],[6.14124012000002,6.12392091800001],[6.134387016000005,6.135653019000017],[6.130246161999992,6.149487971999974],[6.1254158020000204,6.165399074999982],[6.121271132999993,6.17992687200001],[6.119191170000022,6.188924788999998],[6.1157422069999825,6.199992179999981],[6.115022182000018,6.209001064000006],[6.114303112000016,6.21800994900002],[6.112161160000028,6.240878104999979],[6.0950970650000045,6.2552990909999835],[6.084858893999979,6.2635350229999744],[6.076632023000002,6.278722763000019],[6.086105824000015,6.2892050739999945],[6.086041926999997,6.303767203999996],[6.088016987000003,6.318346976999976],[6.0947780609999995,6.3274178500000176],[6.100863934000017,6.335096835999991],[6.106954098000017,6.342082977000018],[6.113042830999973,6.349068165000006],[6.1177721020000035,6.351524353000002],[6.126613140000018,6.356115817999978],[6.140926837999984,6.3486070629999745],[6.1504750249999915,6.342443942999978],[6.158658980999974,6.336965083999985],[6.1675238610000065,6.3314909929999885],[6.180490017000011,6.321197032999976],[6.188703060000023,6.309475899000006],[6.193511009000019,6.2984199520000175],[6.197598933999984,6.282746314999997],[6.212637900999994,6.279160976000014],[6.223472118000018,6.289653778000002],[6.2363309859999845,6.303630828999985],[6.246644020000019,6.312650204000022],[6.253943919999983,6.31903410000001],[6.261365891000025,6.332272052999997],[6.2708368300000075,6.343445777999989],[6.281655788000023,6.357406138999977],[6.290318012,6.3618683820000115],[6.281616211000028,6.3603291509999735]]]},"properties":{"fid":200,"cty_nm":"Nigeria","iso3cd":"NGA","adm1nm":"Edo","adm2nm":"Orhionmwon","adm1cd":"NGA012","adm2cd":"NGA012013"}},{"type":"Feature","id":201,"geometry":{"type":"Polygon","coordinates":[[[5.537059784000007,6.884796618999985],[5.459748745000013,6.885982990000002],[5.461596011999973,6.875928879000014],[5.458896159999995,6.869437217999973],[5.4561901089999765,6.864791869999976],[5.454402924000021,6.856462002000001],[5.454414844999974,6.85276699100001],[5.447193146000018,6.842535972999997],[5.443592072000001,6.834187983999982],[5.439997195999979,6.823991776000014],[5.436396122000019,6.815643786999999],[5.4355039600000055,6.81101703600001],[5.432797908999987,6.806373119],[5.430107116999977,6.797109126999999],[5.428317069999991,6.789701938999997],[5.425611018999973,6.785057068000015],[5.422912121000024,6.778564930000016],[5.4229288099999735,6.773023129000023],[5.4157071110000174,6.762793063999993],[5.4120922089999794,6.759062766999989],[5.405762196000012,6.7534599300000195],[5.399425983000015,6.749704838000014],[5.3949089050000225,6.74412012099998],[5.392200946999992,6.740398884000001],[5.386784077000016,6.732956886000011],[5.3822879790000115,6.720905780999999],[5.3813948630000255,6.71627903000001],[5.384157180999978,6.7033720019999805],[5.386900901999979,6.696006775000001],[5.391455172999997,6.689583777999985],[5.396918774000028,6.682244777999983],[5.402380943000026,6.67582988700002],[5.405116081000017,6.67123699199999],[5.4096698760000095,6.6648139949999745],[5.412419795999995,6.655601977999993],[5.414257050000003,6.648229121999975],[5.41792011299998,6.637177943999973],[5.4206600190000245,6.630737781999983],[5.423404216999984,6.623373985000001],[5.4252409929999885,6.616001128999983],[5.427990912999974,6.606789112000001],[5.430751800999985,6.593882083999972],[5.433486937999987,6.589289188000009],[5.4380388260000245,6.583788872000014],[5.442582130000005,6.581060885999989],[5.447122096999976,6.579256057999999],[5.451662064000004,6.577452182999991],[5.459835052000017,6.573833942000022],[5.46346807499998,6.572021007999979],[5.467101097000011,6.570208073000003],[5.471661090999987,6.561936854999999],[5.472579001999975,6.558249950000004],[5.477146149000021,6.548131942999987],[5.480786799999976,6.54354715300002],[5.486242770999979,6.538980007000021],[5.493508815999974,6.535354137000013],[5.496246815000006,6.5298371320000115],[5.494441986000027,6.527049065000028],[5.4899549479999905,6.512226105000025],[5.486324787000001,6.513114928999983],[5.48088693599999,6.512138843999992],[5.479994773999977,6.5075120930000026],[5.4791002270000035,6.503808021999987],[5.478210925999974,6.49825715999998],[5.475504875000013,6.4936127660000125],[5.472802161999994,6.488045215999989],[5.471005917000014,6.482484817999989],[5.470114231000025,6.477858067],[5.466498851999972,6.474127769000006],[5.466509819000009,6.470433234999973],[5.4665222169999765,6.466738223999982],[5.469263076999994,6.460298061000003],[5.46655511900002,6.456576824000024],[5.463842869000018,6.453780173999974],[5.460225105000006,6.450973987999987],[5.456614971000022,6.4453968999999915],[5.452097892999973,6.439812183000015],[5.449389934999999,6.436090945999979],[5.448501109999995,6.430540085000018],[5.444893836999995,6.424038886999995],[5.4422059060000265,6.41385221500002],[5.4404239649999795,6.403673172000026],[5.438022613999976,6.399510860000021],[5.435166836000008,6.398797034999973],[5.434690951999983,6.394751548999977],[5.435880660999999,6.391181946000017],[5.440402031000019,6.389516354000023],[5.442543983000007,6.388564110000004],[5.442306041999984,6.3816633220000085],[5.441948890999981,6.377617836000013],[5.4426627159999725,6.374048232999996],[5.445994376999977,6.370240688000024],[5.445994376999977,6.367622852000011],[5.445280551999986,6.363815783999996],[5.449326037999981,6.362863541000024],[5.451229571999988,6.360008240000013],[5.45075368900001,6.355724812000005],[5.4495639799999935,6.353582859000028],[5.4524192810000045,6.353344917000015],[5.454561233999982,6.352631092000024],[5.45884466199999,6.352393150000012],[5.460034370000017,6.350727081000002],[5.461700439000026,6.348823546999995],[5.4640798570000015,6.34929943100002],[5.467649460000018,6.348823546999995],[5.4683632850000095,6.345491885999991],[5.4659838680000234,6.342160224999986],[5.470029354000019,6.336449146000007],[5.471457004999991,6.334069729000021],[5.471457004999991,6.3307380680000165],[5.471457004999991,6.322409153000024],[5.468601227000022,6.318363667000028],[5.467887401999974,6.3147940640000115],[5.467411518000006,6.312652587999992],[5.466935635000027,6.309082984999975],[5.466935635000027,6.305751324000028],[5.466697693000015,6.3026576039999895],[5.463603972999977,6.299802302999979],[5.45884466199999,6.297184467000022],[5.454561233999982,6.291949272000011],[5.4500398640000185,6.283144473999982],[5.444328784999982,6.281240463000017],[5.441948890999981,6.280764579999982],[5.436475754000014,6.279812812999978],[5.434571742999992,6.277194977000022],[5.431240559000003,6.278147220999983],[5.430288314999984,6.280526638000026],[5.428146839000021,6.2817163469999855],[5.424577236000005,6.282192706999979],[5.421245575,6.283620358000007],[5.415772437999976,6.28504800799999],[5.41315460200002,6.283144473999982],[5.410537243000022,6.284810065999977],[5.406015873000001,6.282668591000004],[5.403635979000001,6.2817163469999855],[5.401256561000025,6.282668591000004],[5.399352550999993,6.281240463000017],[5.397686958000008,6.2769570350000095],[5.39554500600002,6.2769570350000095],[5.393641472000013,6.276005268000006],[5.393165587999988,6.272197722999977],[5.389833926999984,6.2679142950000255],[5.385550498999976,6.266724586000009],[5.382238864999977,6.263615608000009],[5.3774595259999955,6.2624411580000015],[5.374603748000027,6.260775566000007],[5.370796203999987,6.25720596299999],[5.36651277499999,6.252208709999991],[5.357470035999995,6.246021271000018],[5.352710724000019,6.241261958999985],[5.351853371000004,6.238689899000008],[5.350093365000021,6.234360695000021],[5.352472782000007,6.229601382999988],[5.354614734999984,6.223890304999998],[5.356756210000015,6.219368934999977],[5.357945918999974,6.212943553999992],[5.361753464000003,6.2074704170000246],[5.3634195330000125,6.205566883000017],[5.36651277499999,6.202949047000004],[5.368416786000012,6.200093268999979],[5.368654728000024,6.197713851999993],[5.368416786000012,6.194620132000011],[5.367465019000008,6.191288471000007],[5.366989135999972,6.189146995999977],[5.365561007999986,6.187480927000024],[5.364847182999995,6.185101508999992],[5.363263607000022,6.183834552999997],[5.361135005999984,6.177105903999973],[5.356565951999983,6.171013832000028],[5.351235389999999,6.163589000999991],[5.344191550999994,6.15768766399998],[5.339622497999983,6.156545161999986],[5.332007407999981,6.149501324000028],[5.330484389999981,6.144742011999995],[5.327629089000027,6.142647742999998],[5.320585251000011,6.144742011999995],[5.314302920999978,6.145693778999998],[5.306687832000023,6.144361495999988],[5.295074940000006,6.144361495999988],[5.286888599000008,6.144742011999995],[5.2821292880000215,6.139030933000015],[5.281684874999996,6.132423877999997],[5.2815585139999826,6.125895022999998],[5.2815585139999826,6.122467995000022],[5.282890796999993,6.119612694000011],[5.282890796999993,6.114282130999982],[5.280606270000021,6.108380318000002],[5.277560710999978,6.105144024000026],[5.271087646000012,6.098481177999986],[5.269134044999987,6.087039947999983],[5.273943423999981,6.080776215000014],[5.2815585139999826,6.07830143000001],[5.289934635000009,6.077730179000014],[5.291267394999977,6.072399615999984],[5.290505886000005,6.065355778000026],[5.286127566999994,6.061548232999996],[5.277560710999978,6.059073447999992],[5.272039413000016,6.056027411999992],[5.2701697350000245,6.054296017000013],[5.268269062000002,6.052536010999972],[5.265021800999989,6.0438141820000055],[5.262348175,6.033390044999976],[5.258985042999996,6.025040149999995],[5.254957198999989,6.013216972000009],[5.251615046999973,6.000012874999982],[5.247795581999981,5.986599921999982],[5.249100208000016,5.970073222999986],[5.253449439999997,5.957025527999974],[5.256058693,5.95006704299999],[5.263452529999995,5.943108081999981],[5.268236636999973,5.93919420200001],[5.269696711999984,5.918911456999979],[5.275195122000014,5.909184455999991],[5.291287421999982,5.912229061000005],[5.304334641000025,5.9196224209999855],[5.315147877000015,5.934660912000027],[5.32608079900001,5.941803455000013],[5.334778786000015,5.949197292000008],[5.341302872000028,5.956155776999992],[5.350001335000002,5.960939884000027],[5.358699322000007,5.9696383479999895],[5.345217228000024,5.975292206000006],[5.339998245000004,5.9826855659999865],[5.3365187640000045,5.984425545000022],[5.326950549999992,5.9826855659999865],[5.32608079900001,5.9900794029999815],[5.326950549999992,5.99442863500002],[5.323036193999997,6.005301476],[5.327385425999978,6.018349171000011],[5.334343909999973,6.02139329900001],[5.338249683000015,6.0187897679999764],[5.34217262300001,6.01617431599999],[5.356524944,6.017479419999972],[5.365658283000016,6.0196537969999895],[5.3778357510000205,6.019218921999993],[5.388225078999994,6.017794132000006],[5.3921532630000115,6.01918363599998],[5.399711131999993,6.021856785000011],[5.41117000600002,6.020219802999975],[5.415844440000001,6.0103516579999905],[5.415374278999991,6.0081377029999885],[5.425902843000017,6.005814552000004],[5.431141376000028,6.008760929000005],[5.431468487000018,6.013017177999984],[5.431141376000028,6.01792812299999],[5.427212237999981,6.023493766999991],[5.427539824999997,6.030696391999982],[5.433464527000012,6.034986973000002],[5.437034129999972,6.037571906999972],[5.442483901999992,6.040644169000018],[5.4437212939999995,6.043619155999977],[5.445184230999985,6.047135830000002],[5.446580410000024,6.05145931200002],[5.448775768000019,6.0582561489999875],[5.4505691530000036,6.064739227000018],[5.45416402799998,6.074934959000018],[5.455959796999991,6.080494880999993],[5.4586682319999795,6.084216117999972],[5.460454941000023,6.092545986000005],[5.46224498700002,6.099954127999979],[5.464033126999993,6.108284949999984],[5.465823173999979,6.115692138999975],[5.4685168269999735,6.124032021000005],[5.4703040119999855,6.13236284300001],[5.472091197999987,6.140694140999983],[5.476563930999987,6.160136222999995],[5.478351115999999,6.168467045],[5.480128765000018,6.179568768000024],[5.485517979000008,6.196248055000012],[5.488214015999972,6.2036638260000245],[5.490911007000022,6.2110800739999945],[5.495416164000005,6.220359802000019],[5.499020099999996,6.2277851100000134],[5.503532887000006,6.2342939380000075],[5.50714302099999,6.239871025000014],[5.5152630810000005,6.252881049999985],[5.51977920500002,6.258465767000018],[5.52699613599998,6.270544051999991],[5.528797150000003,6.274256229000002],[5.528788089999978,6.27720403699999],[5.5287737849999985,6.281645775000015],[5.529660224999986,6.288121223000019],[5.529633998999998,6.296434879000003],[5.528715133999981,6.300120831000015],[5.528697013999988,6.305664062000005],[5.528676986999983,6.312129974000015],[5.527738093999972,6.3222827910000206],[5.525904179000008,6.328732014000025],[5.524981975999992,6.333343028999991],[5.525872230999994,6.3388929370000255],[5.527677058999984,6.341681956999992],[5.53400898000001,6.346361160000015],[5.539434910000011,6.351030826999988],[5.544860840000013,6.355700969999987],[5.548473834999982,6.360353947000021],[5.552085875999978,6.365007876999982],[5.557507037999983,6.371525764000012],[5.562007903999984,6.381730080000011],[5.563805102999993,6.387290000999997],[5.568317890000003,6.393798828000001],[5.574645041999986,6.4003248210000265],[5.580080032000012,6.402224063999995],[5.58642482800002,6.403207779000013],[5.592765808000024,6.405116081000017],[5.600015163000023,6.407032012999991],[5.607264041999997,6.408947945000023],[5.612698077999994,6.410847187000002],[5.619046211000011,6.410906791999992],[5.624484062000022,6.411881923999999],[5.6290121079999835,6.413773059999983],[5.632641792000015,6.412884234999979],[5.637178898000002,6.412003040000002],[5.641833781999992,6.414109230000008],[5.644422054000017,6.415767193000022],[5.645318985000017,6.41854715300002],[5.643487929999992,6.424071788999981],[5.640752792000001,6.428665161000026],[5.63893079799999,6.431418896000025],[5.63892221499998,6.434189795999998],[5.638906956000028,6.4388089180000065],[5.640699863000009,6.44529199599998],[5.642501831000004,6.449005127000021],[5.644300938000015,6.453639984000006],[5.647916794000025,6.457369803999995],[5.650625229000013,6.461091042000021],[5.654238223999982,6.465744018999999],[5.661466121999979,6.474125861999994],[5.667792797000004,6.4806528089999915],[5.678637028000026,6.49276494999998],[5.686773776999985,6.500232219999987],[5.6949148179999725,6.50677585599999],[5.702150822000021,6.512386799000012],[5.708480834999989,6.517990112000007],[5.71571779300001,6.523601054999972],[5.72114419899998,6.528271198000027],[5.72657108300001,6.5329408650000005],[5.736526965999985,6.538578986999994],[5.7455749509999805,6.545131206999997],[5.752814769999986,6.549818039000002],[5.760054110999988,6.554505824999978],[5.768188952999992,6.562897205000013],[5.772706031999974,6.5684819219999895],[5.77902078599999,6.578703879999978],[5.787147044999983,6.589866160999975],[5.79437494299998,6.598248005000016],[5.798882008000021,6.606606006999982],[5.799763202999998,6.614927769000019],[5.802444934999983,6.626963138999997],[5.806036948999974,6.638082026999996],[5.807836055999985,6.64271783800001],[5.813230037999972,6.657549857999982],[5.819544791999988,6.667770862999987],[5.821330069999988,6.67702579500002],[5.824028968999983,6.683517933000019],[5.828539847999991,6.690950870999984],[5.831233978,6.699291228999982],[5.833024024999986,6.706697941000016],[5.835718154999995,6.715036869000016],[5.839322089999996,6.722462177000011],[5.84384107599999,6.727124214000014],[5.846526145999974,6.738234997000006],[5.8492259980000085,6.744727135000005],[5.852783203000001,6.766931057000022],[5.859107017999975,6.774381161000008],[5.862713814000017,6.780881882000017],[5.869912148000026,6.798501967999982],[5.858118057000013,6.800238132000004],[5.847229958000014,6.801981925999996],[5.838157177000028,6.803743838999992],[5.830898762000004,6.80459880799998],[5.815472125999975,6.808147906999977],[5.80185794800002,6.811715126000024],[5.797325134000005,6.811672210999973],[5.792798995999988,6.808856963999972],[5.79099512099998,6.806068896999989],[5.787382126000011,6.801414967000028],[5.782863140000018,6.796753883000008],[5.777440071000001,6.791160106999996],[5.772913932999984,6.788345814000024],[5.765668869000024,6.785505772000022],[5.757518768000011,6.781733990000021],[5.751592635999998,6.78164005299999],[5.743122577999998,6.777893543000005],[5.726479530000006,6.769490718999975],[5.7236595150000085,6.766651153999987],[5.719102858999975,6.762063502999979],[5.714492797999981,6.757421017000013],[5.711441993999983,6.751975060000007],[5.702557564000017,6.736117363000005],[5.667370796,6.7276120189999915],[5.659932613000024,6.731264591000013],[5.654348850000019,6.734927176999975],[5.649687289999974,6.739518165999982],[5.64037466000002,6.7468533520000165],[5.636665821000008,6.746832847999997],[5.629253387000006,6.7458682060000115],[5.620002269999986,6.742123604000028],[5.612620831000015,6.735619068000005],[5.605238913999983,6.729115008999997],[5.596013545999995,6.720753193000007],[5.589559077999979,6.714253901999996],[5.585875987999998,6.709617137999999],[5.582198143000028,6.704056262999984],[5.576634883999986,6.704025745000024],[5.573838233999993,6.706779956999981],[5.571025847999977,6.7123045920000095],[5.564489364999986,6.720578670999998],[5.561655997999992,6.729796410000006],[5.562521935000007,6.7408819199999925],[5.561532973999988,6.751956462999999],[5.563216209000018,6.762380123000014],[5.561877728000013,6.767142772999989],[5.561419963999981,6.77226972599999],[5.559535026999981,6.777799605999974],[5.555774688999975,6.7870125769999845],[5.5510973930000205,6.794373511999993],[5.549863814999981,6.797205925000014],[5.547423840000022,6.802810191999981],[5.545835017999991,6.804292201999999],[5.544519901000001,6.810034275000021],[5.54357767099998,6.812798977],[5.543556690000003,6.816492557999993],[5.543510914000024,6.824802399000021],[5.546266555999978,6.829434395000021],[5.549027443,6.8331432339999765],[5.553647995000006,6.835938930999987],[5.559206008999979,6.836893082000017],[5.563836574999982,6.83784198799998],[5.566607952000027,6.83970403699999],[5.571213245000024,6.845269680000001],[5.57208919499999,6.854508399999986],[5.570152283000027,6.869271277999985],[5.567853451000019,6.872621058999982],[5.565518855999983,6.876023293000003],[5.56175136600001,6.87938165700001],[5.555240153999989,6.883038998000018],[5.547441483,6.883792877000019],[5.537059784000007,6.884796618999985]]]},"properties":{"fid":201,"cty_nm":"Nigeria","iso3cd":"NGA","adm1nm":"Edo","adm2nm":"Ovia North East","adm1cd":"NGA012","adm2cd":"NGA012014"}},{"type":"Feature","id":202,"geometry":{"type":"Polygon","coordinates":[[[5.459748745000013,6.885982990000002],[5.272408009000003,6.888858794999976],[5.254822253999976,6.883221626000022],[5.243793487999994,6.865616798000019],[5.236447811000005,6.8526487350000025],[5.232769965999978,6.847088337000002],[5.2263259889999745,6.838742255999989],[5.223565102000009,6.835033416999977],[5.218970298999977,6.827620982999974],[5.215297222000004,6.821137427999986],[5.213458537999998,6.818356990999973],[5.211624621999988,6.814653396999972],[5.208868504000009,6.810021399999982],[5.2070450780000215,6.8044710159999795],[5.206138610999972,6.80077266699999],[5.205232142999989,6.797074318],[5.204325198999982,6.793375491999996],[5.202496528999973,6.788748741000006],[5.202527523000015,6.783208847000026],[5.201615810000021,6.780433655000024],[5.197015761999978,6.773944855000025],[5.190535544999989,6.77206182499998],[5.185914992999983,6.769266129000016],[5.1803674700000215,6.766465186999994],[5.172970295000027,6.7627310749999765],[5.166505814000004,6.758078575000013],[5.156352996999999,6.74971198999998],[5.150810718999992,6.7459878920000165],[5.145293713000001,6.737647057000004],[5.140693665000015,6.731158257000004],[5.137937545999989,6.726525783999989],[5.135191916999986,6.720046996999997],[5.131524563000028,6.712639808999995],[5.126022815999988,6.701529026000003],[5.12232971200001,6.698738574999993],[5.1223502159999725,6.6950454710000145],[5.119599342000015,6.689489841000011],[5.117775917000017,6.683939457000008],[5.115957736999974,6.677465916000017],[5.114149569999995,6.669145583999978],[5.113263130000007,6.661753653999995],[5.11236715299998,6.656208515000003],[5.1123976709999965,6.6506686210000225],[5.112433909999993,6.644205569999997],[5.111542702000008,6.637736797000002],[5.111583709999991,6.63035011300002],[5.112531185000023,6.626662253999996],[5.114416598999981,6.6211323740000125],[5.117228984999997,6.615607737999994],[5.119108676999986,6.611001492000014],[5.120984077000003,6.607318400999986],[5.123801231000016,6.600870609000026],[5.125671387000011,6.598110675999976],[5.127551079,6.593504429000006],[5.128054141999996,6.588160991999985],[5.132228374000022,6.586143493999998],[5.13317108199999,6.5833783150000045],[5.136910439000019,6.577858924999987],[5.138774871999999,6.576022625000007],[5.140639781999994,6.574186325000028],[5.147155762000011,6.5696053500000176],[5.154583453999976,6.567800045000013],[5.1621122359999845,6.561973094999985],[5.1619343759999765,6.559301376000008],[5.164249896999991,6.554492474000028],[5.162290573000007,6.552176952000025],[5.160687446999987,6.549861908000025],[5.162290573000007,6.546477794999987],[5.161221980999983,6.54380607600001],[5.1603312490000235,6.539175510000007],[5.157125473000008,6.536147593999999],[5.155166149000024,6.533119677999991],[5.154809951999994,6.529023170000016],[5.154809951999994,6.5188713069999835],[5.153028964999976,6.515487194000002],[5.150357245999999,6.511746883000001],[5.150179385999991,6.508897305000005],[5.150179385999991,6.504622935999976],[5.152138709999974,6.503554344000008],[5.153741360000026,6.501060485999972],[5.153385162000006,6.4980330469999785],[5.151069640999992,6.4939365390000034],[5.148576260000027,6.492155551999986],[5.1473298070000055,6.489305495999986],[5.145370483000022,6.488771439000004],[5.143589496999994,6.486455917000001],[5.1394929890000185,6.480044365000026],[5.135752678000017,6.477016449000018],[5.133615494000026,6.472563744000013],[5.128806591,6.468467235999981],[5.123463630999993,6.4627680780000105],[5.117407798999977,6.459027767000009],[5.1140236850000065,6.453328133000014],[5.110461712000017,6.449053763999984],[5.1060090070000115,6.446025847999977],[5.102981091000004,6.4422855380000215],[5.102803230000006,6.438723563999986],[5.10511875200001,6.437298774999988],[5.107789992999983,6.435873985000001],[5.107612132999975,6.433380603999979],[5.104584217000024,6.4317774770000256],[5.104406357000016,6.427859306000016],[5.103693485000008,6.4248313900000085],[5.103871821999974,6.422159672000021],[5.107255936000001,6.4191322330000276],[5.108502387999977,6.417172908999987],[5.109749317000023,6.414679526999976],[5.109570980000001,6.412541866000026],[5.106899737999981,6.409514426999976],[5.103693485000008,6.402212142999986],[5.098885058999997,6.397403240000017],[5.091582297999992,6.392238140000018],[5.086036205000028,6.389211654999997],[5.083274840999991,6.385502814999995],[5.079293251000024,6.3811955450000255],[5.0757312769999885,6.3772768970000016],[5.071278571999983,6.376564502999997],[5.066113471999984,6.376564502999997],[5.06255102199998,6.377811431999987],[5.057386398000006,6.381373404999977],[5.052824973999975,6.384150981999994],[5.049193381999999,6.38244199799999],[5.048082829000009,6.377921103999995],[5.048124789999974,6.375318049999976],[5.047234058000015,6.372112274000017],[5.043849944999977,6.366590976999987],[5.039219378999974,6.364097118000018],[5.032392979000008,6.364906787999985],[5.029245376999995,6.363563060999979],[5.02870988799998,6.360269546999973],[5.028355121999994,6.358041763000017],[5.028176785000028,6.350917338999977],[5.027820587000008,6.345218181999996],[5.028711319000024,6.341834068000026],[5.031738758000017,6.337559699999986],[5.034945010999991,6.332928658000014],[5.035301208000021,6.328475952000019],[5.030136108000022,6.323132992000012],[5.021523476000027,6.3186788560000196],[5.019684315000006,6.3158984180000175],[5.015364647000013,6.308973788999992],[5.012897015000021,6.302100182000004],[5.013073443999986,6.298575400999994],[5.0156188010000164,6.292353153000022],[5.02153301200002,6.285357475000012],[5.029640197999981,6.279189110000004],[5.035061358999997,6.278010368000025],[5.037746905999995,6.277426719999994],[5.041041850999989,6.2742753030000245],[5.047968863999984,6.264913558999979],[5.049030303999984,6.260269165000011],[5.049714087999973,6.251429557999984],[5.053448199999991,6.246833324000022],[5.0574860570000055,6.247641563000002],[5.060573100999989,6.248004912999988],[5.063478470000007,6.248346805999972],[5.06629800799999,6.245526790999975],[5.0694704059999935,6.242530822999981],[5.0733475690000205,6.239534854999988],[5.0733475690000205,6.234776020000027],[5.072933674000012,6.231186390000005],[5.073736191000023,6.2288517950000255],[5.075851440000008,6.226736545999984],[5.078811169000005,6.222615718999975],[5.077929974000028,6.220148086999984],[5.074545860000001,6.217686175999972],[5.07562255900001,6.213434219000021],[5.081807613000024,6.218033314000024],[5.085182667000026,6.21608829500002],[5.087235927999984,6.214525700000024],[5.086137771999972,6.207841873000007],[5.088472366000019,6.2043399809999755],[5.089201926999976,6.201057434000006],[5.0924229620000006,6.198280334000003],[5.0958414080000125,6.197087764999992],[5.0982255939999845,6.198143481999978],[5.099816798999996,6.202176093999981],[5.103156090000027,6.202176093999981],[5.104825496999979,6.200029373000007],[5.1099395749999985,6.195427895000023],[5.112825870999984,6.195474148000017],[5.11385965300002,6.199817181000014],[5.115489959999991,6.206108570000026],[5.117625237000027,6.206946372999994],[5.119923592000021,6.207008839000025],[5.122467995000022,6.205872059000001],[5.1223950390000255,6.201276301999997],[5.127111911999975,6.197025299000018],[5.12868738200001,6.193888187000027],[5.12868738200001,6.1896586419999835],[5.131330966999997,6.188953400000003],[5.133265017999975,6.188217640000005],[5.1359133720000045,6.1866621969999755],[5.135737419000009,6.182256221999978],[5.132036208999978,6.180846213999985],[5.1371469499999876,6.176264285999991],[5.137675762000015,6.173091887999988],[5.133446217000028,6.172210693000011],[5.1350507739999784,6.169816970999989],[5.133102416999975,6.16467762000002],[5.13829374300002,6.159885406000001],[5.141374588000019,6.155823230999999],[5.143491745000006,6.151237965000007],[5.142962932999978,6.143306731999985],[5.145542144999979,6.141641617000005],[5.154594898000028,6.144187927000019],[5.1578621859999885,6.146707058000004],[5.161456107999982,6.142713547000028],[5.164626122000016,6.146552085999986],[5.1629090310000265,6.14793062199999],[5.164650917000017,6.155093193000027],[5.164251804000003,6.1590867040000035],[5.1686944960000005,6.163574696000012],[5.172924041999977,6.160578728000019],[5.176631450999992,6.159486293999976],[5.1794452670000055,6.158992290000015],[5.181912421999982,6.1568775179999875],[5.182441234999999,6.1544103620000215],[5.180150031999972,6.149651527000003],[5.184027194999999,6.147360325000022],[5.190371990000017,6.151237965000007],[5.193720817999974,6.15176630000002],[5.1958355900000015,6.150885104999986],[5.198831557999995,6.147007942000016],[5.203388213999972,6.14510965300002],[5.206057548999979,6.1471843720000265],[5.205528736000019,6.151237965000007],[5.209378718999972,6.153495788999976],[5.217764853999995,6.149901866999983],[5.222557068000015,6.148703575000013],[5.2229566569999974,6.14471006399998],[5.218563556999982,6.141515255000002],[5.217365742000027,6.136323451999999],[5.221758366000017,6.131531239000026],[5.225352763999979,6.125940323000009],[5.2305440900000235,6.118752002999997],[5.233738899000002,6.112362384999983],[5.23134279300001,6.101180553000006],[5.23254108399999,6.094790935999981],[5.23254108399999,6.089200020000021],[5.232940197000005,6.081212997000023],[5.233738899000002,6.073625564999986],[5.232984065999972,6.071512222000024],[5.232940197000005,6.065638541999988],[5.238930702000005,6.062443733000009],[5.245213031999981,6.063759803999972],[5.248787402999994,6.064228058000026],[5.2565021510000065,6.065238953000005],[5.2701697350000245,6.054296017000013],[5.272039413000016,6.056027411999992],[5.277560710999978,6.059073447999992],[5.286127566999994,6.061548232999996],[5.290505886000005,6.065355778000026],[5.291267394999977,6.072399615999984],[5.289934635000009,6.077730179000014],[5.2815585139999826,6.07830143000001],[5.273943423999981,6.080776215000014],[5.269134044999987,6.087039947999983],[5.271087646000012,6.098481177999986],[5.277560710999978,6.105144024000026],[5.280606270000021,6.108380318000002],[5.282890796999993,6.114282130999982],[5.282890796999993,6.119612694000011],[5.2815585139999826,6.122467995000022],[5.2815585139999826,6.125895022999998],[5.281684874999996,6.132423877999997],[5.2821292880000215,6.139030933000015],[5.286888599000008,6.144742011999995],[5.295074940000006,6.144361495999988],[5.306687832000023,6.144361495999988],[5.314302920999978,6.145693778999998],[5.320585251000011,6.144742011999995],[5.327629089000027,6.142647742999998],[5.330484389999981,6.144742011999995],[5.332007407999981,6.149501324000028],[5.339622497999983,6.156545161999986],[5.344191550999994,6.15768766399998],[5.351235389999999,6.163589000999991],[5.356565951999983,6.171013832000028],[5.361135005999984,6.177105903999973],[5.363263607000022,6.183834552999997],[5.364847182999995,6.185101508999992],[5.365561007999986,6.187480927000024],[5.366989135999972,6.189146995999977],[5.367465019000008,6.191288471000007],[5.368416786000012,6.194620132000011],[5.368654728000024,6.197713851999993],[5.368416786000012,6.200093268999979],[5.36651277499999,6.202949047000004],[5.3634195330000125,6.205566883000017],[5.361753464000003,6.2074704170000246],[5.357945918999974,6.212943553999992],[5.356756210000015,6.219368934999977],[5.354614734999984,6.223890304999998],[5.352472782000007,6.229601382999988],[5.350093365000021,6.234360695000021],[5.351853371000004,6.238689899000008],[5.352710724000019,6.241261958999985],[5.357470035999995,6.246021271000018],[5.36651277499999,6.252208709999991],[5.370796203999987,6.25720596299999],[5.374603748000027,6.260775566000007],[5.3774595259999955,6.2624411580000015],[5.382238864999977,6.263615608000009],[5.385550498999976,6.266724586000009],[5.389833926999984,6.2679142950000255],[5.393165587999988,6.272197722999977],[5.393641472000013,6.276005268000006],[5.39554500600002,6.2769570350000095],[5.397686958000008,6.2769570350000095],[5.399352550999993,6.281240463000017],[5.401256561000025,6.282668591000004],[5.403635979000001,6.2817163469999855],[5.406015873000001,6.282668591000004],[5.410537243000022,6.284810065999977],[5.41315460200002,6.283144473999982],[5.415772437999976,6.28504800799999],[5.421245575,6.283620358000007],[5.424577236000005,6.282192706999979],[5.428146839000021,6.2817163469999855],[5.430288314999984,6.280526638000026],[5.431240559000003,6.278147220999983],[5.434571742999992,6.277194977000022],[5.436475754000014,6.279812812999978],[5.441948890999981,6.280764579999982],[5.444328784999982,6.281240463000017],[5.4500398640000185,6.283144473999982],[5.454561233999982,6.291949272000011],[5.45884466199999,6.297184467000022],[5.463603972999977,6.299802302999979],[5.466697693000015,6.3026576039999895],[5.466935635000027,6.305751324000028],[5.466935635000027,6.309082984999975],[5.467411518000006,6.312652587999992],[5.467887401999974,6.3147940640000115],[5.468601227000022,6.318363667000028],[5.471457004999991,6.322409153000024],[5.471457004999991,6.3307380680000165],[5.471457004999991,6.334069729000021],[5.470029354000019,6.336449146000007],[5.4659838680000234,6.342160224999986],[5.4683632850000095,6.345491885999991],[5.467649460000018,6.348823546999995],[5.4640798570000015,6.34929943100002],[5.461700439000026,6.348823546999995],[5.460034370000017,6.350727081000002],[5.45884466199999,6.352393150000012],[5.454561233999982,6.352631092000024],[5.4524192810000045,6.353344917000015],[5.4495639799999935,6.353582859000028],[5.45075368900001,6.355724812000005],[5.451229571999988,6.360008240000013],[5.449326037999981,6.362863541000024],[5.445280551999986,6.363815783999996],[5.445994376999977,6.367622852000011],[5.445994376999977,6.370240688000024],[5.4426627159999725,6.374048232999996],[5.441948890999981,6.377617836000013],[5.442306041999984,6.3816633220000085],[5.442543983000007,6.388564110000004],[5.440402031000019,6.389516354000023],[5.435880660999999,6.391181946000017],[5.434690951999983,6.394751548999977],[5.435166836000008,6.398797034999973],[5.438022613999976,6.399510860000021],[5.4404239649999795,6.403673172000026],[5.4422059060000265,6.41385221500002],[5.444893836999995,6.424038886999995],[5.448501109999995,6.430540085000018],[5.449389934999999,6.436090945999979],[5.452097892999973,6.439812183000015],[5.456614971000022,6.4453968999999915],[5.460225105000006,6.450973987999987],[5.463842869000018,6.453780173999974],[5.46655511900002,6.456576824000024],[5.469263076999994,6.460298061000003],[5.4665222169999765,6.466738223999982],[5.466509819000009,6.470433234999973],[5.466498851999972,6.474127769000006],[5.470114231000025,6.477858067],[5.471005917000014,6.482484817999989],[5.472802161999994,6.488045215999989],[5.475504875000013,6.4936127660000125],[5.478210925999974,6.49825715999998],[5.4791002270000035,6.503808021999987],[5.479994773999977,6.5075120930000026],[5.48088693599999,6.512138843999992],[5.486324787000001,6.513114928999983],[5.4899549479999905,6.512226105000025],[5.494441986000027,6.527049065000028],[5.496246815000006,6.5298371320000115],[5.493508815999974,6.535354137000013],[5.486242770999979,6.538980007000021],[5.480786799999976,6.54354715300002],[5.477146149000021,6.548131942999987],[5.472579001999975,6.558249950000004],[5.471661090999987,6.561936854999999],[5.467101097000011,6.570208073000003],[5.46346807499998,6.572021007999979],[5.459835052000017,6.573833942000022],[5.451662064000004,6.577452182999991],[5.447122096999976,6.579256057999999],[5.442582130000005,6.581060885999989],[5.4380388260000245,6.583788872000014],[5.433486937999987,6.589289188000009],[5.430751800999985,6.593882083999972],[5.427990912999974,6.606789112000001],[5.4252409929999885,6.616001128999983],[5.423404216999984,6.623373985000001],[5.4206600190000245,6.630737781999983],[5.41792011299998,6.637177943999973],[5.414257050000003,6.648229121999975],[5.412419795999995,6.655601977999993],[5.4096698760000095,6.6648139949999745],[5.405116081000017,6.67123699199999],[5.402380943000026,6.67582988700002],[5.396918774000028,6.682244777999983],[5.391455172999997,6.689583777999985],[5.386900901999979,6.696006775000001],[5.384157180999978,6.7033720019999805],[5.3813948630000255,6.71627903000001],[5.3822879790000115,6.720905780999999],[5.386784077000016,6.732956886000011],[5.392200946999992,6.740398884000001],[5.3949089050000225,6.74412012099998],[5.399425983000015,6.749704838000014],[5.405762196000012,6.7534599300000195],[5.4120922089999794,6.759062766999989],[5.4157071110000174,6.762793063999993],[5.4229288099999735,6.773023129000023],[5.422912121000024,6.778564930000016],[5.425611018999973,6.785057068000015],[5.428317069999991,6.789701938999997],[5.430107116999977,6.797109126999999],[5.432797908999987,6.806373119],[5.4355039600000055,6.81101703600001],[5.436396122000019,6.815643786999999],[5.439997195999979,6.823991776000014],[5.443592072000001,6.834187983999982],[5.447193146000018,6.842535972999997],[5.454414844999974,6.85276699100001],[5.454402924000021,6.856462002000001],[5.4561901089999765,6.864791869999976],[5.458896159999995,6.869437217999973],[5.461596011999973,6.875928879000014],[5.459748745000013,6.885982990000002]]]},"properties":{"fid":202,"cty_nm":"Nigeria","iso3cd":"NGA","adm1nm":"Edo","adm2nm":"Ovia South West","adm1cd":"NGA012","adm2cd":"NGA012015"}},{"type":"Feature","id":203,"geometry":{"type":"Polygon","coordinates":[[[6.180317878999972,7.1127581599999985],[6.176296234000006,7.122880936000001],[6.174464225999998,7.128407001000028],[6.171718121000026,7.136693954000009],[6.1689767839999945,7.143135071000017],[6.167149067000025,7.147737026000016],[6.166224003000025,7.153271198000027],[6.165306090999991,7.1569571499999824],[6.16438102699999,7.162490844999979],[6.161640166999973,7.168931960999998],[6.156181812,7.174423218000015],[6.152536869000016,7.179931163999981],[6.1488981250000165,7.1835908890000155],[6.143447875999982,7.1863107679999985],[6.138001918999976,7.188107014000025],[6.1316490169999724,7.189895153000009],[6.12439107900002,7.190750121999997],[6.114401816999987,7.1952738759999875],[6.105319022999993,7.199807167000017],[6.100776196000027,7.202536106000025],[6.097127913999998,7.2089672089999794],[6.093483924999987,7.214476108999975],[6.088929176000022,7.220899105000001],[6.085285187000011,7.226408004999996],[6.082551955999975,7.230075836000026],[6.08072709999999,7.233755111999983],[6.075263022999991,7.241093159000002],[6.070720196000025,7.2438211439999804],[6.066176890999998,7.246550082999988],[6.063457012000015,7.246523857],[6.055302143000006,7.24459886599999],[6.046242237000001,7.241742133999992],[6.040811061999989,7.238918780999995],[6.0335497859999805,7.240697861000001],[6.024481772999991,7.2406120300000225],[6.021770000000004,7.2378149030000145],[6.019067763999999,7.2322468759999765],[6.012732029000006,7.228491782999981],[6.010003089999998,7.231236935000027],[6.005465984000011,7.2321181300000035],[6.002754211000024,7.2293210029999955],[5.997323036000012,7.2264981270000135],[5.991885185000001,7.225522995000006],[5.987348080000004,7.2264041899999825],[5.980072021000012,7.2328009610000095],[5.976428032000001,7.2383089069999755],[5.971877097999993,7.243809223000028],[5.967329978999999,7.2474608420000095],[5.962319851000018,7.2487525939999955],[5.949176787999988,7.252831936000007],[5.9410071369999855,7.255526066000016],[5.931923865999977,7.260058879999974],[5.9255647659999795,7.263693810000007],[5.92011022600002,7.268260956000006],[5.914653778000002,7.272829055999978],[5.909392834000016,7.277768134999974],[5.907061100000021,7.2748718259999805],[5.905289173000028,7.270805836000022],[5.904650210999989,7.265564918999985],[5.902900219000003,7.263247966999984],[5.900001049000025,7.260940075000008],[5.896522044999983,7.258053780000012],[5.895890236000014,7.253396033999991],[5.8981289860000174,7.248713969999983],[5.898660183000004,7.245212078000009],[5.898544787999981,7.23588705100002],[5.897339821000003,7.231233120000013],[5.901270866000004,7.2242059710000035],[5.904098987999987,7.220685005000007],[5.903481006999982,7.217193126999973],[5.899414062000005,7.213146209999991],[5.895940780999979,7.210842133000028],[5.893616199000007,7.208528995999984],[5.888974189999999,7.204486846999998],[5.8843250269999885,7.199862003000021],[5.883665085000018,7.19287204699998],[5.890465259999985,7.189054966000015],[5.893909930999996,7.185792923000008],[5.893875121999997,7.18287897099998],[5.889834881000013,7.18116283400002],[5.886943816999974,7.179438113999993],[5.882308959999989,7.175979137000013],[5.8788218500000085,7.172510147000025],[5.877064227999995,7.169610023000018],[5.874718189000021,7.165547848000017],[5.872960090999982,7.1626482010000245],[5.8729100229999744,7.158567904999984],[5.871696949000011,7.153330803000017],[5.868175029999975,7.146947861000001],[5.867571831000021,7.144620895000003],[5.86752891499998,7.1411237720000145],[5.866331100000025,7.137053013000013],[5.865139008000028,7.133565902999976],[5.8627791399999865,7.128338814000017],[5.860455036000019,7.126026153999987],[5.8575768470000185,7.125466824],[5.854692935999992,7.124323844999992],[5.8506541250000055,7.122609137999973],[5.846621990000017,7.121476173000019],[5.844311236999999,7.120328902999972],[5.842559814000026,7.118010997999988],[5.841958046000002,7.115684986000019],[5.843033790999982,7.109847069000011],[5.845868111000016,7.106908798000006],[5.848143101000005,7.105142117000014],[5.850976944000024,7.102203846000009],[5.85323715200002,7.099270821000005],[5.85492277100002,7.096343040000022],[5.852578162999976,7.093998908999993],[5.855378151000025,7.092129230000012],[5.861740112000007,7.087570190000008],[5.869006157000001,7.083943843999975],[5.877170085999978,7.083096980999983],[5.881700992999981,7.084064006999995],[5.884425163000003,7.083166122000023],[5.887145041999986,7.083191871999986],[5.891682147999973,7.082311152999978],[5.898036003000016,7.0805230139999935],[5.906197071000008,7.0806012150000015],[5.9143629069999974,7.07883119600001],[5.923439980000012,7.076145171999997],[5.929793834999998,7.074357985999995],[5.9352431300000035,7.0716381070000125],[5.94159698499999,7.069849968000028],[5.949769020000019,7.066233157999989],[5.9552221299999815,7.062589168999978],[5.962491035000028,7.058039188000009],[5.969754218999981,7.055335999000022],[5.976113795999993,7.0517020230000185],[5.981563090999998,7.048982142999989],[5.984292983999978,7.046236038000018],[5.987032890000023,7.039795876000028],[5.991581917000019,7.035220145999972],[5.992517948,7.025990963000027],[5.985292911999977,7.016685009000014],[5.975377083000012,6.998115063],[5.969085216999986,6.9805040360000135],[5.972817898000017,6.947281836999991],[5.9773721689999775,6.940858841000022],[5.981924057000015,6.935359000999995],[5.988297939000006,6.927105903999973],[5.99193716000002,6.923445225000023],[5.996489048000001,6.917944907999981],[5.998316765000027,6.913342952999983],[6.001058102000002,6.906902790000004],[6.001074791000008,6.901360989000011],[6.002912045000016,6.893988132000004],[6.005677223000021,6.880156994000004],[6.007507800999974,6.874631882000017],[6.009333133999974,6.87095403699999],[6.013907909000011,6.858064174999981],[6.015737057000024,6.853463173000023],[6.019381045999978,6.847953796000013],[6.023906231000012,6.850769043000014],[6.0302510259999735,6.851751804000003],[6.037498950999975,6.853669167000021],[6.042033194999988,6.8537120820000155],[6.044764996000026,6.850041866000026],[6.045724869000026,6.833423138000001],[6.044826983999997,6.830643177000013],[6.043941021000023,6.824168204999978],[6.043052197000009,6.818616867000003],[6.043084145000023,6.808455944000002],[6.047706127000026,6.780786036999984],[6.0460338589999765,6.776315211999986],[6.050435065999977,6.778039932000013],[6.0567741390000265,6.78087186800002],[6.067635058999997,6.787440776999972],[6.078489779999984,6.795857905999981],[6.0857319830000165,6.799622059000001],[6.092971802000022,6.804308891000005],[6.097495078999998,6.80804681799998],[6.10111284300001,6.810853004000023],[6.107449055000018,6.8146080970000185],[6.11378812800001,6.817440033000025],[6.124660015000018,6.820312977000015],[6.1346287729999744,6.822256088000017],[6.141874789999974,6.82509613000002],[6.150035858000024,6.8251729009999735],[6.158199787000001,6.82432699200001],[6.167360782999992,6.823766232000025],[6.1699647899999945,6.831828116999986],[6.170851230999972,6.838303089000021],[6.174451827999974,6.84665107699999],[6.177152157000023,6.853143214999989],[6.1780347819999974,6.860541821000027],[6.178926945000001,6.865169047999984],[6.184332847999997,6.876306057000022],[6.187931060999972,6.885578156000008],[6.19333887099998,6.895791053999972],[6.198750973000017,6.905079842000021],[6.203255177000017,6.914360999999985],[6.207763194999984,6.9227170940000065],[6.2104601859999775,6.930132866000008],[6.213157177000028,6.937549113999978],[6.2149620060000075,6.940337181000018],[6.215847968999981,6.946812152999996],[6.215715885000009,6.988380909],[6.219266891000018,7.012434005999978],[6.219188212999995,7.037374972999999],[6.218264103000024,7.04290914500001],[6.21552181200002,7.049349785000004],[6.213683128000014,7.05764579800001],[6.207296847999999,7.069594859999995],[6.202735900999983,7.07786607700001],[6.197275161999983,7.084280014000001],[6.192724227999975,7.089779854000028],[6.1881690029999845,7.096203804000027],[6.185437202000003,7.0998730659999865],[6.180317878999972,7.1127581599999985]]]},"properties":{"fid":203,"cty_nm":"Nigeria","iso3cd":"NGA","adm1nm":"Edo","adm2nm":"Owan East","adm1cd":"NGA012","adm2cd":"NGA012016"}},{"type":"Feature","id":204,"geometry":{"type":"Polygon","coordinates":[[[6.0460338589999765,6.776315211999986],[6.047706127000026,6.780786036999984],[6.043084145000023,6.808455944000002],[6.043052197000009,6.818616867000003],[6.043941021000023,6.824168204999978],[6.044826983999997,6.830643177000013],[6.045724869000026,6.833423138000001],[6.044764996000026,6.850041866000026],[6.042033194999988,6.8537120820000155],[6.037498950999975,6.853669167000021],[6.0302510259999735,6.851751804000003],[6.023906231000012,6.850769043000014],[6.019381045999978,6.847953796000013],[6.015737057000024,6.853463173000023],[6.013907909000011,6.858064174999981],[6.009333133999974,6.87095403699999],[6.007507800999974,6.874631882000017],[6.005677223000021,6.880156994000004],[6.002912045000016,6.893988132000004],[6.001074791000008,6.901360989000011],[6.001058102000002,6.906902790000004],[5.998316765000027,6.913342952999983],[5.996489048000001,6.917944907999981],[5.99193716000002,6.923445225000023],[5.988297939000006,6.927105903999973],[5.981924057000015,6.935359000999995],[5.9773721689999775,6.940858841000022],[5.972817898000017,6.947281836999991],[5.969085216999986,6.9805040360000135],[5.975377083000012,6.998115063],[5.985292911999977,7.016685009000014],[5.992517948,7.025990963000027],[5.991581917000019,7.035220145999972],[5.987032890000023,7.039795876000028],[5.984292983999978,7.046236038000018],[5.981563090999998,7.048982142999989],[5.976113795999993,7.0517020230000185],[5.969754218999981,7.055335999000022],[5.962491035000028,7.058039188000009],[5.9552221299999815,7.062589168999978],[5.949769020000019,7.066233157999989],[5.94159698499999,7.069849968000028],[5.9352431300000035,7.0716381070000125],[5.929793834999998,7.074357985999995],[5.923439980000012,7.076145171999997],[5.9143629069999974,7.07883119600001],[5.906197071000008,7.0806012150000015],[5.898036003000016,7.0805230139999935],[5.891682147999973,7.082311152999978],[5.887145041999986,7.083191871999986],[5.884425163000003,7.083166122000023],[5.881700992999981,7.084064006999995],[5.877170085999978,7.083096980999983],[5.869006157000001,7.083943843999975],[5.861740112000007,7.087570190000008],[5.855378151000025,7.092129230000012],[5.852578162999976,7.093998908999993],[5.849707126999988,7.092305183000008],[5.84624910399998,7.091166972999986],[5.841046810000023,7.088294983000026],[5.838154793000001,7.086569785999984],[5.835264205999977,7.084845066000014],[5.8294878010000275,7.081976891000011],[5.82374095900002,7.0814409260000275],[5.821990013000004,7.079123019999997],[5.815583229000026,7.071598053000002],[5.814392090000013,7.068109988999993],[5.813187121999988,7.063457012000015],[5.811988831000008,7.059385776999989],[5.810224055999981,7.05590295799999],[5.809593200999984,7.051245213000016],[5.804257870000015,7.048537253999996],[5.802832126999988,7.045075417000021],[5.801023960000009,7.036755561999996],[5.799312115000021,7.032424450000008],[5.798359871000002,7.030014515000005],[5.797366619000002,7.027501583000003],[5.796177864000015,7.024290561999976],[5.79258108099998,7.021655082999985],[5.7940092090000235,7.015619754999989],[5.793735027000025,7.013630867000018],[5.793755530999988,7.0099654200000145],[5.793781281000008,7.00532102599999],[5.791040897000016,6.997919082999999],[5.7892174720000185,6.992368698000007],[5.789242743999978,6.987751961000015],[5.7883567810000045,6.980360030999975],[5.785642146999976,6.968341350999992],[5.788464546,6.960970401999987],[5.792204379999987,6.955450535000011],[5.793172358999982,6.948069095999983],[5.795052527999985,6.943462849000014],[5.796005725999976,6.938851356999976],[5.797895907999987,6.932398319000015],[5.79884862900002,6.927786826999977],[5.799811840000018,6.921328544999994],[5.799103259999981,6.918805121999981],[5.797993659999975,6.914855003000014],[5.793403624999996,6.906519413000012],[5.789725780000026,6.900958537999998],[5.787907599999983,6.894484997000006],[5.787943363000011,6.888021945999981],[5.787062167999977,6.879706382999984],[5.787108421000028,6.871396542000014],[5.785634517999995,6.869615077999981],[5.782503604999988,6.865830898000013],[5.778835773000026,6.858423710000011],[5.774225711999975,6.853781222999999],[5.771480082999972,6.847302436999996],[5.769666672000028,6.839905739000017],[5.771552085999986,6.834375857999987],[5.773421763999977,6.831616402000009],[5.775301456000022,6.8270096780000245],[5.777176856999972,6.823326587999986],[5.778134823000016,6.817791939000017],[5.77083540000001,6.796514033999983],[5.767152308999982,6.791876792999972],[5.757921219000025,6.78443908700001],[5.751592635999998,6.78164005299999],[5.757518768000011,6.781733990000021],[5.765668869000024,6.785505772000022],[5.772913932999984,6.788345814000024],[5.777440071000001,6.791160106999996],[5.782863140000018,6.796753883000008],[5.787382126000011,6.801414967000028],[5.79099512099998,6.806068896999989],[5.792798995999988,6.808856963999972],[5.797325134000005,6.811672210999973],[5.80185794800002,6.811715126000024],[5.815472125999975,6.808147906999977],[5.830898762000004,6.80459880799998],[5.838157177000028,6.803743838999992],[5.847229958000014,6.801981925999996],[5.858118057000013,6.800238132000004],[5.869912148000026,6.798501967999982],[5.884432792999974,6.794943810000007],[5.892593861000023,6.795022011000015],[5.902575016000014,6.7932691569999974],[5.914365767999982,6.792457103999993],[5.9234371190000275,6.791617869999982],[5.931598185999974,6.791696071999979],[5.938855171,6.790841102999991],[5.950645924000014,6.7900290489999975],[5.957907200000022,6.788249016000009],[5.966982841000004,6.785563946000025],[5.973337173000004,6.783777236999981],[5.982417107000003,6.7801680559999795],[5.9914817810000045,6.781177997999976],[5.996020794000003,6.779373168999996],[6.002375126000004,6.7775859829999945],[6.013270854999973,6.773068905000002],[6.024158000999989,6.77132511100001],[6.027781962999995,6.772283076999997],[6.035034180000025,6.7732748990000005],[6.043105125000011,6.775506020000023],[6.0460338589999765,6.776315211999986]]]},"properties":{"fid":204,"cty_nm":"Nigeria","iso3cd":"NGA","adm1nm":"Edo","adm2nm":"Owan West","adm1cd":"NGA012","adm2cd":"NGA012017"}},{"type":"Feature","id":205,"geometry":{"type":"Polygon","coordinates":[[[6.013270854999973,6.773068905000002],[6.002375126000004,6.7775859829999945],[5.996020794000003,6.779373168999996],[5.9914817810000045,6.781177997999976],[5.982417107000003,6.7801680559999795],[5.973337173000004,6.783777236999981],[5.966982841000004,6.785563946000025],[5.957907200000022,6.788249016000009],[5.950645924000014,6.7900290489999975],[5.938855171,6.790841102999991],[5.931598185999974,6.791696071999979],[5.9234371190000275,6.791617869999982],[5.914365767999982,6.792457103999993],[5.902575016000014,6.7932691569999974],[5.892593861000023,6.795022011000015],[5.884432792999974,6.794943810000007],[5.869912148000026,6.798501967999982],[5.862713814000017,6.780881882000017],[5.859107017999975,6.774381161000008],[5.852783203000001,6.766931057000022],[5.8492259980000085,6.744727135000005],[5.846526145999974,6.738234997000006],[5.84384107599999,6.727124214000014],[5.839322089999996,6.722462177000011],[5.835718154999995,6.715036869000016],[5.833024024999986,6.706697941000016],[5.831233978,6.699291228999982],[5.828539847999991,6.690950870999984],[5.824028968999983,6.683517933000019],[5.821330069999988,6.67702579500002],[5.819544791999988,6.667770862999987],[5.813230037999972,6.657549857999982],[5.807836055999985,6.64271783800001],[5.806036948999974,6.638082026999996],[5.802444934999983,6.626963138999997],[5.799763202999998,6.614927769000019],[5.798882008000021,6.606606006999982],[5.79437494299998,6.598248005000016],[5.787147044999983,6.589866160999975],[5.77902078599999,6.578703879999978],[5.772706031999974,6.5684819219999895],[5.768188952999992,6.562897205000013],[5.760054110999988,6.554505824999978],[5.752814769999986,6.549818039000002],[5.7455749509999805,6.545131206999997],[5.736526965999985,6.538578986999994],[5.72657108300001,6.5329408650000005],[5.72114419899998,6.528271198000027],[5.71571779300001,6.523601054999972],[5.708480834999989,6.517990112000007],[5.702150822000021,6.512386799000012],[5.6949148179999725,6.50677585599999],[5.686773776999985,6.500232219999987],[5.678637028000026,6.49276494999998],[5.667792797000004,6.4806528089999915],[5.661466121999979,6.474125861999994],[5.654238223999982,6.465744018999999],[5.650625229000013,6.461091042000021],[5.647916794000025,6.457369803999995],[5.644300938000015,6.453639984000006],[5.642501831000004,6.449005127000021],[5.640699863000009,6.44529199599998],[5.638906956000028,6.4388089180000065],[5.63892221499998,6.434189795999998],[5.63893079799999,6.431418896000025],[5.640752792000001,6.428665161000026],[5.643487929999992,6.424071788999981],[5.645318985000017,6.41854715300002],[5.649118900000019,6.417589188000022],[5.652719020999996,6.416584015000012],[5.6598939900000005,6.413649082000006],[5.66357517199998,6.415418148000015],[5.668962002000001,6.413447856999994],[5.677949904999991,6.410472869999978],[5.682457924000005,6.409448146999978],[5.686937809000028,6.407497883000019],[5.7009921069999905,6.391459941999983],[5.702643871000021,6.38587284099998],[5.705176830000028,6.379341124999996],[5.709334850000005,6.366298199000028],[5.710162163000007,6.363503933000004],[5.711788177000017,6.356993197999998],[5.7125868800000035,6.353274822000003],[5.715093136000007,6.345818995999991],[5.716744899999981,6.340230942000005],[5.7184247970000115,6.335568905000002],[5.720983982000007,6.329961776999994],[5.729865073999974,6.323288918000003],[5.735251903999995,6.3213191030000075],[5.737973212999975,6.3212590219999925],[5.7425069810000196,6.3211579320000055],[5.749709128999996,6.3191480639999895],[5.755123137999988,6.318102837000026],[5.763204098000017,6.315147877000015],[5.767631053999992,6.311348914999996],[5.7801389690000065,6.304595946999996],[5.7916059489999725,6.293241023999997],[5.7960329059999935,6.289443016000007],[5.80224704699998,6.2846789359999775],[5.806726932999993,6.282730103000006],[5.810166836000008,6.276177883000003],[5.812753201000021,6.271494865000022],[5.817100047999986,6.264923096000018],[5.821498871000017,6.260200024000028],[5.8241128920000165,6.256442069999991],[5.827546120000022,6.2527570720000085],[5.832633018000024,6.258656979000023],[5.839887142000009,6.258726120000006],[5.8480539320000275,6.256956100000025],[5.852593898999999,6.25515079500002],[5.8634810450000145,6.253407001000028],[5.872554778999984,6.251645087999975],[5.881619929999999,6.252655028999982],[5.8897838589999765,6.251808166999979],[5.901576041999988,6.250996112999985],[5.912459850000005,6.2501749990000235],[5.919712066999978,6.25116777400001],[5.936941147000027,6.251330853000013],[5.950541972999986,6.251460075000011],[5.9650020600000175,6.267301083000007],[5.967710017999991,6.271021843000028],[5.972227096999973,6.276607037000019],[5.9767432209999924,6.282193183999993],[5.98035812400002,6.285922050000011],[5.986684798999988,6.292448997000008],[5.998435019999988,6.304568768000024],[6.002945899999986,6.312002182000015],[6.009270190999985,6.319451808999986],[6.033723830999975,6.328921794999985],[6.041884899000024,6.32899904300001],[6.049139976999982,6.329068183999993],[6.057298183,6.330069064999975],[6.066359997000006,6.332002163000027],[6.071794986999976,6.333900927999991],[6.07632017100002,6.33671522100002],[6.082650184999977,6.342318057999989],[6.090785026999981,6.350708961000009],[6.101636886999984,6.360050200999979],[6.1070599560000005,6.36564397799998],[6.113392830000009,6.370323181000003],[6.117000103000009,6.376822947999983],[6.123323916999993,6.384274005999998],[6.126027107000027,6.389842032999979],[6.130535125999984,6.398199080999973],[6.131688118,6.404486179000003],[6.130502223999997,6.408360003999974],[6.130490780000002,6.412055016000011],[6.128654003000008,6.419427872000028],[6.125904083000023,6.428638934999981],[6.122259139999983,6.434147834999976],[6.119514942000023,6.4415121079999835],[6.116774082000006,6.447953224000003],[6.114033221999989,6.454392910000024],[6.111298083999998,6.458985805999987],[6.107649803000015,6.465417861999981],[6.104908942999998,6.471858978],[6.103988171000026,6.476469039999984],[6.099440098000002,6.481044768999993],[6.097610949999989,6.485647201999996],[6.096693039000002,6.489333153000018],[6.094867228999988,6.493010997999988],[6.092132091999986,6.497603893000019],[6.090298175999976,6.504053116000023],[6.087552071000005,6.512341021999987],[6.083895206000022,6.52154397999999],[6.07933187499998,6.530738831000008],[6.076584815999979,6.5390272139999865],[6.072926043999985,6.549153805000003],[6.072907924999981,6.554697036999983],[6.072882175000018,6.563011168999992],[6.072866916999999,6.5676288600000134],[6.072848797000006,6.573172091999993],[6.075558186000023,6.576892853000004],[6.078255177000017,6.584309100999974],[6.079137801999991,6.591707229999997],[6.081838130999984,6.598198890999981],[6.084537983000018,6.60469198200002],[6.086318969999979,6.614870070999984],[6.0872049330000095,6.621345043000019],[6.086259842000004,6.633345126999984],[6.087147236000021,6.639820099000019],[6.088936805999992,6.6472268100000065],[6.088899136000009,6.659235953999996],[6.088881016000016,6.664779185999976],[6.088867187000005,6.669396876999997],[6.087938785999995,6.675855160000026],[6.087020874000018,6.679542065000021],[6.079721928000026,6.693328856999983],[6.072443962000023,6.700651169000025],[6.070615767999982,6.705252170999984],[6.065155028999982,6.711667061000014],[6.060603141999991,6.717166900999985],[6.056055069000024,6.721743107000009],[6.052412987000025,6.726326942000014],[6.047863959999972,6.730903149000028],[6.042406082000014,6.7363939289999735],[6.037854195000023,6.741892815000028],[6.033306121999999,6.746469020999996],[6.026937008000004,6.752875804999974],[6.025117873999989,6.7547059060000265],[6.024201870000013,6.757469177000019],[6.01781988099998,6.768494128999976],[6.013270854999973,6.773068905000002]]]},"properties":{"fid":205,"cty_nm":"Nigeria","iso3cd":"NGA","adm1nm":"Edo","adm2nm":"Uhunmwonde","adm1cd":"NGA012","adm2cd":"NGA012018"}}]}