{"type":"FeatureCollection","features":[{"type":"Feature","id":596,"geometry":{"type":"Polygon","coordinates":[[[9.087143898000022,9.698850632000017],[9.08513259900002,9.700691222999978],[9.081197739000004,9.70244693799998],[9.073417663999976,9.704031944000008],[9.067648888000008,9.703775405999977],[9.054100037000012,9.705104828000003],[9.04430675499998,9.708530425999982],[9.038627625000004,9.706348418999994],[9.034782409999991,9.70617771100001],[9.024990081999988,9.709603309999977],[9.011262894000026,9.714785575999997],[8.999279976000025,9.723907471000018],[8.993154526000012,9.731356620999975],[8.988953589999994,9.738891602000024],[8.982561110999995,9.752120972],[8.980193138000004,9.761668204999978],[8.977913856999976,9.769289017000006],[8.976932525999985,9.790481566999972],[8.970808982999984,9.797931671000015],[8.970363616999975,9.807563781999988],[8.970006942999987,9.815270424000005],[8.973049163999974,9.830400467000004],[8.958024979000015,9.824390411000024],[8.954357146999996,9.82036685899999],[8.952612876999979,9.81642913799999],[8.951045990000011,9.808636664999995],[8.951224326999977,9.804783821000001],[8.951581001000022,9.797078133000014],[8.951848030000008,9.791297912999994],[8.950281142999984,9.783506392999982],[8.948625564999986,9.777641296000013],[8.948803902000009,9.77378845200002],[8.947326659999987,9.764071464999972],[8.94567108199999,9.758205413999974],[8.94209289600002,9.752253531999997],[8.936502457000017,9.748146056999985],[8.930912018000015,9.744036673999972],[8.925321579000013,9.739927292000004],[8.91973114000001,9.73581790899999],[8.917898177999973,9.733805656000015],[8.914230347,9.72978210399998],[8.910473824000007,9.727684974999988],[8.908639907999998,9.725672722000013],[8.90689563799998,9.721734046999984],[8.905151366999974,9.717796325999984],[8.901482582000028,9.713771819999977],[8.89973831200001,9.709834098999977],[8.897904396000001,9.707821846000002],[8.898082733000024,9.703969002000008],[8.894504546999997,9.698018074000004],[8.890836716000024,9.693995475999998],[8.889002800000014,9.691982268999993],[8.887168884000005,9.68997096999999],[8.883680344000027,9.68209361999999],[8.880102158,9.676143646000014],[8.880369185999996,9.670363425999994],[8.878623962000006,9.666424751000022],[8.876968384000008,9.660559653999996],[8.875312805000021,9.654696464999972],[8.871824264999987,9.646818160999999],[8.87200260200001,9.642965317000005],[8.872180938999975,9.639112473000012],[8.874370575,9.633418082999981],[8.874548912000023,9.629565238999987],[8.876649857000018,9.625797272],[8.876827240000011,9.621943473999977],[8.87709522199998,9.616164206999997],[8.877362251000022,9.610384941000007],[8.875706673000025,9.60451984399998],[8.876241683999979,9.592960358000028],[8.876508713000021,9.58718109099999],[8.873019218000024,9.57930374099999],[8.867607116999977,9.571342468000012],[8.865861892999988,9.56740284],[8.862195014999998,9.563379288000021],[8.858437537999976,9.561282157999983],[8.856604575999995,9.559269905000008],[8.851102829000013,9.553234099999997],[8.843679427999973,9.547113419000027],[8.840011597,9.54308891300002],[8.83634471900001,9.539065360999984],[8.828831673000025,9.534871101000022],[8.826997757000015,9.532858848999979],[8.81773853300001,9.524725913999987],[8.81398296399999,9.522628784000005],[8.810226440000008,9.520530700999984],[8.80857086200001,9.514666556999998],[8.808749198999976,9.510812758999975],[8.805171013000006,9.504862785],[8.799580574000004,9.500753402999976],[8.795824051000011,9.498656272999995],[8.788578033000022,9.488681793000012],[8.784910201999992,9.484658240999977],[8.781243324000002,9.480634688999999],[8.77574157700002,9.474597931000005],[8.77207374599999,9.470574379000027],[8.768317222999997,9.468477248999989],[8.766484261000016,9.466464996000013],[8.760983467000017,9.460429191999992],[8.75932693499999,9.454564095000023],[8.752080917,9.444590569000013],[8.746401787000025,9.442407607999996],[8.740811348000022,9.438298224999983],[8.738977432000013,9.436285972999997],[8.73338699300001,9.432177544000012],[8.731909751999979,9.422459602000004],[8.730254172999992,9.416595459000007],[8.721175194000011,9.40460777300001],[8.717596054000012,9.398657798999977],[8.715851783999994,9.394719124000005],[8.710350037000012,9.388683318999995],[8.706594467000002,9.386586189000013],[8.703104972999995,9.378708839000012],[8.699437140999976,9.374685286999977],[8.695610046000013,9.37408256499998],[8.695858002000023,9.368734360000019],[8.692458153000018,9.358931541000004],[8.690713882000011,9.354992867000021],[8.689414978000002,9.341422081000019],[8.691426277000005,9.339580536000028],[8.693972588000008,9.32618045800001],[8.694150924999974,9.322327614000017],[8.69808578499999,9.320570945999975],[8.703764915000022,9.322753906000003],[8.707521439000004,9.324851035999984],[8.711789130999989,9.324332237000021],[8.719147682000028,9.323436737000009],[8.724827765999976,9.325619698000025],[8.730506896999998,9.327802657999996],[8.741954802999999,9.330241203000014],[8.747722625999984,9.330496788000005],[8.749556541000004,9.33250904099998],[8.760737419000009,9.340727806000018],[8.764315604999979,9.346677779999993],[8.768072127999972,9.348774909999975],[8.775764465000009,9.349116325000011],[8.793068886000015,9.349884986999996],[8.806350708000025,9.35433578499999],[8.817531585999973,9.362554550000027],[8.82889080000001,9.366920471000014],[8.840516089999994,9.365505219],[8.850309372000027,9.362079619999975],[8.869447707999996,9.364859581000019],[8.875127792,9.367042541999979],[8.890332221999984,9.371578216999978],[8.892166137999993,9.373590469000021],[8.905179976999989,9.383820533999994],[8.91443824800001,9.391953467999997],[8.925528525999994,9.402098656000021],[8.934876442000018,9.408305168000027],[8.947891234999986,9.418535233],[8.953480721000005,9.422644615000024],[8.964751244000013,9.428936958000008],[8.977943419999974,9.435314177999999],[8.993147850000014,9.439849853999988],[9.001667976000022,9.441665649000015],[9.009740829000009,9.456030845999976],[9.011485100000016,9.459970473999988],[9.01296234099999,9.469687462000024],[9.014440535999995,9.479405402999987],[9.016096114999982,9.485271453999985],[9.017573357000003,9.494988440999975],[9.019228935000001,9.50085353899999],[9.018872261000013,9.508560181000007],[9.02052784,9.514424324000004],[9.019993781999972,9.525983810000014],[9.01954841600002,9.535616875000017],[9.023036956999988,9.543494225000018],[9.026616095999998,9.549444198999993],[9.03229522700002,9.551626204999991],[9.037974357999985,9.553809166000008],[9.045577048999974,9.556077957000014],[9.051344872000016,9.556333542000004],[9.053179741000008,9.55834579499998],[9.056756973000006,9.564295769000012],[9.058412551999993,9.57016086599998],[9.062170029000015,9.572257996000019],[9.065926552000008,9.574356078999983],[9.073528290000013,9.576623917000006],[9.081219673000021,9.576965331999986],[9.098258018000024,9.583513260000018],[9.103848457000026,9.587622642999975],[9.109617232999994,9.587878226999976],[9.120708465999996,9.598023415],[9.128043175000016,9.606071471999996],[9.131711005999989,9.610095023999975],[9.135289192000016,9.616044998000007],[9.138778687000013,9.623922348000008],[9.138333321000005,9.633555412000021],[9.136142731000007,9.639249801999995],[9.137976646000027,9.641261100999998],[9.135787010000001,9.64695453600001],[9.13167381300002,9.652564048999977],[9.125727654000002,9.65616130799998],[9.117857932999982,9.659672736999994],[9.107975959999976,9.665025710999998],[9.09975147199998,9.676243781999972],[9.095370292999974,9.687632560999987],[9.089156150999997,9.697009087000026],[9.087143898000022,9.698850632000017]]]},"properties":{"fid":596,"cty_nm":"Nigeria","iso3cd":"NGA","adm1nm":"Plateau","adm2nm":"Barkin Ladi","adm1cd":"NGA032","adm2cd":"NGA032001"}},{"type":"Feature","id":597,"geometry":{"type":"Polygon","coordinates":[[[8.823521614000015,10.383281708000027],[8.820398330999978,10.38391971599998],[8.816470145999972,10.385966300999996],[8.810783386000026,10.38348960899998],[8.808949471000005,10.38148021699999],[8.805015563999973,10.383230208999976],[8.799246788000005,10.382980347],[8.793389320000017,10.384650229999977],[8.789364814999999,10.38833046000002],[8.787257194999995,10.389270781999983],[8.781496048000008,10.391839980999976],[8.777561187999993,10.393600463999974],[8.773364066999989,10.395070076000025],[8.771792412000025,10.393340110999986],[8.77197074899999,10.389490127999977],[8.774160385000016,10.383790015999978],[8.776262282999994,10.380029678000028],[8.77652931199998,10.37425041199998],[8.774873733999982,10.368379592999986],[8.775052071000005,10.364529609999977],[8.773306847000015,10.360589980999976],[8.769639014999996,10.356570244000011],[8.768073082,10.348770141999978],[8.766239165999991,10.346759796000015],[8.764405251000028,10.344750404000024],[8.762839316999987,10.336959838999974],[8.763106345999972,10.331179619000011],[8.765117644999975,10.329339980999976],[8.769230843000003,10.323730468999997],[8.769497870999999,10.317950248999978],[8.771599770000023,10.314180373999989],[8.76994419099998,10.308320045000016],[8.76828765900001,10.302450179999994],[8.76462078100002,10.298430442999972],[8.760864258000026,10.296330452000007],[8.75911998700002,10.292389870000022],[8.753529549000007,10.28827953299998],[8.749861716999987,10.284259796000015],[8.746105193999995,10.282159804999992],[8.742437363000022,10.278140068000027],[8.73859214800001,10.277970314000015],[8.729245186000014,10.271759986999996],[8.725577353999995,10.267740249999974],[8.71806430800001,10.263540267999986],[8.710462570000004,10.26128005999999],[8.708628653999995,10.259260177999977],[8.703038215999982,10.25514984099999],[8.697536469,10.249119758999996],[8.695792197999992,10.245180129999994],[8.688279152000007,10.240980148000006],[8.684611319999988,10.236960410999984],[8.680854796999995,10.234860420000018],[8.673520087999975,10.226819992000003],[8.669763564999982,10.22472000099998],[8.662339211000017,10.218600272999993],[8.654915809999977,10.212479590999976],[8.649502754000025,10.204509734999988],[8.646013260000018,10.196640015000014],[8.648292541999979,10.189020157000016],[8.646726607999994,10.181220054999983],[8.647260666000022,10.169670105000023],[8.645694733000028,10.16187000299999],[8.64395046200002,10.157939911000028],[8.638448714999981,10.151900291000004],[8.633036613000002,10.143939971999998],[8.629547118999994,10.136059761000013],[8.628158568999993,10.124420165999993],[8.628336906000015,10.120559691999972],[8.628693580999993,10.11285972600001],[8.631061553999984,10.103309631000002],[8.635174751000022,10.097700119000024],[8.641120910999973,10.09409999799999],[8.645144463000008,10.090419768999993],[8.649435997000012,10.080960274000006],[8.649792671,10.073249816999976],[8.653905869000027,10.067640304999998],[8.660208701999977,10.056340218000003],[8.66222095500001,10.054499625999995],[8.668434143000013,10.045120239000028],[8.672636032000014,10.037590027000022],[8.674826622000012,10.031889915000022],[8.67527198800002,10.022259711999993],[8.67947387700002,10.014730453000027],[8.679919242999972,10.005089759999976],[8.676608085999987,9.993362427000022],[8.673029900000017,9.98741245299999],[8.667349815000023,9.98522853899999],[8.661760329999993,9.981120110000006],[8.652235030999975,9.978766441000005],[8.640698433000011,9.978254317999983],[8.634840011999984,9.979925155999979],[8.627238273999978,9.977657318000013],[8.62461853000002,9.97700977300002],[8.617712975000018,9.97530365],[8.614222526999981,9.9674263],[8.610556601999974,9.963402748000021],[8.610823631000017,9.957622528000002],[8.616859436000027,9.952099799999985],[8.62289524099998,9.946576117999996],[8.629109383000014,9.937199593000003],[8.633221626000022,9.931591034000007],[8.635500907999983,9.92397022199998],[8.635857582000028,9.91626358000002],[8.628522873000009,9.908216476000007],[8.626777649000019,9.904277802000024],[8.623199462999992,9.89832687400002],[8.619621277000022,9.892376899999988],[8.618143082000017,9.882658957999979],[8.620333672000015,9.876964568999995],[8.626547813000002,9.867588043000012],[8.62882709500002,9.859967231999974],[8.629094124000005,9.854187964999994],[8.629538535999984,9.84455490099998],[8.628062247999992,9.834836960000018],[8.630251884000018,9.829142569999988],[8.630519866999975,9.823362350000025],[8.629041672000028,9.813644409000005],[8.627654075999999,9.80200004599999],[8.627831458999992,9.798147201999996],[8.626355171,9.788428307000004],[8.628544807000026,9.782734871000002],[8.62872314499998,9.77888107299998],[8.631002426000009,9.771260261999998],[8.631447792000017,9.761628151000025],[8.629613876000008,9.759615897999993],[8.624112129000025,9.753580092999982],[8.620355605999976,9.75148296399999],[8.615465164,9.742396354999983],[8.618968010000003,9.739838599999985],[8.624733924999987,9.735449791000008],[8.630294800000001,9.731216431000007],[8.640653610000015,9.729217528999982],[8.654291152999974,9.725962638999988],[8.667751312000007,9.726559639000016],[8.675353050000012,9.728828430000021],[8.682866095999998,9.733022689999984],[8.692481041000008,9.733449936],[8.697287560000007,9.733663558999979],[8.700172424000016,9.73379135099998],[8.709696769999994,9.73614501999998],[8.717121124000016,9.742265701000008],[8.724722862000021,9.744533538999974],[8.730402946000027,9.746715546000019],[8.734159470000009,9.748813628999983],[8.739838599999985,9.75099659],[8.743506432000004,9.755020141999978],[8.752942084999972,9.759300231999987],[8.758532523999975,9.763409615],[8.762289047000024,9.765506743999993],[8.769803046999982,9.769701004000012],[8.773469924999972,9.773726463000003],[8.775303840999982,9.775736809000023],[8.775126456999999,9.779590606999989],[8.776692389999994,9.787382126000011],[8.778258323999978,9.795173644999977],[8.777812958000027,9.804805756000007],[8.777545928999984,9.810585976000027],[8.781035422999992,9.818462371999999],[8.780857086000026,9.822316170000022],[8.784435271999996,9.828266143999997],[8.787924766999993,9.836142540000026],[8.79150295300002,9.842093467999973],[8.793158531000017,9.847958564999999],[8.796736716999987,9.853908538999974],[8.80232715599999,9.858017920999998],[8.809662818999982,9.866065978999984],[8.811228751999977,9.873856543999977],[8.812617301999978,9.885501862000012],[8.808325767999975,9.894964217999984],[8.806045531999985,9.902585030000012],[8.80371379899998,9.905423164000013],[8.799921988999984,9.910035133000008],[8.799565314999995,9.917740821999985],[8.804888725000012,9.927630423999972],[8.806544303999999,9.933494568000015],[8.810121535999997,9.93944454199999],[8.813790320999999,9.943469047999997],[8.819291114999999,9.949504852000018],[8.824614525000015,9.959394454999995],[8.831949233999978,9.967441559000008],[8.835705757000028,9.96953868899999],[8.84304142000002,9.977586745999986],[8.844874382,9.979598044999989],[8.850376128999983,9.98563385],[8.852120399,9.989572525000028],[8.85578823100002,9.993596077000007],[8.859544754000012,9.995694160000028],[8.865135193000015,9.999803542999985],[8.876493454000013,10.004170418000001],[8.884007454000027,10.008359908999978],[8.889596939,10.012470244999975],[8.89326477100002,10.016500473000008],[8.902611732000025,10.022700310000005],[8.906456946999981,10.022870064000017],[8.912225723000006,10.023130417000004],[8.917905807000011,10.025309563000008],[8.923673629999996,10.025569915999995],[8.929442406000021,10.025819778000027],[8.933288574000017,10.026000022999995],[8.937133788999972,10.026169777000007],[8.940890312000022,10.02826023099999],[8.94858169600002,10.028599739000015],[8.950414658,10.030619621000028],[8.956397057000004,10.033757209999976],[8.957839012000022,10.036740302999988],[8.95940589899999,10.044529914999998],[8.960972786000013,10.052319527000009],[8.960616112000025,10.060029983999982],[8.962093353,10.069749832000014],[8.963570595000022,10.079460143999995],[8.965405464000014,10.081480026000008],[8.963125229000013,10.089099884000007],[8.966703414999984,10.095049857999982],[8.968270302000008,10.102840424000021],[8.968091964999985,10.106690406999974],[8.969836235000002,10.110630034999986],[8.971224785000004,10.122269630000005],[8.972880363000002,10.12814044999999],[8.972702025999979,10.131990432999999],[8.974357605000023,10.137860298000021],[8.972167968999997,10.143549919000009],[8.971989631999975,10.147399902000018],[8.971811295000009,10.151260375999982],[8.973557471999982,10.155200004999983],[8.977134705000026,10.161149979000015],[8.976689339000018,10.170780181999987],[8.978166579999993,10.180500031000008],[8.976065635999987,10.184269905000008],[8.973875998999972,10.189959525999996],[8.967928885999982,10.193559646999972],[8.965916633999996,10.19540023799999],[8.960059166000008,10.197070122000014],[8.951066970999989,10.203115463000017],[8.946154594000006,10.206100463999974],[8.942218781000008,10.207859993],[8.938284873999976,10.209609984999986],[8.930326461999982,10.215049743999998],[8.930147170999987,10.218910216999973],[8.929880142000002,10.224690436999992],[8.92970180499998,10.228540420999991],[8.931447982999998,10.242140769999992],[8.931246757999986,10.24511146499998],[8.934668541000008,10.246129989999986],[8.936413764999998,10.250069617999998],[8.93605709100001,10.257780075000028],[8.935790062000024,10.26356029499999],[8.935611725000001,10.267410278],[8.939189911000028,10.273360251999975],[8.94469165800001,10.279399871999999],[8.953860282999983,10.289460182000028],[8.953592300000025,10.29524040199999],[8.954892158999996,10.30881023400002],[8.952791214000001,10.31258010900001],[8.94867801700002,10.318180084000005],[8.946310042999983,10.327730179000014],[8.942196846000002,10.333339690999992],[8.937905311999998,10.342800140000008],[8.935715674999983,10.348500252000008],[8.929770469999994,10.352089881999973],[8.925834656000006,10.353850365000028],[8.918143272000009,10.353509902999974],[8.91228580500001,10.355179786999997],[8.907376289000013,10.35611534100002],[8.903918266000005,10.35695171399999],[8.89869308499999,10.358214378000014],[8.892881392999982,10.358066559000008],[8.887109755999973,10.357919692999985],[8.870192528000018,10.357634544000007],[8.858535766999978,10.365847588000008],[8.850364684999988,10.370559691999972],[8.828425406999997,10.379380226000023],[8.826342582999985,10.382704735000004],[8.823521614000015,10.383281708000027]]]},"properties":{"fid":597,"cty_nm":"Nigeria","iso3cd":"NGA","adm1nm":"Plateau","adm2nm":"Bassa","adm1cd":"NGA032","adm2cd":"NGA032002"}},{"type":"Feature","id":598,"geometry":{"type":"Polygon","coordinates":[[[9.104999541999973,9.071070670999973],[9.10988426199998,9.082098960999986],[9.111272811999982,9.093743324000002],[9.11623859399998,9.111338615000022],[9.117448807000017,9.126835823000022],[9.120492935000016,9.14434623699998],[9.122059821999983,9.152137756000002],[9.125459670999987,9.161940575000017],[9.124835968000014,9.175425528999995],[9.130069733000028,9.187243462000026],[9.13136863699998,9.20081329300001],[9.130834579000009,9.21237278000001],[9.126365662000012,9.225687981000021],[9.124175072000014,9.231382370000006],[9.123996734999992,9.235235214],[9.123551368999983,9.244868279000002],[9.123106002999975,9.254500388999986],[9.122750282000027,9.262207031000003],[9.120559691999972,9.267901420999976],[9.122126578999996,9.275692939999999],[9.119580268999982,9.289093018000017],[9.119223594999994,9.296799659999976],[9.120879172999992,9.302663802999973],[9.120612144000006,9.308444022999993],[9.11439800300002,9.317820548999975],[9.108095169000023,9.329122542999983],[9.099958420000007,9.338415145999988],[9.09584522199998,9.344023704999984],[9.081761359999973,9.35691165899999],[9.07563686399999,9.364361762999977],[9.067500113999984,9.37365341200001],[9.063386917000003,9.379261971000005],[9.05533981299999,9.386627196999996],[9.043267249999985,9.397673607000002],[9.03146362299998,9.402941704],[9.02149295800001,9.410220145999972],[9.01729106900001,9.417756080999993],[9.009154319999993,9.42704772899998],[9.003119469000012,9.432570456999997],[9.001667976000022,9.441665649000015],[8.993147850000014,9.439849853999988],[8.977943419999974,9.435314177999999],[8.964751244000013,9.428936958000008],[8.953480721000005,9.422644615000024],[8.947891234999986,9.418535233],[8.934876442000018,9.408305168000027],[8.925528525999994,9.402098656000021],[8.91443824800001,9.391953467999997],[8.905179976999989,9.383820533999994],[8.892166137999993,9.373590469000021],[8.890332221999984,9.371578216999978],[8.875127792,9.367042541999979],[8.869447707999996,9.364859581000019],[8.850309372000027,9.362079619999975],[8.840516089999994,9.365505219],[8.82889080000001,9.366920471000014],[8.817531585999973,9.362554550000027],[8.806350708000025,9.35433578499999],[8.793068886000015,9.349884986999996],[8.775764465000009,9.349116325000011],[8.768072127999972,9.348774909999975],[8.764315604999979,9.346677779999993],[8.760737419000009,9.340727806000018],[8.749556541000004,9.33250904099998],[8.747722625999984,9.330496788000005],[8.741954802999999,9.330241203000014],[8.730506896999998,9.327802657999996],[8.724827765999976,9.325619698000025],[8.719147682000028,9.323436737000009],[8.711789130999989,9.324332237000021],[8.707521439000004,9.324851035999984],[8.703764915000022,9.322753906000003],[8.69808578499999,9.320570945999975],[8.69267368300001,9.312608719000025],[8.689273834000005,9.302804947000027],[8.687528610000015,9.298867226000027],[8.684395789999996,9.28328323400001],[8.678983688000017,9.275321959999985],[8.671559333999994,9.269200324999986],[8.665790558000026,9.268943787000012],[8.658100128000001,9.268602370999986],[8.648664473999986,9.264323235000006],[8.643073082,9.260213851999993],[8.641328811999983,9.25627517700002],[8.639494895999974,9.254262923999988],[8.635916710000004,9.248312950000013],[8.638195992000021,9.240692138999975],[8.64221954300001,9.237009048000004],[8.646065711999995,9.237179755999989],[8.650911330999975,9.234711646999983],[8.655309676999991,9.228500365999992],[8.659735679999983,9.223551750000013],[8.657498359999977,9.218362807999995],[8.656659126000022,9.21641540500002],[8.656926155000008,9.210636138999973],[8.657807349999985,9.207689285000015],[8.661484717999997,9.195393561999992],[8.663496970999972,9.193552970999974],[8.66752147699998,9.189869880999993],[8.673289298999975,9.190126419000023],[8.67731285100001,9.186444283000014],[8.681159019000006,9.18661499000001],[8.687015533000022,9.184944153000004],[8.690773009999987,9.187042236000025],[8.696332932000018,9.187096596000004],[8.708078383999975,9.18780994399998],[8.71201324499998,9.186054230000025],[8.72171688100002,9.184555053999986],[8.733431816000007,9.181214333000014],[8.739396095000018,9.180125237000027],[8.746224402999985,9.178644179999992],[8.748991966000006,9.178043365000008],[8.755027771000016,9.17252063799998],[8.76106452900001,9.166996955999991],[8.764998435999985,9.16524124099999],[8.767553329000009,9.15742015799998],[8.767710685999987,9.149915695000004],[8.767901420999976,9.144135474999985],[8.767522811999982,9.136285782000016],[8.764768600000025,9.128550528999995],[8.761279106000018,9.120674133000023],[8.761457442999983,9.116821288999972],[8.761635780000006,9.112968444999979],[8.760068892999982,9.105176926000013],[8.76409339899999,9.101494789000014],[8.768506049999985,9.097863196999981],[8.768846511999982,9.095305442999972],[8.774152755999978,9.092288016999987],[8.778176308000013,9.088605880999978],[8.78018856,9.086765289000027],[8.784123421000004,9.085009575000015],[8.791902542000003,9.083423615000015],[8.795664787000021,9.075638771000001],[8.799438477000024,9.071156502000008],[8.796550750999984,9.06625556900002],[8.794805526999994,9.06231784800002],[8.793061255999987,9.058379172999992],[8.789483070000017,9.052428245999977],[8.789750099000003,9.046648978999997],[8.789928436000025,9.042796135000003],[8.794041633999996,9.037186623000025],[8.798154830999977,9.031578063999973],[8.806030272999976,9.032741547],[8.81172561599999,9.03030204800001],[8.823241234000022,9.030761718999997],[8.838712692000001,9.029518127000017],[8.844481468000026,9.029773712000008],[8.850249290000022,9.030030251000028],[8.861964225999998,9.02668952900001],[8.865810393999993,9.026860236999994],[8.875513076999994,9.025360106999983],[8.88535499599999,9.021609306000016],[8.88839244799999,9.022071837999988],[8.894920349000017,9.02236080199998],[8.898164748999989,9.021048545999975],[8.907392501999993,9.01932334899999],[8.916338920999976,9.017520905000026],[8.924118996000004,9.01593589800001],[8.929887771999972,9.016190529000028],[8.943020821000005,9.015581130999976],[8.951128005999976,9.015204429999983],[8.954884529000026,9.017301558999975],[8.960741997000014,9.015630722000026],[8.963749886000016,9.015764235999995],[8.966815947999976,9.015042305000009],[8.969527244999995,9.016020775000015],[8.974201202000017,9.016228676000026],[8.977663039999982,9.016536712999994],[8.983613014000014,9.017694473000006],[8.989495277000003,9.018838882000011],[8.992649078,9.018939018000026],[8.995292663999976,9.019022941999992],[8.998668671000019,9.020369529999982],[9.000943183999993,9.021277428000019],[9.004336357,9.021059035999997],[9.008892059000004,9.02076625799998],[9.012277602999973,9.021788597000011],[9.016324997000027,9.021977424999989],[9.020171165000022,9.02213096600002],[9.023927689000004,9.024228096000002],[9.027773857,9.024398803999986],[9.03922176399999,9.026837349000004],[9.044990540000015,9.027093886999978],[9.049556731999985,9.026164054999981],[9.052770614999986,9.025508881000007],[9.056705475000001,9.023753166000006],[9.060153961000026,9.020597457999997],[9.062473296999997,9.024008750999997],[9.065774917999988,9.030141829999991],[9.067796707000014,9.033898353999973],[9.073208808999993,9.041860579999991],[9.080633163000016,9.047981262000008],[9.086223602000018,9.052090645000021],[9.101071358000013,9.06433296199998],[9.104999541999973,9.071070670999973]]]},"properties":{"fid":598,"cty_nm":"Nigeria","iso3cd":"NGA","adm1nm":"Plateau","adm2nm":"Bokkos","adm1cd":"NGA032","adm2cd":"NGA032003"}},{"type":"Feature","id":599,"geometry":{"type":"Polygon","coordinates":[[[9.267690658999982,9.836210251000011],[9.271268845000009,9.842160224999986],[9.272834778000004,9.849951744000009],[9.274490356000001,9.855816840999978],[9.274312973000008,9.859669684999972],[9.276057243000025,9.86360836],[9.277712822000012,9.869473457000026],[9.279546738000022,9.871485710000002],[9.286881446999985,9.879532814000015],[9.288537024999982,9.885397910999984],[9.290192604000026,9.89126300800001],[9.29166984599999,9.900980948999972],[9.291314124999985,9.908687591999978],[9.28921318099998,9.912455559000023],[9.287022590999982,9.918148993999978],[9.286754608000024,9.923929213999998],[9.286577224999974,9.92778205899998],[9.284476279999978,9.931550026000025],[9.282107353000015,9.941097259999992],[9.279829025000026,9.948718070999973],[9.279650688000004,9.952570915000024],[9.277638434999972,9.954412460000015],[9.275536536999994,9.958180427999991],[9.271512985000015,9.961862564],[9.267312049999987,9.969397544999993],[9.267133713000021,9.973251343000015],[9.265032768000026,9.977018355999974],[9.264854431000003,9.980872153999996],[9.264497757000015,9.988577842999973],[9.264319419999993,9.992430687000024],[9.262218474999997,9.996198654000011],[9.262040137999975,10.000049590999993],[9.259761809999986,10.00767040300002],[9.255470275999983,10.017129898000007],[9.253369330999988,10.020899772999996],[9.251268386999982,10.024669646999996],[9.247065544000009,10.032210350000014],[9.23928642300001,10.033789635000005],[9.221446037000021,10.04458046000002],[9.217511177000006,10.04633998899999],[9.21174240099998,10.046079636000002],[9.202039719000027,10.047579765000023],[9.196270943000002,10.047320366000008],[9.190502166999977,10.047069550000003],[9.177042007000011,10.046469688000002],[9.171274185000016,10.046210288999987],[9.163582802000008,10.04586982699999],[9.159826279000015,10.043780326999979],[9.154058455999973,10.043519973999992],[9.149939537000023,10.041655540000022],[9.144608498000025,10.042514800999982],[9.14236164099998,10.042876244000013],[9.136665343999994,10.042090416000008],[9.129121779999991,10.03918170899999],[9.125455855999974,10.039408684000023],[9.115867615000013,10.036029815999996],[9.110187531000008,10.03384971600002],[9.102586745999986,10.031579970999985],[9.091227531000015,10.027219772000024],[9.089393615999995,10.02519989000001],[9.085548400999983,10.025030135999998],[9.07409954100001,10.022589684000025],[9.068331718000024,10.022339821000003],[9.064575194999975,10.02023982999998],[9.058896064999999,10.018059730999994],[9.055049896000014,10.017889976999982],[9.047448158000009,10.015620232000003],[9.041679381999984,10.015359879000016],[9.033987998999976,10.015020370000002],[9.030141829999991,10.014849663000007],[9.024284362999992,10.016519546999973],[9.02043914799998,10.016349792000028],[9.014759063999975,10.014169692999985],[9.005234717999997,10.011819838999998],[8.997632979999992,10.009550095000009],[8.991864204000024,10.009289742000021],[8.986306189999993,10.01041984599999],[8.984262466000018,10.007019996999986],[8.982517241999972,10.003080367999985],[8.980772017999982,9.99914646100001],[8.979116439999984,9.993281363999984],[8.977460860999997,9.987416267000015],[8.972048759000018,9.979454040999997],[8.970394134999992,9.973588942999982],[8.968826293999996,9.965797424000016],[8.969094276000021,9.960017203999996],[8.971640587000024,9.946617125999978],[8.973830222999993,9.940922736999994],[8.976020812999991,9.93522834800001],[8.982323646999987,9.923925399999973],[8.986525535999988,9.916390418999981],[8.988716124999996,9.910696029999997],[8.989160538000021,9.901062964999994],[8.991619109999988,9.88958931000002],[8.99005222300002,9.881797790999997],[8.988486290000026,9.874006270999985],[8.984818458999996,9.869982719000006],[8.983162880000009,9.864116668999998],[8.981877327000007,9.860683440999992],[8.978017807000015,9.85037517500001],[8.974528313000008,9.842497825999999],[8.974706649999973,9.838644981000016],[8.973049163999974,9.830400467000004],[8.970006942999987,9.815270424000005],[8.970363616999975,9.807563781999988],[8.970808982999984,9.797931671000015],[8.976932525999985,9.790481566999972],[8.977913856999976,9.769289017000006],[8.980193138000004,9.761668204999978],[8.982561110999995,9.752120972],[8.988953589999994,9.738891602000024],[8.993154526000012,9.731356620999975],[8.999279976000025,9.723907471000018],[9.011262894000026,9.714785575999997],[9.024990081999988,9.709603309999977],[9.034782409999991,9.70617771100001],[9.038627625000004,9.706348418999994],[9.04430675499998,9.708530425999982],[9.054100037000012,9.705104828000003],[9.067648888000008,9.703775405999977],[9.073417663999976,9.704031944000008],[9.081197739000004,9.70244693799998],[9.08513259900002,9.700691222999978],[9.087143898000022,9.698850632000017],[9.090723038000021,9.70479965200002],[9.094389915000022,9.708824158000027],[9.098057746999984,9.712847710000005],[9.101725578000014,9.716871261999984],[9.10932731600002,9.71914005299999],[9.113172530999975,9.719310759999985],[9.120508194000024,9.727357863999998],[9.126098633000026,9.731467247000012],[9.137368202000005,9.737759589999996],[9.14488124799999,9.741953850000016],[9.152183533000027,9.74476146699999],[9.150382996000019,9.747989655000026],[9.15212726599998,9.751928329000009],[9.15579509700001,9.755951880999987],[9.159550667000019,9.758049011000026],[9.165230751000024,9.760231971999985],[9.168987274000017,9.762329102000024],[9.174352645999988,9.76467704800001],[9.18410301199998,9.768792152000003],[9.187948226999993,9.768962859999988],[9.195372581000015,9.775083542000004],[9.20105171199998,9.777267456000004],[9.206731795999985,9.779449462999992],[9.212410927000008,9.78163242300002],[9.219923972999993,9.785826682999982],[9.223591805000012,9.789850235000017],[9.229269981000016,9.792033194999988],[9.234860420000018,9.796142578000001],[9.23669529,9.798153877000004],[9.244208335999986,9.802349090999996],[9.253554344000008,9.808555603000002],[9.255299567999998,9.812493324000002],[9.260800361999998,9.818529129000012],[9.266035079999995,9.830345153999986],[9.267690658999982,9.836210251000011]]]},"properties":{"fid":599,"cty_nm":"Nigeria","iso3cd":"NGA","adm1nm":"Plateau","adm2nm":"Jos East","adm1cd":"NGA032","adm2cd":"NGA032004"}},{"type":"Feature","id":600,"geometry":{"type":"Polygon","coordinates":[[[8.986306189999993,10.01041984599999],[8.984083176000013,10.010880470000018],[8.978225708000025,10.012550353999984],[8.96642112699999,10.017809867999972],[8.956540108000013,10.023170471000014],[8.954439163000018,10.026929854999992],[8.956397057000004,10.033757209999976],[8.950414658,10.030619621000028],[8.94858169600002,10.028599739000015],[8.940890312000022,10.02826023099999],[8.937133788999972,10.026169777000007],[8.933288574000017,10.026000022999995],[8.929442406000021,10.025819778000027],[8.923673629999996,10.025569915999995],[8.917905807000011,10.025309563000008],[8.912225723000006,10.023130417000004],[8.906456946999981,10.022870064000017],[8.902611732000025,10.022700310000005],[8.89326477100002,10.016500473000008],[8.889596939,10.012470244999975],[8.884007454000027,10.008359908999978],[8.876493454000013,10.004170418000001],[8.865135193000015,9.999803542999985],[8.859544754000012,9.995694160000028],[8.85578823100002,9.993596077000007],[8.852120399,9.989572525000028],[8.850376128999983,9.98563385],[8.844874382,9.979598044999989],[8.84304142000002,9.977586745999986],[8.835705757000028,9.96953868899999],[8.831949233999978,9.967441559000008],[8.824614525000015,9.959394454999995],[8.819291114999999,9.949504852000018],[8.813790320999999,9.943469047999997],[8.810121535999997,9.93944454199999],[8.806544303999999,9.933494568000015],[8.804888725000012,9.927630423999972],[8.799565314999995,9.917740821999985],[8.799921988999984,9.910035133000008],[8.80371379899998,9.905423164000013],[8.809803962999979,9.904682159000004],[8.811815261999982,9.902841567999985],[8.817851066999992,9.897316933000013],[8.823886871000013,9.891794204999997],[8.828000068999984,9.886184691999972],[8.832112311999992,9.880576134000023],[8.832290649000015,9.876723288999983],[8.834569930999976,9.869101523999973],[8.836670876000028,9.865335463999998],[8.83886146499998,9.859640120999984],[8.844807624999987,9.85604381600001],[8.848741530999973,9.854288101000009],[8.854511261000027,9.854543686],[8.860190391999993,9.856726646000027],[8.869804381999984,9.857153892999975],[8.885098457000026,9.859763144999988],[8.890867232999994,9.860018729999979],[8.898291588000006,9.866140366000025],[8.907727242000021,9.870420455999977],[8.917341232000012,9.87084674800002],[8.925210952999976,9.867335319999995],[8.931157111999994,9.863738060000003],[8.937192917000004,9.858215331999986],[8.94899654400001,9.852947234999988],[8.95677757300001,9.851362228000028],[8.964468956000019,9.851703643999997],[8.970237731999987,9.851960182000028],[8.977750777999972,9.85615444199999],[8.981877327000007,9.860683440999992],[8.983162880000009,9.864116668999998],[8.984818458999996,9.869982719000006],[8.988486290000026,9.874006270999985],[8.99005222300002,9.881797790999997],[8.991619109999988,9.88958931000002],[8.989160538000021,9.901062964999994],[8.988716124999996,9.910696029999997],[8.986525535999988,9.916390418999981],[8.982323646999987,9.923925399999973],[8.976020812999991,9.93522834800001],[8.973830222999993,9.940922736999994],[8.971640587000024,9.946617125999978],[8.969094276000021,9.960017203999996],[8.968826293999996,9.965797424000016],[8.970394134999992,9.973588942999982],[8.972048759000018,9.979454040999997],[8.977460860999997,9.987416267000015],[8.979116439999984,9.993281363999984],[8.980772017999982,9.99914646100001],[8.982517241999972,10.003080367999985],[8.984262466000018,10.007019996999986],[8.986306189999993,10.01041984599999]]]},"properties":{"fid":600,"cty_nm":"Nigeria","iso3cd":"NGA","adm1nm":"Plateau","adm2nm":"Jos North","adm1cd":"NGA032","adm2cd":"NGA032005"}},{"type":"Feature","id":601,"geometry":{"type":"Polygon","coordinates":[[[8.981877327000007,9.860683440999992],[8.977750777999972,9.85615444199999],[8.970237731999987,9.851960182000028],[8.964468956000019,9.851703643999997],[8.95677757300001,9.851362228000028],[8.94899654400001,9.852947234999988],[8.937192917000004,9.858215331999986],[8.931157111999994,9.863738060000003],[8.925210952999976,9.867335319999995],[8.917341232000012,9.87084674800002],[8.907727242000021,9.870420455999977],[8.898291588000006,9.866140366000025],[8.890867232999994,9.860018729999979],[8.885098457000026,9.859763144999988],[8.869804381999984,9.857153892999975],[8.860190391999993,9.856726646000027],[8.854511261000027,9.854543686],[8.848741530999973,9.854288101000009],[8.844807624999987,9.85604381600001],[8.83886146499998,9.859640120999984],[8.836670876000028,9.865335463999998],[8.834569930999976,9.869101523999973],[8.832290649000015,9.876723288999983],[8.832112311999992,9.880576134000023],[8.828000068999984,9.886184691999972],[8.823886871000013,9.891794204999997],[8.817851066999992,9.897316933000013],[8.811815261999982,9.902841567999985],[8.809803962999979,9.904682159000004],[8.80371379899998,9.905423164000013],[8.806045531999985,9.902585030000012],[8.808325767999975,9.894964217999984],[8.812617301999978,9.885501862000012],[8.811228751999977,9.873856543999977],[8.809662818999982,9.866065978999984],[8.80232715599999,9.858017920999998],[8.796736716999987,9.853908538999974],[8.793158531000017,9.847958564999999],[8.79150295300002,9.842093467999973],[8.787924766999993,9.836142540000026],[8.784435271999996,9.828266143999997],[8.780857086000026,9.822316170000022],[8.781035422999992,9.818462371999999],[8.777545928999984,9.810585976000027],[8.777812958000027,9.804805756000007],[8.778258323999978,9.795173644999977],[8.776692389999994,9.787382126000011],[8.775126456999999,9.779590606999989],[8.775303840999982,9.775736809000023],[8.773469924999972,9.773726463000003],[8.769803046999982,9.769701004000012],[8.762289047000024,9.765506743999993],[8.758532523999975,9.763409615],[8.752942084999972,9.759300231999987],[8.743506432000004,9.755020141999978],[8.739838599999985,9.75099659],[8.734159470000009,9.748813628999983],[8.730402946000027,9.746715546000019],[8.724722862000021,9.744533538999974],[8.717121124000016,9.742265701000008],[8.709696769999994,9.73614501999998],[8.700172424000016,9.73379135099998],[8.697287560000007,9.733663558999979],[8.700439453000001,9.728011131000017],[8.702540397999996,9.724244118000001],[8.704730987999994,9.718549728000028],[8.708843231000003,9.712941170000022],[8.710854530000006,9.711099624999974],[8.705710410999984,9.697357178000004],[8.702220916999977,9.689480781999976],[8.698642731000007,9.683529854000028],[8.698821067999972,9.679677009999978],[8.698999404999995,9.675824164999995],[8.697254181000005,9.671884536999983],[8.69752120999999,9.666106223999975],[8.697699547000013,9.662253379999981],[8.701812743999994,9.656643867000014],[8.707759856999985,9.653046608000011],[8.715539932000013,9.651461600999994],[8.719385147000025,9.651632308999979],[8.725243567999996,9.649962425000012],[8.733023643000024,9.648377418999985],[8.735035896,9.646535873000005],[8.742726326000025,9.646877288999974],[8.754530907000003,9.641610146000005],[8.762489318999997,9.636172294999994],[8.764679908999994,9.63047790500002],[8.76494693799998,9.624698638999973],[8.767226219000008,9.61707687400002],[8.775184631000002,9.61163902300001],[8.78470993000002,9.613992691000021],[8.79003333999998,9.623881340000025],[8.791687964999994,9.629746436999994],[8.793343543999981,9.63561153400002],[8.795088768000028,9.639550208999992],[8.802513122999983,9.645670891000009],[8.810382843000014,9.642159461999995],[8.814406394999992,9.638477324999997],[8.816417693999995,9.636636733999978],[8.822454452999978,9.631112099000006],[8.828310966000004,9.629442214999983],[8.83810424799998,9.626015662999976],[8.845795630999987,9.626357079000002],[8.849552155000026,9.628455162000023],[8.85697555500002,9.634575843999983],[8.860643386999982,9.638600349],[8.866233825999984,9.642708777999985],[8.871824264999987,9.646818160999999],[8.875312805000021,9.654696464999972],[8.876968384000008,9.660559653999996],[8.878623962000006,9.666424751000022],[8.880369185999996,9.670363425999994],[8.880102158,9.676143646000014],[8.883680344000027,9.68209361999999],[8.887168884000005,9.68997096999999],[8.889002800000014,9.691982268999993],[8.890836716000024,9.693995475999998],[8.894504546999997,9.698018074000004],[8.898082733000024,9.703969002000008],[8.897904396000001,9.707821846000002],[8.89973831200001,9.709834098999977],[8.901482582000028,9.713771819999977],[8.905151366999974,9.717796325999984],[8.90689563799998,9.721734046999984],[8.908639907999998,9.725672722000013],[8.910473824000007,9.727684974999988],[8.914230347,9.72978210399998],[8.917898177999973,9.733805656000015],[8.91973114000001,9.73581790899999],[8.925321579000013,9.739927292000004],[8.930912018000015,9.744036673999972],[8.936502457000017,9.748146056999985],[8.94209289600002,9.752253531999997],[8.94567108199999,9.758205413999974],[8.947326659999987,9.764071464999972],[8.948803902000009,9.77378845200002],[8.948625564999986,9.777641296000013],[8.950281142999984,9.783506392999982],[8.951848030000008,9.791297912999994],[8.951581001000022,9.797078133000014],[8.951224326999977,9.804783821000001],[8.951045990000011,9.808636664999995],[8.952612876999979,9.81642913799999],[8.954357146999996,9.82036685899999],[8.958024979000015,9.824390411000024],[8.973049163999974,9.830400467000004],[8.974706649999973,9.838644981000016],[8.974528313000008,9.842497825999999],[8.978017807000015,9.85037517500001],[8.981877327000007,9.860683440999992]]]},"properties":{"fid":601,"cty_nm":"Nigeria","iso3cd":"NGA","adm1nm":"Plateau","adm2nm":"Jos South","adm1cd":"NGA032","adm2cd":"NGA032006"}},{"type":"Feature","id":602,"geometry":{"type":"Polygon","coordinates":[[[10.516326903999982,9.510560988999998],[10.512009621000004,9.511150359999988],[10.509909629999981,9.514918326999975],[10.50763034800002,9.522539139000003],[10.503600120999977,9.526221275000012],[10.499670029000015,9.527976990000013],[10.495470047000026,9.535512923999988],[10.49127006499998,9.54304790499998],[10.488900184999977,9.552595139000005],[10.482950211000002,9.556192398000007],[10.479020118999983,9.55794811200002],[10.465379714999983,9.561203956999975],[10.459340096000005,9.566727637999975],[10.453399658000023,9.570323943999995],[10.449460030000012,9.572079658999996],[10.43966960900002,9.575506210000015],[10.429789543000027,9.580859184000019],[10.425849915000015,9.58261489900002],[10.423839568999995,9.58445453600001],[10.416150092999999,9.584114075000002],[10.410200119000024,9.587711334000005],[10.404259681999974,9.591308593999997],[10.398400306999974,9.592977523999991],[10.392539978000002,9.594649315000026],[10.382749557000011,9.598074913000005],[10.37287044499999,9.60342788700001],[10.364910125999984,9.60886573800002],[10.36096954300001,9.610621451999975],[10.353010177999977,9.616060257000015],[10.346980094999992,9.621583939000004],[10.342960358000028,9.625266075000013],[10.338930129999994,9.628948212000012],[10.326860427999975,9.639995575],[10.313220023999975,9.643250464999994],[10.297389984000006,9.652200698999991],[10.291359901000021,9.65772437999999],[10.281479836000017,9.663076401000012],[10.275620461000017,9.664747238000018],[10.267840385,9.666332244999978],[10.263899803000015,9.66808795899999],[10.258130074000007,9.667831421000017],[10.250530243000014,9.665563582999994],[10.244759559999977,9.665307998999992],[10.24092006699999,9.665137291000008],[10.22955989799999,9.66077137000002],[10.223879813999986,9.658589362999976],[10.220040320999999,9.658418654999991],[10.212249756000006,9.660003662000008],[10.210240364000015,9.661844254000016],[10.200810432000026,9.657564163000018],[10.195039748999989,9.657308578000027],[10.187439918999985,9.655039787000021],[10.183679580999978,9.652942656999983],[10.179920197000001,9.65084552799999],[10.172140120999984,9.652430534000018],[10.166460036999979,9.650247573999991],[10.162529945000017,9.652004241999975],[10.160340308999992,9.657697677999977],[10.158060073999991,9.665317534999986],[10.15176010099998,9.676622391000024],[10.147379875000013,9.68801021600001],[10.145190238999987,9.693704604999994],[10.14500999500001,9.697558403000016],[10.14299964899999,9.699398993999978],[10.14081001300002,9.705093384000008],[10.136779784999987,9.70877647399999],[10.130390166999973,9.722004889999994],[10.128379822,9.723846435999974],[10.12051010099998,9.727357863999998],[10.112549781999974,9.732796668999981],[10.096719742000005,9.741745949000006],[10.094710350000014,9.743586540000024],[10.088850020999985,9.74525737800002],[10.08290004700001,9.748854637000022],[10.077050208999992,9.750525475000018],[10.065239905999988,9.755792617999987],[10.060044289000018,9.758606911000015],[10.057781218999992,9.759832382000013],[10.05526828799998,9.760041236999996],[10.051468849000003,9.760355948999972],[10.04415607499999,9.760961533],[10.021989822000023,9.765925406999997],[10.016550064,9.767143250000004],[10.008769988999973,9.768729210000004],[10.00578022000002,9.767580032000012],[10.003089905000024,9.766546248999987],[9.993386268999984,9.768045425000025],[9.983682632000011,9.76954555499998],[9.965747833000023,9.773833275000015],[9.965962409999975,9.770541191000007],[9.962291718000017,9.756318092000015],[9.961833000000013,9.745765686000027],[9.962291718000017,9.726954460000002],[9.970091819999993,9.70951938600001],[9.975138663999985,9.689331055000025],[9.98569107100002,9.662719727000024],[9.991656303000013,9.64574432400002],[9.991197585999998,9.638402939000002],[9.980644225999981,9.623262404999991],[9.962291718000017,9.612709999000003],[9.942104340000014,9.609039306999989],[9.915951729000028,9.610874175999982],[9.906775475000018,9.611791611000001],[9.881541251999977,9.607662200999982],[9.853553771999998,9.60674476600002],[9.838871002000019,9.601239204000024],[9.816847800999994,9.59343910199999],[9.80904865299999,9.586098671000002],[9.793907165999997,9.567746161999992],[9.784272193999982,9.557192801999975],[9.781454085999997,9.555940627999973],[9.777699471000005,9.551204681000002],[9.757664680000005,9.544545174000007],[9.746943473999977,9.54225921599999],[9.745882033999976,9.536978722000015],[9.741759300000012,9.534790993000001],[9.746237754999981,9.529273032999981],[9.752451897000014,9.519897461000028],[9.75866603899999,9.510519981000016],[9.766981124999973,9.497374535000006],[9.770915984999988,9.495619773999977],[9.775028228999986,9.490010261999998],[9.777039527999989,9.48816966999999],[9.779052734000004,9.486328125],[9.779231071000027,9.482475281000006],[9.781332016000022,9.478707314000019],[9.785533905000023,9.471172333000027],[9.787723540999991,9.465477942999996],[9.787991524000006,9.459697722999977],[9.788168907,9.455844878999983],[9.790269851999994,9.452076911999995],[9.790448189000017,9.448224068000002],[9.790804863000005,9.440517425999985],[9.790983200000028,9.436664581000002],[9.791338920999976,9.428958893000015],[9.789505958999996,9.426946639999983],[9.788027763000002,9.41722869900002],[9.788295746000017,9.411449431999984],[9.788741112000025,9.401816368000027],[9.783240318000026,9.395780563000017],[9.775994301000026,9.385806084000023],[9.772415161000026,9.379856109999992],[9.771027564999997,9.368210793000003],[9.773129462999975,9.364443778999998],[9.771561623000025,9.356652259999976],[9.767983436999998,9.350701332000028],[9.764405251000028,9.344751357999996],[9.764583587999994,9.340899466999986],[9.760915755999974,9.336874007999995],[9.761094092999997,9.333021164000002],[9.75934982299998,9.329081535],[9.761449814000002,9.325315475000025],[9.761716842999988,9.319535255000005],[9.763729094999974,9.317694663999987],[9.763907432999986,9.313840866000021],[9.766098021999994,9.30814743000002],[9.766275405999977,9.304293632999986],[9.768377304000012,9.300526618999982],[9.768572806999998,9.296287537000012],[9.772311210999987,9.298769950999997],[9.777991294999993,9.300952911000024],[9.783670425000025,9.303135871999984],[9.787426949000007,9.305233002000023],[9.800887107999984,9.305830956000023],[9.812512398000024,9.304415703000018],[9.820293427000024,9.302831649999973],[9.83200836200001,9.299489974999972],[9.851414680000005,9.29649066899998],[9.857449531999976,9.29096698799998],[9.861653327999989,9.283432006999988],[9.863931655999977,9.275811195000017],[9.866210937000005,9.268190383999979],[9.872246742000016,9.26266670199999],[9.878104210000004,9.260996819000013],[9.888074874999973,9.253717422000022],[9.884675026000025,9.243913651000014],[9.883197784000004,9.234195709000005],[9.881452560000014,9.230257033999976],[9.881719589,9.224477767999986],[9.881897926000022,9.220624923999992],[9.884089469999992,9.214930534000018],[9.89186859099999,9.21334552799999],[9.903406142999984,9.213857651000012],[9.907251357999996,9.214028358000007],[9.911186218000012,9.212272643999995],[9.915121078000027,9.210516929999983],[9.918966292999983,9.210687636999978],[9.924645424000005,9.212870597999995],[9.930414199999973,9.213126182999986],[9.938105582999981,9.213467598000022],[9.941863060000003,9.215564728000004],[9.949376105999988,9.219759941000007],[9.953132628999981,9.221857070999988],[9.958543776999988,9.229819297999995],[9.960377692999998,9.231830596999998],[9.96413421599999,9.23392868000002],[9.975671767999984,9.234440803999973],[9.985107421999999,9.238720893999982],[9.992798805000007,9.239062309000019],[10.002229691000025,9.243342400000017],[10.013589858999978,9.247707366999975],[10.019089699000006,9.253743171999986],[10.020660399999997,9.261534691000008],[10.016460418999998,9.269070624999983],[10.008589744999995,9.272582053999997],[10.000720023999975,9.276092528999982],[9.992761611999981,9.281531334000022],[9.990660666999986,9.285299301000009],[9.98855972299998,9.289067267999997],[9.992049216999987,9.296943665000015],[9.997550010999987,9.302979468999979],[10.001219748999972,9.307003974999986],[10.00872993500002,9.311198235000006],[10.01616001100001,9.317318915999977],[10.019909858999995,9.319416999999987],[10.031089783000027,9.327634810999996],[10.038610457999994,9.331830024999988],[10.049880028000018,9.338121414],[10.053629875000013,9.340218543999981],[10.061229706000006,9.342487334999987],[10.07460021999998,9.345010757000011],[10.080280303999984,9.347193718000028],[10.089280127999984,9.361106872999983],[10.090929985000002,9.36697101599998],[10.092679976999989,9.370909691000008],[10.094329834000007,9.376774787999977],[10.09599018099999,9.382639885000003],[10.095629691999989,9.39034652700002],[10.097370147999982,9.394285201999992],[10.102609633999975,9.406100272999993],[10.104089736999981,9.415818214000012],[10.109319686999982,9.427633286000002],[10.116570473000024,9.437607764999996],[10.127659798000025,9.44775295300002],[10.138930320999975,9.454045296000004],[10.155960083000025,9.460593223999979],[10.167590141000005,9.459177970999974],[10.179129601,9.459691048000025],[10.185159682999995,9.454167365999979],[10.189100266000025,9.452411652000023],[10.196969986,9.44890022300001],[10.20098972300002,9.445217133000028],[10.222229958000014,9.444230080000011],[10.231940269000006,9.44272995],[10.239629745000002,9.44307231900001],[10.247229575999995,9.445340156999976],[10.25290966,9.447522162999974],[10.260330199999999,9.45364379900002],[10.271599770000023,9.459936142000004],[10.279290199000002,9.460277556999984],[10.296600341999977,9.461046219000025],[10.308309554999994,9.457704544000023],[10.320480347,9.444730758999981],[10.33255004900002,9.433684348999975],[10.34068012199998,9.424392699999999],[10.348910332000003,9.413175582999997],[10.366840362999994,9.400457382000013],[10.380649566999978,9.393349648000026],[10.390540122999994,9.387996674000021],[10.408109664999984,9.382985114999997],[10.419560432000026,9.385423660000015],[10.430999756000006,9.387863159000005],[10.461500167999986,9.39500904099998],[10.476710319999995,9.39954471599998],[10.493920326000023,9.402239798999972],[10.515069961999984,9.403179168999998],[10.54776000999999,9.404630660999999],[10.550329207999994,9.40404987300002],[10.56917953499999,9.399789810000016],[10.571020126000008,9.401801109000019],[10.578350066999974,9.409849167000004],[10.579919814999982,9.417640686000027],[10.57956028000001,9.425347327999987],[10.579199791000008,9.43305301700002],[10.578940391999993,9.438833236999983],[10.576660156000003,9.446454048000021],[10.574649810999972,9.448294639999972],[10.572540283000023,9.452062607000016],[10.570349693000026,9.457756996],[10.566149712000026,9.465291976999993],[10.560210228000017,9.468889235999995],[10.556179999999983,9.472571372999994],[10.548219680999978,9.478009224000004],[10.546210288999987,9.479850768999995],[10.541657448000024,9.482288360999974],[10.537906647,9.489040375000002],[10.53322029100002,9.492265701000008],[10.530586243000016,9.492877007000004],[10.523667336000017,9.50051021600001],[10.51848602299998,9.503770827999972],[10.516326903999982,9.510560988999998]]]},"properties":{"fid":602,"cty_nm":"Nigeria","iso3cd":"NGA","adm1nm":"Plateau","adm2nm":"Kanam","adm1cd":"NGA032","adm2cd":"NGA032007"}},{"type":"Feature","id":603,"geometry":{"type":"Polygon","coordinates":[[[9.741759300000012,9.534790993000001],[9.732600212000023,9.532527924000021],[9.713550568000016,9.52782154099998],[9.703935623000007,9.527394295000022],[9.694499968999992,9.523114204000024],[9.686898231999976,9.52084636699999],[9.681129456000008,9.520590782],[9.669681549000018,9.518152236999981],[9.660066604999997,9.517724991000023],[9.656043053000019,9.521407126999975],[9.650275229999977,9.521150589000001],[9.645879745000002,9.524072647000025],[9.631046294999976,9.52029705000001],[9.625367165,9.518115044000012],[9.621520996000015,9.517943381999999],[9.611996651000027,9.515590668000016],[9.608149529000002,9.515419959999974],[9.596702575999984,9.512980460999984],[9.585254668999994,9.510541916000022],[9.573806762999993,9.508103371000004],[9.564281463999976,9.505749702000003],[9.556590079999978,9.505408287000023],[9.550822257999982,9.505151748999992],[9.542952538000009,9.508663177000017],[9.53105926500001,9.515857697000001],[9.528698921,9.523115157999996],[9.524666786000012,9.529087066999978],[9.516530036999995,9.538378716000011],[9.508749962000024,9.539963721999982],[9.50101375600002,9.53440666199998],[9.491889953999987,9.529562950000013],[9.482720374999985,9.519502639999985],[9.480976105000025,9.515563965000013],[9.477397918999998,9.50961399099998],[9.473641396000005,9.507516861],[9.473819733000028,9.503664017000006],[9.475920676999976,9.499896048999972],[9.476187706000019,9.494115829000009],[9.476366042999985,9.490262985000015],[9.476633072000027,9.484483719000025],[9.476900101000012,9.478702544999976],[9.475245475999998,9.47283935500002],[9.475422858999991,9.468985557999986],[9.473678588999974,9.465046883000014],[9.471933364999984,9.461109161000024],[9.470277785999997,9.455244063999999],[9.468534470000009,9.451305389000026],[9.470634459999985,9.447537421999982],[9.47456932099999,9.445781708000027],[9.48051643399998,9.442184447999978],[9.484450340000024,9.440428734000022],[9.492141724000021,9.440771102999975],[9.49607658399998,9.43901443499999],[9.502023697000027,9.435418129000027],[9.505958556999985,9.433661460999986],[9.510070800999983,9.42805290199999],[9.510516166999992,9.418420792000006],[9.508771895999985,9.414482116999977],[9.508950233000007,9.410629271999994],[9.507116317999987,9.408617020000008],[9.503538132000017,9.402666092000004],[9.50179386100001,9.398728371000004],[9.501972197999976,9.394874572999981],[9.504250526000021,9.38725376100001],[9.506351471000016,9.383485794000023],[9.508542061000014,9.377792358000022],[9.50697517399999,9.370000839],[9.507154464999985,9.366147040999977],[9.503486633000023,9.362122536000015],[9.503753662000008,9.356344223000008],[9.496329307999986,9.350222588000008],[9.492572784000004,9.348125458000027],[9.488637923999988,9.349881171999982],[9.482957839999983,9.347698212000012],[9.475356101999978,9.345430373999989],[9.473522186000025,9.343419074999986],[9.471777916000008,9.339480400000014],[9.471956252999973,9.33562755600002],[9.472223282000016,9.329847336],[9.474412917999985,9.324152946000027],[9.47651481600002,9.320385933000011],[9.480449677000024,9.318629265000027],[9.48438358300001,9.316873550000025],[9.488407134999989,9.313191414000016],[9.492431640999996,9.309509277000018],[9.494621277000022,9.303814887999977],[9.498644829,9.300132750999978],[9.502847671999973,9.292596817000003],[9.504948615999979,9.288829802999999],[9.507049560999974,9.285061836000011],[9.509151459000009,9.281293869000024],[9.509417534000022,9.275514602999976],[9.51160812400002,9.269820213000003],[9.513797759999989,9.264125824000018],[9.523857116999977,9.25492000600002],[9.526047706999975,9.24922561599999],[9.528505325000026,9.237751961000015],[9.530606270000021,9.233983994000027],[9.529039382999997,9.226192474000015],[9.531408310000018,9.21664524099998],[9.529663086000028,9.212706566000008],[9.528097152999976,9.204915046999986],[9.528452872999992,9.19720935800001],[9.530553817999987,9.193441391000022],[9.534399033,9.193612099000006],[9.538157463000005,9.195709228999988],[9.543835639999998,9.197892189000015],[9.54759216299999,9.199989318999997],[9.551348685999983,9.202086448999978],[9.555106163000005,9.204183578000027],[9.556939124999985,9.206195831000002],[9.560606002999975,9.21022033700001],[9.568031311000027,9.216341019000026],[9.577377318999993,9.222547530999975],[9.584980011000027,9.224815368999998],[9.588825225999983,9.224986075999993],[9.592581748999976,9.227083205999975],[9.598172187999978,9.231192588999988],[9.601750374000005,9.237144469999976],[9.603317260999972,9.244935036000015],[9.60506153099999,9.248873710999987],[9.610384941000007,9.258762359999992],[9.615708351000023,9.268651008999996],[9.62286472300002,9.280551909999986],[9.628366470000003,9.286587714999996],[9.636057854,9.286929131000022],[9.641736983999976,9.289112090999993],[9.647684097000024,9.28551483199999],[9.653718948000005,9.27999115],[9.659666060999996,9.27639484399998],[9.663600922,9.274638175999996],[9.669369698000025,9.274894714000027],[9.673214911999992,9.275065422000011],[9.680817604000026,9.277333259999978],[9.688597678999997,9.275748253000017],[9.692621230999976,9.272066116000019],[9.692799567999998,9.268213272000025],[9.69297790500002,9.264359474000003],[9.695167541999979,9.258665085000018],[9.695435524000004,9.252885817999982],[9.697536469,9.249117850999994],[9.699727058000008,9.243424415999982],[9.703927994000026,9.235887526999988],[9.705940247000001,9.234046936000027],[9.70813083600001,9.228354453999998],[9.712064742999985,9.226597786000013],[9.713898658999994,9.228609085000016],[9.721234321999987,9.236657143000002],[9.72865772199998,9.242777823999972],[9.739838599999985,9.25099659],[9.745250702000021,9.258958817000007],[9.746906281000008,9.264823913999976],[9.750395775000015,9.272700310000005],[9.753885269000023,9.280577660000006],[9.762964248999992,9.292563438000002],[9.768572806999998,9.296287537000012],[9.768377304000012,9.300526618999982],[9.766275405999977,9.304293632999986],[9.766098021999994,9.30814743000002],[9.763907432999986,9.313840866000021],[9.763729094999974,9.317694663999987],[9.761716842999988,9.319535255000005],[9.761449814000002,9.325315475000025],[9.75934982299998,9.329081535],[9.761094092999997,9.333021164000002],[9.760915755999974,9.336874007999995],[9.764583587999994,9.340899466999986],[9.764405251000028,9.344751357999996],[9.767983436999998,9.350701332000028],[9.771561623000025,9.356652259999976],[9.773129462999975,9.364443778999998],[9.771027564999997,9.368210793000003],[9.772415161000026,9.379856109999992],[9.775994301000026,9.385806084000023],[9.783240318000026,9.395780563000017],[9.788741112000025,9.401816368000027],[9.788295746000017,9.411449431999984],[9.788027763000002,9.41722869900002],[9.789505958999996,9.426946639999983],[9.791338920999976,9.428958893000015],[9.790983200000028,9.436664581000002],[9.790804863000005,9.440517425999985],[9.790448189000017,9.448224068000002],[9.790269851999994,9.452076911999995],[9.788168907,9.455844878999983],[9.787991524000006,9.459697722999977],[9.787723540999991,9.465477942999996],[9.785533905000023,9.471172333000027],[9.781332016000022,9.478707314000019],[9.779231071000027,9.482475281000006],[9.779052734000004,9.486328125],[9.777039527999989,9.48816966999999],[9.775028228999986,9.490010261999998],[9.770915984999988,9.495619773999977],[9.766981124999973,9.497374535000006],[9.75866603899999,9.510519981000016],[9.752451897000014,9.519897461000028],[9.746237754999981,9.529273032999981],[9.741759300000012,9.534790993000001]]]},"properties":{"fid":603,"cty_nm":"Nigeria","iso3cd":"NGA","adm1nm":"Plateau","adm2nm":"Kanke","adm1cd":"NGA032","adm2cd":"NGA032008"}},{"type":"Feature","id":604,"geometry":{"type":"Polygon","coordinates":[[[9.915121078000027,9.210516929999983],[9.911186218000012,9.212272643999995],[9.907251357999996,9.214028358000007],[9.903406142999984,9.213857651000012],[9.89186859099999,9.21334552799999],[9.884089469999992,9.214930534000018],[9.881897926000022,9.220624923999992],[9.881719589,9.224477767999986],[9.881452560000014,9.230257033999976],[9.883197784000004,9.234195709000005],[9.884675026000025,9.243913651000014],[9.888074874999973,9.253717422000022],[9.878104210000004,9.260996819000013],[9.872246742000016,9.26266670199999],[9.866210937000005,9.268190383999979],[9.863931655999977,9.275811195000017],[9.861653327999989,9.283432006999988],[9.857449531999976,9.29096698799998],[9.851414680000005,9.29649066899998],[9.83200836200001,9.299489974999972],[9.820293427000024,9.302831649999973],[9.812512398000024,9.304415703000018],[9.800887107999984,9.305830956000023],[9.787426949000007,9.305233002000023],[9.783670425000025,9.303135871999984],[9.777991294999993,9.300952911000024],[9.772311210999987,9.298769950999997],[9.768572806999998,9.296287537000012],[9.762964248999992,9.292563438000002],[9.753885269000023,9.280577660000006],[9.750395775000015,9.272700310000005],[9.746906281000008,9.264823913999976],[9.745250702000021,9.258958817000007],[9.739838599999985,9.25099659],[9.72865772199998,9.242777823999972],[9.721234321999987,9.236657143000002],[9.713898658999994,9.228609085000016],[9.712064742999985,9.226597786000013],[9.704730034000022,9.218549728000028],[9.699496269000008,9.206733703999987],[9.694351196000014,9.19299221],[9.694707870000002,9.185285567999983],[9.687728881999988,9.16953182200001],[9.684150696000017,9.163581847999978],[9.680929183999979,9.149925231999987],[9.679362297000011,9.142133713000021],[9.675694465999982,9.138110160999986],[9.672205925000014,9.130232810999985],[9.669333457999983,9.128930092000019],[9.67430591599998,9.126464843999997],[9.68217563600001,9.122953414999984],[9.686109542999986,9.121197701000028],[9.690045356999974,9.119441986000027],[9.69214630099998,9.115674018999982],[9.694158554000012,9.113833426999975],[9.702383994999991,9.102615356000001],[9.706230163999976,9.102786063999986],[9.711909294000009,9.104969025000003],[9.717856407,9.10137176500001],[9.723980903999973,9.093921661000024],[9.726170539999998,9.088227271999983],[9.730194091999977,9.084545134999985],[9.730462074000002,9.078765868999994],[9.730996131999973,9.067206382999984],[9.735287665999977,9.057744026000023],[9.73729896499998,9.055903435000005],[9.743602753000005,9.044599532999996],[9.745970725999996,9.035052298999972],[9.748161315999994,9.029357909999987],[9.758042336000017,9.024005890000012],[9.761887549999983,9.024176597999997],[9.762155532999998,9.018396377999977],[9.770292282000014,9.009105681999984],[9.776238440999975,9.00550842299998],[9.782096862999992,9.003837584999985],[9.791888237000023,9.000411987000007],[9.799580574000004,9.000753402999976],[9.811294556000007,8.997412682000004],[9.818986892999988,8.997754096999984],[9.830791472999977,8.992486954000015],[9.834992408999994,8.984951018999993],[9.83525943799998,8.979171753000003],[9.833783149999988,8.969453811999983],[9.830293654999991,8.961576461999982],[9.82890510599998,8.949932097999977],[9.825504303000002,8.940128325999979],[9.821927071000005,8.934178352000004],[9.818347931000005,8.928227424999989],[9.814858436999998,8.920350074999988],[9.813114165999991,8.916412353999988],[9.809714316999987,8.90660858199999],[9.802200316999972,8.902414322000027],[9.792764664000003,8.898134232000018],[9.789096831999984,8.89410972600001],[9.784290313999975,8.893897057000004],[9.785429954999984,8.890086173999975],[9.78395271300002,8.880368233000013],[9.780463219000012,8.872490883000012],[9.778807640000025,8.866626740000015],[9.779163360999974,8.85892009700001],[9.777864455999975,8.845349311999996],[9.776208877999977,8.839484215000027],[9.774642943999993,8.831692696000005],[9.775088310000001,8.822059631000002],[9.773521422999977,8.81426811199998],[9.773966788999985,8.804635048000023],[9.774233818000027,8.798855781999976],[9.780180931000018,8.795259476000012],[9.784027100000003,8.795429230000025],[9.789794921999999,8.795685767999998],[9.791628838000008,8.797697067000001],[9.799230576000014,8.799965858000007],[9.801063537999994,8.801977158],[9.802898406999986,8.803989409999986],[9.80665492999998,8.806086540000024],[9.812423706000004,8.806343078999987],[9.816447257999982,8.802660941999989],[9.818460463999998,8.800819396999998],[9.82056045500002,8.79705143000001],[9.822572707999996,8.79520988500002],[9.828430175999983,8.793540000999997],[9.834109306000016,8.795722961000024],[9.837865829000009,8.797820091000006],[9.841800690000014,8.796064376999993],[9.845735549999972,8.794308661999992],[9.851593018000017,8.792637824999986],[9.859284401000025,8.792979240000022],[9.863219260999983,8.79122352600001],[9.870999336000011,8.789639473000022],[9.878292084000009,8.791015625],[9.87650013000001,8.795674324000004],[9.874309540000013,8.801368712999988],[9.872120857000027,8.807063103000019],[9.871943473999977,8.810915947000012],[9.871764182999982,8.814768791000006],[9.871585846000016,8.818622588999972],[9.873331070000006,8.822560309999972],[9.875164031999986,8.824572563000004],[9.874897003000001,8.830352783000023],[9.874718665999978,8.834205627000017],[9.872707366999975,8.836046219000025],[9.87252903000001,8.83990001699999],[9.872350692999987,8.843752860999984],[9.872172356000021,8.847605704999978],[9.875661849999972,8.85548305499998],[9.879240035999999,8.861433029000011],[9.878973007000013,8.867213248999974],[9.87879466999999,8.871066093000024],[9.876782417000015,8.872906684999975],[9.874682425999993,8.87667465200002],[9.872580528000015,8.880442619000007],[9.872402190999992,8.88429546399999],[9.872223854000026,8.888148307999984],[9.87956047099999,8.89619636499998],[9.883227347999991,8.900219917000015],[9.885060309999972,8.90223216999999],[9.886716842999988,8.908097267000016],[9.888461113000005,8.912035941999989],[9.888282775999983,8.915888785999982],[9.890116691999992,8.917900084999985],[9.888015746999997,8.921668053000019],[9.885825157,8.927362442000003],[9.883812904000024,8.929203986999994],[9.879789351999989,8.932886123999992],[9.87759971600002,8.938581467000006],[9.875587462999988,8.940422058000024],[9.875320434999992,8.946201324000015],[9.873129844999994,8.951895713999988],[9.872952461000011,8.955748557999982],[9.874696732000018,8.959687233000011],[9.876441956000008,8.963625907999983],[9.879663467,8.977281570000002],[9.881407738000007,8.981220244999975],[9.881140709000022,8.987000464999994],[9.880962371999999,8.990853309999977],[9.878861427000004,8.994621277000022],[9.874749183999995,9.000229836000017],[9.87273693100002,9.002071381000007],[9.870635986000025,9.005838394000023],[9.868535042000019,9.00960636100001],[9.868356704999997,9.013459205999993],[9.868089676000011,9.019239426000013],[9.867911338999988,9.023092270000006],[9.869655609000006,9.027030944999979],[9.873413086000028,9.029128075000017],[9.876991271999998,9.035079001999975],[9.882580757000028,9.039187431000016],[9.88441467299998,9.041199683999992],[9.893761634999976,9.047406196999987],[9.899352073999978,9.05151557900001],[9.908787727000004,9.055795670000009],[9.912545204000025,9.057892799000001],[9.916034697999976,9.06576919600002],[9.91961193100002,9.071720122999977],[9.91943454699998,9.075572968000017],[9.921178817999987,9.079511642],[9.922834395999985,9.085376740000015],[9.924579619999975,9.089315413999998],[9.924311638000006,9.095094680999978],[9.922210693000011,9.098862648000022],[9.920020103000013,9.104557037000006],[9.915996552000024,9.108239174000005],[9.915818214000012,9.112092017999998],[9.915551186000016,9.117871283999989],[9.915372848999993,9.121725082000012],[9.918862343,9.129600525],[9.92060756699999,9.133540154000002],[9.924185753000017,9.139490127999977],[9.925930977000007,9.143428802000017],[9.927675247000025,9.147366524000006],[9.931343078999987,9.151391029000024],[9.929151535000017,9.157085418999998],[9.928974152000023,9.160938262999991],[9.926783562000026,9.166632651999976],[9.924772263000023,9.168474197000023],[9.920659064999995,9.174082756000018],[9.92039203600001,9.179862975999981],[9.916367530999992,9.18354511299998],[9.91583347300002,9.19510459899999],[9.913643836999995,9.200798987999974],[9.913464546,9.204651833000014],[9.915121078000027,9.210516929999983]]]},"properties":{"fid":604,"cty_nm":"Nigeria","iso3cd":"NGA","adm1nm":"Plateau","adm2nm":"Langtang North","adm1cd":"NGA032","adm2cd":"NGA032009"}},{"type":"Feature","id":605,"geometry":{"type":"Polygon","coordinates":[[[9.878292084000009,8.791015625],[9.870999336000011,8.789639473000022],[9.863219260999983,8.79122352600001],[9.859284401000025,8.792979240000022],[9.851593018000017,8.792637824999986],[9.845735549999972,8.794308661999992],[9.841800690000014,8.796064376999993],[9.837865829000009,8.797820091000006],[9.834109306000016,8.795722961000024],[9.828430175999983,8.793540000999997],[9.822572707999996,8.79520988500002],[9.82056045500002,8.79705143000001],[9.818460463999998,8.800819396999998],[9.816447257999982,8.802660941999989],[9.812423706000004,8.806343078999987],[9.80665492999998,8.806086540000024],[9.802898406999986,8.803989409999986],[9.801063537999994,8.801977158],[9.799230576000014,8.799965858000007],[9.791628838000008,8.797697067000001],[9.789794921999999,8.795685767999998],[9.784027100000003,8.795429230000025],[9.780180931000018,8.795259476000012],[9.774233818000027,8.798855781999976],[9.77240085599999,8.796843529],[9.772578238999984,8.792990685000007],[9.772846221999998,8.787211418000027],[9.773113250999984,8.781431198000007],[9.767701149000004,8.773468971],[9.764122009000005,8.767518997000025],[9.762289047000024,8.765506743999993],[9.756698608000022,8.761397362000025],[9.751108170000009,8.757287979000012],[9.739748954999982,8.752923011999997],[9.724455832999979,8.750313758999994],[9.716675758000008,8.75189876600001],[9.70889568299998,8.753483771999981],[9.705138206000015,8.751385689000017],[9.701381683000022,8.749288558999979],[9.691856384000005,8.746935844000006],[9.686355590999995,8.740900039999985],[9.673430442999972,8.728742598999986],[9.67159652700002,8.726731299999983],[9.670118332000015,8.717012404999991],[9.664528846999985,8.712903976000007],[9.662961960000018,8.705112456999984],[9.661396027000023,8.69731998399999],[9.66166305500002,8.691540717999999],[9.659917830999973,8.687602043000027],[9.658262252999975,8.681736946000001],[9.654772757999979,8.673860549999972],[9.655307769999979,8.662301064000019],[9.657676697,8.652753829999995],[9.657943725999985,8.646973609999975],[9.656376839000018,8.63918209100001],[9.654721259999974,8.633316993999983],[9.655166625999982,8.62368488300001],[9.657445908,8.616064071999972],[9.657891273000018,8.606431007000026],[9.65623569500002,8.60056591],[9.656681060999972,8.590933800000016],[9.65904903400002,8.58138561200002],[9.659494400000028,8.571754456000008],[9.661774634999972,8.564132690000008],[9.665976523999973,8.556596755999976],[9.668077469000025,8.552829741999972],[9.672190666000006,8.547220229999994],[9.67840385400001,8.53784370400001],[9.680594444000008,8.532149315000026],[9.678849220000018,8.528211594000027],[9.681129456000008,8.520590782],[9.681485176000024,8.512884139999983],[9.691544533000013,8.503678321999985],[9.693913459999976,8.494131088000017],[9.696103096000002,8.488436698999976],[9.698115348999977,8.486596107000025],[9.704418181999984,8.475292206000006],[9.704952240000011,8.463733672999979],[9.711166381999988,8.454356194000013],[9.713267325999993,8.450589180000009],[9.717291832,8.446906090000027],[9.723327637000011,8.44138336200001],[9.725428581000017,8.437615395000023],[9.72743988000002,8.435773848999986],[9.733742714000016,8.424470901000007],[9.734009743000001,8.418691635000016],[9.73436641699999,8.410984993],[9.734723090999978,8.403279305000012],[9.736912727000004,8.397584914999982],[9.739103317000001,8.391890525999997],[9.745050429999992,8.388293266000005],[9.751174927000022,8.380843163000009],[9.754731177999986,8.374465941999972],[9.756654738999998,8.367341995000004],[9.761323929000014,8.369710922000024],[9.764990807000004,8.373734474000003],[9.774427414000002,8.378014565],[9.780139922999979,8.381554603999973],[9.784161568000002,8.382419586000026],[9.796966553000004,8.390598296999997],[9.802330971000004,8.391323090000014],[9.809424400000012,8.397447585999998],[9.816094398000018,8.401207924000005],[9.821446418999983,8.40279102300002],[9.824240685000007,8.405097961000024],[9.836102486000016,8.412488936999978],[9.84106254599999,8.416172028000005],[9.856025696000017,8.425495147999982],[9.862776756000017,8.427529334999974],[9.869446754000023,8.43128967299998],[9.879366875000017,8.438655853],[9.890913963000003,8.447825432000002],[9.895792007000011,8.45323562599998],[9.905630111999983,8.462328910999986],[9.90888118700002,8.465934752999999],[9.915385246000028,8.473148346000016],[9.92026328999998,8.478557587000012],[9.926848412000027,8.484044074999986],[9.933517456000004,8.487804412999992],[9.94343948400001,8.495171546999984],[9.950106620999975,8.49893188499999],[9.953359604000013,8.50253677400002],[9.95823574100001,8.507947922000028],[9.963113785000019,8.513357161999977],[9.971326827999974,8.52064800300002],[9.976286888000004,8.524331093],[9.98287677799999,8.529817580999975],[9.992796897999995,8.537183761999984],[9.997756958000025,8.540867805000005],[10.004177094,8.549806595000007],[10.008015633000014,8.553002357000025],[10.00702953299998,8.556296348999979],[10.006759643999999,8.562075615000026],[10.008419990999982,8.567940711999995],[10.00806045500002,8.575647354000012],[10.007880210999986,8.579500198000005],[10.007530212000006,8.587206841000011],[10.00891971599998,8.598851204000027],[10.008740424999985,8.602704048000021],[10.010299683000028,8.610495566999987],[10.004179954999984,8.617945670999973],[10.000249863000022,8.619701384999985],[9.994209290000015,8.625225066999974],[9.99027442900001,8.626980781999976],[9.978469849000021,8.632247925000001],[9.968856812000013,8.631821632000026],[9.965010643000028,8.631650924999974],[9.961075783000013,8.633406638999986],[9.957052230999977,8.637088775999985],[9.953206061999992,8.636918068],[9.949183463999987,8.640600204000009],[9.947170258000028,8.642441749999989],[9.943235397000024,8.644197464000001],[9.939300537000008,8.645953178000013],[9.93335437799999,8.649550438000006],[9.92924118000002,8.655158997000001],[9.927050591000011,8.660853385999985],[9.924950599999988,8.664621352999973],[9.922938347000013,8.66646194499998],[9.920747757000015,8.672156334000022],[9.914623259999985,8.679606438000008],[9.912611007999999,8.681447982999998],[9.912254333000021,8.689153670999985],[9.913909912000008,8.695018768000011],[9.911898613000005,8.696860313000002],[9.911541939000017,8.704566001999979],[9.911363601999994,8.708419800000001],[9.908995628000014,8.71796703299998],[9.908817290999991,8.72181987800002],[9.908461570999975,8.729527473000019],[9.904348373000005,8.735135077999985],[9.902247428999999,8.73890209199999],[9.901980400000014,8.744682312000009],[9.903635979,8.750547408999978],[9.903367995999986,8.756326675000025],[9.901178360000017,8.762021064999999],[9.899077415000022,8.765789031999986],[9.894964217999984,8.771397590999982],[9.891029358000026,8.773153304999994],[9.887272834999976,8.771056175000012],[9.880791664000014,8.786211966999986],[9.878292084000009,8.791015625]]]},"properties":{"fid":605,"cty_nm":"Nigeria","iso3cd":"NGA","adm1nm":"Plateau","adm2nm":"Langtang South","adm1cd":"NGA032","adm2cd":"NGA032010"}},{"type":"Feature","id":606,"geometry":{"type":"Polygon","coordinates":[[[9.335479736000025,9.578601837000008],[9.334165573000007,9.58793067900001],[9.330778122000027,9.59170913700001],[9.327155113000003,9.59575080899998],[9.323719025000003,9.599584579000009],[9.322694778000027,9.60506153099999],[9.320505142000002,9.610755919999974],[9.320148468000014,9.61846256299998],[9.314202308999995,9.62205886800001],[9.304588318000015,9.621631621999995],[9.297289847999991,9.62484931900002],[9.295415877999972,9.625675200999979],[9.29056263000001,9.630547523000018],[9.287670134999985,9.633451461999982],[9.284580231000007,9.63611221299999],[9.284468650999997,9.640043258999981],[9.284290313999975,9.643897057000004],[9.287779807999982,9.651773452999976],[9.291357994000009,9.65772437999999],[9.291179656999986,9.661577224999974],[9.294490814000028,9.673307419000025],[9.290555954000013,9.67506313299998],[9.290200233000007,9.682768822000014],[9.287832260000016,9.692317009000021],[9.283629416999986,9.699851990000013],[9.279338837000012,9.709314345999985],[9.273303032000001,9.714838027999974],[9.271290779000026,9.716678618999993],[9.267534255999976,9.714580536000028],[9.261855125000011,9.712398528999984],[9.258187293999981,9.708374977000005],[9.250763892999998,9.702253342000006],[9.247096062000026,9.698229790000028],[9.243339538999976,9.69613265999999],[9.235825539000018,9.691938400000026],[9.231891631999986,9.693694115000028],[9.210763930999974,9.700881003999996],[9.202514647999976,9.703972815999975],[9.198135375999982,9.708473206000008],[9.194288254000014,9.715189934000023],[9.186418532999994,9.71870136299998],[9.182306289999985,9.724310875000015],[9.178281783999978,9.727993011000024],[9.173604011999998,9.730526924000003],[9.168400764000012,9.733345985000028],[9.160442352000018,9.738783835999982],[9.152183533000027,9.74476146699999],[9.14488124799999,9.741953850000016],[9.137368202000005,9.737759589999996],[9.126098633000026,9.731467247000012],[9.120508194000024,9.727357863999998],[9.113172530999975,9.719310759999985],[9.10932731600002,9.71914005299999],[9.101725578000014,9.716871261999984],[9.098057746999984,9.712847710000005],[9.094389915000022,9.708824158000027],[9.090723038000021,9.70479965200002],[9.087143898000022,9.698850632000017],[9.089156150999997,9.697009087000026],[9.095370292999974,9.687632560999987],[9.09975147199998,9.676243781999972],[9.107975959999976,9.665025710999998],[9.117857932999982,9.659672736999994],[9.125727654000002,9.65616130799998],[9.13167381300002,9.652564048999977],[9.135787010000001,9.64695453600001],[9.137976646000027,9.641261100999998],[9.136142731000007,9.639249801999995],[9.138333321000005,9.633555412000021],[9.138778687000013,9.623922348000008],[9.135289192000016,9.616044998000007],[9.131711005999989,9.610095023999975],[9.128043175000016,9.606071471999996],[9.120708465999996,9.598023415],[9.109617232999994,9.587878226999976],[9.103848457000026,9.587622642999975],[9.098258018000024,9.583513260000018],[9.081219673000021,9.576965331999986],[9.073528290000013,9.576623917000006],[9.065926552000008,9.574356078999983],[9.062170029000015,9.572257996000019],[9.058412551999993,9.57016086599998],[9.056756973000006,9.564295769000012],[9.053179741000008,9.55834579499998],[9.051344872000016,9.556333542000004],[9.045577048999974,9.556077957000014],[9.037974357999985,9.553809166000008],[9.03229522700002,9.551626204999991],[9.026616095999998,9.549444198999993],[9.023036956999988,9.543494225000018],[9.01954841600002,9.535616875000017],[9.019993781999972,9.525983810000014],[9.02052784,9.514424324000004],[9.018872261000013,9.508560181000007],[9.019228935000001,9.50085353899999],[9.017573357000003,9.494988440999975],[9.016096114999982,9.485271453999985],[9.014440535999995,9.479405402999987],[9.01296234099999,9.469687462000024],[9.011485100000016,9.459970473999988],[9.009740829000009,9.456030845999976],[9.001667976000022,9.441665649000015],[9.003119469000012,9.432570456999997],[9.009154319999993,9.42704772899998],[9.01729106900001,9.417756080999993],[9.02149295800001,9.410220145999972],[9.03146362299998,9.402941704],[9.043267249999985,9.397673607000002],[9.05533981299999,9.386627196999996],[9.063386917000003,9.379261971000005],[9.067500113999984,9.37365341200001],[9.07563686399999,9.364361762999977],[9.081761359999973,9.35691165899999],[9.09584522199998,9.344023704999984],[9.099958420000007,9.338415145999988],[9.108095169000023,9.329122542999983],[9.11439800300002,9.317820548999975],[9.120612144000006,9.308444022999993],[9.120879172999992,9.302663802999973],[9.119223594999994,9.296799659999976],[9.119580268999982,9.289093018000017],[9.122126578999996,9.275692939999999],[9.120559691999972,9.267901420999976],[9.122750282000027,9.262207031000003],[9.123106002999975,9.254500388999986],[9.123551368999983,9.244868279000002],[9.123996734999992,9.235235214],[9.124175072000014,9.231382370000006],[9.126365662000012,9.225687981000021],[9.130834579000009,9.21237278000001],[9.13136863699998,9.20081329300001],[9.130069733000028,9.187243462000026],[9.124835968000014,9.175425528999995],[9.125459670999987,9.161940575000017],[9.122059821999983,9.152137756000002],[9.120492935000016,9.14434623699998],[9.117448807000017,9.126835823000022],[9.11623859399998,9.111338615000022],[9.111272811999982,9.093743324000002],[9.10988426199998,9.082098960999986],[9.104999541999973,9.071070670999973],[9.116365432999999,9.066942214999983],[9.120656012999973,9.057480811999994],[9.12293529499999,9.049860001000013],[9.125481605999994,9.036458969000023],[9.127939223999988,9.024985313000002],[9.128295897999976,9.017279625000015],[9.126996039999995,9.003707885999972],[9.12534141499998,8.997842789000003],[9.125786780999988,8.988210677999973],[9.128065108999976,8.980589866999992],[9.134012222000024,8.976992607],[9.149038314999984,8.985382080000022],[9.150783538999974,8.989320754999994],[9.158118247999994,8.997367859000008],[9.173055648999991,9.007683754000027],[9.176633835000018,9.013634681999974],[9.183879852000018,9.023608207999985],[9.191482543999996,9.025876045000018],[9.195149421999986,9.029900551000026],[9.200561522999976,9.037862777999976],[9.202305793999983,9.041799545000003],[9.218987464999998,9.056055069000024],[9.22082233399999,9.058067322],[9.22632312799999,9.06410312700001],[9.22815704300001,9.066114426000013],[9.22999095900002,9.068126677999999],[9.237325667999983,9.076174735999984],[9.241170882999995,9.076345444000026],[9.24868392899998,9.080539703],[9.252351761,9.084563254999978],[9.25418567700001,9.086576461999982],[9.25785255400001,9.090599059999988],[9.261698722999995,9.090769767999973],[9.299650192000001,9.10770130200001],[9.297252655000023,9.113585472000011],[9.296895980999977,9.121290207000015],[9.29278373699998,9.126899718999994],[9.286747932000026,9.13242244700001],[9.282545089999985,9.139958381999975],[9.280533790999982,9.141799927000022],[9.280088424999974,9.151432037000006],[9.277897834999976,9.15712642699998],[9.275708199000007,9.162820816000021],[9.275529860999995,9.166673660000015],[9.273250580000024,9.174294471999985],[9.272717476000025,9.185853957999996],[9.272538184999974,9.18970680199999],[9.274193764000017,9.195571899000015],[9.275759697000012,9.203363419000027],[9.278982161999977,9.217020035000019],[9.272679329000027,9.228322982999998],[9.272500992000005,9.232175826999992],[9.275989531999983,9.240053176999993],[9.277645111000027,9.245918274000019],[9.275277137999979,9.255466461000026],[9.272909163999998,9.265012741000021],[9.270629883000026,9.272633552999991],[9.268172263999986,9.284107208000023],[9.264060019999988,9.28971672099999],[9.263614655000026,9.299349785000004],[9.265181541000004,9.307141304000027],[9.264735222000013,9.316773415],[9.264557837999973,9.320626258999994],[9.266123772000014,9.328417778000016],[9.269701957999985,9.33436870600002],[9.273280144000012,9.340319632999979],[9.276947974999985,9.344343185000014],[9.278692245000002,9.348281859999986],[9.283926963999988,9.360096930999987],[9.291261673000008,9.368144988999973],[9.292917251999995,9.374009132000026],[9.298418045000005,9.38004493699998],[9.29989624000001,9.389763832000028],[9.301641464,9.393701553000028],[9.306874274999984,9.405517578000001],[9.304327965000027,9.41891765600002],[9.307906150999997,9.424868584000023],[9.307639122000012,9.430647850000014],[9.309294700999999,9.436512946999983],[9.310861588000023,9.444304466000006],[9.31443882000002,9.45025443999998],[9.31609535199999,9.456119537000006],[9.313904761999993,9.46181392699998],[9.311536789000002,9.471361160000015],[9.309346199000004,9.477055549999989],[9.307156562999978,9.482749938999973],[9.304877281000017,9.490370750000011],[9.304610251999975,9.496150969999974],[9.302330971000004,9.503770827999972],[9.302063942000018,9.509551047999992],[9.29978466,9.517171860000019],[9.299427986000012,9.524877548000006],[9.295315742000014,9.530487060999974],[9.293125153000005,9.536181450000015],[9.290845870999988,9.543802260999996],[9.290489197,9.551507949999973],[9.290133475999994,9.55921459199999],[9.291789054999981,9.565079689000015],[9.295455933000028,9.569103240999993],[9.299123764,9.573126792999972],[9.30095768000001,9.575139046000004],[9.308559418000016,9.57740688299998],[9.316162109000004,9.579674721000004],[9.321930884999972,9.579931258999977],[9.32971096,9.578346252000017],[9.335479736000025,9.578601837000008]]]},"properties":{"fid":606,"cty_nm":"Nigeria","iso3cd":"NGA","adm1nm":"Plateau","adm2nm":"Mangu","adm1cd":"NGA032","adm2cd":"NGA032011"}},{"type":"Feature","id":607,"geometry":{"type":"Polygon","coordinates":[[[9.784290313999975,8.893897057000004],[9.789096831999984,8.89410972600001],[9.792764664000003,8.898134232000018],[9.802200316999972,8.902414322000027],[9.809714316999987,8.90660858199999],[9.813114165999991,8.916412353999988],[9.814858436999998,8.920350074999988],[9.818347931000005,8.928227424999989],[9.821927071000005,8.934178352000004],[9.825504303000002,8.940128325999979],[9.82890510599998,8.949932097999977],[9.830293654999991,8.961576461999982],[9.833783149999988,8.969453811999983],[9.83525943799998,8.979171753000003],[9.834992408999994,8.984951018999993],[9.830791472999977,8.992486954000015],[9.818986892999988,8.997754096999984],[9.811294556000007,8.997412682000004],[9.799580574000004,9.000753402999976],[9.791888237000023,9.000411987000007],[9.782096862999992,9.003837584999985],[9.776238440999975,9.00550842299998],[9.770292282000014,9.009105681999984],[9.762155532999998,9.018396377999977],[9.761887549999983,9.024176597999997],[9.758042336000017,9.024005890000012],[9.748161315999994,9.029357909999987],[9.745970725999996,9.035052298999972],[9.743602753000005,9.044599532999996],[9.73729896499998,9.055903435000005],[9.735287665999977,9.057744026000023],[9.730996131999973,9.067206382999984],[9.730462074000002,9.078765868999994],[9.730194091999977,9.084545134999985],[9.726170539999998,9.088227271999983],[9.723980903999973,9.093921661000024],[9.717856407,9.10137176500001],[9.711909294000009,9.104969025000003],[9.706230163999976,9.102786063999986],[9.702383994999991,9.102615356000001],[9.694158554000012,9.113833426999975],[9.69214630099998,9.115674018999982],[9.690045356999974,9.119441986000027],[9.686109542999986,9.121197701000028],[9.68217563600001,9.122953414999984],[9.67430591599998,9.126464843999997],[9.669333457999983,9.128930092000019],[9.662769318000016,9.125952720999976],[9.653155326999979,9.125526428],[9.649309157999994,9.125355721000005],[9.647297858999991,9.127196312000024],[9.643451690999996,9.127025603999982],[9.63593864400002,9.122831345000009],[9.630260468000017,9.120648383999992],[9.622835158999976,9.114527701999975],[9.61541080500001,9.108406066999976],[9.60991001100001,9.102370262000022],[9.602574348000019,9.094322205000026],[9.598996161999992,9.088372230999994],[9.595506667999985,9.080494880999993],[9.592018127000017,9.072617530999992],[9.588350295999987,9.068593979000013],[9.58065891299998,9.068252562999987],[9.578824997000027,9.066241263999984],[9.572789192000016,9.071764945999973],[9.572610854999994,9.075617790000024],[9.572343826000008,9.081397057000004],[9.573999404999995,9.087262153999973],[9.57198715200002,9.08910369900002],[9.569798470000023,9.094798088000005],[9.567696570999999,9.09856510200001],[9.558082581000008,9.098138808999977],[9.554414748999989,9.094115256999999],[9.552669524999999,9.090176582000026],[9.551103592000004,9.082385063000004],[9.547703743,9.072581291000006],[9.544214248999992,9.064703941000005],[9.544482231000018,9.058924675000014],[9.544749260000003,9.053144454999995],[9.54318237299998,9.045352935999972],[9.539425849999986,9.04325580599999],[9.535402298000008,9.046938895999972],[9.535134314999993,9.052718163000009],[9.534956932,9.056571007000002],[9.532677649999982,9.064191817999983],[9.526908875000004,9.063936233999982],[9.521140098999979,9.063679695000019],[9.515282630999991,9.065349578999985],[9.511170386999993,9.07095909100002],[9.506967545000009,9.078494072000012],[9.501021385000001,9.082091331000015],[9.493151665000028,9.085602759999972],[9.487294196999983,9.087273598000024],[9.478035927000008,9.079140662999976],[9.478214263999973,9.07528686500001],[9.47306919099998,9.061545372000012],[9.47360420199999,9.049985886000002],[9.470293045000005,9.038255692000007],[9.466713905000006,9.032305716999986],[9.464969634999989,9.028367043000003],[9.461123466000004,9.028196335000018],[9.44949817700001,9.029610633999994],[9.443462371999999,9.035134314999993],[9.429289817999972,9.049948691999987],[9.415205956000023,9.062837601000012],[9.413105011000027,9.066604614000028],[9.408992766999972,9.072214126999995],[9.401123046999999,9.07572555500002],[9.395175934000008,9.079321860999983],[9.38931846600002,9.080992698999978],[9.385383606000005,9.08274841299999],[9.381360054000027,9.086430549999989],[9.373490333999996,9.089941978000013],[9.362257956999997,9.09568023700001],[9.36177539800002,9.093282699999975],[9.359940529000028,9.091271399999982],[9.358285904000013,9.085406303000013],[9.354796410000006,9.077528954000002],[9.351128577999987,9.073505402000023],[9.349472999999989,9.067640304999998],[9.345806121999999,9.06361675300002],[9.344150543000012,9.057751655999994],[9.342406272999995,9.053812981000021],[9.342583655999988,9.049960135999982],[9.340929030999973,9.044095039000013],[9.341196060000016,9.038315773000022],[9.341374396999981,9.034461975],[9.339629172999992,9.030524254],[9.34181976299999,9.024829865000015],[9.341998100000012,9.020977019999975],[9.340341567999985,9.015111923000006],[9.342532157999983,9.009417534000022],[9.342888832000028,9.001710892000006],[9.344900130999974,8.999869347000015],[9.347001076000026,8.99610233300001],[9.349191666000024,8.990407944000026],[9.353303908999976,8.984799384999974],[9.35723972300002,8.98304271699999],[9.365019797999992,8.981457709999972],[9.368954658999996,8.979701996000017],[9.374812125999995,8.978032111999994],[9.382413864,8.980299950000017],[9.399630547000015,8.982995033000009],[9.405399322999983,8.983250618],[9.411078453000016,8.985433578000027],[9.415013312999974,8.983677864000015],[9.418769836000024,8.985774993999996],[9.42444896699999,8.987957954000024],[9.436075211000002,8.986543654999991],[9.44376659400001,8.986885071000017],[9.451457977000018,8.987225533000014],[9.463261604000024,8.981959343000028],[9.467196464999972,8.980203629000016],[9.471310615999982,8.974594115999992],[9.477256775,8.970997809999972],[9.483292580000011,8.965474128999972],[9.48740482300002,8.959865569999977],[9.491429329000027,8.956181526000023],[9.493530272999976,8.95241546599999],[9.495631218000028,8.948646544999974],[9.495808601000022,8.94479465500001],[9.501755714000012,8.941197395000017],[9.505868911999983,8.935588837000012],[9.509892464000018,8.931905745999984],[9.513827323999976,8.930150986000001],[9.521518706999984,8.93049240099998],[9.527286530000026,8.930747985999972],[9.531044006000002,8.93284511600001],[9.536812782000027,8.933101653999984],[9.542758941999978,8.92950439499998],[9.546604156,8.929675101999976],[9.552372932000026,8.929931640999996],[9.562076568999998,8.928432465000014],[9.565921783000022,8.928602219000027],[9.575625419999994,8.927103042999988],[9.583227158,8.929370880000022],[9.589085579000027,8.927700043000016],[9.592930793999983,8.927871703999983],[9.598877906999974,8.92427444499998],[9.604645729000026,8.924530028999982],[9.612338066000007,8.92487239799999],[9.618194580000022,8.923201560999985],[9.627898216000006,8.921701430999974],[9.635589600000003,8.922043799999983],[9.645293235999986,8.920543671000019],[9.654728889000012,8.924823761000027],[9.658485412999994,8.926920891000009],[9.666176796000002,8.927262305999989],[9.67570209500002,8.929615974],[9.689162253999996,8.930212975000018],[9.698776244999976,8.930640220999976],[9.702621459999989,8.930810928000028],[9.711968421999984,8.937017441000023],[9.721493721000002,8.939371108999978],[9.725339889999987,8.93954181700002],[9.734775543000012,8.943821906999972],[9.74054431899998,8.94407653799999],[9.748234749000005,8.944419860999972],[9.755926132000013,8.944761276000008],[9.761873245000004,8.941164017000006],[9.769742966000024,8.937652587999992],[9.775689124999985,8.934055328],[9.777701378000017,8.932214736999981],[9.781724929999996,8.928531647],[9.783916472999977,8.922837257000026],[9.78418254899998,8.917057990999979],[9.782526969999992,8.91119289400001],[9.782705307000015,8.907340050000016],[9.783150673000023,8.897706985000013],[9.784290313999975,8.893897057000004]]]},"properties":{"fid":607,"cty_nm":"Nigeria","iso3cd":"NGA","adm1nm":"Plateau","adm2nm":"Mikang","adm1cd":"NGA032","adm2cd":"NGA032012"}},{"type":"Feature","id":608,"geometry":{"type":"Polygon","coordinates":[[[9.335479736000025,9.578601837000008],[9.32971096,9.578346252000017],[9.321930884999972,9.579931258999977],[9.316162109000004,9.579674721000004],[9.308559418000016,9.57740688299998],[9.30095768000001,9.575139046000004],[9.299123764,9.573126792999972],[9.295455933000028,9.569103240999993],[9.291789054999981,9.565079689000015],[9.290133475999994,9.55921459199999],[9.290489197,9.551507949999973],[9.290845870999988,9.543802260999996],[9.293125153000005,9.536181450000015],[9.295315742000014,9.530487060999974],[9.299427986000012,9.524877548000006],[9.29978466,9.517171860000019],[9.302063942000018,9.509551047999992],[9.302330971000004,9.503770827999972],[9.304610251999975,9.496150969999974],[9.304877281000017,9.490370750000011],[9.307156562999978,9.482749938999973],[9.309346199000004,9.477055549999989],[9.311536789000002,9.471361160000015],[9.313904761999993,9.46181392699998],[9.31609535199999,9.456119537000006],[9.31443882000002,9.45025443999998],[9.310861588000023,9.444304466000006],[9.309294700999999,9.436512946999983],[9.307639122000012,9.430647850000014],[9.307906150999997,9.424868584000023],[9.304327965000027,9.41891765600002],[9.306874274999984,9.405517578000001],[9.301641464,9.393701553000028],[9.29989624000001,9.389763832000028],[9.298418045000005,9.38004493699998],[9.292917251999995,9.374009132000026],[9.291261673000008,9.368144988999973],[9.283926963999988,9.360096930999987],[9.278692245000002,9.348281859999986],[9.276947974999985,9.344343185000014],[9.273280144000012,9.340319632999979],[9.269701957999985,9.33436870600002],[9.266123772000014,9.328417778000016],[9.264557837999973,9.320626258999994],[9.264735222000013,9.316773415],[9.265181541000004,9.307141304000027],[9.263614655000026,9.299349785000004],[9.264060019999988,9.28971672099999],[9.268172263999986,9.284107208000023],[9.270629883000026,9.272633552999991],[9.272909163999998,9.265012741000021],[9.275277137999979,9.255466461000026],[9.277645111000027,9.245918274000019],[9.275989531999983,9.240053176999993],[9.272500992000005,9.232175826999992],[9.272679329000027,9.228322982999998],[9.278982161999977,9.217020035000019],[9.275759697000012,9.203363419000027],[9.274193764000017,9.195571899000015],[9.272538184999974,9.18970680199999],[9.272717476000025,9.185853957999996],[9.273250580000024,9.174294471999985],[9.275529860999995,9.166673660000015],[9.275708199000007,9.162820816000021],[9.277897834999976,9.15712642699998],[9.280088424999974,9.151432037000006],[9.280533790999982,9.141799927000022],[9.282545089999985,9.139958381999975],[9.286747932000026,9.13242244700001],[9.29278373699998,9.126899718999994],[9.296895980999977,9.121290207000015],[9.297252655000023,9.113585472000011],[9.299650192000001,9.10770130200001],[9.305478096000002,9.102366447000009],[9.315181731999985,9.100867271000027],[9.321767807000015,9.103273392000006],[9.330386162000025,9.105402946000027],[9.342101097000011,9.102062224999997],[9.349882126000011,9.100477219000027],[9.357751845999985,9.096965790000013],[9.362257956999997,9.09568023700001],[9.373490333999996,9.089941978000013],[9.381360054000027,9.086430549999989],[9.385383606000005,9.08274841299999],[9.38931846600002,9.080992698999978],[9.395175934000008,9.079321860999983],[9.401123046999999,9.07572555500002],[9.408992766999972,9.072214126999995],[9.413105011000027,9.066604614000028],[9.415205956000023,9.062837601000012],[9.429289817999972,9.049948691999987],[9.443462371999999,9.035134314999993],[9.44949817700001,9.029610633999994],[9.461123466000004,9.028196335000018],[9.464969634999989,9.028367043000003],[9.466713905000006,9.032305716999986],[9.470293045000005,9.038255692000007],[9.47360420199999,9.049985886000002],[9.47306919099998,9.061545372000012],[9.478214263999973,9.07528686500001],[9.478035927000008,9.079140662999976],[9.487294196999983,9.087273598000024],[9.493151665000028,9.085602759999972],[9.501021385000001,9.082091331000015],[9.506967545000009,9.078494072000012],[9.511170386999993,9.07095909100002],[9.515282630999991,9.065349578999985],[9.521140098999979,9.063679695000019],[9.526908875000004,9.063936233999982],[9.532677649999982,9.064191817999983],[9.534956932,9.056571007000002],[9.535134314999993,9.052718163000009],[9.535402298000008,9.046938895999972],[9.539425849999986,9.04325580599999],[9.54318237299998,9.045352935999972],[9.544749260000003,9.053144454999995],[9.544482231000018,9.058924675000014],[9.544214248999992,9.064703941000005],[9.547703743,9.072581291000006],[9.551103592000004,9.082385063000004],[9.552669524999999,9.090176582000026],[9.554414748999989,9.094115256999999],[9.558082581000008,9.098138808999977],[9.567696570999999,9.09856510200001],[9.569798470000023,9.094798088000005],[9.57198715200002,9.08910369900002],[9.573999404999995,9.087262153999973],[9.572343826000008,9.081397057000004],[9.572610854999994,9.075617790000024],[9.572789192000016,9.071764945999973],[9.578824997000027,9.066241263999984],[9.58065891299998,9.068252562999987],[9.588350295999987,9.068593979000013],[9.592018127000017,9.072617530999992],[9.595506667999985,9.080494880999993],[9.598996161999992,9.088372230999994],[9.602574348000019,9.094322205000026],[9.60991001100001,9.102370262000022],[9.61541080500001,9.108406066999976],[9.622835158999976,9.114527701999975],[9.630260468000017,9.120648383999992],[9.63593864400002,9.122831345000009],[9.643451690999996,9.127025603999982],[9.647297858999991,9.127196312000024],[9.649309157999994,9.125355721000005],[9.653155326999979,9.125526428],[9.662769318000016,9.125952720999976],[9.669333457999983,9.128930092000019],[9.672205925000014,9.130232810999985],[9.675694465999982,9.138110160999986],[9.679362297000011,9.142133713000021],[9.680929183999979,9.149925231999987],[9.684150696000017,9.163581847999978],[9.687728881999988,9.16953182200001],[9.694707870000002,9.185285567999983],[9.694351196000014,9.19299221],[9.699496269000008,9.206733703999987],[9.704730034000022,9.218549728000028],[9.712064742999985,9.226597786000013],[9.70813083600001,9.228354453999998],[9.705940247000001,9.234046936000027],[9.703927994000026,9.235887526999988],[9.699727058000008,9.243424415999982],[9.697536469,9.249117850999994],[9.695435524000004,9.252885817999982],[9.695167541999979,9.258665085000018],[9.69297790500002,9.264359474000003],[9.692799567999998,9.268213272000025],[9.692621230999976,9.272066116000019],[9.688597678999997,9.275748253000017],[9.680817604000026,9.277333259999978],[9.673214911999992,9.275065422000011],[9.669369698000025,9.274894714000027],[9.663600922,9.274638175999996],[9.659666060999996,9.27639484399998],[9.653718948000005,9.27999115],[9.647684097000024,9.28551483199999],[9.641736983999976,9.289112090999993],[9.636057854,9.286929131000022],[9.628366470000003,9.286587714999996],[9.62286472300002,9.280551909999986],[9.615708351000023,9.268651008999996],[9.610384941000007,9.258762359999992],[9.60506153099999,9.248873710999987],[9.603317260999972,9.244935036000015],[9.601750374000005,9.237144469999976],[9.598172187999978,9.231192588999988],[9.592581748999976,9.227083205999975],[9.588825225999983,9.224986075999993],[9.584980011000027,9.224815368999998],[9.577377318999993,9.222547530999975],[9.568031311000027,9.216341019000026],[9.560606002999975,9.21022033700001],[9.556939124999985,9.206195831000002],[9.555106163000005,9.204183578000027],[9.551348685999983,9.202086448999978],[9.54759216299999,9.199989318999997],[9.543835639999998,9.197892189000015],[9.538157463000005,9.195709228999988],[9.534399033,9.193612099000006],[9.530553817999987,9.193441391000022],[9.528452872999992,9.19720935800001],[9.528097152999976,9.204915046999986],[9.529663086000028,9.212706566000008],[9.531408310000018,9.21664524099998],[9.529039382999997,9.226192474000015],[9.530606270000021,9.233983994000027],[9.528505325000026,9.237751961000015],[9.526047706999975,9.24922561599999],[9.523857116999977,9.25492000600002],[9.513797759999989,9.264125824000018],[9.51160812400002,9.269820213000003],[9.509417534000022,9.275514602999976],[9.509151459000009,9.281293869000024],[9.507049560999974,9.285061836000011],[9.504948615999979,9.288829802999999],[9.502847671999973,9.292596817000003],[9.498644829,9.300132750999978],[9.494621277000022,9.303814887999977],[9.492431640999996,9.309509277000018],[9.488407134999989,9.313191414000016],[9.48438358300001,9.316873550000025],[9.480449677000024,9.318629265000027],[9.47651481600002,9.320385933000011],[9.474412917999985,9.324152946000027],[9.472223282000016,9.329847336],[9.471956252999973,9.33562755600002],[9.471777916000008,9.339480400000014],[9.473522186000025,9.343419074999986],[9.475356101999978,9.345430373999989],[9.482957839999983,9.347698212000012],[9.488637923999988,9.349881171999982],[9.492572784000004,9.348125458000027],[9.496329307999986,9.350222588000008],[9.503753662000008,9.356344223000008],[9.503486633000023,9.362122536000015],[9.507154464999985,9.366147040999977],[9.50697517399999,9.370000839],[9.508542061000014,9.377792358000022],[9.506351471000016,9.383485794000023],[9.504250526000021,9.38725376100001],[9.501972197999976,9.394874572999981],[9.50179386100001,9.398728371000004],[9.503538132000017,9.402666092000004],[9.507116317999987,9.408617020000008],[9.508950233000007,9.410629271999994],[9.508771895999985,9.414482116999977],[9.510516166999992,9.418420792000006],[9.510070800999983,9.42805290199999],[9.505958556999985,9.433661460999986],[9.502023697000027,9.435418129000027],[9.49607658399998,9.43901443499999],[9.492141724000021,9.440771102999975],[9.484450340000024,9.440428734000022],[9.48051643399998,9.442184447999978],[9.47456932099999,9.445781708000027],[9.470634459999985,9.447537421999982],[9.468534470000009,9.451305389000026],[9.470277785999997,9.455244063999999],[9.471933364999984,9.461109161000024],[9.473678588999974,9.465046883000014],[9.475422858999991,9.468985557999986],[9.475245475999998,9.47283935500002],[9.476900101000012,9.478702544999976],[9.476633072000027,9.484483719000025],[9.476366042999985,9.490262985000015],[9.476187706000019,9.494115829000009],[9.475920676999976,9.499896048999972],[9.473819733000028,9.503664017000006],[9.473641396000005,9.507516861],[9.469884872000023,9.505419731000018],[9.46237182599998,9.501225470999998],[9.454680442999972,9.500883101999989],[9.446989058999975,9.500541687000009],[9.445155144000012,9.498530388000006],[9.437463760000014,9.498188018999997],[9.427761078000003,9.499688148000018],[9.423914909000018,9.499517441000023],[9.419980049000003,9.501273154999978],[9.416045188999988,9.50302886999998],[9.408265114000017,9.504613876000008],[9.404241561999982,9.508296013000006],[9.402050971999984,9.51399040199999],[9.401783942999998,9.519769669000027],[9.399593353,9.525464058000011],[9.397403716999975,9.531158446999996],[9.39799022699998,9.53800106],[9.394767761000026,9.546485900999983],[9.388731956000015,9.552008629],[9.369821548000004,9.55973243699998],[9.365402222,9.56315422099999],[9.362823486000025,9.566110611],[9.36088943499999,9.568031311000027],[9.358605384999976,9.570300101999976],[9.356342315999996,9.57231998399999],[9.351218223999979,9.57157897899998],[9.345272064000028,9.575176238999973],[9.339727401999994,9.576032639000005],[9.335479736000025,9.578601837000008]]]},"properties":{"fid":608,"cty_nm":"Nigeria","iso3cd":"NGA","adm1nm":"Plateau","adm2nm":"Pankshin","adm1cd":"NGA032","adm2cd":"NGA032013"}},{"type":"Feature","id":609,"geometry":{"type":"Polygon","coordinates":[[[9.321767807000015,9.103273392000006],[9.315181731999985,9.100867271000027],[9.305478096000002,9.102366447000009],[9.299650192000001,9.10770130200001],[9.261698722999995,9.090769767999973],[9.25785255400001,9.090599059999988],[9.25418567700001,9.086576461999982],[9.252351761,9.084563254999978],[9.24868392899998,9.080539703],[9.241170882999995,9.076345444000026],[9.237325667999983,9.076174735999984],[9.22999095900002,9.068126677999999],[9.22815704300001,9.066114426000013],[9.22632312799999,9.06410312700001],[9.22082233399999,9.058067322],[9.218987464999998,9.056055069000024],[9.202305793999983,9.041799545000003],[9.200561522999976,9.037862777999976],[9.195149421999986,9.029900551000026],[9.191482543999996,9.025876045000018],[9.183879852000018,9.023608207999985],[9.176633835000018,9.013634681999974],[9.173055648999991,9.007683754000027],[9.158118247999994,8.997367859000008],[9.150783538999974,8.989320754999994],[9.149038314999984,8.985382080000022],[9.134012222000024,8.976992607],[9.128065108999976,8.980589866999992],[9.125786780999988,8.988210677999973],[9.12534141499998,8.997842789000003],[9.126996039999995,9.003707885999972],[9.128295897999976,9.017279625000015],[9.127939223999988,9.024985313000002],[9.125481605999994,9.036458969000023],[9.12293529499999,9.049860001000013],[9.120656012999973,9.057480811999994],[9.116365432999999,9.066942214999983],[9.104999541999973,9.071070670999973],[9.101071358000013,9.06433296199998],[9.086223602000018,9.052090645000021],[9.080633163000016,9.047981262000008],[9.073208808999993,9.041860579999991],[9.067796707000014,9.033898353999973],[9.065774917999988,9.030141829999991],[9.062473296999997,9.024008750999997],[9.060153961000026,9.020597457999997],[9.062741280000012,9.018228530999977],[9.066963196000017,9.007926940999994],[9.069081305999987,8.997752190000028],[9.069753647000027,8.995417594999992],[9.069836617000021,8.99186897300001],[9.070737839000003,8.987840651999988],[9.06836795800001,8.979869843000017],[9.067069054000001,8.966298102999986],[9.069081305999987,8.964458465999996],[9.071182250999982,8.96068954499998],[9.073461533,8.95306873300001],[9.071894645999976,8.945277213999987],[9.068227767999986,8.941252707999979],[9.06254768399998,8.93907070199998],[9.053290366999988,8.930936813000017],[9.045955658000025,8.922889709000003],[9.044300078999981,8.917024611999977],[9.044477463000021,8.913171767999984],[9.040810584999974,8.909148216000006],[9.039065360999984,8.905209540999977],[9.031820297000024,8.895235061999983],[9.02850818600001,8.883504867999989],[9.026763915999993,8.879566193000016],[9.025197029000026,8.871774673000004],[9.023541451000028,8.865909575999979],[9.018040656999972,8.859873772000014],[9.016206741000019,8.857862473000012],[9.010616302000017,8.853753089999998],[9.003014565,8.851485251999975],[8.999079703999996,8.853240966999977],[8.989554404999978,8.850887299000021],[8.98561954500002,8.852643012999977],[8.97399425499998,8.854057312000009],[8.966391563000002,8.851789473999986],[8.958789824999997,8.84952163700001],[8.957044601000007,8.84558296199998],[8.95530033099999,8.841644287000008],[8.949798584000007,8.835607529000015],[8.950065612999992,8.829829216000007],[8.951099396000018,8.82714271499998],[8.950968741999986,8.824192046999997],[8.95059680899999,8.815776825],[8.94903373699998,8.810478209999985],[8.945146561000001,8.799559593000026],[8.938326835999987,8.793672561999983],[8.932709693999982,8.785508155999992],[8.92904090899998,8.784493445999999],[8.923966408000013,8.78248500799998],[8.919151306000003,8.783295630999987],[8.915580750000004,8.783896446000028],[8.907889366000006,8.783555030999992],[8.903882979999992,8.779159546000017],[8.900554656999986,8.775506973000006],[8.901088715000014,8.763946533000023],[8.904689788999974,8.758125305000021],[8.904410362000021,8.755034447000014],[8.89937114700001,8.75097083999998],[8.896033287000023,8.748279572000001],[8.891933440999992,8.74035358399999],[8.892136574000006,8.732930183000008],[8.896886826000014,8.727269173000025],[8.902836799999989,8.71933078799998],[8.907656669999994,8.71021938299998],[8.910737991000019,8.702993392999986],[8.911806107000018,8.69877147699998],[8.913947104999977,8.6861763],[8.919826508000028,8.68168830899998],[8.925706863000016,8.677200316999972],[8.929218291999973,8.673177719000023],[8.932219504999978,8.671403885000018],[8.934799193999993,8.66788101200001],[8.940243721000002,8.667230605999976],[8.940459250999993,8.662574768000013],[8.94102382699998,8.659605026000008],[8.94178867300002,8.655583381999975],[8.942276000999982,8.652189254999996],[8.94449806199998,8.64666748000002],[8.947323799000003,8.639648437000005],[8.949756621999995,8.633942604000026],[8.951176642999997,8.621312140999976],[8.958310127000004,8.61224556000002],[8.96416664100002,8.608907699999975],[8.970023154999978,8.605570793000027],[8.977794646999996,8.605191230999992],[8.980529784999987,8.601173400999983],[8.983431816000007,8.59658050500002],[8.983180045999973,8.585113524999997],[8.981021881000004,8.578203201000008],[8.982412338000017,8.574304580999978],[8.983222007999984,8.572034836],[8.98630523700001,8.566468239000017],[8.987382889000003,8.564522742999998],[8.986068725999985,8.561980247000008],[8.984094620000008,8.558160782000016],[8.984020233000024,8.553231239000013],[8.978455543999985,8.549236297999983],[8.974966048999988,8.541358947999981],[8.97514438600001,8.537506103999988],[8.979003906000003,8.530584335000015],[8.982460021999998,8.527254104999997],[8.988257407999981,8.522885323000025],[8.99061870600002,8.521105766000005],[8.994738579,8.519574164999995],[8.997275351999974,8.517252922000011],[9.005145072999994,8.513740540000015],[9.010276793999992,8.515272141000025],[9.013636588999987,8.512063026000021],[9.019470215000013,8.509875297999997],[9.026385306999998,8.51275443999998],[9.032154083000023,8.513010979],[9.036776542999974,8.512515068000027],[9.040200233000007,8.514883994999991],[9.043380737000007,8.518355369999995],[9.049360275000026,8.519665717999999],[9.054130553999983,8.51607131999998],[9.059162140000012,8.512280464000014],[9.059518814,8.504572868000025],[9.059874535000006,8.496867179999981],[9.063793181999984,8.493480681999984],[9.066352843999994,8.492520332000026],[9.069934844999977,8.487661361999983],[9.075792313000022,8.485990523999988],[9.080109596,8.488046645999987],[9.083287239000015,8.486323357000003],[9.08830356599998,8.483602523999991],[9.095366478000017,8.477988243000027],[9.101412772999993,8.473614693000002],[9.102123259999985,8.469862938000006],[9.103188515,8.464233397999976],[9.100202560000014,8.458116530999973],[9.098458289999996,8.454178809999974],[9.09680271100001,8.448313713000005],[9.097158432000015,8.440607070999988],[9.101093291999973,8.438851356999976],[9.111243247999994,8.438022613999976],[9.118428230000006,8.438163756999984],[9.121526717999984,8.438224792000028],[9.124434470999972,8.434096335999982],[9.12753677400002,8.433738708000021],[9.12845897699998,8.430414199999973],[9.132393836999995,8.428657531999988],[9.136755943000026,8.435445786000002],[9.138598441999989,8.438313483999991],[9.145819663999987,8.443388938999988],[9.148897170999987,8.446765900000003],[9.152475357000014,8.452715873999978],[9.156231880000007,8.454813004000016],[9.158065796000017,8.456825256000002],[9.174925803999997,8.467226028000027],[9.177026748999992,8.463459015000012],[9.182617187000005,8.467567443999997],[9.18462943999998,8.465726851999989],[9.202290534999975,8.458788872000014],[9.211994171000015,8.457288742000003],[9.21584034,8.457459449999988],[9.233145713999988,8.458228110999983],[9.244682312000009,8.458740234000004],[9.254297255999973,8.45916652699998],[9.261898993999978,8.461435317999985],[9.263910294000027,8.459594727000024],[9.273346901000025,8.463871002000019],[9.273168564000002,8.467727661000026],[9.274467468000012,8.481298446999972],[9.276034354999979,8.489089965999995],[9.277689934000023,8.49495506300002],[9.279346465999993,8.50082015999999],[9.284400940000012,8.516488074999984],[9.291914940000026,8.520683288999976],[9.300816536000013,8.536522864999995],[9.300371170000005,8.546154976000025],[9.302115440000023,8.550093650999997],[9.307438849999983,8.559982300000001],[9.312672614999997,8.571798324999975],[9.318173408999996,8.577834128999996],[9.321662903000004,8.585710526000014],[9.325330733999976,8.589735030999975],[9.330563545000018,8.601550101999976],[9.332308769000008,8.605488777000005],[9.33781147000002,8.611524582000015],[9.337365149999982,8.621156692999989],[9.34094333600001,8.627107620000004],[9.344164847999991,8.640764235999995],[9.345642090000013,8.650482178000004],[9.343274117000021,8.660029410999982],[9.340727806000018,8.673428535000028],[9.340549468999995,8.677283287000023],[9.338271141000007,8.684904098999993],[9.336169242999972,8.688671112000009],[9.33965873699998,8.69654846200001],[9.341135979,8.706266402999972],[9.344803809999974,8.710289955000007],[9.346281051999995,8.720007896000027],[9.347579956000004,8.733579636000002],[9.351158141999974,8.739529609999977],[9.348523139999998,8.754857062999974],[9.348344802999975,8.758709908000014],[9.34807777399999,8.764490127999977],[9.347899437000024,8.768342972000028],[9.351567267999997,8.772366524000006],[9.356979369999976,8.780328751000013],[9.358813285999986,8.782341002999999],[9.360468863999984,8.788206100000025],[9.36221313499999,8.792143822000014],[9.362034798000025,8.79599761999998],[9.361767768999982,8.801776886000027],[9.369280815000025,8.805972098999973],[9.371114730999977,8.807983397999976],[9.37679386100001,8.810166358999993],[9.380461692999972,8.814189911000028],[9.386140823000005,8.816372870999999],[9.387974739000015,8.818385123999974],[9.39365386999998,8.820567131000018],[9.397410392999973,8.822665214999972],[9.403000831999975,8.826773643000024],[9.40282154099998,8.83062744099999],[9.400544167000021,8.838248253000017],[9.394597053999973,8.84184455899998],[9.390662193000026,8.843600272999993],[9.386905669999976,8.841503143000011],[9.379214287000025,8.841161727999975],[9.375369072000012,8.84099101999999],[9.369600295999987,8.840735435],[9.361819266999987,8.842318535000004],[9.357974051999975,8.842148780999992],[9.353951454000025,8.845831870999973],[9.35193824800001,8.847672461999991],[9.349837303000015,8.851440430000025],[9.345812797999997,8.855122565999977],[9.343712806999974,8.858890533000022],[9.341522216999977,8.864584922999995],[9.34134388000001,8.868437766999989],[9.341076851000025,8.87421703299998],[9.342732430000012,8.880082130000005],[9.340541840000014,8.885777473000019],[9.340186119000009,8.893483161999995],[9.33982944500002,8.901188849999983],[9.339651107999998,8.905041695000023],[9.341307640000025,8.910907744999975],[9.344884872000023,8.916857719000006],[9.34645175899999,8.924649239000018],[9.349941253999987,8.932526587999973],[9.355353354999977,8.94048881499998],[9.35508632699998,8.946268082000017],[9.354729652000003,8.953973770000005],[9.352361679000012,8.963521957000012],[9.348159790000011,8.971056938000004],[9.344136237999976,8.974739075000002],[9.342034339999998,8.97850704199999],[9.340022087000023,8.98034858699998],[9.335820198000022,8.987883567999972],[9.329874039000003,8.991480826999975],[9.327773094000008,8.995248795000009],[9.327594756999986,8.999101639000003],[9.325583457999983,9.000942230000021],[9.321558951999975,9.004625320000002],[9.319279671000004,9.012246131999973],[9.320846558000028,9.020037650999996],[9.320489882999993,9.027743339999972],[9.320133209000005,9.035449981999989],[9.319954871999983,9.039302825999982],[9.319776535000017,9.043155669999976],[9.321344376000013,9.050947188999999],[9.322910309000008,9.058738708000021],[9.322731971999985,9.062593460000016],[9.322464943,9.068371773000024],[9.323942183999975,9.078089713999987],[9.323496819000013,9.087722778],[9.323229790000028,9.09350204499998],[9.322961807000013,9.099282265],[9.321767807000015,9.103273392000006]]]},"properties":{"fid":609,"cty_nm":"Nigeria","iso3cd":"NGA","adm1nm":"Plateau","adm2nm":"Qua'an Pan","adm1cd":"NGA032","adm2cd":"NGA032014"}},{"type":"Feature","id":610,"geometry":{"type":"Polygon","coordinates":[[[8.697287560000007,9.733663558999979],[8.692481041000008,9.733449936],[8.682866095999998,9.733022689999984],[8.675353050000012,9.728828430000021],[8.667751312000007,9.726559639000016],[8.654291152999974,9.725962638999988],[8.640653610000015,9.729217528999982],[8.630294800000001,9.731216431000007],[8.624733924999987,9.735449791000008],[8.618968010000003,9.739838599999985],[8.615465164,9.742396354999983],[8.611186981000003,9.741423607000002],[8.603585242999998,9.739154815999996],[8.599562644999992,9.737936020000006],[8.594326973000022,9.731021881000004],[8.592849731000001,9.721303939999984],[8.595307349999985,9.70983028400002],[8.595574379000027,9.704050064],[8.597764014999996,9.698355675000016],[8.598120688999984,9.690649985999983],[8.596554755999989,9.682858467000017],[8.594809532,9.678919791999988],[8.593065261999982,9.674982070999988],[8.587653160000002,9.667018890000008],[8.581884383999977,9.666763306000007],[8.576026916999979,9.668433188999984],[8.566323280000006,9.669933318999995],[8.562478064999993,9.66976261100001],[8.555053711000028,9.66364097600001],[8.553666114999999,9.651996612999994],[8.559968948000005,9.640693665000015],[8.56023597699999,9.634913444999995],[8.564437865999992,9.627378464000003],[8.56662845599999,9.621684073999972],[8.566984176999995,9.613977432000013],[8.56733989700001,9.606271744000026],[8.565863609000019,9.596553802000017],[8.562284470000009,9.590602875000002],[8.560450553999999,9.588591575999999],[8.55503845200002,9.580629348999992],[8.553649902000018,9.568984032000003],[8.556285858000024,9.553657531999988],[8.554541588000006,9.549718857000016],[8.555624007999995,9.547332763999975],[8.55883312200001,9.540257454000027],[8.559011458999976,9.536403656000005],[8.561377525000012,9.52685642199998],[8.563569068999982,9.521162032999996],[8.565848351,9.513541222000015],[8.568216323999991,9.50399398799999],[8.570406913999989,9.498299599000006],[8.574430466000024,9.494617462000008],[8.580554962000008,9.487167358000022],[8.586234092999973,9.481567383000026],[8.593622208,9.478786469],[8.602242470000022,9.476547240999992],[8.602418899999975,9.472694396999998],[8.60511779799998,9.46674251600001],[8.607570647999978,9.464001655999994],[8.60811615,9.461351395000008],[8.608900070000004,9.457537650999996],[8.613191604999997,9.448076248000007],[8.617661476000023,9.434761046999995],[8.619672775000026,9.432920455999977],[8.623696327000005,9.429237365999995],[8.627899169999978,9.421702385000003],[8.63183307600002,9.419945717000019],[8.636124611000014,9.410484313999973],[8.63822555500002,9.406716346999985],[8.64233875299999,9.40110778799999],[8.648374557000011,9.395584106000001],[8.656154633000028,9.393999099999974],[8.664890289000027,9.393177031999983],[8.669525146000012,9.396523476000027],[8.679407120000008,9.391171455000006],[8.683341980000023,9.389414787000021],[8.687276839999981,9.387659073000009],[8.691300392000016,9.383975983000028],[8.695412636000015,9.378367423999975],[8.695610046000013,9.37408256499998],[8.699437140999976,9.374685286999977],[8.703104972999995,9.378708839000012],[8.706594467000002,9.386586189000013],[8.710350037000012,9.388683318999995],[8.715851783999994,9.394719124000005],[8.717596054000012,9.398657798999977],[8.721175194000011,9.40460777300001],[8.730254172999992,9.416595459000007],[8.731909751999979,9.422459602000004],[8.73338699300001,9.432177544000012],[8.738977432000013,9.436285972999997],[8.740811348000022,9.438298224999983],[8.746401787000025,9.442407607999996],[8.752080917,9.444590569000013],[8.75932693499999,9.454564095000023],[8.760983467000017,9.460429191999992],[8.766484261000016,9.466464996000013],[8.768317222999997,9.468477248999989],[8.77207374599999,9.470574379000027],[8.77574157700002,9.474597931000005],[8.781243324000002,9.480634688999999],[8.784910201999992,9.484658240999977],[8.788578033000022,9.488681793000012],[8.795824051000011,9.498656272999995],[8.799580574000004,9.500753402999976],[8.805171013000006,9.504862785],[8.808749198999976,9.510812758999975],[8.80857086200001,9.514666556999998],[8.810226440000008,9.520530700999984],[8.81398296399999,9.522628784000005],[8.81773853300001,9.524725913999987],[8.826997757000015,9.532858848999979],[8.828831673000025,9.534871101000022],[8.83634471900001,9.539065360999984],[8.840011597,9.54308891300002],[8.843679427999973,9.547113419000027],[8.851102829000013,9.553234099999997],[8.856604575999995,9.559269905000008],[8.858437537999976,9.561282157999983],[8.862195014999998,9.563379288000021],[8.865861892999988,9.56740284],[8.867607116999977,9.571342468000012],[8.873019218000024,9.57930374099999],[8.876508713000021,9.58718109099999],[8.876241683999979,9.592960358000028],[8.875706673000025,9.60451984399998],[8.877362251000022,9.610384941000007],[8.87709522199998,9.616164206999997],[8.876827240000011,9.621943473999977],[8.876649857000018,9.625797272],[8.874548912000023,9.629565238999987],[8.874370575,9.633418082999981],[8.872180938999975,9.639112473000012],[8.87200260200001,9.642965317000005],[8.871824264999987,9.646818160999999],[8.866233825999984,9.642708777999985],[8.860643386999982,9.638600349],[8.85697555500002,9.634575843999983],[8.849552155000026,9.628455162000023],[8.845795630999987,9.626357079000002],[8.83810424799998,9.626015662999976],[8.828310966000004,9.629442214999983],[8.822454452999978,9.631112099000006],[8.816417693999995,9.636636733999978],[8.814406394999992,9.638477324999997],[8.810382843000014,9.642159461999995],[8.802513122999983,9.645670891000009],[8.795088768000028,9.639550208999992],[8.793343543999981,9.63561153400002],[8.791687964999994,9.629746436999994],[8.79003333999998,9.623881340000025],[8.78470993000002,9.613992691000021],[8.775184631000002,9.61163902300001],[8.767226219000008,9.61707687400002],[8.76494693799998,9.624698638999973],[8.764679908999994,9.63047790500002],[8.762489318999997,9.636172294999994],[8.754530907000003,9.641610146000005],[8.742726326000025,9.646877288999974],[8.735035896,9.646535873000005],[8.733023643000024,9.648377418999985],[8.725243567999996,9.649962425000012],[8.719385147000025,9.651632308999979],[8.715539932000013,9.651461600999994],[8.707759856999985,9.653046608000011],[8.701812743999994,9.656643867000014],[8.697699547000013,9.662253379999981],[8.69752120999999,9.666106223999975],[8.697254181000005,9.671884536999983],[8.698999404999995,9.675824164999995],[8.698821067999972,9.679677009999978],[8.698642731000007,9.683529854000028],[8.702220916999977,9.689480781999976],[8.705710410999984,9.697357178000004],[8.710854530000006,9.711099624999974],[8.708843231000003,9.712941170000022],[8.704730987999994,9.718549728000028],[8.702540397999996,9.724244118000001],[8.700439453000001,9.728011131000017],[8.697287560000007,9.733663558999979]]]},"properties":{"fid":610,"cty_nm":"Nigeria","iso3cd":"NGA","adm1nm":"Plateau","adm2nm":"Riyom","adm1cd":"NGA032","adm2cd":"NGA032015"}},{"type":"Feature","id":611,"geometry":{"type":"Polygon","coordinates":[[[9.362257956999997,9.09568023700001],[9.357751845999985,9.096965790000013],[9.349882126000011,9.100477219000027],[9.342101097000011,9.102062224999997],[9.330386162000025,9.105402946000027],[9.321767807000015,9.103273392000006],[9.322961807000013,9.099282265],[9.323229790000028,9.09350204499998],[9.323496819000013,9.087722778],[9.323942183999975,9.078089713999987],[9.322464943,9.068371773000024],[9.322731971999985,9.062593460000016],[9.322910309000008,9.058738708000021],[9.321344376000013,9.050947188999999],[9.319776535000017,9.043155669999976],[9.319954871999983,9.039302825999982],[9.320133209000005,9.035449981999989],[9.320489882999993,9.027743339999972],[9.320846558000028,9.020037650999996],[9.319279671000004,9.012246131999973],[9.321558951999975,9.004625320000002],[9.325583457999983,9.000942230000021],[9.327594756999986,8.999101639000003],[9.327773094000008,8.995248795000009],[9.329874039000003,8.991480826999975],[9.335820198000022,8.987883567999972],[9.340022087000023,8.98034858699998],[9.342034339999998,8.97850704199999],[9.344136237999976,8.974739075000002],[9.348159790000011,8.971056938000004],[9.352361679000012,8.963521957000012],[9.354729652000003,8.953973770000005],[9.35508632699998,8.946268082000017],[9.355353354999977,8.94048881499998],[9.349941253999987,8.932526587999973],[9.34645175899999,8.924649239000018],[9.344884872000023,8.916857719000006],[9.341307640000025,8.910907744999975],[9.339651107999998,8.905041695000023],[9.33982944500002,8.901188849999983],[9.340186119000009,8.893483161999995],[9.340541840000014,8.885777473000019],[9.342732430000012,8.880082130000005],[9.341076851000025,8.87421703299998],[9.34134388000001,8.868437766999989],[9.341522216999977,8.864584922999995],[9.343712806999974,8.858890533000022],[9.345812797999997,8.855122565999977],[9.349837303000015,8.851440430000025],[9.35193824800001,8.847672461999991],[9.353951454000025,8.845831870999973],[9.357974051999975,8.842148780999992],[9.361819266999987,8.842318535000004],[9.369600295999987,8.840735435],[9.375369072000012,8.84099101999999],[9.379214287000025,8.841161727999975],[9.386905669999976,8.841503143000011],[9.390662193000026,8.843600272999993],[9.394597053999973,8.84184455899998],[9.400544167000021,8.838248253000017],[9.40282154099998,8.83062744099999],[9.403000831999975,8.826773643000024],[9.397410392999973,8.822665214999972],[9.39365386999998,8.820567131000018],[9.387974739000015,8.818385123999974],[9.386140823000005,8.816372870999999],[9.380461692999972,8.814189911000028],[9.37679386100001,8.810166358999993],[9.371114730999977,8.807983397999976],[9.369280815000025,8.805972098999973],[9.361767768999982,8.801776886000027],[9.362034798000025,8.79599761999998],[9.36221313499999,8.792143822000014],[9.360468863999984,8.788206100000025],[9.358813285999986,8.782341002999999],[9.356979369999976,8.780328751000013],[9.351567267999997,8.772366524000006],[9.347899437000024,8.768342972000028],[9.34807777399999,8.764490127999977],[9.348344802999975,8.758709908000014],[9.348523139999998,8.754857062999974],[9.351158141999974,8.739529609999977],[9.347579956000004,8.733579636000002],[9.346281051999995,8.720007896000027],[9.344803809999974,8.710289955000007],[9.341135979,8.706266402999972],[9.33965873699998,8.69654846200001],[9.336169242999972,8.688671112000009],[9.338271141000007,8.684904098999993],[9.340549468999995,8.677283287000023],[9.340727806000018,8.673428535000028],[9.343274117000021,8.660029410999982],[9.345642090000013,8.650482178000004],[9.344164847999991,8.640764235999995],[9.34094333600001,8.627107620000004],[9.337365149999982,8.621156692999989],[9.33781147000002,8.611524582000015],[9.332308769000008,8.605488777000005],[9.330563545000018,8.601550101999976],[9.325330733999976,8.589735030999975],[9.321662903000004,8.585710526000014],[9.318173408999996,8.577834128999996],[9.312672614999997,8.571798324999975],[9.307438849999983,8.559982300000001],[9.302115440000023,8.550093650999997],[9.300371170000005,8.546154976000025],[9.300816536000013,8.536522864999995],[9.291914940000026,8.520683288999976],[9.284400940000012,8.516488074999984],[9.279346465999993,8.50082015999999],[9.277689934000023,8.49495506300002],[9.276034354999979,8.489089965999995],[9.274467468000012,8.481298446999972],[9.273168564000002,8.467727661000026],[9.273346901000025,8.463871002000019],[9.288908004999996,8.460703850000016],[9.290740966999977,8.462716102999991],[9.298343658000022,8.464983940000025],[9.30494976,8.466616631000022],[9.307868957999972,8.46733760799998],[9.311624526999992,8.469434738000018],[9.321233748999987,8.469747542999983],[9.328753471000027,8.474056243999996],[9.336265563999973,8.478251456999999],[9.343868256000007,8.480519295000022],[9.351559639000016,8.480860710000002],[9.355316162000008,8.482957839999983],[9.366942406000021,8.481543541000008],[9.37279987300002,8.479872704000002],[9.38057994799999,8.478287696999985],[9.388538360999974,8.472849845999974],[9.396408081000004,8.469338417000017],[9.408212661999983,8.464071273999991],[9.416171073999976,8.458632469000008],[9.42689704899999,8.45340347299998],[9.436223030000008,8.450134277000018],[9.442103385999985,8.445646285999999],[9.456130028000018,8.439016342000002],[9.46317005200001,8.434550285],[9.470183372000008,8.431235313000002],[9.484160422999992,8.426905632],[9.488836288000016,8.424695969000027],[9.501660346999984,8.42034339899999],[9.510963440000012,8.41822433499999],[9.520290375000002,8.414955139000028],[9.527999878000003,8.415335654999978],[9.532260894999979,8.414120674000003],[9.53954982800002,8.411066054999992],[9.54155635799998,8.40986823999998],[9.545229912000025,8.407674788999998],[9.549492836000013,8.40527916000002],[9.553863524999997,8.403589248999992],[9.55715084100001,8.402318001000026],[9.559233665000022,8.401512146000016],[9.569181442000001,8.399789810000016],[9.573287963999974,8.39865970599999],[9.58099556000002,8.397718429999998],[9.588587760999985,8.396791457999996],[9.594533920000003,8.39319324500002],[9.598380088999988,8.393363953000005],[9.606160164000016,8.391778945999988],[9.613941193000016,8.390193939000028],[9.618506432000004,8.387319564999984],[9.62147521999998,8.388993262999975],[9.62841892199998,8.386976242000003],[9.631366730000025,8.386625289999984],[9.635309219000021,8.386155127999984],[9.639204978999999,8.385524750000002],[9.647578238999984,8.384702682000011],[9.652753829999995,8.384195327999976],[9.654766083000027,8.382353782999985],[9.664380074000007,8.382781029],[9.668314934000023,8.381025313999999],[9.67994117699999,8.379611015000023],[9.683876037999994,8.377855301000011],[9.693578720000005,8.376355171],[9.69559097299998,8.374514579999982],[9.703282355999988,8.374855995000019],[9.707128524999973,8.375026703000003],[9.711062431000016,8.373270988000002],[9.716753960000005,8.372530937000022],[9.723361968999995,8.371671676999995],[9.726472854999997,8.371267319000026],[9.73345756499998,8.370358467000017],[9.756654738999998,8.367341995000004],[9.754731177999986,8.374465941999972],[9.751174927000022,8.380843163000009],[9.745050429999992,8.388293266000005],[9.739103317000001,8.391890525999997],[9.736912727000004,8.397584914999982],[9.734723090999978,8.403279305000012],[9.73436641699999,8.410984993],[9.734009743000001,8.418691635000016],[9.733742714000016,8.424470901000007],[9.72743988000002,8.435773848999986],[9.725428581000017,8.437615395000023],[9.723327637000011,8.44138336200001],[9.717291832,8.446906090000027],[9.713267325999993,8.450589180000009],[9.711166381999988,8.454356194000013],[9.704952240000011,8.463733672999979],[9.704418181999984,8.475292206000006],[9.698115348999977,8.486596107000025],[9.696103096000002,8.488436698999976],[9.693913459999976,8.494131088000017],[9.691544533000013,8.503678321999985],[9.681485176000024,8.512884139999983],[9.681129456000008,8.520590782],[9.678849220000018,8.528211594000027],[9.680594444000008,8.532149315000026],[9.67840385400001,8.53784370400001],[9.672190666000006,8.547220229999994],[9.668077469000025,8.552829741999972],[9.665976523999973,8.556596755999976],[9.661774634999972,8.564132690000008],[9.659494400000028,8.571754456000008],[9.65904903400002,8.58138561200002],[9.656681060999972,8.590933800000016],[9.65623569500002,8.60056591],[9.657891273000018,8.606431007000026],[9.657445908,8.616064071999972],[9.655166625999982,8.62368488300001],[9.654721259999974,8.633316993999983],[9.656376839000018,8.63918209100001],[9.657943725999985,8.646973609999975],[9.657676697,8.652753829999995],[9.655307769999979,8.662301064000019],[9.654772757999979,8.673860549999972],[9.658262252999975,8.681736946000001],[9.659917830999973,8.687602043000027],[9.66166305500002,8.691540717999999],[9.661396027000023,8.69731998399999],[9.662961960000018,8.705112456999984],[9.664528846999985,8.712903976000007],[9.670118332000015,8.717012404999991],[9.67159652700002,8.726731299999983],[9.673430442999972,8.728742598999986],[9.686355590999995,8.740900039999985],[9.691856384000005,8.746935844000006],[9.701381683000022,8.749288558999979],[9.705138206000015,8.751385689000017],[9.70889568299998,8.753483771999981],[9.716675758000008,8.75189876600001],[9.724455832999979,8.750313758999994],[9.739748954999982,8.752923011999997],[9.751108170000009,8.757287979000012],[9.756698608000022,8.761397362000025],[9.762289047000024,8.765506743999993],[9.764122009000005,8.767518997000025],[9.767701149000004,8.773468971],[9.773113250999984,8.781431198000007],[9.772846221999998,8.787211418000027],[9.772578238999984,8.792990685000007],[9.77240085599999,8.796843529],[9.774233818000027,8.798855781999976],[9.773966788999985,8.804635048000023],[9.773521422999977,8.81426811199998],[9.775088310000001,8.822059631000002],[9.774642943999993,8.831692696000005],[9.776208877999977,8.839484215000027],[9.777864455999975,8.845349311999996],[9.779163360999974,8.85892009700001],[9.778807640000025,8.866626740000015],[9.780463219000012,8.872490883000012],[9.78395271300002,8.880368233000013],[9.785429954999984,8.890086173999975],[9.784290313999975,8.893897057000004],[9.783150673000023,8.897706985000013],[9.782705307000015,8.907340050000016],[9.782526969999992,8.91119289400001],[9.78418254899998,8.917057990999979],[9.783916472999977,8.922837257000026],[9.781724929999996,8.928531647],[9.777701378000017,8.932214736999981],[9.775689124999985,8.934055328],[9.769742966000024,8.937652587999992],[9.761873245000004,8.941164017000006],[9.755926132000013,8.944761276000008],[9.748234749000005,8.944419860999972],[9.74054431899998,8.94407653799999],[9.734775543000012,8.943821906999972],[9.725339889999987,8.93954181700002],[9.721493721000002,8.939371108999978],[9.711968421999984,8.937017441000023],[9.702621459999989,8.930810928000028],[9.698776244999976,8.930640220999976],[9.689162253999996,8.930212975000018],[9.67570209500002,8.929615974],[9.666176796000002,8.927262305999989],[9.658485412999994,8.926920891000009],[9.654728889000012,8.924823761000027],[9.645293235999986,8.920543671000019],[9.635589600000003,8.922043799999983],[9.627898216000006,8.921701430999974],[9.618194580000022,8.923201560999985],[9.612338066000007,8.92487239799999],[9.604645729000026,8.924530028999982],[9.598877906999974,8.92427444499998],[9.592930793999983,8.927871703999983],[9.589085579000027,8.927700043000016],[9.583227158,8.929370880000022],[9.575625419999994,8.927103042999988],[9.565921783000022,8.928602219000027],[9.562076568999998,8.928432465000014],[9.552372932000026,8.929931640999996],[9.546604156,8.929675101999976],[9.542758941999978,8.92950439499998],[9.536812782000027,8.933101653999984],[9.531044006000002,8.93284511600001],[9.527286530000026,8.930747985999972],[9.521518706999984,8.93049240099998],[9.513827323999976,8.930150986000001],[9.509892464000018,8.931905745999984],[9.505868911999983,8.935588837000012],[9.501755714000012,8.941197395000017],[9.495808601000022,8.94479465500001],[9.495631218000028,8.948646544999974],[9.493530272999976,8.95241546599999],[9.491429329000027,8.956181526000023],[9.48740482300002,8.959865569999977],[9.483292580000011,8.965474128999972],[9.477256775,8.970997809999972],[9.471310615999982,8.974594115999992],[9.467196464999972,8.980203629000016],[9.463261604000024,8.981959343000028],[9.451457977000018,8.987225533000014],[9.44376659400001,8.986885071000017],[9.436075211000002,8.986543654999991],[9.42444896699999,8.987957954000024],[9.418769836000024,8.985774993999996],[9.415013312999974,8.983677864000015],[9.411078453000016,8.985433578000027],[9.405399322999983,8.983250618],[9.399630547000015,8.982995033000009],[9.382413864,8.980299950000017],[9.374812125999995,8.978032111999994],[9.368954658999996,8.979701996000017],[9.365019797999992,8.981457709999972],[9.35723972300002,8.98304271699999],[9.353303908999976,8.984799384999974],[9.349191666000024,8.990407944000026],[9.347001076000026,8.99610233300001],[9.344900130999974,8.999869347000015],[9.342888832000028,9.001710892000006],[9.342532157999983,9.009417534000022],[9.340341567999985,9.015111923000006],[9.341998100000012,9.020977019999975],[9.34181976299999,9.024829865000015],[9.339629172999992,9.030524254],[9.341374396999981,9.034461975],[9.341196060000016,9.038315773000022],[9.340929030999973,9.044095039000013],[9.342583655999988,9.049960135999982],[9.342406272999995,9.053812981000021],[9.344150543000012,9.057751655999994],[9.345806121999999,9.06361675300002],[9.349472999999989,9.067640304999998],[9.351128577999987,9.073505402000023],[9.354796410000006,9.077528954000002],[9.358285904000013,9.085406303000013],[9.359940529000028,9.091271399999982],[9.36177539800002,9.093282699999975],[9.362257956999997,9.09568023700001]]]},"properties":{"fid":611,"cty_nm":"Nigeria","iso3cd":"NGA","adm1nm":"Plateau","adm2nm":"Shendam","adm1cd":"NGA032","adm2cd":"NGA032016"}},{"type":"Feature","id":612,"geometry":{"type":"Polygon","coordinates":[[[10.56917953499999,9.399789810000016],[10.550329207999994,9.40404987300002],[10.54776000999999,9.404630660999999],[10.515069961999984,9.403179168999998],[10.493920326000023,9.402239798999972],[10.476710319999995,9.39954471599998],[10.461500167999986,9.39500904099998],[10.430999756000006,9.387863159000005],[10.419560432000026,9.385423660000015],[10.408109664999984,9.382985114999997],[10.390540122999994,9.387996674000021],[10.380649566999978,9.393349648000026],[10.366840362999994,9.400457382000013],[10.348910332000003,9.413175582999997],[10.34068012199998,9.424392699999999],[10.33255004900002,9.433684348999975],[10.320480347,9.444730758999981],[10.308309554999994,9.457704544000023],[10.296600341999977,9.461046219000025],[10.279290199000002,9.460277556999984],[10.271599770000023,9.459936142000004],[10.260330199999999,9.45364379900002],[10.25290966,9.447522162999974],[10.247229575999995,9.445340156999976],[10.239629745000002,9.44307231900001],[10.231940269000006,9.44272995],[10.222229958000014,9.444230080000011],[10.20098972300002,9.445217133000028],[10.196969986,9.44890022300001],[10.189100266000025,9.452411652000023],[10.185159682999995,9.454167365999979],[10.179129601,9.459691048000025],[10.167590141000005,9.459177970999974],[10.155960083000025,9.460593223999979],[10.138930320999975,9.454045296000004],[10.127659798000025,9.44775295300002],[10.116570473000024,9.437607764999996],[10.109319686999982,9.427633286000002],[10.104089736999981,9.415818214000012],[10.102609633999975,9.406100272999993],[10.097370147999982,9.394285201999992],[10.095629691999989,9.39034652700002],[10.09599018099999,9.382639885000003],[10.094329834000007,9.376774787999977],[10.092679976999989,9.370909691000008],[10.090929985000002,9.36697101599998],[10.089280127999984,9.361106872999983],[10.080280303999984,9.347193718000028],[10.07460021999998,9.345010757000011],[10.061229706000006,9.342487334999987],[10.053629875000013,9.340218543999981],[10.049880028000018,9.338121414],[10.038610457999994,9.331830024999988],[10.031089783000027,9.327634810999996],[10.019909858999995,9.319416999999987],[10.01616001100001,9.317318915999977],[10.00872993500002,9.311198235000006],[10.001219748999972,9.307003974999986],[9.997550010999987,9.302979468999979],[9.992049216999987,9.296943665000015],[9.98855972299998,9.289067267999997],[9.990660666999986,9.285299301000009],[9.992761611999981,9.281531334000022],[10.000720023999975,9.276092528999982],[10.008589744999995,9.272582053999997],[10.016460418999998,9.269070624999983],[10.020660399999997,9.261534691000008],[10.019089699000006,9.253743171999986],[10.013589858999978,9.247707366999975],[10.002229691000025,9.243342400000017],[9.992798805000007,9.239062309000019],[9.985107421999999,9.238720893999982],[9.975671767999984,9.234440803999973],[9.96413421599999,9.23392868000002],[9.960377692999998,9.231830596999998],[9.958543776999988,9.229819297999995],[9.953132628999981,9.221857070999988],[9.949376105999988,9.219759941000007],[9.941863060000003,9.215564728000004],[9.938105582999981,9.213467598000022],[9.930414199999973,9.213126182999986],[9.924645424000005,9.212870597999995],[9.918966292999983,9.210687636999978],[9.915121078000027,9.210516929999983],[9.913464546,9.204651833000014],[9.913643836999995,9.200798987999974],[9.91583347300002,9.19510459899999],[9.916367530999992,9.18354511299998],[9.92039203600001,9.179862975999981],[9.920659064999995,9.174082756000018],[9.924772263000023,9.168474197000023],[9.926783562000026,9.166632651999976],[9.928974152000023,9.160938262999991],[9.929151535000017,9.157085418999998],[9.931343078999987,9.151391029000024],[9.927675247000025,9.147366524000006],[9.925930977000007,9.143428802000017],[9.924185753000017,9.139490127999977],[9.92060756699999,9.133540154000002],[9.918862343,9.129600525],[9.915372848999993,9.121725082000012],[9.915551186000016,9.117871283999989],[9.915818214000012,9.112092017999998],[9.915996552000024,9.108239174000005],[9.920020103000013,9.104557037000006],[9.922210693000011,9.098862648000022],[9.924311638000006,9.095094680999978],[9.924579619999975,9.089315413999998],[9.922834395999985,9.085376740000015],[9.921178817999987,9.079511642],[9.91943454699998,9.075572968000017],[9.91961193100002,9.071720122999977],[9.916034697999976,9.06576919600002],[9.912545204000025,9.057892799000001],[9.908787727000004,9.055795670000009],[9.899352073999978,9.05151557900001],[9.893761634999976,9.047406196999987],[9.88441467299998,9.041199683999992],[9.882580757000028,9.039187431000016],[9.876991271999998,9.035079001999975],[9.873413086000028,9.029128075000017],[9.869655609000006,9.027030944999979],[9.867911338999988,9.023092270000006],[9.868089676000011,9.019239426000013],[9.868356704999997,9.013459205999993],[9.868535042000019,9.00960636100001],[9.870635986000025,9.005838394000023],[9.87273693100002,9.002071381000007],[9.874749183999995,9.000229836000017],[9.878861427000004,8.994621277000022],[9.880962371999999,8.990853309999977],[9.881140709000022,8.987000464999994],[9.881407738000007,8.981220244999975],[9.879663467,8.977281570000002],[9.876441956000008,8.963625907999983],[9.874696732000018,8.959687233000011],[9.872952461000011,8.955748557999982],[9.873129844999994,8.951895713999988],[9.875320434999992,8.946201324000015],[9.875587462999988,8.940422058000024],[9.87759971600002,8.938581467000006],[9.879789351999989,8.932886123999992],[9.883812904000024,8.929203986999994],[9.885825157,8.927362442000003],[9.888015746999997,8.921668053000019],[9.890116691999992,8.917900084999985],[9.888282775999983,8.915888785999982],[9.888461113000005,8.912035941999989],[9.886716842999988,8.908097267000016],[9.885060309999972,8.90223216999999],[9.883227347999991,8.900219917000015],[9.87956047099999,8.89619636499998],[9.872223854000026,8.888148307999984],[9.872402190999992,8.88429546399999],[9.872580528000015,8.880442619000007],[9.874682425999993,8.87667465200002],[9.876782417000015,8.872906684999975],[9.87879466999999,8.871066093000024],[9.878973007000013,8.867213248999974],[9.879240035999999,8.861433029000011],[9.875661849999972,8.85548305499998],[9.872172356000021,8.847605704999978],[9.872350692999987,8.843752860999984],[9.87252903000001,8.83990001699999],[9.872707366999975,8.836046219000025],[9.874718665999978,8.834205627000017],[9.874897003000001,8.830352783000023],[9.875164031999986,8.824572563000004],[9.873331070000006,8.822560309999972],[9.871585846000016,8.818622588999972],[9.871764182999982,8.814768791000006],[9.871943473999977,8.810915947000012],[9.872120857000027,8.807063103000019],[9.874309540000013,8.801368712999988],[9.87650013000001,8.795674324000004],[9.878292084000009,8.791015625],[9.880791664000014,8.786211966999986],[9.887272834999976,8.771056175000012],[9.891029358000026,8.773153304999994],[9.894964217999984,8.771397590999982],[9.899077415000022,8.765789031999986],[9.901178360000017,8.762021064999999],[9.903367995999986,8.756326675000025],[9.903635979,8.750547408999978],[9.901980400000014,8.744682312000009],[9.902247428999999,8.73890209199999],[9.904348373000005,8.735135077999985],[9.908461570999975,8.729527473000019],[9.908817290999991,8.72181987800002],[9.908995628000014,8.71796703299998],[9.911363601999994,8.708419800000001],[9.911541939000017,8.704566001999979],[9.911898613000005,8.696860313000002],[9.913909912000008,8.695018768000011],[9.912254333000021,8.689153670999985],[9.912611007999999,8.681447982999998],[9.914623259999985,8.679606438000008],[9.920747757000015,8.672156334000022],[9.922938347000013,8.66646194499998],[9.924950599999988,8.664621352999973],[9.927050591000011,8.660853385999985],[9.92924118000002,8.655158997000001],[9.93335437799999,8.649550438000006],[9.939300537000008,8.645953178000013],[9.943235397000024,8.644197464000001],[9.947170258000028,8.642441749999989],[9.949183463999987,8.640600204000009],[9.953206061999992,8.636918068],[9.957052230999977,8.637088775999985],[9.961075783000013,8.633406638999986],[9.965010643000028,8.631650924999974],[9.968856812000013,8.631821632000026],[9.978469849000021,8.632247925000001],[9.99027442900001,8.626980781999976],[9.994209290000015,8.625225066999974],[10.000249863000022,8.619701384999985],[10.004179954999984,8.617945670999973],[10.010299683000028,8.610495566999987],[10.008740424999985,8.602704048000021],[10.00891971599998,8.598851204000027],[10.007530212000006,8.587206841000011],[10.007880210999986,8.579500198000005],[10.00806045500002,8.575647354000012],[10.008419990999982,8.567940711999995],[10.006759643999999,8.562075615000026],[10.00702953299998,8.556296348999979],[10.008015633000014,8.553002357000025],[10.010766982999996,8.555293082999981],[10.014017104999994,8.558899879000023],[10.022227287000021,8.56618976599998],[10.025476455999978,8.569796562000022],[10.032066344999976,8.575282097000013],[10.04360580399998,8.584452628999998],[10.051827430999992,8.59174251600001],[10.061407089,8.606014252000023],[10.066206932,8.613150597000015],[10.071085929999981,8.61855983700002],[10.075965881000002,8.623970031999988],[10.080836295999973,8.629379271999994],[10.085717201000023,8.634789467000019],[10.087177277000023,8.640045165999993],[10.097175597999978,8.645686150000017],[10.103606223999975,8.654624938999973],[10.108397484000022,8.661761284000022],[10.113277434999986,8.667170525000017],[10.11644744900002,8.672503471000027],[10.123026847999995,8.677990912999974],[10.127986908000025,8.681674004000001],[10.132865906000006,8.687083244000007],[10.137746811,8.692492485000002],[10.140996932999997,8.696100235000017],[10.149207115000024,8.703389168000001],[10.152457237000021,8.706995963999987],[10.159046172999979,8.712482452000017],[10.162296294999976,8.716089248999992],[10.165546416999973,8.719696044999978],[10.170427322000023,8.725105285999973],[10.17709636699999,8.72886562299999],[10.180347443000016,8.732471465999993],[10.183437346999995,8.739530563000017],[10.18814659100002,8.748394012000006],[10.19473743399999,8.753879546999997],[10.206195831000002,8.764776229999995],[10.209445953,8.76838302599998],[10.214326858999982,8.773792266999976],[10.224076271000001,8.784611702000007],[10.229046821999987,8.78829669999999],[10.23570728300001,8.792056084000023],[10.245595932000015,8.80440807299999],[10.24863624599999,8.808208465999996],[10.25692749000001,8.813771248000023],[10.26180648799999,8.819181442000001],[10.266937256000006,8.819411278000018],[10.27693653099999,8.825052260999996],[10.286856650999994,8.832418442000005],[10.291896819999977,8.834375380999973],[10.298485755999991,8.839861869999993],[10.305075644999988,8.845348358000024],[10.325076103000015,8.856629371999986],[10.329875946000016,8.863764763000006],[10.334667206000006,8.870902060999981],[10.341096877999973,8.879840850999983],[10.350927352999975,8.888934135],[10.357596397000009,8.892694473000006],[10.362556457999972,8.896377562999987],[10.369147300999998,8.901864052000008],[10.372397422999995,8.905470847999993],[10.37564563799998,8.909076690999996],[10.380526542999974,8.914486884999974],[10.388815879999981,8.920049667],[10.397196769999994,8.923887252999975],[10.40044689199999,8.927494049000018],[10.406956673000025,8.934706688000006],[10.420206070000006,8.943953513999986],[10.426877021999985,8.947713851999993],[10.433626174999972,8.949747086000002],[10.440296172999979,8.95350742300002],[10.445346831999984,8.955464362999976],[10.450386046999995,8.95742130299999],[10.46380710599999,8.963215827999989],[10.468935966000004,8.963446616999988],[10.479187012000011,8.963907242000005],[10.489356041000008,8.966094971000018],[10.497977257000002,8.964753151000025],[10.509777068999995,8.968743324000002],[10.518396377999977,8.967401504999998],[10.530277252000019,8.969665527000018],[10.538826942000014,8.970049857999982],[10.544027328000027,8.968554497000014],[10.555987357999982,8.969092369000009],[10.56624698600001,8.969553947000009],[10.574707031000003,8.971664428999986],[10.579746246000013,8.97362136800001],[10.588287353999988,8.974005698999974],[10.596746445000008,8.97611618000002],[10.60316562700001,8.985055923000004],[10.60625743899999,8.992115021000018],[10.609505652999985,8.995720862999974],[10.614307403999987,9.002857208000023],[10.619175911000013,9.00826740299999],[10.622701645000006,9.013994217000004],[10.627225876000011,9.019009589999996],[10.630065918000014,9.031248092999988],[10.629816054999992,9.036427498000023],[10.632905960000016,9.04348659499999],[10.634366989,9.048742294000022],[10.637447356999985,9.055801391999978],[10.63719749500001,9.060980797000013],[10.640036582999983,9.073219299000016],[10.637916565000012,9.081773757999997],[10.632547379000016,9.086723328000005],[10.627246856999989,9.089944838999998],[10.622525214999996,9.09402942700001],[10.623550415000011,9.099114418],[10.625289916999975,9.103053093000028],[10.63263034800002,9.111101151000014],[10.636119843000017,9.118977546999986],[10.635760306999998,9.126684189000002],[10.633660315999975,9.13045215599999],[10.629639626000028,9.134134292999988],[10.625610352000024,9.137816428999997],[10.617739676999975,9.141327858000011],[10.613539695999975,9.148863791999986],[10.615110397000024,9.156655311999998],[10.612573623999992,9.165629387000024],[10.611850738999976,9.168187140999976],[10.612002372999996,9.170292854000024],[10.610369681999998,9.175749779],[10.614236832000017,9.182785034000005],[10.610486983999976,9.189537047999977],[10.599906921000013,9.195981026000027],[10.59965705899998,9.201160431000005],[10.595719336999991,9.208254813999986],[10.597229958000014,9.209915161000026],[10.596870421999995,9.217621802999986],[10.596610069000008,9.223401070000023],[10.592309951999994,9.232863425999994],[10.588199615000008,9.23847198499999],[10.580149651,9.245836257999997],[10.579890250999995,9.251615523999988],[10.579259872000023,9.265102386000024],[10.578909873999976,9.272808075],[10.578639984000006,9.27858734099999],[10.578370093999979,9.28436756100001],[10.578100204000009,9.29014682799999],[10.577750206000019,9.297853470000007],[10.579489707999983,9.301792144999979],[10.579319954000027,9.305644988999973],[10.580880164999996,9.313437462000024],[10.580610275000026,9.319215774999975],[10.58026027699998,9.326922416999992],[10.578069686999982,9.332616805999976],[10.57413005799998,9.334373474000017],[10.570110321000016,9.338054656999986],[10.567919731000018,9.343749046000028],[10.55986976600002,9.351113318999978],[10.561619758999996,9.355051994000007],[10.561440468,9.358905791999973],[10.561260222999977,9.362758636000024],[10.566579819000026,9.372647285000028],[10.564390182000011,9.378341675000001],[10.56037044499999,9.38202381100001],[10.560009955999988,9.389730453000027],[10.563590050000016,9.395680427999991],[10.56917953499999,9.399789810000016]]]},"properties":{"fid":612,"cty_nm":"Nigeria","iso3cd":"NGA","adm1nm":"Plateau","adm2nm":"Wase","adm1cd":"NGA032","adm2cd":"NGA032017"}}]}