{"type":"FeatureCollection","features":[{"type":"Feature","id":510,"geometry":{"type":"Polygon","coordinates":[[[5.728339672000004,10.237745285000017],[5.722640513999977,10.255792617999987],[5.713423251999984,10.27484130900001],[5.709736824000004,10.279142379999996],[5.703591824,10.285901070000023],[5.703591824,10.29143142700002],[5.701134205000017,10.317238808000013],[5.698061943000027,10.343046188000017],[5.696218491000025,10.363937378000003],[5.682700634000014,10.408179282999981],[5.683929443000011,10.418624878000003],[5.685158252999997,10.45426368699998],[5.680857182000011,10.478841782000018],[5.680242538000016,10.501576424000007],[5.674712657999976,10.512637138000002],[5.677784920000022,10.523082733000024],[5.673483372000021,10.539672852000024],[5.6556639670000095,10.562408446999996],[5.641531466999993,10.583299636999982],[5.633543491000012,10.584528922999993],[5.622483252999984,10.601119041000004],[5.621254443999987,10.610336303999986],[5.621254443999987,10.623854637000022],[5.607736111000008,10.661335945000019],[5.599748135000027,10.678541182999993],[5.589916705999997,10.68407154099998],[5.583772182000018,10.690830231000007],[5.570254325999997,10.703119277999974],[5.56165170700001,10.699433327000008],[5.540145874000018,10.689601897999978],[5.517410755000014,10.68407154099998],[5.505735873999981,10.687758445999975],[5.491603374000022,10.693288802999973],[5.4774708749999945,10.693902969000021],[5.454121112999985,10.695131301999993],[5.43384408999998,10.693902969000021],[5.408036708999987,10.691445351000027],[5.377313614000002,10.687143326000012],[5.355175018000011,10.682399750000002],[5.356591702000003,10.677795409999987],[5.358264922999979,10.659392357000002],[5.355755328999976,10.64851665499998],[5.356591702000003,10.622584343000028],[5.346553325999992,10.607526779000011],[5.340697765000016,10.594979286000012],[5.326476574000026,10.569883346999973],[5.322294235000015,10.555662154999993],[5.3248033520000035,10.530566216000011],[5.325640201999988,10.511325836000026],[5.328149795999991,10.478701591000004],[5.338188171000013,10.453605652000022],[5.346553325999992,10.435201645000006],[5.354918479999981,10.414288521000003],[5.354082108,10.39504909499999],[5.348226547000024,10.379991530999973],[5.340697765000016,10.371625900000026],[5.327312946000006,10.363260269000023],[5.314765453000007,10.360751151999978],[5.3030538560000196,10.363260269000023],[5.283813477000024,10.359914779999997],[5.270429133999983,10.363260269000023],[5.249516009999979,10.361587524000015],[5.224420070999997,10.35656833600001],[5.207689285000015,10.345693588000017],[5.193468570999983,10.332308769000008],[5.183848381000018,10.318087578000018],[5.17631959900001,10.308049202000007],[5.175483226999972,10.300520897000013],[5.172973633000026,10.288809775999994],[5.167696476000003,10.283884048000004],[5.19095897699998,10.275424956999984],[5.226093291999973,10.265386580999973],[5.240314006999995,10.262040137999975],[5.27126550700001,10.258694649000006],[5.293015480000008,10.251165389999983],[5.3139286040000115,10.246146201999977],[5.325640201999988,10.242800713000008],[5.33567857700001,10.242800713000008],[5.352408885999978,10.247819901000014],[5.379178046999982,10.252839087999973],[5.390052794999974,10.251165389999983],[5.406783581000013,10.246146201999977],[5.412639141,10.241963386999998],[5.415985106999983,10.232762336999997],[5.427696705000017,10.221887589000005],[5.436061859000006,10.212685584999974],[5.450283050999985,10.200137138000002],[5.456974983000009,10.194281578000016],[5.4670133590000205,10.194281578000016],[5.483744144000013,10.200137138000002],[5.4996380810000005,10.205156326000008],[5.512186050000025,10.205992698999978],[5.54062795599998,10.216868401],[5.580781460000026,10.218541145000017],[5.612569808999979,10.21603107499999],[5.636828899000022,10.21603107499999],[5.651050091000002,10.21519470200002],[5.697059154999977,10.228579520999972],[5.71713590600001,10.236945151999976],[5.728339672000004,10.237745285000017]]]},"properties":{"fid":510,"cty_nm":"Nigeria","iso3cd":"NGA","adm1nm":"Niger","adm2nm":"Kontagora","adm1cd":"NGA027","adm2cd":"NGA027011"}},{"type":"Feature","id":501,"geometry":{"type":"Polygon","coordinates":[[[6.526823997000008,9.229965209999989],[6.522449970000025,9.229965209999989],[6.512356280999995,9.229124069000022],[6.50646829599998,9.229965209999989],[6.5005803110000215,9.235853195000004],[6.497215747999974,9.24174118000002],[6.4921689029999925,9.24174118000002],[6.484598636999976,9.244264602999976],[6.4854397770000105,9.250993729000015],[6.4854397770000105,9.260246277000022],[6.479551791999995,9.267816544000027],[6.47198152499999,9.272022246999995],[6.467775822000021,9.282957076999992],[6.455158709999978,9.288003921999973],[6.441700459000003,9.288003921999973],[6.4181485180000095,9.283798218000015],[6.4030079839999985,9.280433655000024],[6.397961140000007,9.272863388000019],[6.3996434210000075,9.262769698999989],[6.397119998999983,9.258563994999975],[6.390390873000001,9.250993729000015],[6.378614901999981,9.24174118000002],[6.370203494999998,9.234170914000003],[6.35422182100001,9.227441788000021],[6.348333835999995,9.220712661999983],[6.341604710000013,9.225759505999974],[6.332352161000017,9.217348098999992],[6.328146457999992,9.211460113999976],[6.318893908999996,9.194637299000021],[6.307959079999989,9.191272735999974],[6.304594516999998,9.184543609999992],[6.296183109000026,9.170244217000004],[6.298706531999983,9.160991668999998],[6.298706531999983,9.154719353000019],[6.298706531999983,9.14669227600001],[6.306276797999999,9.13323402399999],[6.312164783000014,9.124822617000007],[6.3172116279999955,9.115570068000011],[6.322258471999987,9.105476378999981],[6.3172116279999955,9.090335846000016],[6.296183109000026,9.077718735000019],[6.286089419999996,9.065942763999999],[6.271790027999998,9.043231963999972],[6.275154590999989,9.025568007999993],[6.273472308999999,9.01715660100001],[6.273472308999999,9.00706291199998],[6.275154590999989,8.991922379000016],[6.280201434999981,8.985193252999977],[6.281042576000004,8.978464126999995],[6.285248280000019,8.970052719000023],[6.286089419999996,8.961641311999983],[6.285248280000019,8.957435608000026],[6.284407138999995,8.950706481999987],[6.284407138999995,8.93808937099999],[6.285248280000019,8.929677963000017],[6.290295124000011,8.914537429999996],[6.289453982999987,8.906126022000024],[6.284407138999995,8.896032332999994],[6.286089419999996,8.887620926000011],[6.28861284300001,8.880891799999972],[6.296183109000026,8.868273735000002],[6.304594516999998,8.862385749999987],[6.31973505000002,8.860703467999997],[6.328146457999992,8.854815482999982],[6.330669880000016,8.843880652999985],[6.330669880000016,8.832104683000011],[6.332352161000017,8.812758445999975],[6.340763568999989,8.800141334999978],[6.345810412999981,8.790047646000005],[6.353380679999987,8.775748253000017],[6.350016116999996,8.766495705000011],[6.347492695000028,8.75303745299999],[6.338240147000022,8.734532355999988],[6.338240147000022,8.731367110999997],[6.348333835999995,8.721074104000024],[6.361792088000016,8.713503838000008],[6.371885776999989,8.701727866999988],[6.38702631000001,8.691634178000015],[6.394596577000016,8.67397022199998],[6.392073154000002,8.657147408000014],[6.3840966220000155,8.644262314000002],[6.398250580000024,8.629400252999972],[6.40560436200002,8.61193466200001],[6.408037186000001,8.603014945999973],[6.427361487999974,8.598071097999991],[6.439276217999975,8.594821930000023],[6.45119142499999,8.58886432600002],[6.467980384999976,8.579115867999974],[6.486394404999999,8.579115867999974],[6.501017094000019,8.587781905999975],[6.521055697999998,8.611069679000025],[6.535678387000019,8.627859116000025],[6.540552616000014,8.64194011699999],[6.545968533000007,8.665769576999992],[6.546510220000016,8.690682411000012],[6.543260573999987,8.705846785999995],[6.538928032000001,8.714511871000013],[6.532970427999999,8.73563385],[6.534595013000001,8.748631477000004],[6.54434347199998,8.765962601000012],[6.5611329079999905,8.775711059999992],[6.575755596000022,8.786542892],[6.582796097000028,8.808747292000021],[6.591461658000014,8.83528518700001],[6.599043845999972,8.842867850999994],[6.59850215900002,8.85369873000002],[6.587128639000014,8.87915325199998],[6.582254410000019,8.907857895000006],[6.579005241000004,8.932770729000026],[6.58171272300001,8.952809333999994],[6.584962367999992,8.968514442000014],[6.594169616999977,8.979346275000012],[6.603918076000014,8.991261482000027],[6.606242179999981,8.991261482000027],[6.600668429999985,9.001551628000016],[6.584420680999983,9.025922775000026],[6.573589325,9.036754608000024],[6.570339680000018,9.06708335899998],[6.567090033999989,9.082789420999973],[6.54705143000001,9.108243942000001],[6.537844657999983,9.125574111999981],[6.531345843999986,9.138572693000015],[6.534053802000017,9.15265369399998],[6.534595013000001,9.161318778999998],[6.540010929000005,9.17539978000002],[6.542718886999978,9.193813324000018],[6.540552616000014,9.208977699000002],[6.535322188999999,9.220931053000015],[6.529179096000007,9.229965209999989],[6.526823997000008,9.229965209999989]]]},"properties":{"fid":501,"cty_nm":"Nigeria","iso3cd":"NGA","adm1nm":"Niger","adm2nm":"Agaie","adm1cd":"NGA027","adm2cd":"NGA027001"}},{"type":"Feature","id":502,"geometry":{"type":"Polygon","coordinates":[[[4.6995182040000145,10.693626403999986],[4.700507163999987,10.706480026000008],[4.706542015000025,10.741181374000007],[4.714839934999986,10.770601273000011],[4.720120430000009,10.815863609000019],[4.737471104000008,10.850564957000017],[4.741997242000025,10.873195647999978],[4.732190608999986,10.897336005999989],[4.716348648000007,10.916194915999995],[4.70763778700001,10.918297768000002],[4.702770233000024,10.924492836000013],[4.694240093000019,10.933835982999994],[4.689191341000026,10.945615767999982],[4.683156489999988,10.953159331999984],[4.665051459999972,10.95768547099999],[4.656753540000011,10.955422401000021],[4.646192551000013,10.941843032999998],[4.636385441000016,10.928264618000014],[4.633368014999974,10.924492836000013],[4.626578807999977,10.91544055899999],[4.601684569999975,10.911668776999988],[4.5873517989999755,10.906388283000013],[4.568492413000001,10.908651351999993],[4.553404807999982,10.91544055899999],[4.5398263929999985,10.919966697999996],[4.52398443200002,10.916194915999995],[4.4923009870000215,10.910914420999973],[4.471933364999984,10.903370857000027],[4.463634968000008,10.900353431999974],[4.441003798999986,10.89884471900001],[4.41988182099999,10.894318580999993],[4.398005008999974,10.896581649999973],[4.379899979000015,10.900353431999974],[4.370847701999992,10.900353431999974],[4.355760098000019,10.910160065000014],[4.347462177000011,10.911668776999988],[4.343673706000004,10.911533356000007],[4.347932817000014,10.905144690999975],[4.347932817000014,10.861001015],[4.349663734999979,10.836765289000027],[4.352260591000004,10.796083450000026],[4.356588364000004,10.771847724999986],[4.366109371999983,10.753670692000014],[4.373899461000008,10.74068736999999],[4.370437621999997,10.725972176000028],[4.369571687000018,10.707795142999998],[4.368706227000018,10.701736449999999],[4.361781597999993,10.687887192000005],[4.353126050000014,10.67057609599999],[4.349663734999979,10.653264998999987],[4.344470501999979,10.632491112000025],[4.3366804130000105,10.620372771999996],[4.334083557999975,10.608255385999996],[4.324562550999985,10.582287787999974],[4.3141756069999815,10.563245773000006],[4.309847832999992,10.554590225000027],[4.312444210000024,10.547665596000002],[4.335814954,10.555455208000012],[4.360050678999983,10.554590225000027],[4.388614179000001,10.546799659999976],[4.405060290999984,10.543337822000012],[4.427564621999977,10.545934676999991],[4.442279340000027,10.544202804999998],[4.454397678000021,10.540740966999977],[4.480364323999993,10.542471885999987],[4.510058403000016,10.535167693999995],[4.5254931449999845,10.542027473000019],[4.547369957000001,10.550325394000026],[4.585088729999995,10.563904761999993],[4.606965064999997,10.575974464000012],[4.628087520999998,10.594079018000002],[4.661279678000028,10.621236801000009],[4.689191341000026,10.642358779999995],[4.697489738000002,10.667253494000022],[4.6995182040000145,10.693626403999986]]]},"properties":{"fid":502,"cty_nm":"Nigeria","iso3cd":"NGA","adm1nm":"Niger","adm2nm":"Agwara","adm1cd":"NGA027","adm2cd":"NGA027002"}},{"type":"Feature","id":503,"geometry":{"type":"Polygon","coordinates":[[[6.058862208999983,9.111569405000012],[6.054988861000027,9.111719130999973],[6.0498270990000265,9.11614322700001],[6.034340858000007,9.129417418999992],[6.026967049000007,9.137528418999977],[6.023279666999997,9.135316848999992],[6.013693332999992,9.130154609999977],[6.002631663999978,9.126467704999982],[5.995257378000019,9.124255179999977],[5.990833281999983,9.118355751000024],[5.984933852999973,9.097707748000005],[5.9790344240000195,9.078535079999995],[5.972455978000028,9.06777000400001],[5.985856055999989,9.065176963999988],[5.993474960000015,9.062637328999983],[6.002109528000005,9.062637328999983],[6.006173133999994,9.064668654999991],[6.011760234999997,9.064668654999991],[6.024966240000026,9.065684319000013],[6.03106164899998,9.06619262700002],[6.034109116000025,9.068732262000026],[6.037156582000023,9.07025623300001],[6.042743683000026,9.073303222999982],[6.0493469240000195,9.082954406999988],[6.056457996000006,9.095144272000027],[6.058489798999972,9.102255821000028],[6.058862208999983,9.111569405000012]]]},"properties":{"fid":503,"cty_nm":"Nigeria","iso3cd":"NGA","adm1nm":"Niger","adm2nm":"Bida","adm1cd":"NGA027","adm2cd":"NGA027003"}},{"type":"Feature","id":504,"geometry":{"type":"Polygon","coordinates":[[[6.6487627029999885,9.535008430000005],[6.649462700000015,9.552122116000021],[6.651144981000016,9.558851242000003],[6.659556388999988,9.562215804999994],[6.669650078000018,9.57315063499999],[6.672173499999985,9.589132308999979],[6.676379204,9.604272842],[6.678061485000001,9.621095657000012],[6.679743766999991,9.655582428000002],[6.678061485000001,9.670722961000024],[6.682267189000015,9.677452087000006],[6.6637620930000026,9.694274902000018],[6.654509544000007,9.701845169000023],[6.651144981000016,9.707733153999982],[6.639369010999985,9.711938857999996],[6.620022774000006,9.722873687999993],[6.613293648000024,9.731285094999976],[6.609087944000009,9.758201599000017],[6.599835396000003,9.767454147000024],[6.588059424999983,9.780912398999988],[6.572077750999995,9.786800384999992],[6.5535721780000245,9.796052932999999],[6.542637348000028,9.796894072999976],[6.524973391999993,9.798576355000023],[6.508150578000027,9.805305481000005],[6.486280917999977,9.810352324999997],[6.477028370000028,9.80278205899998],[6.454317570000001,9.785118103000002],[6.438335896000012,9.772500992000005],[6.413942813999995,9.753154755000025],[6.395437716999993,9.756519318000016],[6.371885776999989,9.756519318000016],[6.360109806000025,9.748949051000011],[6.351698398999986,9.755678176999993],[6.340763568999989,9.761566162000008],[6.334034443000007,9.758201599000017],[6.30964136099999,9.755678176999993],[6.261696339000025,9.761566162000008],[6.227591038000014,9.768062591999978],[6.226368427000011,9.759883881000007],[6.223845004999987,9.743902205999973],[6.22300386400002,9.727079391000018],[6.2213215830000195,9.709415435999972],[6.208704472000022,9.690069198999993],[6.197769642000026,9.680816649999997],[6.192722796999988,9.663993834999985],[6.195246220000001,9.644647598000006],[6.2028164860000174,9.628665924000018],[6.200293063999993,9.609319686999982],[6.197769642000026,9.594179153000027],[6.200293063999993,9.579038620000006],[6.212069035000013,9.566421509000008],[6.226368427000011,9.551280974999997],[6.229732990000002,9.536981583],[6.223845004999987,9.528570175000027],[6.220836163000001,9.526764870000022],[6.218798160999995,9.51931762700002],[6.212069035000013,9.509223937999991],[6.21065902700002,9.49935436200002],[6.213751316000014,9.491559982000012],[6.22300386400002,9.484830855999974],[6.251602649999995,9.475578308000024],[6.2709488869999745,9.462120056000003],[6.27683687199999,9.452867507999997],[6.280201434999981,9.439409255999976],[6.272631167999975,9.432680129999994],[6.268425465000007,9.417539596999973],[6.2709488869999745,9.40576362600001],[6.280201434999981,9.402399063000018],[6.295341968999992,9.400716782000018],[6.3138470650000045,9.399034500000027],[6.328146457999992,9.396511078000003],[6.349174975999972,9.396511078000003],[6.365997790999984,9.388940810999998],[6.378614901999981,9.391464233000022],[6.390390873000001,9.402399063000018],[6.4030079839999985,9.416698456000006],[6.4215130810000005,9.427633286000002],[6.435812472999999,9.42847442599998],[6.445065021999994,9.424268723000012],[6.471140385000012,9.424268723000012],[6.4807357789999855,9.423735619000013],[6.481234073999985,9.435203552000019],[6.477028370000028,9.441091536999977],[6.47366380699998,9.467166900999985],[6.477869510999994,9.478101729999992],[6.487963200000024,9.479784011999982],[6.490486621999992,9.482307434000006],[6.494692326000006,9.495765686000027],[6.496374607000007,9.512588500999982],[6.502262592000022,9.517635344999974],[6.5174031259999765,9.516794204999997],[6.521608829000002,9.524364471000013],[6.535067081000022,9.529411315999994],[6.550207614999977,9.526887894000026],[6.558619022000016,9.536981583],[6.570394992999979,9.537822722999977],[6.582171440000025,9.532775878999985],[6.597311973999979,9.531934738000018],[6.620022774000006,9.541187286000024],[6.629275322000012,9.533617020000008],[6.6487627029999885,9.535008430000005]],[[6.529179096000007,9.661470413000018],[6.535067081000022,9.658105850000027],[6.548525332999986,9.659788132000017],[6.555254459000025,9.660629271999994],[6.559460162999983,9.658105850000027],[6.567871571000012,9.658105850000027],[6.574601173000019,9.653900146000012],[6.57796573600001,9.643806457999972],[6.581330299000001,9.637918472000024],[6.588059424999983,9.632030487000009],[6.593106270000021,9.626142501999993],[6.593947410999988,9.61604881300002],[6.593947410999988,9.605113983000024],[6.590582847999997,9.597543716000018],[6.583853722000015,9.591655731000003],[6.573760032999985,9.588291168000012],[6.559460162999983,9.581562041999973],[6.551889895999977,9.581562041999973],[6.542637348000028,9.580720901000007],[6.534225940999988,9.584085463999998],[6.524973391999993,9.584926605000021],[6.51656198500001,9.588291168000012],[6.504786014999979,9.586608887000011],[6.499739169999998,9.589132308999979],[6.491327763000015,9.593338012999993],[6.490486621999992,9.595861435000018],[6.499739169999998,9.607637404999991],[6.5073094370000035,9.622777939000002],[6.513197422000019,9.632030487000009],[6.5106739999999945,9.64044189499998],[6.511515141000018,9.651376723999988],[6.519085406999977,9.655582428000002],[6.529179096000007,9.661470413000018]]]},"properties":{"fid":504,"cty_nm":"Nigeria","iso3cd":"NGA","adm1nm":"Niger","adm2nm":"Bosso","adm1cd":"NGA027","adm2cd":"NGA027005"}},{"type":"Feature","id":505,"geometry":{"type":"Polygon","coordinates":[[[6.529179096000007,9.661470413000018],[6.519085406999977,9.655582428000002],[6.511515141000018,9.651376723999988],[6.5106739999999945,9.64044189499998],[6.513197422000019,9.632030487000009],[6.5073094370000035,9.622777939000002],[6.499739169999998,9.607637404999991],[6.490486621999992,9.595861435000018],[6.491327763000015,9.593338012999993],[6.499739169999998,9.589132308999979],[6.504786014999979,9.586608887000011],[6.51656198500001,9.588291168000012],[6.524973391999993,9.584926605000021],[6.534225940999988,9.584085463999998],[6.542637348000028,9.580720901000007],[6.551889895999977,9.581562041999973],[6.559460162999983,9.581562041999973],[6.573760032999985,9.588291168000012],[6.583853722000015,9.591655731000003],[6.590582847999997,9.597543716000018],[6.593947410999988,9.605113983000024],[6.593947410999988,9.61604881300002],[6.593106270000021,9.626142501999993],[6.588059424999983,9.632030487000009],[6.581330299000001,9.637918472000024],[6.57796573600001,9.643806457999972],[6.574601173000019,9.653900146000012],[6.567871571000012,9.658105850000027],[6.559460162999983,9.658105850000027],[6.555254459000025,9.660629271999994],[6.548525332999986,9.659788132000017],[6.535067081000022,9.658105850000027],[6.529179096000007,9.661470413000018]]]},"properties":{"fid":505,"cty_nm":"Nigeria","iso3cd":"NGA","adm1nm":"Niger","adm2nm":"Chanchaga","adm1cd":"NGA027","adm2cd":"NGA027006"}},{"type":"Feature","id":506,"geometry":{"type":"MultiPolygon","coordinates":[[[[6.143313407999983,9.063652992000016],[6.147884846000011,9.067208289999996],[6.149916648999977,9.075842856999998],[6.146361350999996,9.083462714999996],[6.143313407999983,9.09311294600002],[6.144837379000023,9.10174751300002],[6.149379253000006,9.107294083],[6.143479823999996,9.113931655999977],[6.136843204000002,9.115406036000024],[6.117670058999977,9.12204265600002],[6.109558105000019,9.123517989999982],[6.106608391000009,9.127204894999977],[6.094810009000014,9.133104323999987],[6.094072342000004,9.137528418999977],[6.090385437000009,9.145640372999992],[6.0822734829999945,9.153752327000007],[6.073424338999985,9.151539802999991],[6.067524909999975,9.141953467999997],[6.067524909999975,9.133104323999987],[6.06973743399999,9.122779846000014],[6.066050528999995,9.11614322700001],[6.058862208999983,9.111569405000012],[6.058489798999972,9.102255821000028],[6.056457996000006,9.095144272000027],[6.0493469240000195,9.082954406999988],[6.042743683000026,9.073303222999982],[6.037156582000023,9.07025623300001],[6.034109116000025,9.068732262000026],[6.03106164899998,9.06619262700002],[6.024966240000026,9.065684319000013],[6.011760234999997,9.064668654999991],[6.006173133999994,9.064668654999991],[6.002109528000005,9.062637328999983],[5.993474960000015,9.062637328999983],[5.985856055999989,9.065176963999988],[5.972455978000028,9.06777000400001],[5.970922470000005,9.065260887000022],[5.953961848999995,9.051250458000027],[5.931838989000028,9.032814980000012],[5.927414417000023,9.029127120999988],[5.920777798000017,9.015853881999988],[5.912666321000017,9.007004737999978],[5.895705222999993,8.995205879000025],[5.880219459999978,8.981932640000025],[5.872107982999978,8.978982925000025],[5.860309124000025,8.977507591000006],[5.871572017999995,8.96714687299999],[5.889857291999988,8.949876785000015],[5.8918890950000105,8.938702583000008],[5.890873431999978,8.93463897700002],[5.884270190999985,8.918385505999993],[5.870556355000019,8.905179024000006],[5.849730968000017,8.884354590999976],[5.830430030999992,8.864037514000017],[5.826874255999996,8.858958244000007],[5.822302818000026,8.850323677000006],[5.821287154999993,8.842703819000008],[5.816715717000022,8.836608887000011],[5.811636448000002,8.82645034799998],[5.810112475999972,8.816291809000006],[5.805541515000016,8.807657242000005],[5.805541515000016,8.802069663999987],[5.806557177999991,8.791911125000013],[5.808588982000003,8.785308837999992],[5.810620785000026,8.782260894999979],[5.81570005399999,8.783784866000019],[5.822302818000026,8.783784866000019],[5.826874255999996,8.781752585999982],[5.83347749699999,8.77819728899999],[5.839572429999976,8.776673317000018],[5.844651698999996,8.775657653999986],[5.850747108000007,8.77311801899998],[5.861413479000021,8.772102356000005],[5.868524551000007,8.77464199100001],[5.878175258999988,8.775150299000018],[5.885285854000017,8.775657653999986],[5.894936561999998,8.777689934000023],[5.897476196000014,8.779721259999974],[5.90560340899998,8.782769202999987],[5.92338085199998,8.785308837999992],[5.957411766000007,8.79241943400001],[5.970109939999986,8.795467377000023],[5.993474960000015,8.791911125000013],[6.006680964999987,8.786324501000024],[6.0229344370000035,8.779212952000023],[6.034109116000025,8.778705596999998],[6.050362586999995,8.780736923000006],[6.059505462999994,8.783276558000011],[6.068140029999995,8.786831855999992],[6.078298569000026,8.789371490000008],[6.0854096410000125,8.793435096999985],[6.096076487999994,8.801054001000011],[6.102679253000019,8.803593636000016],[6.111822127999972,8.804101944000024],[6.120456696000019,8.804101944000024],[6.125535964999983,8.803593636000016],[6.129599571000028,8.802069663999987],[6.13925027800002,8.796483039999998],[6.147377014000028,8.791911125000013],[6.149916648999977,8.791911125000013],[6.160583019000001,8.791911125000013],[6.169725894999999,8.800546645999987],[6.176329135999993,8.804609298999992],[6.177344799000025,8.811720847999993],[6.17480516400002,8.819339752000019],[6.172265530000004,8.824419021999972],[6.161599158999991,8.834069252000006],[6.1504244800000265,8.848799706000023],[6.144837379000023,8.86200523399998],[6.13772630699998,8.873687743999994],[6.137218474999997,8.885370254999998],[6.132139205999977,8.89756011999998],[6.132647038000016,8.903147697000009],[6.13772630699998,8.91381454499998],[6.136202812000022,8.921433449000006],[6.13772630699998,8.929052352999975],[6.138234137999973,8.93311595900002],[6.134678840999982,8.945305824000002],[6.1290917399999785,8.954956055000025],[6.125028133000001,8.959527969000021],[6.122488498999985,8.968162537000012],[6.11994886399998,8.976797104000013],[6.118424892000007,8.98492431599999],[6.116901397999982,8.991527556999984],[6.112837791000004,8.997114182000018],[6.1113142969999785,9.005241393999995],[6.110298156999988,9.015908240999977],[6.114361762999977,9.024542809000025],[6.115377426000009,9.02911376999998],[6.115377426000009,9.037240982000014],[6.1235041620000175,9.048923491999972],[6.130615234000004,9.05603408799999],[6.137218474999997,9.060097693999978],[6.143313407999983,9.063652992000016]]],[[[5.70948267,9.138032913000018],[5.696640967999997,9.139500618],[5.686000347000004,9.149040221999996],[5.682698249999987,9.158579825999993],[5.684165955000026,9.165551186000016],[5.685633659000018,9.176925659000005],[5.683064937999973,9.181328773000018],[5.678295134999985,9.189400673000023],[5.667654991000006,9.192703246999997],[5.656647205000013,9.193803786999979],[5.649309157999994,9.192336081999997],[5.642337799000018,9.189767838000023],[5.633532047000017,9.189400673000023],[5.62729453999998,9.186465263000002],[5.615186214000005,9.176925659000005],[5.604178905000026,9.16811943099998],[5.597574233999978,9.165184021000016],[5.583631991999994,9.154911040999991],[5.57042312599998,9.147939682000015],[5.559782504999987,9.144269942999983],[5.543271542000014,9.14206886300002],[5.525659560999998,9.138032913000018],[5.5150189400000045,9.138400078000018],[5.505112648000022,9.138400078000018],[5.500276566000025,9.138826370000004],[5.5073876380000115,9.129683494999995],[5.5150065419999805,9.11952495600002],[5.511959075999982,9.113430022999978],[5.505863667000028,9.107842445000017],[5.502816199999984,9.105302811000001],[5.498244762000013,9.103779793000001],[5.489610195000012,9.104287148000026],[5.475895881999975,9.109874724999997],[5.463705539999978,9.10936641699999],[5.456086636000009,9.106826781999985],[5.4423727989999975,9.103271484000004],[5.432722092000006,9.102763175999996],[5.421547412999985,9.090573311000014],[5.41418266300002,9.081430435000016],[5.408087729999977,9.070763587999977],[5.407071589999987,9.067208289999996],[5.410627364999982,9.063144684000008],[5.423833370000011,9.062637328999983],[5.428404807999982,9.062637328999983],[5.441102982000018,9.062637328999983],[5.447197914000014,9.061621666000008],[5.462435722000009,9.054002761999982],[5.474118233000013,9.048923491999972],[5.479197501999977,9.044859885999983],[5.482244967999975,9.038764953999987],[5.48478460299998,9.034193039000002],[5.491895676000013,9.025050163000003],[5.495959282000001,9.018955231000007],[5.510689259000003,9.013368607000018],[5.5218634610000095,9.00066947900001],[5.531006336000019,8.981369018999999],[5.535069465999982,8.977305412000021],[5.546244144000013,8.974257469000008],[5.5604658130000075,8.974765778000005],[5.570116519999999,8.970702171000028],[5.577735424000025,8.962067604000026],[5.5868783000000235,8.953940391999993],[5.596529007000015,8.953433037000025],[5.61075067500002,8.955972671999973],[5.621925353999984,8.953940391999993],[5.636147499000003,8.942257880999989],[5.649353503999976,8.930068016000007],[5.6508769989999905,8.927020072999994],[5.684400557999993,8.916354178999995],[5.6955747599999995,8.917877196999996],[5.7113208769999915,8.91381454499998],[5.722240924999994,8.915845870999988],[5.7390027050000185,8.909242629999994],[5.747129439999981,8.905179024000006],[5.751193047000015,8.901623726000025],[5.759827614000017,8.902132033999976],[5.765923023000028,8.898068427999988],[5.7750654220000115,8.901116371],[5.788271903999998,8.908735275000026],[5.796906471,8.910766602000024],[5.803001881,8.913306235999983],[5.806557177999991,8.91533756299998],[5.8090968129999965,8.919401169000025],[5.811636448000002,8.922449111999981],[5.829921721999995,8.93159198799998],[5.83754062700001,8.944290161000026],[5.837032795000027,8.95089340200002],[5.83754062700001,8.955972671999973],[5.829921721999995,8.967654228000015],[5.823826789999998,8.974257469000008],[5.816715717000022,8.985939980000012],[5.810620785000026,8.995082855000021],[5.805033207000008,9.006765366000025],[5.8009700779999775,9.031146048999972],[5.8009700779999775,9.03911876699999],[5.797542094999983,9.039333344],[5.794973373000005,9.038966178999999],[5.790203571000006,9.03713226299999],[5.784699917000012,9.034563064999986],[5.78103113200001,9.031994820000023],[5.774059771999987,9.02502346],[5.771124363000013,9.021721839999998],[5.763785838999979,9.017318725999985],[5.760850905999973,9.01364898700001],[5.753879546999997,9.01108074199999],[5.740303515999983,9.01108074199999],[5.736267567000027,9.012915610999983],[5.725260257999992,9.019519806000005],[5.720857142999989,9.021721839999998],[5.719389438999997,9.024290085000018],[5.717555045999973,9.029426575000002],[5.718288898000026,9.036765098999979],[5.721590995999975,9.043369293000012],[5.725260257999992,9.046304702999976],[5.731497764999972,9.048505782999996],[5.735167026999989,9.050340651999988],[5.73773527100002,9.05437660199999],[5.738101959000005,9.062448501999995],[5.736634254000023,9.073089600000003],[5.736634254000023,9.077858924999987],[5.739569663999987,9.08299636800001],[5.743605613999989,9.085564612999974],[5.748742579999998,9.086665154000002],[5.751677990000019,9.087032318000013],[5.756080627000017,9.089600562999976],[5.757915496999999,9.091801642999997],[5.757548331999999,9.100240707000012],[5.758649348999995,9.103543281999976],[5.760117053999977,9.106111526000007],[5.761584282000001,9.107946395999988],[5.762318133999997,9.11124801599999],[5.763051986999983,9.115283965999993],[5.763785838999979,9.118219376000013],[5.765620707999972,9.123723030000008],[5.766721249,9.12775898000001],[5.764153003999979,9.131061553999984],[5.757548331999999,9.134364128000016],[5.749109267999984,9.133996964000005],[5.746174334999978,9.135831832999997],[5.740303515999983,9.13729953799998],[5.737368107000009,9.135097503999987],[5.724159240999995,9.131061553999984],[5.721224307999989,9.131061553999984],[5.718655586000011,9.132896422999977],[5.712785243999974,9.136565207999979],[5.70948267,9.138032913000018]]]]},"properties":{"fid":506,"cty_nm":"Nigeria","iso3cd":"NGA","adm1nm":"Niger","adm2nm":"Edati","adm1cd":"NGA027","adm2cd":"NGA027007"}},{"type":"Feature","id":507,"geometry":{"type":"Polygon","coordinates":[[[6.220836163000001,9.526764870000022],[6.217222214000003,9.532788277000009],[6.208373069999993,9.54016208600001],[6.203211307999993,9.541637421000019],[6.197311877999994,9.540899276999994],[6.190674781999974,9.538687706000019],[6.182563304999974,9.541637421000019],[6.170027256000026,9.546798706000004],[6.167814732000011,9.550486565000028],[6.164127827000016,9.552698135000014],[6.158965588000001,9.554910660000019],[6.147904396000001,9.565972327999987],[6.1427421569999865,9.571871757999986],[6.136105536999992,9.577771186999996],[6.133155822999981,9.579245566999987],[6.122094630999982,9.576295852999976],[6.1102957730000185,9.568922042999986],[6.095547199000009,9.558597565000014],[6.089647769999999,9.555647850000014],[6.0822734829999945,9.557123183999977],[6.0719494819999795,9.560072898999977],[6.0645756719999895,9.560072898999977],[6.060151099999985,9.559335708999981],[6.052039146000027,9.550486565000028],[6.044664860000012,9.550486565000028],[6.036553383000012,9.550486565000028],[6.022542477000002,9.553436278999982],[6.018117904999997,9.554910660000019],[6.0077939029999925,9.555647850000014],[5.9974699019999775,9.553436278999982],[5.989358424999978,9.553436278999982],[5.98419618600002,9.554173470000023],[5.9790344240000195,9.556385993999982],[5.97239732700001,9.556385993999982],[5.951012134999985,9.551223755000024],[5.934788704000027,9.539424896000014],[5.926677227000027,9.530575752000004],[5.924464703000012,9.526151657000014],[5.922989845000018,9.51656436899998],[5.915616035000028,9.50624084499998],[5.912274836999984,9.501861571999996],[5.914878368000018,9.496654509999985],[5.915616035000028,9.488542557000017],[5.911191463000023,9.477480888000002],[5.907504082000003,9.461257934999992],[5.900129794999998,9.425124168000025],[5.898654937999993,9.405951500000015],[5.897180079999998,9.39194011699999],[5.899392605000003,9.381615639000017],[5.892755507999993,9.36981773399998],[5.890543460999993,9.36391830399998],[5.880219459999978,9.355069160000028],[5.876532554999983,9.346220016000018],[5.873582839999983,9.340320587000008],[5.8706331249999835,9.333683968000003],[5.8654708860000255,9.324096680000025],[5.864733695999973,9.312297821000016],[5.855146885000011,9.291650772000025],[5.852934837000021,9.277639389],[5.84998512300001,9.266577720999976],[5.84998512300001,9.254778862000023],[5.84998512300001,9.235606194000013],[5.8455605510000055,9.220120430000009],[5.847035408000011,9.20684623699998],[5.846297741000001,9.192097664000016],[5.847772598000006,9.181036948999974],[5.8492474560000005,9.174400330000026],[5.847772598000006,9.164813041999992],[5.847772598000006,9.155963897999982],[5.843348026000001,9.144903182999997],[5.837449074000006,9.131628990000024],[5.833024502000001,9.117618560999972],[5.829337119999991,9.10581970200002],[5.825650214999996,9.100657463000005],[5.823437690999981,9.09549522399999],[5.820487975999981,9.075585364999995],[5.819750785999986,9.07189846],[5.824175357999991,9.040925979999997],[5.827125072000001,9.026177405999988],[5.828599929999996,9.016591071999983],[5.834499359000006,9.004792212999973],[5.841135979000001,8.994468688999973],[5.846297741000001,8.99004364000001],[5.8558845520000204,8.986356735000015],[5.860309124000025,8.977507591000006],[5.872107982999978,8.978982925000025],[5.880219459999978,8.981932640000025],[5.895705222999993,8.995205879000025],[5.912666321000017,9.007004737999978],[5.920777798000017,9.015853881999988],[5.927414417000023,9.029127120999988],[5.931838989000028,9.032814980000012],[5.953961848999995,9.051250458000027],[5.970922470000005,9.065260887000022],[5.972455978000028,9.06777000400001],[5.9790344240000195,9.078535079999995],[5.984933852999973,9.097707748000005],[5.990833281999983,9.118355751000024],[5.995257378000019,9.124255179999977],[6.002631663999978,9.126467704999982],[6.013693332999992,9.130154609999977],[6.023279666999997,9.135316848999992],[6.026967049000007,9.137528418999977],[6.034340858000007,9.129417418999992],[6.0498270990000265,9.11614322700001],[6.054988861000027,9.111719130999973],[6.058862208999983,9.111569405000012],[6.066050528999995,9.11614322700001],[6.06973743399999,9.122779846000014],[6.067524909999975,9.133104323999987],[6.067524909999975,9.141953467999997],[6.073424338999985,9.151539802999991],[6.0822734829999945,9.153752327000007],[6.090385437000009,9.145640372999992],[6.094072342000004,9.137528418999977],[6.094810009000014,9.133104323999987],[6.106608391000009,9.127204894999977],[6.109558105000019,9.123517989999982],[6.117670058999977,9.12204265600002],[6.136843204000002,9.115406036000024],[6.143479823999996,9.113931655999977],[6.149379253000006,9.107294083],[6.158965588000001,9.110981940999977],[6.170027256000026,9.113931655999977],[6.1729769710000255,9.12204265600002],[6.1729769710000255,9.127204894999977],[6.175189018000026,9.138266563000002],[6.178138733000026,9.144903182999997],[6.181088448000025,9.150802612000007],[6.181825638000021,9.157439232000002],[6.182629108000015,9.160150527999974],[6.184311390000005,9.175291060999996],[6.196087359999979,9.17781448400001],[6.207022189999975,9.182861328000001],[6.217115879000005,9.190431595000007],[6.2213215830000195,9.199684143000013],[6.222162723999986,9.20893669100002],[6.21291017499999,9.216506958000025],[6.200293063999993,9.217348098999992],[6.194405078999978,9.223236084000007],[6.191040515999987,9.229124069000022],[6.1817879679999805,9.228282927999999],[6.177582264000023,9.234170914000003],[6.175899981999976,9.24510574300001],[6.167488574999993,9.249311447000025],[6.162441730000012,9.24510574300001],[6.145618915999989,9.253517150999983],[6.143095492999976,9.261928558000022],[6.143095492999976,9.266975403000004],[6.141413211999975,9.280433655000024],[6.143936633999999,9.288003921999973],[6.152348042000028,9.294733047000022],[6.1464600560000235,9.303144454999995],[6.127954960000011,9.312397003000001],[6.128796100999978,9.318284988000016],[6.137207508000017,9.334266662999994],[6.134684085999993,9.347724915000015],[6.143095492999976,9.359500884999989],[6.1464600560000235,9.36454772899998],[6.143095492999976,9.379688262999991],[6.1464600560000235,9.391464233000022],[6.154871463999996,9.401557921999995],[6.169170855999994,9.408287047999977],[6.172535418999985,9.418380737000007],[6.1716942790000076,9.426792144999979],[6.1716942790000076,9.458755493000012],[6.176741122999999,9.475578308000024],[6.19019937500002,9.485671996999997],[6.198610782999992,9.494083405000026],[6.21065902700002,9.49935436200002],[6.212069035000013,9.509223937999991],[6.218798160999995,9.51931762700002],[6.220836163000001,9.526764870000022]]]},"properties":{"fid":507,"cty_nm":"Nigeria","iso3cd":"NGA","adm1nm":"Niger","adm2nm":"Gbako","adm1cd":"NGA027","adm2cd":"NGA027008"}},{"type":"Feature","id":508,"geometry":{"type":"Polygon","coordinates":[[[7.270301818999997,9.349405289000003],[7.2670874600000275,9.351414680000005],[7.264964581000015,9.35300636300002],[7.260588169000016,9.35628890999999],[7.257774353000002,9.359358788000009],[7.254631042000028,9.362788200000011],[7.255014420000009,9.365856171000019],[7.256255626999973,9.375785828000005],[7.259282589000009,9.379418373000021],[7.2654666899999825,9.38683891300002],[7.269795418000001,9.392033577000007],[7.275750159999973,9.39772892000002],[7.280385493999972,9.402162551999993],[7.282251835000011,9.403947829999993],[7.284920692000014,9.405854224999985],[7.289834023000026,9.409363746999986],[7.289763450999999,9.412825584000018],[7.289505958999996,9.425436973999979],[7.285032272000024,9.429871558999992],[7.2795438769999805,9.435359955000024],[7.276604175999978,9.438626289000013],[7.274669646999996,9.440775871000028],[7.267395496000006,9.43956375099998],[7.264921188000017,9.439150810000001],[7.261124133999999,9.439949989000013],[7.2578186989999836,9.440646172000015],[7.254631042000028,9.44131755799998],[7.247048855000003,9.439150810000001],[7.241091251,9.437526703000003],[7.237841606000018,9.436985015999994],[7.2279510500000015,9.443578720000005],[7.221594333999974,9.447816848999992],[7.222815990000015,9.453436851999982],[7.224302292000004,9.460272788999987],[7.221334457000012,9.467018127000017],[7.219436169000005,9.47133255],[7.218344688000002,9.473813056999973],[7.217339992999996,9.476157188000002],[7.214905739000017,9.481836319000024],[7.213470459000007,9.485185623000007],[7.213084220999974,9.487695694000024],[7.212387084999989,9.492226601000027],[7.2113041879999855,9.500891685],[7.198847770999976,9.497100830000022],[7.190182209,9.495475768999995],[7.185307980000005,9.493309974999988],[7.17772579199999,9.49276828799998],[7.173393250000004,9.486810683999977],[7.162020206000022,9.479228019999994],[7.152812958000027,9.478145599000015],[7.139273643000024,9.478687286000024],[7.133316040000011,9.479769707000003],[7.130066394999972,9.480311394000012],[7.125733851999996,9.484643935999998],[7.117609978000019,9.481936454999982],[7.114360809000004,9.477603912000006],[7.099738120999973,9.477062224999997],[7.0970301629999994,9.470021248000023],[7.0970301629999994,9.458648681999989],[7.095946788999981,9.452149390999978],[7.099196434000021,9.447816848999992],[7.103528976000007,9.447816848999992],[7.113819121999995,9.447275161999983],[7.115443706999997,9.440234184000019],[7.116527081000015,9.43373584699998],[7.114902019999988,9.428861617999985],[7.110569477000013,9.428861617999985],[7.1019043919999945,9.43211078600001],[7.098654747000012,9.429944037999974],[7.094322205000026,9.423986435000018],[7.086198330000002,9.419112206000023],[7.078616141999987,9.420737266999993],[7.074283600000001,9.418571471999996],[7.066701411999986,9.413155555999992],[7.060202122000021,9.41532135],[7.054786205000028,9.416404724000017],[7.040705204000005,9.410988808000013],[7.030415058000017,9.417488097999978],[7.02120828599999,9.420195579999984],[7.009293555999989,9.416404724000017],[7.003335952999976,9.407739638999999],[6.993587493999996,9.402865410000004],[6.9648833269999955,9.388242721999973],[6.942678451999996,9.376869202000023],[6.93834590900002,9.371994971999982],[6.925347805000001,9.376869202000023],[6.921015263000015,9.382285118000027],[6.9069342610000035,9.392033577000007],[6.9015183449999995,9.394741058000022],[6.89176988600002,9.393658637999977],[6.883104323999987,9.391491889999998],[6.873897552000017,9.391491889999998],[6.863607407000018,9.39799118000002],[6.855483531999994,9.399615288000007],[6.846276760000023,9.395824431999984],[6.8386945720000085,9.392575264000016],[6.8372015950000105,9.387349128999972],[6.836528300999987,9.384992598999986],[6.843027114999984,9.375244140999996],[6.851692677000017,9.366579055999978],[6.859274863999985,9.359538078000014],[6.861982822000016,9.35574722299998],[6.859274863999985,9.343291282999985],[6.853858947999981,9.338417053],[6.845735073000014,9.338417053],[6.8392362590000175,9.335708618000012],[6.835444927000026,9.329751015],[6.834903240000017,9.324335098000006],[6.8381528849999995,9.314044952000017],[6.8370695109999815,9.301047325000013],[6.836257457999977,9.296714783000027],[6.831924915000002,9.289673805000007],[6.822175979999997,9.290757179000025],[6.811886311000023,9.299422263999986],[6.809719562999987,9.307004929000016],[6.7945551870000145,9.318919182000002],[6.79130601899999,9.329751015],[6.783182144000023,9.339499473999979],[6.772350311000025,9.342749595999976],[6.7609772679999764,9.344915389999983],[6.746354580000002,9.341666222000015],[6.743646622000028,9.331376076000026],[6.745812892999993,9.318378447999976],[6.749603748000027,9.310254096999984],[6.750687121999988,9.30483818099998],[6.759893894000015,9.294006347999982],[6.763143538999998,9.284257889000003],[6.768017768999982,9.275592803999984],[6.768017768999982,9.267469405999975],[6.77451658199999,9.250138283000013],[6.780474185999992,9.225767136000002],[6.782098770000005,9.217102050999983],[6.780474185999992,9.198146819999977],[6.77722454100001,9.180274010000005],[6.77722454100001,9.170525551000026],[6.786707401000001,9.155335426000022],[6.7880544660000055,9.270166397000025],[7.015266895000025,9.268970490000015],[7.030075072999978,9.257713318000015],[7.167658329000005,9.15311813400001],[7.16797733300001,9.16077709199999],[7.164186477999976,9.172150611999996],[7.161478519000013,9.184606551999991],[7.160936832000004,9.19489669799998],[7.162020206000022,9.20193767500001],[7.156604290000018,9.214393615999995],[7.153354644999979,9.225225448999993],[7.152812958000027,9.240931510999985],[7.150104999999996,9.254470824999999],[7.1479387279999855,9.265844345000005],[7.1479387279999855,9.27884197200001],[7.155520916,9.289673805000007],[7.178809166000008,9.303214072999992],[7.186391354000023,9.304296494000027],[7.200472354999988,9.303214072999992],[7.205888270999992,9.300505638000004],[7.2037220000000275,9.292923927000004],[7.2026386260000095,9.284799576000012],[7.2031803130000185,9.276676178000002],[7.207512855999994,9.274509430000023],[7.215636730000028,9.271260261999998],[7.223045349000017,9.271059990000026],[7.235675334999996,9.27071857499999],[7.246507167999994,9.274509430000023],[7.254631042000028,9.275051116999975],[7.257339000999991,9.272885323000025],[7.264921188000017,9.274509430000023],[7.2654623990000005,9.283717154999977],[7.258963585000004,9.301589012000022],[7.252464293999992,9.312962531999972],[7.249215126000024,9.323252678000017],[7.259505272000013,9.338417053],[7.270301818999997,9.349405289000003]]]},"properties":{"fid":508,"cty_nm":"Nigeria","iso3cd":"NGA","adm1nm":"Niger","adm2nm":"Gurara","adm1cd":"NGA027","adm2cd":"NGA027009"}},{"type":"Feature","id":509,"geometry":{"type":"Polygon","coordinates":[[[6.4807357789999855,9.423735619000013],[6.471140385000012,9.424268723000012],[6.445065021999994,9.424268723000012],[6.435812472999999,9.42847442599998],[6.4215130810000005,9.427633286000002],[6.4030079839999985,9.416698456000006],[6.390390873000001,9.402399063000018],[6.378614901999981,9.391464233000022],[6.365997790999984,9.388940810999998],[6.349174975999972,9.396511078000003],[6.328146457999992,9.396511078000003],[6.3138470650000045,9.399034500000027],[6.295341968999992,9.400716782000018],[6.280201434999981,9.402399063000018],[6.2709488869999745,9.40576362600001],[6.268425465000007,9.417539596999973],[6.272631167999975,9.432680129999994],[6.280201434999981,9.439409255999976],[6.27683687199999,9.452867507999997],[6.2709488869999745,9.462120056000003],[6.251602649999995,9.475578308000024],[6.22300386400002,9.484830855999974],[6.213751316000014,9.491559982000012],[6.21065902700002,9.49935436200002],[6.198610782999992,9.494083405000026],[6.19019937500002,9.485671996999997],[6.176741122999999,9.475578308000024],[6.1716942790000076,9.458755493000012],[6.1716942790000076,9.426792144999979],[6.172535418999985,9.418380737000007],[6.169170855999994,9.408287047999977],[6.154871463999996,9.401557921999995],[6.1464600560000235,9.391464233000022],[6.143095492999976,9.379688262999991],[6.1464600560000235,9.36454772899998],[6.143095492999976,9.359500884999989],[6.134684085999993,9.347724915000015],[6.137207508000017,9.334266662999994],[6.128796100999978,9.318284988000016],[6.127954960000011,9.312397003000001],[6.1464600560000235,9.303144454999995],[6.152348042000028,9.294733047000022],[6.143936633999999,9.288003921999973],[6.141413211999975,9.280433655000024],[6.143095492999976,9.266975403000004],[6.143095492999976,9.261928558000022],[6.145618915999989,9.253517150999983],[6.162441730000012,9.24510574300001],[6.167488574999993,9.249311447000025],[6.175899981999976,9.24510574300001],[6.177582264000023,9.234170914000003],[6.1817879679999805,9.228282927999999],[6.191040515999987,9.229124069000022],[6.194405078999978,9.223236084000007],[6.200293063999993,9.217348098999992],[6.21291017499999,9.216506958000025],[6.222162723999986,9.20893669100002],[6.2213215830000195,9.199684143000013],[6.217115879000005,9.190431595000007],[6.207022189999975,9.182861328000001],[6.196087359999979,9.17781448400001],[6.184311390000005,9.175291060999996],[6.182629108000015,9.160150527999974],[6.181825638000021,9.157439232000002],[6.181088448000025,9.150802612000007],[6.178138733000026,9.144903182999997],[6.175189018000026,9.138266563000002],[6.1729769710000255,9.127204894999977],[6.1729769710000255,9.12204265600002],[6.170027256000026,9.113931655999977],[6.158965588000001,9.110981940999977],[6.149379253000006,9.107294083],[6.144837379000023,9.10174751300002],[6.143313407999983,9.09311294600002],[6.146361350999996,9.083462714999996],[6.149916648999977,9.075842856999998],[6.147884846000011,9.067208289999996],[6.143313407999983,9.063652992000016],[6.137218474999997,9.060097693999978],[6.130615234000004,9.05603408799999],[6.1235041620000175,9.048923491999972],[6.115377426000009,9.037240982000014],[6.115377426000009,9.02911376999998],[6.114361762999977,9.024542809000025],[6.110298156999988,9.015908240999977],[6.1113142969999785,9.005241393999995],[6.112837791000004,8.997114182000018],[6.116901397999982,8.991527556999984],[6.118424892000007,8.98492431599999],[6.11994886399998,8.976797104000013],[6.122488498999985,8.968162537000012],[6.125028133000001,8.959527969000021],[6.1290917399999785,8.954956055000025],[6.134678840999982,8.945305824000002],[6.138234137999973,8.93311595900002],[6.13772630699998,8.929052352999975],[6.136202812000022,8.921433449000006],[6.13772630699998,8.91381454499998],[6.132647038000016,8.903147697000009],[6.132139205999977,8.89756011999998],[6.137218474999997,8.885370254999998],[6.13772630699998,8.873687743999994],[6.144837379000023,8.86200523399998],[6.1504244800000265,8.848799706000023],[6.161599158999991,8.834069252000006],[6.172265530000004,8.824419021999972],[6.17480516400002,8.819339752000019],[6.177344799000025,8.811720847999993],[6.176329135999993,8.804609298999992],[6.169725894999999,8.800546645999987],[6.160583019000001,8.791911125000013],[6.161599158999991,8.789371490000008],[6.164646625999978,8.785308837999992],[6.169725894999999,8.780229567999982],[6.176836966999986,8.775150299000018],[6.1864876750000235,8.770070076000025],[6.200709343000028,8.770070076000025],[6.220518588999994,8.763975142999982],[6.227121829999987,8.761435509000023],[6.240327835000016,8.754324913000005],[6.249978542000008,8.752800940999975],[6.257089614999984,8.748737334999987],[6.262676715999987,8.74975299800002],[6.271311282999989,8.74975299800002],[6.279946327000005,8.74822998000002],[6.2845177649999755,8.747721672000011],[6.292136669000001,8.745182037000006],[6.305342673999974,8.738071441999978],[6.311437607000016,8.737054824999973],[6.327691555000001,8.736039161999997],[6.334294795999995,8.732992172000024],[6.338240147000022,8.731367110999997],[6.338240147000022,8.734532355999988],[6.347492695000028,8.75303745299999],[6.350016116999996,8.766495705000011],[6.353380679999987,8.775748253000017],[6.345810412999981,8.790047646000005],[6.340763568999989,8.800141334999978],[6.332352161000017,8.812758445999975],[6.330669880000016,8.832104683000011],[6.330669880000016,8.843880652999985],[6.328146457999992,8.854815482999982],[6.31973505000002,8.860703467999997],[6.304594516999998,8.862385749999987],[6.296183109000026,8.868273735000002],[6.28861284300001,8.880891799999972],[6.286089419999996,8.887620926000011],[6.284407138999995,8.896032332999994],[6.289453982999987,8.906126022000024],[6.290295124000011,8.914537429999996],[6.285248280000019,8.929677963000017],[6.284407138999995,8.93808937099999],[6.284407138999995,8.950706481999987],[6.285248280000019,8.957435608000026],[6.286089419999996,8.961641311999983],[6.285248280000019,8.970052719000023],[6.281042576000004,8.978464126999995],[6.280201434999981,8.985193252999977],[6.275154590999989,8.991922379000016],[6.273472308999999,9.00706291199998],[6.273472308999999,9.01715660100001],[6.275154590999989,9.025568007999993],[6.271790027999998,9.043231963999972],[6.286089419999996,9.065942763999999],[6.296183109000026,9.077718735000019],[6.3172116279999955,9.090335846000016],[6.322258471999987,9.105476378999981],[6.3172116279999955,9.115570068000011],[6.312164783000014,9.124822617000007],[6.306276797999999,9.13323402399999],[6.298706531999983,9.14669227600001],[6.298706531999983,9.154719353000019],[6.298706531999983,9.160991668999998],[6.296183109000026,9.170244217000004],[6.304594516999998,9.184543609999992],[6.307959079999989,9.191272735999974],[6.318893908999996,9.194637299000021],[6.328146457999992,9.211460113999976],[6.332352161000017,9.217348098999992],[6.341604710000013,9.225759505999974],[6.348333835999995,9.220712661999983],[6.35422182100001,9.227441788000021],[6.370203494999998,9.234170914000003],[6.378614901999981,9.24174118000002],[6.390390873000001,9.250993729000015],[6.397119998999983,9.258563994999975],[6.3996434210000075,9.262769698999989],[6.397961140000007,9.272863388000019],[6.4030079839999985,9.280433655000024],[6.4181485180000095,9.283798218000015],[6.441700459000003,9.288003921999973],[6.455158709999978,9.288003921999973],[6.467775822000021,9.282957076999992],[6.47198152499999,9.272022246999995],[6.479551791999995,9.267816544000027],[6.4854397770000105,9.260246277000022],[6.4854397770000105,9.250993729000015],[6.484598636999976,9.244264602999976],[6.4921689029999925,9.24174118000002],[6.497215747999974,9.24174118000002],[6.5005803110000215,9.235853195000004],[6.50646829599998,9.229965209999989],[6.512356280999995,9.229124069000022],[6.522449970000025,9.229965209999989],[6.526823997000008,9.229965209999989],[6.525814533000016,9.23501205399998],[6.519926548000001,9.242582320999986],[6.511515141000018,9.249311447000025],[6.5073094370000035,9.256881713999974],[6.508150578000027,9.263610840000013],[6.505627155000013,9.268657684000004],[6.491327763000015,9.282957076999992],[6.487963200000024,9.296415329000013],[6.498056888999997,9.308191298999986],[6.503103732999989,9.314079284999991],[6.504786014999979,9.326696395999988],[6.503103732999989,9.335948943999995],[6.504786014999979,9.344360352000024],[6.503103732999989,9.363706589000003],[6.50646829599998,9.3763237],[6.502262592000022,9.387258529999997],[6.496374607000007,9.399034500000027],[6.489645481000025,9.411651611000025],[6.486280917999977,9.423427581999988],[6.4807357789999855,9.423735619000013]]]},"properties":{"fid":509,"cty_nm":"Nigeria","iso3cd":"NGA","adm1nm":"Niger","adm2nm":"Katcha","adm1cd":"NGA027","adm2cd":"NGA027010"}},{"type":"Feature","id":511,"geometry":{"type":"Polygon","coordinates":[[[6.786707401000001,9.155335426000022],[6.77722454100001,9.170525551000026],[6.77722454100001,9.180274010000005],[6.780474185999992,9.198146819999977],[6.782098770000005,9.217102050999983],[6.780474185999992,9.225767136000002],[6.77451658199999,9.250138283000013],[6.768017768999982,9.267469405999975],[6.768017768999982,9.275592803999984],[6.763143538999998,9.284257889000003],[6.759893894000015,9.294006347999982],[6.750687121999988,9.30483818099998],[6.749603748000027,9.310254096999984],[6.745812892999993,9.318378447999976],[6.743646622000028,9.331376076000026],[6.746354580000002,9.341666222000015],[6.7609772679999764,9.344915389999983],[6.772350311000025,9.342749595999976],[6.783182144000023,9.339499473999979],[6.79130601899999,9.329751015],[6.7945551870000145,9.318919182000002],[6.809719562999987,9.307004929000016],[6.811886311000023,9.299422263999986],[6.822175979999997,9.290757179000025],[6.831924915000002,9.289673805000007],[6.836257457999977,9.296714783000027],[6.8370695109999815,9.301047325000013],[6.8381528849999995,9.314044952000017],[6.834903240000017,9.324335098000006],[6.835444927000026,9.329751015],[6.8392362590000175,9.335708618000012],[6.845735073000014,9.338417053],[6.853858947999981,9.338417053],[6.859274863999985,9.343291282999985],[6.861982822000016,9.35574722299998],[6.859274863999985,9.359538078000014],[6.851692677000017,9.366579055999978],[6.843027114999984,9.375244140999996],[6.836528300999987,9.384992598999986],[6.8372015950000105,9.387349128999972],[6.834091187000013,9.386617661000002],[6.823801041000024,9.381201744000009],[6.810802937000005,9.380660057],[6.797263144999988,9.371453284999973],[6.783723830999975,9.369828224000003],[6.769642352999995,9.366037369000026],[6.75501966500002,9.366037369000026],[6.7409386630000085,9.357913971000016],[6.7311902050000185,9.358996391000005],[6.723066329999995,9.352498055000012],[6.721441745999982,9.339499473999979],[6.720900058999973,9.326501845999985],[6.716025828999989,9.31242084500002],[6.716025828999989,9.298339843999997],[6.723608017000004,9.289132117999998],[6.724690914000007,9.27775955200002],[6.721441745999982,9.27071857499999],[6.716567515999998,9.260428429000001],[6.706819057000018,9.250138283000013],[6.701403141000014,9.240389823999976],[6.694903850999992,9.239306450000015],[6.685697079000022,9.233349799999985],[6.682447432999993,9.219809532],[6.672698975000003,9.218726157999981],[6.651035786000023,9.21926784499999],[6.634246349000023,9.220892906000017],[6.628289223000024,9.22685051000002],[6.6250395769999955,9.236057281],[6.621789932000013,9.237140656000008],[6.618540763999988,9.236057281],[6.612583159999986,9.230099677999988],[6.5995850560000235,9.227392196999972],[6.586587429000019,9.233349799999985],[6.567090033999989,9.232808112999976],[6.550842762000002,9.224142074999975],[6.535322188999999,9.220931053000015],[6.540552616000014,9.208977699000002],[6.542718886999978,9.193813324000018],[6.540010929000005,9.17539978000002],[6.534595013000001,9.161318778999998],[6.534053802000017,9.15265369399998],[6.531345843999986,9.138572693000015],[6.537844657999983,9.125574111999981],[6.54705143000001,9.108243942000001],[6.567090033999989,9.082789420999973],[6.570339680000018,9.06708335899998],[6.573589325,9.036754608000024],[6.584420680999983,9.025922775000026],[6.600668429999985,9.001551628000016],[6.606242179999981,8.991261482000027],[6.603918076000014,8.991261482000027],[6.594169616999977,8.979346275000012],[6.584962367999992,8.968514442000014],[6.58171272300001,8.952809333999994],[6.579005241000004,8.932770729000026],[6.582254410000019,8.907857895000006],[6.587128639000014,8.87915325199998],[6.59850215900002,8.85369873000002],[6.599043845999972,8.842867850999994],[6.591461658000014,8.83528518700001],[6.582796097000028,8.808747292000021],[6.575755596000022,8.786542892],[6.5611329079999905,8.775711059999992],[6.54434347199998,8.765962601000012],[6.534595013000001,8.748631477000004],[6.532970427999999,8.73563385],[6.538928032000001,8.714511871000013],[6.543260573999987,8.705846785999995],[6.546510220000016,8.690682411000012],[6.545968533000007,8.665769576999992],[6.540552616000014,8.64194011699999],[6.535678387000019,8.627859116000025],[6.521055697999998,8.611069679000025],[6.501017094000019,8.587781905999975],[6.486394404999999,8.579115867999974],[6.467980384999976,8.579115867999974],[6.45119142499999,8.58886432600002],[6.439276217999975,8.594821930000023],[6.427361487999974,8.598071097999991],[6.408037186000001,8.603014945999973],[6.413877486999979,8.581600189000028],[6.424908637999977,8.549426079],[6.431343555000012,8.519090651999988],[6.4391570089999846,8.49335193600001],[6.449268818000007,8.459340096000005],[6.452945709000005,8.448308945000008],[6.481442451000021,8.427165984999988],[6.503504276000001,8.412458420000007],[6.512696742999992,8.398669242999972],[6.527404784999987,8.375688552999975],[6.551305293999974,8.369254112000021],[6.5623359680000135,8.35362625099998],[6.571528435000005,8.342595099999983],[6.57980203599999,8.330645560999983],[6.588075161000006,8.326048850999996],[6.599105834999989,8.32421016699999],[6.60829830199998,8.314098358000024],[6.613813876999984,8.299390792999986],[6.626683234999973,8.287440300000014],[6.631279468999992,8.27641010299999],[6.641391277000025,8.255267143000026],[6.657938004000016,8.235962868000001],[6.665291786000012,8.22677040100001],[6.67172670399998,8.22033596],[6.683676719999994,8.212981223999975],[6.688272953000023,8.201951027000007],[6.690111636999973,8.185403823999991],[6.691258430000005,8.183006287000012],[6.699763775000008,8.189081192000003],[6.712633132999997,8.201951027000007],[6.714471339999989,8.229528426999991],[6.718148708000001,8.243316649999997],[6.724583149000011,8.249751091000007],[6.721825599999988,8.258943557999999],[6.719986915999982,8.274571418999983],[6.730098724000015,8.283763884999985],[6.743887423999979,8.265378951999992],[6.7494029999999725,8.263540267999986],[6.755837917000008,8.268136024],[6.761353015999987,8.272732734999977],[6.763191699999993,8.281925200999979],[6.761353015999987,8.292956351999976],[6.7494029999999725,8.299390792999986],[6.751241207000021,8.304905890999976],[6.760434151000027,8.305825233000007],[6.766868590999991,8.308583259999978],[6.769626616999972,8.31777572599998],[6.770545482999978,8.330645560999983],[6.772384166999984,8.335241317999987],[6.77973794899998,8.331564903000015],[6.790769099999977,8.330645560999983],[6.801800250999975,8.338918686],[6.80731535000001,8.342595099999983],[6.810992718000023,8.351787566999974],[6.8146696090000205,8.356384277000018],[6.82294273399998,8.367415428000015],[6.826619624999978,8.374769211],[6.8275389670000095,8.379364967000015],[6.832135201000028,8.386719703999972],[6.836731434000001,8.391315459999987],[6.837650775999975,8.396831512000006],[6.833054543000003,8.40142726900001],[6.824781417999986,8.40418529499999],[6.832135201000028,8.417054176000022],[6.832135201000028,8.425327300999982],[6.824781417999986,8.432682037000006],[6.827260970999987,8.45251846299999],[6.827889918999972,8.45755004900002],[6.77852249099999,8.45755004900002],[6.784782887000006,8.991261482000027],[6.786707401000001,9.155335426000022]]]},"properties":{"fid":511,"cty_nm":"Nigeria","iso3cd":"NGA","adm1nm":"Niger","adm2nm":"Lapai","adm1cd":"NGA027","adm2cd":"NGA027012"}},{"type":"Feature","id":512,"geometry":{"type":"Polygon","coordinates":[[[5.607848166999986,9.68583393099999],[5.581430435000016,9.70234489400002],[5.552260875999991,9.721424103000004],[5.539052009999978,9.733165740999993],[5.5214400290000185,9.746741294999993],[5.511166573000025,9.752244948999987],[5.491720199999975,9.751144409000005],[5.474475384000016,9.747841834999974],[5.462000369999998,9.74197101599998],[5.434114932999989,9.734999657000003],[5.4124670030000175,9.729496002000019],[5.3451385500000015,9.717020988000002],[5.320555210000009,9.709316253999987],[5.310648441000012,9.700877190000028],[5.302943229999983,9.683631896999998],[5.298173427999984,9.639602661000026],[5.292669773,9.603278160000002],[5.290835381000022,9.574292183000011],[5.287716389000025,9.551177025000015],[5.289232254000012,9.544153214000005],[5.301422596000009,9.541105270000003],[5.308025837000002,9.533994674999974],[5.321739674000014,9.529422759999989],[5.330374717999973,9.525867462000008],[5.335453986999994,9.519264221000014],[5.34307289100002,9.51113796200002],[5.351199627000028,9.507074355999976],[5.356786727999975,9.498947143999999],[5.363897800000018,9.492344855999988],[5.3730406760000164,9.481169700999999],[5.379643439999995,9.474567412999988],[5.386754513000028,9.469995498999992],[5.388786315999994,9.46694755599998],[5.3923416139999745,9.466440201000012],[5.395389556999987,9.464916228999982],[5.415706634999992,9.442567825000026],[5.429928302999997,9.425806045999991],[5.432467937000013,9.419202804999998],[5.429928302999997,9.408535957000026],[5.420785904000013,9.396346091999987],[5.4116430280000145,9.386694907999981],[5.409611224999992,9.372981071000027],[5.412150859999997,9.357743262999975],[5.41418266300002,9.351140021999981],[5.425865172999977,9.337934494000024],[5.429928302999997,9.331331252999973],[5.442118644999994,9.321172714],[5.456340790000013,9.309998511999993],[5.464975357000014,9.299839973000019],[5.4675149920000194,9.297807692999982],[5.472594260999983,9.296283721999998],[5.487578391999989,9.287649154999997],[5.494181156000025,9.283078193999984],[5.500784397000018,9.276983260999998],[5.503324032000023,9.264792441999987],[5.502308368999991,9.247523307999984],[5.502816199999984,9.23584079699998],[5.500276566000025,9.229745864999984],[5.500784397000018,9.21806335399998],[5.501800059999994,9.212475777000009],[5.495197296000015,9.201301575000002],[5.490118026999994,9.19317436199998],[5.487578391999989,9.188603401000023],[5.485038756999984,9.17285728500002],[5.484022616999994,9.16777801500001],[5.486054420000016,9.157112122000001],[5.500276566000025,9.138826370000004],[5.505112648000022,9.138400078000018],[5.5150189400000045,9.138400078000018],[5.525659560999998,9.138032913000018],[5.543271542000014,9.14206886300002],[5.559782504999987,9.144269942999983],[5.57042312599998,9.147939682000015],[5.583631991999994,9.154911040999991],[5.597574233999978,9.165184021000016],[5.604178905000026,9.16811943099998],[5.615186214000005,9.176925659000005],[5.62729453999998,9.186465263000002],[5.633532047000017,9.189400673000023],[5.642337799000018,9.189767838000023],[5.649309157999994,9.192336081999997],[5.656647205000013,9.193803786999979],[5.667654991000006,9.192703246999997],[5.678295134999985,9.189400673000023],[5.683064937999973,9.181328773000018],[5.685633659000018,9.176925659000005],[5.684165955000026,9.165551186000016],[5.682698249999987,9.158579825999993],[5.686000347000004,9.149040221999996],[5.696640967999997,9.139500618],[5.70948267,9.138032913000018],[5.712785243999974,9.136565207999979],[5.718655586000011,9.132896422999977],[5.721224307999989,9.131061553999984],[5.724159240999995,9.131061553999984],[5.737368107000009,9.135097503999987],[5.740303515999983,9.13729953799998],[5.746174334999978,9.135831832999997],[5.749109267999984,9.133996964000005],[5.757548331999999,9.134364128000016],[5.764153003999979,9.131061553999984],[5.766721249,9.12775898000001],[5.765620707999972,9.123723030000008],[5.763785838999979,9.118219376000013],[5.763051986999983,9.115283965999993],[5.762318133999997,9.11124801599999],[5.761584282000001,9.107946395999988],[5.760117053999977,9.106111526000007],[5.758649348999995,9.103543281999976],[5.757548331999999,9.100240707000012],[5.757915496999999,9.091801642999997],[5.756080627000017,9.089600562999976],[5.751677990000019,9.087032318000013],[5.748742579999998,9.086665154000002],[5.743605613999989,9.085564612999974],[5.739569663999987,9.08299636800001],[5.736634254000023,9.077858924999987],[5.736634254000023,9.073089600000003],[5.738101959000005,9.062448501999995],[5.73773527100002,9.05437660199999],[5.735167026999989,9.050340651999988],[5.731497764999972,9.048505782999996],[5.725260257999992,9.046304702999976],[5.721590995999975,9.043369293000012],[5.718288898000026,9.036765098999979],[5.717555045999973,9.029426575000002],[5.719389438999997,9.024290085000018],[5.720857142999989,9.021721839999998],[5.725260257999992,9.019519806000005],[5.736267567000027,9.012915610999983],[5.740303515999983,9.01108074199999],[5.753879546999997,9.01108074199999],[5.760850905999973,9.01364898700001],[5.763785838999979,9.017318725999985],[5.771124363000013,9.021721839999998],[5.774059771999987,9.02502346],[5.78103113200001,9.031994820000023],[5.784699917000012,9.034563064999986],[5.790203571000006,9.03713226299999],[5.794973373000005,9.038966178999999],[5.797542094999983,9.039333344],[5.8009700779999775,9.03911876699999],[5.8009700779999775,9.042320250999978],[5.799446106000005,9.052986144999977],[5.80198574100001,9.068732262000026],[5.803001881,9.080922127000008],[5.805033207000008,9.090065002000017],[5.811128616000019,9.108350754000014],[5.813668251000024,9.120540618999996],[5.815191745999982,9.126128197000014],[5.827636241999983,9.159651756000017],[5.82611227000001,9.176413535999984],[5.82611227000001,9.192667007000011],[5.823572635999994,9.211968421999984],[5.823064804000012,9.225173949999999],[5.823064804000012,9.232792854000024],[5.826620579000007,9.248030663000009],[5.833223342999986,9.269871711999997],[5.833223342999986,9.283078193999984],[5.8327155110000035,9.296792030000006],[5.84388971300001,9.31202983899999],[5.846937656000023,9.321681022999996],[5.849477291000028,9.328791618000025],[5.850747108000007,9.348600388000023],[5.860397815999988,9.37806034099998],[5.86903238299999,9.396854400999985],[5.873095988999978,9.417171478],[5.876651287000016,9.42986965199998],[5.889349460999995,9.454249382],[5.8918890950000105,9.475074768000013],[5.893920897999976,9.488788605000025],[5.890738010000007,9.489168167000003],[5.8815650939999955,9.48770046200002],[5.865054131000022,9.489902496000013],[5.855147362000025,9.49687385599998],[5.838269233999995,9.507881165000015],[5.833499431999996,9.509716034000007],[5.820657252999979,9.509348869000007],[5.809283257000004,9.499442101],[5.803045750000024,9.492103577000023],[5.798275948000025,9.482196808000026],[5.7905707360000065,9.48256397199998],[5.780297279000024,9.489535332000003],[5.751677990000019,9.51411819499998],[5.742137909000007,9.526593208000008],[5.735900402000027,9.541637421000019],[5.732231617000025,9.555580139000028],[5.731130599999972,9.568788528000027],[5.7197566030000075,9.586033821000001],[5.713885784000013,9.601444243999993],[5.707648276999976,9.610616683999979],[5.667287826999996,9.638869285999988],[5.645639895999977,9.65427970899998],[5.637200832000019,9.664552689000004],[5.618121624000025,9.675193787000012],[5.607848166999986,9.68583393099999]]]},"properties":{"fid":512,"cty_nm":"Nigeria","iso3cd":"NGA","adm1nm":"Niger","adm2nm":"Lavun","adm1cd":"NGA027","adm2cd":"NGA027013"}},{"type":"Feature","id":513,"geometry":{"type":"Polygon","coordinates":[[[5.355175018000011,10.682399750000002],[5.353245734999973,10.68867015799998],[5.349062919999994,10.705401420999976],[5.347389697999972,10.72547817200001],[5.348226547000024,10.745554923999975],[5.349711418000027,10.772286414999996],[5.351614951999977,10.774921416999973],[5.3398609160000206,10.772323608000022],[5.3314957619999745,10.769813537999994],[5.3206210139999826,10.771487235999984],[5.314765453000007,10.768140792999986],[5.311419010000009,10.761448859999973],[5.306399822000003,10.752246856999989],[5.2988710399999945,10.744717598000022],[5.293015480000008,10.743044853000015],[5.288832663999983,10.743881225999985],[5.283813477000024,10.753083229000026],[5.2737751010000125,10.757266044999994],[5.272102356000005,10.761448859999973],[5.265409945999977,10.758938789000013],[5.264573573999996,10.753083229000026],[5.265409945999977,10.740535736000027],[5.265409945999977,10.733006477000004],[5.261227130999998,10.727150917000017],[5.257044791999988,10.728823662000025],[5.250352383000006,10.729660034000005],[5.2470064159999765,10.72631454499998],[5.245333195000001,10.719621657999994],[5.234458447000009,10.713766098000008],[5.223583698000027,10.718785286000013],[5.220237254999972,10.718785286000013],[5.216054916000019,10.714602469999988],[5.206852912999977,10.713766098000008],[5.203506946999994,10.717948913999976],[5.197650909000004,10.72547817200001],[5.19012260400001,10.728823662000025],[5.184266567000009,10.730497360000015],[5.179247379000003,10.733842849999974],[5.174228190999997,10.742208480999977],[5.165026665000028,10.743881225999985],[5.155824660999997,10.747227668999983],[5.149969101000011,10.749736786000028],[5.14411306400001,10.74806404100002],[5.137421130999996,10.742208480999977],[5.132401942999991,10.743044853000015],[5.123199940000006,10.739698410000017],[5.112325191000025,10.740535736000027],[5.107306004000009,10.745554923999975],[5.108142375999989,10.757266044999994],[5.100878716000011,10.759829520999972],[5.098797321000006,10.760563849999983],[5.096431255000027,10.759775161999983],[5.0797004699999775,10.755593299999987],[5.074681281999972,10.74890041399999],[5.064642906000017,10.747227668999983],[5.057114124000009,10.739698410000017],[5.049585342,10.73802566500001],[5.040383815999974,10.737189292999972],[5.031181812,10.744717598000022],[5.026998997000021,10.74806404100002],[5.020307064000008,10.746391296000013],[5.011941433000004,10.740535736000027],[5.008595467000021,10.733842849999974],[5.008595467000021,10.721295356999974],[4.9952111239999795,10.719621657999994],[4.98684596999999,10.717112541000006],[4.979317187999982,10.717112541000006],[4.975970744999984,10.713766098000008],[4.973461150999981,10.710420608999982],[4.965932368999972,10.707074164999995],[4.955893993000018,10.704564095000023],[4.948365211000009,10.701218605000008],[4.946692466999991,10.693689345999985],[4.9416732789999855,10.68867015799998],[4.931634902999974,10.687833785999999],[4.923269748999985,10.693689345999985],[4.914904117999981,10.687833785999999],[4.9090485570000055,10.687833785999999],[4.8939909929999885,10.693689345999985],[4.890645027000005,10.701218605000008],[4.881443024000021,10.702891350000016],[4.8680586809999795,10.700382233000028],[4.862203120999993,10.707074164999995],[4.847145556999976,10.704564095000023],[4.843799113999978,10.699544907000018],[4.836270332000026,10.700382233000028],[4.831251144000021,10.703727721999996],[4.814520835999986,10.704564095000023],[4.80950164799998,10.69787216200001],[4.806992053999977,10.692852974000004],[4.814520835999986,10.674449921000019],[4.812011241999983,10.66190147399999],[4.802809238000009,10.652699471000005],[4.796117305999985,10.629277229000024],[4.801972866000028,10.613383293000027],[4.814520835999986,10.604181289999985],[4.823722363000002,10.594979286000012],[4.82790517799998,10.569883346999973],[4.822049617999994,10.559008597999991],[4.819540023999991,10.538095473999988],[4.818703174999996,10.52220153799999],[4.818703174999996,10.507143973999973],[4.826231956000015,10.495431900000028],[4.832924365999986,10.487903594999977],[4.84505415000001,10.478701591000004],[4.853419303999999,10.460297584999978],[4.8525829320000184,10.44440364799999],[4.846726894000028,10.420981407],[4.844217300000025,10.389192580999975],[4.83919811200002,10.36660671200002],[4.834179400999972,10.333145141999978],[4.828323364000028,10.315578460999973],[4.814939021999976,10.305540085000018],[4.804064273999984,10.296338080999988],[4.77645874000001,10.295501709000007],[4.748853207000025,10.305540085000018],[4.731286049000005,10.314742088000003],[4.712882519000004,10.310559273000024],[4.705353736999996,10.30219364200002],[4.702007771000012,10.293828964],[4.702007771000012,10.272915839999996],[4.705353736999996,10.252839087999973],[4.696988583000007,10.24029064199999],[4.676911830999984,10.23025226599998],[4.6693830489999755,10.226069450000011],[4.671055793999983,10.211849212999994],[4.678584575999992,10.197628021000014],[4.692805766999982,10.180060387000026],[4.705353736999996,10.172532081999975],[4.712882519000004,10.161657332999994],[4.712882519000004,10.156638144999988],[4.710791110999992,10.131542206000006],[4.699916363,10.119830132000004],[4.6898779869999885,10.113974571000028],[4.66812801399999,10.113138198999991],[4.643868923000014,10.120667458000014],[4.636340141000005,10.127359389999981],[4.610407828999996,10.135725020999985],[4.579455853000013,10.132378577999987],[4.537629604000017,10.118157386999997],[4.526921271999981,10.11426353500002],[4.526861191000023,10.111193657000001],[4.5299825669999905,10.10058021499998],[4.5549559599999725,10.081850051999993],[4.570563794000009,10.06936359399998],[4.58554744700001,10.033777236999981],[4.580553054999996,10.00630664800002],[4.57430982599999,9.991323470999987],[4.572436810999989,9.975714684000025],[4.575558661999992,9.963852882000026],[4.578680038000016,9.949493408000023],[4.583050250999975,9.942001343000015],[4.586796284000002,9.925768851999976],[4.5917911540000205,9.912657738000007],[4.5924153330000195,9.902668952999989],[4.58742046399999,9.893303871],[4.579928875000007,9.879569054000001],[4.584299088000023,9.874574660999997],[4.590542315999983,9.87332534799998],[4.594912529999988,9.870203972000013],[4.601779938999982,9.859590529999991],[4.604901790999975,9.845231055999989],[4.621134282000014,9.827125549000016],[4.622090816000025,9.823873520000006],[4.641359329000011,9.847958564999999],[4.660599231999981,9.881420134999985],[4.698243140999978,9.926591873000007],[4.734213828999998,9.965072631999988],[4.766838550999978,9.988495827000008],[4.7852420809999785,9.991004943999997],[4.799463272000025,9.991004943999997],[4.812011241999983,9.985985755999991],[4.831251144000021,9.979293822999978],[4.844635962999973,9.970928191999974],[4.853837489999989,9.962563515],[4.864712714999996,9.956707000999984],[4.880606650999994,9.956707000999984],[4.8939909929999885,9.959217072000001],[4.901519774999997,9.967582703000005],[4.907375335999973,9.980966567999985],[4.913649559000021,9.99853420300002],[4.915322303999972,10.01108169600002],[4.909466742999996,10.036177635000001],[4.909466742999996,10.063782692000018],[4.911976336999999,10.078840255999978],[4.912812710000026,10.10309982299998],[4.9178318979999744,10.117321014000026],[4.9211783409999725,10.144089699000006],[4.928707122999981,10.164166451000028],[4.951293468000017,10.172532081999975],[4.968860149000022,10.18926239000001],[4.978898524999977,10.199300766000022],[5.009013653000011,10.200973510999972],[5.037455559000023,10.207666397000025],[5.062551498000005,10.21603107499999],[5.088484287000028,10.223560333000023],[5.10856056199998,10.232762336999997],[5.132820128999981,10.255348206000008],[5.156242846999987,10.271242142000006],[5.160425663000012,10.277097701999992],[5.167696476000003,10.283884048000004],[5.172973633000026,10.288809775999994],[5.175483226999972,10.300520897000013],[5.17631959900001,10.308049202000007],[5.183848381000018,10.318087578000018],[5.193468570999983,10.332308769000008],[5.207689285000015,10.345693588000017],[5.224420070999997,10.35656833600001],[5.249516009999979,10.361587524000015],[5.270429133999983,10.363260269000023],[5.283813477000024,10.359914779999997],[5.3030538560000196,10.363260269000023],[5.314765453000007,10.360751151999978],[5.327312946000006,10.363260269000023],[5.340697765000016,10.371625900000026],[5.348226547000024,10.379991530999973],[5.354082108,10.39504909499999],[5.354918479999981,10.414288521000003],[5.346553325999992,10.435201645000006],[5.338188171000013,10.453605652000022],[5.328149795999991,10.478701591000004],[5.325640201999988,10.511325836000026],[5.3248033520000035,10.530566216000011],[5.322294235000015,10.555662154999993],[5.326476574000026,10.569883346999973],[5.340697765000016,10.594979286000012],[5.346553325999992,10.607526779000011],[5.356591702000003,10.622584343000028],[5.355755328999976,10.64851665499998],[5.358264922999979,10.659392357000002],[5.356591702000003,10.677795409999987],[5.355175018000011,10.682399750000002]]]},"properties":{"fid":513,"cty_nm":"Nigeria","iso3cd":"NGA","adm1nm":"Niger","adm2nm":"Magama","adm1cd":"NGA027","adm2cd":"NGA027014"}},{"type":"Feature","id":514,"geometry":{"type":"Polygon","coordinates":[[[6.1613006590000055,10.866134643999999],[6.162834167000028,10.868894576999992],[6.1644401550000225,10.872910499999989],[6.1644401550000225,10.881745337999973],[6.163637160999997,10.890580177000004],[6.160424232000025,10.902627945000006],[6.160424232000025,10.909053802000017],[6.161227703000009,10.917085648000011],[6.159621238999989,10.925920485999995],[6.15239238700002,10.929936408999993],[6.149982928999975,10.939575194999975],[6.148376465000013,10.950016022],[6.145967007000024,10.95724487299998],[6.140344620000008,10.96367073099998],[6.134722232999991,10.971702575999984],[6.131509780999977,10.978930472999991],[6.119462012999975,10.995798111],[6.114642619999984,11.001420021000001],[6.106610774999979,11.007845879000001],[6.0945630069999766,11.012664794999978],[6.076089858999978,11.025515556000016],[6.064845085000002,11.031941414000016],[6.052797317999989,11.043186187999993],[6.0463719370000035,11.054430962000026],[6.0399460790000035,11.066478728999982],[6.032717704999982,11.075313568000013],[6.031111239999973,11.084148406999986],[6.026292323999996,11.101015091000022],[6.026292323999996,11.113866805999976],[6.021472931000005,11.125914573999978],[6.0158505439999885,11.13796234099999],[6.006212233999975,11.141978263999988],[6.0005903239999725,11.143584250999993],[5.993361472999993,11.145994185999996],[5.985329627999988,11.144387245000019],[5.9740848540000115,11.136355400000014],[5.962037086000009,11.120291710000004],[5.960175036999999,11.11785697900001],[5.951595783000016,11.106637954999997],[5.94517040300002,11.100212096999996],[5.935532093000006,11.089770316999989],[5.926696777000018,11.076919556000007],[5.921074390000001,11.07049465199998],[5.911436080999977,11.064871788000005],[5.893766402999972,11.062462806999974],[5.875292778000016,11.059249878000003],[5.863245010000014,11.057642937000026],[5.844771862000016,11.056839943],[5.831117629999994,11.056036948999974],[5.820676327000001,11.052824020000003],[5.807427883000003,11.045851706999997],[5.805415630000027,11.044792174999998],[5.795777321000003,11.043989182000018],[5.779713630999993,11.035154342999988],[5.765256405000002,11.028728484999988],[5.7548146249999945,11.017483711000011],[5.741963863000024,11.003829956000004],[5.7210807800000225,10.994995116999974],[5.704214095999987,10.990175247000025],[5.691362857999991,10.98214340200002],[5.680118560999972,10.975718497999992],[5.664054871000019,10.97330856299999],[5.656826018999993,10.966882705999978],[5.6367464069999755,10.962063789000013],[5.622288704000027,10.962063789000013],[5.609437942999989,10.965276717999984],[5.589358329999982,10.964473724000015],[5.574900626999977,10.965276717999984],[5.562852858999975,10.96367073099998],[5.533938407999983,10.961260795999976],[5.525906562999978,10.962063789000013],[5.514661789000002,10.962063789000013],[5.492172718000006,10.958850860999974],[5.472896099000025,10.95644187900001],[5.465667247999988,10.954031944000008],[5.458438872999977,10.953228951000028],[5.4528164860000174,10.95644187900001],[5.4447846410000125,10.97330856299999],[5.440768719000005,10.985356330999991],[5.439965248000021,10.998207091999973],[5.435949326000014,11.007042884999976],[5.429990292000014,11.016810416999988],[5.416673183,11.00864887199998],[5.402215480999985,10.997404098999993],[5.389364719000014,10.97973442099999],[5.384545326000023,10.966882705999978],[5.382938862000003,10.95644187900001],[5.381332874000009,10.938771248000023],[5.376513481000018,10.928330420999998],[5.374907016999998,10.918691635000016],[5.368481636000013,10.91146278399998],[5.363662719999979,10.901021957000012],[5.3580403330000195,10.884958267000002],[5.355630874999974,10.876926421999997],[5.3564338680000105,10.862468718999992],[5.360449791000008,10.837570190000008],[5.363662719999979,10.82712841],[5.3660721780000245,10.815080642999988],[5.363662719999979,10.80142688799998],[5.358843326999988,10.80463886299998],[5.355630874999974,10.800622939999982],[5.355630874999974,10.793395041999986],[5.354827403999991,10.782953261999978],[5.351614951999977,10.774921416999973],[5.349711418000027,10.772286414999996],[5.348226547000024,10.745554923999975],[5.347389697999972,10.72547817200001],[5.349062919999994,10.705401420999976],[5.353245734999973,10.68867015799998],[5.355175018000011,10.682399750000002],[5.377313614000002,10.687143326000012],[5.408036708999987,10.691445351000027],[5.43384408999998,10.693902969000021],[5.454121112999985,10.695131301999993],[5.4774708749999945,10.693902969000021],[5.491603374000022,10.693288802999973],[5.505735873999981,10.687758445999975],[5.517410755000014,10.68407154099998],[5.540145874000018,10.689601897999978],[5.56165170700001,10.699433327000008],[5.570254325999997,10.703119277999974],[5.583772182000018,10.690830231000007],[5.589916705999997,10.68407154099998],[5.599748135000027,10.678541182999993],[5.607736111000008,10.661335945000019],[5.621254443999987,10.623854637000022],[5.621254443999987,10.610336303999986],[5.622483252999984,10.601119041000004],[5.633543491000012,10.584528922999993],[5.641531466999993,10.583299636999982],[5.6556639670000095,10.562408446999996],[5.673483372000021,10.539672852000024],[5.677784920000022,10.523082733000024],[5.674712657999976,10.512637138000002],[5.680242538000016,10.501576424000007],[5.680857182000011,10.478841782000018],[5.685158252999997,10.45426368699998],[5.683929443000011,10.418624878000003],[5.682700634000014,10.408179282999981],[5.696218491000025,10.363937378000003],[5.698061943000027,10.343046188000017],[5.701134205000017,10.317238808000013],[5.703591824,10.29143142700002],[5.703591824,10.285901070000023],[5.709736824000004,10.279142379999996],[5.713423251999984,10.27484130900001],[5.722640513999977,10.255792617999987],[5.728339672000004,10.237745285000017],[5.740558624000016,10.238617896999983],[5.762308598000004,10.237781525000003],[5.778202534000002,10.229415893999999],[5.805808066999987,10.209339141999976],[5.83006715800002,10.191772461000028],[5.852653502999999,10.17504119900002],[5.878585815000008,10.166676521],[5.902845382999999,10.157474518000015],[5.933796883000014,10.137397765999992],[5.9471812250000085,10.121503829999995],[5.9722771639999905,10.095571517999986],[5.982315540000002,10.09055232999998],[5.991517543999976,10.083023071000014],[5.999166489000004,10.070350646999998],[6.005409240999995,10.075345039000013],[6.011031628000012,10.075345039000013],[6.022275924999974,10.075345039000013],[6.026292323999996,10.084983825999984],[6.027898311999991,10.094621657999994],[6.030308246999994,10.104259490999993],[6.024685859999977,10.111488341999973],[6.014244080000026,10.111488341999973],[6.011031628000012,10.117914199999973],[6.017457008000008,10.125946044999978],[6.024685859999977,10.126749039000003],[6.030308246999994,10.132371901999988],[6.027095318000022,10.139599799999985],[6.019866466999986,10.149238586000024],[6.017457008000008,10.158876419000023],[6.022275924999974,10.166908264000028],[6.021071434000021,10.18377590199998],[6.025087357000018,10.195019721999984],[6.023480892000009,10.213493346999996],[6.018661975999976,10.228754044000027],[6.0242843629999925,10.23196697200001],[6.031512737000014,10.235982895000006],[6.037938118,10.247227668999983],[6.041954040999997,10.273732184999972],[6.048379898000007,10.282567977999975],[6.054002285000024,10.288189887999977],[6.058821201000001,10.297827720999976],[6.0556082730000185,10.30666351299999],[6.045166968999979,10.314695357999994],[6.043560505000016,10.329955100999996],[6.041151047000028,10.339593886999978],[6.043560505000016,10.349231719999977],[6.045166968999979,10.363689422999983],[6.041151047000028,10.374934196000027],[6.041954040999997,10.384572029000026],[6.037938118,10.39742374399998],[6.039544582000019,10.407864571000005],[6.044363976,10.418306351000012],[6.045166968999979,10.432763099999988],[6.047576427000024,10.442401886000027],[6.054002285000024,10.453646660000004],[6.062837123999998,10.460071563999975],[6.081712245999995,10.468907355999988],[6.089744091,10.475332260000016],[6.090547085000026,10.48095512399999],[6.086531162000028,10.515491485999974],[6.091350078999994,10.52272033700001],[6.090547085000026,10.537981032999994],[6.092956543000014,10.546012877999999],[6.098578929999974,10.546012877999999],[6.107414246000019,10.546815872000025],[6.114642619999984,10.549225807000028],[6.121068001000026,10.553241730000025],[6.123477935999972,10.562076568999998],[6.12749385799998,10.569305419999978],[6.129099845999974,10.580550194000011],[6.12749385799998,10.593400954999993],[6.114642619999984,10.599022864999995],[6.1122331619999954,10.605448722999995],[6.113036156000021,10.612677573999974],[6.120265007,10.62713527699998],[6.122674464999989,10.63597011600001],[6.123667716999989,10.64043998699998],[6.124280929999998,10.64319896699999],[6.124651909000022,10.646166800999993],[6.125083922999977,10.649623871000017],[6.129099845999974,10.656049728000028],[6.132164000999978,10.659624099999974],[6.133919239000022,10.661671637999973],[6.137132167999994,10.669703484000024],[6.135525702999985,10.677735328999972],[6.132229805000009,10.678991317999987],[6.118658542999981,10.684161185999983],[6.113839626000015,10.689783095999985],[6.111430168000027,10.695405960000016],[6.1042013169999905,10.699421883000014],[6.095366001000002,10.69781494099999],[6.091350078999994,10.700224875999993],[6.091350078999994,10.708256720999998],[6.097775936000005,10.715485573000024],[6.103397846000007,10.718698501999995],[6.10580778100001,10.725123404999977],[6.108217238999998,10.733155251000028],[6.110244274000024,10.73585796399999],[6.113036156000021,10.739581107999982],[6.110931396000012,10.744843483000011],[6.109823704000007,10.747612952999987],[6.109130859000004,10.753007889000003],[6.108217238999998,10.759660720999989],[6.106454848999988,10.761171341000022],[6.1025948519999815,10.764479637000022],[6.099381923999999,10.770905495000022],[6.101791859000002,10.775724410999999],[6.103682041000013,10.779729842999984],[6.10580778100001,10.784559249999973],[6.108217238999998,10.790985106999983],[6.110626697999976,10.796607017999975],[6.110626697999976,10.801137923999988],[6.110626697999976,10.803835869000011],[6.107414246000019,10.809458732999985],[6.108217238999998,10.813474654999993],[6.115446091000024,10.813474654999993],[6.121068001000026,10.814277649000019],[6.125083922999977,10.818293571000027],[6.129099845999974,10.821506499999998],[6.131098269999995,10.824039459000005],[6.130255698999974,10.828456878999987],[6.125887394000017,10.833554268],[6.121068001000026,10.835160255000005],[6.118658542999981,10.837570190000008],[6.122674464999989,10.844799041999977],[6.137132167999994,10.852026938999984],[6.140905857000007,10.852499007999995],[6.143557548999979,10.852830886999982],[6.149982928999975,10.852830886999982],[6.154562472999999,10.855394363000016],[6.158817768000006,10.861665726000012],[6.160006522999993,10.863805770999988],[6.1613006590000055,10.866134643999999]]]},"properties":{"fid":514,"cty_nm":"Nigeria","iso3cd":"NGA","adm1nm":"Niger","adm2nm":"Mariga","adm1cd":"NGA027","adm2cd":"NGA027015"}},{"type":"Feature","id":515,"geometry":{"type":"Polygon","coordinates":[[[5.728339672000004,10.237745285000017],[5.71713590600001,10.236945151999976],[5.697059154999977,10.228579520999972],[5.651050091000002,10.21519470200002],[5.636828899000022,10.21603107499999],[5.612569808999979,10.21603107499999],[5.580781460000026,10.218541145000017],[5.54062795599998,10.216868401],[5.512186050000025,10.205992698999978],[5.4996380810000005,10.205156326000008],[5.483744144000013,10.200137138000002],[5.4670133590000205,10.194281578000016],[5.456974983000009,10.194281578000016],[5.450283050999985,10.200137138000002],[5.436061859000006,10.212685584999974],[5.427696705000017,10.221887589000005],[5.415985106999983,10.232762336999997],[5.412639141,10.241963386999998],[5.406783581000013,10.246146201999977],[5.390052794999974,10.251165389999983],[5.379178046999982,10.252839087999973],[5.352408885999978,10.247819901000014],[5.33567857700001,10.242800713000008],[5.325640201999988,10.242800713000008],[5.3139286040000115,10.246146201999977],[5.293015480000008,10.251165389999983],[5.27126550700001,10.258694649000006],[5.240314006999995,10.262040137999975],[5.226093291999973,10.265386580999973],[5.19095897699998,10.275424956999984],[5.167696476000003,10.283884048000004],[5.160425663000012,10.277097701999992],[5.156242846999987,10.271242142000006],[5.132820128999981,10.255348206000008],[5.10856056199998,10.232762336999997],[5.088484287000028,10.223560333000023],[5.062551498000005,10.21603107499999],[5.037455559000023,10.207666397000025],[5.009013653000011,10.200973510999972],[4.978898524999977,10.199300766000022],[4.968860149000022,10.18926239000001],[4.951293468000017,10.172532081999975],[4.928707122999981,10.164166451000028],[4.9211783409999725,10.144089699000006],[4.9178318979999744,10.117321014000026],[4.912812710000026,10.10309982299998],[4.911976336999999,10.078840255999978],[4.909466742999996,10.063782692000018],[4.909466742999996,10.036177635000001],[4.915322303999972,10.01108169600002],[4.913649559000021,9.99853420300002],[4.907375335999973,9.980966567999985],[4.901519774999997,9.967582703000005],[4.8939909929999885,9.959217072000001],[4.880606650999994,9.956707000999984],[4.864712714999996,9.956707000999984],[4.853837489999989,9.962563515],[4.844635962999973,9.970928191999974],[4.831251144000021,9.979293822999978],[4.812011241999983,9.985985755999991],[4.799463272000025,9.991004943999997],[4.7852420809999785,9.991004943999997],[4.766838550999978,9.988495827000008],[4.734213828999998,9.965072631999988],[4.698243140999978,9.926591873000007],[4.660599231999981,9.881420134999985],[4.641359329000011,9.847958564999999],[4.622090816000025,9.823873520000006],[4.624255657999981,9.816512107999984],[4.629874706999999,9.79653358500002],[4.6329965589999915,9.782798766999974],[4.632599830999993,9.77407455399998],[4.634869577000018,9.764068603999988],[4.6367421159999935,9.745339393999984],[4.6367421159999935,9.719741821000014],[4.630498885999998,9.712874413000009],[4.616764069999988,9.711625099000003],[4.609896182999989,9.704133986999977],[4.596785545999978,9.666049956999984],[4.581177234999984,9.632960319999995],[4.554331304000016,9.585512160999997],[4.542469025000003,9.561162948999993],[4.543717861000005,9.534941672999992],[4.552458286999979,9.50747108500002],[4.582426070999986,9.476879119999978],[4.601155758000004,9.456276893999984],[4.611145021000027,9.436298369999975],[4.611859321999987,9.427962303000015],[4.618005276000019,9.433424950000017],[4.6261320109999815,9.446630477999975],[4.626639843000021,9.457297325000013],[4.631719111999985,9.472535133000008],[4.6362905500000124,9.479138374000001],[4.636798381999995,9.490820885000005],[4.637306690000003,9.503010749999987],[4.638322352999978,9.516217231999974],[4.641369820000023,9.528407097000013],[4.6439094539999815,9.538565635999987],[4.644417286000021,9.549740790999977],[4.651020527000014,9.561422348000008],[4.657115936000025,9.575137138000002],[4.662703037000028,9.58072376299998],[4.6642265319999865,9.586818694999977],[4.665242671999977,9.592914581000002],[4.669305801000007,9.596469878999983],[4.6769247060000225,9.60002517700002],[4.687083244000007,9.60002517700002],[4.6931786540000076,9.598501204999991],[4.7013053890000265,9.588850975000014],[4.707400799000027,9.583263396999996],[4.713495731000023,9.579708099000015],[4.719082832000026,9.567009926000026],[4.72416210199998,9.563961983000013],[4.734828949000018,9.558375359000024],[4.742955685000027,9.553296089000014],[4.753114223000011,9.548216819999993],[4.760225295999987,9.547200202999989],[4.764796257,9.545677184999988],[4.769876002999979,9.54669284800002],[4.785113810999974,9.54669284800002],[4.793240546999982,9.547200202999989],[4.802382946000023,9.547708510999996],[4.808986187000016,9.547708510999996],[4.817112923000025,9.54516887699998],[4.825747966999984,9.540089607000027],[4.830827236000005,9.537549973000012],[4.834890366000025,9.530439376999993],[4.83692216899999,9.518248557999982],[4.838953972000013,9.510629654000013],[4.839969634999989,9.50097942399998],[4.837938308999981,9.489296912999976],[4.836414337000008,9.479138374000001],[4.8374299999999835,9.467455863999987],[4.839461803000006,9.460345268000026],[4.838953972000013,9.44764709499998],[4.8374299999999835,9.43850421899998],[4.837938308999981,9.42986965199998],[4.8353986739999755,9.418694496],[4.8353986739999755,9.414123534999987],[4.833874702000003,9.398377418999985],[4.839461803000006,9.386187553000013],[4.844541073000016,9.380599975999985],[4.847080708000021,9.378568648999988],[4.853683949000015,9.375013351000007],[4.861302852999984,9.372473716999991],[4.865874290000022,9.368917464999981],[4.877556324000011,9.368410110000013],[4.8841595650000045,9.366886138999973],[4.892286301000013,9.366886138999973],[4.913619518000019,9.356219291999992],[4.919206619000022,9.355203629000016],[4.927841662999981,9.350632668000003],[4.9385080339999945,9.349108695999973],[4.951714039000024,9.349108695999973],[4.9694914820000236,9.354187964999994],[4.996411799999976,9.369934081999986],[5.007586001999982,9.377552986000012],[5.030442714999992,9.390758514000026],[5.0395855900000015,9.396346091999987],[5.058379172999992,9.410568237000007],[5.069553374999998,9.418694496],[5.084283352,9.425297736999994],[5.092917919000001,9.427837371999999],[5.097489356999972,9.431900977999987],[5.11475896799999,9.44002819100001],[5.134060383000019,9.44764709499998],[5.1503138539999895,9.452218055999992],[5.1604723930000205,9.457297325000013],[5.175710201000015,9.458821296999986],[5.1917099949999965,9.462884902999974],[5.205424309000023,9.46847152700002],[5.219138144999988,9.473550796999973],[5.234375953999972,9.480662345999974],[5.245042801000011,9.490312576000008],[5.2638359069999865,9.499963760000014],[5.280089855000028,9.507074355999976],[5.284660815999985,9.515201568999998],[5.287708758999997,9.524343491000025],[5.289232254000012,9.53450202900001],[5.289232254000012,9.544153214000005],[5.287716389000025,9.551177025000015],[5.290835381000022,9.574292183000011],[5.292669773,9.603278160000002],[5.298173427999984,9.639602661000026],[5.302943229999983,9.683631896999998],[5.310648441000012,9.700877190000028],[5.320555210000009,9.709316253999987],[5.3451385500000015,9.717020988000002],[5.4124670030000175,9.729496002000019],[5.434114932999989,9.734999657000003],[5.462000369999998,9.74197101599998],[5.474475384000016,9.747841834999974],[5.491720199999975,9.751144409000005],[5.511166573000025,9.752244948999987],[5.5214400290000185,9.746741294999993],[5.539052009999978,9.733165740999993],[5.552260875999991,9.721424103000004],[5.581430435000016,9.70234489400002],[5.607848166999986,9.68583393099999],[5.609223365999981,9.691527366999992],[5.602531433000024,9.704912186000001],[5.595002651000016,9.719133376999991],[5.595839023999986,9.728334426999993],[5.606713771999978,9.729171753000003],[5.631809711000017,9.729171753000003],[5.666107655000019,9.726661681999985],[5.685347557,9.734190941000008],[5.710443497000028,9.740882874000022],[5.728847026999972,9.740882874000022],[5.762308598000004,9.73084449800001],[5.782384872000023,9.716623305999974],[5.799115658000005,9.713277817000005],[5.817519188000006,9.722478867000007],[5.829230784999993,9.741719246000002],[5.84428834900001,9.769325256000002],[5.849307537000016,9.783545494000009],[5.849307537000016,9.792747497999983],[5.853489876000026,9.814496994000024],[5.8635282519999805,9.837920188999988],[5.871893882999984,9.844612122000001],[5.879422664999993,9.855486869999993],[5.885278224999979,9.863852500999997],[5.891133785000022,9.869708060999983],[5.898662566999974,9.88643932299999],[5.90368175499998,9.894804001000011],[5.914556502999972,9.904006003999996],[5.930450915999984,9.915717125000015],[5.9505276680000065,9.924919127999999],[5.968094826000026,9.936630249000018],[5.980642319000026,9.942486762999977],[5.985661506999975,9.950015068000027],[5.988171100999978,9.956707000999984],[5.979805945999999,9.97594737999998],[5.981479168000021,9.982639312999993],[5.9873347280000075,9.98514938400001],[5.991517543999976,9.98514938400001],[5.994863510000016,9.987658500999999],[5.996536731999981,9.991841315999977],[6.000719070000002,9.996860503999983],[6.00406551399999,10.001879691999989],[6.00406551399999,10.006898879999994],[5.999882698000022,10.009408951000012],[5.996536731999981,10.010245322999992],[5.996536731999981,10.016937256000006],[5.996536731999981,10.024466514999972],[5.991517543999976,10.032831192000003],[5.991517543999976,10.040360451000026],[5.992353916000013,10.046216011000013],[5.992353916000013,10.053744316000007],[5.997373104000019,10.059600830000022],[5.999882698000022,10.064620018000028],[5.999166489000004,10.070350646999998],[5.991517543999976,10.083023071000014],[5.982315540000002,10.09055232999998],[5.9722771639999905,10.095571517999986],[5.9471812250000085,10.121503829999995],[5.933796883000014,10.137397765999992],[5.902845382999999,10.157474518000015],[5.878585815000008,10.166676521],[5.852653502999999,10.17504119900002],[5.83006715800002,10.191772461000028],[5.805808066999987,10.209339141999976],[5.778202534000002,10.229415893999999],[5.762308598000004,10.237781525000003],[5.740558624000016,10.238617896999983],[5.728339672000004,10.237745285000017]]]},"properties":{"fid":515,"cty_nm":"Nigeria","iso3cd":"NGA","adm1nm":"Niger","adm2nm":"Mashegu","adm1cd":"NGA027","adm2cd":"NGA027016"}},{"type":"Feature","id":516,"geometry":{"type":"Polygon","coordinates":[[[5.289232254000012,9.544153214000005],[5.289232254000012,9.53450202900001],[5.287708758999997,9.524343491000025],[5.284660815999985,9.515201568999998],[5.280089855000028,9.507074355999976],[5.2638359069999865,9.499963760000014],[5.245042801000011,9.490312576000008],[5.234375953999972,9.480662345999974],[5.219138144999988,9.473550796999973],[5.205424309000023,9.46847152700002],[5.1917099949999965,9.462884902999974],[5.175710201000015,9.458821296999986],[5.1604723930000205,9.457297325000013],[5.1503138539999895,9.452218055999992],[5.134060383000019,9.44764709499998],[5.11475896799999,9.44002819100001],[5.097489356999972,9.431900977999987],[5.092917919000001,9.427837371999999],[5.084283352,9.425297736999994],[5.069553374999998,9.418694496],[5.058379172999992,9.410568237000007],[5.0395855900000015,9.396346091999987],[5.030442714999992,9.390758514000026],[5.007586001999982,9.377552986000012],[4.996411799999976,9.369934081999986],[4.9694914820000236,9.354187964999994],[4.951714039000024,9.349108695999973],[4.9385080339999945,9.349108695999973],[4.927841662999981,9.350632668000003],[4.919206619000022,9.355203629000016],[4.913619518000019,9.356219291999992],[4.892286301000013,9.366886138999973],[4.8841595650000045,9.366886138999973],[4.877556324000011,9.368410110000013],[4.865874290000022,9.368917464999981],[4.861302852999984,9.372473716999991],[4.853683949000015,9.375013351000007],[4.847080708000021,9.378568648999988],[4.844541073000016,9.380599975999985],[4.839461803000006,9.386187553000013],[4.833874702000003,9.398377418999985],[4.8353986739999755,9.414123534999987],[4.8353986739999755,9.418694496],[4.837938308999981,9.42986965199998],[4.8374299999999835,9.43850421899998],[4.838953972000013,9.44764709499998],[4.839461803000006,9.460345268000026],[4.8374299999999835,9.467455863999987],[4.836414337000008,9.479138374000001],[4.837938308999981,9.489296912999976],[4.839969634999989,9.50097942399998],[4.838953972000013,9.510629654000013],[4.83692216899999,9.518248557999982],[4.834890366000025,9.530439376999993],[4.830827236000005,9.537549973000012],[4.825747966999984,9.540089607000027],[4.817112923000025,9.54516887699998],[4.808986187000016,9.547708510999996],[4.802382946000023,9.547708510999996],[4.793240546999982,9.547200202999989],[4.785113810999974,9.54669284800002],[4.769876002999979,9.54669284800002],[4.764796257,9.545677184999988],[4.760225295999987,9.547200202999989],[4.753114223000011,9.548216819999993],[4.742955685000027,9.553296089000014],[4.734828949000018,9.558375359000024],[4.72416210199998,9.563961983000013],[4.719082832000026,9.567009926000026],[4.713495731000023,9.579708099000015],[4.707400799000027,9.583263396999996],[4.7013053890000265,9.588850975000014],[4.6931786540000076,9.598501204999991],[4.687083244000007,9.60002517700002],[4.6769247060000225,9.60002517700002],[4.669305801000007,9.596469878999983],[4.665242671999977,9.592914581000002],[4.6642265319999865,9.586818694999977],[4.662703037000028,9.58072376299998],[4.657115936000025,9.575137138000002],[4.651020527000014,9.561422348000008],[4.644417286000021,9.549740790999977],[4.6439094539999815,9.538565635999987],[4.641369820000023,9.528407097000013],[4.638322352999978,9.516217231999974],[4.637306690000003,9.503010749999987],[4.636798381999995,9.490820885000005],[4.6362905500000124,9.479138374000001],[4.631719111999985,9.472535133000008],[4.626639843000021,9.457297325000013],[4.6261320109999815,9.446630477999975],[4.618005276000019,9.433424950000017],[4.611859321999987,9.427962303000015],[4.613018037000018,9.41444683100002],[4.613642216000017,9.393219948000024],[4.611769200000026,9.37074375200001],[4.609726905999992,9.361758232],[4.617050171000017,9.330439567999974],[4.6393103600000245,9.308178902000009],[4.685140133000004,9.292466164000018],[4.713947296000015,9.278062820000002],[4.737516879999987,9.268896102999975],[4.754539490000013,9.247945786000002],[4.757158279000009,9.224376677999999],[4.751920700000028,9.19949722299998],[4.751920700000028,9.179856299999983],[4.764554976999989,9.149931907999985],[4.768706322000014,9.153530121000017],[4.772460937000005,9.147629737999978],[4.78533268000001,9.135293961000002],[4.800886631000026,9.136366844000008],[4.8105406760000164,9.136366844000008],[4.8159041399999865,9.132612228000028],[4.828239918000008,9.134222030999979],[4.8480844499999876,9.141194343999985],[4.85720205299998,9.148702620999984],[4.865247249999982,9.15031147000002],[4.87168312099999,9.155138969000006],[4.876071453000009,9.157646178999983],[4.876585007000017,9.161239624000018],[4.886081696000019,9.167345047000026],[4.898970126999984,9.170058250000011],[4.911180495999986,9.171414374999983],[4.923390387999973,9.17616271999998],[4.9417057040000145,9.18430328400001],[4.962055683000017,9.193121910000002],[4.971552848999977,9.200583457999983],[4.996651172999975,9.207366943000011],[5.016323090000014,9.20533180199999],[5.032603263999988,9.197870254999998],[5.048204898999984,9.187694550000003],[5.065163611999992,9.16259670300002],[5.0848355289999745,9.150385857000003],[5.1078991890000225,9.135462760999985],[5.130962849000014,9.123252868999998],[5.159452914999974,9.106972693999978],[5.171663283999976,9.087300301000028],[5.196761607999974,9.054061890000014],[5.208971976999976,9.03506851200001],[5.225591183000006,9.02692794799998],[5.237801074999993,9.018788337999979],[5.254759788999991,9.016753197000014],[5.272396564000019,9.014718055999992],[5.286641598000017,9.009969710999997],[5.297495364999975,9.003186226000025],[5.307670115999997,9.000473021999994],[5.3232722280000075,8.992332458000021],[5.332090377999975,8.995724677999988],[5.348370552000006,8.998437880999973],[5.37007761000001,8.996402740000008],[5.375504493999983,8.990297317999989],[5.391106128999979,8.982835770000008],[5.4080648419999875,8.978766441000005],[5.425023079000027,8.978766441000005],[5.4365549089999945,8.975374222000028],[5.445373534999987,8.972661017999997],[5.457583426999975,8.96859073600001],[5.460975169999983,8.962486266999974],[5.466402054000014,8.954345703000001],[5.473863601999994,8.947562217999973],[5.4853954320000184,8.944849013999999],[5.49760580100002,8.944170951999979],[5.511850833999972,8.944170951999979],[5.525417805000018,8.940100669999993],[5.539562702000012,8.930567741000004],[5.543629168999985,8.916741371],[5.563148022000007,8.898848534000024],[5.572907924999981,8.892342567000014],[5.601373195999997,8.876889229000028],[5.605439663000027,8.867942809999988],[5.619266032999974,8.852490424999985],[5.642038345000003,8.835411072],[5.665624142000013,8.83053111999999],[5.691649913999981,8.828091620999999],[5.712795733999997,8.82890510599998],[5.728248119,8.819958686999996],[5.742074489999993,8.797999382],[5.760780334000003,8.773600578000014],[5.774606227999982,8.753267288000018],[5.795752047999997,8.741881370999977],[5.824217796000028,8.742694855000025],[5.864882946000023,8.745134354000015],[5.886841774000004,8.746761321999998],[5.901481151999974,8.75001430499998],[5.9283204079999905,8.742694855000025],[5.943772792999994,8.74838828999998],[5.974678515999983,8.756521224999972],[5.978744984000002,8.75001430499998],[5.999890804000017,8.751641273000018],[6.033236026999987,8.75896072400002],[6.058448315000021,8.75896072400002],[6.08447408699999,8.760587692000001],[6.114566325999988,8.758147240000028],[6.131645203000005,8.751641273000018],[6.144658089000018,8.729681969000012],[6.149538039999982,8.720735549999972],[6.169057368999972,8.72154903400002],[6.185323238000024,8.729681969000012],[6.20321607599999,8.734561919999976],[6.208536148000007,8.732375144999992],[6.2245125769999845,8.735114097999997],[6.246574878999979,8.73879146600001],[6.267717360999995,8.73879146600001],[6.302649020999979,8.727760315000012],[6.323791503999985,8.713051796000002],[6.343095779000009,8.69742488899999],[6.358722687000011,8.684555053999986],[6.375269413000012,8.66157436399999],[6.379865645999985,8.648704528999986],[6.3840966220000155,8.644262314000002],[6.392073154000002,8.657147408000014],[6.394596577000016,8.67397022199998],[6.38702631000001,8.691634178000015],[6.371885776999989,8.701727866999988],[6.361792088000016,8.713503838000008],[6.348333835999995,8.721074104000024],[6.338240147000022,8.731367110999997],[6.334294795999995,8.732992172000024],[6.327691555000001,8.736039161999997],[6.311437607000016,8.737054824999973],[6.305342673999974,8.738071441999978],[6.292136669000001,8.745182037000006],[6.2845177649999755,8.747721672000011],[6.279946327000005,8.74822998000002],[6.271311282999989,8.74975299800002],[6.262676715999987,8.74975299800002],[6.257089614999984,8.748737334999987],[6.249978542000008,8.752800940999975],[6.240327835000016,8.754324913000005],[6.227121829999987,8.761435509000023],[6.220518588999994,8.763975142999982],[6.200709343000028,8.770070076000025],[6.1864876750000235,8.770070076000025],[6.176836966999986,8.775150299000018],[6.169725894999999,8.780229567999982],[6.164646625999978,8.785308837999992],[6.161599158999991,8.789371490000008],[6.160583019000001,8.791911125000013],[6.149916648999977,8.791911125000013],[6.147377014000028,8.791911125000013],[6.13925027800002,8.796483039999998],[6.129599571000028,8.802069663999987],[6.125535964999983,8.803593636000016],[6.120456696000019,8.804101944000024],[6.111822127999972,8.804101944000024],[6.102679253000019,8.803593636000016],[6.096076487999994,8.801054001000011],[6.0854096410000125,8.793435096999985],[6.078298569000026,8.789371490000008],[6.068140029999995,8.786831855999992],[6.059505462999994,8.783276558000011],[6.050362586999995,8.780736923000006],[6.034109116000025,8.778705596999998],[6.0229344370000035,8.779212952000023],[6.006680964999987,8.786324501000024],[5.993474960000015,8.791911125000013],[5.970109939999986,8.795467377000023],[5.957411766000007,8.79241943400001],[5.92338085199998,8.785308837999992],[5.90560340899998,8.782769202999987],[5.897476196000014,8.779721259999974],[5.894936561999998,8.777689934000023],[5.885285854000017,8.775657653999986],[5.878175258999988,8.775150299000018],[5.868524551000007,8.77464199100001],[5.861413479000021,8.772102356000005],[5.850747108000007,8.77311801899998],[5.844651698999996,8.775657653999986],[5.839572429999976,8.776673317000018],[5.83347749699999,8.77819728899999],[5.826874255999996,8.781752585999982],[5.822302818000026,8.783784866000019],[5.81570005399999,8.783784866000019],[5.810620785000026,8.782260894999979],[5.808588982000003,8.785308837999992],[5.806557177999991,8.791911125000013],[5.805541515000016,8.802069663999987],[5.805541515000016,8.807657242000005],[5.810112475999972,8.816291809000006],[5.811636448000002,8.82645034799998],[5.816715717000022,8.836608887000011],[5.821287154999993,8.842703819000008],[5.822302818000026,8.850323677000006],[5.826874255999996,8.858958244000007],[5.830430030999992,8.864037514000017],[5.849730968000017,8.884354590999976],[5.870556355000019,8.905179024000006],[5.884270190999985,8.918385505999993],[5.890873431999978,8.93463897700002],[5.8918890950000105,8.938702583000008],[5.889857291999988,8.949876785000015],[5.871572017999995,8.96714687299999],[5.860309124000025,8.977507591000006],[5.8558845520000204,8.986356735000015],[5.846297741000001,8.99004364000001],[5.841135979000001,8.994468688999973],[5.834499359000006,9.004792212999973],[5.828599929999996,9.016591071999983],[5.827125072000001,9.026177405999988],[5.824175357999991,9.040925979999997],[5.819750785999986,9.07189846],[5.820487975999981,9.075585364999995],[5.823437690999981,9.09549522399999],[5.825650214999996,9.100657463000005],[5.829337119999991,9.10581970200002],[5.833024502000001,9.117618560999972],[5.837449074000006,9.131628990000024],[5.843348026000001,9.144903182999997],[5.847772598000006,9.155963897999982],[5.847772598000006,9.164813041999992],[5.8492474560000005,9.174400330000026],[5.847772598000006,9.181036948999974],[5.846297741000001,9.192097664000016],[5.847035408000011,9.20684623699998],[5.8455605510000055,9.220120430000009],[5.84998512300001,9.235606194000013],[5.84998512300001,9.254778862000023],[5.84998512300001,9.266577720999976],[5.852934837000021,9.277639389],[5.855146885000011,9.291650772000025],[5.864733695999973,9.312297821000016],[5.8654708860000255,9.324096680000025],[5.8706331249999835,9.333683968000003],[5.873582839999983,9.340320587000008],[5.876532554999983,9.346220016000018],[5.880219459999978,9.355069160000028],[5.890543460999993,9.36391830399998],[5.892755507999993,9.36981773399998],[5.899392605000003,9.381615639000017],[5.897180079999998,9.39194011699999],[5.898654937999993,9.405951500000015],[5.900129794999998,9.425124168000025],[5.907504082000003,9.461257934999992],[5.911191463000023,9.477480888000002],[5.915616035000028,9.488542557000017],[5.914878368000018,9.496654509999985],[5.912274836999984,9.501861571999996],[5.9015398029999915,9.495391846000018],[5.893920897999976,9.488788605000025],[5.8918890950000105,9.475074768000013],[5.889349460999995,9.454249382],[5.876651287000016,9.42986965199998],[5.873095988999978,9.417171478],[5.86903238299999,9.396854400999985],[5.860397815999988,9.37806034099998],[5.850747108000007,9.348600388000023],[5.849477291000028,9.328791618000025],[5.846937656000023,9.321681022999996],[5.84388971300001,9.31202983899999],[5.8327155110000035,9.296792030000006],[5.833223342999986,9.283078193999984],[5.833223342999986,9.269871711999997],[5.826620579000007,9.248030663000009],[5.823064804000012,9.232792854000024],[5.823064804000012,9.225173949999999],[5.823572635999994,9.211968421999984],[5.82611227000001,9.192667007000011],[5.82611227000001,9.176413535999984],[5.827636241999983,9.159651756000017],[5.815191745999982,9.126128197000014],[5.813668251000024,9.120540618999996],[5.811128616000019,9.108350754000014],[5.805033207000008,9.090065002000017],[5.803001881,9.080922127000008],[5.80198574100001,9.068732262000026],[5.799446106000005,9.052986144999977],[5.8009700779999775,9.042320250999978],[5.8009700779999775,9.03911876699999],[5.8009700779999775,9.031146048999972],[5.805033207000008,9.006765366000025],[5.810620785000026,8.995082855000021],[5.816715717000022,8.985939980000012],[5.823826789999998,8.974257469000008],[5.829921721999995,8.967654228000015],[5.83754062700001,8.955972671999973],[5.837032795000027,8.95089340200002],[5.83754062700001,8.944290161000026],[5.829921721999995,8.93159198799998],[5.811636448000002,8.922449111999981],[5.8090968129999965,8.919401169000025],[5.806557177999991,8.91533756299998],[5.803001881,8.913306235999983],[5.796906471,8.910766602000024],[5.788271903999998,8.908735275000026],[5.7750654220000115,8.901116371],[5.765923023000028,8.898068427999988],[5.759827614000017,8.902132033999976],[5.751193047000015,8.901623726000025],[5.747129439999981,8.905179024000006],[5.7390027050000185,8.909242629999994],[5.722240924999994,8.915845870999988],[5.7113208769999915,8.91381454499998],[5.6955747599999995,8.917877196999996],[5.684400557999993,8.916354178999995],[5.6508769989999905,8.927020072999994],[5.649353503999976,8.930068016000007],[5.636147499000003,8.942257880999989],[5.621925353999984,8.953940391999993],[5.61075067500002,8.955972671999973],[5.596529007000015,8.953433037000025],[5.5868783000000235,8.953940391999993],[5.577735424000025,8.962067604000026],[5.570116519999999,8.970702171000028],[5.5604658130000075,8.974765778000005],[5.546244144000013,8.974257469000008],[5.535069465999982,8.977305412000021],[5.531006336000019,8.981369018999999],[5.5218634610000095,9.00066947900001],[5.510689259000003,9.013368607000018],[5.495959282000001,9.018955231000007],[5.491895676000013,9.025050163000003],[5.48478460299998,9.034193039000002],[5.482244967999975,9.038764953999987],[5.479197501999977,9.044859885999983],[5.474118233000013,9.048923491999972],[5.462435722000009,9.054002761999982],[5.447197914000014,9.061621666000008],[5.441102982000018,9.062637328999983],[5.428404807999982,9.062637328999983],[5.423833370000011,9.062637328999983],[5.410627364999982,9.063144684000008],[5.407071589999987,9.067208289999996],[5.408087729999977,9.070763587999977],[5.41418266300002,9.081430435000016],[5.421547412999985,9.090573311000014],[5.432722092000006,9.102763175999996],[5.4423727989999975,9.103271484000004],[5.456086636000009,9.106826781999985],[5.463705539999978,9.10936641699999],[5.475895881999975,9.109874724999997],[5.489610195000012,9.104287148000026],[5.498244762000013,9.103779793000001],[5.502816199999984,9.105302811000001],[5.505863667000028,9.107842445000017],[5.511959075999982,9.113430022999978],[5.5150065419999805,9.11952495600002],[5.5073876380000115,9.129683494999995],[5.500276566000025,9.138826370000004],[5.486054420000016,9.157112122000001],[5.484022616999994,9.16777801500001],[5.485038756999984,9.17285728500002],[5.487578391999989,9.188603401000023],[5.490118026999994,9.19317436199998],[5.495197296000015,9.201301575000002],[5.501800059999994,9.212475777000009],[5.500784397000018,9.21806335399998],[5.500276566000025,9.229745864999984],[5.502816199999984,9.23584079699998],[5.502308368999991,9.247523307999984],[5.503324032000023,9.264792441999987],[5.500784397000018,9.276983260999998],[5.494181156000025,9.283078193999984],[5.487578391999989,9.287649154999997],[5.472594260999983,9.296283721999998],[5.4675149920000194,9.297807692999982],[5.464975357000014,9.299839973000019],[5.456340790000013,9.309998511999993],[5.442118644999994,9.321172714],[5.429928302999997,9.331331252999973],[5.425865172999977,9.337934494000024],[5.41418266300002,9.351140021999981],[5.412150859999997,9.357743262999975],[5.409611224999992,9.372981071000027],[5.4116430280000145,9.386694907999981],[5.420785904000013,9.396346091999987],[5.429928302999997,9.408535957000026],[5.432467937000013,9.419202804999998],[5.429928302999997,9.425806045999991],[5.415706634999992,9.442567825000026],[5.395389556999987,9.464916228999982],[5.3923416139999745,9.466440201000012],[5.388786315999994,9.46694755599998],[5.386754513000028,9.469995498999992],[5.379643439999995,9.474567412999988],[5.3730406760000164,9.481169700999999],[5.363897800000018,9.492344855999988],[5.356786727999975,9.498947143999999],[5.351199627000028,9.507074355999976],[5.34307289100002,9.51113796200002],[5.335453986999994,9.519264221000014],[5.330374717999973,9.525867462000008],[5.321739674000014,9.529422759999989],[5.308025837000002,9.533994674999974],[5.301422596000009,9.541105270000003],[5.289232254000012,9.544153214000005]]]},"properties":{"fid":516,"cty_nm":"Nigeria","iso3cd":"NGA","adm1nm":"Niger","adm2nm":"Mokwa","adm1cd":"NGA027","adm2cd":"NGA027017"}},{"type":"Feature","id":517,"geometry":{"type":"Polygon","coordinates":[[[7.254066943999987,10.039226531999986],[7.2507271769999875,10.039417266999976],[7.240785121999977,10.039984703000016],[7.232373714000005,10.043349266000007],[7.229088305999994,10.038420676999976],[7.226687907999974,10.03884029400001],[7.222132206000026,10.03726005599998],[7.216015815999981,10.037407874999985],[7.213868617999992,10.039984703000016],[7.20713949200001,10.041666985000006],[7.200410366000028,10.033255576999977],[7.193681239999989,10.029891013999986],[7.188634395999998,10.027367592000019],[7.179381847000002,10.027367592000019],[7.166764736000005,10.033255576999977],[7.156671046999975,10.034096718],[7.149941920999993,10.034937859000024],[7.138165951000019,10.035778999000001],[7.125548840000022,10.034096718],[7.123025417000008,10.029891013999986],[7.112090588000001,10.026526450999995],[7.105361462000019,10.026526450999995],[7.103679179999972,10.031573295999976],[7.100314616999981,10.029891013999986],[7.091903209999998,10.03241443600001],[7.085174084000016,10.036620140000025],[7.064986706000013,10.042508124999983],[7.033864020999999,10.044190406999974],[7.018723487999978,10.038302422000015],[7.007788657999981,10.045031547999997],[6.983395576000021,10.045872687999974],[6.962367057999984,10.046713828999998],[6.952273369000011,10.047554970000022],[6.940497397999991,10.061013221999985],[6.926198005999993,10.067742348000024],[6.914422034999973,10.077836036999997],[6.906363010000007,10.077836036999997],[6.904328346,10.077836036999997],[6.901178836999975,10.076381683000022],[6.893393516999993,10.072789192000016],[6.8917112350000025,10.06521892500001],[6.8883466720000115,10.047554970000022],[6.8849821090000205,10.027367592000019],[6.879935264999972,10.018115044000012],[6.875729561000014,10.005497932000026],[6.87320613899999,9.991198540000028],[6.870682715999976,9.979422569000008],[6.869000434999975,9.972693443000026],[6.866255282999987,9.972481727999991],[6.867379664999987,9.96761131300002],[6.868608474999974,9.962695122000014],[6.866679191999992,9.960084914999982],[6.868159294000009,9.958394051000028],[6.858065604999979,9.938206673000025],[6.854701041999988,9.93063640600002],[6.847130774999982,9.923066139000014],[6.845448493999982,9.917178153999998],[6.848813056999973,9.912131310000007],[6.849654197999996,9.902037620999977],[6.849654197999996,9.896149634999972],[6.847130774999982,9.888579369000013],[6.847971916000006,9.86839199100001],[6.850495337999973,9.85829830199998],[6.853018760999987,9.83390426599999],[6.853859901000021,9.817922592000002],[6.857224464000012,9.798576355000023],[6.860589027000003,9.775865554999996],[6.869841575999999,9.757360457999994],[6.874888419999991,9.746425628999987],[6.869841575999999,9.738855361999981],[6.854701041999988,9.733808517],[6.843766211999991,9.726238250999984],[6.835354805000009,9.716985702999978],[6.830307961000017,9.707733153999982],[6.835354805000009,9.694274902000018],[6.837037086000009,9.680816649999997],[6.839560509000023,9.67156410199999],[6.839560509000023,9.663152695000008],[6.835354805000009,9.654741286999979],[6.846289635000005,9.632871627999975],[6.847130774999982,9.618572234999988],[6.844607353000015,9.609319686999982],[6.848813056999973,9.589132308999979],[6.849654197999996,9.56810379000001],[6.846798420000027,9.533117294000022],[6.864794731000018,9.526887894000026],[6.892552376000026,9.530252457000017],[6.920310019999988,9.526887894000026],[6.937132835,9.522682190000012],[6.949749946999987,9.520999908000022],[6.956479073000025,9.522682190000012],[6.961525917000017,9.533617020000008],[6.969096184000023,9.545392989999982],[6.978348731999972,9.561374664000027],[6.9842367169999875,9.564739227000018],[6.995171546999984,9.561374664000027],[7.001900673000023,9.554645537999988],[7.020405768999979,9.554645537999988],[7.026293754999983,9.558851242000003],[7.030499458000008,9.569786072],[7.044798850999996,9.588291168000012],[7.051527976999978,9.602590561],[7.061622143000022,9.621095657000012],[7.067510127999981,9.631189345999985],[7.067510127999981,9.63875961299999],[7.072556973000019,9.657264709000003],[7.077603817000011,9.663152695000008],[7.083491802000026,9.660629271999994],[7.100314616999981,9.642124175999982],[7.120501994999984,9.632871627999975],[7.135642528999995,9.621936797999979],[7.154147625000007,9.61604881300002],[7.173493861999987,9.620254516999978],[7.191157818000022,9.63707733199999],[7.202933787999996,9.661470413000018],[7.2020926480000185,9.679134368999996],[7.199569225000005,9.688386917000003],[7.188634395999998,9.690910339000027],[7.177699566000001,9.696798324999975],[7.16424131399998,9.701004028],[7.157512187999998,9.707733153999982],[7.151624202999983,9.71614456200001],[7.149941920999993,9.725397110000017],[7.144895077000001,9.732967377000023],[7.14153051400001,9.739696503000005],[7.149100780000026,9.743061065999996],[7.165923594999981,9.74726676900002],[7.181905270000016,9.74558448800002],[7.187793254999974,9.750631332000012],[7.186110972999984,9.759883881000007],[7.193681239999989,9.767454147000024],[7.201251506999995,9.761566162000008],[7.204740046999973,9.758296013000006],[7.206725120999977,9.765796661000024],[7.20754671100002,9.768899917999988],[7.210504055000001,9.78007125900001],[7.214905262000002,9.782546996999997],[7.220837115999984,9.785883904000002],[7.223962307000022,9.787641525000026],[7.231532574000028,9.791006088000017],[7.2517199519999735,9.794370651000008],[7.256766796000022,9.790164947999983],[7.260131359000013,9.786800384999992],[7.267701626000019,9.783435822000001],[7.273589610999977,9.783435822000001],[7.278636456000015,9.786800384999992],[7.285365581999997,9.789323807000017],[7.2912535670000125,9.800258636000024],[7.292935848000013,9.81119346600002],[7.29209470699999,9.823810577000017],[7.291084290000015,9.828863144000024],[7.288730144999988,9.840633391999972],[7.292935848000013,9.851568222000026],[7.2949047089999794,9.85304546399999],[7.299664973999995,9.85661601999999],[7.300506115000019,9.862504005000005],[7.296500206000019,9.869848251000008],[7.295459269999981,9.871756554000001],[7.295459269999981,9.880002975000025],[7.295459269999981,9.88773822799999],[7.2979826929999945,9.898673057999986],[7.29377698899998,9.907925605999992],[7.2878890040000215,9.923066139000014],[7.287137508000001,9.926072121000004],[7.285365581999997,9.933159827999987],[7.285466670999995,9.935183525000014],[7.28576517099998,9.941148757999997],[7.286206721999974,9.949982642999998],[7.284524440999974,9.957552910000004],[7.283136845000001,9.960546494000027],[7.281075477999991,9.96499443099998],[7.280541896999978,9.971077918999981],[7.280318737000016,9.973534583999992],[7.280318737000016,9.983628273000022],[7.280318737000016,9.989039420999973],[7.281084061000001,9.993737221000004],[7.280318737000016,9.99960994700001],[7.279907227000024,10.002284050000014],[7.278636456000015,10.010544777000007],[7.277795314999992,10.016432762000022],[7.273243427000011,10.023513793999996],[7.270225047999986,10.028208732999985],[7.264654635999989,10.032187462000024],[7.258449078000012,10.036620140000025],[7.254066943999987,10.039226531999986]]]},"properties":{"fid":517,"cty_nm":"Nigeria","iso3cd":"NGA","adm1nm":"Niger","adm2nm":"Muya","adm1cd":"NGA027","adm2cd":"NGA027018"}},{"type":"Feature","id":518,"geometry":{"type":"Polygon","coordinates":[[[7.204740046999973,9.758296013000006],[7.201251506999995,9.761566162000008],[7.193681239999989,9.767454147000024],[7.186110972999984,9.759883881000007],[7.187793254999974,9.750631332000012],[7.181905270000016,9.74558448800002],[7.165923594999981,9.74726676900002],[7.149100780000026,9.743061065999996],[7.14153051400001,9.739696503000005],[7.144895077000001,9.732967377000023],[7.149941920999993,9.725397110000017],[7.151624202999983,9.71614456200001],[7.157512187999998,9.707733153999982],[7.16424131399998,9.701004028],[7.177699566000001,9.696798324999975],[7.188634395999998,9.690910339000027],[7.199569225000005,9.688386917000003],[7.2020926480000185,9.679134368999996],[7.202933787999996,9.661470413000018],[7.191157818000022,9.63707733199999],[7.173493861999987,9.620254516999978],[7.154147625000007,9.61604881300002],[7.135642528999995,9.621936797999979],[7.120501994999984,9.632871627999975],[7.100314616999981,9.642124175999982],[7.083491802000026,9.660629271999994],[7.077603817000011,9.663152695000008],[7.072556973000019,9.657264709000003],[7.067510127999981,9.63875961299999],[7.067510127999981,9.631189345999985],[7.061622143000022,9.621095657000012],[7.051527976999978,9.602590561],[7.044798850999996,9.588291168000012],[7.030499458000008,9.569786072],[7.026293754999983,9.558851242000003],[7.020405768999979,9.554645537999988],[7.001900673000023,9.554645537999988],[6.995171546999984,9.561374664000027],[6.9842367169999875,9.564739227000018],[6.978348731999972,9.561374664000027],[6.969096184000023,9.545392989999982],[6.961525917000017,9.533617020000008],[6.956479073000025,9.522682190000012],[6.949749946999987,9.520999908000022],[6.937132835,9.522682190000012],[6.920310019999988,9.526887894000026],[6.892552376000026,9.530252457000017],[6.864794731000018,9.526887894000026],[6.846798420000027,9.533117294000022],[6.842925072000014,9.534458159999986],[6.8126440049999815,9.546234131000006],[6.8059148789999995,9.552963256999988],[6.7958211900000265,9.55043983500002],[6.790774344999988,9.557168961000002],[6.7773160930000245,9.558851242000003],[6.767222403999995,9.552963256999988],[6.755446434000021,9.543710708999981],[6.730212212000026,9.537822722999977],[6.717595099999983,9.533617020000008],[6.711707115000024,9.51931762700002],[6.69740772199998,9.518476485999997],[6.683949471000005,9.526887894000026],[6.652827263000006,9.535299301000009],[6.6487627029999885,9.535008430000005],[6.629275322000012,9.533617020000008],[6.620022774000006,9.541187286000024],[6.597311973999979,9.531934738000018],[6.582171440000025,9.532775878999985],[6.570394992999979,9.537822722999977],[6.558619022000016,9.536981583],[6.550207614999977,9.526887894000026],[6.535067081000022,9.529411315999994],[6.521608829000002,9.524364471000013],[6.5174031259999765,9.516794204999997],[6.502262592000022,9.517635344999974],[6.496374607000007,9.512588500999982],[6.494692326000006,9.495765686000027],[6.490486621999992,9.482307434000006],[6.487963200000024,9.479784011999982],[6.477869510999994,9.478101729999992],[6.47366380699998,9.467166900999985],[6.477028370000028,9.441091536999977],[6.481234073999985,9.435203552000019],[6.4807357789999855,9.423735619000013],[6.486280917999977,9.423427581999988],[6.489645481000025,9.411651611000025],[6.496374607000007,9.399034500000027],[6.502262592000022,9.387258529999997],[6.50646829599998,9.3763237],[6.503103732999989,9.363706589000003],[6.504786014999979,9.344360352000024],[6.503103732999989,9.335948943999995],[6.504786014999979,9.326696395999988],[6.503103732999989,9.314079284999991],[6.498056888999997,9.308191298999986],[6.487963200000024,9.296415329000013],[6.491327763000015,9.282957076999992],[6.505627155000013,9.268657684000004],[6.508150578000027,9.263610840000013],[6.5073094370000035,9.256881713999974],[6.511515141000018,9.249311447000025],[6.519926548000001,9.242582320999986],[6.525814533000016,9.23501205399998],[6.526823997000008,9.229965209999989],[6.529179096000007,9.229965209999989],[6.535322188999999,9.220931053000015],[6.550842762000002,9.224142074999975],[6.567090033999989,9.232808112999976],[6.586587429000019,9.233349799999985],[6.5995850560000235,9.227392196999972],[6.612583159999986,9.230099677999988],[6.618540763999988,9.236057281],[6.621789932000013,9.237140656000008],[6.6250395769999955,9.236057281],[6.628289223000024,9.22685051000002],[6.634246349000023,9.220892906000017],[6.651035786000023,9.21926784499999],[6.672698975000003,9.218726157999981],[6.682447432999993,9.219809532],[6.685697079000022,9.233349799999985],[6.694903850999992,9.239306450000015],[6.701403141000014,9.240389823999976],[6.706819057000018,9.250138283000013],[6.716567515999998,9.260428429000001],[6.721441745999982,9.27071857499999],[6.724690914000007,9.27775955200002],[6.723608017000004,9.289132117999998],[6.716025828999989,9.298339843999997],[6.716025828999989,9.31242084500002],[6.720900058999973,9.326501845999985],[6.721441745999982,9.339499473999979],[6.723066329999995,9.352498055000012],[6.7311902050000185,9.358996391000005],[6.7409386630000085,9.357913971000016],[6.75501966500002,9.366037369000026],[6.769642352999995,9.366037369000026],[6.783723830999975,9.369828224000003],[6.797263144999988,9.371453284999973],[6.810802937000005,9.380660057],[6.823801041000024,9.381201744000009],[6.834091187000013,9.386617661000002],[6.8372015950000105,9.387349128999972],[6.8386945720000085,9.392575264000016],[6.846276760000023,9.395824431999984],[6.855483531999994,9.399615288000007],[6.863607407000018,9.39799118000002],[6.873897552000017,9.391491889999998],[6.883104323999987,9.391491889999998],[6.89176988600002,9.393658637999977],[6.9015183449999995,9.394741058000022],[6.9069342610000035,9.392033577000007],[6.921015263000015,9.382285118000027],[6.925347805000001,9.376869202000023],[6.93834590900002,9.371994971999982],[6.942678451999996,9.376869202000023],[6.9648833269999955,9.388242721999973],[6.993587493999996,9.402865410000004],[7.003335952999976,9.407739638999999],[7.009293555999989,9.416404724000017],[7.02120828599999,9.420195579999984],[7.030415058000017,9.417488097999978],[7.040705204000005,9.410988808000013],[7.054786205000028,9.416404724000017],[7.060202122000021,9.41532135],[7.066701411999986,9.413155555999992],[7.074283600000001,9.418571471999996],[7.078616141999987,9.420737266999993],[7.086198330000002,9.419112206000023],[7.094322205000026,9.423986435000018],[7.098654747000012,9.429944037999974],[7.1019043919999945,9.43211078600001],[7.110569477000013,9.428861617999985],[7.114902019999988,9.428861617999985],[7.116527081000015,9.43373584699998],[7.115443706999997,9.440234184000019],[7.113819121999995,9.447275161999983],[7.103528976000007,9.447816848999992],[7.099196434000021,9.447816848999992],[7.095946788999981,9.452149390999978],[7.0970301629999994,9.458648681999989],[7.0970301629999994,9.470021248000023],[7.099738120999973,9.477062224999997],[7.114360809000004,9.477603912000006],[7.117609978000019,9.481936454999982],[7.125733851999996,9.484643935999998],[7.130066394999972,9.480311394000012],[7.133316040000011,9.479769707000003],[7.139273643000024,9.478687286000024],[7.152812958000027,9.478145599000015],[7.162020206000022,9.479228019999994],[7.173393250000004,9.486810683999977],[7.17772579199999,9.49276828799998],[7.185307980000005,9.493309974999988],[7.190182209,9.495475768999995],[7.198847770999976,9.497100830000022],[7.2113041879999855,9.500891685],[7.2155508999999824,9.503335952999976],[7.220597743999974,9.495765686000027],[7.22277545899999,9.495493888999988],[7.227326870000013,9.494924545000003],[7.234055995999995,9.509223937999991],[7.239102839999987,9.518476485999997],[7.244192123000005,9.520421982000016],[7.246541976999993,9.521320343000014],[7.251441001999979,9.523193359000004],[7.253884792000008,9.524127007000004],[7.26097249999998,9.526887894000026],[7.263447761999998,9.529682159000004],[7.267756462000023,9.534546852000005],[7.272693156999992,9.540121078000027],[7.276942729999973,9.544919014000016],[7.283339023999986,9.552140236000014],[7.287047862999998,9.556327819999979],[7.2912535670000125,9.572309494000024],[7.2946181300000035,9.584926605000021],[7.305870056000003,9.592206954999995],[7.3089175220000016,9.594179153000027],[7.31486034400001,9.595850944999995],[7.320920467000008,9.597555161000002],[7.329828738999993,9.600060462999977],[7.335834025999986,9.601749419999976],[7.344309329999987,9.606965064999997],[7.346768855999983,9.608478546000015],[7.3469047550000255,9.610654830999977],[7.347609997000006,9.621936797999979],[7.343657016999998,9.63050079300001],[7.342563152000025,9.632871627999975],[7.326942921000011,9.649533271999985],[7.322563171000013,9.654205321999996],[7.317328929999974,9.659788132000017],[7.314399241999979,9.664391518000002],[7.311440945000015,9.669040680000023],[7.30407237999998,9.673461913999972],[7.299376010999993,9.676280022000014],[7.294681549000018,9.679096221999998],[7.290412425999989,9.68165779100002],[7.282842158999983,9.684181212999988],[7.282001019000006,9.691751479999994],[7.283833503999972,9.695645332000026],[7.286695479999992,9.701726913000016],[7.288730144999988,9.706050872999981],[7.286067962999994,9.71190833999998],[7.283289432999993,9.718020438999986],[7.280318737000016,9.724555968999994],[7.27106618900001,9.732126236],[7.268494128999976,9.732126236],[7.244990825999992,9.732126236],[7.224803447999989,9.738855361999981],[7.214709759000016,9.748949051000011],[7.204740046999973,9.758296013000006]]]},"properties":{"fid":518,"cty_nm":"Nigeria","iso3cd":"NGA","adm1nm":"Niger","adm2nm":"Paikoro","adm1cd":"NGA027","adm2cd":"NGA027019"}},{"type":"Feature","id":519,"geometry":{"type":"Polygon","coordinates":[[[6.540331841000011,10.54520988500002],[6.5347328189999985,10.550808906999976],[6.532299995000017,10.553241730000025],[6.525071620999995,10.564486504000001],[6.521593094000025,10.572834968999985],[6.521055697999998,10.582156181000016],[6.521845341000017,10.585315703999981],[6.524268150000012,10.595006942999987],[6.519689083000003,10.59958648700001],[6.5138268470000185,10.605448722999995],[6.511785507000013,10.606582641999978],[6.506597995999982,10.609464645000003],[6.504096507999975,10.610403061],[6.493747234000011,10.614283562000026],[6.482116222000002,10.610178947000009],[6.48009300199999,10.609464645000003],[6.474883556000009,10.606149673000004],[6.471257686999991,10.603842735],[6.469135761000018,10.602969169999994],[6.457603455000026,10.598219872000016],[6.450375080000015,10.595006942999987],[6.439130305999981,10.592597961000024],[6.4332160949999775,10.589049338999985],[6.429186820999973,10.586631775],[6.4270825390000255,10.585369109999988],[6.418247699999995,10.576534271000014],[6.401724815000023,10.573474884000007],[6.396561623000025,10.572518349000006],[6.394822598000019,10.567735672000026],[6.3925395009999875,10.561457634000021],[6.390919209000003,10.557002067999974],[6.390135765000025,10.554847716999973],[6.3879661560000045,10.552417755000022],[6.374429702999976,10.537257194999995],[6.370056152000018,10.532359122999992],[6.365288258000021,10.529411315999994],[6.344614506000028,10.516631125999993],[6.325881003999996,10.505050659000005],[6.311894417000019,10.493394851999994],[6.306604385000014,10.488986968999995],[6.303569793999998,10.482007027000009],[6.300349712000013,10.47460079199999],[6.298572540000009,10.470513343999983],[6.285515784999973,10.463984488999984],[6.282508849999999,10.462481498999978],[6.277912140000012,10.461140633000014],[6.263232231000018,10.456859588999976],[6.261818886000015,10.454674721000004],[6.254397391999987,10.443204879999996],[6.2527909280000245,10.434370041000022],[6.251211166000019,10.428050994999978],[6.250625609999986,10.425708771000018],[6.249577998999996,10.421519278999995],[6.241546153999991,10.421519278999995],[6.239136696000003,10.420766829999991],[6.2286953930000095,10.417503356999987],[6.226480483999978,10.410119056999974],[6.216883182999993,10.394705772000009],[6.215008736000016,10.393771172000015],[6.201386929000023,10.386981963999972],[6.190830708000021,10.385951996000017],[6.1710653310000225,10.384023666000019],[6.16845607800002,10.383769035],[6.167398452999976,10.385478019999994],[6.163934230999985,10.391074181000022],[6.15801477399998,10.400635718999979],[6.155260563000013,10.40719890600002],[6.1540970799999855,10.40997123699998],[6.153195858000004,10.423125266999989],[6.152519702999996,10.428195953],[6.151589393999984,10.435173034999991],[6.150339126999995,10.443093299999987],[6.1491799350000065,10.450433730999976],[6.147385120000024,10.452065468],[6.140344620000008,10.45846557599998],[6.132312775000003,10.464087485999983],[6.129734515999985,10.46354484599999],[6.117052077999972,10.460875510999983],[6.112777709999989,10.459450721999985],[6.105004311000016,10.456859588999976],[6.100185393999993,10.464087485999983],[6.096478461999993,10.470744132999982],[6.094739436999987,10.473866462999979],[6.089744091,10.475332260000016],[6.081712245999995,10.468907355999988],[6.062837123999998,10.460071563999975],[6.054002285000024,10.453646660000004],[6.047576427000024,10.442401886000027],[6.045166968999979,10.432763099999988],[6.044363976,10.418306351000012],[6.039544582000019,10.407864571000005],[6.037938118,10.39742374399998],[6.041954040999997,10.384572029000026],[6.041151047000028,10.374934196000027],[6.045166968999979,10.363689422999983],[6.043560505000016,10.349231719999977],[6.041151047000028,10.339593886999978],[6.043560505000016,10.329955100999996],[6.045166968999979,10.314695357999994],[6.0556082730000185,10.30666351299999],[6.058821201000001,10.297827720999976],[6.054002285000024,10.288189887999977],[6.048379898000007,10.282567977999975],[6.041954040999997,10.273732184999972],[6.037938118,10.247227668999983],[6.031512737000014,10.235982895000006],[6.0242843629999925,10.23196697200001],[6.018661975999976,10.228754044000027],[6.023480892000009,10.213493346999996],[6.025087357000018,10.195019721999984],[6.021071434000021,10.18377590199998],[6.022275924999974,10.166908264000028],[6.017457008000008,10.158876419000023],[6.019866466999986,10.149238586000024],[6.027095318000022,10.139599799999985],[6.030308246999994,10.132371901999988],[6.024685859999977,10.126749039000003],[6.017457008000008,10.125946044999978],[6.011031628000012,10.117914199999973],[6.014244080000026,10.111488341999973],[6.024685859999977,10.111488341999973],[6.030308246999994,10.104259490999993],[6.027898311999991,10.094621657999994],[6.026292323999996,10.084983825999984],[6.022275924999974,10.075345039000013],[6.011031628000012,10.075345039000013],[6.005409240999995,10.075345039000013],[5.999166489000004,10.070350646999998],[5.999882698000022,10.064620018000028],[5.997373104000019,10.059600830000022],[5.992353916000013,10.053744316000007],[5.992353916000013,10.046216011000013],[5.991517543999976,10.040360451000026],[5.991517543999976,10.032831192000003],[5.996536731999981,10.024466514999972],[5.996536731999981,10.016937256000006],[5.996536731999981,10.010245322999992],[5.999882698000022,10.009408951000012],[6.00406551399999,10.006898879999994],[6.00406551399999,10.001879691999989],[6.000719070000002,9.996860503999983],[5.996536731999981,9.991841315999977],[5.994863510000016,9.987658500999999],[5.991517543999976,9.98514938400001],[5.9873347280000075,9.98514938400001],[5.981479168000021,9.982639312999993],[5.979805945999999,9.97594737999998],[5.988171100999978,9.956707000999984],[5.985661506999975,9.950015068000027],[5.980642319000026,9.942486762999977],[5.982556820000013,9.93381595599999],[5.973340033999989,9.916610718000015],[5.967195511,9.906779288999985],[5.969038963000003,9.885888099999988],[5.971496581999986,9.864381789999982],[5.974568843999975,9.850863457000003],[5.981942654000022,9.837345122999977],[6.004677296000011,9.827513694999993],[6.025568962000023,9.822598457000026],[6.057520866000004,9.815224648000026],[6.0698103899999865,9.815224648000026],[6.0950031279999735,9.825670242000001],[6.112822532999985,9.827513694999993],[6.137401103999991,9.829972267000016],[6.1503047940000215,9.832429886],[6.169353007999973,9.854550361999998],[6.177340984000011,9.871755599999972],[6.187172412999985,9.875441550999994],[6.195160389000023,9.884044646999996],[6.200075626,9.898177147000013],[6.206390381000006,9.900596618999998],[6.2066078189999985,9.906676291999986],[6.208213806000003,9.913904189999982],[6.217852116000017,9.91792011299998],[6.225080966999997,9.917117119000011],[6.229899882999973,9.913904189999982],[6.237931727999978,9.911495209000009],[6.245964049999998,9.915511131000017],[6.249176502000012,9.91470813799998],[6.253192425000009,9.913904189999982],[6.257208347000017,9.912298202999978],[6.259617805000005,9.906676291999986],[6.267649650999999,9.907479286000012],[6.2708625789999815,9.905069351000009],[6.277287960000024,9.905069351000009],[6.281303883000021,9.903463364000004],[6.29013919800002,9.903463364000004],[6.294958114999986,9.901053429000001],[6.3005805020000025,9.897037506000004],[6.3150377270000035,9.898644446999981],[6.3246760370000175,9.909085274000006],[6.334314345999985,9.910692214999983],[6.341543198000011,9.910692214999983],[6.356803893999995,9.90185642199998],[6.372867584000005,9.893021583999996],[6.384915352000007,9.883383750999997],[6.394553660999975,9.875351905999992],[6.412223815999994,9.864910125999984],[6.431499958000018,9.854468345999976],[6.450776576999999,9.858484267999984],[6.461217879999992,9.860894202999987],[6.473265647999995,9.866516112999989],[6.480494498999974,9.876957892999997],[6.486116885999991,9.882579802999999],[6.490132808999988,9.888202666999973],[6.496558188999984,9.894628524999973],[6.502180576000001,9.90185642199998],[6.504590033999989,9.909888267999975],[6.504590033999989,9.91792011299998],[6.498164653999993,9.925148964000016],[6.498164653999993,9.937196732000018],[6.502180576000001,9.950048446999972],[6.511015414999974,9.959686278999982],[6.528685569999993,9.965308188999984],[6.537119388999997,9.967718123999987],[6.544347763000019,9.97012805899999],[6.54916715600001,9.974946976000012],[6.556395531000021,9.976552963000017],[6.559608459000003,9.984584808000022],[6.553183079000007,9.991813659999991],[6.545151234000002,10.002255439999999],[6.544347763000019,10.014303207000012],[6.544347763000019,10.026350975000014],[6.548363686000016,10.034382820000019],[6.549970149999979,10.04080772399999],[6.54916715600001,10.052052498000023],[6.540331841000011,10.068920134999985],[6.540331841000011,10.078557967999984],[6.541135311000005,10.089802742000018],[6.5379223819999766,10.098637580999991],[6.525874615000021,10.113095283999996],[6.5170392989999755,10.119520186999978],[6.491337299000008,10.135583877999977],[6.48892784100002,10.138796806000016],[6.478486538000027,10.143615722999982],[6.446359158000007,10.146828651000021],[6.418247699999995,10.148435592999988],[6.411018848000026,10.151647567999987],[6.389332770999999,10.161286354000026],[6.382907391000003,10.170121193],[6.382907391000003,10.175744056999974],[6.38772630699998,10.196626663000018],[6.390939236000008,10.214296341000022],[6.392545700000028,10.228754044000027],[6.404593467999973,10.242407798999977],[6.424673079999991,10.260078430000021],[6.435114383999974,10.263291358999993],[6.445555687000024,10.271323203999998],[6.452784538000003,10.277748108000026],[6.471257686999991,10.285779952999974],[6.479289531999996,10.29059982299998],[6.486518382999975,10.300237655999979],[6.492943764000017,10.305859565999981],[6.501779079000016,10.321120262000022],[6.5057950020000135,10.330759048000004],[6.509810925000011,10.337987899999973],[6.512220382999999,10.346822739000004],[6.525874615000021,10.36127948799998],[6.541938304999974,10.37413120299999],[6.546757221000007,10.382163047999995],[6.550773621000019,10.390997887000026],[6.550773621000019,10.404651641999976],[6.548363686000016,10.41589641600001],[6.5459542269999815,10.426338196000017],[6.545151234000002,10.435173034999991],[6.545151234000002,10.450433730999976],[6.546757221000007,10.465694427000017],[6.5475606919999905,10.481758118000016],[6.544347763000019,10.489789963000021],[6.541938304999974,10.498624801999995],[6.540331841000011,10.510672569000008],[6.541938304999974,10.519507407999981],[6.541938304999974,10.528343200999984],[6.540331841000011,10.54520988500002]]]},"properties":{"fid":519,"cty_nm":"Nigeria","iso3cd":"NGA","adm1nm":"Niger","adm2nm":"Rafi","adm1cd":"NGA027","adm2cd":"NGA027020"}},{"type":"Feature","id":520,"geometry":{"type":"Polygon","coordinates":[[[5.154251099000021,11.346612929999992],[5.150817871000015,11.347594260999983],[5.144392489999973,11.349200248999978],[5.140376568000022,11.35161018399998],[5.13395118699998,11.353216170999985],[5.125919341999975,11.354019165000011],[5.1178874970000265,11.355626105999988],[5.105036258999974,11.352413177000017],[5.100217342000008,11.345987320000006],[5.100217342000008,11.338758469000027],[5.101823330000002,11.330726624000022],[5.104233265000005,11.322694778000027],[5.10583925200001,11.314662933000022],[5.10583925200001,11.301009178000015],[5.101020335999976,11.285748481999974],[5.100217342000008,11.279322623999974],[5.093791484999997,11.270487785],[5.089775562,11.264865874999998],[5.080137252999975,11.255227089000016],[5.07371187199999,11.241573334000009],[5.071302414000002,11.237557411000012],[5.071302414000002,11.23193454699998],[5.071302414000002,11.227115631000004],[5.068892956000013,11.223099708999996],[5.066483498000025,11.216674805000025],[5.062467575000028,11.208642005999991],[5.05764818199998,11.204626082999994],[5.052829266000003,11.205430030999992],[5.048813343000006,11.211051940999994],[5.048813343000006,11.219083785999999],[5.048813343000006,11.227918624999973],[5.052829266000003,11.231131554000001],[5.056845188000011,11.237557411000012],[5.062467575000028,11.24478626299998],[5.064877033000016,11.25442409499999],[5.062467575000028,11.262455939999995],[5.05845165300002,11.270487785],[5.05202579500002,11.272897720000003],[5.045600413999978,11.272897720000003],[5.040781498000001,11.270487785],[5.034355640000001,11.264865874999998],[5.032749652999996,11.26084995299999],[5.025520802000017,11.256030082999985],[5.016685485999972,11.251211166000019],[5.011866569999995,11.252014159999987],[5.00544118900001,11.257637024000019],[5.006244182999978,11.262455939999995],[5.0086536410000235,11.266471862999992],[5.011063576000026,11.270487785],[5.010260104999986,11.274503707999997],[5.0086536410000235,11.279322623999974],[5.0006217960000185,11.282535553000002],[4.990983486000005,11.286551476],[4.988574028000016,11.291370391999976],[4.984558105000019,11.304222106999987],[4.981345653999995,11.319481849999988],[4.9773297309999975,11.329120636000027],[4.972510338000006,11.339562415999978],[4.972510338000006,11.347594260999983],[4.9709038729999975,11.353216170999985],[4.966084957000021,11.362051010000016],[4.958856105999985,11.369279860999995],[4.952430724999999,11.369279860999995],[4.947611809000023,11.364460945000019],[4.942792415999975,11.357232093999983],[4.933957577000001,11.354019165000011],[4.929941654000004,11.357232093999983],[4.923515796999993,11.364460945000019],[4.917893886999991,11.37088584899999],[4.905845641999974,11.373295783999993],[4.8905854230000045,11.37088584899999],[4.880143642000007,11.36124801599999],[4.871308804000023,11.353216170999985],[4.864883422999981,11.350806235999983],[4.8488197330000276,11.343578338999976],[4.837574958999994,11.337152480999976],[4.8263301850000175,11.335546494000027],[4.819904803999975,11.330726624000022],[4.805447577999985,11.321088791000022],[4.782958031000021,11.312253951999992],[4.765942096999993,11.305951117999996],[4.767641544000014,11.302553176999993],[4.764150142999995,11.29487323799998],[4.764848708999978,11.283701897000014],[4.764848708999978,11.276021003999972],[4.759961127999986,11.269737243999998],[4.752978801999973,11.259264945999973],[4.7362222670000165,11.24948978399999],[4.703406334000022,11.228543281999976],[4.699217319000013,11.222259521000012],[4.6999154090000275,11.203408240999977],[4.702010154999982,11.192236900000012],[4.71038818400001,11.180367470000022],[4.721585274000006,11.176336288000016],[4.746122360000015,11.147592545000009],[4.757622242000025,11.142992972999991],[4.765289306999989,11.136859893999997],[4.779431820000013,11.131420134999985],[4.780209064000019,11.128700256000002],[4.7857947350000245,11.12381267500001],[4.788587570000004,11.118925095000009],[4.802551746000006,11.114037514000017],[4.814421176999986,11.116132735999997],[4.817800522000027,11.119511604000024],[4.839656353000009,11.113859176999995],[4.850389957000004,11.108492850999994],[4.860673904000009,11.103350638999984],[4.863295554999979,11.100073813999984],[4.876561642000013,11.091694831999973],[4.898205757000028,11.08750629399998],[4.908679007999979,11.08192062400002],[4.934512615000017,11.084014893000017],[4.947778224999979,11.082618712999988],[4.960346221999998,11.082618712999988],[4.9722156519999885,11.080523491000008],[4.979896069000006,11.080523491000008],[4.991765498999996,11.07005024],[4.991067410000028,11.060974121000015],[4.995954514000005,11.053992271000027],[5.009220599999992,11.05189704899999],[5.021090031000028,11.053992271000027],[5.027373791000002,11.050500870000008],[5.035752295999998,11.05189704899999],[5.04063987699999,11.05189704899999],[5.046239376000017,11.041686057999982],[5.06297016100001,11.012407302999975],[5.06798887299999,10.98982143400002],[5.081373692,10.950504303000002],[5.08221006399998,10.927081107999982],[5.075517654000009,10.91536998700002],[5.054604530000006,10.904495239000028],[5.034527778999973,10.899476051000022],[5.0253262520000135,10.89027404799998],[5.026162623999994,10.871870041000022],[5.028672217999997,10.859322548000023],[5.038710594000008,10.835899353000002],[5.0470757479999975,10.82502460500001],[5.058787345999974,10.820841788999985],[5.0838832860000025,10.817496300000016],[5.099777222,10.808294295999985],[5.108979224999985,10.795745850000003],[5.107306004000009,10.785707473999992],[5.102286816000003,10.772323608000022],[5.100878716000011,10.759829520999972],[5.108142375999989,10.757266044999994],[5.107306004000009,10.745554923999975],[5.112325191000025,10.740535736000027],[5.123199940000006,10.739698410000017],[5.132401942999991,10.743044853000015],[5.137421130999996,10.742208480999977],[5.14411306400001,10.74806404100002],[5.149969101000011,10.749736786000028],[5.155824660999997,10.747227668999983],[5.165026665000028,10.743881225999985],[5.174228190999997,10.742208480999977],[5.179247379000003,10.733842849999974],[5.184266567000009,10.730497360000015],[5.19012260400001,10.728823662000025],[5.197650909000004,10.72547817200001],[5.203506946999994,10.717948913999976],[5.206852912999977,10.713766098000008],[5.216054916000019,10.714602469999988],[5.220237254999972,10.718785286000013],[5.223583698000027,10.718785286000013],[5.234458447000009,10.713766098000008],[5.245333195000001,10.719621657999994],[5.2470064159999765,10.72631454499998],[5.250352383000006,10.729660034000005],[5.257044791999988,10.728823662000025],[5.261227130999998,10.727150917000017],[5.265409945999977,10.733006477000004],[5.265409945999977,10.740535736000027],[5.264573573999996,10.753083229000026],[5.265409945999977,10.758938789000013],[5.272102356000005,10.761448859999973],[5.2737751010000125,10.757266044999994],[5.283813477000024,10.753083229000026],[5.288832663999983,10.743881225999985],[5.293015480000008,10.743044853000015],[5.2988710399999945,10.744717598000022],[5.306399822000003,10.752246856999989],[5.311419010000009,10.761448859999973],[5.314765453000007,10.768140792999986],[5.3206210139999826,10.771487235999984],[5.3314957619999745,10.769813537999994],[5.3398609160000206,10.772323608000022],[5.351614951999977,10.774921416999973],[5.354827403999991,10.782953261999978],[5.355630874999974,10.793395041999986],[5.355630874999974,10.800622939999982],[5.358843326999988,10.80463886299998],[5.363662719999979,10.80142688799998],[5.3660721780000245,10.815080642999988],[5.363662719999979,10.82712841],[5.360449791000008,10.837570190000008],[5.3564338680000105,10.862468718999992],[5.355630874999974,10.876926421999997],[5.3580403330000195,10.884958267000002],[5.363662719999979,10.901021957000012],[5.368481636000013,10.91146278399998],[5.374907016999998,10.918691635000016],[5.376513481000018,10.928330420999998],[5.381332874000009,10.938771248000023],[5.382938862000003,10.95644187900001],[5.384545326000023,10.966882705999978],[5.389364719000014,10.97973442099999],[5.402215480999985,10.997404098999993],[5.416673183,11.00864887199998],[5.429990292000014,11.016810416999988],[5.431130408999991,11.019090651999988],[5.4287209510000025,11.039973259000021],[5.429523945000028,11.060052872000028],[5.431933403000016,11.076919556000007],[5.439965248000021,11.09539318100002],[5.44237470600001,11.104228019999994],[5.4439811710000185,11.125914573999978],[5.44237470600001,11.138765335000016],[5.435949326000014,11.148403168000016],[5.4287209510000025,11.159647941999992],[5.421492100000023,11.166073799000003],[5.408640862000027,11.17089271499998],[5.39418363599998,11.178924560999974],[5.381332874000009,11.18615341200001],[5.374104022999973,11.191775322000012],[5.368481636000013,11.205430030999992],[5.3580403330000195,11.227115631000004],[5.3580403330000195,11.232738494999978],[5.358843326999988,11.24478626299998],[5.3564338680000105,11.249605179000014],[5.353220940000028,11.258440017999988],[5.353220940000028,11.271290779000026],[5.353220940000028,11.276913643],[5.350811480999994,11.296190261999982],[5.347599030000026,11.304222106999987],[5.344386100999998,11.315465926999991],[5.338763713999981,11.327514647999976],[5.337157248999972,11.333136559000025],[5.336354255999993,11.340365410000004],[5.336354255999993,11.347594260999983],[5.333141327000021,11.356429100000014],[5.329850673999999,11.362885474999985],[5.317881107000005,11.36767387399999],[5.305833339999992,11.36767387399999],[5.2961950299999785,11.36767387399999],[5.279327868999985,11.363657950999993],[5.266477108000004,11.359642028999986],[5.258445262999999,11.356429100000014],[5.248003482999991,11.345987320000006],[5.239168644000017,11.342774390999978],[5.228727341000024,11.333136559000025],[5.226317406000021,11.324301719999994],[5.227120876000015,11.310647011000015],[5.233546257,11.295386313999984],[5.238365172999977,11.288961411000002],[5.238365172999977,11.280929565000008],[5.238365172999977,11.271290779000026],[5.236759185999972,11.262455939999995],[5.231939792999981,11.260046004999992],[5.227120876000015,11.260046004999992],[5.223907947999976,11.261652946000027],[5.220695019000004,11.265668869000024],[5.218285561000016,11.268881797999995],[5.2158761019999815,11.273700713999972],[5.2158761019999815,11.280929565000008],[5.2158761019999815,11.284945488000005],[5.216679096000007,11.288961411000002],[5.216679096000007,11.29297733300001],[5.216679096000007,11.299402236999981],[5.214269638000019,11.306631088000017],[5.212663173999999,11.312253951999992],[5.2094507219999855,11.322694778000027],[5.203025341,11.330726624000022],[5.1933870319999755,11.333939552000004],[5.184551715999987,11.339562415999978],[5.176519870999982,11.341168403999973],[5.168488025999977,11.341971397000009],[5.162062644999992,11.344381332000012],[5.154251099000021,11.346612929999992]]]},"properties":{"fid":520,"cty_nm":"Nigeria","iso3cd":"NGA","adm1nm":"Niger","adm2nm":"Rijau","adm1cd":"NGA027","adm2cd":"NGA027021"}},{"type":"Feature","id":521,"geometry":{"type":"Polygon","coordinates":[[[6.901178836999975,10.076381683000022],[6.89252948799998,10.09301567099999],[6.882088183999997,10.117111206000004],[6.8853011130000255,10.150844574000018],[6.888347625999984,10.153129578000005],[6.894938946000025,10.158073424999998],[6.903774261000024,10.168515205000006],[6.905458926999984,10.170948028999987],[6.9110031129999925,10.178956031999974],[6.915019035,10.188594818000013],[6.921444415999986,10.191003798999986],[6.923635005999984,10.189126015],[6.927066803000002,10.18618488300001],[6.928672790999997,10.180562973000008],[6.936705112000027,10.180562973000008],[6.939917563999984,10.180562973000008],[6.9423270230000185,10.180562973000008],[6.94714641600001,10.185381888999984],[6.954472542000019,10.191998481999974],[6.959194183000022,10.20224857300002],[6.9608006479999744,10.207067489999986],[6.965619564000008,10.21509933499999],[6.967226028000027,10.222328186000027],[6.970438956999999,10.232769965999978],[6.978470802000004,10.239998817000014],[6.982486725000001,10.244014740000011],[6.984092712000006,10.239998817000014],[6.984889029999977,10.23681449899999],[6.987305640999978,10.236785888999975],[6.990495205000002,10.240837096999996],[6.996140957000023,10.24481773399998],[7.002566338000008,10.247227668999983],[7.002895831999979,10.244918822999978],[7.003369330999988,10.241604805000009],[7.008188725000025,10.242407798999977],[7.009129046999988,10.247109412999976],[7.009794711999973,10.250439643999982],[7.017127990999995,10.266047478000019],[7.019433021999987,10.273732184999972],[7.025858878999998,10.280158042999972],[7.032284259999983,10.287386894000008],[7.040316104999988,10.288992882000002],[7.045938492000005,10.291402817000005],[7.049150944000019,10.301040649000015],[7.0499544140000125,10.310679435999987],[7.050757407999981,10.317104340000014],[7.046628474999977,10.322609901000021],[7.043528557000002,10.326743125999997],[7.033890724000003,10.343609809999975],[7.0291080470000225,10.347267150999983],[7.024765015000014,10.35058879899998],[7.020236491999981,10.354051589999983],[7.006392956000013,10.356166840000014],[7.003381251999997,10.356627463999985],[7.000393867000014,10.356550217000006],[6.996943950999992,10.356460571000014],[6.991198540000028,10.359333037999988],[6.988912105999987,10.360476494000011],[6.98627948799998,10.361455917],[6.977213860000006,10.364830016999974],[6.965060710999978,10.362796783000022],[6.9608006479999744,10.362083434999988],[6.951178550999998,10.360799788999998],[6.948752879999972,10.360476494000011],[6.940587043999983,10.360930442999972],[6.934295177000024,10.36127948799998],[6.930211067000016,10.365772246999995],[6.926263332000019,10.370115279999993],[6.924767970999994,10.375723838999988],[6.923050880000005,10.382163047999995],[6.928428172999986,10.403036117999989],[6.933492183999988,10.417503356999987],[6.937668799999983,10.431426047999992],[6.938311100000021,10.433567046999997],[6.942557335000004,10.442483901999992],[6.946342945000026,10.450433730999976],[6.949005127000021,10.454426764999994],[6.950424193999993,10.456555367000021],[6.954374789999974,10.462481498999978],[6.9541330339999945,10.468047141999989],[6.953519820999986,10.482178687999976],[6.947949408999989,10.491395950000026],[6.935901641999976,10.500231742999972],[6.929167747000008,10.512475967],[6.927066803000002,10.516295432999982],[6.922659873999976,10.524227141999972],[6.9190349579999975,10.530752182000015],[6.914323330000002,10.536052703999985],[6.912609099999997,10.537981032999994],[6.905256747999999,10.540769576999992],[6.900235176000024,10.542674065000028],[6.8957328800000255,10.544382095000003],[6.889317036000023,10.546815872000025],[6.882088183999997,10.550831795000022],[6.874302864000015,10.553264618000014],[6.869102478000002,10.55535697900001],[6.863134860999992,10.551938056999973],[6.861205100999996,10.550831795000022],[6.856386185000019,10.537981032999994],[6.849157332999994,10.530752182000015],[6.844338417000017,10.528343200999984],[6.839519024000026,10.531555175999983],[6.835503100999972,10.537981032999994],[6.839519024000026,10.549225807000028],[6.841125487999989,10.557257651999976],[6.8416528700000185,10.567273139999998],[6.841928958999972,10.572518349000006],[6.841384887999993,10.574693679999996],[6.8387160300000005,10.585369109999988],[6.83606863,10.593016623999972],[6.835101603999988,10.595810889999996],[6.829479218000017,10.599826812999993],[6.829791546000024,10.604509354000015],[6.830282688000011,10.611874580000006],[6.830090046000009,10.61495590200002],[6.829479218000017,10.624725341999977],[6.823499202999983,10.631078720000005],[6.819104670999991,10.63574791000002],[6.8166284559999895,10.638379096999984],[6.814443588000017,10.63915062000001],[6.802974224000025,10.64319896699999],[6.799229621999984,10.642075539000018],[6.79494237900002,10.640789031999986],[6.785304069999995,10.639183043999992],[6.782283783000025,10.639647484000022],[6.7748627660000125,10.640789031999986],[6.765357494,10.643640517999984],[6.7587990760000025,10.64560794800002],[6.750049590999993,10.646634102000007],[6.744777203000012,10.647252083000012],[6.742323875000011,10.647497176999991],[6.734772205000013,10.648251533999996],[6.729081154000028,10.648820876999991],[6.726885319000019,10.647723197999994],[6.722655296000028,10.64560794800002],[6.7170333860000255,10.640789031999986],[6.7158975599999735,10.638517379999996],[6.713820456999997,10.634363173999986],[6.717490672999986,10.628071784999975],[6.719442844000014,10.624725341999977],[6.72426176099998,10.617496490000008],[6.725071906999972,10.61452579500002],[6.726671219000025,10.608661652000023],[6.7298841479999965,10.603038787999992],[6.731490612000016,10.596613884000021],[6.7293052669999724,10.59380435899999],[6.725868224999999,10.589385032999985],[6.709845542999972,10.587535858000024],[6.7052330970000185,10.588267325999993],[6.700488091000011,10.589019774999997],[6.6961503030000245,10.59099101999999],[6.686180592000028,10.589941978000013],[6.680889605999994,10.589385032999985],[6.677781582000023,10.589862822999976],[6.671233176999976,10.590868950000015],[6.668568611000012,10.59126186399999],[6.6532888410000055,10.59280204800001],[6.647069930999976,10.593429565000008],[6.63649892799998,10.590010643000028],[6.630505561999996,10.58810710900002],[6.624107837999986,10.586084366000023],[6.618111610000028,10.584188460999997],[6.614225388000023,10.582959174999985],[6.610779761999993,10.581728935000001],[6.606240273000026,10.580107688999988],[6.602980613999989,10.578943252999977],[6.597023487000001,10.577156066999976],[6.586916923999979,10.574124336000011],[6.583181857999989,10.569856644000026],[6.581294537000019,10.567699431999984],[6.577784538000003,10.562629700000002],[6.574065684999994,10.557257651999976],[6.569400787000006,10.554924964999998],[6.566545485999995,10.553497314000026],[6.561214924000012,10.550831795000022],[6.556100845000003,10.546940803999973],[6.55158948899998,10.545556067999996],[6.54916715600001,10.54520988500002],[6.540331841000011,10.54520988500002],[6.541938304999974,10.528343200999984],[6.541938304999974,10.519507407999981],[6.540331841000011,10.510672569000008],[6.541938304999974,10.498624801999995],[6.544347763000019,10.489789963000021],[6.5475606919999905,10.481758118000016],[6.546757221000007,10.465694427000017],[6.545151234000002,10.450433730999976],[6.545151234000002,10.435173034999991],[6.5459542269999815,10.426338196000017],[6.548363686000016,10.41589641600001],[6.550773621000019,10.404651641999976],[6.550773621000019,10.390997887000026],[6.546757221000007,10.382163047999995],[6.541938304999974,10.37413120299999],[6.525874615000021,10.36127948799998],[6.512220382999999,10.346822739000004],[6.509810925000011,10.337987899999973],[6.5057950020000135,10.330759048000004],[6.501779079000016,10.321120262000022],[6.492943764000017,10.305859565999981],[6.486518382999975,10.300237655999979],[6.479289531999996,10.29059982299998],[6.471257686999991,10.285779952999974],[6.452784538000003,10.277748108000026],[6.445555687000024,10.271323203999998],[6.435114383999974,10.263291358999993],[6.424673079999991,10.260078430000021],[6.404593467999973,10.242407798999977],[6.392545700000028,10.228754044000027],[6.390939236000008,10.214296341000022],[6.38772630699998,10.196626663000018],[6.382907391000003,10.175744056999974],[6.382907391000003,10.170121193],[6.389332770999999,10.161286354000026],[6.411018848000026,10.151647567999987],[6.418247699999995,10.148435592999988],[6.446359158000007,10.146828651000021],[6.478486538000027,10.143615722999982],[6.48892784100002,10.138796806000016],[6.491337299000008,10.135583877999977],[6.5170392989999755,10.119520186999978],[6.525874615000021,10.113095283999996],[6.5379223819999766,10.098637580999991],[6.541135311000005,10.089802742000018],[6.540331841000011,10.078557967999984],[6.540331841000011,10.068920134999985],[6.54916715600001,10.052052498000023],[6.549970149999979,10.04080772399999],[6.548363686000016,10.034382820000019],[6.544347763000019,10.026350975000014],[6.544347763000019,10.014303207000012],[6.545151234000002,10.002255439999999],[6.553183079000007,9.991813659999991],[6.559608459000003,9.984584808000022],[6.556395531000021,9.976552963000017],[6.54916715600001,9.974946976000012],[6.544347763000019,9.97012805899999],[6.537119388999997,9.967718123999987],[6.528685569999993,9.965308188999984],[6.511015414999974,9.959686278999982],[6.502180576000001,9.950048446999972],[6.498164653999993,9.937196732000018],[6.498164653999993,9.925148964000016],[6.504590033999989,9.91792011299998],[6.504590033999989,9.909888267999975],[6.502180576000001,9.90185642199998],[6.496558188999984,9.894628524999973],[6.490132808999988,9.888202666999973],[6.486116885999991,9.882579802999999],[6.480494498999974,9.876957892999997],[6.473265647999995,9.866516112999989],[6.461217879999992,9.860894202999987],[6.450776576999999,9.858484267999984],[6.431499958000018,9.854468345999976],[6.412223815999994,9.864910125999984],[6.394553660999975,9.875351905999992],[6.384915352000007,9.883383750999997],[6.372867584000005,9.893021583999996],[6.356803893999995,9.90185642199998],[6.341543198000011,9.910692214999983],[6.334314345999985,9.910692214999983],[6.3246760370000175,9.909085274000006],[6.3150377270000035,9.898644446999981],[6.3005805020000025,9.897037506000004],[6.294958114999986,9.901053429000001],[6.29013919800002,9.903463364000004],[6.281303883000021,9.903463364000004],[6.277287960000024,9.905069351000009],[6.2708625789999815,9.905069351000009],[6.267649650999999,9.907479286000012],[6.259617805000005,9.906676291999986],[6.257208347000017,9.912298202999978],[6.253192425000009,9.913904189999982],[6.249176502000012,9.91470813799998],[6.245964049999998,9.915511131000017],[6.237931727999978,9.911495209000009],[6.229899882999973,9.913904189999982],[6.225080966999997,9.917117119000011],[6.217852116000017,9.91792011299998],[6.208213806000003,9.913904189999982],[6.2066078189999985,9.906676291999986],[6.206390381000006,9.900596618999998],[6.214208602999975,9.896947861000001],[6.230798720999985,9.891417503000014],[6.236329078999972,9.881586074999973],[6.237557888000026,9.87236976600002],[6.238172530999975,9.853936195000017],[6.23694324500002,9.843489647000013],[6.23694324500002,9.836116790999995],[6.23694324500002,9.828128815000014],[6.233256816999983,9.818297385999983],[6.230184554999994,9.800477982000018],[6.228955268999982,9.786959647999993],[6.224654197999996,9.774670601000025],[6.227591038000014,9.768062591999978],[6.261696339000025,9.761566162000008],[6.30964136099999,9.755678176999993],[6.334034443000007,9.758201599000017],[6.340763568999989,9.761566162000008],[6.351698398999986,9.755678176999993],[6.360109806000025,9.748949051000011],[6.371885776999989,9.756519318000016],[6.395437716999993,9.756519318000016],[6.413942813999995,9.753154755000025],[6.438335896000012,9.772500992000005],[6.454317570000001,9.785118103000002],[6.477028370000028,9.80278205899998],[6.486280917999977,9.810352324999997],[6.508150578000027,9.805305481000005],[6.524973391999993,9.798576355000023],[6.542637348000028,9.796894072999976],[6.5535721780000245,9.796052932999999],[6.572077750999995,9.786800384999992],[6.588059424999983,9.780912398999988],[6.599835396000003,9.767454147000024],[6.609087944000009,9.758201599000017],[6.613293648000024,9.731285094999976],[6.620022774000006,9.722873687999993],[6.639369010999985,9.711938857999996],[6.651144981000016,9.707733153999982],[6.654509544000007,9.701845169000023],[6.6637620930000026,9.694274902000018],[6.682267189000015,9.677452087000006],[6.678061485000001,9.670722961000024],[6.679743766999991,9.655582428000002],[6.678061485000001,9.621095657000012],[6.676379204,9.604272842],[6.672173499999985,9.589132308999979],[6.669650078000018,9.57315063499999],[6.659556388999988,9.562215804999994],[6.651144981000016,9.558851242000003],[6.649462700000015,9.552122116000021],[6.6487627029999885,9.535008430000005],[6.652827263000006,9.535299301000009],[6.683949471000005,9.526887894000026],[6.69740772199998,9.518476485999997],[6.711707115000024,9.51931762700002],[6.717595099999983,9.533617020000008],[6.730212212000026,9.537822722999977],[6.755446434000021,9.543710708999981],[6.767222403999995,9.552963256999988],[6.7773160930000245,9.558851242000003],[6.790774344999988,9.557168961000002],[6.7958211900000265,9.55043983500002],[6.8059148789999995,9.552963256999988],[6.8126440049999815,9.546234131000006],[6.842925072000014,9.534458159999986],[6.846798420000027,9.533117294000022],[6.849654197999996,9.56810379000001],[6.848813056999973,9.589132308999979],[6.844607353000015,9.609319686999982],[6.847130774999982,9.618572234999988],[6.846289635000005,9.632871627999975],[6.835354805000009,9.654741286999979],[6.839560509000023,9.663152695000008],[6.839560509000023,9.67156410199999],[6.837037086000009,9.680816649999997],[6.835354805000009,9.694274902000018],[6.830307961000017,9.707733153999982],[6.835354805000009,9.716985702999978],[6.843766211999991,9.726238250999984],[6.854701041999988,9.733808517],[6.869841575999999,9.738855361999981],[6.874888419999991,9.746425628999987],[6.869841575999999,9.757360457999994],[6.860589027000003,9.775865554999996],[6.857224464000012,9.798576355000023],[6.853859901000021,9.817922592000002],[6.853018760999987,9.83390426599999],[6.850495337999973,9.85829830199998],[6.847971916000006,9.86839199100001],[6.847130774999982,9.888579369000013],[6.849654197999996,9.896149634999972],[6.849654197999996,9.902037620999977],[6.848813056999973,9.912131310000007],[6.845448493999982,9.917178153999998],[6.847130774999982,9.923066139000014],[6.854701041999988,9.93063640600002],[6.858065604999979,9.938206673000025],[6.868159294000009,9.958394051000028],[6.866679191999992,9.960084914999982],[6.868608474999974,9.962695122000014],[6.867379664999987,9.96761131300002],[6.866255282999987,9.972481727999991],[6.869000434999975,9.972693443000026],[6.870682715999976,9.979422569000008],[6.87320613899999,9.991198540000028],[6.875729561000014,10.005497932000026],[6.879935264999972,10.018115044000012],[6.8849821090000205,10.027367592000019],[6.8883466720000115,10.047554970000022],[6.8917112350000025,10.06521892500001],[6.893393516999993,10.072789192000016],[6.901178836999975,10.076381683000022]]]},"properties":{"fid":521,"cty_nm":"Nigeria","iso3cd":"NGA","adm1nm":"Niger","adm2nm":"Shiroro","adm1cd":"NGA027","adm2cd":"NGA027022"}},{"type":"Feature","id":522,"geometry":{"type":"Polygon","coordinates":[[[7.223045349000017,9.271059990000026],[7.215636730000028,9.271260261999998],[7.207512855999994,9.274509430000023],[7.2031803130000185,9.276676178000002],[7.2026386260000095,9.284799576000012],[7.2037220000000275,9.292923927000004],[7.205888270999992,9.300505638000004],[7.200472354999988,9.303214072999992],[7.186391354000023,9.304296494000027],[7.178809166000008,9.303214072999992],[7.155520916,9.289673805000007],[7.1479387279999855,9.27884197200001],[7.1479387279999855,9.265844345000005],[7.150104999999996,9.254470824999999],[7.152812958000027,9.240931510999985],[7.153354644999979,9.225225448999993],[7.156604290000018,9.214393615999995],[7.162020206000022,9.20193767500001],[7.160936832000004,9.19489669799998],[7.161478519000013,9.184606551999991],[7.164186477999976,9.172150611999996],[7.16797733300001,9.16077709199999],[7.167658329000005,9.15311813400001],[7.2197580339999945,9.113510131999988],[7.233965873999978,9.133502007000004],[7.229988574999993,9.145071029999997],[7.221865176999984,9.165109633999975],[7.21915721900001,9.177566528],[7.218073844999992,9.184606551999991],[7.218073844999992,9.20193767500001],[7.210491656999977,9.217643737999992],[7.207242489000009,9.22685051000002],[7.209408759999974,9.233349799999985],[7.208867073000022,9.242556572000012],[7.211575030999995,9.252846718],[7.221323489999975,9.266386032000014],[7.223045349000017,9.271059990000026]]]},"properties":{"fid":522,"cty_nm":"Nigeria","iso3cd":"NGA","adm1nm":"Niger","adm2nm":"Suleja","adm1cd":"NGA027","adm2cd":"NGA027023"}},{"type":"Feature","id":523,"geometry":{"type":"Polygon","coordinates":[[[7.388168334999989,9.34982299799998],[7.376487254999972,9.36332988700002],[7.36038875600002,9.367021561000001],[7.350243092000028,9.364686011999993],[7.346700191000025,9.36387062099999],[7.343762398000024,9.363171577000003],[7.335326672000008,9.361163138999984],[7.328394890000027,9.363838196000017],[7.321242331999997,9.36659812900001],[7.314963341000009,9.364677428999983],[7.308789252999986,9.362788200000011],[7.298315525000021,9.358440399000017],[7.290733814000021,9.355293274000019],[7.282647133000012,9.351936340000009],[7.280085086999975,9.350872992999996],[7.273269175999985,9.349850655000012],[7.270301818999997,9.349405289000003],[7.259505272000013,9.338417053],[7.249215126000024,9.323252678000017],[7.252464293999992,9.312962531999972],[7.258963585000004,9.301589012000022],[7.2654623990000005,9.283717154999977],[7.264921188000017,9.274509430000023],[7.257339000999991,9.272885323000025],[7.254631042000028,9.275051116999975],[7.246507167999994,9.274509430000023],[7.235675334999996,9.27071857499999],[7.223045349000017,9.271059990000026],[7.221323489999975,9.266386032000014],[7.211575030999995,9.252846718],[7.208867073000022,9.242556572000012],[7.209408759999974,9.233349799999985],[7.207242489000009,9.22685051000002],[7.210491656999977,9.217643737999992],[7.218073844999992,9.20193767500001],[7.218073844999992,9.184606551999991],[7.21915721900001,9.177566528],[7.221865176999984,9.165109633999975],[7.229988574999993,9.145071029999997],[7.233965873999978,9.133502007000004],[7.249756812999976,9.155721663999998],[7.388168334999989,9.34982299799998]]]},"properties":{"fid":523,"cty_nm":"Nigeria","iso3cd":"NGA","adm1nm":"Niger","adm2nm":"Tafa","adm1cd":"NGA027","adm2cd":"NGA027024"}},{"type":"Feature","id":524,"geometry":{"type":"Polygon","coordinates":[[[6.206390381000006,9.900596618999998],[6.200075626,9.898177147000013],[6.195160389000023,9.884044646999996],[6.187172412999985,9.875441550999994],[6.177340984000011,9.871755599999972],[6.169353007999973,9.854550361999998],[6.1503047940000215,9.832429886],[6.137401103999991,9.829972267000016],[6.112822532999985,9.827513694999993],[6.0950031279999735,9.825670242000001],[6.0698103899999865,9.815224648000026],[6.057520866000004,9.815224648000026],[6.025568962000023,9.822598457000026],[6.004677296000011,9.827513694999993],[5.981942654000022,9.837345122999977],[5.974568843999975,9.850863457000003],[5.971496581999986,9.864381789999982],[5.969038963000003,9.885888099999988],[5.967195511,9.906779288999985],[5.973340033999989,9.916610718000015],[5.982556820000013,9.93381595599999],[5.980642319000026,9.942486762999977],[5.968094826000026,9.936630249000018],[5.9505276680000065,9.924919127999999],[5.930450915999984,9.915717125000015],[5.914556502999972,9.904006003999996],[5.90368175499998,9.894804001000011],[5.898662566999974,9.88643932299999],[5.891133785000022,9.869708060999983],[5.885278224999979,9.863852500999997],[5.879422664999993,9.855486869999993],[5.871893882999984,9.844612122000001],[5.8635282519999805,9.837920188999988],[5.853489876000026,9.814496994000024],[5.849307537000016,9.792747497999983],[5.849307537000016,9.783545494000009],[5.84428834900001,9.769325256000002],[5.829230784999993,9.741719246000002],[5.817519188000006,9.722478867000007],[5.799115658000005,9.713277817000005],[5.782384872000023,9.716623305999974],[5.762308598000004,9.73084449800001],[5.728847026999972,9.740882874000022],[5.710443497000028,9.740882874000022],[5.685347557,9.734190941000008],[5.666107655000019,9.726661681999985],[5.631809711000017,9.729171753000003],[5.606713771999978,9.729171753000003],[5.595839023999986,9.728334426999993],[5.595002651000016,9.719133376999991],[5.602531433000024,9.704912186000001],[5.609223365999981,9.691527366999992],[5.607848166999986,9.68583393099999],[5.618121624000025,9.675193787000012],[5.637200832000019,9.664552689000004],[5.645639895999977,9.65427970899998],[5.667287826999996,9.638869285999988],[5.707648276999976,9.610616683999979],[5.713885784000013,9.601444243999993],[5.7197566030000075,9.586033821000001],[5.731130599999972,9.568788528000027],[5.732231617000025,9.555580139000028],[5.735900402000027,9.541637421000019],[5.742137909000007,9.526593208000008],[5.751677990000019,9.51411819499998],[5.780297279000024,9.489535332000003],[5.7905707360000065,9.48256397199998],[5.798275948000025,9.482196808000026],[5.803045750000024,9.492103577000023],[5.809283257000004,9.499442101],[5.820657252999979,9.509348869000007],[5.833499431999996,9.509716034000007],[5.838269233999995,9.507881165000015],[5.855147362000025,9.49687385599998],[5.865054131000022,9.489902496000013],[5.8815650939999955,9.48770046200002],[5.890738010000007,9.489168167000003],[5.893920897999976,9.488788605000025],[5.9015398029999915,9.495391846000018],[5.912274836999984,9.501861571999996],[5.915616035000028,9.50624084499998],[5.922989845000018,9.51656436899998],[5.924464703000012,9.526151657000014],[5.926677227000027,9.530575752000004],[5.934788704000027,9.539424896000014],[5.951012134999985,9.551223755000024],[5.97239732700001,9.556385993999982],[5.9790344240000195,9.556385993999982],[5.98419618600002,9.554173470000023],[5.989358424999978,9.553436278999982],[5.9974699019999775,9.553436278999982],[6.0077939029999925,9.555647850000014],[6.018117904999997,9.554910660000019],[6.022542477000002,9.553436278999982],[6.036553383000012,9.550486565000028],[6.044664860000012,9.550486565000028],[6.052039146000027,9.550486565000028],[6.060151099999985,9.559335708999981],[6.0645756719999895,9.560072898999977],[6.0719494819999795,9.560072898999977],[6.0822734829999945,9.557123183999977],[6.089647769999999,9.555647850000014],[6.095547199000009,9.558597565000014],[6.1102957730000185,9.568922042999986],[6.122094630999982,9.576295852999976],[6.133155822999981,9.579245566999987],[6.136105536999992,9.577771186999996],[6.1427421569999865,9.571871757999986],[6.147904396000001,9.565972327999987],[6.158965588000001,9.554910660000019],[6.164127827000016,9.552698135000014],[6.167814732000011,9.550486565000028],[6.170027256000026,9.546798706000004],[6.182563304999974,9.541637421000019],[6.190674781999974,9.538687706000019],[6.197311877999994,9.540899276999994],[6.203211307999993,9.541637421000019],[6.208373069999993,9.54016208600001],[6.217222214000003,9.532788277000009],[6.220836163000001,9.526764870000022],[6.223845004999987,9.528570175000027],[6.229732990000002,9.536981583],[6.226368427000011,9.551280974999997],[6.212069035000013,9.566421509000008],[6.200293063999993,9.579038620000006],[6.197769642000026,9.594179153000027],[6.200293063999993,9.609319686999982],[6.2028164860000174,9.628665924000018],[6.195246220000001,9.644647598000006],[6.192722796999988,9.663993834999985],[6.197769642000026,9.680816649999997],[6.208704472000022,9.690069198999993],[6.2213215830000195,9.709415435999972],[6.22300386400002,9.727079391000018],[6.223845004999987,9.743902205999973],[6.226368427000011,9.759883881000007],[6.227591038000014,9.768062591999978],[6.224654197999996,9.774670601000025],[6.228955268999982,9.786959647999993],[6.230184554999994,9.800477982000018],[6.233256816999983,9.818297385999983],[6.23694324500002,9.828128815000014],[6.23694324500002,9.836116790999995],[6.23694324500002,9.843489647000013],[6.238172530999975,9.853936195000017],[6.237557888000026,9.87236976600002],[6.236329078999972,9.881586074999973],[6.230798720999985,9.891417503000014],[6.214208602999975,9.896947861000001],[6.206390381000006,9.900596618999998]]]},"properties":{"fid":524,"cty_nm":"Nigeria","iso3cd":"NGA","adm1nm":"Niger","adm2nm":"Wushishi","adm1cd":"NGA027","adm2cd":"NGA027025"}},{"type":"Feature","id":723,"geometry":{"type":"Polygon","coordinates":[[[3.9376537809999945,11.036710739],[3.8909132489999934,11.054022788999987],[3.8363823889999935,11.086914062000005],[3.818447828999979,11.097894669000027],[3.7939696309999817,11.112880706999988],[3.751556873000027,11.127595901000007],[3.7265300870000146,11.127595901000007],[3.725244905000011,11.125777760999995],[3.724609577000024,11.124668658000019],[3.723735342999987,11.12314249000002],[3.7225602109999727,11.120671325999979],[3.723032984999975,11.109207432000005],[3.723606227999994,11.104513299000018],[3.7236877670000013,11.103845583999998],[3.723088270000005,11.097744540999997],[3.72283170999998,11.095271161000028],[3.7227354460000015,11.090076033000003],[3.722639185999981,11.084880902999998],[3.723778471000003,11.072829878999983],[3.724928138999985,11.065034071000014],[3.726077745999987,11.057238255000016],[3.7269777910000244,11.049814143999981],[3.72787778899999,11.04239002700001],[3.727176096999983,11.028619838999987],[3.7267499039999734,11.025033585000017],[3.7264958389999947,11.023549789000015],[3.726409320000016,11.022312996999972],[3.726599123000028,11.022056002],[3.727324506000002,11.02107382600002],[3.731989215999988,11.01710422299999],[3.738399730000026,11.010326462000023],[3.7408404909999717,11.008357816],[3.7430887880000228,11.006208215000015],[3.7431951969999773,11.006095003999974],[3.744131615000015,11.001724679999995],[3.7431488980000154,10.997881369000027],[3.7444431210000175,10.996596295000018],[3.746871779999992,10.994987956999978],[3.7483270019999964,10.993221768000012],[3.7505857419999984,10.98856929499999],[3.7527783410000097,10.982499362999988],[3.755745967999985,10.975774656999988],[3.75838330900001,10.969624185999976],[3.7610205390000147,10.96347369],[3.7628326440000137,10.958881706999989],[3.764644691000001,10.95428971199999],[3.7658909919999815,10.949112662000005],[3.7674997510000026,10.944141227999978],[3.7697558230000254,10.938687464999987],[3.769818122999993,10.938480320999986],[3.7721673190000047,10.930669491999993],[3.7745782999999733,10.92249124],[3.7743397030000096,10.921098399000016],[3.7724381950000065,10.909998089999988],[3.770969899000022,10.906476546000022],[3.7696642070000053,10.903114833000018],[3.769270021000011,10.901324511999974],[3.767777742000021,10.894546821999995],[3.76776582399998,10.89447798499998],[3.7665435600000023,10.887419275000013],[3.7632779080000205,10.878293816999985],[3.7621329030000084,10.874290705000021],[3.760826647999977,10.870608432999973],[3.7587042160000124,10.864684833000013],[3.7583687160000068,10.860198984000021],[3.757062157000007,10.856356462000008],[3.7552665100000127,10.851393438999992],[3.7528241719999755,10.847072959999991],[3.751352216999976,10.844592655999975],[3.7505451850000213,10.843232774],[3.7455074490000015,10.838117333000014],[3.7429087819999722,10.836040481999987],[3.739336041999991,10.83332501000001],[3.7373834549999856,10.830285120999974],[3.7370530370000097,10.827722073000018],[3.7388320919999956,10.826115405999985],[3.740610742000001,10.824348499999985],[3.741124434000028,10.823429151000028],[3.7422245309999767,10.821460290999994],[3.743191522000018,10.819214613999975],[3.743342530999996,10.814727521000009],[3.743497148000017,10.811682591000022],[3.744458167999994,10.807033330000024],[3.745907761000012,10.803344304999996],[3.748007615000006,10.800454903000002],[3.7501098299999853,10.798526933999995],[3.752048333999994,10.79595838199998],[3.753172457000005,10.791789413000004],[3.7555971169999793,10.789219668999976],[3.759318645999997,10.786806952000006],[3.762553959999991,10.784395414000016],[3.765948814000012,10.781022000999997],[3.76788097299999,10.776049780999983],[3.768844801,10.772682361000022],[3.7698082169999907,10.769154705000005],[3.771254094000028,10.764183684999978],[3.7728648589999807,10.760333910999975],[3.7741526789999966,10.756965676999982],[3.7751147530000253,10.752957286000026],[3.7738641799999755,10.748974025999985],[3.778177496000012,10.737661107000008],[3.7829670410000062,10.731750859999977],[3.7869326900000146,10.72764487500001],[3.790237697000009,10.72435971599998],[3.795036630000027,10.722217587999978],[3.80265534199998,10.721378845000004],[3.807789174999982,10.720628302000023],[3.8129229809999856,10.71987767500002],[3.8168922319999865,10.717327797999985],[3.8208614170000033,10.714777871000024],[3.8249109309999767,10.71132658099998],[3.8289603530000136,10.707875237999986],[3.8320130330000097,10.70344348499998],[3.8350656239999807,10.699011700000028],[3.83732537100002,10.688219994000008],[3.8379536549999784,10.681007600999976],[3.8390723040000125,10.675396268999975],[3.839877042000012,10.673471269000004],[3.840194026000006,10.670906609999975],[3.83856739700002,10.668507384000009],[3.8385625689999756,10.666744775999973],[3.839039360000015,10.663378505000026],[3.8399977330000183,10.658408555999983],[3.840308977999996,10.653760810999984],[3.8403789320000215,10.651501198999995],[3.8406066169999917,10.644145717000015],[3.84057853500002,10.633890534999978],[3.839104949999978,10.628125909999994],[3.840545225000028,10.621712514000023],[3.8418226200000163,10.614979066999979],[3.842295163000017,10.610090524999976],[3.842767689000027,10.605201980999993],[3.8429147639999996,10.599753468000017],[3.8440261200000236,10.591578324000011],[3.844481256999984,10.589985968000008],[3.8443724879999763,10.589542864000009],[3.8422067480000237,10.584797342999991],[3.8382102140000143,10.576616055999978],[3.83472128599999,10.572365488999992],[3.8287460239999973,10.567138367999974],[3.822770965000018,10.561911133000024],[3.8209417250000115,10.558966779000002],[3.820433234999996,10.554544417999978],[3.8200890599999866,10.549630120000018],[3.8200712749999752,10.542912735000016],[3.819555759000025,10.538623547999975],[3.8192247879999854,10.53586980199998],[3.8153959979999854,10.528015347999997],[3.81468539399998,10.527263975999972],[3.810913302000017,10.523275479999995],[3.8072598229999812,10.519024946000002],[3.805757029000006,10.514113529999975],[3.80225152700001,10.502981234000003],[3.7994006810000087,10.495550211000023],[3.7969600719999903,10.490909337000005],[3.7940240519999975,10.482423889000017],[3.7930444720000196,10.479221492000022],[3.7922259919999988,10.475698207999983],[3.79221296999998,10.470570500000008],[3.7923638890000007,10.466243587999998],[3.7907278839999776,10.459517493000021],[3.787615986999981,10.44526365500002],[3.786298338999984,10.436293322999973],[3.7832013529999813,10.427808077000009],[3.781250011999987,10.42428752799998],[3.7776684950000003,10.416123864999975],[3.7763773980000224,10.412446655999986],[3.775439131999974,10.41262316000001],[3.7721322279999754,10.41394190699998],[3.770485349000012,10.41485280500001],[3.767992246999995,10.416231751999987],[3.763950582999996,10.41846721799999],[3.7527910539999993,10.423654739000028],[3.749614909999991,10.424501141999997],[3.7478287829999886,10.424977120999984],[3.7415435049999815,10.426794028000018],[3.735425592000013,10.42942966999999],[3.7271584989999837,10.433217008999975],[3.7205433959999823,10.435689653999987],[3.714922038999987,10.43848764400002],[3.708637008999972,10.440631634999988],[3.6995460539999954,10.444186824999974],[3.6929146279999827,10.446925437999994],[3.684825363000016,10.449346590000005],[3.6804899140000202,10.451989507999997],[3.6798133070000176,10.452401972000018],[3.6752031440000223,10.454174464999994],[3.670592928000019,10.455946891999986],[3.667031896000026,10.456274848000021],[3.6629844679999906,10.45628328700002],[3.6603897240000265,10.454205478999995],[3.6574688530000117,10.451006585000016],[3.653251943999976,10.447329568999976],[3.646592898999984,10.441800004000015],[3.6344498990000034,10.432727063000016],[3.628609842000003,10.430232563000004],[3.6226137570000105,10.42703934399998],[3.6187235109999847,10.42448291400001],[3.613863940999977,10.422889825000027],[3.6077065420000167,10.419856848999984],[3.604789031999985,10.417939392999983],[3.598140693000005,10.412022692999983],[3.597653851000018,10.408937857000012],[3.599262493000026,10.406091393999986],[3.6008760220000227,10.403364136999983],[3.601519192000012,10.401119470000026],[3.60134659900001,10.395511101000011],[3.6003637809999987,10.389423463000014],[3.5985771590000013,10.386221846000012],[3.596630260999973,10.383821723999972],[3.5925734799999987,10.378380773000004],[3.5873088480000206,10.370313029999977],[3.5870457920000263,10.36525048499999],[3.585095836999983,10.361087542000007],[3.5826595309999902,10.356444722999981],[3.580545190999999,10.350839805000021],[3.578999445000022,10.346355593999988],[3.577453742999978,10.341871374999982],[3.5747926629999824,10.334963202999973],[3.5704645559999904,10.325217812000005],[3.5681899769999745,10.320254066000018],[3.5651202700000226,10.314375116999997],[3.564588948999983,10.310695789000022],[3.561851083000022,10.304720847999988],[3.5599012819999984,10.300237229000004],[3.5590854220000097,10.296392621999985],[3.5616674080000053,10.29238187300001],[3.56473394599999,10.287889522],[3.5663437640000097,10.283239438999999],[3.5673866710000084,10.278269845000011],[3.568429545000015,10.27330024600002],[3.569396657000027,10.271215293000012],[3.571496933999981,10.269448840999985],[3.574405058000025,10.267039932999978],[3.5752082920000134,10.263833509999984],[3.574879758999998,10.261109824000016],[3.5756832550000013,10.258063631000027],[3.577458383000021,10.255496474999973],[3.579881838999995,10.253569163999998],[3.5821434370000134,10.251642091000008],[3.585534951999989,10.24827073900002],[3.585851780999974,10.244584421000013],[3.585846779999997,10.241860180000003],[3.5868115910000142,10.238653413000009],[3.5895492519999834,10.231757699000013],[3.592608595999991,10.22389986799999],[3.5947027779999985,10.219088520000014],[3.5985698420000176,10.210748437999996],[3.6022764570000163,10.203209830999981],[3.6066266319999727,10.193907265999997],[3.610500122000019,10.189252778000025],[3.6137307540000165,10.186842970999976],[3.624071879999974,10.180894142],[3.628354194999986,10.178722576999974],[3.6326364519999856,10.176550956000028],[3.6371601999999825,10.173817928999995],[3.6444352429999753,10.171880688999977],[3.6500949229999833,10.171068251000008],[3.6525218159999895,10.171383939000009],[3.6782095620000064,10.17682991800001],[3.684816598999987,10.170210838000003],[3.688456773999974,10.161474227999975],[3.692824841999993,10.157834052999988],[3.7030172359999938,10.152737617000014],[3.7073855400000184,10.143273353999973],[3.7073855400000184,10.132352829000013],[3.7073855400000184,10.117064475999996],[3.7124817370000187,10.108327866000025],[3.714665652000008,10.10177612299998],[3.7153937830000245,10.089399338000021],[3.7306823740000254,10.068286896000018],[3.7365067019999856,10.068286896000018],[3.7365067019999856,10.074838638000017],[3.7343225490000123,10.079935073999991],[3.735050440000009,10.087943076999977],[3.7430589209999994,10.08430385600002],[3.7459709650000264,10.077023505999989],[3.7503390319999994,10.068286896000018],[3.7576193809999836,10.063190459999987],[3.761987686999987,10.058822631999988],[3.766355754000017,10.053726196000014],[3.7714519510000173,10.047174454000015],[3.7721800809999877,10.040621757999986],[3.775092126000004,10.033341408000013],[3.783828497999991,10.031157494000013],[3.788196565000021,10.034069061000025],[3.788196565000021,10.038437842999997],[3.7845563899999775,10.045718193000027],[3.780188322000015,10.052269936000016],[3.7845563899999775,10.062462806999974],[3.794020891999992,10.062462806999974],[3.7969329370000082,10.066102982000018],[3.7991170880000027,10.071198462999973],[3.8180456160000062,10.066830634999974],[3.8233191969999893,10.05430603000002],[3.833034992000023,10.047019004999981],[3.8510396479999827,10.055203437999978],[3.8641338360000077,10.050292968999997],[3.8723175530000162,10.042109488999984],[3.8821382529999937,10.035562514999981],[3.890322208999976,10.030652046],[3.903416395000022,10.019194603000017],[3.890322208999976,10.015920639],[3.8870487219999745,10.004463196000017],[3.8870487219999745,9.988095283999996],[3.909963607999998,9.989732742000001],[3.921420813999987,9.99955272699998],[3.9345152380000172,9.99955272699998],[3.949246168000002,9.991369247000023],[3.954156399999988,9.983184814000026],[3.9525196559999927,9.978275299000018],[3.94106221200002,9.976637840000024],[3.936151981000023,9.97336482999998],[3.9345152380000172,9.970090866000021],[3.9345152380000172,9.966817855999977],[3.94106221200002,9.961907386999997],[3.949246168000002,9.961907386999997],[3.9590668690000257,9.960269928000002],[3.965613841999982,9.956996918000016],[3.9705240729999787,9.948813438000002],[3.9688873289999833,9.942265511000016],[3.960703611999975,9.937355995000019],[3.9590668690000257,9.934082031000003],[3.942698956000015,9.93244552599998],[3.9345152380000172,9.927535057],[3.936151981000023,9.916077614000017],[3.945972444000006,9.90789318100002],[3.954156399999988,9.90789318100002],[3.962340356000027,9.90789318100002],[3.9672505870000236,9.902983665000022],[3.980017423999982,9.906583785999999],[3.982636212999978,9.898727416999975],[3.985255241999994,9.893489837999994],[3.994421005999982,9.900036811999996],[4.002277850999974,9.906583785999999],[4.011443615000019,9.898727416999975],[4.012753009999983,9.885633469000027],[4.01668119499999,9.868611336000015],[4.020609379000007,9.860754013000019],[4.021918774000028,9.856825829000002],[4.027156830000024,9.856825829000002],[4.038941383000008,9.864683151000008],[4.052035809000017,9.863373755999987],[4.057273388999988,9.856825829000002],[4.070367336000004,9.856825829000002],[4.078224181999985,9.854207039000016],[4.080842973000017,9.851588248999974],[4.083461762000013,9.851588248999974],[4.095246314999997,9.867301940999994],[4.095246314999997,9.877777100000003],[4.114887715000009,9.88170528400002],[4.124053478999997,9.875158310000018],[4.122744082999986,9.860754013000019],[4.118815899000026,9.85551643399998],[4.127982139999972,9.851588248999974],[4.141076089000023,9.860754013000019],[4.152861117999976,9.862063407999983],[4.171192646000009,9.820162772999993],[4.206547261000026,9.78218936899998],[4.209918022000011,9.778295517000004],[4.282493590999991,9.694458008000026],[4.350583554000025,9.588395118999983],[4.3872470869999916,9.562206268000011],[4.443552017999991,9.509829520999972],[4.501166822000016,9.440430640999978],[4.578422547000002,9.388053893999995],[4.609726905999992,9.361758232],[4.611769200000026,9.37074375200001],[4.613642216000017,9.393219948000024],[4.613018037000018,9.41444683100002],[4.611859321999987,9.427962303000015],[4.611145021000027,9.436298369999975],[4.601155758000004,9.456276893999984],[4.582426070999986,9.476879119999978],[4.552458286999979,9.50747108500002],[4.543717861000005,9.534941672999992],[4.542469025000003,9.561162948999993],[4.554331304000016,9.585512160999997],[4.581177234999984,9.632960319999995],[4.596785545999978,9.666049956999984],[4.609896182999989,9.704133986999977],[4.616764069999988,9.711625099000003],[4.630498885999998,9.712874413000009],[4.6367421159999935,9.719741821000014],[4.6367421159999935,9.745339393999984],[4.634869577000018,9.764068603999988],[4.632599830999993,9.77407455399998],[4.6329965589999915,9.782798766999974],[4.629874706999999,9.79653358500002],[4.624255657999981,9.816512107999984],[4.622090816000025,9.823873520000006],[4.621134282000014,9.827125549000016],[4.604901790999975,9.845231055999989],[4.601779938999982,9.859590529999991],[4.594912529999988,9.870203972000013],[4.590542315999983,9.87332534799998],[4.584299088000023,9.874574660999997],[4.579928875000007,9.879569054000001],[4.58742046399999,9.893303871],[4.5924153330000195,9.902668952999989],[4.5917911540000205,9.912657738000007],[4.586796284000002,9.925768851999976],[4.583050250999975,9.942001343000015],[4.578680038000016,9.949493408000023],[4.575558661999992,9.963852882000026],[4.572436810999989,9.975714684000025],[4.57430982599999,9.991323470999987],[4.580553054999996,10.00630664800002],[4.58554744700001,10.033777236999981],[4.570563794000009,10.06936359399998],[4.5549559599999725,10.081850051999993],[4.5299825669999905,10.10058021499998],[4.526861191000023,10.111193657000001],[4.526921271999981,10.11426353500002],[4.527485372000001,10.143033980999974],[4.551834106000001,10.194852829000013],[4.567442417999985,10.222948073999987],[4.568690776999972,10.246047974000021],[4.566055774999995,10.246029854000028],[4.566055774999995,10.256834984000022],[4.559996604999981,10.26808738699998],[4.5418195720000085,10.287129402000005],[4.5184493059999795,10.29838180500002],[4.490751266000018,10.313961983000013],[4.482961177999982,10.328677176999975],[4.483826636999993,10.340794562999974],[4.486423491999972,10.368493080000007],[4.479498863000003,10.421292305000009],[4.485558033000018,10.469764709000003],[4.498541354999986,10.51737022399999],[4.510058403000016,10.535167693999995],[4.480364323999993,10.542471885999987],[4.454397678000021,10.540740966999977],[4.442279340000027,10.544202804999998],[4.427564621999977,10.545934676999991],[4.405060290999984,10.543337822000012],[4.388614179000001,10.546799659999976],[4.360050678999983,10.554590225000027],[4.335814954,10.555455208000012],[4.312444210000024,10.547665596000002],[4.309847832999992,10.554590225000027],[4.3141756069999815,10.563245773000006],[4.324562550999985,10.582287787999974],[4.334083557999975,10.608255385999996],[4.3366804130000105,10.620372771999996],[4.344470501999979,10.632491112000025],[4.349663734999979,10.653264998999987],[4.353126050000014,10.67057609599999],[4.361781597999993,10.687887192000005],[4.368706227000018,10.701736449999999],[4.369571687000018,10.707795142999998],[4.370437621999997,10.725972176000028],[4.373899461000008,10.74068736999999],[4.366109371999983,10.753670692000014],[4.356588364000004,10.771847724999986],[4.352260591000004,10.796083450000026],[4.349663734999979,10.836765289000027],[4.347932817000014,10.861001015],[4.347932817000014,10.905144690999975],[4.343673706000004,10.911533356000007],[4.3410081860000105,10.915531158000022],[4.3193688399999814,10.914666176000026],[4.310713292000003,10.920724869000026],[4.288208485999974,10.928515434000019],[4.283880711999984,10.937170981999998],[4.284746170999995,10.953616141999987],[4.288208485999974,10.980448722999995],[4.27782154099998,10.986508368999978],[4.263107300999991,10.982180594999988],[4.256182670999976,10.98564243300001],[4.238871098000004,11.007281303000013],[4.226610660999995,11.018696784999975],[4.213769914000011,11.030652046],[4.1860713959999885,11.03238296500001],[4.167028904000006,11.024593353],[4.132406235000019,11.025458335999986],[4.100380421000011,11.02632427200001],[4.068354607000003,11.021996498000021],[3.9939157969999997,11.017668723999975],[3.9376537809999945,11.036710739]]]},"properties":{"fid":723,"cty_nm":"Nigeria","iso3cd":"NGA","adm1nm":"Niger","adm2nm":"Borgu","adm1cd":"NGA027","adm2cd":"NGA027004"}}]}