{"type":"FeatureCollection","features":[{"type":"Feature","id":156,"geometry":{"type":"MultiPolygon","coordinates":[[[[5.924606799999992,5.7483320239999784],[5.917080879000025,5.758672236999985],[5.9061489110000025,5.770370006999997],[5.8905391690000215,5.7633051870000145],[5.887896060999992,5.7530026439999915],[5.878351211999984,5.75141477599999],[5.868165970000007,5.747861861999979],[5.864126204999991,5.738812923000012],[5.860095023999975,5.727684021000016],[5.858107089999976,5.715878009999983],[5.8547430039999995,5.707529067999985],[5.850031853000019,5.696393967000006],[5.859580040000026,5.690231799999992],[5.869799136999973,5.68615579599998],[5.8786640170000055,5.680682181999998],[5.8895812029999774,5.672451018999993],[5.899827002999984,5.662134170999991],[5.903944016000025,5.65384721800001],[5.910789012999999,5.643500804999974],[5.918334006999999,5.629001141000003],[5.908166885000014,5.612124919999985],[5.915039062000005,5.605394839999974],[5.924602031999996,5.595766067999989],[5.930765151999992,5.586109161000024],[5.937603951000028,5.577149867999992],[5.95164203600001,5.569075107999993],[5.958748817000014,5.562763213999972],[5.971007824000026,5.558703899000022],[5.979833126000017,5.562244892000024],[5.985916137999993,5.570618152999998],[5.991306781999981,5.581758021999974],[6.0042099949999965,5.586027145000003],[6.017790794000007,5.5903010370000175],[6.028649807000022,5.59524488400001],[6.040855884999985,5.60297489200002],[6.050336838000021,5.612069130000009],[6.05845403699999,5.621844769000006],[6.059088229999986,5.632253170000013],[6.057663918000003,5.6468038560000196],[6.054209232000005,5.659257889000003],[6.044614792000004,5.675821781000025],[6.041172028000005,5.685502052000004],[6.040129185000012,5.697036265999998],[6.0397143359999745,5.700560092999979],[6.0359830859999875,5.704705714999989],[6.032283783000025,5.7063088419999985],[6.026089190999983,5.7131161689999885],[6.020611762999977,5.7213921549999895],[6.014458178999973,5.728969097000004],[6.007615089000012,5.738621234999982],[6.001463890000025,5.745503901999996],[5.9919037820000085,5.754439831000013],[5.981730937999998,5.748114109000028],[5.969620227999997,5.748805045999973],[5.958599090999996,5.750695228999973],[5.940937041999973,5.746387004999974],[5.924606799999992,5.7483320239999784]]],[[[6.135921000999986,5.788926124999989],[6.1304187769999885,5.802749156999994],[6.126978873999974,5.8117361070000015],[6.123527050000007,5.823495864999984],[6.120879172999992,5.839725018000024],[6.111967086999982,5.823400020999998],[6.107929230000025,5.813658237000027],[6.101854801000002,5.803205013000024],[6.093735218000006,5.7941222189999735],[6.080683707999981,5.788235187999987],[6.075937270999987,5.786094188999982],[6.073625564999986,5.786473274000002],[6.0618572239999935,5.775133132999997],[6.048964023999986,5.76878499999998],[6.051740170000016,5.756324768000013],[6.066047191999985,5.750203133000014],[6.078306198000007,5.746143818000007],[6.091908932000024,5.745563984],[6.1034760480000045,5.744273185999987],[6.116405009999994,5.742300033999982],[6.1266121859999885,5.740997790999984],[6.136820793000027,5.739002228000004],[6.146347999999989,5.7376952170000095],[6.162654877000023,5.740603924000027],[6.1544518470000185,5.750245093999979],[6.144177914000011,5.766802788000007],[6.140738010000007,5.775788783999985],[6.135921000999986,5.788926124999989]]]]},"properties":{"fid":156,"cty_nm":"Nigeria","iso3cd":"NGA","adm1nm":"Delta","adm2nm":"Ethiope East","adm1cd":"NGA010","adm2cd":"NGA010005"}},{"type":"Feature","id":154,"geometry":{"type":"Polygon","coordinates":[[[6.581527232999974,6.291166782000005],[6.566888808999977,6.2904310229999965],[6.5566759110000135,6.293119907000005],[6.5484919549999745,6.298600196999985],[6.534181117999992,6.305416106999985],[6.5171871190000275,6.303886890000001],[6.507008075999977,6.298947811000005],[6.498208046000002,6.289859772],[6.484641075000013,6.28211879700001],[6.475821972000006,6.277191162000008],[6.462944983999989,6.267374991999986],[6.447338103999982,6.259616852000022],[6.431725979000021,6.253245831000015],[6.419509887999993,6.247595787000023],[6.399130821000028,6.242571831000021],[6.388936995999984,6.241099834000011],[6.3753418919999945,6.239600182000004],[6.379480838999996,6.226459025999986],[6.382933139999977,6.214697838000006],[6.385693073000027,6.205706120000002],[6.38981914499999,6.195337772000016],[6.385787963999974,6.18420887000002],[6.3769807819999755,6.1765069960000005],[6.3661379810000085,6.168095112000003],[6.3539438249999876,6.157590866000021],[6.343751907000012,6.155426979000026],[6.343791962000012,6.146410941999989],[6.345199107999974,6.136021137],[6.347280979000004,6.126328945000012],[6.348011016999976,6.115240097000026],[6.344658852000009,6.104115963000027],[6.335867882000002,6.092947005999974],[6.332522869000002,6.080437183000015],[6.330525874999978,6.070712089999972],[6.327185154000006,6.057507992000012],[6.325212002000001,6.042233943999975],[6.323217869000018,6.0318160059999855],[6.319196223999995,6.0186061859999995],[6.328075886000022,6.009665012000028],[6.337645054000006,5.998649119999982],[6.345836163000001,5.991782188000002],[6.360808849000023,5.989132880999989],[6.366206169000009,5.998886108000022],[6.374277114999984,6.019063949999975],[6.383068084999991,6.030232905999981],[6.393972873999985,6.024775981999994],[6.400844097000004,6.0088829989999795],[6.40361022899998,5.9985041620000175],[6.41181898100001,5.987476825999977],[6.430191993999983,5.984856128999979],[6.44447517399999,5.984281063000026],[6.45602607699999,5.986457825000002],[6.479153155999995,5.985262870999975],[6.4886479379999855,5.990890025999988],[6.504289149999977,5.991020203000005],[6.516522883999983,5.992508887999975],[6.5273880959999815,5.996067046999997],[6.536911010999972,5.995451926999976],[6.551870823000002,5.995576858999982],[6.566829204999976,5.996395111000027],[6.569506167999975,6.006125927000028],[6.571490765000021,6.018624783000007],[6.572807789000024,6.028345107999996],[6.5720849040000076,6.038046837000024],[6.567965031000028,6.047029017999989],[6.564509869000005,6.059483050999972],[6.5671901700000035,6.068520068999987],[6.572596073,6.076192855999977],[6.581424235999975,6.079041003999976],[6.593660831000022,6.0798358920000055],[6.6052308079999875,6.077851771999974],[6.6161170010000205,6.076554774999977],[6.629046916999982,6.074583054000016],[6.637837886999989,6.0857520100000215],[6.646623135000027,6.098307132999992],[6.645172596000009,6.101227283000014],[6.641133785000022,6.109356880000007],[6.63157415400002,6.118292809000025],[6.6199860570000055,6.124437809000028],[6.610406876000013,6.137534141999993],[6.610366821000014,6.146549225000001],[6.60896778099999,6.155552864000015],[6.606887816999972,6.164550781000003],[6.608201980999979,6.174963950999995],[6.610161780999988,6.193010807000007],[6.616249084000003,6.200689792999981],[6.62504005400001,6.211857796000004],[6.629747867999981,6.223687171999984],[6.634452819999979,6.23620891600001],[6.6262459750000176,6.246541976999993],[6.6153202059999785,6.256854056999998],[6.607806206000021,6.264420033000022],[6.601648807999993,6.272689818999993],[6.594122887000026,6.283030032999989],[6.581527232999974,6.291166782000005]]]},"properties":{"fid":154,"cty_nm":"Nigeria","iso3cd":"NGA","adm1nm":"Delta","adm2nm":"Aniocha South","adm1cd":"NGA010","adm2cd":"NGA010002"}},{"type":"Feature","id":155,"geometry":{"type":"MultiPolygon","coordinates":[[[[5.927133083000001,5.176925181999991],[5.905970097000022,5.195473193999987],[5.896440982999991,5.197474003000025],[5.889232634999985,5.19537210499999],[5.882597922999992,5.19268226600002],[5.8770174979999865,5.1898922920000246],[5.878635406000001,5.185500144999992],[5.879626273999975,5.18079471599998],[5.879873753000027,5.175841331000015],[5.878635406000001,5.165935040000022],[5.875911235999979,5.145131588000027],[5.877397060000021,5.127300262000006],[5.880369185999996,5.1146698000000015],[5.881239413999992,5.110143185000027],[5.881353321000006,5.109508990999984],[5.882730483999978,5.101841449999995],[5.885300636000011,5.099972247999972],[5.896516323000014,5.104411602000027],[5.9093675610000105,5.104878901999996],[5.914507866000008,5.108150005000027],[5.9159097670000165,5.117496490000008],[5.916377067999974,5.131515980000017],[5.9175453189999985,5.134086131999993],[5.921751498999981,5.135020732999976],[5.926891803999979,5.139927864000015],[5.927592753999988,5.154881954000018],[5.927826405000019,5.160723209000025],[5.933200836000026,5.164695262999999],[5.946052074000022,5.164227961999984],[5.960538864,5.15721845600001],[5.964244843000017,5.149107456000024],[5.9724555020000025,5.14061403300002],[5.974926471999993,5.13752460500001],[5.97829675700001,5.133312224999997],[5.980889320000017,5.130557537000016],[5.983001709000007,5.135772705000022],[5.9844608309999785,5.138500213999976],[5.986678600000005,5.143977165000024],[5.986753941000018,5.147442340999987],[5.986829280999984,5.150907039999993],[5.986904143999993,5.1543722150000235],[5.984343529,5.159445285999993],[5.9734601970000085,5.15789318100002],[5.972727775999999,5.169675826999992],[5.969274998000003,5.181436061999989],[5.965157986000008,5.189723968999999],[5.954277992000016,5.1896328930000095],[5.946148871999981,5.182631016000016],[5.935315132000028,5.172138213999972],[5.927133083000001,5.176925181999991]]],[[[5.812856196999974,5.209954261999997],[5.820899962999988,5.21002101900001],[5.831093787999976,5.211493014999974],[5.837861061000012,5.2191781999999876],[5.847342013999992,5.228271007999979],[5.850696087000017,5.238701820000017],[5.8499760629999855,5.247711181999989],[5.8496322629999895,5.264167309000015],[5.839036942000007,5.260796070000026],[5.826149939999993,5.2530608179999945],[5.814606190000006,5.2494969370000035],[5.803079127999979,5.241773129000023],[5.791536807999989,5.237515926000015],[5.781363963999979,5.2311902050000185],[5.771881103999988,5.222788810999987],[5.767160891999993,5.213735104000023],[5.767887115000008,5.203339099999994],[5.77472114599999,5.195766925999976],[5.784961224000028,5.186837195999999],[5.786741257000017,5.185741900999972],[5.7935914990000015,5.186122416999979],[5.797555923000004,5.189452171000028],[5.796636105000005,5.1922116279999955],[5.7935914990000015,5.199062346999995],[5.7928304669999875,5.203629017000026],[5.7943525310000155,5.2070541379999895],[5.799300194000011,5.207435131000011],[5.803105830999982,5.207435131000011],[5.807075977000011,5.206690788000003],[5.809195518000024,5.2062931059999755],[5.812856196999974,5.209954261999997]]],[[[5.849763870000004,5.284266949000028],[5.84842538800001,5.287083626000026],[5.848500729000023,5.290548324999975],[5.846553325999992,5.297545432999982],[5.8416128160000085,5.295622348999984],[5.8373718259999805,5.29367732999998],[5.823122024999975,5.286935329000016],[5.845350266000025,5.283931255000027],[5.849763870000004,5.284266949000028]]],[[[5.825238227999989,5.3057579989999795],[5.810253143000011,5.311181067999996],[5.802742003999981,5.318052769000019],[5.808112144000006,5.334047794000014],[5.8091907500000275,5.336875438999982],[5.805391311999983,5.335612774000026],[5.803263663999985,5.334293842000022],[5.801135540000018,5.332974911000008],[5.798278331999995,5.330291747999979],[5.794721603000028,5.327631473999986],[5.791164874999993,5.324971199000004],[5.786909103000028,5.322332859000028],[5.782638072999987,5.319001674999981],[5.776953219999996,5.3150224689999845],[5.774080753000021,5.311646461000009],[5.769050597999978,5.305565833999992],[5.76549387,5.302905559999999],[5.763365745999977,5.301586150999981],[5.757651328999998,5.296220779000009],[5.7540645600000175,5.292174338999985],[5.751222133999988,5.290184497999974],[5.746222019000015,5.285490035999999],[5.743349551999984,5.282114029000013],[5.7418456080000055,5.277307986999972],[5.741071223999995,5.273865222999973],[5.742336272999978,5.2682638169999905],[5.744492530999992,5.270288467],[5.749477862999981,5.274290561999976],[5.755147457000021,5.2775769230000265],[5.760102748999998,5.280192852000027],[5.764343739000026,5.282137870999975],[5.769299030000013,5.284753798999986],[5.7728404999999725,5.286721230000012],[5.7770814900000005,5.288666248000027],[5.781337260999976,5.291304110999988],[5.785548210000002,5.291863440999975],[5.790458202000025,5.292400359999988],[5.795353412999987,5.292243957999972],[5.800233841000022,5.2913947110000095],[5.803715228999977,5.290590285999997],[5.808300971999984,5.291053771999998],[5.825238227999989,5.3057579989999795]]]]},"properties":{"fid":155,"cty_nm":"Nigeria","iso3cd":"NGA","adm1nm":"Delta","adm2nm":"Bomadi","adm1cd":"NGA010","adm2cd":"NGA010003"}},{"type":"Feature","id":153,"geometry":{"type":"Polygon","coordinates":[[[6.581527232999974,6.291166782000005],[6.573599815000023,6.31059789699998],[6.566765784999973,6.318170070999997],[6.566042900000014,6.327871798999979],[6.569382190999988,6.341770171999997],[6.572732925000025,6.3528928759999985],[6.572659015999989,6.369535923000001],[6.5746378900000195,6.383421897999995],[6.574593067000023,6.3938241000000176],[6.57659006099999,6.403550148000022],[6.579260825999995,6.414668082999981],[6.577855109999973,6.425057888000026],[6.574409007999975,6.435431004000009],[6.570931911000002,6.452740192000022],[6.571571827000014,6.461760997999988],[6.571531773000004,6.470775127000024],[6.5708031649999725,6.481864928999983],[6.57426738700002,6.491602420999982],[6.575504780000017,6.49507999399998],[6.565308093999988,6.494301796000002],[6.551711081999997,6.49349498700002],[6.540155888000015,6.492012024000019],[6.535428523999997,6.490363597999988],[6.529631138000013,6.488606930000003],[6.526188849999983,6.488078116999986],[6.523318768000024,6.48754119900002],[6.520029067999985,6.483035563999977],[6.50962591199999,6.475808143999984],[6.502198218999979,6.4639568329999975],[6.492447852999987,6.45624589900001],[6.490446567999982,6.455711365000013],[6.480507851000027,6.4478259090000165],[6.466182709000009,6.440909863000002],[6.4620819090000055,6.437876700999993],[6.448867797999981,6.428103924000027],[6.445375919000014,6.425244808000002],[6.441873074,6.421802997999976],[6.440121174000012,6.420083046000002],[6.436604022999973,6.416059017000009],[6.433647156000006,6.411443233],[6.431262016000005,6.406817912999998],[6.42894983299999,6.405688763000001],[6.423731803999999,6.402275084999985],[6.419109821000006,6.400015831000019],[6.41505909,6.397748947000025],[6.412735939000015,6.39603710199998],[6.410437107000007,6.395491122999999],[6.406398772999978,6.393805981000014],[6.401229858000022,6.3927221299999815],[6.397776126999986,6.391611098999988],[6.391427039999996,6.388796806000016],[6.385685921000004,6.3877220150000085],[6.379920959000003,6.385480880999978],[6.370153904000006,6.383304119000002],[6.365606785000011,6.384541034999984],[6.362289428999986,6.384438992000014],[6.3638582230000225,6.376121044000001],[6.368660927000008,6.366452217000017],[6.374145031000012,6.356789112000001],[6.378266811000003,6.347114085999976],[6.3830919270000095,6.332591057000002],[6.387904166999988,6.320841788999985],[6.391353130000027,6.309774876000006],[6.389379978000022,6.294501781000008],[6.383993148999991,6.282668113999989],[6.377909183999975,6.274295806999987],[6.373191833000021,6.264547825000022],[6.371198176999997,6.254128933000004],[6.3753418919999945,6.239600182000004],[6.388936995999984,6.241099834000011],[6.399130821000028,6.242571831000021],[6.419509887999993,6.247595787000023],[6.431725979000021,6.253245831000015],[6.447338103999982,6.259616852000022],[6.462944983999989,6.267374991999986],[6.475821972000006,6.277191162000008],[6.484641075000013,6.28211879700001],[6.498208046000002,6.289859772],[6.507008075999977,6.298947811000005],[6.5171871190000275,6.303886890000001],[6.534181117999992,6.305416106999985],[6.5484919549999745,6.298600196999985],[6.5566759110000135,6.293119907000005],[6.566888808999977,6.2904310229999965],[6.581527232999974,6.291166782000005]]]},"properties":{"fid":153,"cty_nm":"Nigeria","iso3cd":"NGA","adm1nm":"Delta","adm2nm":"Aniocha North","adm1cd":"NGA010","adm2cd":"NGA010001"}},{"type":"Feature","id":157,"geometry":{"type":"Polygon","coordinates":[[[5.764177322000023,5.997814177999999],[5.756934643000022,6.002093315000025],[5.7452850340000055,6.0089759830000276],[5.698933124999996,6.033555983999975],[5.673977852000007,6.048922061999974],[5.668930053999986,6.0520300869999915],[5.667607307000026,6.049861431000011],[5.657452105999994,6.033209800999998],[5.637066840999978,6.02957296400001],[5.626190185999974,6.0287890430000175],[5.616007804999981,6.024542809000025],[5.605134009999972,6.023066044000018],[5.5935950279999815,6.018115996999995],[5.583425998999985,6.0110960009999985],[5.5780191420000165,6.003423214000009],[5.571273803999986,5.990883827000005],[5.572011948000011,5.977714062000018],[5.569334984000022,5.9679827690000025],[5.563938140999994,5.958230018999984],[5.5708203319999825,5.9488196369999855],[5.57565403000001,5.939153194000028],[5.583109856000021,5.928568840000025],[5.591300964000027,5.921701907999989],[5.6015229230000045,5.916934013000002],[5.612507820000019,5.917403220999972],[5.616248607999978,5.923158168999976],[5.620361805000016,5.929486274999988],[5.622174262999977,5.9409656519999885],[5.632444858999975,5.950027943000009],[5.640299319999997,5.9512362479999865],[5.647634982999989,5.946443080999984],[5.655835152000009,5.937496184999986],[5.664731026000027,5.925086974999999],[5.673611164000022,5.916145802000017],[5.6811342240000045,5.906499863000022],[5.692031859999986,5.902430057999993],[5.701564788999974,5.899734974000012],[5.71109676399999,5.897040844000003],[5.722465037999996,5.90169477500001],[5.727298259999998,5.904111861999979],[5.726694107000014,5.895653247999974],[5.721336842000028,5.888111115000015],[5.722056866000003,5.879100800000003],[5.718697071000008,5.870058060000019],[5.724881648999997,5.865445136999995],[5.733339786999977,5.866653441999972],[5.742402554000023,5.869674683000028],[5.747235774999979,5.867861747999996],[5.753881454000009,5.858195304999981],[5.765964508000025,5.860007762999999],[5.774423121999973,5.854570389000003],[5.778664112000001,5.842123985000001],[5.768381119000026,5.834632874000022],[5.779450892999989,5.817859172999988],[5.785604954000007,5.810282229999984],[5.78964090300002,5.812538146999998],[5.792006968999999,5.811782359999995],[5.793800830999999,5.807201861999999],[5.795796870999993,5.804942131000018],[5.79635953899998,5.8026914600000055],[5.797062874000005,5.8005814549999855],[5.796218871999997,5.796924590999993],[5.797203540999988,5.790735245000008],[5.799172877999979,5.790172577000021],[5.801282882999999,5.787640571999987],[5.803392886999973,5.786655902999996],[5.805080890999989,5.789047240999992],[5.808316230999992,5.791157246000012],[5.812536239999986,5.788906574000009],[5.81295824099999,5.785249233000002],[5.8126640319999865,5.782110691000014],[5.813661575000026,5.7789192199999775],[5.815349578999985,5.777653217000022],[5.819569111000021,5.775402546000009],[5.820413112999972,5.773433207999972],[5.822663783999985,5.771745205000002],[5.828431129000023,5.773292541999979],[5.826743125999997,5.776668549000021],[5.826743125999997,5.780466557000011],[5.828290461999984,5.782717228000024],[5.830822468000008,5.783842563999997],[5.832510470999978,5.7824358940000025],[5.834901810000019,5.780466557000011],[5.8392624859999955,5.781451225000012],[5.840950489000022,5.7828578950000065],[5.840528488000018,5.785530567000023],[5.8406691550000005,5.788343906000023],[5.841794490999973,5.79087591199999],[5.843623160999982,5.7917199130000085],[5.846858500999986,5.789187907999974],[5.849812508000014,5.787359238000022],[5.853217601999972,5.787916660000008],[5.857548714000018,5.788625239999988],[5.859799384999974,5.788765907000027],[5.862190723000026,5.788765907000027],[5.863738060000003,5.785389899999984],[5.864863395999976,5.7837018970000145],[5.86739540100001,5.780888557000026],[5.869558333999976,5.7815246580000235],[5.87217807799999,5.78229522700002],[5.874068737000016,5.784947871999975],[5.8839187620000075,5.790017605000003],[5.887267590000022,5.794730662999996],[5.890886783999974,5.796221256000024],[5.894185065999977,5.7985916139999745],[5.894185164000021,5.798591758999976],[5.897670746000017,5.8037824630000046],[5.902400969999974,5.811059951999994],[5.906404017999989,5.825979232999998],[5.906504154000004,5.843882083999972],[5.910546780000004,5.85223722500001],[5.921317101,5.87729215600001],[5.833310127000004,5.941052914000011],[5.835303782999972,5.951471805999972],[5.830506802000002,5.959753990000024],[5.8229961399999866,5.966627120999988],[5.812038898000026,5.9838719370000035],[5.795056820000013,5.979569911999988],[5.764177322000023,5.997814177999999]]]},"properties":{"fid":157,"cty_nm":"Nigeria","iso3cd":"NGA","adm1nm":"Delta","adm2nm":"Ethiope West","adm1cd":"NGA010","adm2cd":"NGA010006"}},{"type":"Feature","id":158,"geometry":{"type":"Polygon","coordinates":[[[6.3753418919999945,6.239600182000004],[6.371198176999997,6.254128933000004],[6.373191833000021,6.264547825000022],[6.377909183999975,6.274295806999987],[6.383993148999991,6.282668113999989],[6.389379978000022,6.294501781000008],[6.391353130000027,6.309774876000006],[6.387904166999988,6.320841788999985],[6.3830919270000095,6.332591057000002],[6.378266811000003,6.347114085999976],[6.374145031000012,6.356789112000001],[6.368660927000008,6.366452217000017],[6.3638582230000225,6.376121044000001],[6.362289428999986,6.384438992000014],[6.3575601580000125,6.384293555999989],[6.349565982999991,6.378776072999983],[6.341586113000005,6.378413677000026],[6.336294651000003,6.378173350999987],[6.33165550199999,6.376447677999977],[6.324658870999997,6.373845576999997],[6.322375297999997,6.373044967999988],[6.319386958999985,6.371263026999998],[6.312781334000022,6.367324828999983],[6.307765484000015,6.365965843000026],[6.304602622999994,6.365047455000024],[6.298853397000016,6.3633780480000155],[6.290318012,6.3618683820000115],[6.281655788000023,6.357406138999977],[6.2708368300000075,6.343445777999989],[6.261365891000025,6.332272052999997],[6.253943919999983,6.31903410000001],[6.246644020000019,6.312650204000022],[6.254680156999996,6.306557177999991],[6.262197017999995,6.298297881999986],[6.273789883000006,6.290765761999978],[6.280618190999974,6.284582138000019],[6.2840700149999975,6.272820949999982],[6.281414986000016,6.2582359310000015],[6.274651050999978,6.24985790300002],[6.267220020000025,6.238699913000005],[6.259102820999999,6.2289237979999825],[6.250969886999997,6.222614765000003],[6.248200892999989,6.233687878000012],[6.246106148000024,6.246152877999975],[6.241989135999972,6.254440783999996],[6.22909307499998,6.2487850190000245],[6.217555045999973,6.243834972000002],[6.208725929000025,6.240987777999976],[6.191729069000019,6.240152835999993],[6.184975146999989,6.229693890000021],[6.181623935999994,6.21857118600002],[6.176898003000019,6.210903168000016],[6.168767929000012,6.203900814000008],[6.162014008000028,6.193441867999979],[6.153229237000005,6.180885792000026],[6.1621122359999845,6.171251773999984],[6.172983170000009,6.173422813000002],[6.181831837000004,6.171415806000027],[6.192721844000005,6.169425964000027],[6.195490837000023,6.158352852000007],[6.201663016999987,6.146615982000014],[6.210546017000013,6.1369810099999995],[6.217380047000006,6.129408835999982],[6.220139979999999,6.120417117999978],[6.229016780999984,6.112168789000009],[6.2365279200000145,6.105297088999976],[6.244044781000014,6.097036838999998],[6.254951953999978,6.090887070000008],[6.265138148999995,6.0944390299999895],[6.280048846999989,6.105659007999975],[6.290907860000004,6.110603808999997],[6.301782130999982,6.112081051000018],[6.317399979000015,6.1170649530000105],[6.3282690049999815,6.119929790000015],[6.338462830000026,6.121401787000025],[6.347280979000004,6.126328945000012],[6.345199107999974,6.136021137],[6.343791962000012,6.146410941999989],[6.343751907000012,6.155426979000026],[6.3539438249999876,6.157590866000021],[6.3661379810000085,6.168095112000003],[6.3769807819999755,6.1765069960000005],[6.385787963999974,6.18420887000002],[6.38981914499999,6.195337772000016],[6.385693073000027,6.205706120000002],[6.382933139999977,6.214697838000006],[6.379480838999996,6.226459025999986],[6.3753418919999945,6.239600182000004]]]},"properties":{"fid":158,"cty_nm":"Nigeria","iso3cd":"NGA","adm1nm":"Delta","adm2nm":"Ika North East","adm1cd":"NGA010","adm2cd":"NGA010007"}},{"type":"Feature","id":159,"geometry":{"type":"Polygon","coordinates":[[[6.246644020000019,6.312650204000022],[6.2363309859999845,6.303630828999985],[6.223472118000018,6.289653778000002],[6.212637900999994,6.279160976000014],[6.197598933999984,6.282746314999997],[6.193511009000019,6.2984199520000175],[6.188703060000023,6.309475899000006],[6.180490017000011,6.321197032999976],[6.1675238610000065,6.3314909929999885],[6.158658980999974,6.336965083999985],[6.1504750249999915,6.342443942999978],[6.140926837999984,6.3486070629999745],[6.126613140000018,6.356115817999978],[6.1177721020000035,6.351524353000002],[6.113042830999973,6.349068165000006],[6.106954098000017,6.342082977000018],[6.100863934000017,6.335096835999991],[6.0947780609999995,6.3274178500000176],[6.088016987000003,6.318346976999976],[6.086041926999997,6.303767203999996],[6.086105824000015,6.2892050739999945],[6.076632023000002,6.278722763000019],[6.084858893999979,6.2635350229999744],[6.0950970650000045,6.2552990909999835],[6.112161160000028,6.240878104999979],[6.114303112000016,6.21800994900002],[6.115022182000018,6.209001064000006],[6.1157422069999825,6.199992179999981],[6.119191170000022,6.188924788999998],[6.121271132999993,6.17992687200001],[6.1254158020000204,6.165399074999982],[6.130246161999992,6.149487971999974],[6.134387016000005,6.135653019000017],[6.14124012000002,6.12392091800001],[6.148083209999982,6.114270209999972],[6.156969070000002,6.103940964000003],[6.16381216000002,6.0942888260000245],[6.169303893999995,6.082546234000006],[6.17681789400001,6.074979782000014],[6.185698985999977,6.066039085],[6.193222046000017,6.056393146999994],[6.201412200999982,6.049526215000014],[6.210274219999974,6.044744967999975],[6.223897933999979,6.039310931999978],[6.2327628140000115,6.033836842000028],[6.2409567830000015,6.026277064999988],[6.256639957000004,6.016697883999996],[6.270244122000008,6.016118049999989],[6.283148766000011,6.019692898000017],[6.2933521269999915,6.01908397699998],[6.299509048000004,6.010814190000019],[6.309711933000017,6.0102047920000246],[6.319196223999995,6.0186061859999995],[6.323217869000018,6.0318160059999855],[6.325212002000001,6.042233943999975],[6.327185154000006,6.057507992000012],[6.330525874999978,6.070712089999972],[6.332522869000002,6.080437183000015],[6.335867882000002,6.092947005999974],[6.344658852000009,6.104115963000027],[6.348011016999976,6.115240097000026],[6.347280979000004,6.126328945000012],[6.338462830000026,6.121401787000025],[6.3282690049999815,6.119929790000015],[6.317399979000015,6.1170649530000105],[6.301782130999982,6.112081051000018],[6.290907860000004,6.110603808999997],[6.280048846999989,6.105659007999975],[6.265138148999995,6.0944390299999895],[6.254951953999978,6.090887070000008],[6.244044781000014,6.097036838999998],[6.2365279200000145,6.105297088999976],[6.229016780999984,6.112168789000009],[6.220139979999999,6.120417117999978],[6.217380047000006,6.129408835999982],[6.210546017000013,6.1369810099999995],[6.201663016999987,6.146615982000014],[6.195490837000023,6.158352852000007],[6.192721844000005,6.169425964000027],[6.181831837000004,6.171415806000027],[6.172983170000009,6.173422813000002],[6.1621122359999845,6.171251773999984],[6.153229237000005,6.180885792000026],[6.162014008000028,6.193441867999979],[6.168767929000012,6.203900814000008],[6.176898003000019,6.210903168000016],[6.181623935999994,6.21857118600002],[6.184975146999989,6.229693890000021],[6.191729069000019,6.240152835999993],[6.208725929000025,6.240987777999976],[6.217555045999973,6.243834972000002],[6.22909307499998,6.2487850190000245],[6.241989135999972,6.254440783999996],[6.246106148000024,6.246152877999975],[6.248200892999989,6.233687878000012],[6.250969886999997,6.222614765000003],[6.259102820999999,6.2289237979999825],[6.267220020000025,6.238699913000005],[6.274651050999978,6.24985790300002],[6.281414986000016,6.2582359310000015],[6.2840700149999975,6.272820949999982],[6.280618190999974,6.284582138000019],[6.273789883000006,6.290765761999978],[6.262197017999995,6.298297881999986],[6.254680156999996,6.306557177999991],[6.246644020000019,6.312650204000022]]]},"properties":{"fid":159,"cty_nm":"Nigeria","iso3cd":"NGA","adm1nm":"Delta","adm2nm":"Ika South","adm1cd":"NGA010","adm2cd":"NGA010008"}},{"type":"Feature","id":160,"geometry":{"type":"MultiPolygon","coordinates":[[[[6.3352332119999915,5.621375084000022],[6.327727794999987,5.626860141999998],[6.325638771000001,5.637938023000004],[6.312063217000002,5.6322770119999745],[6.303232192999985,5.630124092000017],[6.290324210999984,5.627243041999975],[6.277421951000008,5.622973919000003],[6.265188217000002,5.621485232999987],[6.2481942179999805,5.619956969999976],[6.236637115000008,5.619166850999989],[6.220993041999975,5.61972999599999],[6.211462975000018,5.6217322350000245],[6.194493770999998,5.614655018000008],[6.18162012099998,5.604146003999972],[6.174163818000011,5.598536014999979],[6.163301945000001,5.594285011000011],[6.146978854999986,5.594842911000001],[6.1360960009999985,5.595446110000012],[6.1238679890000185,5.592569828000023],[6.115060805999974,5.5848679540000035],[6.112383841999986,5.575138091999975],[6.115850925000018,5.559909821000019],[6.116582870000002,5.548127174000001],[6.111188889000005,5.537680148999982],[6.10237693800002,5.531364918000008],[6.086754799000005,5.527073859999973],[6.077941894999981,5.520759106000014],[6.072535991999985,5.5130858420000095],[6.069171906000008,5.504735946999972],[6.062437057000011,5.490117073000022],[6.057713985000021,5.481756210000015],[6.055731772999991,5.468564033999996],[6.056478976999983,5.453312874000005],[6.061984062000022,5.438796043000025],[6.070876122000016,5.427081107999982],[6.080441952000001,5.4167580600000065],[6.087976932999993,5.404337882999982],[6.095433234999973,5.409947871999975],[6.106264113999998,5.421133994999991],[6.114377975000025,5.431602955000017],[6.125895977000027,5.441408157000012],[6.132647038000016,5.452559947999987],[6.137366772000007,5.461615085999995],[6.142755032000025,5.473447799999974],[6.151548862000027,5.483923912000023],[6.161713123000027,5.4923300739999945],[6.171866894000004,5.502817154000013],[6.179975033000005,5.5146741870000255],[6.184689045000027,5.525115013000004],[6.190085887999999,5.534869194000009],[6.1934437749999915,5.544604778000007],[6.2009539599999925,5.537733077999974],[6.208467960000007,5.5301680559999795],[6.218025207999972,5.5219249730000115],[6.226210116999994,5.516445159999989],[6.236443995999991,5.508902073000002],[6.245964049999998,5.508981227999982],[6.253410815999985,5.516672133999975],[6.264936923999983,5.524395943000002],[6.2757740019999915,5.534194946000014],[6.281175136999991,5.543254852000018],[6.285901070000023,5.550922871000012],[6.299529075999999,5.544795035999982],[6.310428143000024,5.54072523100001],[6.322010040000009,5.5359659189999775],[6.330191135000007,5.531179904999988],[6.330528259000005,5.526269436000007],[6.325900554999976,5.517744063999999],[6.3222470279999925,5.507757663999996],[6.319080353000004,5.496797085000026],[6.318593501999999,5.493387222000024],[6.321759701000019,5.482913494000002],[6.335155964000023,5.467325211000002],[6.340514659999997,5.45733881000001],[6.344104290000018,5.4502635000000055],[6.347042084000009,5.4484672550000255],[6.3666520119999745,5.436477184000012],[6.373417854000024,5.444160937999982],[6.382266997999977,5.442153931000007],[6.38716602300002,5.43920516999998],[6.392495155000006,5.435997962999977],[6.410205840999993,5.429211140000007],[6.421772956999973,5.4279198649999785],[6.431972980000012,5.428005218999999],[6.445410728000013,5.430782318000013],[6.45268630999999,5.43745136299998],[6.4554142950000255,5.444120407000014],[6.455717563999997,5.451395988000002],[6.453898429999981,5.454427242000008],[6.449351310999987,5.4577617649999866],[6.445107459999974,5.461096286999975],[6.4302535059999855,5.463218212000015],[6.424797058000024,5.463218212000015],[6.422671318000027,5.462580204000005],[6.416496753999979,5.462580204000005],[6.407475470999998,5.462315083000021],[6.400046348999979,5.4617843629999925],[6.388769626999988,5.4617843629999925],[6.385983467000017,5.462580204000005],[6.384204388000001,5.46553039600002],[6.384105206000015,5.48793983500002],[6.384736061000012,5.499041079999984],[6.383315085999982,5.512897968000004],[6.377810001,5.527416228999982],[6.374354838999977,5.539869785000008],[6.368165015999978,5.555768012999977],[6.364031791999992,5.567523003000019],[6.355794907000018,5.584791182999993],[6.34962892499999,5.595141888000001],[6.3352332119999915,5.621375084000022]]],[[[6.30532550800001,5.413281917999996],[6.308182715999976,5.41596460300002],[6.311115265000012,5.422112464999998],[6.313318252999977,5.4268965719999755],[6.314093113000013,5.430338860000006],[6.31351375600002,5.43590545699999],[6.312190532999978,5.439414978000002],[6.307430743999987,5.445807934000015],[6.30195665399998,5.45153045699999],[6.297166823999987,5.456537723999986],[6.290947914000014,5.460203648000004],[6.285413742000003,5.463153838999972],[6.279164791000028,5.465433598000004],[6.275472164000007,5.4665603639999745],[6.270828724000012,5.467091084000003],[6.266848563999986,5.466958523000017],[6.263266563000002,5.465498923999974],[6.26021528199999,5.4640398029999915],[6.25756216000002,5.4617843629999925],[6.2557044029999815,5.460059643000022],[6.2526531220000265,5.454885960000013],[6.252785683000013,5.4510383609999735],[6.25623512300001,5.446925640000018],[6.259817123000005,5.443874359000006],[6.262509823000016,5.439612865000015],[6.2673144340000135,5.43529891999998],[6.269367695000028,5.4331531519999885],[6.2728190419999805,5.43096256299998],[6.275556086999984,5.4281010629999855],[6.279661654999984,5.4238095279999925],[6.28308296199998,5.420232773000009],[6.287218570999983,5.417326926999976],[6.291369438000004,5.415113926000004],[6.2948360440000215,5.413616656999977],[6.302513122999983,5.412678242000027],[6.30532550800001,5.413281917999996]]]]},"properties":{"fid":160,"cty_nm":"Nigeria","iso3cd":"NGA","adm1nm":"Delta","adm2nm":"Isoko North","adm1cd":"NGA010","adm2cd":"NGA010009"}},{"type":"Feature","id":161,"geometry":{"type":"Polygon","coordinates":[[[6.347042084000009,5.4484672550000255],[6.344104290000018,5.4502635000000055],[6.340514659999997,5.45733881000001],[6.335155964000023,5.467325211000002],[6.321759701000019,5.482913494000002],[6.318593501999999,5.493387222000024],[6.319080353000004,5.496797085000026],[6.3222470279999925,5.507757663999996],[6.325900554999976,5.517744063999999],[6.330528259000005,5.526269436000007],[6.330191135000007,5.531179904999988],[6.322010040000009,5.5359659189999775],[6.310428143000024,5.54072523100001],[6.299529075999999,5.544795035999982],[6.285901070000023,5.550922871000012],[6.281175136999991,5.543254852000018],[6.2757740019999915,5.534194946000014],[6.264936923999983,5.524395943000002],[6.253410815999985,5.516672133999975],[6.245964049999998,5.508981227999982],[6.236443995999991,5.508902073000002],[6.226210116999994,5.516445159999989],[6.218025207999972,5.5219249730000115],[6.208467960000007,5.5301680559999795],[6.2009539599999925,5.537733077999974],[6.1934437749999915,5.544604778000007],[6.190085887999999,5.534869194000009],[6.184689045000027,5.525115013000004],[6.179975033000005,5.5146741870000255],[6.171866894000004,5.502817154000013],[6.161713123000027,5.4923300739999945],[6.151548862000027,5.483923912000023],[6.142755032000025,5.473447799999974],[6.137366772000007,5.461615085999995],[6.132647038000016,5.452559947999987],[6.125895977000027,5.441408157000012],[6.114377975000025,5.431602955000017],[6.106264113999998,5.421133994999991],[6.095433234999973,5.409947871999975],[6.087976932999993,5.404337882999982],[6.088019847999988,5.394629001999988],[6.092174053000008,5.378020762999995],[6.096314907000021,5.3641848560000085],[6.094324111999981,5.353073119999976],[6.094364165999991,5.344058990000008],[6.093729972999995,5.333651066000016],[6.094473838999988,5.319094181000025],[6.099275111999987,5.310119152000027],[6.106126785000015,5.29838705100002],[6.117763996000008,5.281146048999972],[6.126649857000018,5.270818233],[6.136225223999986,5.2584152219999964],[6.144433975000027,5.2473869319999835],[6.15126800500002,5.23981618900001],[6.161487103000013,5.235740184999997],[6.175773144000004,5.2344717980000155],[6.187352180000005,5.230408192000027],[6.190820694000024,5.2362437250000085],[6.196979999999996,5.246605873000021],[6.200258732000009,5.247425555999996],[6.201003075000017,5.249482632000024],[6.203145980999977,5.251494407999985],[6.207356930000003,5.252053737999972],[6.212936400999979,5.251182078999989],[6.218515873000001,5.250310420999995],[6.219668865000017,5.241329670000027],[6.220008372999985,5.238683701000014],[6.2335329059999935,5.2381677629999785],[6.238560199999995,5.235210418999998],[6.244461059999992,5.2336568829999806],[6.259417534000022,5.227870940999992],[6.272560596000005,5.2282361979999905],[6.278995990999988,5.228888035000011],[6.284712791000004,5.231664658],[6.290450095999972,5.234077453999987],[6.293005943000026,5.238823890999981],[6.292275428999972,5.245395184000017],[6.2907519340000135,5.251054764000003],[6.287155627999994,5.259274483000013],[6.285265445999983,5.262743950000015],[6.283834457000012,5.266500950000022],[6.28354215600001,5.27059936500001],[6.28354215600001,5.274990559000003],[6.28500556900002,5.27908897399999],[6.286762237999994,5.282309054999985],[6.288518429000021,5.284943580999993],[6.289982318999989,5.286700248999978],[6.292909622000025,5.289627552000013],[6.295017718999986,5.2929458620000105],[6.297190666000006,5.296343803000013],[6.300047873999972,5.299026489000028],[6.302890300999991,5.301016331000028],[6.306432246999975,5.302983761000007],[6.310642718999986,5.3035430909999945],[6.315567970000018,5.304772854000021],[6.321877002999997,5.30526494999998],[6.325403214000005,5.3065395360000025],[6.327453612999989,5.310412407000001],[6.330088138999997,5.313632487999996],[6.3336009980000085,5.317730903999973],[6.338832378000006,5.319911003000016],[6.337697505999984,5.324871062999989],[6.335750103000009,5.331867695000028],[6.33447170300002,5.337456702999987],[6.3338475229999744,5.340943813000024],[6.331839560999981,5.345168591000004],[6.331959724000001,5.350712776000023],[6.331380844000023,5.356278895999992],[6.330087661999983,5.361174582999979],[6.329478263999988,5.365355014999977],[6.328929424000023,5.372307300999978],[6.328320502999986,5.376487254999972],[6.32910966899999,5.3806228639999745],[6.331342697000025,5.386793136999984],[6.33426046400001,5.392247677],[6.336463450999986,5.397031783999978],[6.3379673960000105,5.401838302999977],[6.340869903999987,5.40659999799999],[6.34307289100002,5.411384106000014],[6.346024989999989,5.413990497999976],[6.358295440999996,5.4339556689999995],[6.354885577999994,5.438340186999994],[6.3500142099999834,5.443455218999986],[6.347042084000009,5.4484672550000255]],[[6.30532550800001,5.413281917999996],[6.302513122999983,5.412678242000027],[6.2948360440000215,5.413616656999977],[6.291369438000004,5.415113926000004],[6.287218570999983,5.417326926999976],[6.28308296199998,5.420232773000009],[6.279661654999984,5.4238095279999925],[6.275556086999984,5.4281010629999855],[6.2728190419999805,5.43096256299998],[6.269367695000028,5.4331531519999885],[6.2673144340000135,5.43529891999998],[6.262509823000016,5.439612865000015],[6.259817123000005,5.443874359000006],[6.25623512300001,5.446925640000018],[6.252785683000013,5.4510383609999735],[6.2526531220000265,5.454885960000013],[6.2557044029999815,5.460059643000022],[6.25756216000002,5.4617843629999925],[6.26021528199999,5.4640398029999915],[6.263266563000002,5.465498923999974],[6.266848563999986,5.466958523000017],[6.270828724000012,5.467091084000003],[6.275472164000007,5.4665603639999745],[6.279164791000028,5.465433598000004],[6.285413742000003,5.463153838999972],[6.290947914000014,5.460203648000004],[6.297166823999987,5.456537723999986],[6.30195665399998,5.45153045699999],[6.307430743999987,5.445807934000015],[6.312190532999978,5.439414978000002],[6.31351375600002,5.43590545699999],[6.314093113000013,5.430338860000006],[6.313318252999977,5.4268965719999755],[6.311115265000012,5.422112464999998],[6.308182715999976,5.41596460300002],[6.30532550800001,5.413281917999996]]]},"properties":{"fid":161,"cty_nm":"Nigeria","iso3cd":"NGA","adm1nm":"Delta","adm2nm":"Isoko South","adm1cd":"NGA010","adm2cd":"NGA010010"}},{"type":"Feature","id":162,"geometry":{"type":"Polygon","coordinates":[[[6.71985721599998,5.992121220000001],[6.706234931999973,5.9968609809999975],[6.69940710100002,6.003046036000001],[6.683076858999982,6.004991055000005],[6.671523094000008,6.003508091000015],[6.658599853999988,6.004094124000005],[6.643623828999978,6.007435799000007],[6.632717133000028,6.013586997999994],[6.62459278099999,6.005198001999986],[6.617149830000017,5.996813773999975],[6.607642173999977,5.9939608569999905],[6.596765041000026,5.993175983000015],[6.583160877000012,5.993756770999994],[6.566829204999976,5.996395111000027],[6.551870823000002,5.995576858999982],[6.536911010999972,5.995451926999976],[6.5273880959999815,5.996067046999997],[6.516522883999983,5.992508887999975],[6.504289149999977,5.991020203000005],[6.4886479379999855,5.990890025999988],[6.479153155999995,5.985262870999975],[6.475131035000004,5.972054005000018],[6.469742774999986,5.960218906000023],[6.463006973000006,5.945600985999988],[6.458979129999989,5.9337778089999915],[6.45493602800002,5.925422191999985],[6.447514056999978,5.912183761999984],[6.442805766999982,5.900355816000001],[6.449660778000009,5.887929916000019],[6.461928843999999,5.881791114999999],[6.471470833000012,5.877016067999989],[6.477623940000001,5.869439124999985],[6.476984978000019,5.860417842999993],[6.472947121000004,5.850676060000012],[6.46687602999998,5.839529991000006],[6.4614729880000255,5.831162930000005],[6.453359126999999,5.820693016000007],[6.443194865999999,5.812286853999979],[6.438471794000009,5.803925991000028],[6.436487198000009,5.791427134999992],[6.43655204800001,5.776864052000008],[6.437953949000018,5.767167090999976],[6.4366488460000255,5.754673003999983],[6.438742160999993,5.742901802000006],[6.444214821000003,5.735319138000023],[6.449527740000008,5.727174282000021],[6.46033096299999,5.721097945999986],[6.4731593129999965,5.714345932000015],[6.475184916999979,5.702867507999997],[6.470458507999979,5.691389560999994],[6.460070132999988,5.686906814999986],[6.449527740000008,5.686663151000005],[6.434673786000019,5.683962344999998],[6.429947375999973,5.677210331000026],[6.426571368999987,5.670458794000012],[6.417997836999973,5.666446209000014],[6.405072211999993,5.667726039999991],[6.391480923000017,5.665532111999994],[6.3751997950000145,5.656382083999972],[6.364359856000021,5.647275924999974],[6.353500843000006,5.6423311230000195],[6.34058380099998,5.641530991000025],[6.325638771000001,5.637938023000004],[6.327727794999987,5.626860141999998],[6.3352332119999915,5.621375084000022],[6.34962892499999,5.595141888000001],[6.355794907000018,5.584791182999993],[6.364031791999992,5.567523003000019],[6.368165015999978,5.555768012999977],[6.374354838999977,5.539869785000008],[6.377810001,5.527416228999982],[6.383315085999982,5.512897968000004],[6.384736061000012,5.499041079999984],[6.384105206000015,5.48793983500002],[6.384204388000001,5.46553039600002],[6.385983467000017,5.462580204000005],[6.388769626999988,5.4617843629999925],[6.400046348999979,5.4617843629999925],[6.407475470999998,5.462315083000021],[6.416496753999979,5.462580204000005],[6.422671318000027,5.462580204000005],[6.424797058000024,5.463218212000015],[6.4302535059999855,5.463218212000015],[6.445107459999974,5.461096286999975],[6.449351310999987,5.4577617649999866],[6.453898429999981,5.454427242000008],[6.455717563999997,5.451395988000002],[6.4554142950000255,5.444120407000014],[6.45268630999999,5.43745136299998],[6.445410728000013,5.430782318000013],[6.431972980000012,5.428005218999999],[6.421772956999973,5.4279198649999785],[6.410205840999993,5.429211140000007],[6.392495155000006,5.435997962999977],[6.38716602300002,5.43920516999998],[6.382266997999977,5.442153931000007],[6.373417854000024,5.444160937999982],[6.3666520119999745,5.436477184000012],[6.347042084000009,5.4484672550000255],[6.3500142099999834,5.443455218999986],[6.354885577999994,5.438340186999994],[6.358295440999996,5.4339556689999995],[6.346024989999989,5.413990497999976],[6.34307289100002,5.411384106000014],[6.340869903999987,5.40659999799999],[6.3379673960000105,5.401838302999977],[6.336463450999986,5.397031783999978],[6.33426046400001,5.392247677],[6.331342697000025,5.386793136999984],[6.32910966899999,5.3806228639999745],[6.328320502999986,5.376487254999972],[6.328929424000023,5.372307300999978],[6.329478263999988,5.365355014999977],[6.330087661999983,5.361174582999979],[6.331380844000023,5.356278895999992],[6.331959724000001,5.350712776000023],[6.331839560999981,5.345168591000004],[6.3338475229999744,5.340943813000024],[6.33447170300002,5.337456702999987],[6.335750103000009,5.331867695000028],[6.337697505999984,5.324871062999989],[6.338832378000006,5.319911003000016],[6.347552775999986,5.320456028000024],[6.362527370000009,5.314038277000009],[6.380353927999977,5.309046744999989],[6.393188952999992,5.3069076539999855],[6.408876895999981,5.3047685619999925],[6.425990581999997,5.311185836999982],[6.434547424000016,5.323307990999979],[6.45023488999999,5.32758665099999],[6.473052978999988,5.3218822480000085],[6.490166664000014,5.324021339000012],[6.493532180999978,5.326040745],[6.493019103999984,5.328299522000009],[6.502585887999999,5.338941096999974],[6.500541209999994,5.351987839000003],[6.495871066999996,5.369657516000018],[6.4854769710000255,5.379205227],[6.476556777999974,5.404050826999992],[6.483125210000026,5.4206442830000015],[6.489347935000012,5.422718524999993],[6.494187355000008,5.425137996999979],[6.499718665999978,5.426520824000022],[6.505941391000022,5.425829410999995],[6.5088205339999945,5.425673962000019],[6.5124044419999905,5.428660392999973],[6.517558097999995,5.434420108999973],[6.524530411000001,5.438663959999985],[6.5348367689999804,5.458974361000003],[6.536655902999996,5.469583988000011],[6.538163661999988,5.475804329000027],[6.537696837999988,5.478425026000025],[6.536935805999974,5.491936206999981],[6.533251285999995,5.509833813],[6.530831336999995,5.53195857999998],[6.542584895999994,5.549243450000006],[6.555376052999975,5.552354813000022],[6.5688581470000145,5.553391456999975],[6.579228877999981,5.55926847500001],[6.584760189000008,5.561688423000021],[6.587871552000024,5.567911148000007],[6.591673850999996,5.574479102999987],[6.59340238599998,5.580010414000014],[6.5961680409999985,5.587615490000019],[6.601007938000009,5.596949576999975],[6.602045058999977,5.607666015999996],[6.6037735940000175,5.6149258610000174],[6.608144760000016,5.621254921000002],[6.613107204000016,5.626679420000016],[6.617601395000008,5.6315193180000165],[6.621345996999992,5.642564773999993],[6.617293834999998,5.651000022999995],[6.612325191000025,5.659912109000004],[6.608761311000023,5.666173458000003],[6.606450080999991,5.670234203000007],[6.606566906000012,5.680008887999975],[6.614049435000027,5.690699576999975],[6.613452911000024,5.702041149000024],[6.618292809000025,5.716906070999983],[6.633620262000022,5.730035782000016],[6.643630028000018,5.7473254199999815],[6.654868125999997,5.771530150999979],[6.654832839999983,5.779374123000025],[6.651957512000024,5.798600196999985],[6.650763512000026,5.8171133999999824],[6.657929896999974,5.840404509999985],[6.6609158520000165,5.856529235999972],[6.674054146000003,5.873847961000024],[6.679429054000025,5.888180733000013],[6.688315868000018,5.8968510629999855],[6.697762011999998,5.91357278800001],[6.7038249970000265,5.926799774000017],[6.7085227970000005,5.940709114000015],[6.713212967000004,5.956697941000016],[6.715875148999999,5.969895839999992],[6.716506003999996,5.980997086000002],[6.71985721599998,5.992121220000001]]]},"properties":{"fid":162,"cty_nm":"Nigeria","iso3cd":"NGA","adm1nm":"Delta","adm2nm":"Ndokwa East","adm1cd":"NGA010","adm2cd":"NGA010011"}},{"type":"Feature","id":163,"geometry":{"type":"Polygon","coordinates":[[[6.479153155999995,5.985262870999975],[6.45602607699999,5.986457825000002],[6.44447517399999,5.984281063000026],[6.430191993999983,5.984856128999979],[6.41181898100001,5.987476825999977],[6.40361022899998,5.9985041620000175],[6.400844097000004,6.0088829989999795],[6.393972873999985,6.024775981999994],[6.383068084999991,6.030232905999981],[6.374277114999984,6.019063949999975],[6.366206169000009,5.998886108000022],[6.360808849000023,5.989132880999989],[6.345836163000001,5.991782188000002],[6.337645054000006,5.998649119999982],[6.328075886000022,6.009665012000028],[6.319196223999995,6.0186061859999995],[6.309711933000017,6.0102047920000246],[6.299509048000004,6.010814190000019],[6.2933521269999915,6.01908397699998],[6.283148766000011,6.019692898000017],[6.270244122000008,6.016118049999989],[6.256639957000004,6.016697883999996],[6.250625134000018,5.9930701260000205],[6.247943878000001,5.9840331080000055],[6.2459602359999735,5.971532821999972],[6.243769645999976,5.967384815000003],[6.2487435340000275,5.966401099999985],[6.256405830000006,5.964769363000016],[6.264052868000022,5.962445258999992],[6.271000861999994,5.960143088999985],[6.286175250999975,5.949950218000026],[6.297913074000007,5.9426412579999806],[6.302718163000009,5.9383268359999875],[6.3116588589999765,5.931106566999972],[6.321268558999975,5.922478676000026],[6.328780650999988,5.913917065000021],[6.333525181000027,5.906830787999979],[6.336871624000025,5.899789333000001],[6.338180065000017,5.895586966999986],[6.344323635000023,5.888455867999994],[6.347669601000007,5.881414413000016],[6.361889361999999,5.859463215000005],[6.365235328999972,5.852421761000016],[6.367897511000024,5.846095562000016],[6.370543956999995,5.839076041999988],[6.373860358999991,5.830648422000024],[6.376461983000013,5.821550369000022],[6.377026080999997,5.815291404999982],[6.375492096000016,5.809098720999998],[6.3747329710000145,5.806349276999981],[6.374627589999989,5.801497935999976],[6.366890430000012,5.799664496999981],[6.357024669999987,5.796512127000028],[6.348587989999999,5.794700622999983],[6.335895060999974,5.790251254999987],[6.3274283409999725,5.7870540619999815],[6.321774005999998,5.784460545000002],[6.312577723999993,5.7798995969999964],[6.304780005999987,5.7752938269999845],[6.299779892000004,5.77059936500001],[6.296907424999972,5.767223358000024],[6.294125080000015,5.768005847999973],[6.287207126999988,5.771693706999997],[6.274710178000021,5.776253223000026],[6.265634060000025,5.777236462000019],[6.261408329000005,5.775984287000028],[6.253685951000023,5.77484369299998],[6.248760699999991,5.77361393000001],[6.243052006000028,5.773168564000002],[6.235473633000026,5.774037838000027],[6.231293201000028,5.774864674000014],[6.222826481000027,5.771667480000019],[6.2179613110000105,5.773209571999985],[6.2117428779999955,5.776875496000002],[6.206223487999978,5.780519008999988],[6.202087402000018,5.783424853999975],[6.198636055000009,5.785615443999973],[6.197786330999975,5.77870750400001],[6.198365688000024,5.7731413839999846],[6.198944568999991,5.7675752640000155],[6.198854445999984,5.763417243999982],[6.198749065000015,5.758566379999991],[6.19935846300001,5.754385947999992],[6.196440697000014,5.748930931000018],[6.1935234069999865,5.7434763910000015],[6.190650940000012,5.7401008609999735],[6.187094211999977,5.7374401089999765],[6.17931175199999,5.733527659999993],[6.172957897000003,5.730956553999988],[6.1686868670000194,5.727625369999998],[6.16683244699999,5.726475715999982],[6.168178081999997,5.721926212000028],[6.17368602800002,5.706716061000009],[6.174417973000004,5.694931983999993],[6.177217960000007,5.676925181999991],[6.179989814999999,5.665159225000025],[6.184795855999994,5.654797077000012],[6.190961838000021,5.644445895999979],[6.202573776000008,5.63275289500001],[6.211462975000018,5.6217322350000245],[6.220993041999975,5.61972999599999],[6.236637115000008,5.619166850999989],[6.2481942179999805,5.619956969999976],[6.265188217000002,5.621485232999987],[6.277421951000008,5.622973919000003],[6.290324210999984,5.627243041999975],[6.303232192999985,5.630124092000017],[6.312063217000002,5.6322770119999745],[6.325638771000001,5.637938023000004],[6.34058380099998,5.641530991000025],[6.353500843000006,5.6423311230000195],[6.364359856000021,5.647275924999974],[6.3751997950000145,5.656382083999972],[6.391480923000017,5.665532111999994],[6.405072211999993,5.667726039999991],[6.417997836999973,5.666446209000014],[6.426571368999987,5.670458794000012],[6.429947375999973,5.677210331000026],[6.434673786000019,5.683962344999998],[6.449527740000008,5.686663151000005],[6.460070132999988,5.686906814999986],[6.470458507999979,5.691389560999994],[6.475184916999979,5.702867507999997],[6.4731593129999965,5.714345932000015],[6.46033096299999,5.721097945999986],[6.449527740000008,5.727174282000021],[6.444214821000003,5.735319138000023],[6.438742160999993,5.742901802000006],[6.4366488460000255,5.754673003999983],[6.437953949000018,5.767167090999976],[6.43655204800001,5.776864052000008],[6.436487198000009,5.791427134999992],[6.438471794000009,5.803925991000028],[6.443194865999999,5.812286853999979],[6.453359126999999,5.820693016000007],[6.4614729880000255,5.831162930000005],[6.46687602999998,5.839529991000006],[6.472947121000004,5.850676060000012],[6.476984978000019,5.860417842999993],[6.477623940000001,5.869439124999985],[6.471470833000012,5.877016067999989],[6.461928843999999,5.881791114999999],[6.449660778000009,5.887929916000019],[6.442805766999982,5.900355816000001],[6.447514056999978,5.912183761999984],[6.45493602800002,5.925422191999985],[6.458979129999989,5.9337778089999915],[6.463006973000006,5.945600985999988],[6.469742774999986,5.960218906000023],[6.475131035000004,5.972054005000018],[6.479153155999995,5.985262870999975]]]},"properties":{"fid":163,"cty_nm":"Nigeria","iso3cd":"NGA","adm1nm":"Delta","adm2nm":"Ndokwa West","adm1cd":"NGA010","adm2cd":"NGA010012"}},{"type":"Feature","id":164,"geometry":{"type":"Polygon","coordinates":[[[5.894185164000021,5.798591758999976],[5.894185065999977,5.7985916139999745],[5.890886783999974,5.796221256000024],[5.887267590000022,5.794730662999996],[5.8839187620000075,5.790017605000003],[5.874068737000016,5.784947871999975],[5.87217807799999,5.78229522700002],[5.869558333999976,5.7815246580000235],[5.86739540100001,5.780888557000026],[5.864863395999976,5.7837018970000145],[5.863738060000003,5.785389899999984],[5.862190723000026,5.788765907000027],[5.859799384999974,5.788765907000027],[5.857548714000018,5.788625239999988],[5.853217601999972,5.787916660000008],[5.849812508000014,5.787359238000022],[5.846858500999986,5.789187907999974],[5.843623160999982,5.7917199130000085],[5.841794490999973,5.79087591199999],[5.8406691550000005,5.788343906000023],[5.840528488000018,5.785530567000023],[5.840950489000022,5.7828578950000065],[5.8392624859999955,5.781451225000012],[5.834901810000019,5.780466557000011],[5.832510470999978,5.7824358940000025],[5.830822468000008,5.783842563999997],[5.828290461999984,5.782717228000024],[5.826743125999997,5.780466557000011],[5.826743125999997,5.776668549000021],[5.828431129000023,5.773292541999979],[5.822663783999985,5.771745205000002],[5.820413112999972,5.773433207999972],[5.819569111000021,5.775402546000009],[5.815349578999985,5.777653217000022],[5.813661575000026,5.7789192199999775],[5.8126640319999865,5.782110691000014],[5.81295824099999,5.785249233000002],[5.812536239999986,5.788906574000009],[5.808316230999992,5.791157246000012],[5.805080890999989,5.789047240999992],[5.803392886999973,5.786655902999996],[5.801282882999999,5.787640571999987],[5.799172877999979,5.790172577000021],[5.797203540999988,5.790735245000008],[5.796218871999997,5.796924590999993],[5.797062874000005,5.8005814549999855],[5.79635953899998,5.8026914600000055],[5.795796870999993,5.804942131000018],[5.793800830999999,5.807201861999999],[5.792006968999999,5.811782359999995],[5.78964090300002,5.812538146999998],[5.785604954000007,5.810282229999984],[5.779450892999989,5.817859172999988],[5.764597892999973,5.793464184000015],[5.758523941000021,5.783010960000013],[5.7524561879999965,5.771172046999993],[5.746366978000026,5.764185904999977],[5.741640091000022,5.756517886999973],[5.732871056000022,5.740495205000002],[5.725430012000004,5.731418132999977],[5.716627120999988,5.7230229379999855],[5.700327872999992,5.71803283700001],[5.688099861000012,5.715157986000008],[5.673154830999977,5.7115650179999875],[5.660918235999986,5.710770130000014],[5.648705006,5.704426764999994],[5.658959865999975,5.692029952999974],[5.667157173000021,5.683775901999979],[5.676036834999991,5.674835205000022],[5.685587882999982,5.667980193999995],[5.692416191000007,5.661795138999992],[5.6964859959999785,5.6470088959999885],[5.680222033999996,5.651290893999999],[5.670769215000007,5.635955810999974],[5.662661076000006,5.624100208000016],[5.655903815999977,5.6143350599999735],[5.6647682189999955,5.608860015999994],[5.67499589900001,5.602705001999993],[5.682500838999999,5.597218989999988],[5.69205522499999,5.589670180999974],[5.701601982,5.583508015000007],[5.705931186999976,5.581848621000006],[5.758331775999977,5.617972373999976],[5.763956547000021,5.619179726000027],[5.770340443000009,5.623136997000017],[5.777363777000005,5.6243000029999735],[5.784311295000009,5.621997833000023],[5.791154385000027,5.614844799000025],[5.797267437000016,5.606328011000016],[5.802772044999983,5.601991653000027],[5.811028003999979,5.5954866409999795],[5.815148829999998,5.59188795099999],[5.818600177999997,5.589697360999992],[5.823450564999973,5.587461947999998],[5.828345298999977,5.5873060229999965],[5.83392477000001,5.586434364000013],[5.836722373999976,5.586345196000025],[5.84023380299999,5.586926459999972],[5.846067429000016,5.587218760999974],[5.853016376000028,5.595533848000002],[5.857227324999997,5.59609317799999],[5.861453056000016,5.597345351999991],[5.865633964999972,5.596518516999993],[5.87054443400001,5.597055435000016],[5.875454425999976,5.5975918770000135],[5.8797101970000085,5.600230216999989],[5.8854098319999935,5.6049027440000145],[5.890410422999992,5.609597683000004],[5.894636154000011,5.610849857000005],[5.898801804000016,5.609329699999989],[5.902298449999989,5.609218121000026],[5.90577983899999,5.608413696000014],[5.908166885000014,5.612124919999985],[5.918334006999999,5.629001141000003],[5.910789012999999,5.643500804999974],[5.903944016000025,5.65384721800001],[5.899827002999984,5.662134170999991],[5.8895812029999774,5.672451018999993],[5.8786640170000055,5.680682181999998],[5.869799136999973,5.68615579599998],[5.859580040000026,5.690231799999992],[5.850031853000019,5.696393967000006],[5.8547430039999995,5.707529067999985],[5.858107089999976,5.715878009999983],[5.860095023999975,5.727684021000016],[5.864126204999991,5.738812923000012],[5.868165970000007,5.747861861999979],[5.878351211999984,5.75141477599999],[5.887896060999992,5.7530026439999915],[5.8905391690000215,5.7633051870000145],[5.9061489110000025,5.770370006999997],[5.906779766,5.781470775999992],[5.902640819999988,5.79461193100002],[5.894185164000021,5.798591758999976]]]},"properties":{"fid":164,"cty_nm":"Nigeria","iso3cd":"NGA","adm1nm":"Delta","adm2nm":"Okpe","adm1cd":"NGA010","adm2cd":"NGA010013"}},{"type":"Feature","id":165,"geometry":{"type":"Polygon","coordinates":[[[6.725022315999979,6.2657632830000125],[6.723369122000008,6.274396895999985],[6.721268177000013,6.288249016000009],[6.719175816000018,6.300021172000015],[6.718441009999992,6.3124971390000155],[6.717024803000015,6.324967861000005],[6.7149238590000095,6.338819980999972],[6.712820052999973,6.353365897999993],[6.707312107000007,6.368577002999984],[6.699773788000016,6.381690025000012],[6.697680950000006,6.393462181000018],[6.69490289700002,6.406614779999984],[6.692131042000028,6.418381214000021],[6.688670157999979,6.4322218890000045],[6.685224055999981,6.442595004999987],[6.681765079000002,6.455741881999984],[6.673863888000028,6.468333244000007],[6.671113491000028,6.4848365779999995],[6.668920994000018,6.501234054999998],[6.659813880999991,6.49855613699998],[6.656365395000023,6.496057510000014],[6.649354458000005,6.490977763999979],[6.646256923999999,6.488733767999975],[6.6326541899999825,6.489315033000025],[6.622426033000011,6.4954710009999985],[6.618899822000003,6.4965186119999885],[6.608807087000002,6.499517917999981],[6.597249985000019,6.498727798000004],[6.585692882999979,6.497939110000004],[6.575504780000017,6.49507999399998],[6.57426738700002,6.491602420999982],[6.5708031649999725,6.481864928999983],[6.571531773000004,6.470775127000024],[6.571571827000014,6.461760997999988],[6.570931911000002,6.452740192000022],[6.574409007999975,6.435431004000009],[6.577855109999973,6.425057888000026],[6.579260825999995,6.414668082999981],[6.57659006099999,6.403550148000022],[6.574593067000023,6.3938241000000176],[6.5746378900000195,6.383421897999995],[6.572659015999989,6.369535923000001],[6.572732925000025,6.3528928759999985],[6.569382190999988,6.341770171999997],[6.566042900000014,6.327871798999979],[6.566765784999973,6.318170070999997],[6.573599815000023,6.31059789699998],[6.581527232999974,6.291166782000005],[6.594122887000026,6.283030032999989],[6.601648807999993,6.272689818999993],[6.607806206000021,6.264420033000022],[6.6153202059999785,6.256854056999998],[6.6262459750000176,6.246541976999993],[6.634452819999979,6.23620891600001],[6.629747867999981,6.223687171999984],[6.62504005400001,6.211857796000004],[6.616249084000003,6.200689792999981],[6.610161780999988,6.193010807000007],[6.608201980999979,6.174963950999995],[6.606887816999972,6.164550781000003],[6.60896778099999,6.155552864000015],[6.610366821000014,6.146549225000001],[6.610406876000013,6.137534141999993],[6.6199860570000055,6.124437809000028],[6.63157415400002,6.118292809000025],[6.641133785000022,6.109356880000007],[6.645172596000009,6.101227283000014],[6.647067069999991,6.102096558000028],[6.649195194000015,6.103415488999985],[6.65345096599998,6.106053829000018],[6.656263351000007,6.106657504999987],[6.663271426999984,6.107127190000028],[6.6702795030000175,6.107597350999981],[6.688491821000014,6.108403205999991],[6.692063331999975,6.1117563249999876],[6.694920539999998,6.114439487000027],[6.699920653999982,6.119133949000002],[6.713244915000018,6.152689457000008],[6.714019298999972,6.156132221000007],[6.709259509999981,6.1625251770000204],[6.706507682999984,6.164693355999987],[6.703071116999979,6.167576789999998],[6.698965073000011,6.1718688010000164],[6.693490982000014,6.177591323999991],[6.690114974999972,6.183246612999994],[6.687438010999983,6.188879966999991],[6.705814837999981,6.261802197000009],[6.725022315999979,6.2657632830000125]]]},"properties":{"fid":165,"cty_nm":"Nigeria","iso3cd":"NGA","adm1nm":"Delta","adm2nm":"Oshimili North","adm1cd":"NGA010","adm2cd":"NGA010014"}},{"type":"Feature","id":166,"geometry":{"type":"Polygon","coordinates":[[[6.762889384999994,6.185385703999998],[6.753652095999996,6.192818165000006],[6.742698193000024,6.209370136000018],[6.735824107999974,6.22595596299999],[6.731006144999981,6.239092826999979],[6.72615289700002,6.259857178000004],[6.725022315999979,6.2657632830000125],[6.705814837999981,6.261802197000009],[6.687438010999983,6.188879966999991],[6.690114974999972,6.183246612999994],[6.693490982000014,6.177591323999991],[6.698965073000011,6.1718688010000164],[6.703071116999979,6.167576789999998],[6.706507682999984,6.164693355999987],[6.709259509999981,6.1625251770000204],[6.714019298999972,6.156132221000007],[6.713244915000018,6.152689457000008],[6.699920653999982,6.119133949000002],[6.694920539999998,6.114439487000027],[6.692063331999975,6.1117563249999876],[6.688491821000014,6.108403205999991],[6.6702795030000175,6.107597350999981],[6.663271426999984,6.107127190000028],[6.656263351000007,6.106657504999987],[6.65345096599998,6.106053829000018],[6.649195194000015,6.103415488999985],[6.647067069999991,6.102096558000028],[6.645172596000009,6.101227283000014],[6.646623135000027,6.098307132999992],[6.637837886999989,6.0857520100000215],[6.629046916999982,6.074583054000016],[6.6161170010000205,6.076554774999977],[6.6052308079999875,6.077851771999974],[6.593660831000022,6.0798358920000055],[6.581424235999975,6.079041003999976],[6.572596073,6.076192855999977],[6.5671901700000035,6.068520068999987],[6.564509869000005,6.059483050999972],[6.567965031000028,6.047029017999989],[6.5720849040000076,6.038046837000024],[6.572807789000024,6.028345107999996],[6.571490765000021,6.018624783000007],[6.569506167999975,6.006125927000028],[6.566829204999976,5.996395111000027],[6.583160877000012,5.993756770999994],[6.596765041000026,5.993175983000015],[6.607642173999977,5.9939608569999905],[6.617149830000017,5.996813773999975],[6.62459278099999,6.005198001999986],[6.632717133000028,6.013586997999994],[6.643623828999978,6.007435799000007],[6.658599853999988,6.004094124000005],[6.671523094000008,6.003508091000015],[6.683076858999982,6.004991055000005],[6.69940710100002,6.003046036000001],[6.706234931999973,5.9968609809999975],[6.71985721599998,5.992121220000001],[6.724527835999993,6.012269973999992],[6.726493834999985,6.0289301870000145],[6.725058079000007,6.046256065000023],[6.716826916000002,6.062137127000028],[6.709276198999987,6.0780239110000025],[6.713315964000003,6.087072848999981],[6.722111224999992,6.09754800799999],[6.737713814000017,6.105999946999987],[6.749240874999998,6.113724231999981],[6.755330086000015,6.120709895999994],[6.7558040619999815,6.123312472999999],[6.756189345999985,6.125429153000027],[6.757986069000026,6.135294913999985],[6.760651112000005,6.147799969000005],[6.7647838589999765,6.155804633999992],[6.766045093999992,6.158246994000024],[6.769402027000012,6.167984009000008],[6.767301083000007,6.181836127999986],[6.762889384999994,6.185385703999998]]]},"properties":{"fid":166,"cty_nm":"Nigeria","iso3cd":"NGA","adm1nm":"Delta","adm2nm":"Oshimili South","adm1cd":"NGA010","adm2cd":"NGA010015"}},{"type":"Feature","id":167,"geometry":{"type":"Polygon","coordinates":[[[6.2335329059999935,5.2381677629999785],[6.220008372999985,5.238683701000014],[6.219668865000017,5.241329670000027],[6.218515873000001,5.250310420999995],[6.212936400999979,5.251182078999989],[6.207356930000003,5.252053737999972],[6.203145980999977,5.251494407999985],[6.201003075000017,5.249482632000024],[6.200258732000009,5.247425555999996],[6.196979999999996,5.246605873000021],[6.190820694000024,5.2362437250000085],[6.187352180000005,5.230408192000027],[6.175773144000004,5.2344717980000155],[6.161487103000013,5.235740184999997],[6.154729842999984,5.225975989999995],[6.145215988000018,5.224508762000028],[6.134345054999983,5.222338200000024],[6.1241588589999765,5.218785763000028],[6.111935139000025,5.215217112999994],[6.101737022000009,5.214437961999977],[6.0895028109999885,5.21295022999999],[6.079991817000007,5.2107901570000195],[6.071164130999989,5.207942962999994],[6.06264829600002,5.205967902999987],[6.049129009000012,5.199478625999973],[6.029661654999984,5.192989825999973],[6.020469188999982,5.1913676259999875],[6.011816978000013,5.190015792999986],[6.002083302000017,5.189204216000007],[5.9937014579999754,5.186770916],[5.989916325000024,5.185959815999979],[5.988394260000007,5.184133529999997],[5.9856481549999785,5.169783114999973],[5.984343529,5.159445285999993],[5.986904143999993,5.1543722150000235],[5.986829280999984,5.150907039999993],[5.986753941000018,5.147442340999987],[5.986678600000005,5.143977165000024],[5.9844608309999785,5.138500213999976],[5.983001709000007,5.135772705000022],[5.980889320000017,5.130557537000016],[5.985598563999986,5.124185085000022],[5.9921703339999794,5.117613316000018],[5.995820998999989,5.113232136000022],[6.000202178999984,5.107390881000015],[6.004523276999976,5.103686809999999],[6.013582229999997,5.100392817999989],[6.019461632000002,5.098254681000014],[6.027214527000012,5.095670700000028],[6.044443129999991,5.095670700000028],[6.05496597299998,5.097167968999997],[6.062267780000013,5.103009701000019],[6.063728332999972,5.111771583999996],[6.063354015000016,5.123184203999983],[6.066751002999979,5.133347033999996],[6.069569587999979,5.141344070000002],[6.085792541999979,5.150802612000007],[6.0978527070000155,5.149941443999978],[6.1090512279999984,5.14218807200001],[6.120682715999976,5.133677482999985],[6.129725932999975,5.129266739000002],[6.143735886000002,5.134776115000022],[6.150269031999983,5.141166209999994],[6.154707432000009,5.151664256999993],[6.165906429000017,5.161139965000018],[6.178827763000015,5.161139965000018],[6.190907001000028,5.158570766000025],[6.200734137999973,5.169549942000003],[6.202291011999989,5.179281235000019],[6.200667857999974,5.190462111999977],[6.198081969999976,5.203774929000019],[6.195891379999978,5.211076735999995],[6.194151401999989,5.216709137000009],[6.195784091999997,5.223075866999977],[6.202086925999993,5.231778145000021],[6.213285445999986,5.238669394999988],[6.2335329059999935,5.2381677629999785]]]},"properties":{"fid":167,"cty_nm":"Nigeria","iso3cd":"NGA","adm1nm":"Delta","adm2nm":"Patani","adm1cd":"NGA010","adm2cd":"NGA010016"}},{"type":"Feature","id":168,"geometry":{"type":"Polygon","coordinates":[[[5.779450892999989,5.817859172999988],[5.768381119000026,5.834632874000022],[5.778664112000001,5.842123985000001],[5.774423121999973,5.854570389000003],[5.765964508000025,5.860007762999999],[5.753881454000009,5.858195304999981],[5.747235774999979,5.867861747999996],[5.742402554000023,5.869674683000028],[5.733339786999977,5.866653441999972],[5.724881648999997,5.865445136999995],[5.718697071000008,5.870058060000019],[5.722056866000003,5.879100800000003],[5.721336842000028,5.888111115000015],[5.726694107000014,5.895653247999974],[5.727298259999998,5.904111861999979],[5.722465037999996,5.90169477500001],[5.71109676399999,5.897040844000003],[5.701564788999974,5.899734974000012],[5.692031859999986,5.902430057999993],[5.6811342240000045,5.906499863000022],[5.673611164000022,5.916145802000017],[5.664731026000027,5.925086974999999],[5.655835152000009,5.937496184999986],[5.647634982999989,5.946443080999984],[5.640299319999997,5.9512362479999865],[5.632444858999975,5.950027943000009],[5.622174262999977,5.9409656519999885],[5.620361805000016,5.929486274999988],[5.616248607999978,5.923158168999976],[5.612507820000019,5.917403220999972],[5.6015229230000045,5.916934013000002],[5.591300964000027,5.921701907999989],[5.583109856000021,5.928568840000025],[5.57565403000001,5.939153194000028],[5.5708203319999825,5.9488196369999855],[5.563938140999994,5.958230018999984],[5.557851791000019,5.950551033000011],[5.549727916999984,5.942161082999974],[5.541590213999996,5.937239169999998],[5.5300350190000245,5.935756206999997],[5.5171117780000145,5.936341762999973],[5.515114783999991,5.926617146000012],[5.523303032000001,5.920444012000019],[5.530823230999999,5.911489963999998],[5.538354873999992,5.899764060999985],[5.548554896999974,5.899848937999991],[5.556734085000016,5.895755768000015],[5.562211036999997,5.887479782000014],[5.565653800999996,5.8777999879999925],[5.556167125999991,5.870092869000018],[5.5657219889999965,5.862544060000005],[5.564401149999981,5.853518009000027],[5.5521698000000015,5.851336001999982],[5.548840523000024,5.8489403720000155],[5.547719479000023,5.844904900000017],[5.547719479000023,5.842662811000025],[5.546598433999975,5.83728170400002],[5.548616408999976,5.835039616000017],[5.550185680000027,5.832797050000011],[5.549513339999976,5.830330849000006],[5.552427769000019,5.830106735000015],[5.555791377999981,5.828312874000005],[5.5582575799999745,5.828985691000014],[5.559161662999998,5.826144694999982],[5.561396598999977,5.819120407000014],[5.5638628010000275,5.816430092000019],[5.5674500470000226,5.807909966000011],[5.5687952040000255,5.803425789000016],[5.569916248000027,5.799389839000014],[5.575521945999981,5.789524555000014],[5.5779881479999744,5.785937309000019],[5.581799507000028,5.7843675610000105],[5.587629317999983,5.781004429000006],[5.591889380999987,5.779659271000014],[5.596148968000023,5.77719306900002],[5.599063872999977,5.776744366000003],[5.602136135000023,5.778242110999997],[5.614364147000003,5.781117916000028],[5.617126942000027,5.771431923000023],[5.61378812800001,5.757534980999992],[5.609756946999994,5.746406078000007],[5.6131968500000085,5.737419127999999],[5.622759819000009,5.7277898789999995],[5.630282878999992,5.718142985999975],[5.639845847999993,5.708515166999973],[5.648705006,5.704426764999994],[5.660918235999986,5.710770130000014],[5.673154830999977,5.7115650179999875],[5.688099861000012,5.715157986000008],[5.700327872999992,5.71803283700001],[5.716627120999988,5.7230229379999855],[5.725430012000004,5.731418132999977],[5.732871056000022,5.740495205000002],[5.741640091000022,5.756517886999973],[5.746366978000026,5.764185904999977],[5.7524561879999965,5.771172046999993],[5.758523941000021,5.783010960000013],[5.764597892999973,5.793464184000015],[5.779450892999989,5.817859172999988]]]},"properties":{"fid":168,"cty_nm":"Nigeria","iso3cd":"NGA","adm1nm":"Delta","adm2nm":"Sapele","adm1cd":"NGA010","adm2cd":"NGA010017"}},{"type":"Feature","id":169,"geometry":{"type":"Polygon","coordinates":[[[5.819704532999992,5.539459228999988],[5.814690589999998,5.538504601],[5.811209201999986,5.5393095019999805],[5.807727813999975,5.540113926000004],[5.803576946000021,5.542326926999976],[5.80014085800002,5.545210360999988],[5.796689033999996,5.547400950999986],[5.793921947000001,5.548875808999981],[5.789726256999984,5.549009800000022],[5.7876281740000195,5.549077033999993],[5.785470486000008,5.5463719370000035],[5.784635544000025,5.540157318000013],[5.785989285000028,5.538033485000028],[5.7900948519999815,5.5337419510000245],[5.792132853999988,5.530902862999994],[5.79550886200002,5.525247096999976],[5.798275948000025,5.523772240000028],[5.801012992999972,5.520910739999977],[5.804434775999994,5.517334461000019],[5.806472300999985,5.514495372999988],[5.807810782999979,5.51167869599999],[5.809149264999974,5.5088620189999915],[5.809103966000009,5.506783009000003],[5.807660580000004,5.504748821000021],[5.805532454999991,5.503429412999992],[5.802051066999979,5.504234313999973],[5.799283980999974,5.505709647999993],[5.795817375000013,5.507206917000019],[5.793050289000007,5.508682250999982],[5.789613723999992,5.511565684999994],[5.787560939999992,5.51371192900001],[5.785493373999998,5.515164851999998],[5.779304503999981,5.520216464999976],[5.782839775000014,5.512755871000024],[5.783565997999972,5.502358913000023],[5.784968853000009,5.492661952999981],[5.776144027999976,5.48912095999998],[5.766609191999976,5.492509842000004],[5.755722999999989,5.493805884999972],[5.759164810000016,5.484126091000007],[5.758528232999993,5.474411964000012],[5.772832870000002,5.4689831730000265],[5.782364845000018,5.4662890430000175],[5.788516044999994,5.459404945000017],[5.788486958000021,5.44231176400001],[5.802921771999991,5.431091784999978],[5.809755801999984,5.423521042000004],[5.814552784,5.41523885700002],[5.827495097999986,5.410491943000011],[5.841104030999986,5.408524989999989],[5.854682921999995,5.413492202999976],[5.865530014000001,5.4212107660000015],[5.873650074000011,5.43029403700001],[5.881754875000013,5.44284391399998],[5.885099888000013,5.45535421400001],[5.890500068999984,5.464415072999998],[5.891139984000006,5.473434924999992],[5.890418053000019,5.483138084000018],[5.879521846999978,5.486515044999976],[5.867250919000014,5.493347168000014],[5.861776829000007,5.500929831999997],[5.858325004999983,5.512691021000023],[5.850102901000014,5.526492119000011],[5.842593193000027,5.533363818999987],[5.835762024000019,5.540242195000019],[5.835227488999976,5.542902470000001],[5.828752040999973,5.5415234569999825],[5.824541092000004,5.54096460300002],[5.819704532999992,5.539459228999988]]]},"properties":{"fid":169,"cty_nm":"Nigeria","iso3cd":"NGA","adm1nm":"Delta","adm2nm":"Udu","adm1cd":"NGA010","adm2cd":"NGA010018"}},{"type":"Feature","id":170,"geometry":{"type":"Polygon","coordinates":[[[6.162654877000023,5.740603924000027],[6.146347999999989,5.7376952170000095],[6.136820793000027,5.739002228000004],[6.1266121859999885,5.740997790999984],[6.116405009999994,5.742300033999982],[6.1034760480000045,5.744273185999987],[6.091908932000024,5.745563984],[6.078306198000007,5.746143818000007],[6.066047191999985,5.750203133000014],[6.051740170000016,5.756324768000013],[6.048964023999986,5.76878499999998],[6.044364452000025,5.766866683999979],[6.039780140000005,5.764610767000022],[6.031224727999984,5.764495850000003],[6.027222156999983,5.76444959600002],[6.024969578000025,5.7644233699999745],[6.019802570000024,5.764380931999995],[6.015662193000026,5.764347075999979],[6.007824898000024,5.761753558999999],[6.004464626000015,5.76064205199998],[5.9919037820000085,5.754439831000013],[6.001463890000025,5.745503901999996],[6.007615089000012,5.738621234999982],[6.014458178999973,5.728969097000004],[6.020611762999977,5.7213921549999895],[6.026089190999983,5.7131161689999885],[6.032283783000025,5.7063088419999985],[6.0359830859999875,5.704705714999989],[6.0397143359999745,5.700560092999979],[6.040129185000012,5.697036265999998],[6.041172028000005,5.685502052000004],[6.044614792000004,5.675821781000025],[6.054209232000005,5.659257889000003],[6.057663918000003,5.6468038560000196],[6.059088229999986,5.632253170000013],[6.05845403699999,5.621844769000006],[6.050336838000021,5.612069130000009],[6.040855884999985,5.60297489200002],[6.028649807000022,5.59524488400001],[6.017790794000007,5.5903010370000175],[6.0042099949999965,5.586027145000003],[5.991306781999981,5.581758021999974],[5.985916137999993,5.570618152999998],[5.979833126000017,5.562244892000024],[5.971007824000026,5.558703899000022],[5.958748817000014,5.562763213999972],[5.95164203600001,5.569075107999993],[5.937603951000028,5.577149867999992],[5.930765151999992,5.586109161000024],[5.924602031999996,5.595766067999989],[5.915039062000005,5.605394839999974],[5.908166885000014,5.612124919999985],[5.90577983899999,5.608413696000014],[5.902298449999989,5.609218121000026],[5.898801804000016,5.609329699999989],[5.894636154000011,5.610849857000005],[5.890410422999992,5.609597683000004],[5.8854098319999935,5.6049027440000145],[5.8797101970000085,5.600230216999989],[5.875454425999976,5.5975918770000135],[5.87054443400001,5.597055435000016],[5.865633964999972,5.596518516999993],[5.861453056000016,5.597345351999991],[5.857227324999997,5.59609317799999],[5.853016376000028,5.595533848000002],[5.846067429000016,5.587218760999974],[5.848565102000009,5.583887100000027],[5.850617886000009,5.58174085600001],[5.852625847000013,5.57751607900002],[5.853280067000014,5.575414658],[5.853204726999991,5.571949958999994],[5.853144645999976,5.569177627999977],[5.853084564000028,5.566405772999985],[5.852324963000001,5.563656330000015],[5.852280140000005,5.561577320000026],[5.851535796999997,5.559520721000013],[5.8503980639999895,5.5563783650000005],[5.853374958000018,5.555644988999973],[5.864266871999973,5.552961826000001],[5.87378692599998,5.553040980999981],[5.883985042999996,5.553819180000005],[5.893517017000022,5.551125049999996],[5.907129764999979,5.548463820999984],[5.917338847999986,5.546469211999977],[5.933051109000019,5.53841590899998],[5.9167571070000236,5.524271965000025],[5.90659999799999,5.514479160000008],[5.908686160999991,5.504094124000005],[5.918898105999972,5.501404761999993],[5.93656301499999,5.505020141999978],[5.951518059000023,5.506530762000011],[5.965126990999977,5.504563808],[5.978050231999987,5.503977775999999],[5.984207153,5.495707988999982],[5.970862865000015,5.483650207999972],[5.989715099000023,5.480496883000001],[5.999262810000005,5.474335193999991],[5.995237826999983,5.461819171999991],[5.991199970000025,5.452075958000023],[5.987173079999991,5.440254211000024],[5.981091976000016,5.431188107000025],[5.984538078000014,5.420814037000014],[5.989354133999996,5.408370972],[5.994163035999975,5.397315978999984],[6.004386902000022,5.391852856000014],[6.013282775999983,5.3794450760000245],[6.018772124999998,5.368393898000022],[6.020861148999984,5.3573160170000165],[6.0229468350000275,5.346930981000014],[6.0257158279999885,5.335858821999977],[6.028476237999996,5.326867103999973],[6.026184081999986,5.316720008999994],[6.018115996999995,5.299803734000022],[6.0101108549999935,5.287067890000003],[6.00465250000002,5.267054081000026],[6.005380154000022,5.25977659199998],[6.006835937000005,5.245948791999979],[6.013021945999981,5.233940600999972],[6.028305053999986,5.221204757999999],[6.043224334999991,5.212107657999979],[6.052321434000021,5.209196567999982],[6.0545864110000025,5.209498881999991],[6.071164130999989,5.207942962999994],[6.079991817000007,5.2107901570000195],[6.0895028109999885,5.21295022999999],[6.101737022000009,5.214437961999977],[6.111935139000025,5.215217112999994],[6.1241588589999765,5.218785763000028],[6.134345054999983,5.222338200000024],[6.145215988000018,5.224508762000028],[6.154729842999984,5.225975989999995],[6.161487103000013,5.235740184999997],[6.15126800500002,5.23981618900001],[6.144433975000027,5.2473869319999835],[6.136225223999986,5.2584152219999964],[6.126649857000018,5.270818233],[6.117763996000008,5.281146048999972],[6.106126785000015,5.29838705100002],[6.099275111999987,5.310119152000027],[6.094473838999988,5.319094181000025],[6.093729972999995,5.333651066000016],[6.094364165999991,5.344058990000008],[6.094324111999981,5.353073119999976],[6.096314907000021,5.3641848560000085],[6.092174053000008,5.378020762999995],[6.088019847999988,5.394629001999988],[6.087976932999993,5.404337882999982],[6.080441952000001,5.4167580600000065],[6.070876122000016,5.427081107999982],[6.061984062000022,5.438796043000025],[6.056478976999983,5.453312874000005],[6.055731772999991,5.468564033999996],[6.057713985000021,5.481756210000015],[6.062437057000011,5.490117073000022],[6.069171906000008,5.504735946999972],[6.072535991999985,5.5130858420000095],[6.077941894999981,5.520759106000014],[6.086754799000005,5.527073859999973],[6.10237693800002,5.531364918000008],[6.111188889000005,5.537680148999982],[6.116582870000002,5.548127174000001],[6.115850925000018,5.559909821000019],[6.112383841999986,5.575138091999975],[6.115060805999974,5.5848679540000035],[6.1238679890000185,5.592569828000023],[6.1360960009999985,5.595446110000012],[6.146978854999986,5.594842911000001],[6.163301945000001,5.594285011000011],[6.174163818000011,5.598536014999979],[6.18162012099998,5.604146003999972],[6.194493770999998,5.614655018000008],[6.211462975000018,5.6217322350000245],[6.202573776000008,5.63275289500001],[6.190961838000021,5.644445895999979],[6.184795855999994,5.654797077000012],[6.179989814999999,5.665159225000025],[6.177217960000007,5.676925181999991],[6.174417973000004,5.694931983999993],[6.17368602800002,5.706716061000009],[6.168178081999997,5.721926212000028],[6.16683244699999,5.726475715999982],[6.162654877000023,5.740603924000027]]]},"properties":{"fid":170,"cty_nm":"Nigeria","iso3cd":"NGA","adm1nm":"Delta","adm2nm":"Ughelli North","adm1cd":"NGA010","adm2cd":"NGA010019"}},{"type":"Feature","id":171,"geometry":{"type":"Polygon","coordinates":[[[5.8503980639999895,5.5563783650000005],[5.8459653849999995,5.557028769999988],[5.842069148999997,5.5576653480000004],[5.840270996000015,5.558976649999977],[5.8411326410000015,5.561411381000028],[5.838884829999984,5.563209534000009],[5.835775851999983,5.5613365169999724],[5.834914206999997,5.55747795100001],[5.834464550000007,5.553057670999976],[5.831617354999992,5.551372050999987],[5.828545570000017,5.550660133000008],[5.826110362999998,5.549685954999973],[5.823451041999988,5.546951293999996],[5.8227014540000255,5.545078278000005],[5.820978164999985,5.542456150000021],[5.819704532999992,5.539459228999988],[5.824541092000004,5.54096460300002],[5.828752040999973,5.5415234569999825],[5.835227488999976,5.542902470000001],[5.835762024000019,5.540242195000019],[5.842593193000027,5.533363818999987],[5.850102901000014,5.526492119000011],[5.858325004999983,5.512691021000023],[5.861776829000007,5.500929831999997],[5.867250919000014,5.493347168000014],[5.879521846999978,5.486515044999976],[5.890418053000019,5.483138084000018],[5.891139984000006,5.473434924999992],[5.890500068999984,5.464415072999998],[5.885099888000013,5.45535421400001],[5.881754875000013,5.44284391399998],[5.873650074000011,5.43029403700001],[5.865530014000001,5.4212107660000015],[5.854682921999995,5.413492202999976],[5.841104030999986,5.408524989999989],[5.827495097999986,5.410491943000011],[5.814552784,5.41523885700002],[5.809755801999984,5.423521042000004],[5.802921771999991,5.431091784999978],[5.788486958000021,5.44231176400001],[5.772325039000009,5.430143832999988],[5.754006862999972,5.420282841000017],[5.743144988999973,5.416030884000008],[5.73538017300001,5.414525508999986],[5.7327637669999945,5.412158488999978],[5.729197501999977,5.409780979000004],[5.723253726999985,5.40839385999999],[5.718894958000021,5.408195971999987],[5.715527058000021,5.407601356999976],[5.713149070999975,5.4062147139999865],[5.712158680000016,5.403242588000012],[5.710577488000013,5.40008306499999],[5.713044167000021,5.397101401999976],[5.715360164999993,5.394301890999998],[5.72286415100001,5.388816833000021],[5.726304054000025,5.379829884000003],[5.728390217000026,5.369444847000011],[5.730483054999979,5.357674121999992],[5.729866981999976,5.343104838999977],[5.731266974999983,5.334102153999993],[5.739450932000011,5.328621864000013],[5.748987198000009,5.325233936000018],[5.757129191999979,5.32946300499998],[5.762532233999991,5.337830067000027],[5.778139113999998,5.345588206999992],[5.792416096000011,5.3463997840000275],[5.8012218480000115,5.354102135000005],[5.810732841000004,5.356260776999989],[5.820942878999972,5.354266166999992],[5.839947224000014,5.362744808000002],[5.850131988999976,5.366298199000028],[5.861021042000004,5.364307880000013],[5.8712210659999755,5.3643932339999765],[5.88210392000002,5.363790035000022],[5.89569902400001,5.365290164999976],[5.904517173999977,5.370217799999978],[5.911646366000014,5.37958431200002],[5.913852691999978,5.379071236000016],[5.914051056000005,5.375901221999982],[5.914645194999991,5.372532845000023],[5.914843559000019,5.367381572999989],[5.915437698000005,5.356682777000003],[5.914843559000019,5.346181870000009],[5.913880824999978,5.34088897700002],[5.907371997999974,5.339727879000009],[5.897854805000009,5.338954925999985],[5.884943962000023,5.336768150000012],[5.873377800000014,5.338057994999986],[5.861816883000017,5.337962150999999],[5.848896980000006,5.337854861999972],[5.838006973000006,5.339845180999987],[5.828485011999987,5.34045887000002],[5.814880847999973,5.341039180999985],[5.8133511539999745,5.339459418999979],[5.811635970999987,5.337687969000001],[5.8091907500000275,5.336875438999982],[5.808112144000006,5.334047794000014],[5.802742003999981,5.318052769000019],[5.810253143000011,5.311181067999996],[5.825238227999989,5.3057579989999795],[5.808300971999984,5.291053771999998],[5.803715228999977,5.290590285999997],[5.800233841000022,5.2913947110000095],[5.795353412999987,5.292243957999972],[5.790458202000025,5.292400359999988],[5.785548210000002,5.291863440999975],[5.781337260999976,5.291304110999988],[5.7770814900000005,5.288666248000027],[5.7728404999999725,5.286721230000012],[5.769299030000013,5.284753798999986],[5.764343739000026,5.282137870999975],[5.760102748999998,5.280192852000027],[5.755147457000021,5.2775769230000265],[5.749477862999981,5.274290561999976],[5.744492530999992,5.270288467],[5.742336272999978,5.2682638169999905],[5.738762855999994,5.264230251000015],[5.737288951999972,5.260809897999991],[5.737913132000017,5.257322310999996],[5.738567352000018,5.25522136699999],[5.742763041999979,5.255087376000006],[5.748372555000003,5.255601882999997],[5.754726409999989,5.258172989000002],[5.7610802649999755,5.260744095000007],[5.7702617649999866,5.264612198000009],[5.778028964999976,5.267831801999989],[5.784398079000027,5.271095752999997],[5.792165279000017,5.274315356999978],[5.796406268999988,5.276260375999982],[5.8013615610000215,5.278876304999983],[5.808444977000022,5.282811164999998],[5.811986445999992,5.2847785949999775],[5.816926955999975,5.286701678999975],[5.820247172999984,5.287323952000008],[5.823122024999975,5.286935329000016],[5.8373718259999805,5.29367732999998],[5.8416128160000085,5.295622348999984],[5.846553325999992,5.297545432999982],[5.848500729000023,5.290548324999975],[5.84842538800001,5.287083626000026],[5.849763870000004,5.284266949000028],[5.851087570000004,5.280756950000011],[5.853080272999989,5.275839329000007],[5.853004931999976,5.272374152999987],[5.8496322629999895,5.264167309000015],[5.8499760629999855,5.247711181999989],[5.850696087000017,5.238701820000017],[5.847342013999992,5.228271007999979],[5.837861061000012,5.2191781999999876],[5.831093787999976,5.211493014999974],[5.820899962999988,5.21002101900001],[5.812856196999974,5.209954261999997],[5.809195518000024,5.2062931059999755],[5.807075977000011,5.206690788000003],[5.803105830999982,5.207435131000011],[5.799300194000011,5.207435131000011],[5.7943525310000155,5.2070541379999895],[5.7928304669999875,5.203629017000026],[5.7935914990000015,5.199062346999995],[5.796636105000005,5.1922116279999955],[5.797555923000004,5.189452171000028],[5.8028569219999895,5.1938624379999965],[5.804585456999973,5.195158957999979],[5.809786320000001,5.195158957999979],[5.817958831999988,5.19466352500001],[5.822664261,5.193920611999999],[5.828360557999986,5.1909489629999825],[5.829187392999984,5.188467978999995],[5.829846382000028,5.186491013000023],[5.833065986999998,5.179308891000005],[5.837276459000009,5.174850940999988],[5.841486454000005,5.174602984999979],[5.846191883000017,5.176584720999983],[5.849164008999992,5.177822590000005],[5.8523836140000185,5.179803848000006],[5.85832738900001,5.182775973999981],[5.866004943999997,5.186491013000023],[5.869719981999992,5.188472271000023],[5.8770174979999865,5.1898922920000246],[5.882597922999992,5.19268226600002],[5.889232634999985,5.19537210499999],[5.896440982999991,5.197474003000025],[5.905970097000022,5.195473193999987],[5.927133083000001,5.176925181999991],[5.935315132000028,5.172138213999972],[5.946148871999981,5.182631016000016],[5.954277992000016,5.1896328930000095],[5.965157986000008,5.189723968999999],[5.969274998000003,5.181436061999989],[5.972727775999999,5.169675826999992],[5.9734601970000085,5.15789318100002],[5.984343529,5.159445285999993],[5.9856481549999785,5.169783114999973],[5.988394260000007,5.184133529999997],[5.989916325000024,5.185959815999979],[5.9937014579999754,5.186770916],[6.002083302000017,5.189204216000007],[6.011816978000013,5.190015792999986],[6.020469188999982,5.1913676259999875],[6.029661654999984,5.192989825999973],[6.049129009000012,5.199478625999973],[6.06264829600002,5.205967902999987],[6.071164130999989,5.207942962999994],[6.0545864110000025,5.209498881999991],[6.052321434000021,5.209196567999982],[6.043224334999991,5.212107657999979],[6.028305053999986,5.221204757999999],[6.013021945999981,5.233940600999972],[6.006835937000005,5.245948791999979],[6.005380154000022,5.25977659199998],[6.00465250000002,5.267054081000026],[6.0101108549999935,5.287067890000003],[6.018115996999995,5.299803734000022],[6.026184081999986,5.316720008999994],[6.028476237999996,5.326867103999973],[6.0257158279999885,5.335858821999977],[6.0229468350000275,5.346930981000014],[6.020861148999984,5.3573160170000165],[6.018772124999998,5.368393898000022],[6.013282775999983,5.3794450760000245],[6.004386902000022,5.391852856000014],[5.994163035999975,5.397315978999984],[5.989354133999996,5.408370972],[5.984538078000014,5.420814037000014],[5.981091976000016,5.431188107000025],[5.987173079999991,5.440254211000024],[5.991199970000025,5.452075958000023],[5.995237826999983,5.461819171999991],[5.999262810000005,5.474335193999991],[5.989715099000023,5.480496883000001],[5.970862865000015,5.483650207999972],[5.984207153,5.495707988999982],[5.978050231999987,5.503977775999999],[5.965126990999977,5.504563808],[5.951518059000023,5.506530762000011],[5.93656301499999,5.505020141999978],[5.918898105999972,5.501404761999993],[5.908686160999991,5.504094124000005],[5.90659999799999,5.514479160000008],[5.9167571070000236,5.524271965000025],[5.933051109000019,5.53841590899998],[5.917338847999986,5.546469211999977],[5.907129764999979,5.548463820999984],[5.893517017000022,5.551125049999996],[5.883985042999996,5.553819180000005],[5.87378692599998,5.553040980999981],[5.864266871999973,5.552961826000001],[5.853374958000018,5.555644988999973],[5.8503980639999895,5.5563783650000005]]]},"properties":{"fid":171,"cty_nm":"Nigeria","iso3cd":"NGA","adm1nm":"Delta","adm2nm":"Ughelli South","adm1cd":"NGA010","adm2cd":"NGA010020"}},{"type":"Feature","id":172,"geometry":{"type":"Polygon","coordinates":[[[6.16683244699999,5.726475715999982],[6.1686868670000194,5.727625369999998],[6.172957897000003,5.730956553999988],[6.17931175199999,5.733527659999993],[6.187094211999977,5.7374401089999765],[6.190650940000012,5.7401008609999735],[6.1935234069999865,5.7434763910000015],[6.196440697000014,5.748930931000018],[6.19935846300001,5.754385947999992],[6.198749065000015,5.758566379999991],[6.198854445999984,5.763417243999982],[6.198944568999991,5.7675752640000155],[6.198365688000024,5.7731413839999846],[6.197786330999975,5.77870750400001],[6.198636055000009,5.785615443999973],[6.202087402000018,5.783424853999975],[6.206223487999978,5.780519008999988],[6.2117428779999955,5.776875496000002],[6.2179613110000105,5.773209571999985],[6.222826481000027,5.771667480000019],[6.231293201000028,5.774864674000014],[6.235473633000026,5.774037838000027],[6.243052006000028,5.773168564000002],[6.248760699999991,5.77361393000001],[6.253685951000023,5.77484369299998],[6.261408329000005,5.775984287000028],[6.265634060000025,5.777236462000019],[6.274710178000021,5.776253223000026],[6.287207126999988,5.771693706999997],[6.294125080000015,5.768005847999973],[6.296907424999972,5.767223358000024],[6.299779892000004,5.77059936500001],[6.304780005999987,5.7752938269999845],[6.312577723999993,5.7798995969999964],[6.321774005999998,5.784460545000002],[6.3274283409999725,5.7870540619999815],[6.335895060999974,5.790251254999987],[6.348587989999999,5.794700622999983],[6.357024669999987,5.796512127000028],[6.366890430000012,5.799664496999981],[6.374627589999989,5.801497935999976],[6.3747329710000145,5.806349276999981],[6.375492096000016,5.809098720999998],[6.377026080999997,5.815291404999982],[6.376461983000013,5.821550369000022],[6.373860358999991,5.830648422000024],[6.370543956999995,5.839076041999988],[6.367897511000024,5.846095562000016],[6.365235328999972,5.852421761000016],[6.361889361999999,5.859463215000005],[6.347669601000007,5.881414413000016],[6.344323635000023,5.888455867999994],[6.338180065000017,5.895586966999986],[6.336871624000025,5.899789333000001],[6.333525181000027,5.906830787999979],[6.328780650999988,5.913917065000021],[6.321268558999975,5.922478676000026],[6.3116588589999765,5.931106566999972],[6.302718163000009,5.9383268359999875],[6.297913074000007,5.9426412579999806],[6.286175250999975,5.949950218000026],[6.271000861999994,5.960143088999985],[6.264052868000022,5.962445258999992],[6.256405830000006,5.964769363000016],[6.2487435340000275,5.966401099999985],[6.243769645999976,5.967384815000003],[6.233819961999984,5.948546885999974],[6.229115008999997,5.936026095999978],[6.223714828000027,5.92696523699999],[6.217640877000008,5.916512011999998],[6.207487105999974,5.906025886999998],[6.203830241999981,5.900574206999977],[6.201406001999999,5.89695978200001],[6.198935509000023,5.895133494999982],[6.191916943000024,5.889945984000008],[6.179709910999975,5.882215976999987],[6.168869971999982,5.873110770999972],[6.160744190000003,5.8654150959999924],[6.151937008000004,5.857713223000019],[6.142442226000014,5.8520870209999885],[6.132810115999973,5.846793651999974],[6.130944729000021,5.845688343000006],[6.120879172999992,5.839725018000024],[6.123527050000007,5.823495864999984],[6.126978873999974,5.8117361070000015],[6.1304187769999885,5.802749156999994],[6.135921000999986,5.788926124999989],[6.140738010000007,5.775788783999985],[6.144177914000011,5.766802788000007],[6.1544518470000185,5.750245093999979],[6.162654877000023,5.740603924000027],[6.16683244699999,5.726475715999982]]]},"properties":{"fid":172,"cty_nm":"Nigeria","iso3cd":"NGA","adm1nm":"Delta","adm2nm":"Ukwuani","adm1cd":"NGA010","adm2cd":"NGA010021"}},{"type":"Feature","id":173,"geometry":{"type":"Polygon","coordinates":[[[5.846067429000016,5.587218760999974],[5.84023380299999,5.586926459999972],[5.836722373999976,5.586345196000025],[5.83392477000001,5.586434364000013],[5.828345298999977,5.5873060229999965],[5.823450564999973,5.587461947999998],[5.818600177999997,5.589697360999992],[5.815148829999998,5.59188795099999],[5.811028003999979,5.5954866409999795],[5.802772044999983,5.601991653000027],[5.797267437000016,5.606328011000016],[5.791154385000027,5.614844799000025],[5.784311295000009,5.621997833000023],[5.777363777000005,5.6243000029999735],[5.770340443000009,5.623136997000017],[5.763956547000021,5.619179726000027],[5.758331775999977,5.617972373999976],[5.705931186999976,5.581848621000006],[5.710457802000008,5.580113888000028],[5.720688820000021,5.573265075999984],[5.732283114999973,5.565732955999977],[5.743187904000024,5.560276031000001],[5.752051830000028,5.554801940999994],[5.759572982999998,5.545848846000013],[5.765731812000013,5.536884784999984],[5.771885871999984,5.52930784199998],[5.778037071000028,5.5224251750000235],[5.779304503999981,5.520216464999976],[5.785493373999998,5.515164851999998],[5.787560939999992,5.51371192900001],[5.789613723999992,5.511565684999994],[5.793050289000007,5.508682250999982],[5.795817375000013,5.507206917000019],[5.799283980999974,5.505709647999993],[5.802051066999979,5.504234313999973],[5.805532454999991,5.503429412999992],[5.807660580000004,5.504748821000021],[5.809103966000009,5.506783009000003],[5.809149264999974,5.5088620189999915],[5.807810782999979,5.51167869599999],[5.806472300999985,5.514495372999988],[5.804434775999994,5.517334461000019],[5.801012992999972,5.520910739999977],[5.798275948000025,5.523772240000028],[5.79550886200002,5.525247096999976],[5.792132853999988,5.530902862999994],[5.7900948519999815,5.5337419510000245],[5.785989285000028,5.538033485000028],[5.784635544000025,5.540157318000013],[5.785470486000008,5.5463719370000035],[5.7876281740000195,5.549077033999993],[5.789726256999984,5.549009800000022],[5.793921947000001,5.548875808999981],[5.796689033999996,5.547400950999986],[5.80014085800002,5.545210360999988],[5.803576946000021,5.542326926999976],[5.807727813999975,5.540113926000004],[5.811209201999986,5.5393095019999805],[5.814690589999998,5.538504601],[5.819704532999992,5.539459228999988],[5.820978164999985,5.542456150000021],[5.8227014540000255,5.545078278000005],[5.823451041999988,5.546951293999996],[5.826110362999998,5.549685954999973],[5.828545570000017,5.550660133000008],[5.831617354999992,5.551372050999987],[5.834464550000007,5.553057670999976],[5.834914206999997,5.55747795100001],[5.835775851999983,5.5613365169999724],[5.838884829999984,5.563209534000009],[5.8411326410000015,5.561411381000028],[5.840270996000015,5.558976649999977],[5.842069148999997,5.5576653480000004],[5.8459653849999995,5.557028769999988],[5.8503980639999895,5.5563783650000005],[5.851535796999997,5.559520721000013],[5.852280140000005,5.561577320000026],[5.852324963000001,5.563656330000015],[5.853084564000028,5.566405772999985],[5.853144645999976,5.569177627999977],[5.853204726999991,5.571949958999994],[5.853280067000014,5.575414658],[5.852625847000013,5.57751607900002],[5.850617886000009,5.58174085600001],[5.848565102000009,5.583887100000027],[5.846067429000016,5.587218760999974]]]},"properties":{"fid":173,"cty_nm":"Nigeria","iso3cd":"NGA","adm1nm":"Delta","adm2nm":"Uvwie","adm1cd":"NGA010","adm2cd":"NGA010022"}},{"type":"Feature","id":174,"geometry":{"type":"Polygon","coordinates":[[[5.5521698000000015,5.851336001999982],[5.543312072999981,5.855422019999992],[5.533791065000003,5.855342865000011],[5.520888805000027,5.85107517199998],[5.5208458899999755,5.860784054000021],[5.514682769999979,5.870440959999996],[5.5011110309999935,5.86408710500001],[5.501842975999978,5.8523039820000236],[5.5005230900000015,5.843276978000006],[5.495129108000015,5.832829951999997],[5.49313306800002,5.829592228000024],[5.490402222,5.825161933999993],[5.485682010999994,5.816108226999972],[5.485727786999973,5.805706024000017],[5.497300148000022,5.803029059999972],[5.508204937000016,5.797572135999985],[5.517035960999976,5.799726008999983],[5.525220870999988,5.794246197000007],[5.52117681499999,5.785890101999996],[5.525297164999984,5.776908875000004],[5.537556171000006,5.772850989999995],[5.544393062999973,5.764585017999991],[5.5491900439999995,5.756303786999979],[5.5403680800000075,5.752068995999991],[5.529457091999973,5.758913994000011],[5.520597935000012,5.763000010999974],[5.50905084599998,5.760129929000016],[5.5070528979999835,5.7504048349999834],[5.511178970000003,5.740036964000012],[5.515295981999998,5.731750010999974],[5.521474838000017,5.718625068999984],[5.528326988000003,5.7068929669999875],[5.532450198999982,5.697217941000019],[5.529773234999993,5.687488078999991],[5.527116776000014,5.672902107000027],[5.525128841000026,5.6610970500000235],[5.520405768999979,5.652735232999987],[5.510900973999981,5.6491889949999745],[5.500741005000009,5.640089035000017],[5.491244793000021,5.6344618800000035],[5.492618331000017,5.627178144000027],[5.497776986000019,5.624166489000004],[5.501111030000004,5.6205549239999755],[5.503610610999999,5.616388320999988],[5.507499694999979,5.606666565000012],[5.5097276459999875,5.598969561999979],[5.516599177999979,5.5909838680000234],[5.524103164999985,5.585497856000018],[5.534339905000024,5.577261925000016],[5.542537212000013,5.569007874000022],[5.545306206000021,5.557936192],[5.55010318799998,5.549654007000015],[5.558982849000017,5.5407118800000035],[5.567848206000008,5.535237789000007],[5.575365067000007,5.526978970000016],[5.5785292840000125,5.520961505999992],[5.5802787389999935,5.521580289999974],[5.600743362999992,5.518283017999977],[5.608452817,5.522661226000025],[5.611313192000011,5.530271696999989],[5.611483798999984,5.532617549999998],[5.6115987270000005,5.534197807999988],[5.6113081699999725,5.53846084700001],[5.611529415999996,5.541897537000011],[5.617140790000008,5.542463761000022],[5.6218521229999965,5.541678537999985],[5.625635465000016,5.540536396999983],[5.629190745000017,5.538880514000027],[5.630846485000006,5.538109346999988],[5.633851635999974,5.5334159170000135],[5.628969562999998,5.531174609000004],[5.6057878209999785,5.516760163000015],[5.599771746999977,5.513165054000012],[5.593575080999983,5.509462026999984],[5.584949533999975,5.505892835999987],[5.568888173000005,5.503810806999979],[5.568484979000004,5.5038780059999795],[5.563923836000015,5.499837875000026],[5.563972949999993,5.4887428279999995],[5.563335896000012,5.479029179000008],[5.573564052999984,5.472873210999978],[5.583054065999988,5.479887008999981],[5.591196060000016,5.484115124000027],[5.605475903000013,5.484233856000003],[5.614327908000007,5.481534004000025],[5.623140811999974,5.487847805000001],[5.636052131999975,5.490036010999972],[5.649663925000027,5.4873762130000046],[5.659852982000018,5.490233897999985],[5.672113894999995,5.48548221599998],[5.680298805000007,5.480001926],[5.689849853999988,5.4731469149999725],[5.702110767000022,5.468395233000024],[5.71296977999998,5.473340033999989],[5.721776008999996,5.481040955000026],[5.731266022,5.488055228999997],[5.744176864999986,5.490242003999981],[5.755722999999989,5.493805884999972],[5.766609191999976,5.492509842000004],[5.776144027999976,5.48912095999998],[5.784968853000009,5.492661952999981],[5.783565997999972,5.502358913000023],[5.782839775000014,5.512755871000024],[5.779304503999981,5.520216464999976],[5.778037071000028,5.5224251750000235],[5.771885871999984,5.52930784199998],[5.765731812000013,5.536884784999984],[5.759572982999998,5.545848846000013],[5.752051830000028,5.554801940999994],[5.743187904000024,5.560276031000001],[5.732283114999973,5.565732955999977],[5.720688820000021,5.573265075999984],[5.710457802000008,5.580113888000028],[5.705931186999976,5.581848621000006],[5.701601982,5.583508015000007],[5.69205522499999,5.589670180999974],[5.682500838999999,5.597218989999988],[5.67499589900001,5.602705001999993],[5.6647682189999955,5.608860015999994],[5.655903815999977,5.6143350599999735],[5.662661076000006,5.624100208000016],[5.670769215000007,5.635955810999974],[5.680222033999996,5.651290893999999],[5.6964859959999785,5.6470088959999885],[5.692416191000007,5.661795138999992],[5.685587882999982,5.667980193999995],[5.676036834999991,5.674835205000022],[5.667157173000021,5.683775901999979],[5.658959865999975,5.692029952999974],[5.648705006,5.704426764999994],[5.639845847999993,5.708515166999973],[5.630282878999992,5.718142985999975],[5.622759819000009,5.7277898789999995],[5.6131968500000085,5.737419127999999],[5.609756946999994,5.746406078000007],[5.61378812800001,5.757534980999992],[5.617126942000027,5.771431923000023],[5.614364147000003,5.781117916000028],[5.602136135000023,5.778242110999997],[5.599063872999977,5.776744366000003],[5.596148968000023,5.77719306900002],[5.591889380999987,5.779659271000014],[5.587629317999983,5.781004429000006],[5.581799507000028,5.7843675610000105],[5.5779881479999744,5.785937309000019],[5.575521945999981,5.789524555000014],[5.569916248000027,5.799389839000014],[5.5687952040000255,5.803425789000016],[5.5674500470000226,5.807909966000011],[5.5638628010000275,5.816430092000019],[5.561396598999977,5.819120407000014],[5.559161662999998,5.826144694999982],[5.5582575799999745,5.828985691000014],[5.555791377999981,5.828312874000005],[5.552427769000019,5.830106735000015],[5.549513339999976,5.830330849000006],[5.550185680000027,5.832797050000011],[5.548616408999976,5.835039616000017],[5.546598433999975,5.83728170400002],[5.547719479000023,5.842662811000025],[5.547719479000023,5.844904900000017],[5.548840523000024,5.8489403720000155],[5.5521698000000015,5.851336001999982]]]},"properties":{"fid":174,"cty_nm":"Nigeria","iso3cd":"NGA","adm1nm":"Delta","adm2nm":"Warri South","adm1cd":"NGA010","adm2cd":"NGA010024"}},{"type":"Feature","id":765,"geometry":{"type":"MultiPolygon","coordinates":[[[[5.72286415100001,5.388816833000021],[5.715360164999993,5.394301890999998],[5.713044167000021,5.397101401999976],[5.710577488000013,5.40008306499999],[5.7085227970000005,5.402566910000019],[5.707799910999995,5.412270068999987],[5.699615001999973,5.41774988200001],[5.688078879999978,5.412106037000001],[5.681315899000026,5.403728007999973],[5.671839236999972,5.393939971999998],[5.657570839000016,5.391047001000004],[5.645349026000019,5.386785029999999],[5.635158062000016,5.384620190000021],[5.624278069000013,5.3845291139999745],[5.608644008999988,5.383011818],[5.595732211999973,5.3808240889999865],[5.580068111000003,5.38624095900002],[5.565774917999988,5.388895988000002],[5.55691909799998,5.392291069000009],[5.548069954000027,5.394297123000001],[5.5398879050000005,5.39908409100002],[5.531023978999997,5.404558182000017],[5.52601699500002,5.40691400999998],[5.5193656399999895,5.405360608000024],[5.512750219999987,5.398744980999993],[5.467054625999992,5.371677064999972],[5.431821303999982,5.3660697579999805],[5.385757839000007,5.362734847000013],[5.379235215999984,5.3622626210000135],[5.352394896000021,5.361469467000006],[5.333393064999996,5.365552670999989],[5.327621404000013,5.366792911999994],[5.322128152000005,5.367973328000005],[5.320034226000018,5.35480697600002],[5.330418000000009,5.300138000000004],[5.345744302000014,5.231360538999979],[5.352180286000021,5.172248077000006],[5.352425494999977,5.16999591299998],[5.35265126500002,5.16792228700001],[5.353603272999976,5.166768892999983],[5.360384512999985,5.158553159000007],[5.372635031000016,5.145608756999991],[5.388012822000007,5.138975200000004],[5.397209342999986,5.142141216000027],[5.4124363710000125,5.149528585999974],[5.421632891999991,5.152508495000006],[5.431599978999998,5.151686852000012],[5.443864242000018,5.1467422530000135],[5.447671378999985,5.138687429000015],[5.448299919000021,5.134287656000026],[5.4483852179999985,5.13369056099998],[5.457189223,5.127860881999993],[5.463732740000012,5.125243474999991],[5.468253716999982,5.119413795000014],[5.468967555000006,5.107516490000023],[5.469335703000013,5.106595867999999],[5.473213057999999,5.096899797999981],[5.471425595000028,5.093001202999972],[5.472823143000028,5.092679024000006],[5.475568295000016,5.092287064000004],[5.47922182100001,5.091764926999986],[5.485134125000002,5.090373993000014],[5.493828296999993,5.091764926999986],[5.502870560000019,5.092460631999984],[5.511565207999979,5.088287353999988],[5.516781806999973,5.080636024],[5.5240850449999925,5.068811892999975],[5.533127308000019,5.062899589999972],[5.544603825000024,5.058030604999999],[5.550863742999979,5.055596352000009],[5.569295882999995,5.056291579999993],[5.584598063999977,5.055248259999985],[5.5856413839999846,5.047945023000011],[5.590857982999978,5.043424129000016],[5.5992045400000166,5.042380809999997],[5.611029148,5.038902759999985],[5.619723319999991,5.034729480999999],[5.62528801000002,5.026035309000008],[5.632938862000003,5.01838398000001],[5.642328738999993,5.0156021120000105],[5.647893429000021,5.011776446999988],[5.656670570000017,5.011776446999988],[5.6618089680000026,5.012883663000025],[5.663635253999985,5.015100956000026],[5.663456917000019,5.018840312999998],[5.663456917000019,5.024004459000025],[5.66666221600002,5.028277874000025],[5.675565242999994,5.029880047000006],[5.682153701999994,5.027921676999995],[5.691234588999976,5.024182320000023],[5.702096461999986,5.022935867000001],[5.710287094000023,5.023826122000003],[5.7193684580000195,5.030948638999973],[5.724532126999975,5.041098117999979],[5.728449345000001,5.050713539000014],[5.730586051999978,5.054452895999987],[5.736462115999984,5.05658960300002],[5.743050574999984,5.055699348000019],[5.748570442000016,5.053206444000011],[5.751953602000015,5.053740500999993],[5.758363723999992,5.061040877999972],[5.764239787999998,5.064246178000019],[5.769225597000002,5.063355923000017],[5.773499012000002,5.061219214999994],[5.775635718999979,5.057479858000022],[5.7790188789999775,5.058013915999993],[5.780443192000007,5.064958572000023],[5.784176826000021,5.0693259239999975],[5.788122176999991,5.072540759999981],[5.7898755069999766,5.078677653999989],[5.789144992999979,5.084376335000002],[5.791336536000017,5.085837363999985],[5.797473906999983,5.083061218000012],[5.80361080199998,5.081892489999973],[5.805510520999974,5.083645821000005],[5.8090171810000015,5.086421966999978],[5.814131260000011,5.084522246999995],[5.815300465000007,5.081892489999973],[5.817346095999994,5.077362536999999],[5.820268630999976,5.075170517000004],[5.8226065640000115,5.075755119000007],[5.8255290989999935,5.077508449999982],[5.830643177000013,5.080285071999981],[5.8353190419999805,5.082476616000008],[5.840140819999988,5.083061218000012],[5.840579032999983,5.080577373999972],[5.839510917999974,5.074536324000007],[5.839994907000005,5.070786952999981],[5.840871333999985,5.067572594000012],[5.848323821999998,5.066549778000024],[5.851976395000008,5.070202827000003],[5.853145599000015,5.075462818000005],[5.8573832509999875,5.077362536999999],[5.863081932,5.074440002000017],[5.864981173999979,5.069471835999991],[5.865143117000002,5.069586158999982],[5.867738723999992,5.068109511999978],[5.869472026999972,5.07108163800001],[5.870214938999993,5.076034546000017],[5.8717012409999825,5.081235408999987],[5.874425411000004,5.086188793000019],[5.877645015999974,5.09138965599999],[5.878387927999995,5.097085952999976],[5.87789249399998,5.100305079999998],[5.877645015999974,5.10525846500002],[5.880772745999991,5.109508990999984],[5.881353321000006,5.109508990999984],[5.881239413999992,5.110143185000027],[5.880369185999996,5.1146698000000015],[5.877397060000021,5.127300262000006],[5.875911235999979,5.145131588000027],[5.878635406000001,5.165935040000022],[5.879873753000027,5.175841331000015],[5.879626273999975,5.18079471599998],[5.878635406000001,5.185500144999992],[5.8770174979999865,5.1898922920000246],[5.869719981999992,5.188472271000023],[5.866004943999997,5.186491013000023],[5.85832738900001,5.182775973999981],[5.8523836140000185,5.179803848000006],[5.849164008999992,5.177822590000005],[5.846191883000017,5.176584720999983],[5.841486454000005,5.174602984999979],[5.837276459000009,5.174850940999988],[5.833065986999998,5.179308891000005],[5.829846382000028,5.186491013000023],[5.829187392999984,5.188467978999995],[5.828360557999986,5.1909489629999825],[5.822664261,5.193920611999999],[5.817958831999988,5.19466352500001],[5.809786320000001,5.195158957999979],[5.804585456999973,5.195158957999979],[5.8028569219999895,5.1938624379999965],[5.797555923000004,5.189452171000028],[5.7935914990000015,5.186122416999979],[5.786741257000017,5.185741900999972],[5.784961224000028,5.186837195999999],[5.77472114599999,5.195766925999976],[5.767887115000008,5.203339099999994],[5.767160891999993,5.213735104000023],[5.771881103999988,5.222788810999987],[5.781363963999979,5.2311902050000185],[5.791536807999989,5.237515926000015],[5.803079127999979,5.241773129000023],[5.814606190000006,5.2494969370000035],[5.826149939999993,5.2530608179999945],[5.839036942000007,5.260796070000026],[5.8496322629999895,5.264167309000015],[5.853004931999976,5.272374152999987],[5.853080272999989,5.275839329000007],[5.851087570000004,5.280756950000011],[5.849763870000004,5.284266949000028],[5.845350266000025,5.283931255000027],[5.823122024999975,5.286935329000016],[5.820247172999984,5.287323952000008],[5.816926955999975,5.286701678999975],[5.811986445999992,5.2847785949999775],[5.808444977000022,5.282811164999998],[5.8013615610000215,5.278876304999983],[5.796406268999988,5.276260375999982],[5.792165279000017,5.274315356999978],[5.784398079000027,5.271095752999997],[5.778028964999976,5.267831801999989],[5.7702617649999866,5.264612198000009],[5.7610802649999755,5.260744095000007],[5.754726409999989,5.258172989000002],[5.748372555000003,5.255601882999997],[5.742763041999979,5.255087376000006],[5.738567352000018,5.25522136699999],[5.737913132000017,5.257322310999996],[5.737288951999972,5.260809897999991],[5.738762855999994,5.264230251000015],[5.742336272999978,5.2682638169999905],[5.741071223999995,5.273865222999973],[5.7418456080000055,5.277307986999972],[5.743349551999984,5.282114029000013],[5.746222019000015,5.285490035999999],[5.751222133999988,5.290184497999974],[5.7540645600000175,5.292174338999985],[5.757651328999998,5.296220779000009],[5.763365745999977,5.301586150999981],[5.76549387,5.302905559999999],[5.769050597999978,5.305565833999992],[5.774080753000021,5.311646461000009],[5.776953219999996,5.3150224689999845],[5.782638072999987,5.319001674999981],[5.786909103000028,5.322332859000028],[5.791164874999993,5.324971199000004],[5.794721603000028,5.327631473999986],[5.798278331999995,5.330291747999979],[5.801135540000018,5.332974911000008],[5.803263663999985,5.334293842000022],[5.805391311999983,5.335612774000026],[5.8091907500000275,5.336875438999982],[5.811635970999987,5.337687969000001],[5.8133511539999745,5.339459418999979],[5.814880847999973,5.341039180999985],[5.828485011999987,5.34045887000002],[5.838006973000006,5.339845180999987],[5.848896980000006,5.337854861999972],[5.861816883000017,5.337962150999999],[5.873377800000014,5.338057994999986],[5.884943962000023,5.336768150000012],[5.897854805000009,5.338954925999985],[5.907371997999974,5.339727879000009],[5.913880824999978,5.34088897700002],[5.914843559000019,5.346181870000009],[5.915437698000005,5.356682777000003],[5.914843559000019,5.367381572999989],[5.914645194999991,5.372532845000023],[5.914051056000005,5.375901221999982],[5.913852691999978,5.379071236000016],[5.911646366000014,5.37958431200002],[5.904517173999977,5.370217799999978],[5.89569902400001,5.365290164999976],[5.88210392000002,5.363790035000022],[5.8712210659999755,5.3643932339999765],[5.861021042000004,5.364307880000013],[5.850131988999976,5.366298199000028],[5.839947224000014,5.362744808000002],[5.820942878999972,5.354266166999992],[5.810732841000004,5.356260776999989],[5.8012218480000115,5.354102135000005],[5.792416096000011,5.3463997840000275],[5.778139113999998,5.345588206999992],[5.762532233999991,5.337830067000027],[5.757129191999979,5.32946300499998],[5.748987198000009,5.325233936000018],[5.739450932000011,5.328621864000013],[5.731266974999983,5.334102153999993],[5.729866981999976,5.343104838999977],[5.730483054999979,5.357674121999992],[5.728390217000026,5.369444847000011],[5.726304054000025,5.379829884000003],[5.72286415100001,5.388816833000021]]],[[[5.275295733999997,5.459639548999974],[5.262852192000025,5.457804203000023],[5.248580933000028,5.455605030000015],[5.235654830999977,5.4568839070000195],[5.2303414340000245,5.456867695000028],[5.230130513999995,5.456836746000022],[5.2215668570000275,5.456031150000001],[5.227120087999992,5.451217400000019],[5.239800752000008,5.440225940000005],[5.260153709999997,5.428466452999999],[5.31802505600001,5.403863967999996],[5.354906702999983,5.389825148],[5.379444121999995,5.389999390000014],[5.387446813999986,5.389308179000011],[5.431049454999993,5.385542118999979],[5.472297417999982,5.399435056000016],[5.480939370999977,5.414827929000012],[5.469769955000004,5.41583681100002],[5.460256099999981,5.4143710139999826],[5.446668148000015,5.411483765000014],[5.444177627999977,5.412357806999978],[5.434395789999996,5.411922931999982],[5.4232511519999775,5.4128518100000065],[5.409939289000022,5.414399623999998],[5.396937369999989,5.415019035],[5.385483265000005,5.421519756000009],[5.356383323999978,5.437308310999981],[5.341214180000009,5.446905135999998],[5.324187279,5.454954147000024],[5.304684162000001,5.458668708999994],[5.289205551000009,5.458668708999994],[5.275295733999997,5.459639548999974]]]]},"properties":{"fid":765,"cty_nm":"Nigeria","iso3cd":"NGA","adm1nm":"Delta","adm2nm":"Burutu","adm1cd":"NGA010","adm2cd":"NGA010004"}},{"type":"Feature","id":766,"geometry":{"type":"MultiPolygon","coordinates":[[[[5.494470530000001,5.607793253000011],[5.480431710000005,5.621832073000007],[5.466868782000006,5.631111970999996],[5.435697842000025,5.635157054999979],[5.417851885000005,5.639915976999987],[5.4078581480000025,5.636822676999998],[5.40214744299999,5.629922242000021],[5.402861281000014,5.613266013999976],[5.396564789000024,5.596313919000011],[5.395954594999978,5.59467109000002],[5.393581383000026,5.588281672999983],[5.387273631000028,5.58565435700001],[5.376568237000015,5.586556563999977],[5.348609570000008,5.585069400999998],[5.326599556000019,5.588043727000013],[5.321113172000025,5.589705085999981],[5.2873384490000035,5.599941032000004],[5.246233259999997,5.602142033000007],[5.233087699000009,5.601616211000021],[5.231422998000028,5.602092862000006],[5.225476725000021,5.601735942999994],[5.219861197,5.601212460999989],[5.219143266999993,5.600667171999987],[5.216486167000028,5.6007856119999815],[5.214059118000023,5.6012424680000095],[5.210217607000004,5.599250401000006],[5.2074480460000245,5.59881078799998],[5.199089183000012,5.585683420000009],[5.195788687000004,5.580488937999974],[5.179608351000013,5.570495202000018],[5.176212831999976,5.565538625999977],[5.170447426999999,5.557122631000027],[5.159739853000019,5.547128895000014],[5.157122446000017,5.537135159000002],[5.176634025999988,5.510247248999974],[5.208338820999984,5.467497709999975],[5.2215668570000275,5.456031150000001],[5.230130513999995,5.456836746000022],[5.2303414340000245,5.456867695000028],[5.235654830999977,5.4568839070000195],[5.248580933000028,5.455605030000015],[5.262852192000025,5.457804203000023],[5.275295733999997,5.459639548999974],[5.289205551000009,5.458668708999994],[5.304684162000001,5.458668708999994],[5.324187279,5.454954147000024],[5.341214180000009,5.446905135999998],[5.356383323999978,5.437308310999981],[5.385483265000005,5.421519756000009],[5.396937369999989,5.415019035],[5.409939289000022,5.414399623999998],[5.4232511519999775,5.4128518100000065],[5.434395789999996,5.411922931999982],[5.444177627999977,5.412357806999978],[5.446668148000015,5.411483765000014],[5.460256099999981,5.4143710139999826],[5.469769955000004,5.41583681100002],[5.480939370999977,5.414827929000012],[5.491020311,5.4327838959999895],[5.495481800999983,5.457173372],[5.500218497999981,5.480670549000024],[5.509758567000006,5.500895968000009],[5.524332764999997,5.513388137999982],[5.5406915600000275,5.518741924999972],[5.555563190999976,5.518741924999972],[5.566468537999981,5.51669560900001],[5.5785292840000125,5.520961505999992],[5.575365067000007,5.526978970000016],[5.567848206000008,5.535237789000007],[5.558982849000017,5.5407118800000035],[5.55010318799998,5.549654007000015],[5.545306206000021,5.557936192],[5.542537212000013,5.569007874000022],[5.534339905000024,5.577261925000016],[5.524103164999985,5.585497856000018],[5.516599177999979,5.5909838680000234],[5.5097276459999875,5.598969561999979],[5.5105552669999724,5.596110345],[5.494470530000001,5.607793253000011]]],[[[5.563335896000012,5.479029179000008],[5.563972949999993,5.4887428279999995],[5.563923836000015,5.499837875000026],[5.568484979000004,5.5038780059999795],[5.5528268109999885,5.506487701000026],[5.531114229000025,5.505297970000015],[5.519514356999991,5.501133913999979],[5.508509349999997,5.468118892000007],[5.507319618999986,5.443729416999986],[5.514458002000026,5.426478325000005],[5.525016859999994,5.417109197000002],[5.526882133000015,5.407116060000021],[5.52601699500002,5.40691400999998],[5.531023978999997,5.404558182000017],[5.5398879050000005,5.39908409100002],[5.548069954000027,5.394297123000001],[5.55691909799998,5.392291069000009],[5.565774917999988,5.388895988000002],[5.580068111000003,5.38624095900002],[5.595732211999973,5.3808240889999865],[5.608644008999988,5.383011818],[5.624278069000013,5.3845291139999745],[5.635158062000016,5.384620190000021],[5.645349026000019,5.386785029999999],[5.657570839000016,5.391047001000004],[5.671839236999972,5.393939971999998],[5.681315899000026,5.403728007999973],[5.688078879999978,5.412106037000001],[5.699615001999973,5.41774988200001],[5.707799910999995,5.412270068999987],[5.7085227970000005,5.402566910000019],[5.710577488000013,5.40008306499999],[5.712158680000016,5.403242588000012],[5.713149070999975,5.4062147139999865],[5.715527058000021,5.407601356999976],[5.718894958000021,5.408195971999987],[5.723253726999985,5.40839385999999],[5.729197501999977,5.409780979000004],[5.7327637669999945,5.412158488999978],[5.73538017300001,5.414525508999986],[5.743144988999973,5.416030884000008],[5.754006862999972,5.420282841000017],[5.772325039000009,5.430143832999988],[5.788486958000021,5.44231176400001],[5.788516044999994,5.459404945000017],[5.782364845000018,5.4662890430000175],[5.772832870000002,5.4689831730000265],[5.758528232999993,5.474411964000012],[5.759164810000016,5.484126091000007],[5.755722999999989,5.493805884999972],[5.744176864999986,5.490242003999981],[5.731266022,5.488055228999997],[5.721776008999996,5.481040955000026],[5.71296977999998,5.473340033999989],[5.702110767000022,5.468395233000024],[5.689849853999988,5.4731469149999725],[5.680298805000007,5.480001926],[5.672113894999995,5.48548221599998],[5.659852982000018,5.490233897999985],[5.649663925000027,5.4873762130000046],[5.636052131999975,5.490036010999972],[5.623140811999974,5.487847805000001],[5.614327908000007,5.481534004000025],[5.605475903000013,5.484233856000003],[5.591196060000016,5.484115124000027],[5.583054065999988,5.479887008999981],[5.573564052999984,5.472873210999978],[5.563335896000012,5.479029179000008]]],[[[5.416422366999996,5.833451271000001],[5.413540362999981,5.822500706000028],[5.400531768999997,5.825753211999995],[5.391351223000015,5.826885222999977],[5.382644653,5.824127196999996],[5.371056080000017,5.813752651000016],[5.3680710790000035,5.803605080000011],[5.356626987000027,5.804613589999974],[5.335487365999995,5.78997898099999],[5.338224888000013,5.773758887999975],[5.336434364000013,5.764804840000011],[5.3394188880000115,5.754657269000006],[5.343617916000028,5.742821692999996],[5.328982829999973,5.731439114000011],[5.325689792999981,5.722423552999999],[5.32573080100002,5.715178013000013],[5.304591178999999,5.707047461999991],[5.282484054999998,5.716521740000019],[5.270772457000021,5.718245029000002],[5.2606492040000035,5.716408730000012],[5.249303817999987,5.71029949199999],[5.242799282000021,5.695664883000006],[5.2200341220000155,5.697290897000016],[5.112089633999972,5.689897536999979],[5.089848688000018,5.689573521999989],[5.106603973000006,5.66224964700001],[5.125805699000011,5.630936210000016],[5.142221450000022,5.604166030999977],[5.156174786999998,5.595906884999977],[5.171351114999993,5.586923834999993],[5.181166390999977,5.588410997999972],[5.1912791010000205,5.595846814000026],[5.205258433999973,5.605959523000024],[5.228160746000015,5.619343990999994],[5.247196433999989,5.6220208849999835],[5.3012548140000035,5.613990204000004],[5.351223494999999,5.596144246999984],[5.373530942000002,5.598523708000016],[5.387807708000025,5.608041551999975],[5.399243034999984,5.637283656000022],[5.412792049000018,5.647005225999976],[5.435040844000014,5.652272879999998],[5.444999694999979,5.6544437399999765],[5.485734765000018,5.631196812999974],[5.492618331000017,5.627178144000027],[5.491244793000021,5.6344618800000035],[5.500741005000009,5.640089035000017],[5.510900973999981,5.6491889949999745],[5.520405768999979,5.652735232999987],[5.525128841000026,5.6610970500000235],[5.527116776000014,5.672902107000027],[5.529773234999993,5.687488078999991],[5.532450198999982,5.697217941000019],[5.528326988000003,5.7068929669999875],[5.521474838000017,5.718625068999984],[5.515295981999998,5.731750010999974],[5.511178970000003,5.740036964000012],[5.5070528979999835,5.7504048349999834],[5.50905084599998,5.760129929000016],[5.520597935000012,5.763000010999974],[5.529457091999973,5.758913994000011],[5.5403680800000075,5.752068995999991],[5.5491900439999995,5.756303786999979],[5.544393062999973,5.764585017999991],[5.537556171000006,5.772850989999995],[5.525297164999984,5.776908875000004],[5.52117681499999,5.785890101999996],[5.525220870999988,5.794246197000007],[5.517035960999976,5.799726008999983],[5.508204937000016,5.797572135999985],[5.497300148000022,5.803029059999972],[5.485727786999973,5.805706024000017],[5.485682010999994,5.816108226999972],[5.490402222,5.825161933999993],[5.49313306800002,5.829592228000024],[5.478584765999983,5.830631256000004],[5.461191654000004,5.819125175000011],[5.4552221299999815,5.8292727470000045],[5.443283558000019,5.825691222999978],[5.430748462999986,5.830466747000003],[5.424181938000004,5.8274822239999935],[5.416422366999996,5.833451271000001]]]]},"properties":{"fid":766,"cty_nm":"Nigeria","iso3cd":"NGA","adm1nm":"Delta","adm2nm":"Warri South West","adm1cd":"NGA010","adm2cd":"NGA010025"}},{"type":"Feature","id":767,"geometry":{"type":"Polygon","coordinates":[[[5.142962932999978,6.143306731999985],[5.143491745000006,6.151237965000007],[5.141374588000019,6.155823230999999],[5.13829374300002,6.159885406000001],[5.133102416999975,6.16467762000002],[5.1350507739999784,6.169816970999989],[5.1269559859999845,6.163946629000009],[5.119040488999985,6.149993419999987],[5.101120949000006,6.124878883000008],[5.087879181000005,6.101302147000013],[5.0759296420000055,6.078048706000004],[5.062687874000005,6.048982142999989],[5.052999020000016,6.027666092000004],[5.041731834000018,6.005086421999977],[5.039689540999973,6.000184536000006],[5.031282901999987,5.982541561000005],[5.026321887999984,5.9715867040000035],[5.018467425999972,5.9531908039999735],[5.016400814000008,5.948643208000021],[5.012680053999986,5.942235470000014],[4.983859062000022,5.898479939000026],[4.97236398199999,5.894415778999985],[4.971789080999997,5.894246295000016],[4.975813015000028,5.889003811000009],[4.976784029999976,5.887738748000004],[4.999996662000001,5.857496738999998],[5.009237228000018,5.844676927000023],[5.053275342999996,5.783421367000017],[5.07980433900002,5.746776306000015],[5.083888053999999,5.74111080199998],[5.083333014999994,5.727499962000024],[5.084112262000019,5.717584342000009],[5.084245565999993,5.7158977170000185],[5.084471294000025,5.713027796000006],[5.0852775569999835,5.702776909000022],[5.0880546569999865,5.692499161000001],[5.089848688000018,5.689573521999989],[5.112089633999972,5.689897536999979],[5.2200341220000155,5.697290897000016],[5.242799282000021,5.695664883000006],[5.249303817999987,5.71029949199999],[5.2606492040000035,5.716408730000012],[5.270772457000021,5.718245029000002],[5.282484054999998,5.716521740000019],[5.304591178999999,5.707047461999991],[5.32573080100002,5.715178013000013],[5.325689792999981,5.722423552999999],[5.328982829999973,5.731439114000011],[5.343617916000028,5.742821692999996],[5.3394188880000115,5.754657269000006],[5.336434364000013,5.764804840000011],[5.338224888000013,5.773758887999975],[5.335487365999995,5.78997898099999],[5.356626987000027,5.804613589999974],[5.3680710790000035,5.803605080000011],[5.371056080000017,5.813752651000016],[5.382644653,5.824127196999996],[5.391351223000015,5.826885222999977],[5.400531768999997,5.825753211999995],[5.413540362999981,5.822500706000028],[5.416422366999996,5.833451271000001],[5.424181938000004,5.8274822239999935],[5.430748462999986,5.830466747000003],[5.443283558000019,5.825691222999978],[5.4552221299999815,5.8292727470000045],[5.461191654000004,5.819125175000011],[5.478584765999983,5.830631256000004],[5.49313306800002,5.829592228000024],[5.495129108000015,5.832829951999997],[5.5005230900000015,5.843276978000006],[5.501842975999978,5.8523039820000236],[5.5011110309999935,5.86408710500001],[5.514682769999979,5.870440959999996],[5.5208458899999755,5.860784054000021],[5.520888805000027,5.85107517199998],[5.533791065000003,5.855342865000011],[5.543312072999981,5.855422019999992],[5.5521698000000015,5.851336001999982],[5.564401149999981,5.853518009000027],[5.5657219889999965,5.862544060000005],[5.556167125999991,5.870092869000018],[5.565653800999996,5.8777999879999925],[5.562211036999997,5.887479782000014],[5.556734085000016,5.895755768000015],[5.548554896999974,5.899848937999991],[5.538354873999992,5.899764060999985],[5.530823230999999,5.911489963999998],[5.523303032000001,5.920444012000019],[5.515114783999991,5.926617146000012],[5.5171117780000145,5.936341762999973],[5.5300350190000245,5.935756206999997],[5.541590213999996,5.937239169999998],[5.549727916999984,5.942161082999974],[5.557851791000019,5.950551033000011],[5.563938140999994,5.958230018999984],[5.569334984000022,5.9679827690000025],[5.572011948000011,5.977714062000018],[5.571273803999986,5.990883827000005],[5.561079978999999,5.989411830999984],[5.546327591000022,5.9853615760000025],[5.536596775000021,5.989902019999988],[5.532306671000015,6.004177570000024],[5.534598351,6.009743214000025],[5.5326337810000155,6.01170778300002],[5.528378009999983,6.0120348930000205],[5.523467063999988,6.012690066999994],[5.519210815000008,6.016291142],[5.515282153999976,6.021856785000011],[5.518883227999993,6.027422428000023],[5.5165915489999975,6.030369281999981],[5.512989998000023,6.035280227999976],[5.505787372999976,6.035934924999992],[5.50087642699998,6.036589622000008],[5.497275351999974,6.042482853000024],[5.494328499000005,6.041828156000008],[5.4913821220000045,6.038554191999992],[5.490273476000027,6.033595085000002],[5.489745140000025,6.030041695000023],[5.484179497000014,6.027750014999981],[5.478940964000003,6.027095318000022],[5.473677635000001,6.027351855999996],[5.465517997999996,6.027750014999981],[5.458463192000011,6.023046017000013],[5.456191063000006,6.022396564000019],[5.453403949999995,6.025130749000027],[5.453060149999999,6.027536869000016],[5.452094554999974,6.034297943000013],[5.444632053000021,6.039225578000014],[5.442483901999992,6.040644169000018],[5.437034129999972,6.037571906999972],[5.433464527000012,6.034986973000002],[5.427539824999997,6.030696391999982],[5.427212237999981,6.023493766999991],[5.431141376000028,6.01792812299999],[5.431468487000018,6.013017177999984],[5.431141376000028,6.008760929000005],[5.425902843000017,6.005814552000004],[5.415374278999991,6.0081377029999885],[5.415844440000001,6.0103516579999905],[5.41117000600002,6.020219802999975],[5.399711131999993,6.021856785000011],[5.3921532630000115,6.01918363599998],[5.388225078999994,6.017794132000006],[5.3778357510000205,6.019218921999993],[5.365658283000016,6.0196537969999895],[5.356524944,6.017479419999972],[5.34217262300001,6.01617431599999],[5.338249683000015,6.0187897679999764],[5.334343909999973,6.02139329900001],[5.327385425999978,6.018349171000011],[5.323036193999997,6.005301476],[5.326950549999992,5.99442863500002],[5.32608079900001,5.9900794029999815],[5.326950549999992,5.9826855659999865],[5.3365187640000045,5.984425545000022],[5.339998245000004,5.9826855659999865],[5.345217228000024,5.975292206000006],[5.358699322000007,5.9696383479999895],[5.350001335000002,5.960939884000027],[5.341302872000028,5.956155776999992],[5.334778786000015,5.949197292000008],[5.32608079900001,5.941803455000013],[5.315147877000015,5.934660912000027],[5.304334641000025,5.9196224209999855],[5.291287421999982,5.912229061000005],[5.275195122000014,5.909184455999991],[5.269696711999984,5.918911456999979],[5.268236636999973,5.93919420200001],[5.263452529999995,5.943108081999981],[5.256058693,5.95006704299999],[5.253449439999997,5.957025527999974],[5.249100208000016,5.970073222999986],[5.247795581999981,5.986599921999982],[5.251615046999973,6.000012874999982],[5.254957198999989,6.013216972000009],[5.258985042999996,6.025040149999995],[5.262348175,6.033390044999976],[5.265021800999989,6.0438141820000055],[5.268269062000002,6.052536010999972],[5.2701697350000245,6.054296017000013],[5.2565021510000065,6.065238953000005],[5.248787402999994,6.064228058000026],[5.245213031999981,6.063759803999972],[5.238930702000005,6.062443733000009],[5.232940197000005,6.065638541999988],[5.232984065999972,6.071512222000024],[5.233738899000002,6.073625564999986],[5.232940197000005,6.081212997000023],[5.23254108399999,6.089200020000021],[5.23254108399999,6.094790935999981],[5.23134279300001,6.101180553000006],[5.233738899000002,6.112362384999983],[5.2305440900000235,6.118752002999997],[5.225352763999979,6.125940323000009],[5.221758366000017,6.131531239000026],[5.217365742000027,6.136323451999999],[5.218563556999982,6.141515255000002],[5.2229566569999974,6.14471006399998],[5.222557068000015,6.148703575000013],[5.217764853999995,6.149901866999983],[5.209378718999972,6.153495788999976],[5.205528736000019,6.151237965000007],[5.206057548999979,6.1471843720000265],[5.203388213999972,6.14510965300002],[5.198831557999995,6.147007942000016],[5.1958355900000015,6.150885104999986],[5.193720817999974,6.15176630000002],[5.190371990000017,6.151237965000007],[5.184027194999999,6.147360325000022],[5.180150031999972,6.149651527000003],[5.182441234999999,6.1544103620000215],[5.181912421999982,6.1568775179999875],[5.1794452670000055,6.158992290000015],[5.176631450999992,6.159486293999976],[5.172924041999977,6.160578728000019],[5.1686944960000005,6.163574696000012],[5.164251804000003,6.1590867040000035],[5.164650917000017,6.155093193000027],[5.1629090310000265,6.14793062199999],[5.164626122000016,6.146552085999986],[5.161456107999982,6.142713547000028],[5.1578621859999885,6.146707058000004],[5.154594898000028,6.144187927000019],[5.145542144999979,6.141641617000005],[5.142962932999978,6.143306731999985]]]},"properties":{"fid":767,"cty_nm":"Nigeria","iso3cd":"NGA","adm1nm":"Delta","adm2nm":"Warri North","adm1cd":"NGA010","adm2cd":"NGA010023"}}]}