{"type":"FeatureCollection","features":[{"type":"Feature","id":30,"geometry":{"type":"Polygon","coordinates":[[[7.810515881000015,5.103460788999996],[7.811634063999975,5.106356144000017],[7.8127579690000175,5.108674049000001],[7.81216096899999,5.11097812700001],[7.81040716199999,5.11442613600002],[7.8075289729999895,5.115557194000019],[7.805230140999981,5.116116046999991],[7.802362919000018,5.116093159000002],[7.79891681700002,5.116641997999977],[7.795464992999996,5.1177678110000215],[7.79259300199999,5.118321895999998],[7.7902941699999815,5.118881225999985],[7.7874097819999974,5.120588779000002],[7.755210875999978,5.071847916000024],[7.752912045000016,5.072406768999997],[7.750613213000008,5.072966098999984],[7.748319148999997,5.072947978999991],[7.74544715899998,5.073501109999995],[7.741994857999998,5.0746269229999825],[7.739122867999981,5.075181007000026],[7.736256122999976,5.07515811899998],[7.733384132000026,5.075712204000013],[7.729955195999992,5.074530125000024],[7.726514816000019,5.074501990999977],[7.723659992000023,5.073325156999999],[7.721365929000001,5.073307037000006],[7.717376231999992,5.070965767000018],[7.715672970000014,5.069221019999986],[7.713970184000004,5.067474842000024],[7.71228408799999,5.063999175999982],[7.712306975999979,5.061689854000008],[7.711188793000019,5.058795928999984],[7.710645198999998,5.055905818999975],[7.710679054000025,5.052443026999981],[7.709555148999982,5.050125121999997],[7.706699848000028,5.048947811000005],[7.70440101600002,5.049507140999992],[7.700387001000024,5.04947376299998],[7.696368216999986,5.050018786999999],[7.693500996000012,5.049994946000027],[7.690629005000005,5.050549983999986],[7.6871948240000165,5.049944878000019],[7.683760166000013,5.049339771000007],[7.6803259850000245,5.048735141999998],[7.680928230000006,5.045854092000013],[7.680967807999991,5.041813849999983],[7.6815638539999895,5.039511204000007],[7.682160854000017,5.037207126999988],[7.682195186999991,5.03374385799998],[7.682807921999995,5.029708862000007],[7.68397188199998,5.027987003000021],[7.684586048000028,5.023952006999991],[7.685756206999997,5.021653174999983],[7.68692493399999,5.019353867000007],[7.688100814999984,5.016478061999976],[7.6898441309999725,5.014183043999992],[7.6921658520000165,5.011315823000018],[7.695061206999981,5.008453846000009],[7.697961807000013,5.0050139429999945],[7.702003955999999,5.002161979999983],[7.706035137000015,5.000463008999986],[7.710639000000015,4.998767853000004],[7.714657783999996,4.998222827999996],[7.718087195999999,4.999404906999985],[7.720942019999995,5.000583172000006],[7.723792075999995,5.002336979000006],[7.7266468999999915,5.003514767000013],[7.729496002000019,5.0052690510000275],[7.733487129000025,5.007609844000001],[7.735768795000013,5.008782864000011],[7.739180088000012,5.0116958620000105],[7.7431540489999975,5.015768051000009],[7.745423793999976,5.018095016000018],[7.747716904000015,5.018114089999983],[7.749448776000008,5.016973018999977],[7.752333163999992,5.015264988000013],[7.755221844000005,5.012979984000026],[7.7581119540000145,5.010694980999972],[7.75928783400002,5.007818222000026],[7.758749007999995,5.0043511389999935],[7.757625103000009,5.0020341869999925],[7.755353927999977,4.999707221999984],[7.753645897000013,4.998538016999987],[7.750212192999982,4.997933864999993],[7.746191978000013,4.998477935999972],[7.744461059999992,4.999619006999978],[7.741589068999986,5.000173092000011],[7.738709927000002,5.00130415000001],[7.73641681700002,5.001285075999988],[7.7329878809999855,5.000102996999999],[7.730718136000007,4.997776031000001],[7.729021072000023,4.995453834999978],[7.729065895000019,4.9908370969999964],[7.731370926000011,4.989700793999987],[7.733675957000003,4.988565922000021],[7.7371277810000265,4.9874391559999935],[7.741140841999993,4.987472056999991],[7.745738983000024,4.986354828000003],[7.748611927000013,4.985801219999985],[7.748641013999986,4.982914924999989],[7.746932029999982,4.98174714999999],[7.743298053999979,4.980801105000012],[7.745241164999982,4.978847980000012],[7.748698235000006,4.9771437640000045],[7.752727984999979,4.975444793999998],[7.755027771000016,4.974886894000008],[7.759036063999986,4.975495814999988],[7.761333942000022,4.974937915999988],[7.763634205000017,4.974379063000015],[7.765370845999996,4.972661972000026],[7.76711988400001,4.969789982000009],[7.768867969999974,4.966917991999992],[7.771195889000012,4.963473797000006],[7.774075030999995,4.962344169999994],[7.7780818940000245,4.962953090999974],[7.783826827999974,4.961844921000022],[7.786138058000006,4.960133075999977],[7.78788709600002,4.957261086000017],[7.787909984999999,4.954951762999997],[7.787371158999974,4.951485156999979],[7.786837101000003,4.947441100999981],[7.786877155000013,4.943400859999997],[7.786344051000015,4.939356803999999],[7.78580522499999,4.935890197999981],[7.784692763999999,4.932417869999995],[7.783575057999997,4.929522990999999],[7.782451153000011,4.927205086000015],[7.780203819000008,4.922570228999973],[7.779090881000002,4.919097899999997],[7.780283928000017,4.914491177000002],[7.782039165000015,4.911042212999973],[7.783202171000028,4.909319878000019],[7.783803939999984,4.9064388279999775],[7.783826827999974,4.904129981999972],[7.78499698600001,4.901832103999993],[7.785611152999991,4.89779710800002],[7.786786079000024,4.894919872000003],[7.788535118000027,4.892048836000015],[7.790851115999999,4.889759063999975],[7.794308186000023,4.888054848000024],[7.797730923000017,4.889813899999979],[7.80000686599999,4.891563892000022],[7.801699161999977,4.894464015999972],[7.802827835000016,4.896203995000008],[7.803379059000008,4.898517131999995],[7.805625915999997,4.90315198899998],[7.806733130999987,4.9072008129999745],[7.807282924999981,4.909513950000019],[7.807833195000001,4.911828040999978],[7.808366776000014,4.915872096999976],[7.808910846999993,4.918762206999986],[7.808887959000003,4.921070099000019],[7.809426785000028,4.924538136000024],[7.810540199000002,4.928009986999996],[7.811083794000012,4.930900097000006],[7.812201976999972,4.933794021999972],[7.812753201000021,4.9361071590000165],[7.813296794999985,4.938996792000012],[7.813841819999993,4.941886902000022],[7.813813209999978,4.944773197000018],[7.814363956000022,4.9470858569999905],[7.814341067999976,4.94939518000001],[7.814886092999984,4.952284813000006],[7.8154239649999795,4.955751895999981],[7.815975189000028,4.958065033000025],[7.817666053999972,4.960964203000003],[7.818789959000014,4.963282107999987],[7.819913864,4.965600014000017],[7.822717189999992,4.971971035000024],[7.8244028089999915,4.9754471780000245],[7.82608318299998,4.979500771000005],[7.827207088000023,4.9818191530000036],[7.828330993999998,4.984136105000005],[7.828880787000003,4.986448764999977],[7.830554962000008,4.9910798070000055],[7.831105232000027,4.993392943999993],[7.8322119709999924,4.997441768999977],[7.832745074999991,5.001485824999975],[7.832722187000002,5.003795147000005],[7.832687855000017,5.007256985000026],[7.831501006999986,5.011288165999986],[7.830314159000011,5.015317917000004],[7.829718113000013,5.017621994000024],[7.827974795999978,5.019916057999978],[7.826787948999993,5.02394676199998],[7.825613022000027,5.026823044000025],[7.825016022,5.029127120999988],[7.824419975000012,5.0314297680000095],[7.823245048999979,5.034307002999981],[7.82207489000001,5.036605834999989],[7.820899010000005,5.039482116999977],[7.819736003999992,5.04120397600002],[7.8191390040000215,5.043508052999982],[7.818537235000008,5.046389103000024],[7.816777229000024,5.050415038999972],[7.816174983999986,5.053296089000014],[7.81499385799998,5.05674886700001],[7.813807010999994,5.060779094999987],[7.8131999970000265,5.064237117999994],[7.812013148999995,5.068266869000013],[7.810836791999975,5.071144103999984],[7.810228825000024,5.0746021269999915],[7.811353207000025,5.076920033000022],[7.813629149999997,5.078669070999979],[7.8158998490000045,5.080996036999977],[7.817024231000005,5.083313942000018],[7.816427230999977,5.0856180189999804],[7.815814018000026,5.08965301500001],[7.814650058999973,5.091374873999996],[7.812334061000001,5.093665122999994],[7.809443950999992,5.0959501269999805],[7.80713892,5.097084999000003],[7.804821967999999,5.099374770999987],[7.806526184000006,5.101119994999976],[7.808234215000027,5.102289199999973],[7.810515881000015,5.103460788999996]]]},"properties":{"fid":30,"cty_nm":"Nigeria","iso3cd":"NGA","adm1nm":"Akwa lbom","adm2nm":"Abak","adm1cd":"NGA003","adm2cd":"NGA003001"}},{"type":"Feature","id":31,"geometry":{"type":"Polygon","coordinates":[[[8.022169113000018,4.692512989000022],[8.015862464999998,4.692461966999986],[8.013001442000018,4.691862105999974],[8.010146141000007,4.6906838419999985],[8.007290839999996,4.689507008000021],[8.003293991000021,4.687743187000024],[8.000439643999982,4.686565875999975],[7.9970221519999996,4.684228897000025],[7.994733810000014,4.68363380400001],[7.9918789860000174,4.682456016999993],[7.989017962999981,4.681856154999991],[7.986156940000001,4.681255817000022],[7.98442602199998,4.682395934999988],[7.982114792000004,4.68410921100002],[7.9803719519999845,4.686404228000015],[7.978055954000013,4.688693999999998],[7.976294994,4.69271898300002],[7.97339391700001,4.696158885999978],[7.971662997999999,4.697299004000001],[7.968801975000019,4.696699142],[7.965963839999972,4.693789959000014],[7.9625530239999875,4.690876961000015],[7.960849762000009,4.689132213999983],[7.958012103999977,4.686223030000008],[7.956303119999973,4.685054778999984],[7.954038142999991,4.682150841000009],[7.952330112000027,4.680983067],[7.949473857999976,4.679804801999978],[7.946608067,4.679781913999989],[7.943150043000003,4.681486129999996],[7.93910312700001,4.684916019000013],[7.936213017,4.687201023],[7.933322906000001,4.6894869800000265],[7.9310131070000125,4.691198826000004],[7.929268836999995,4.6934928890000265],[7.92580079999999,4.696351051000022],[7.9211850170000275,4.6992001529999925],[7.917149067000025,4.701476097000011],[7.9142589570000155,4.703761100999998],[7.912521839000021,4.705478190999997],[7.910212039999976,4.707190990000015],[7.907332897000003,4.708322048000014],[7.904448985999977,4.710030078999978],[7.902718067000023,4.711171149999984],[7.899260997999988,4.712873935999994],[7.896955013000024,4.714009761999989],[7.893504142999973,4.715136051000002],[7.888338089000001,4.715672015999985],[7.884891987000003,4.716220856000007],[7.883205890999989,4.712744235999992],[7.883264064999992,4.706974030000026],[7.883293152000022,4.704088210999998],[7.884484767999993,4.6994810099999995],[7.886806965000005,4.696612834999996],[7.889122962999977,4.694324016999985],[7.8914461140000185,4.691455840999993],[7.892610073000014,4.689733982000007],[7.893778800999996,4.687435149999999],[7.892661094999994,4.684541224999975],[7.891549110000028,4.681068896999989],[7.890419006000002,4.679327965000027],[7.888721943000007,4.677005768000015],[7.885883808000017,4.674097060999998],[7.8841810229999965,4.672351837000008],[7.8813657759999955,4.667134761999989],[7.879669189000026,4.664813041999992],[7.87912511799999,4.661921978000009],[7.879152775000023,4.659037113000011],[7.879755020000005,4.656156063000026],[7.880352019999975,4.6538519860000065],[7.88094806700002,4.651548862000027],[7.882122992999996,4.648673057999986],[7.883865833000016,4.646378040000002],[7.885598183000013,4.6452369689999955],[7.887897015000021,4.644679069999995],[7.890775204000022,4.643548011999997],[7.8930802350000135,4.642412186000001],[7.894816875000004,4.640695095000012],[7.898262977999991,4.640145779000022],[7.900557041000013,4.640163898000026],[7.90341186500001,4.64134216299999],[7.9074192049999965,4.641951084000027],[7.910280227999976,4.642550944999982],[7.912573813999984,4.642570019000004],[7.915458202000025,4.640861987999983],[7.916638851000016,4.6374077799999895],[7.916089058000011,4.635096073],[7.91553783400002,4.632781981999983],[7.9144091609999805,4.631042003999994],[7.913279057000011,4.629301070999986],[7.911581993000027,4.626978873999974],[7.910451889000001,4.6252379420000125],[7.90875005700002,4.6234931949999805],[7.9076261519999775,4.621175766000022],[7.907074927999986,4.618863105999992],[7.909971236999979,4.616000175000011],[7.91170215599999,4.614860057999977],[7.913434028999973,4.613718987000027],[7.916891098000008,4.612016201000017],[7.9191961289999995,4.610879898000007],[7.922653197999978,4.609177112999987],[7.924385071000017,4.60803699500002],[7.926115990000028,4.606895924000014],[7.927865027999985,4.60402488699998],[7.928462029000002,4.6017208100000175],[7.927342892000013,4.598825932000011],[7.925641059999975,4.59708118399999],[7.92049694100001,4.595307826999999],[7.917057990999979,4.595280170000024],[7.9130377769999996,4.595825194999975],[7.909593104999999,4.596374034999997],[7.90672016100001,4.596928119999973],[7.903841972000009,4.598059176999982],[7.901543140000001,4.598618031000001],[7.8992428779999955,4.599175930000001],[7.896938800999976,4.600312233000011],[7.89406108899999,4.601442813999995],[7.892329216000007,4.6025829320000184],[7.889473914999996,4.601406096999995],[7.889496802999986,4.599098206000008],[7.888946056000009,4.5967850690000205],[7.8895430559999795,4.594480991000012],[7.8907690049999815,4.586410999000009],[7.892523766000011,4.582962036000026],[7.893119812000009,4.580657959000007],[7.895442009000021,4.577791214000001],[7.896605968000017,4.576068878000001],[7.897769928000002,4.574347019000015],[7.898933886999998,4.572625159999973],[7.900097846999984,4.5709028239999725],[7.896823883000025,4.554140091000022],[7.910555839999972,4.557136059000015],[7.915124892999984,4.558905125000024],[7.9191331860000105,4.559514046000004],[7.921982764999996,4.561267853000004],[7.924838066000007,4.562446116999979],[7.927692890000003,4.563622952000003],[7.931128025000021,4.564228058000026],[7.940237998999976,4.570651053999995],[7.947078228000009,4.574746131999973],[7.95337295500002,4.575951099000008],[7.9608101840000245,4.577742100000023],[7.969380855999987,4.580697059999977],[7.9756832119999785,4.581326008000019],[7.981392860000028,4.583680152999989],[7.987682818999986,4.58546209299999],[7.993426800000009,4.584353924000027],[7.997457981000025,4.582654952999974],[8.000909804999992,4.5815291399999865],[8.003776549999998,4.581552982000005],[8.008351326000025,4.582744122000008],[8.010048865999977,4.585065842000006],[8.010593414000027,4.587955952000016],[8.01057052599998,4.590263843999992],[8.009963035999988,4.593721866999999],[8.009940147000009,4.596031188999973],[8.008764267000004,4.598906994000004],[8.008168221000005,4.601211071000023],[8.007560730000023,4.6046690939999735],[8.006356239000013,4.610429764000003],[8.00518131299998,4.613306998999974],[8.004005431999985,4.616182804000005],[8.003385544000025,4.620794773],[8.001620292999974,4.625398158999985],[8.000428199999988,4.630004883000026],[7.9992527960000075,4.632882117999998],[7.998639106999974,4.636917114000028],[7.999763012000017,4.639235020000001],[8.000307082999996,4.642125130000011],[8.001437187000022,4.643865108],[8.003138541999988,4.645609856000021],[8.005415916000004,4.647359848000008],[8.008271217000015,4.648538112999972],[8.011127471999998,4.649714947000007],[8.013402939000002,4.651463985000021],[8.016825675999996,4.653223991000004],[8.017954825999993,4.654963969999983],[8.019072532999985,4.657858848999979],[8.019623755999987,4.660171986000023],[8.019577980000008,4.664789199999973],[8.020684242000016,4.668838024000024],[8.02120590200002,4.674036979999983],[8.021183013999973,4.676344872000016],[8.021704673999977,4.681542873000012],[8.021641730999988,4.6878910059999725],[8.022169113000018,4.692512989000022]]]},"properties":{"fid":31,"cty_nm":"Nigeria","iso3cd":"NGA","adm1nm":"Akwa lbom","adm2nm":"Eket","adm1cd":"NGA003","adm2cd":"NGA003003"}},{"type":"Feature","id":32,"geometry":{"type":"Polygon","coordinates":[[[8.092145920000007,4.69019317599998],[8.080048561000012,4.695866108000018],[8.075439453000001,4.6981368059999795],[8.073128699999984,4.699850082000012],[8.070823668999992,4.700985908999996],[8.067934035999997,4.703270911999994],[8.059362410999995,4.700315951999983],[8.055354118000025,4.699707031000003],[8.052481650999994,4.700261115999979],[8.047901153999987,4.699645996000015],[8.044478416000004,4.697886944000004],[8.041054726000027,4.696127891999993],[8.038784980999992,4.693800925999994],[8.036508560000016,4.692050934000008],[8.033068657000001,4.692024231000005],[8.029054642000006,4.6919908520000035],[8.025609015999976,4.692541122000023],[8.022169113000018,4.692512989000022],[8.021641730999988,4.6878910059999725],[8.021704673999977,4.681542873000012],[8.021183013999973,4.676344872000016],[8.02120590200002,4.674036979999983],[8.020684242000016,4.668838024000024],[8.019577980000008,4.664789199999973],[8.019623755999987,4.660171986000023],[8.019072532999985,4.657858848999979],[8.017954825999993,4.654963969999983],[8.016825675999996,4.653223991000004],[8.013402939000002,4.651463985000021],[8.011127471999998,4.649714947000007],[8.008271217000015,4.648538112999972],[8.005415916000004,4.647359848000008],[8.003138541999988,4.645609856000021],[8.001437187000022,4.643865108],[8.000307082999996,4.642125130000011],[7.999763012000017,4.639235020000001],[7.998639106999974,4.636917114000028],[7.9992527960000075,4.632882117999998],[8.000428199999988,4.630004883000026],[8.001620292999974,4.625398158999985],[8.003385544000025,4.620794773],[8.004005431999985,4.616182804000005],[8.00518131299998,4.613306998999974],[8.006356239000013,4.610429764000003],[8.007560730000023,4.6046690939999735],[8.008168221000005,4.601211071000023],[8.008764267000004,4.598906994000004],[8.009940147000009,4.596031188999973],[8.009963035999988,4.593721866999999],[8.01057052599998,4.590263843999992],[8.010593414000027,4.587955952000016],[8.010048865999977,4.585065842000006],[8.018098830999975,4.582821846000002],[8.027833939000004,4.584054947000027],[8.03356170699999,4.584679127000015],[8.039862632999984,4.585307121000028],[8.048439980000012,4.5876851080000165],[8.054167747000008,4.588307858000007],[8.05932807900001,4.588349818999973],[8.064476967000019,4.589546203999987],[8.06847858399999,4.5907320979999895],[8.072481154999991,4.591918944999975],[8.081064223999988,4.593719006000015],[8.08565044400001,4.593757153000013],[8.091378211999995,4.594379902000014],[8.095959662999974,4.594995021999978],[8.099393845000009,4.595599173999972],[8.102833748000023,4.595626831000004],[8.106842040999993,4.596237183000028],[8.109707832000026,4.596260071000017],[8.114862442000003,4.596879005000005],[8.118876456999999,4.596910954000009],[8.123456954999995,4.59752512],[8.127465248000021,4.598134995000009],[8.133771895999985,4.598186016],[8.139493942000001,4.599386214999981],[8.142933846000005,4.599413872000014],[8.146941185000003,4.600022792999994],[8.150364876000026,4.601781845000005],[8.152021407999996,4.608145236999974],[8.153689384000018,4.613351822000027],[8.153655051999976,4.616815089999989],[8.153626442000018,4.619699954999987],[8.15301322900001,4.623734951000017],[8.152405739000017,4.627192974000025],[8.152371406999976,4.630655766000018],[8.15176296200002,4.6341137890000255],[8.151734352000005,4.637000084000022],[8.151132583999981,4.639880179999977],[8.151098251000008,4.643342972000028],[8.151648306000027,4.645651201000021],[8.151649475,4.645656109000015],[8.151765898000008,4.647568627999988],[8.152141571000016,4.653739928999983],[8.149790763999988,4.6594920160000015],[8.147451401000012,4.664091110000015],[8.143977165000024,4.667524814999979],[8.141654968000012,4.670392989999982],[8.13875961299999,4.673254966999991],[8.136448859999973,4.67496681199998],[8.13471794100002,4.676107882999986],[8.130107880000025,4.678379059000008],[8.125497817999985,4.680651188000013],[8.120888709999974,4.682921885999974],[8.11627864799999,4.685193061999996],[8.111112595000009,4.685729026999979],[8.106514930999992,4.686845779000009],[8.092145920000007,4.69019317599998]]]},"properties":{"fid":32,"cty_nm":"Nigeria","iso3cd":"NGA","adm1nm":"Akwa lbom","adm2nm":"Esit Eket","adm1cd":"NGA003","adm2cd":"NGA003004"}},{"type":"Feature","id":33,"geometry":{"type":"Polygon","coordinates":[[[7.650907039999993,5.181818007999993],[7.646852969999998,5.1858248710000225],[7.643974780999997,5.186955929000021],[7.64110279099998,5.187510013999997],[7.6382360459999745,5.187487125000018],[7.634812832000023,5.185728073000007],[7.632531165999978,5.184555053999986],[7.630823135000014,5.183386803000019],[7.629118919000007,5.181642055999987],[7.628569126000002,5.179327965000027],[7.630886078000003,5.177039146000027],[7.631487846000027,5.174158095999985],[7.6269178389999865,5.172389984000006],[7.624629974000015,5.1717939380000075],[7.622343063000017,5.17119789100002],[7.6200489999999945,5.171179771000027],[7.617187977000015,5.170578956999975],[7.614901066000016,5.169983864000017],[7.6120281220000265,5.170537948999993],[7.6097168919999945,5.172251225000025],[7.607975006000004,5.174544810999976],[7.6051020620000145,5.175098896000009],[7.60051488900001,5.175062179999998],[7.597642898999993,5.175615788000016],[7.591904162999981,5.176146984000013],[7.589610100000016,5.1761279109999805],[7.587316989999977,5.176109790999988],[7.585022926000022,5.17609119399998],[7.581594944000017,5.174909114999991],[7.57876300800001,5.171422957999994],[7.577064990999986,5.169101237999996],[7.5753631590000055,5.167356014000006],[7.5736541750000015,5.166187762999982],[7.571945190000008,5.165019988999973],[7.569096087999981,5.163265228],[7.567387103999977,5.162096976999976],[7.5656790730000125,5.160929203000023],[7.56338500999999,5.160911082999974],[7.561102866999988,5.15973806400001],[7.557100773000002,5.158551215999978],[7.554245949000006,5.157373904999986],[7.551959038000007,5.1567778589999875],[7.541110991999972,5.152072906000001],[7.530807018000019,5.150259017999986],[7.531414986000016,5.146800994999978],[7.532590866000021,5.143924235999975],[7.533771992000027,5.140470982000011],[7.533233166000002,5.1370038989999784],[7.533285141000022,5.1318101879999745],[7.533312797999997,5.128923892999978],[7.533933162999972,5.124311923999983],[7.5339670179999985,5.120850086000019],[7.53344488099998,5.115651130999993],[7.534063816000014,5.111039161999997],[7.534660815999985,5.108735084999978],[7.536415099999999,5.105287074999978],[7.538169860999972,5.101838111999996],[7.539913177000017,5.099544047999984],[7.541077137000002,5.097821236000016],[7.542825221999976,5.094950198999982],[7.544569016000025,5.092655181999987],[7.546310902000016,5.090361117999976],[7.546906948000014,5.088057041000013],[7.555015087000015,5.080041885000014],[7.556752205000009,5.0783247950000145],[7.558495044999972,5.076031208000018],[7.561389922999979,5.073167801000011],[7.564858913000023,5.070311069000013],[7.567749022999976,5.068026066000016],[7.570639132999986,5.065740108],[7.574675082999988,5.063464165000028],[7.5775589940000145,5.061756134000007],[7.581016063999982,5.060051917999999],[7.585046767999984,5.058352947000003],[7.5908088680000105,5.055513858999973],[7.594828129000007,5.054969787999994],[7.601140976000011,5.054443836000019],[7.605739116999985,5.053327083999989],[7.610921860000019,5.051060199999995],[7.616105080000011,5.0487928389999865],[7.617847918999985,5.046498774999975],[7.626132965000011,5.020594119999998],[7.629539012999999,5.0240850449999925],[7.631247997000003,5.025251864999973],[7.634658812999987,5.028165817000001],[7.635787963999974,5.02990579599998],[7.6386380199999735,5.031661034000024],[7.641480923000017,5.0339918139999895],[7.643757820000019,5.035741805999976],[7.646039008999992,5.036914824999997],[7.648882866000008,5.039247036000006],[7.652873993000014,5.041586875999997],[7.655724049000014,5.043342112999994],[7.662013053999999,5.045124053999984],[7.668309211999997,5.04632902100002],[7.674036979999983,5.046953201000008],[7.6803259850000245,5.048735141999998],[7.683760166000013,5.049339771000007],[7.6871948240000165,5.049944878000019],[7.690629005000005,5.050549983999986],[7.693500996000012,5.049994946000027],[7.696368216999986,5.050018786999999],[7.700387001000024,5.04947376299998],[7.70440101600002,5.049507140999992],[7.706699848000028,5.048947811000005],[7.709555148999982,5.050125121999997],[7.710679054000025,5.052443026999981],[7.710645198999998,5.055905818999975],[7.711188793000019,5.058795928999984],[7.712306975999979,5.061689854000008],[7.71228408799999,5.063999175999982],[7.713970184000004,5.067474842000024],[7.715672970000014,5.069221019999986],[7.717376231999992,5.070965767000018],[7.721365929000001,5.073307037000006],[7.723659992000023,5.073325156999999],[7.726514816000019,5.074501990999977],[7.729955195999992,5.074530125000024],[7.733384132000026,5.075712204000013],[7.736256122999976,5.07515811899998],[7.739122867999981,5.075181007000026],[7.741994857999998,5.0746269229999825],[7.74544715899998,5.073501109999995],[7.748319148999997,5.072947978999991],[7.750613213000008,5.072966098999984],[7.752912045000016,5.072406768999997],[7.755210875999978,5.071847916000024],[7.7874097819999974,5.120588779000002],[7.790803908999976,5.125234126999999],[7.793631076999986,5.129295825999975],[7.796463012999993,5.132781981999983],[7.79758119600001,5.135676860999979],[7.801537037000003,5.141479968999988],[7.800367832000006,5.143778800999996],[7.796922207000023,5.144329071000016],[7.792324065999992,5.145445823999978],[7.788310050999996,5.145412921999991],[7.783143997000025,5.1459488869999745],[7.780282973999988,5.145349026000019],[7.7762699130000215,5.145316123999976],[7.773396968999975,5.145870209000009],[7.770524979000015,5.146423817000027],[7.768219948000024,5.14756011999998],[7.764188766000018,5.149259089999987],[7.761948109000002,5.144045829999982],[7.759120940999992,5.139983176999976],[7.755714893000004,5.1364932060000115],[7.7540121079999835,5.134747982000022],[7.751163006000013,5.1329932209999924],[7.748887061999994,5.131243229000006],[7.745451926999976,5.130639076000023],[7.742579937000016,5.131193160999999],[7.738565922000021,5.1311597819999974],[7.735704898999984,5.1305599209999855],[7.731675148000022,5.132257938000009],[7.728796004999992,5.13338994999998],[7.725906849000012,5.1356749529999774],[7.723011016999976,5.138536929999987],[7.720701217999988,5.140250206000019],[7.718383788999972,5.142539978000002],[7.714927197000009,5.144242764000012],[7.711463928000001,5.1465239519999955],[7.708006859000022,5.148228168000003],[7.705133914999976,5.148780822999981],[7.701108932000011,5.149902821000012],[7.698236941999994,5.150456904999999],[7.690777778999973,5.150973797000006],[7.685050010999987,5.1503510480000045],[7.681025028000022,5.151473044999989],[7.6781578060000015,5.151449203000027],[7.674132824000026,5.152571201000001],[7.670676231000016,5.1542739870000105],[7.667791842999975,5.155982017999975],[7.664914130999989,5.157114029000013],[7.661450863000027,5.159393786999999],[7.657981872999983,5.1622519489999945],[7.65625,5.163392067000018],[7.654512882000006,5.16511011099999],[7.653332233000015,5.168562888999986],[7.653285980000021,5.173180102999993],[7.652667045999976,5.177792071999988],[7.652070998999989,5.180096149000008],[7.650907039999993,5.181818007999993]]]},"properties":{"fid":33,"cty_nm":"Nigeria","iso3cd":"NGA","adm1nm":"Akwa lbom","adm2nm":"Essien Udim","adm1cd":"NGA003","adm2cd":"NGA003005"}},{"type":"Feature","id":34,"geometry":{"type":"Polygon","coordinates":[[[7.714657783999996,4.998222827999996],[7.710639000000015,4.998767853000004],[7.706035137000015,5.000463008999986],[7.702003955999999,5.002161979999983],[7.697961807000013,5.0050139429999945],[7.695061206999981,5.008453846000009],[7.6921658520000165,5.011315823000018],[7.6898441309999725,5.014183043999992],[7.688100814999984,5.016478061999976],[7.68692493399999,5.019353867000007],[7.685756206999997,5.021653174999983],[7.684586048000028,5.023952006999991],[7.68397188199998,5.027987003000021],[7.682807921999995,5.029708862000007],[7.682195186999991,5.03374385799998],[7.682160854000017,5.037207126999988],[7.6815638539999895,5.039511204000007],[7.680967807999991,5.041813849999983],[7.680928230000006,5.045854092000013],[7.6803259850000245,5.048735141999998],[7.674036979999983,5.046953201000008],[7.668309211999997,5.04632902100002],[7.662013053999999,5.045124053999984],[7.655724049000014,5.043342112999994],[7.652873993000014,5.041586875999997],[7.648882866000008,5.039247036000006],[7.646039008999992,5.036914824999997],[7.643757820000019,5.035741805999976],[7.641480923000017,5.0339918139999895],[7.6386380199999735,5.031661034000024],[7.635787963999974,5.02990579599998],[7.634658812999987,5.028165817000001],[7.631247997000003,5.025251864999973],[7.629539012999999,5.0240850449999925],[7.626132965000011,5.020594119999998],[7.617847918999985,5.046498774999975],[7.611031055000012,5.0400948519999815],[7.606483936000018,5.036017894999986],[7.604207992999989,5.0342679020000105],[7.601932049000027,5.032517910000024],[7.598508835000018,5.030758858000013],[7.59337186800002,5.028409004000025],[7.588813781999988,5.025486946000001],[7.584249972999999,5.023140907000027],[7.581411838999998,5.020233153999982],[7.57800579100001,5.016742228999988],[7.574605942000005,5.012674808999975],[7.5723409650000235,5.009770870000011],[7.569520950000026,5.005130768000015],[7.567262173000017,5.001649857000018],[7.5655651089999765,4.999328135999974],[7.562744140999996,4.994688033999978],[7.561051845999998,4.991787910000028],[7.559354782000014,4.989466189999973],[7.557651996999994,4.987720013000001],[7.555973053000002,4.983666896999978],[7.553140163000023,4.980181216999995],[7.5508871079999835,4.976122856000018],[7.549201012000026,4.972647189999975],[7.546942234000028,4.969164847999991],[7.54411601999999,4.965103149000015],[7.542413235000026,4.9633569719999855],[7.540143012999977,4.961030005999987],[7.536730766000005,4.958117007999988],[7.532185077999998,4.954041003999976],[7.529335021999998,4.952285766999978],[7.525343894999992,4.949944973000015],[7.520781039999974,4.947599888000013],[7.516204834000007,4.946407795000027],[7.513350010000011,4.945230960999993],[7.511063099000012,4.944634914000005],[7.5081958769999915,4.944612026000016],[7.505329131999986,4.944589138000026],[7.502461910000022,4.944565773000022],[7.498964786999977,4.9452772139999865],[7.491546153999991,4.946785927000008],[7.4915690419999805,4.944478034999975],[7.490445136999995,4.942160129999991],[7.488173962000019,4.939833163999992],[7.487044810999976,4.938093185000014],[7.484200954000016,4.935760974999994],[7.482491970000012,4.934593200999984],[7.480790137999975,4.932847976999994],[7.4787211419999835,4.919539928000006],[7.478095054999983,4.915512084999989],[7.4770231250000165,4.907999991999986],[7.478198050999993,4.905124187000013],[7.4787950520000095,4.902820109999993],[7.479963779000002,4.900520802000017],[7.48055982599999,4.898217201000023],[7.481163025000001,4.89533710500001],[7.481759070999999,4.893033027999991],[7.481207847999997,4.890719891000003],[7.480680942999982,4.886097908000011],[7.480714798000008,4.88263606999999],[7.481891155000028,4.879758835000018],[7.484212875000026,4.876893043999985],[7.4853830339999945,4.87459278099999],[7.4865460400000075,4.872870922000004],[7.487716197999987,4.870572089999996],[7.488884926000026,4.868272780999973],[7.490055084000005,4.865973949000022],[7.49121904399999,4.8642520899999795],[7.493529797000008,4.8625388149999935],[7.495840073000011,4.8608260149999865],[7.5020899770000256,4.866648197000018],[7.504365920999987,4.8683981899999935],[7.506056785999988,4.871296883000014],[7.507760048000023,4.873043059999986],[7.5094571110000174,4.875364779999984],[7.5111541750000015,4.877686976999996],[7.512278079999987,4.880004883000026],[7.514531136000016,4.884062766999989],[7.516796112000009,4.886967181999978],[7.519065856999987,4.889294146999987],[7.522478104000015,4.892208099000015],[7.525895118999983,4.894544124999982],[7.530447005999974,4.898043156000028],[7.533846854999979,4.902111052999999],[7.536684990000026,4.905018805999987],[7.538961887000028,4.9067687990000195],[7.541804790000015,4.909101008999983],[7.544642925000005,4.912010193000015],[7.546346187999973,4.9137539860000174],[7.548038006000013,4.9166541100000245],[7.5497407909999765,4.918398857],[7.551444054000001,4.920145035000019],[7.553708076000021,4.923048019000021],[7.555405140000005,4.925371170000005],[7.558238028999995,4.928855896000016],[7.561076163999985,4.931765079000002],[7.5644807819999755,4.935256003999996],[7.566746234999982,4.938158988999987],[7.569015980000017,4.940485953999996],[7.572432994999986,4.942822933000002],[7.574135780000006,4.944568156999992],[7.578133105999996,4.946331977999989],[7.580987929999992,4.947508812000024],[7.583848952999972,4.948109149999993],[7.588436127000023,4.948145866000004],[7.593021869999973,4.948184013000002],[7.597035885000025,4.948215961000017],[7.601604939000026,4.949984073999985],[7.603892803000008,4.950580119999984],[7.60617494600001,4.9517531390000045],[7.608462810999981,4.95234823200002],[7.6136050220000016,4.954121112999985],[7.617022990999999,4.956457138000019],[7.621586799999989,4.958803176999993],[7.626162051999984,4.959993838999992],[7.629590988000018,4.961175919000027],[7.631299018999982,4.962344169999994],[7.633581160999995,4.963517189000015],[7.636447906000001,4.963540077000005],[7.638178825000011,4.962399005999998],[7.641068935000021,4.960114002000012],[7.6422328950000065,4.958393096999998],[7.644555092000019,4.955524921000006],[7.646865844999979,4.953813076000017],[7.64861393000001,4.950941086],[7.649209976000009,4.948637008999981],[7.650373935999994,4.946915149999995],[7.65153789499999,4.945192813999995],[7.653275967000013,4.9434762000000205],[7.656739234999975,4.941195010999991],[7.6590499879999925,4.939483166000002],[7.662511826000014,4.937201976999972],[7.665396213999998,4.935493946000008],[7.668285846999993,4.933207988999982],[7.672321796000006,4.930932998999992],[7.675767898999993,4.930383204999998],[7.680928230000006,4.93042516700001],[7.684936047000008,4.931035042000019],[7.688931942000011,4.932797908999987],[7.692348956999979,4.935133934000021],[7.69462585399998,4.936883926000007],[7.696310997000012,4.94036102299998],[7.696281909999982,4.9432458879999785],[7.69682693499999,4.946135997999988],[7.6962251659999765,4.949017047999973],[7.695622920999995,4.951898098000015],[7.696138858999973,4.9576740260000065],[7.697268009000027,4.959414004999985],[7.698972224999977,4.961159228999975],[7.700675010999987,4.962903976000007],[7.702372073999982,4.9652271269999915],[7.704062938999982,4.968125820000012],[7.705181121999999,4.971021174999976],[7.705145835999986,4.974483012999997],[7.703398228000026,4.977355003000014],[7.702233791000026,4.979076861999999],[7.699333190999994,4.982516766000003],[7.69758415199999,4.985387801999991],[7.699281215999974,4.987709999000003],[7.7021369930000105,4.98888778700001],[7.704986094999981,4.990643024000008],[7.707268237999983,4.991815089999989],[7.709544182000002,4.993565083000021],[7.714657783999996,4.998222827999996]]]},"properties":{"fid":34,"cty_nm":"Nigeria","iso3cd":"NGA","adm1nm":"Akwa lbom","adm2nm":"Etim Ekpo","adm1cd":"NGA003","adm2cd":"NGA003006"}},{"type":"Feature","id":35,"geometry":{"type":"Polygon","coordinates":[[[7.882977009000001,4.793542861999981],[7.8806428909999795,4.7975640299999895],[7.877169132000006,4.8009991650000075],[7.873689174999981,4.805010795999976],[7.871366978000026,4.807878017000007],[7.8690438269999845,4.810744762000013],[7.867880821000028,4.812467098000013],[7.868980884999985,4.8170919419999905],[7.870093822000001,4.820563793000019],[7.870637894000026,4.8234548570000015],[7.872317791,4.827507973000024],[7.872283935999974,4.830970764000028],[7.872817038999983,4.835014820000026],[7.873355865000008,4.838481903000002],[7.872175217000006,4.841936110999995],[7.872146129999976,4.844820975999994],[7.8709712030000105,4.847696781000025],[7.870947838000006,4.850006103999988],[7.869198799000003,4.8528771399999755],[7.868597030999979,4.855758190000017],[7.866837024999995,4.859784126000022],[7.8662409780000075,4.862088202999985],[7.865633011,4.865546226999982],[7.8673300739999945,4.867867946999979],[7.868460178000021,4.869608878999998],[7.869588851999993,4.871348857999976],[7.871292114000028,4.873095035999995],[7.872993946000008,4.874838828999998],[7.874117850999994,4.8771572109999966],[7.8752422329999945,4.879475117000027],[7.87521886799999,4.881783009000003],[7.875191212000004,4.8846688269999845],[7.873442173000001,4.8875398640000185],[7.871686935000014,4.890988827000001],[7.869359015999976,4.894433021999987],[7.8687629699999775,4.896737099000006],[7.867588043000012,4.89961290399998],[7.865839004999998,4.902484893999997],[7.864668845999972,4.90478420300002],[7.86350011799999,4.907083035000028],[7.861155032999989,4.912258147999978],[7.859968185000014,4.916288853000026],[7.857645988000002,4.919156074999989],[7.856475830000022,4.921454906000008],[7.8558678630000145,4.924912930000005],[7.854692935999992,4.927789211000004],[7.853518009000027,4.930665015999978],[7.852921008999999,4.932969092999997],[7.852324963000001,4.935273170000016],[7.851712227000007,4.939308166999979],[7.851688862000003,4.941616058000022],[7.852210999000022,4.946815013999981],[7.852176188999977,4.950276852000002],[7.852129935999983,4.9548940660000085],[7.852674960999991,4.957784176000018],[7.852652073000002,4.960093020999977],[7.853190899000026,4.96356010400001],[7.853734970000005,4.9664502140000195],[7.854273795999973,4.969916821000027],[7.853666782000005,4.973374843999977],[7.853058814999997,4.976832866999985],[7.851882934999992,4.979710102000013],[7.85071420700001,4.982007979999992],[7.8489651680000065,4.984879970999998],[7.845496178000019,4.987738132000004],[7.842095852,4.983670234999977],[7.8409838680000234,4.980197906000001],[7.8404340739999725,4.977884769000013],[7.839889050000011,4.974995136000018],[7.8387942310000085,4.969791889000021],[7.837681770000017,4.966320992000021],[7.837137222000024,4.963429927999982],[7.836030005999987,4.959381103999988],[7.834918022000011,4.955908775000012],[7.83323812499998,4.9518561360000035],[7.832687855000017,4.949542999000016],[7.831558228000006,4.947802066999998],[7.829288006000013,4.9454751009999995],[7.8275971410000125,4.942575932000011],[7.82704591800001,4.9402627939999775],[7.826529979999975,4.934486865999986],[7.8265709880000145,4.930448054999999],[7.827752112999974,4.926993847000006],[7.828352928000015,4.924112797000021],[7.829523086999984,4.921813965000013],[7.83071613300001,4.917206764000014],[7.8313241000000176,4.913749218000021],[7.831920147000005,4.9114451410000015],[7.832516193000004,4.909141063999982],[7.8325557709999885,4.9051008220000085],[7.832584858000018,4.902215957999999],[7.8326082230000225,4.899908066000023],[7.832647800000018,4.895867824999982],[7.833272933999979,4.890678883000021],[7.83273982999998,4.886633872999994],[7.832190036999975,4.884321213000021],[7.831059933000006,4.882581233999986],[7.829357146999996,4.880836009999996],[7.827649117000021,4.879666804999999],[7.825940132000028,4.878499985000019],[7.823084831000017,4.877322197000012],[7.820790767999995,4.877304077000019],[7.818502903000024,4.876708031000021],[7.8162097929999845,4.876688956999999],[7.812764168000001,4.877239227000018],[7.810464858999978,4.877797127000008],[7.807024956000021,4.877768993000018],[7.8142151829999875,4.846662045000016],[7.815395831999979,4.843207835999976],[7.817144870999982,4.840336799999989],[7.818899154999997,4.836887836000017],[7.820079802999999,4.83343505900001],[7.820103168000003,4.8311262130000046],[7.8195528979999835,4.828813076000017],[7.818428992999998,4.826496124000016],[7.8161640170000055,4.823592185999985],[7.809915065999974,4.81777000400001],[7.80821800199999,4.815446854000015],[7.805953025999997,4.8125429149999945],[7.805408000999989,4.809652804999985],[7.805437088000019,4.806766987000003],[7.80489778499998,4.803299904000028],[7.804365157999996,4.799255847999973],[7.802701950000028,4.7934708600000135],[7.801027775000023,4.788840771000025],[7.800488948999998,4.785373210999978],[7.801114082000026,4.7801837920000025],[7.803493022999987,4.771545887000002],[7.804090023000015,4.769241809999983],[7.804691792000028,4.766362189999995],[7.8064351080000165,4.764067173000001],[7.807604790000028,4.761767863999978],[7.809348106000016,4.759472846999984],[7.81109619099999,4.7566018100000065],[7.812276839999981,4.753149033],[7.8128910059999725,4.749114037000027],[7.812920093999992,4.746228217999999],[7.8129649159999985,4.741611003999992],[7.812444210000024,4.736413002000006],[7.811915874000022,4.731791019000013],[7.810814857000025,4.7271652219999964],[7.8097381590000055,4.720231055999989],[7.813774109000008,4.717955112000027],[7.815505981000001,4.716814994999993],[7.818395138000028,4.714529036999977],[7.8201270100000215,4.71338892],[7.822436809999999,4.711676120999982],[7.826474189999999,4.7094001770000204],[7.831083775000025,4.707129001999988],[7.833387851999987,4.705993175999993],[7.835688113999993,4.705434798999988],[7.837992191000012,4.704298972999993],[7.840297222000004,4.703163146999998],[7.8431639670000095,4.703186989000017],[7.846024989999989,4.703786849999972],[7.84889221200001,4.703810214999976],[7.851180076999981,4.704404830999977],[7.855181216999995,4.705592154999977],[7.858041763000017,4.706192016999978],[7.860319138000023,4.707942009000021],[7.866028786000015,4.71029710800002],[7.868310928000028,4.711470126999984],[7.87230682400002,4.713232994000009],[7.87630415000001,4.714996815000006],[7.8791699409999865,4.71502018000001],[7.884891987000003,4.716220856000007],[7.884262084999989,4.72198677099999],[7.885374069000022,4.725459098999977],[7.88591289499999,4.728926182000009],[7.887031078000007,4.731821060000016],[7.886995791999993,4.73528289799998],[7.886968136000007,4.738169192999976],[7.886928081999997,4.742208957999992],[7.886320114,4.745666980999999],[7.886291027000027,4.748551845999998],[7.885694980999972,4.750855923000017],[7.884524822000003,4.753155230999994],[7.883349894999981,4.756031989999997],[7.8821740149999755,4.758907795000027],[7.881571769999994,4.761787890999983],[7.881548882000004,4.764097214000003],[7.881521224999972,4.766983031999985],[7.8826160429999845,4.772184848999984],[7.883738994999987,4.774503230999983],[7.884284019000006,4.777392863999978],[7.884829044000014,4.780282973999988],[7.884806156000025,4.782591819999993],[7.885351180999976,4.785481930000003],[7.884737014999985,4.789516925999976],[7.882977009000001,4.793542861999981]]]},"properties":{"fid":35,"cty_nm":"Nigeria","iso3cd":"NGA","adm1nm":"Akwa lbom","adm2nm":"Etinan","adm1cd":"NGA003","adm2cd":"NGA003007"}},{"type":"Feature","id":36,"geometry":{"type":"Polygon","coordinates":[[[7.993620872000008,4.968735218000006],[7.9884438509999995,4.970424175000005],[7.98382806799998,4.973272800000018],[7.978640079000002,4.976117133999992],[7.975171089000014,4.97897386599999],[7.972859858999982,4.980687140999976],[7.969970225999987,4.982972145000019],[7.967085838000003,4.9846801759999835],[7.965917110000021,4.986979007999992],[7.963605880999978,4.988691807000009],[7.961868762999984,4.990408897000009],[7.957248210999978,4.993834972000002],[7.95265483899999,4.994375229000013],[7.947488785000019,4.994911193999997],[7.942891121000002,4.996026992999987],[7.939451217999988,4.995999813000026],[7.9365792269999815,4.996553898000002],[7.9337120060000075,4.996531010000012],[7.931417941999996,4.99651193599999],[7.926258087000008,4.996469975000025],[7.9216709140000034,4.99643278100001],[7.918805121999981,4.9964098930000205],[7.9147849080000015,4.996954917999972],[7.911919117000025,4.996932029999982],[7.909046172999979,4.997486115000015],[7.906178951000015,4.997461795999982],[7.898715019000008,4.998557091000009],[7.891829013999995,4.999077796999984],[7.886662960000024,4.999612807999995],[7.882637977999991,5.000734806000025],[7.884397983999975,4.99670887000002],[7.884994984000002,4.994406222999999],[7.886754989999986,4.990379809999979],[7.887351035999984,4.988076209999974],[7.887391089999994,4.98403596899999],[7.888003825999988,4.980000973000017],[7.888600826000015,4.977696895999998],[7.889203071999987,4.974816798999996],[7.891536235999979,4.970796108000002],[7.892712115999984,4.967918872999974],[7.893904209000027,4.963312148999989],[7.895073890999981,4.961011886999984],[7.897408009000003,4.95699119599999],[7.899149894999994,4.954697131999978],[7.901477813999975,4.9512529369999925],[7.904953003000003,4.947817801999975],[7.908432961000017,4.943806171000006],[7.909596920000013,4.942083835999995],[7.9107780460000185,4.938631057999999],[7.911948203999998,4.93633222599999],[7.9136958120000145,4.9334602359999735],[7.916597842999977,4.930020808999984],[7.918920039999989,4.9271540639999785],[7.9206857679999985,4.922551155000008],[7.922445773999982,4.918525219000003],[7.9247789379999745,4.914504050999994],[7.927113055999996,4.910482882999986],[7.927738190000014,4.905292987999985],[7.9289360050000255,4.900108814000021],[7.9307079320000184,4.8949289320000275],[7.932497024999975,4.888018131000024],[7.93426322900001,4.8834152219999964],[7.934858798999983,4.881111144999977],[7.936028003999979,4.878811836000011],[7.936635970999987,4.875353813000004],[7.936665058000017,4.872467995000022],[7.9372777940000105,4.868432998999992],[7.936728001000006,4.866119862000005],[7.936189174999981,4.862652778999973],[7.935649871999999,4.8591861720000225],[7.9356851580000125,4.855722904000004],[7.936281204000011,4.8534188269999845],[7.937461853000002,4.849966048999988],[7.9392108920000055,4.847095013000001],[7.940392017000022,4.843640804000017],[7.942714213999977,4.840774059000012],[7.945609092999973,4.837912082999992],[7.9473409650000235,4.836771010999996],[7.950791836000008,4.835645198999998],[7.953664779999997,4.835091114000022],[7.956532001000028,4.835114002000012],[7.958818913000016,4.835710048999999],[7.96168613399999,4.835732936999989],[7.963967799999978,4.83690595600001],[7.96624994299998,4.838078021999991],[7.970818995999991,4.839847087999999],[7.973106861000019,4.840443133999997],[7.974287987000025,4.836988926000004],[7.974884986999996,4.834684848999984],[7.978898048000019,4.834718226999996],[7.9817528720000155,4.835896015000003],[7.984028815999977,4.837645054000006],[7.9857378010000275,4.838812828000016],[7.987446784999975,4.8399820330000125],[7.989717007000024,4.842308043999992],[7.992548942999974,4.84579420099999],[7.9936790470000005,4.847535133000008],[7.995369911000012,4.850433826000028],[7.997629166000024,4.853915214999972],[7.999331950999988,4.855659962000004],[8.001011848000019,4.85971403100001],[8.002692222999997,4.863768101000005],[8.003809928999999,4.866662024999982],[8.00548362699999,4.871293068],[8.006034850999981,4.873606204999987],[8.007691383000008,4.879968166000026],[8.007089614999984,4.882849216000011],[8.006452560000014,4.889192104000017],[8.005271912000012,4.892645835999986],[8.005793571000027,4.897843837999972],[8.006876944999988,4.904201983999997],[8.008551597999997,4.908832072999985],[8.008511542999997,4.912871838000001],[8.007317543,4.917479991999983],[8.00499057799999,4.920923232999996],[8.002668380999978,4.923789978000002],[8.001499175999982,4.92608881000001],[8.000903129999983,4.928392886999973],[8.000873565999996,4.931279182000026],[8.001413345000003,4.934745788999976],[8.001384734999988,4.937632083999972],[8.001338959000009,4.942247867999981],[8.000157355999988,4.945702075999975],[7.998964786999977,4.950308800000016],[7.997777939000002,4.9543399809999755],[7.996028899999999,4.9572110180000095],[7.9948477749999824,4.960663795000016],[7.99309301400001,4.9641132350000134],[7.993620872000008,4.968735218000006]]]},"properties":{"fid":36,"cty_nm":"Nigeria","iso3cd":"NGA","adm1nm":"Akwa lbom","adm2nm":"Ibesikpo Asutan","adm1cd":"NGA003","adm2cd":"NGA003009"}},{"type":"Feature","id":37,"geometry":{"type":"Polygon","coordinates":[[[7.880370140000025,5.366795539999998],[7.877982615999997,5.367052077999972],[7.8761119839999765,5.368900775999975],[7.874369144000013,5.367439746999992],[7.869856834000018,5.363656043999981],[7.865859984999986,5.361892222999984],[7.862432002999981,5.360710143999995],[7.859003067000003,5.359528065000006],[7.855000973000017,5.358342171000004],[7.852707862999978,5.358323096999982],[7.8504090310000265,5.358880997000028],[7.84754800799999,5.358282088999999],[7.84468698500001,5.35768079799999],[7.841831206999984,5.356503963000023],[7.8401231770000095,5.355336189000013],[7.8378520009999875,5.3530092240000045],[7.835616112000025,5.347218989999988],[7.834486960999982,5.345479011999998],[7.8333568570000125,5.343738078999991],[7.831672191999985,5.34026193599999],[7.830554007999979,5.337367057999984],[7.829442024000002,5.333895206000022],[7.828318119000016,5.331576824000024],[7.826621056000022,5.329255104000026],[7.82549714999999,5.326938152000025],[7.823221207000017,5.325188159999982],[7.8203878400000235,5.321702002999984],[7.818129063000015,5.3182210919999875],[7.815869808000002,5.314740180999991],[7.815326213999981,5.311850070999981],[7.814201831999981,5.309532165999997],[7.811375140999985,5.305469035999977],[7.809111117999976,5.302565098000002],[7.80798721299999,5.300248146000001],[7.806869029999973,5.29735279099998],[7.807476996999981,5.293894767999973],[7.805801868000003,5.289264202000027],[7.80639886900002,5.286960125000007],[7.806994915000018,5.284657001000028],[7.80759716,5.281774998000003],[7.808772087000023,5.2788991929999725],[7.811077118000014,5.277763843999992],[7.8139500620000035,5.2772102359999735],[7.81681585299998,5.27723312400002],[7.819688797000026,5.276679038999987],[7.822560786999986,5.276124954000011],[7.825445175000027,5.274416923999979],[7.827762127000028,5.2721271510000065],[7.832387923999988,5.26812505700002],[7.834159850999981,5.262944220999998],[7.835908889999985,5.26007318500001],[7.837639808999995,5.258933066999987],[7.840536117999989,5.256070136999995],[7.842857837999986,5.253202914999974],[7.843460083000025,5.250321864999989],[7.844072819000019,5.246286869000016],[7.844097137000006,5.243978976999983],[7.844130993000022,5.240516185999979],[7.8453240389999905,5.2359089849999805],[7.845368861999987,5.231291770999974],[7.846568107999985,5.226108074000024],[7.8466081619999954,5.222067832999983],[7.846063136999987,5.2191781999999876],[7.84495687499998,5.215127945000006],[7.842698096999982,5.211647986999992],[7.839859009000008,5.208738804000006],[7.837605952999979,5.204679966000015],[7.835336208000001,5.202353001000006],[7.834218024999984,5.199459075999982],[7.835433006000017,5.192543030000024],[7.834895134000021,5.18907499300002],[7.834343909999973,5.186762810000005],[7.834946156000001,5.183882235999988],[7.8366889949999745,5.181587218999994],[7.839004993000003,5.179296969999996],[7.841320992000021,5.177008151999985],[7.843070984000008,5.174136162000025],[7.843677997999976,5.170678139000017],[7.84429693200002,5.166066170000022],[7.843195915000024,5.16143989599999],[7.842095852,5.156814097999984],[7.840989112999978,5.152764796999975],[7.839870930000018,5.149869919000025],[7.837628841000026,5.144658089000018],[7.834808826000028,5.140017985999975],[7.834258079999984,5.137704848999988],[7.834855080000011,5.135400772000025],[7.836592197000016,5.133684157999994],[7.8388972280000075,5.132547854999984],[7.841774939999993,5.131416797999975],[7.843529224000008,5.127967834000003],[7.844130993000022,5.125086784000018],[7.844153881000011,5.122778892999975],[7.843626975999996,5.118156909999982],[7.841947079000022,5.114103794000016],[7.840828896000005,5.11120891600001],[7.841436863000013,5.107750893000002],[7.843167782000023,5.106610774999979],[7.846064091000017,5.103747844999987],[7.848380088999988,5.101459025999986],[7.850689887999977,5.0997462270000256],[7.850730896000016,5.0957059859999845],[7.849606990999973,5.093389033999983],[7.847348212999975,5.0899081229999865],[7.844515800000011,5.086421013000006],[7.842830181000011,5.082944870000006],[7.842285156000003,5.0800552370000105],[7.842325211000002,5.076014996000026],[7.843501091000007,5.073139190999996],[7.845250130000011,5.0702681540000185],[7.849302769000019,5.066259860999992],[7.851058006000017,5.062810898000009],[7.851659774999973,5.059930801000007],[7.849405766000018,5.055871964000005],[7.848282814000015,5.053555012000004],[7.846580028999995,5.051809788000014],[7.843759060000025,5.047170161999986],[7.84323215500001,5.042548179999983],[7.848392009999998,5.042590141000005],[7.850690842000006,5.042030811000018],[7.852983951999988,5.042049884999983],[7.8569970130000115,5.0420818329999975],[7.8604488369999785,5.04095602000001],[7.863894938999977,5.040407180999978],[7.8673348429999805,5.040433883999981],[7.870195866000017,5.04103517499999],[7.874783039000022,5.041071891999991],[7.878149033,5.048602103999997],[7.8804020879999825,5.052659988000016],[7.882659912000008,5.056140900000003],[7.884920120000004,5.0596218109999995],[7.887177943999973,5.063104152999983],[7.8899989129999994,5.067742824999982],[7.8916912079999975,5.070642948],[7.893967152000016,5.072391987000003],[7.896811007999986,5.074724197000023],[7.900234221999995,5.076482773000009],[7.903078079000011,5.0788149829999725],[7.905358791000026,5.079988002999983],[7.908208847000026,5.081741809999983],[7.9116320609999775,5.083500861999994],[7.913334845999998,5.085246085999984],[7.914463996999984,5.0869870189999915],[7.915015220999976,5.089300155999979],[7.9161381719999895,5.09161806100002],[7.916114806999985,5.093925952999996],[7.915519238000002,5.096230030000015],[7.914350033000005,5.098528862000023],[7.9131741520000105,5.101405144000012],[7.9114251139999965,5.104277133999972],[7.919309139000006,5.118769169000018],[7.9249391559999935,5.129202842999973],[7.927192210999976,5.133261204000007],[7.9294509889999745,5.1367430689999765],[7.932282924999981,5.140227794999987],[7.936263084000018,5.14372301100002],[7.938527107000027,5.1466269489999945],[7.9413709639999865,5.148959160000004],[7.945895194999991,5.155344008999975],[7.952149867999992,5.160589217999984],[7.95555591599998,5.164079189000006],[7.960114002000012,5.1670022010000025],[7.9623842240000045,5.169329166000011],[7.96350812899999,5.171646118000012],[7.962912082999992,5.173950194999975],[7.96059608500002,5.176239967000015],[7.957687855000017,5.180255890000012],[7.955939769999986,5.183127879999972],[7.95531988099998,5.187739849000025],[7.954127788999983,5.192348003000006],[7.954667090999976,5.195815085999982],[7.955790997000008,5.198132992000012],[7.956336021000027,5.201023102000022],[7.957458972999973,5.203341007000006],[7.959156036000024,5.205663204000018],[7.9608531000000085,5.207984924000016],[7.969827651999992,5.220265387999973],[7.968719006000015,5.225718020999977],[7.9664101600000095,5.231453896000005],[7.961822987000005,5.236031055000012],[7.953822135999985,5.238293171000009],[7.948098183000013,5.241714000999991],[7.943515778000005,5.245141982999996],[7.940071106000005,5.249722958000007],[7.9377670289999855,5.2543110849999834],[7.936598778000018,5.260053158000005],[7.936083794000012,5.2625856399999975],[7.936199187999989,5.265501022000024],[7.935603141999991,5.267804146000003],[7.935574055000018,5.270689011000002],[7.93497180899999,5.2735710140000265],[7.933796883000014,5.276446819],[7.931457996000006,5.281044959999974],[7.929697036999983,5.285070895999979],[7.9262061119999885,5.290236950000008],[7.922725200999992,5.294249057999991],[7.919829844999981,5.297111034000011],[7.9163608549999935,5.299969196000006],[7.912880898000026,5.303979873999992],[7.909411906999992,5.306838035999988],[7.907106876,5.307973861999983],[7.904797077000012,5.309687138000015],[7.901913165999986,5.31139516799999],[7.900180816999978,5.312534808999999],[7.895571232000009,5.314805983999975],[7.892114161999984,5.316510201000028],[7.888668059999986,5.317059040000004],[7.885801791999995,5.317036152000014],[7.882356167000012,5.31758499099999],[7.879488944999991,5.317562103],[7.874897003000001,5.318101882999997],[7.872041224999975,5.3169250490000195],[7.8697590830000195,5.315752982999982],[7.867472172000021,5.315155983000011],[7.865183829999978,5.314560889999996],[7.862884998000027,5.315118789999985],[7.8600010870000006,5.316827773999989],[7.857689857000025,5.318541050000022],[7.857093811000027,5.320844173000012],[7.855924129000016,5.32314300500002],[7.854180813000028,5.325438023000004],[7.851292133000015,5.327723026000001],[7.849249840000027,5.329489707999983],[7.846664906000001,5.3317260740000165],[7.844354152999983,5.333437919999994],[7.842617034999989,5.335155964000023],[7.840874195000026,5.337450981000018],[7.841986179000003,5.340921879000007],[7.845976829999984,5.343263148999995],[7.848832130000005,5.3444399829999725],[7.8517050739999945,5.343885898999986],[7.856290817000001,5.343924045999984],[7.859164238000005,5.343369006999978],[7.862030983000011,5.343392848999997],[7.86547613099998,5.342844008999975],[7.868342875999986,5.342865943999982],[7.870654106000018,5.3411540989999935],[7.872963905000006,5.339440823000018],[7.875854015000016,5.337155818999975],[7.878726006000022,5.336602211000013],[7.88217210800002,5.336051940999994],[7.887338161000002,5.335516929999983],[7.8896369930000105,5.334959029999993],[7.893661975999976,5.3338370320000195],[7.896533965999993,5.333282947999976],[7.899390220999976,5.33445978200001],[7.901671885999974,5.335632800999974],[7.903935908999983,5.33853721600002],[7.9044809339999915,5.341426849000015],[7.903316974999996,5.343149185000016],[7.900422096,5.346012115000008],[7.896386146999987,5.348288059000026],[7.891764163999994,5.35171318099998],[7.888289928000006,5.355147838999983],[7.884815215999993,5.358582019999972],[7.88133478200001,5.362595080999995],[7.880370140000025,5.366795539999998]]]},"properties":{"fid":37,"cty_nm":"Nigeria","iso3cd":"NGA","adm1nm":"Akwa lbom","adm2nm":"Ibiono Ibom","adm1cd":"NGA003","adm2cd":"NGA003010"}},{"type":"Feature","id":38,"geometry":{"type":"Polygon","coordinates":[[[7.617847918999985,5.046498774999975],[7.616105080000011,5.0487928389999865],[7.610921860000019,5.051060199999995],[7.605739116999985,5.053327083999989],[7.601140976000011,5.054443836000019],[7.594828129000007,5.054969787999994],[7.5908088680000105,5.055513858999973],[7.585046767999984,5.058352947000003],[7.581016063999982,5.060051917999999],[7.5775589940000145,5.061756134000007],[7.574675082999988,5.063464165000028],[7.570639132999986,5.065740108],[7.567749022999976,5.068026066000016],[7.564858913000023,5.070311069000013],[7.561389922999979,5.073167801000011],[7.558495044999972,5.076031208000018],[7.556752205000009,5.0783247950000145],[7.555015087000015,5.080041885000014],[7.546906948000014,5.088057041000013],[7.545794963999981,5.084585189999984],[7.544672011999978,5.082266807999986],[7.542996883000001,5.077637196000012],[7.541884899000024,5.074164866999979],[7.5413351060000196,5.071852207000006],[7.5402159689999735,5.068956851999985],[7.537951946000021,5.066052914000011],[7.535682200999986,5.0637259480000125],[7.532269955000004,5.060812950000013],[7.529426097999988,5.058481216000018],[7.5259981159999825,5.057299136999973],[7.524289130999989,5.056130886000005],[7.520287037000003,5.054944992000003],[7.518901825,5.053178786999979],[7.525102139000012,5.05047130600002],[7.5341157909999765,5.048130989000015],[7.53415107699999,5.044668198000011],[7.533027172000004,5.042349815000023],[7.531323910000026,5.040605067999991],[7.5279130939999845,5.037692069999991],[7.525625229000013,5.037096976999976],[7.522722244000022,5.036539077999976],[7.52049970600001,5.036615372000028],[7.517972468999972,5.037302017000002],[7.515445709000005,5.038217545000009],[7.512274741999988,5.036597251999979],[7.509670258000028,5.0345087050000075],[7.511932849999994,5.030059814000026],[7.511973857999976,5.02602005],[7.5097260480000045,5.021385193000015],[7.508607863999998,5.018489837999994],[7.507490157999996,5.015594958999998],[7.5063657759999955,5.013278007999986],[7.504658221999989,5.012110232999987],[7.49190902700002,5.007781029],[7.49052476899999,5.0061788560000196],[7.489138603000015,5.003661632999979],[7.487752913999998,5.001602172999981],[7.485214233000022,4.9981694219999895],[7.483599663000007,4.996338367000021],[7.480381489000024,4.996567249000009],[7.477856158999998,4.997940540000002],[7.474635123999974,4.997253894999972],[7.471143245999997,4.995911121000006],[7.460275173000014,4.97769880300001],[7.461451054000008,4.974822997999979],[7.463192939999999,4.9725289340000245],[7.466083050000009,4.970242976999998],[7.469545841000013,4.967963219000012],[7.473587989999999,4.965109825000013],[7.477046013000006,4.963407039999993],[7.481081963000008,4.961130142000002],[7.483953953000025,4.960577010999998],[7.4862480159999905,4.960595130999991],[7.489113808000013,4.9606180189999804],[7.491418839000005,4.959482192999985],[7.492043971999976,4.95429277400001],[7.491506099999981,4.950826167999992],[7.491546153999991,4.946785927000008],[7.498964786999977,4.9452772139999865],[7.502461910000022,4.944565773000022],[7.505329131999986,4.944589138000026],[7.5081958769999915,4.944612026000016],[7.511063099000012,4.944634914000005],[7.513350010000011,4.945230960999993],[7.516204834000007,4.946407795000027],[7.520781039999974,4.947599888000013],[7.525343894999992,4.949944973000015],[7.529335021999998,4.952285766999978],[7.532185077999998,4.954041003999976],[7.536730766000005,4.958117007999988],[7.540143012999977,4.961030005999987],[7.542413235000026,4.9633569719999855],[7.54411601999999,4.965103149000015],[7.546942234000028,4.969164847999991],[7.549201012000026,4.972647189999975],[7.5508871079999835,4.976122856000018],[7.553140163000023,4.980181216999995],[7.555973053000002,4.983666896999978],[7.557651996999994,4.987720013000001],[7.559354782000014,4.989466189999973],[7.561051845999998,4.991787910000028],[7.562744140999996,4.994688033999978],[7.5655651089999765,4.999328135999974],[7.567262173000017,5.001649857000018],[7.569520950000026,5.005130768000015],[7.5723409650000235,5.009770870000011],[7.574605942000005,5.012674808999975],[7.57800579100001,5.016742228999988],[7.581411838999998,5.020233153999982],[7.584249972999999,5.023140907000027],[7.588813781999988,5.025486946000001],[7.59337186800002,5.028409004000025],[7.598508835000018,5.030758858000013],[7.601932049000027,5.032517910000024],[7.604207992999989,5.0342679020000105],[7.606483936000018,5.036017894999986],[7.611031055000012,5.0400948519999815],[7.617847918999985,5.046498774999975]]]},"properties":{"fid":38,"cty_nm":"Nigeria","iso3cd":"NGA","adm1nm":"Akwa lbom","adm2nm":"Ika","adm1cd":"NGA003","adm2cd":"NGA003011"}},{"type":"Feature","id":39,"geometry":{"type":"Polygon","coordinates":[[[7.805801868000003,5.289264202000027],[7.80007505399999,5.288640021999981],[7.795475959999976,5.289758204999998],[7.791450977000011,5.2908787729999744],[7.788561820999973,5.2931652070000155],[7.785099030000026,5.2954449650000015],[7.781623840000009,5.298880100000019],[7.779302120000011,5.301746845000025],[7.776974200999973,5.305191040000011],[7.775230884999985,5.3074860570000055],[7.771183013999973,5.310914992999983],[7.768288136000024,5.313777924000021],[7.766544818999989,5.316071986999987],[7.764228821000017,5.3183622359999845],[7.761344909999991,5.320071219999988],[7.757882117999998,5.322350979000021],[7.7544250490000195,5.324055195000028],[7.749825954000016,5.325171947000001],[7.746960162999983,5.325149059000012],[7.744099140000003,5.324547768000002],[7.7406578060000015,5.324521064999999],[7.736649989999989,5.32391118999999],[7.734356880000007,5.323893069999997],[7.73148488999999,5.324446201000001],[7.729190825999979,5.324428081999997],[7.72690391499998,5.3238320350000095],[7.721755028000018,5.322637080999982],[7.7188940049999815,5.322035788999983],[7.715470790999973,5.3202772139999865],[7.713194847000011,5.318527222],[7.710925101999976,5.316199779999977],[7.709228038999981,5.31387805899999],[7.707519053999988,5.312709808000022],[7.70581579200001,5.31096506099999],[7.703527926999982,5.310369014999992],[7.699525832999996,5.30918312099999],[7.697817801999975,5.308013915999993],[7.695524216000024,5.307995796],[7.692656994000004,5.3079719539999815],[7.689795971000024,5.307373046999999],[7.687514781999994,5.3062000269999885],[7.684659004000025,5.305021763000013],[7.681804179999972,5.303844928999979],[7.679695128999981,5.303296089000014],[7.678988934000017,5.298627853000028],[7.680170058999977,5.295175076000021],[7.681334019000019,5.293453216999978],[7.683656215999974,5.290585995000015],[7.685977935999972,5.287718772999995],[7.687726973999986,5.284846782999978],[7.68946409199998,5.283130169000003],[7.691774844999998,5.281416893000028],[7.695254803000012,5.277404784999987],[7.701624869999989,5.271108149999975],[7.703355789,5.269968032999998],[7.705104828000003,5.267096042999981],[7.707427978999988,5.264228821000017],[7.708597182999995,5.261929989000009],[7.709772110000017,5.259054183999979],[7.710936069000013,5.257330894000006],[7.711533069999973,5.255027771000016],[7.7127017970000225,5.252727984999979],[7.713889122000012,5.248698235000006],[7.715058804000023,5.2463989259999835],[7.715654850000021,5.244094849000021],[7.716825008000001,5.241796017000013],[7.717994212999997,5.239497185000005],[7.719748019999997,5.236049175000005],[7.720918179000023,5.2337489129999994],[7.722661017999997,5.231454848999988],[7.72439909000002,5.229736805000016],[7.727287768999986,5.227451800999972],[7.7307691569999974,5.2234401700000035],[7.733073235000006,5.222303866999994],[7.735377788999983,5.221168995000028],[7.737689018000026,5.21945619600001],[7.739987849999977,5.218896866000023],[7.741718768999988,5.217757225000014],[7.7440237999999795,5.2166218759999765],[7.746341228000006,5.214332103999993],[7.748077868999985,5.212615013000004],[7.74982118600002,5.21031999600001],[7.751564025999983,5.208024979000015],[7.752165794000007,5.2051439289999735],[7.752768039999978,5.202263832000028],[7.7522168159999865,5.199951171999999],[7.751677990000019,5.196484089000023],[7.750561236999999,5.193589211000017],[7.750010013999997,5.191276072999983],[7.748323916999993,5.187798977],[7.74608278300002,5.1825871469999925],[7.746117115000004,5.179123877999984],[7.746718884000018,5.1762428279999995],[7.746741772000007,5.173934937000013],[7.747918129000027,5.171059131999982],[7.749666214000001,5.168187140999976],[7.751431942000011,5.163584232000005],[7.754333019000001,5.160144806000005],[7.758409976999985,5.153829098000017],[7.764188766000018,5.149259089999987],[7.768219948000024,5.14756011999998],[7.770524979000015,5.146423817000027],[7.773396968999975,5.145870209000009],[7.7762699130000215,5.145316123999976],[7.780282973999988,5.145349026000019],[7.783143997000025,5.1459488869999745],[7.788310050999996,5.145412921999991],[7.792324065999992,5.145445823999978],[7.796922207000023,5.144329071000016],[7.800367832000006,5.143778800999996],[7.801537037000003,5.141479968999988],[7.79758119600001,5.135676860999979],[7.796463012999993,5.132781981999983],[7.793631076999986,5.129295825999975],[7.790803908999976,5.125234126999999],[7.7874097819999974,5.120588779000002],[7.7902941699999815,5.118881225999985],[7.79259300199999,5.118321895999998],[7.795464992999996,5.1177678110000215],[7.79891681700002,5.116641997999977],[7.802362919000018,5.116093159000002],[7.805230140999981,5.116116046999991],[7.8075289729999895,5.115557194000019],[7.81040716199999,5.11442613600002],[7.81216096899999,5.11097812700001],[7.8127579690000175,5.108674049000001],[7.811634063999975,5.106356144000017],[7.810515881000015,5.103460788999996],[7.813394070000015,5.102330208000012],[7.815124989000026,5.101190089999989],[7.817436218000012,5.099476814000013],[7.8203368189999765,5.096037865000028],[7.820933819000004,5.093733788000009],[7.821529865000002,5.0914301870000145],[7.8221321109999735,5.088550091000002],[7.82215499900002,5.086240767999982],[7.822177887000009,5.083931923000023],[7.82220602000001,5.081047058000024],[7.821656227000005,5.07873392099998],[7.8211121560000265,5.075843811000027],[7.820572852999987,5.072377205000009],[7.82002210600001,5.070064068000022],[7.820044994,5.067755222000017],[7.820641994000027,5.0654520990000265],[7.821238041000015,5.063148022000007],[7.822406768999997,5.060849189999999],[7.8230037690000245,5.05854511299998],[7.824172974000021,5.056245804000014],[7.825336933000017,5.054523945000028],[7.82707977299998,5.052228927999977],[7.82824420899999,5.050507068999991],[7.829980850000027,5.048789978000002],[7.831713200000024,5.047648906999996],[7.8340182300000265,5.046514033999983],[7.8386330600000065,5.043664932000013],[7.84323215500001,5.042548179999983],[7.843759060000025,5.047170161999986],[7.846580028999995,5.051809788000014],[7.848282814000015,5.053555012000004],[7.849405766000018,5.055871964000005],[7.851659774999973,5.059930801000007],[7.851058006000017,5.062810898000009],[7.849302769000019,5.066259860999992],[7.845250130000011,5.0702681540000185],[7.843501091000007,5.073139190999996],[7.842325211000002,5.076014996000026],[7.842285156000003,5.0800552370000105],[7.842830181000011,5.082944870000006],[7.844515800000011,5.086421013000006],[7.847348212999975,5.0899081229999865],[7.849606990999973,5.093389033999983],[7.850730896000016,5.0957059859999845],[7.850689887999977,5.0997462270000256],[7.848380088999988,5.101459025999986],[7.846064091000017,5.103747844999987],[7.843167782000023,5.106610774999979],[7.841436863000013,5.107750893000002],[7.840828896000005,5.11120891600001],[7.841947079000022,5.114103794000016],[7.843626975999996,5.118156909999982],[7.844153881000011,5.122778892999975],[7.844130993000022,5.125086784000018],[7.843529224000008,5.127967834000003],[7.841774939999993,5.131416797999975],[7.8388972280000075,5.132547854999984],[7.836592197000016,5.133684157999994],[7.834855080000011,5.135400772000025],[7.834258079999984,5.137704848999988],[7.834808826000028,5.140017985999975],[7.837628841000026,5.144658089000018],[7.839870930000018,5.149869919000025],[7.840989112999978,5.152764796999975],[7.842095852,5.156814097999984],[7.843195915000024,5.16143989599999],[7.84429693200002,5.166066170000022],[7.843677997999976,5.170678139000017],[7.843070984000008,5.174136162000025],[7.841320992000021,5.177008151999985],[7.839004993000003,5.179296969999996],[7.8366889949999745,5.181587218999994],[7.834946156000001,5.183882235999988],[7.834343909999973,5.186762810000005],[7.834895134000021,5.18907499300002],[7.835433006000017,5.192543030000024],[7.834218024999984,5.199459075999982],[7.835336208000001,5.202353001000006],[7.837605952999979,5.204679966000015],[7.839859009000008,5.208738804000006],[7.842698096999982,5.211647986999992],[7.84495687499998,5.215127945000006],[7.846063136999987,5.2191781999999876],[7.8466081619999954,5.222067832999983],[7.846568107999985,5.226108074000024],[7.845368861999987,5.231291770999974],[7.8453240389999905,5.2359089849999805],[7.844130993000022,5.240516185999979],[7.844097137000006,5.243978976999983],[7.844072819000019,5.246286869000016],[7.843460083000025,5.250321864999989],[7.842857837999986,5.253202914999974],[7.840536117999989,5.256070136999995],[7.837639808999995,5.258933066999987],[7.835908889999985,5.26007318500001],[7.834159850999981,5.262944220999998],[7.832387923999988,5.26812505700002],[7.827762127000028,5.2721271510000065],[7.825445175000027,5.274416923999979],[7.822560786999986,5.276124954000011],[7.819688797000026,5.276679038999987],[7.81681585299998,5.27723312400002],[7.8139500620000035,5.2772102359999735],[7.811077118000014,5.277763843999992],[7.808772087000023,5.2788991929999725],[7.80759716,5.281774998000003],[7.806994915000018,5.284657001000028],[7.80639886900002,5.286960125000007],[7.805801868000003,5.289264202000027]]]},"properties":{"fid":39,"cty_nm":"Nigeria","iso3cd":"NGA","adm1nm":"Akwa lbom","adm2nm":"Ikono","adm1cd":"NGA003","adm2cd":"NGA003012"}},{"type":"Feature","id":40,"geometry":{"type":"Polygon","coordinates":[[[7.688864231000025,4.7088661189999925],[7.686564922000002,4.709424018999982],[7.683699131000026,4.709401130999993],[7.680326938999997,4.70244789100002],[7.679214953999974,4.698976039999991],[7.676956177000022,4.695495128999994],[7.674685001,4.693168162999996],[7.672987938000006,4.690845013000001],[7.6707057950000035,4.68967294700002],[7.669003009999983,4.6879281999999876],[7.666160106999996,4.685595988999978],[7.663877963999994,4.684422970000014],[7.659893036000028,4.681506157000001],[7.655897141000025,4.679741858999989],[7.653036117999989,4.679141997999977],[7.650743008000006,4.6791229250000015],[7.647881985000026,4.6785230639999895],[7.64500904099998,4.679077147999976],[7.64213705100002,4.679631233000009],[7.639264106999974,4.680183886999998],[7.636392117000014,4.680737971999974],[7.634098053000002,4.6807198519999815],[7.631799220999994,4.681279182000026],[7.629499912000028,4.6818370820000155],[7.6295289990000015,4.678952217000017],[7.629557132999992,4.676065922000021],[7.630733012999997,4.67319011699999],[7.631914139000003,4.669735908999996],[7.631369113999995,4.666845797999997],[7.626781940000001,4.666810036000015],[7.622756958000025,4.667931080000017],[7.61929988899999,4.669634819000009],[7.616415976999974,4.671342849999974],[7.613543987000014,4.671896935000007],[7.610671043000025,4.672451018999993],[7.608384132000026,4.671854972999995],[7.605527877999975,4.670678139000017],[7.602099894999981,4.669496058999982],[7.599812030999999,4.668900012999984],[7.595253943999978,4.6659770009999875],[7.5929660799999965,4.665381907999972],[7.5912580489999755,4.664214134000019],[7.589549065000028,4.663045882999995],[7.587262153999973,4.662449836999997],[7.5832538600000134,4.661839961999988],[7.580387115000008,4.661818026999981],[7.577515124999991,4.662371158999974],[7.5746421810000015,4.662924766999993],[7.572342873000025,4.66348409699998],[7.569465159999993,4.664615153999989],[7.566008091000015,4.666317939999999],[7.563720225999987,4.665722846999984],[7.560853004000023,4.665699005000022],[7.559144020000019,4.664531231000012],[7.556868076000001,4.662782192000009],[7.555160046000026,4.661612988000002],[7.553451060999976,4.660445213000003],[7.549431801000026,4.660990238000011],[7.547688961000006,4.66328477899998],[7.545935154000006,4.66673278799999],[7.544764996000026,4.669033050999985],[7.544167995000009,4.6713361739999755],[7.543004989999986,4.673058033000018],[7.541244984000002,4.677083969000023],[7.538910865999981,4.6811051369999745],[7.536015986999985,4.683968067000023],[7.53369283699999,4.686833858],[7.529900304000023,4.690584892999993],[7.523745979000012,4.683719100000019],[7.522552463000011,4.670925037000018],[7.525882899999999,4.663655941999991],[7.5279787100000135,4.650763763999976],[7.52253136500002,4.6307669209999744],[7.531099707999999,4.617341870000018],[7.531873189999999,4.604107114999977],[7.5466758730000265,4.5851800699999785],[7.544853347000014,4.569105734999994],[7.535243658000013,4.556828089000021],[7.527673825000022,4.549969406999992],[7.5355548850000105,4.541110991999972],[7.538887977999991,4.538887977999991],[7.542627372000027,4.533556526999973],[7.551956114999996,4.52025605],[7.561236012999984,4.513831504999985],[7.562012897999978,4.513882172000024],[7.572181532999991,4.514545343000009],[7.573412442999995,4.514124286000026],[7.576563061999991,4.513046556000006],[7.5779252049999855,4.513279437999984],[7.582377434000023,4.512855530000024],[7.583649634999972,4.517519473999982],[7.586975097999982,4.518160819999991],[7.589797497000006,4.519427775999986],[7.593401909000022,4.519215583999994],[7.597005844000023,4.514975547999995],[7.600191116000019,4.5153827670000055],[7.6037902830000235,4.514975547999995],[7.605698586000017,4.5117955210000105],[7.607394694999982,4.507979393000028],[7.60866642000002,4.506283283000016],[7.61587476699998,4.506283283000016],[7.617396354999983,4.511308670000005],[7.620750903999976,4.509039401999985],[7.623761177000006,4.509223937999991],[7.626687527000001,4.511583327999972],[7.627155780999999,4.513868808999973],[7.621387004999974,4.513915538999981],[7.623083114999986,4.517307758000015],[7.620223999000018,4.519007206000026],[7.6139669419999905,4.519003868000027],[7.6127409929999885,4.52183198900002],[7.610436916000026,4.522967815000015],[7.60756397199998,4.5235218999999915],[7.605833054000016,4.524662018000015],[7.609239101000014,4.528152943000009],[7.612660885000025,4.52991199500002],[7.616089821000003,4.531094074000009],[7.618371964000005,4.532267094000019],[7.621215819999975,4.534597873999985],[7.622344971000018,4.536338806000003],[7.624053955000022,4.5375070570000275],[7.63037204699998,4.536404133000019],[7.633244991000026,4.535850047999986],[7.63497590999998,4.53470897699998],[7.637275219000003,4.53415107699999],[7.63957977299998,4.53301477399998],[7.641879082000003,4.5324559210000075],[7.645325184000001,4.531907081999975],[7.647613048999972,4.5325031279999735],[7.650485038999989,4.531949042999997],[7.6544809339999915,4.533712863999995],[7.65675687800001,4.535461902999998],[7.6587004660000275,4.538932799999998],[7.663152695000008,4.540628432999995],[7.665299892000007,4.541303158000005],[7.667003154999975,4.54304790499998],[7.669291019000013,4.543643950999979],[7.672269343999972,4.547625064999977],[7.677569388999984,4.549957274999997],[7.680156231000012,4.546617985000012],[7.682487965000007,4.5463762279999855],[7.685321808000026,4.546082019999972],[7.689301014000023,4.549577236000005],[7.692150115999993,4.551331996999977],[7.695572852999987,4.553091048999988],[7.698978900999975,4.55658102000001],[7.701261043999978,4.55775404000002],[7.702969074000009,4.558921813999973],[7.705823898000006,4.560099125000022],[7.7086849209999855,4.560698985999977],[7.711534976999985,4.562454224000021],[7.714373111999976,4.565361977000009],[7.716643809999994,4.567688942000018],[7.718340873999978,4.5700120930000026],[7.720037936999972,4.572333813],[7.721745967999993,4.573502064000024],[7.725726128000019,4.576996802999986],[7.726275921000024,4.579309939999973],[7.72739982600001,4.5816278460000035],[7.729074001000015,4.586257934999992],[7.7307648660000154,4.5891580580000095],[7.7324571610000135,4.592057227999987],[7.734148026000014,4.59495687499998],[7.735838890000025,4.5978560450000145],[7.739251136999997,4.600769996999986],[7.740924834999987,4.605400084999985],[7.74203681900002,4.6088719370000035],[7.743148803999986,4.612343787999976],[7.743693828999994,4.615233897999985],[7.744226932999993,4.619277953999983],[7.744193076999977,4.622741222000002],[7.744163990000004,4.6256260870000006],[7.7429771419999724,4.629656791999992],[7.741246223000019,4.630796909000026],[7.738368034000018,4.631927967000024],[7.736051083000007,4.634218216000022],[7.734313965000013,4.6359348299999965],[7.730851173000019,4.638216019000026],[7.728546143000017,4.639350890999992],[7.725667953000027,4.640481948999991],[7.723362923000025,4.641617774999986],[7.721057891999976,4.642754077999996],[7.7187528609999845,4.643888950000019],[7.716454028999976,4.644447802999991],[7.708405018000008,4.646691798999996],[7.7043399809999755,4.6518530850000275],[7.706597805000001,4.655333996000024],[7.709435939999992,4.65824317900001],[7.711700915999984,4.661147117999974],[7.713387011999998,4.6646227840000165],[7.715072154999973,4.66809988],[7.715606213000001,4.672143935999998],[7.716149807000022,4.67503499999998],[7.716694831999973,4.67792510999999],[7.716671943999984,4.680233002000023],[7.717222214000003,4.68254613900001],[7.717198848999999,4.684854984000026],[7.717743874000007,4.687745093999979],[7.717720985000028,4.690052986000012],[7.717675208999992,4.694670200000019],[7.717640877000008,4.698132037999983],[7.716471194999997,4.700430869999991],[7.714142799000001,4.703876019000006],[7.712406158000022,4.705593109000006],[7.708381175999989,4.7067151069999795],[7.705509185999972,4.7072691920000125],[7.70320415499998,4.7084040639999785],[7.700911044999998,4.708384991000003],[7.698043822999978,4.708363055999996],[7.694602965999991,4.708333969000023],[7.691737175000014,4.708312035000006],[7.688864231000025,4.7088661189999925]]]},"properties":{"fid":40,"cty_nm":"Nigeria","iso3cd":"NGA","adm1nm":"Akwa lbom","adm2nm":"Ikot Abasi","adm1cd":"NGA003","adm2cd":"NGA003013"}},{"type":"Feature","id":41,"geometry":{"type":"Polygon","coordinates":[[[7.764188766000018,5.149259089999987],[7.758409976999985,5.153829098000017],[7.754333019000001,5.160144806000005],[7.751431942000011,5.163584232000005],[7.749666214000001,5.168187140999976],[7.747918129000027,5.171059131999982],[7.746741772000007,5.173934937000013],[7.746718884000018,5.1762428279999995],[7.746117115000004,5.179123877999984],[7.74608278300002,5.1825871469999925],[7.748323916999993,5.187798977],[7.750010013999997,5.191276072999983],[7.750561236999999,5.193589211000017],[7.751677990000019,5.196484089000023],[7.7522168159999865,5.199951171999999],[7.752768039999978,5.202263832000028],[7.752165794000007,5.2051439289999735],[7.751564025999983,5.208024979000015],[7.74982118600002,5.21031999600001],[7.748077868999985,5.212615013000004],[7.746341228000006,5.214332103999993],[7.7440237999999795,5.2166218759999765],[7.741718768999988,5.217757225000014],[7.739987849999977,5.218896866000023],[7.737689018000026,5.21945619600001],[7.735377788999983,5.221168995000028],[7.733073235000006,5.222303866999994],[7.7307691569999974,5.2234401700000035],[7.727287768999986,5.227451800999972],[7.72439909000002,5.229736805000016],[7.722661017999997,5.231454848999988],[7.720918179000023,5.2337489129999994],[7.719748019999997,5.236049175000005],[7.717994212999997,5.239497185000005],[7.716825008000001,5.241796017000013],[7.715654850000021,5.244094849000021],[7.715058804000023,5.2463989259999835],[7.713889122000012,5.248698235000006],[7.7127017970000225,5.252727984999979],[7.711533069999973,5.255027771000016],[7.710936069000013,5.257330894000006],[7.709772110000017,5.259054183999979],[7.708597182999995,5.261929989000009],[7.707427978999988,5.264228821000017],[7.705104828000003,5.267096042999981],[7.703355789,5.269968032999998],[7.701624869999989,5.271108149999975],[7.697639942000023,5.268189907000021],[7.694222926999998,5.265852928000015],[7.691384792000008,5.262945175000027],[7.689115046999973,5.260618210000018],[7.685702800999991,5.257705212000019],[7.684006214000021,5.255383015000007],[7.682298183,5.25421381000001],[7.680589198999996,5.253046988999984],[7.677732944000013,5.251869202000023],[7.6748728750000055,5.2512688639999965],[7.670870781000019,5.250082016000022],[7.6680040360000135,5.250059127999975],[7.665136813999993,5.250035763000028],[7.662837981999985,5.250595093000015],[7.661128997999981,5.249425888000019],[7.659999846999995,5.2476849560000005],[7.659461021000027,5.244217873000025],[7.659490108,5.241333008000026],[7.659523964000016,5.237870215999976],[7.658974171000011,5.235558033000018],[7.658997059000001,5.233249187000013],[7.659025192000001,5.2303628920000165],[7.659622191999972,5.228059769000026],[7.660217762000002,5.225756167999975],[7.660837173000004,5.22114419899998],[7.660860061999983,5.218834877000006],[7.66089391700001,5.215373038999985],[7.659248828999978,5.207857132000015],[7.659288882999988,5.203816890999974],[7.65874385799998,5.200926781000021],[7.657627106000007,5.198031902000025],[7.657082080999999,5.195141792000015],[7.655958176000013,5.1928238869999745],[7.65484619099999,5.189352988999985],[7.65372180899999,5.1870350840000015],[7.652593136000007,5.185294150999994],[7.650907039999993,5.181818007999993],[7.652070998999989,5.180096149000008],[7.652667045999976,5.177792071999988],[7.653285980000021,5.173180102999993],[7.653332233000015,5.168562888999986],[7.654512882000006,5.16511011099999],[7.65625,5.163392067000018],[7.657981872999983,5.1622519489999945],[7.661450863000027,5.159393786999999],[7.664914130999989,5.157114029000013],[7.667791842999975,5.155982017999975],[7.670676231000016,5.1542739870000105],[7.674132824000026,5.152571201000001],[7.6781578060000015,5.151449203000027],[7.681025028000022,5.151473044999989],[7.685050010999987,5.1503510480000045],[7.690777778999973,5.150973797000006],[7.698236941999994,5.150456904999999],[7.701108932000011,5.149902821000012],[7.705133914999976,5.148780822999981],[7.708006859000022,5.148228168000003],[7.711463928000001,5.1465239519999955],[7.714927197000009,5.144242764000012],[7.718383788999972,5.142539978000002],[7.720701217999988,5.140250206000019],[7.723011016999976,5.138536929999987],[7.725906849000012,5.1356749529999774],[7.728796004999992,5.13338994999998],[7.731675148000022,5.132257938000009],[7.735704898999984,5.1305599209999855],[7.738565922000021,5.1311597819999974],[7.742579937000016,5.131193160999999],[7.745451926999976,5.130639076000023],[7.748887061999994,5.131243229000006],[7.751163006000013,5.1329932209999924],[7.7540121079999835,5.134747982000022],[7.755714893000004,5.1364932060000115],[7.759120940999992,5.139983176999976],[7.761948109000002,5.144045829999982],[7.764188766000018,5.149259089999987]]]},"properties":{"fid":41,"cty_nm":"Nigeria","iso3cd":"NGA","adm1nm":"Akwa lbom","adm2nm":"Ikot Ekpene","adm1cd":"NGA003","adm2cd":"NGA003014"}},{"type":"Feature","id":42,"geometry":{"type":"Polygon","coordinates":[[[7.8761119839999765,5.368900775999975],[7.883984089000023,5.384547234000024],[7.876439095000023,5.393721104000008],[7.872947216,5.39888715699999],[7.871191978000013,5.402336121000019],[7.868268012999977,5.40808296199998],[7.867660999000009,5.411540984999988],[7.866485119000004,5.414418221000005],[7.865297794000014,5.418447970999978],[7.863561152999978,5.420166015999996],[7.861256122999976,5.421300888000019],[7.858384132000026,5.421854972999995],[7.85608387000002,5.422412871999995],[7.853218078999987,5.422389984000006],[7.8503508570000236,5.422367096000016],[7.838315964000003,5.421692848000021],[7.821098803999973,5.423285007000004],[7.80901193599999,5.427803992999998],[7.7986059190000105,5.436378002000026],[7.792839049999998,5.4397940640000115],[7.7887787820000085,5.444377899000017],[7.787598133000017,5.447832108],[7.786410809000017,5.4518618579999725],[7.784661770000014,5.454733848999979],[7.784060001,5.457613944999991],[7.7828621859999885,5.462799071999996],[7.781095982000011,5.467401981000023],[7.779921054999988,5.470277785999997],[7.778172015999985,5.473149776000014],[7.775856018000013,5.475440025000012],[7.774117946999979,5.477157116000001],[7.768929005000018,5.480000973000017],[7.7654609680000135,5.482859135000012],[7.7631330489999755,5.486302852999984],[7.761395930999981,5.488019942999983],[7.760225773000002,5.4903187749999915],[7.759630202999972,5.492622852000011],[7.760157107999987,5.497243880999974],[7.759550095000009,5.500701903999982],[7.760077000000024,5.5053238869999745],[7.758902073000002,5.50820016900002],[7.757159232999982,5.510495186000014],[7.754848003000006,5.512207984999975],[7.751385212000002,5.514488219999976],[7.748500824000018,5.516195773999982],[7.745627879999972,5.516749859000015],[7.742755890000012,5.517303943999991],[7.734149933000026,5.517811774999984],[7.729568958000016,5.517197131999978],[7.726707934999979,5.516596794000009],[7.723285197999985,5.514838219000012],[7.7192888260000245,5.513073921],[7.7170009609999966,5.512478827999985],[7.713566780000008,5.511874198999976],[7.710693836000019,5.512427806999995],[7.711226940000017,5.5164718629999925],[7.710626124999976,5.519352912999977],[7.707765101999996,5.518753052000022],[7.704908848000002,5.517574787000001],[7.70194101300001,5.517550944999982],[7.695939064000015,5.518277645000012],[7.694026946999998,5.516333103000022],[7.692903995999984,5.514016151000021],[7.691780090000009,5.511697769000023],[7.691235065000001,5.508808136000027],[7.690116881999984,5.505912781000006],[7.691304206999973,5.501883029999988],[7.693047046999993,5.499588012999993],[7.694784163999998,5.497869967999975],[7.6976737979999825,5.495584964999978],[7.699989796000011,5.4932951929999945],[7.702318192000007,5.4898509980000085],[7.704071999000007,5.486402988000009],[7.704679966000015,5.4829449650000015],[7.704714775000014,5.4794821739999975],[7.703614234999975,5.474855900000023],[7.703653812000027,5.470816135000007],[7.703114986000003,5.467349051999975],[7.703144072999976,5.464464188000022],[7.703166007999982,5.462154865000002],[7.703195095000012,5.459270000000004],[7.702679156999977,5.453494072000012],[7.701567173000001,5.450022220999983],[7.701015949000009,5.447709083999996],[7.699899196999979,5.4448151589999725],[7.699938773999975,5.440774917999988],[7.700534821000019,5.4384708399999795],[7.700563907999992,5.435585021999998],[7.700029850000021,5.431540966],[7.697731018000013,5.432099818999973],[7.6954150199999845,5.434390068000027],[7.693109988999993,5.435524939999993],[7.691372870999999,5.437242985000012],[7.6890740389999905,5.437800884000012],[7.6856279369999925,5.4383511539999745],[7.6821761130000255,5.439476967000019],[7.678156853000019,5.440021992000027],[7.675851822000027,5.441156863999993],[7.674120903000016,5.442296982000016],[7.671810149999999,5.444009780999977],[7.669498920000024,5.445723057000009],[7.667761803000019,5.447441100999981],[7.663176060000012,5.447402953999983],[7.660308837999992,5.447381020000023],[7.656886100999998,5.4456210139999826],[7.655248164999989,5.444222926999998],[7.653473854000026,5.442708014999994],[7.651240825999992,5.440418720000025],[7.648932934000015,5.438054084999976],[7.646656989999997,5.436304092],[7.64266681700002,5.433962822000012],[7.64096403100001,5.43221902800002],[7.639260768999975,5.43047285099999],[7.638136863999989,5.428154945000017],[7.636445998999989,5.425255774999982],[7.634766102000015,5.421203135999974],[7.634215831999995,5.418889998999987],[7.634262084999989,5.41427278499998],[7.634284019000006,5.411963940000021],[7.633746147000011,5.408496856999989],[7.633201122000003,5.4056072239999935],[7.632089138000026,5.402134895000017],[7.631544113000018,5.399244785000008],[7.630993842999999,5.396932124999978],[7.629869938000013,5.394614219999994],[7.628752232000011,5.391718863999984],[7.627623081000024,5.389978885999994],[7.626492976999998,5.388237952999987],[7.625362872999972,5.386497021000025],[7.624234199999989,5.38475704199999],[7.623682975999998,5.382443905000002],[7.624279976000025,5.380139827999983],[7.626017094000019,5.378423214000009],[7.6283159260000275,5.377863884000021],[7.6311831470000016,5.377888202999998],[7.633471011999973,5.3784828189999985],[7.636894225999981,5.38024187100001],[7.639742850999994,5.381997108000007],[7.643722056999991,5.385491848000015],[7.646565914000007,5.387823104999995],[7.648273945000028,5.388990879000005],[7.652270794000003,5.390755177000017],[7.655119895999974,5.392508984000017],[7.657408237000027,5.3931059839999875],[7.659700870999984,5.39312410399998],[7.662568092000015,5.393146992000027],[7.665441036000004,5.392592906999994],[7.668323993999991,5.390884875999973],[7.671203135999974,5.3897538190000205],[7.675232886999993,5.388054848000024],[7.676970004999987,5.386338233999993],[7.677584170999978,5.38230323800002],[7.6776070590000245,5.379993915999989],[7.677055836000022,5.377680779000002],[7.676528931000007,5.373060226000007],[7.675990104999983,5.369593142999975],[7.673742770999979,5.364956855999992],[7.672625064999977,5.362061976999996],[7.670938969000019,5.358585834999985],[7.6698207860000025,5.3556909559999895],[7.668140887999982,5.351636886999984],[7.6675910949999775,5.349325179999994],[7.6664729120000175,5.346429824999973],[7.665349006999975,5.3441119189999995],[7.663646221000022,5.342367172000024],[7.662517071000025,5.340625762999991],[7.6608080859999745,5.339457988999982],[7.658548832000008,5.3359770769999955],[7.679695128999981,5.303296089000014],[7.681804179999972,5.303844928999979],[7.684659004000025,5.305021763000013],[7.687514781999994,5.3062000269999885],[7.689795971000024,5.307373046999999],[7.692656994000004,5.3079719539999815],[7.695524216000024,5.307995796],[7.697817801999975,5.308013915999993],[7.699525832999996,5.30918312099999],[7.703527926999982,5.310369014999992],[7.70581579200001,5.31096506099999],[7.707519053999988,5.312709808000022],[7.709228038999981,5.31387805899999],[7.710925101999976,5.316199779999977],[7.713194847000011,5.318527222],[7.715470790999973,5.3202772139999865],[7.7188940049999815,5.322035788999983],[7.721755028000018,5.322637080999982],[7.72690391499998,5.3238320350000095],[7.729190825999979,5.324428081999997],[7.73148488999999,5.324446201000001],[7.734356880000007,5.323893069999997],[7.736649989999989,5.32391118999999],[7.7406578060000015,5.324521064999999],[7.744099140000003,5.324547768000002],[7.746960162999983,5.325149059000012],[7.749825954000016,5.325171947000001],[7.7544250490000195,5.324055195000028],[7.757882117999998,5.322350979000021],[7.761344909999991,5.320071219999988],[7.764228821000017,5.3183622359999845],[7.766544818999989,5.316071986999987],[7.768288136000024,5.313777924000021],[7.771183013999973,5.310914992999983],[7.775230884999985,5.3074860570000055],[7.776974200999973,5.305191040000011],[7.779302120000011,5.301746845000025],[7.781623840000009,5.298880100000019],[7.785099030000026,5.2954449650000015],[7.788561820999973,5.2931652070000155],[7.791450977000011,5.2908787729999744],[7.795475959999976,5.289758204999998],[7.80007505399999,5.288640021999981],[7.805801868000003,5.289264202000027],[7.807476996999981,5.293894767999973],[7.806869029999973,5.29735279099998],[7.80798721299999,5.300248146000001],[7.809111117999976,5.302565098000002],[7.811375140999985,5.305469035999977],[7.814201831999981,5.309532165999997],[7.815326213999981,5.311850070999981],[7.815869808000002,5.314740180999991],[7.818129063000015,5.3182210919999875],[7.8203878400000235,5.321702002999984],[7.823221207000017,5.325188159999982],[7.82549714999999,5.326938152000025],[7.826621056000022,5.329255104000026],[7.828318119000016,5.331576824000024],[7.829442024000002,5.333895206000022],[7.830554007999979,5.337367057999984],[7.831672191999985,5.34026193599999],[7.8333568570000125,5.343738078999991],[7.834486960999982,5.345479011999998],[7.835616112000025,5.347218989999988],[7.8378520009999875,5.3530092240000045],[7.8401231770000095,5.355336189000013],[7.841831206999984,5.356503963000023],[7.84468698500001,5.35768079799999],[7.84754800799999,5.358282088999999],[7.8504090310000265,5.358880997000028],[7.852707862999978,5.358323096999982],[7.855000973000017,5.358342171000004],[7.859003067000003,5.359528065000006],[7.862432002999981,5.360710143999995],[7.865859984999986,5.361892222999984],[7.869856834000018,5.363656043999981],[7.874369144000013,5.367439746999992],[7.8761119839999765,5.368900775999975]]]},"properties":{"fid":42,"cty_nm":"Nigeria","iso3cd":"NGA","adm1nm":"Akwa lbom","adm2nm":"Ini","adm1cd":"NGA003","adm2cd":"NGA003015"}},{"type":"Feature","id":43,"geometry":{"type":"Polygon","coordinates":[[[8.069683075,5.135974884000007],[8.06486606599998,5.145171165000022],[8.063014984000006,5.158124923999992],[8.064235687000007,5.1668667789999745],[8.06579112999998,5.172466755000016],[8.06671619399998,5.181719303000023],[8.065328598000008,5.198836803000006],[8.061627387999977,5.206239223000011],[8.055150031999972,5.217342377000023],[8.034794807000026,5.243249892999984],[8.02646732300002,5.247876167000015],[8.016752242999985,5.246951103000015],[8.009812355000008,5.23816108699998],[8.006573677000006,5.225669860999972],[8.003334999000003,5.219192981999981],[7.992694855000025,5.206701755999973],[7.984367371000019,5.205776215000014],[7.976094246000002,5.2082943920000275],[7.973348140999974,5.211946011000009],[7.969827651999992,5.220265387999973],[7.9608531000000085,5.207984924000016],[7.959156036000024,5.205663204000018],[7.957458972999973,5.203341007000006],[7.956336021000027,5.201023102000022],[7.955790997000008,5.198132992000012],[7.954667090999976,5.195815085999982],[7.954127788999983,5.192348003000006],[7.95531988099998,5.187739849000025],[7.955939769999986,5.183127879999972],[7.957687855000017,5.180255890000012],[7.96059608500002,5.176239967000015],[7.962912082999992,5.173950194999975],[7.96350812899999,5.171646118000012],[7.9623842240000045,5.169329166000011],[7.960114002000012,5.1670022010000025],[7.95555591599998,5.164079189000006],[7.952149867999992,5.160589217999984],[7.945895194999991,5.155344008999975],[7.9413709639999865,5.148959160000004],[7.938527107000027,5.1466269489999945],[7.936263084000018,5.14372301100002],[7.932282924999981,5.140227794999987],[7.9294509889999745,5.1367430689999765],[7.927192210999976,5.133261204000007],[7.9249391559999935,5.129202842999973],[7.919309139000006,5.118769169000018],[7.9114251139999965,5.104277133999972],[7.9131741520000105,5.101405144000012],[7.914350033000005,5.098528862000023],[7.915519238000002,5.096230030000015],[7.916114806999985,5.093925952999996],[7.9161381719999895,5.09161806100002],[7.915015220999976,5.089300155999979],[7.914463996999984,5.0869870189999915],[7.913334845999998,5.085246085999984],[7.9116320609999775,5.083500861999994],[7.908208847000026,5.081741809999983],[7.905358791000026,5.079988002999983],[7.903078079000011,5.0788149829999725],[7.900234221999995,5.076482773000009],[7.896811007999986,5.074724197000023],[7.893967152000016,5.072391987000003],[7.8916912079999975,5.070642948],[7.8899989129999994,5.067742824999982],[7.887177943999973,5.063104152999983],[7.884920120000004,5.0596218109999995],[7.882659912000008,5.056140900000003],[7.8804020879999825,5.052659988000016],[7.878149033,5.048602103999997],[7.874783039000022,5.041071891999991],[7.887391089999994,5.041750907999983],[7.890837192999982,5.041202068000018],[7.893709182999999,5.040647983999975],[7.897149086000013,5.040675163000003],[7.901735782999992,5.0407118800000035],[7.906311034999987,5.041903019000017],[7.90859317799999,5.04307699200001],[7.911443233,5.04483079900001],[7.91314601900001,5.046576023],[7.914843082000004,5.048898220000012],[7.916533947000005,5.051797867000005],[7.91820812200001,5.056427955999993],[7.919905185999994,5.058751105999988],[7.922170161999986,5.061655045000009],[7.923872947999996,5.063399791999984],[7.925570010999991,5.0657219889999965],[7.927256107000005,5.06919908499998],[7.9289360050000255,5.0732522010000025],[7.932318210999995,5.079051017999973],[7.940265178999994,5.087194920000002],[7.944810867000001,5.091271876999997],[7.949364184999979,5.094771862000016],[7.95277500200001,5.097684860000015],[7.956754208000007,5.101180076999981],[7.96015977899998,5.104671000999986],[7.961863041000015,5.106416224999975],[7.964132785999993,5.108743190999974],[7.965836048000028,5.110487938000006],[7.968686104000028,5.11224222200002],[7.972114085999976,5.1134238239999945],[7.975543022000011,5.114605903999973],[7.9789772029999995,5.115211009999996],[7.981265068000027,5.115807055999994],[7.984119892000024,5.116983891000018],[7.992680072999974,5.121092796000028],[7.995530127999984,5.122848034000015],[7.9977998730000195,5.1251749990000235],[8.000070572000027,5.127501010999993],[8.001779555999974,5.128670215999989],[8.00462341299999,5.131000996000012],[8.006331444000011,5.132168770000021],[8.008607863999998,5.1339187620000075],[8.013779639999996,5.132806777999974],[8.01721954300001,5.132833957999992],[8.020086288000016,5.132857800000011],[8.02352619200002,5.132884978999982],[8.026387215,5.133485794000023],[8.029259681999974,5.132932186000005],[8.032120705000011,5.133532047000017],[8.034993171999986,5.132977961999984],[8.037859916999992,5.13300085100002],[8.040726661999997,5.133024216000024],[8.043593407000003,5.133048057999986],[8.047606468000026,5.133080006],[8.050474167000004,5.13310289399999],[8.052766799999972,5.133121967000022],[8.055633544999978,5.133144855000012],[8.060214996000013,5.1337590219999925],[8.063649177999991,5.134364128000016],[8.06708335899998,5.134969233999982],[8.069683075,5.135974884000007]]]},"properties":{"fid":43,"cty_nm":"Nigeria","iso3cd":"NGA","adm1nm":"Akwa lbom","adm2nm":"Itu","adm1cd":"NGA003","adm2cd":"NGA003016"}},{"type":"Feature","id":44,"geometry":{"type":"Polygon","coordinates":[[[7.807024956000021,4.877768993000018],[7.80357408499998,4.878896236000003],[7.8012800220000145,4.878877163000027],[7.798974991000023,4.880012989000022],[7.796704768999973,4.877686024000013],[7.7933049200000255,4.873619080000026],[7.790466784999978,4.870709895999994],[7.787629127999992,4.867801188999977],[7.785357952000027,4.865474224000025],[7.783092975999978,4.862569808999979],[7.781391143999997,4.8608250620000035],[7.779131888999984,4.857344151000007],[7.776866912999992,4.854440211999986],[7.77461385700002,4.850381851000009],[7.772355080000011,4.846899985999983],[7.769511222999995,4.844569206000017],[7.76781988099998,4.841670035999982],[7.7666897770000105,4.839929104000021],[7.765561104000028,4.838189124999985],[7.764441966999982,4.835293770000021],[7.762740135000001,4.833549022999989],[7.761047840000003,4.830648898999982],[7.759339808999982,4.8294811249999725],[7.754805088000012,4.824250221],[7.753674983999986,4.822509765999996],[7.751410007000004,4.819604873999992],[7.748560904999977,4.817851066999992],[7.746863841999982,4.81552886999998],[7.745154857999978,4.814361094999981],[7.742885113,4.812034129999972],[7.740613936999978,4.80970716500002],[7.738905907000003,4.808538913999996],[7.73719692200001,4.8073711399999866],[7.734347819999982,4.8056159019999996],[7.733218193000027,4.803874968999992],[7.732094764999999,4.80155801799998],[7.7315549850000025,4.798090935000005],[7.732754230000012,4.792905807000011],[7.733929156999977,4.790030003000027],[7.734526157000005,4.787725925000018],[7.735126971999989,4.784844874999976],[7.735730171,4.781963824999991],[7.735764027000016,4.778501987000027],[7.734645843999999,4.7756071090000205],[7.734096050000005,4.773293971999976],[7.732976913000016,4.770399094000027],[7.731860160999986,4.767505169000003],[7.730163097000002,4.765182018000019],[7.727891922000026,4.76285505300001],[7.723889827999983,4.761669159000007],[7.721035003999987,4.760490893999986],[7.7187471390000155,4.759895802000017],[7.7158918380000046,4.75871801400001],[7.713622093000026,4.756392001999984],[7.711913109000022,4.755222796999988],[7.7102160449999815,4.75290107699999],[7.708512783000003,4.751155853],[7.7056751250000275,4.748247146999972],[7.702843189000021,4.744760989999975],[7.701150894000023,4.741861819999997],[7.699460030000012,4.738963126999977],[7.697773933000008,4.7354860309999935],[7.696644783000011,4.733746052000015],[7.69494199799999,4.731999873999996],[7.693818092000015,4.729682921999995],[7.688749789999974,4.7204070089999846],[7.686491013000023,4.716926097999988],[7.685360908999996,4.715186119000009],[7.683663845000012,4.7128629680000245],[7.683699131000026,4.709401130999993],[7.686564922000002,4.709424018999982],[7.688864231000025,4.7088661189999925],[7.691737175000014,4.708312035000006],[7.694602965999991,4.708333969000023],[7.698043822999978,4.708363055999996],[7.700911044999998,4.708384991000003],[7.70320415499998,4.7084040639999785],[7.705509185999972,4.7072691920000125],[7.708381175999989,4.7067151069999795],[7.712406158000022,4.705593109000006],[7.714142799000001,4.703876019000006],[7.716471194999997,4.700430869999991],[7.717640877000008,4.698132037999983],[7.717675208999992,4.694670200000019],[7.717720985000028,4.690052986000012],[7.717743874000007,4.687745093999979],[7.717198848999999,4.684854984000026],[7.717222214000003,4.68254613900001],[7.716671943999984,4.680233002000023],[7.716694831999973,4.67792510999999],[7.716149807000022,4.67503499999998],[7.715606213000001,4.672143935999998],[7.715072154999973,4.66809988],[7.713387011999998,4.6646227840000165],[7.711700915999984,4.661147117999974],[7.709435939999992,4.65824317900001],[7.706597805000001,4.655333996000024],[7.7043399809999755,4.6518530850000275],[7.708405018000008,4.646691798999996],[7.716454028999976,4.644447802999991],[7.7187528609999845,4.643888950000019],[7.721057891999976,4.642754077999996],[7.723362923000025,4.641617774999986],[7.725667953000027,4.640481948999991],[7.728546143000017,4.639350890999992],[7.730851173000019,4.638216019000026],[7.734313965000013,4.6359348299999965],[7.736051083000007,4.634218216000022],[7.738368034000018,4.631927967000024],[7.741246223000019,4.630796909000026],[7.7429771419999724,4.629656791999992],[7.744163990000004,4.6256260870000006],[7.744193076999977,4.622741222000002],[7.744226932999993,4.619277953999983],[7.743693828999994,4.615233897999985],[7.743148803999986,4.612343787999976],[7.74203681900002,4.6088719370000035],[7.740924834999987,4.605400084999985],[7.739251136999997,4.600769996999986],[7.735838890000025,4.5978560450000145],[7.734148026000014,4.59495687499998],[7.7324571610000135,4.592057227999987],[7.7307648660000154,4.5891580580000095],[7.729074001000015,4.586257934999992],[7.72739982600001,4.5816278460000035],[7.726275921000024,4.579309939999973],[7.725726128000019,4.576996802999986],[7.721745967999993,4.573502064000024],[7.720037936999972,4.572333813],[7.718340873999978,4.5700120930000026],[7.716643809999994,4.567688942000018],[7.714373111999976,4.565361977000009],[7.711534976999985,4.562454224000021],[7.7086849209999855,4.560698985999977],[7.705823898000006,4.560099125000022],[7.702969074000009,4.558921813999973],[7.701261043999978,4.55775404000002],[7.698978900999975,4.55658102000001],[7.695572852999987,4.553091048999988],[7.692150115999993,4.551331996999977],[7.689301014000023,4.549577236000005],[7.685321808000026,4.546082019999972],[7.682487965000007,4.5463762279999855],[7.681324958999994,4.544318198999974],[7.6779141430000095,4.541405200999975],[7.676210879999985,4.539659976999985],[7.673934937000013,4.537909984999999],[7.672804831999997,4.53617000600002],[7.673408031000008,4.533288002000006],[7.675149917999988,4.530993937999995],[7.678607940999996,4.529291152999974],[7.6831889150000166,4.529904842000008],[7.686623096000005,4.530508994999991],[7.691197871999975,4.531701087999977],[7.695767879000016,4.533469200000013],[7.700337886999989,4.535236834999978],[7.705474853999988,4.537588120000009],[7.708909988000016,4.538191794999989],[7.713479042000017,4.539960860999997],[7.718053817999987,4.541152000000011],[7.722067832999983,4.541183949000015],[7.727788925000027,4.542385100999979],[7.732937812999978,4.543581008999979],[7.736367226000027,4.544763088000025],[7.754680156999996,4.548374175999982],[7.769552230999977,4.551957130000005],[7.780984879000016,4.555511951000028],[7.792991160999975,4.559072017999995],[7.810712813999999,4.5644087790000185],[7.80241584800001,4.591467856999998],[7.801819801000022,4.593771935000007],[7.801207066000018,4.59780693099998],[7.800611018999973,4.600111007999999],[7.799428939999984,4.603563785999995],[7.798827171000028,4.60644483599998],[7.79765176799998,4.609321116999979],[7.7964758869999855,4.61219692200001],[7.795868874000007,4.615654945000017],[7.796412944999986,4.618546008999999],[7.796964168999978,4.620859145999987],[7.798661231999972,4.623180865999984],[7.801516056000025,4.624358176999976],[7.804370880000022,4.625535011000011],[7.8066592220000075,4.626131057999999],[7.811229228999991,4.627900124000007],[7.813510894999979,4.629072188999999],[7.8163709639999865,4.629673003999983],[7.8180799479999905,4.6308407779999925],[7.820362090999993,4.6320128439999735],[7.822638987999994,4.633762836000017],[7.82549381299998,4.634941100999981],[7.827201843000012,4.636108874999991],[7.830051899000011,4.6378631590000055],[7.831181049000008,4.639604092000013],[7.832304954999984,4.641921996999997],[7.835711001999982,4.645411968000019],[7.836248875000024,4.648879050999994],[7.8362212179999915,4.651763915999993],[7.83561897300001,4.654644965999978],[7.83387613299999,4.6569399829999725],[7.832139014999996,4.658657074000018],[7.830396174999976,4.660952091000013],[7.826920986000005,4.664385795999976],[7.824037074999978,4.66609477999998],[7.8217267989999755,4.667808056000013],[7.819416046000015,4.669519901000001],[7.817678928000021,4.67123699199999],[7.813636780000024,4.674090862000014],[7.811899185000016,4.675807953000003],[7.809583186999987,4.678098202000001],[7.807846068999993,4.6798148159999755],[7.805530071000021,4.682105063999984],[7.801493167999979,4.684381008000003],[7.7980241779999915,4.687239169999998],[7.796292782000023,4.688378811000007],[7.795695781999996,4.690682888000026],[7.7973937990000195,4.693005084999982],[7.799681186999976,4.69360113099998],[7.802547931999982,4.693624020000016],[7.80483579600002,4.694220066000014],[7.808263779000015,4.695402145000003],[7.808808804000023,4.698291778999987],[7.808785914999987,4.700600146999989],[7.808763026999998,4.702908992999994],[7.808733940000025,4.705793857999993],[7.809278964999976,4.7086839680000026],[7.809245110000006,4.712147236000021],[7.8097381590000055,4.720231055999989],[7.810814857000025,4.7271652219999964],[7.811915874000022,4.731791019000013],[7.812444210000024,4.736413002000006],[7.8129649159999985,4.741611003999992],[7.812920093999992,4.746228217999999],[7.8128910059999725,4.749114037000027],[7.812276839999981,4.753149033],[7.81109619099999,4.7566018100000065],[7.809348106000016,4.759472846999984],[7.807604790000028,4.761767863999978],[7.8064351080000165,4.764067173000001],[7.804691792000028,4.766362189999995],[7.804090023000015,4.769241809999983],[7.803493022999987,4.771545887000002],[7.801114082000026,4.7801837920000025],[7.800488948999998,4.785373210999978],[7.801027775000023,4.788840771000025],[7.802701950000028,4.7934708600000135],[7.804365157999996,4.799255847999973],[7.80489778499998,4.803299904000028],[7.805437088000019,4.806766987000003],[7.805408000999989,4.809652804999985],[7.805953025999997,4.8125429149999945],[7.80821800199999,4.815446854000015],[7.809915065999974,4.81777000400001],[7.8161640170000055,4.823592185999985],[7.818428992999998,4.826496124000016],[7.8195528979999835,4.828813076000017],[7.820103168000003,4.8311262130000046],[7.820079802999999,4.83343505900001],[7.818899154999997,4.836887836000017],[7.817144870999982,4.840336799999989],[7.815395831999979,4.843207835999976],[7.8142151829999875,4.846662045000016],[7.807024956000021,4.877768993000018]]]},"properties":{"fid":44,"cty_nm":"Nigeria","iso3cd":"NGA","adm1nm":"Akwa lbom","adm2nm":"Mkpat Enin","adm1cd":"NGA003","adm2cd":"NGA003018"}},{"type":"Feature","id":45,"geometry":{"type":"Polygon","coordinates":[[[8.089216232000012,4.869660854000017],[8.085173607000002,4.872513771000001],[8.08284568800002,4.875957965999987],[8.079938889000005,4.879973887999995],[8.078195572000027,4.882268905999979],[8.076446533000023,4.885139942000023],[8.075277328000027,4.8874402050000185],[8.073534966000011,4.889733791000026],[8.072370529000011,4.891456127000026],[8.070059775999994,4.893168925999987],[8.06659698499999,4.895450115000017],[8.062571526,4.896572112999991],[8.056844710999997,4.895947933000002],[8.051672935,4.897059916999979],[8.04822158799999,4.89818716000002],[8.044190406999974,4.899886131000017],[8.038439750999999,4.901570796999977],[8.034410476999994,4.903269767999973],[8.030963897999982,4.90381908400002],[8.027511597,4.904944897000007],[8.024644851999994,4.904922009000018],[8.020631789999982,4.904890060000014],[8.016050339000003,4.904274939999993],[8.013774871999999,4.902525901999979],[8.010919570999988,4.901349068000002],[8.005793571000027,4.897843837999972],[8.005271912000012,4.892645835999986],[8.006452560000014,4.889192104000017],[8.007089614999984,4.882849216000011],[8.007691383000008,4.879968166000026],[8.006034850999981,4.873606204999987],[8.00548362699999,4.871293068],[8.003809928999999,4.866662024999982],[8.002692222999997,4.863768101000005],[8.001011848000019,4.85971403100001],[7.999331950999988,4.855659962000004],[7.997629166000024,4.853915214999972],[7.995369911000012,4.850433826000028],[7.9936790470000005,4.847535133000008],[7.992548942999974,4.84579420099999],[7.989717007000024,4.842308043999992],[7.987446784999975,4.8399820330000125],[7.9857378010000275,4.838812828000016],[7.984028815999977,4.837645054000006],[7.9817528720000155,4.835896015000003],[7.978898048000019,4.834718226999996],[7.974884986999996,4.834684848999984],[7.974918842000022,4.83122301100002],[7.974380015999998,4.827755927999988],[7.974425793000023,4.823139190999996],[7.9750342369999885,4.819681167999988],[7.976209164000011,4.816804886],[7.978537082999992,4.813361167999972],[7.979712009000025,4.810483932000011],[7.982039928000006,4.807040214999972],[7.984378815000014,4.802442073999998],[7.985548972999993,4.8001427649999755],[7.9867191309999725,4.797843933000024],[7.987887859000011,4.795545101000016],[7.98905801799998,4.793245791999993],[7.990239142999997,4.789792061000014],[7.991414070000019,4.786915779000026],[7.99373102200002,4.784626006999986],[7.996040821000008,4.782914161999997],[7.9972047809999935,4.781190872000025],[7.998937130000002,4.780051231000016],[8.000674247999996,4.778334141000016],[8.001843452000003,4.7760348319999935],[8.002438545000018,4.773731231999989],[8.004199981999989,4.769704819000026],[8.005370140000025,4.767405987000018],[8.006533622999996,4.765684127999975],[8.007697104999977,4.763961791999975],[8.010002136000026,4.76282596599998],[8.012307167000017,4.7616910930000245],[8.014612198000009,4.760554790000015],[8.016349792000028,4.7588372230000004],[8.018086433000008,4.757120132000011],[8.019835472000011,4.754249096000024],[8.022730826999975,4.751386165999975],[8.025053023999988,4.748518944000011],[8.027942656999983,4.746233940000025],[8.030838012999993,4.743371009999976],[8.033727645999988,4.741086005999989],[8.036611557000015,4.739377975000025],[8.038343429999998,4.738237857999991],[8.04064846,4.737102031999996],[8.043526649,4.735970973999997],[8.050435065999977,4.733140945000002],[8.04981613199999,4.737752913999998],[8.049781799000016,4.741216183000006],[8.050332068999978,4.743528842999979],[8.050309180999989,4.745838165000009],[8.050848007000013,4.749304771000027],[8.052538872000014,4.752203941000005],[8.054224968000028,4.755681037999977],[8.055336952000005,4.759151936000023],[8.056460381000022,4.761469841000007],[8.05814647699998,4.764945984000008],[8.059849739000015,4.766692162000027],[8.062102317999972,4.770750045999989],[8.064934730999994,4.774236201999997],[8.066626548999977,4.777134895000017],[8.068317412999988,4.7800350190000245],[8.070020676000013,4.781779766],[8.071717261999993,4.784101963000012],[8.073420525000017,4.785847187000002],[8.074549675000014,4.787588120000009],[8.07566261300002,4.791059017000009],[8.076212882999982,4.793373108000026],[8.075615883000012,4.795676231000016],[8.073862076000012,4.799125194999988],[8.07096672099999,4.80198812499998],[8.067502975000025,4.804267883000023],[8.06518745400001,4.806558132000021],[8.06229209899999,4.809420108999973],[8.058822631999988,4.8122777940000105],[8.055932998999992,4.814562797999997],[8.05361080199998,4.817430019000028],[8.051294326999994,4.819719791000011],[8.050130844000023,4.821442127000012],[8.049529075999999,4.824323176999997],[8.050079346000018,4.826635838000016],[8.052906036000024,4.830698966999989],[8.055153846999985,4.835333823999974],[8.056844710999997,4.838232994000009],[8.059677124000018,4.841719151000007],[8.061947823000025,4.8440461160000154],[8.065937996000002,4.846386908999989],[8.068787574999988,4.848142146999976],[8.07049560500002,4.8493089680000026],[8.072198867999987,4.851055144999975],[8.074469566000005,4.8533821109999735],[8.075587272999996,4.85627698899998],[8.076704978999999,4.8591709140000034],[8.077812194999979,4.863220215000013],[8.080088615000022,4.864970206999999],[8.082369803999995,4.866143227000009],[8.085798264000005,4.867324828999983],[8.089216232000012,4.869660854000017]]]},"properties":{"fid":45,"cty_nm":"Nigeria","iso3cd":"NGA","adm1nm":"Akwa lbom","adm2nm":"Nsit Atai","adm1cd":"NGA003","adm2cd":"NGA003019"}},{"type":"Feature","id":46,"geometry":{"type":"Polygon","coordinates":[[[7.882637977999991,5.000734806000025],[7.880888938999988,5.0036067959999855],[7.877994060999981,5.006468772999995],[7.87567806200002,5.0087590219999925],[7.873366832999977,5.01047182100001],[7.871056080000017,5.0121850969999855],[7.869325161000006,5.0133252140000195],[7.867031096999995,5.013306140999987],[7.865327835000016,5.011560916999997],[7.863074779999977,5.007503032999978],[7.8619508740000015,5.005185127000004],[7.859693049999976,5.001704216000007],[7.858562946000006,4.999962806999974],[7.856865883000012,4.997641086999977],[7.855168819000028,4.995318890000021],[7.852891922000026,4.993568896999989],[7.8506159780000075,4.991818905000002],[7.84776687599998,4.990065098000002],[7.845496178000019,4.987738132000004],[7.8489651680000065,4.984879970999998],[7.85071420700001,4.982007979999992],[7.851882934999992,4.979710102000013],[7.853058814999997,4.976832866999985],[7.853666782000005,4.973374843999977],[7.854273795999973,4.969916821000027],[7.853734970000005,4.9664502140000195],[7.853190899000026,4.96356010400001],[7.852652073000002,4.960093020999977],[7.852674960999991,4.957784176000018],[7.852129935999983,4.9548940660000085],[7.852176188999977,4.950276852000002],[7.852210999000022,4.946815013999981],[7.851688862000003,4.941616058000022],[7.851712227000007,4.939308166999979],[7.852324963000001,4.935273170000016],[7.852921008999999,4.932969092999997],[7.853518009000027,4.930665015999978],[7.854692935999992,4.927789211000004],[7.8558678630000145,4.924912930000005],[7.856475830000022,4.921454906000008],[7.857645988000002,4.919156074999989],[7.859968185000014,4.916288853000026],[7.861155032999989,4.912258147999978],[7.86350011799999,4.907083035000028],[7.864668845999972,4.90478420300002],[7.865839004999998,4.902484893999997],[7.867588043000012,4.89961290399998],[7.8687629699999775,4.896737099000006],[7.869359015999976,4.894433021999987],[7.871686935000014,4.890988827000001],[7.873442173000001,4.8875398640000185],[7.875191212000004,4.8846688269999845],[7.87521886799999,4.881783009000003],[7.8752422329999945,4.879475117000027],[7.874117850999994,4.8771572109999966],[7.872993946000008,4.874838828999998],[7.871292114000028,4.873095035999995],[7.869588851999993,4.871348857999976],[7.868460178000021,4.869608878999998],[7.8673300739999945,4.867867946999979],[7.865633011,4.865546226999982],[7.8662409780000075,4.862088202999985],[7.866837024999995,4.859784126000022],[7.868597030999979,4.855758190000017],[7.869198799000003,4.8528771399999755],[7.870947838000006,4.850006103999988],[7.8709712030000105,4.847696781000025],[7.872146129999976,4.844820975999994],[7.872175217000006,4.841936110999995],[7.873355865000008,4.838481903000002],[7.872817038999983,4.835014820000026],[7.872283935999974,4.830970764000028],[7.872317791,4.827507973000024],[7.870637894000026,4.8234548570000015],[7.870093822000001,4.820563793000019],[7.868980884999985,4.8170919419999905],[7.867880821000028,4.812467098000013],[7.8690438269999845,4.810744762000013],[7.871366978000026,4.807878017000007],[7.873689174999981,4.805010795999976],[7.877169132000006,4.8009991650000075],[7.8806428909999795,4.7975640299999895],[7.882977009000001,4.793542861999981],[7.88526392,4.7941379549999965],[7.888681888999997,4.796473979999973],[7.890952110000001,4.798800944999982],[7.894358157999989,4.802291869999976],[7.896623135000027,4.805195808000008],[7.8988990779999995,4.8069458009999835],[7.901741981999976,4.809277058000021],[7.9040188789999775,4.811027050000007],[7.906294822999996,4.812777041999993],[7.909718037000005,4.814536094999994],[7.913720130999991,4.8157219889999965],[7.917149067000025,4.8169050220000145],[7.921155929999998,4.8175139429999945],[7.925748825000028,4.816974162999998],[7.92920017199998,4.815847873999985],[7.932073116000026,4.815293789000009],[7.934945106999976,4.814740180999991],[7.937818049999976,4.8141860960000145],[7.940116881999984,4.813626766000027],[7.942977905000021,4.814228058000026],[7.945260048000023,4.81540107699999],[7.947542191000025,4.816573143000028],[7.949250221,4.8177409169999805],[7.953228951000028,4.821236134000003],[7.954352856000014,4.823554038999987],[7.956044196999983,4.826453209000022],[7.956589221999991,4.829342842000017],[7.957713126999977,4.831661224000015],[7.956532001000028,4.835114002000012],[7.953664779999997,4.835091114000022],[7.950791836000008,4.835645198999998],[7.9473409650000235,4.836771010999996],[7.945609092999973,4.837912082999992],[7.942714213999977,4.840774059000012],[7.940392017000022,4.843640804000017],[7.9392108920000055,4.847095013000001],[7.937461853000002,4.849966048999988],[7.936281204000011,4.8534188269999845],[7.9356851580000125,4.855722904000004],[7.935649871999999,4.8591861720000225],[7.936189174999981,4.862652778999973],[7.936728001000006,4.866119862000005],[7.9372777940000105,4.868432998999992],[7.936665058000017,4.872467995000022],[7.936635970999987,4.875353813000004],[7.936028003999979,4.878811836000011],[7.934858798999983,4.881111144999977],[7.93426322900001,4.8834152219999964],[7.932497024999975,4.888018131000024],[7.9307079320000184,4.8949289320000275],[7.9289360050000255,4.900108814000021],[7.927738190000014,4.905292987999985],[7.927113055999996,4.910482882999986],[7.9247789379999745,4.914504050999994],[7.922445773999982,4.918525219000003],[7.9206857679999985,4.922551155000008],[7.918920039999989,4.9271540639999785],[7.916597842999977,4.930020808999984],[7.9136958120000145,4.9334602359999735],[7.911948203999998,4.93633222599999],[7.9107780460000185,4.938631057999999],[7.909596920000013,4.942083835999995],[7.908432961000017,4.943806171000006],[7.904953003000003,4.947817801999975],[7.901477813999975,4.9512529369999925],[7.899149894999994,4.954697131999978],[7.897408009000003,4.95699119599999],[7.895073890999981,4.961011886999984],[7.893904209000027,4.963312148999989],[7.892712115999984,4.967918872999974],[7.891536235999979,4.970796108000002],[7.889203071999987,4.974816798999996],[7.888600826000015,4.977696895999998],[7.888003825999988,4.980000973000017],[7.887391089999994,4.98403596899999],[7.887351035999984,4.988076209999974],[7.886754989999986,4.990379809999979],[7.884994984000002,4.994406222999999],[7.884397983999975,4.99670887000002],[7.882637977999991,5.000734806000025]]]},"properties":{"fid":46,"cty_nm":"Nigeria","iso3cd":"NGA","adm1nm":"Akwa lbom","adm2nm":"Nsit Ibom","adm1cd":"NGA003","adm2cd":"NGA003020"}},{"type":"Feature","id":47,"geometry":{"type":"Polygon","coordinates":[[[7.974884986999996,4.834684848999984],[7.974287987000025,4.836988926000004],[7.973106861000019,4.840443133999997],[7.970818995999991,4.839847087999999],[7.96624994299998,4.838078021999991],[7.963967799999978,4.83690595600001],[7.96168613399999,4.835732936999989],[7.958818913000016,4.835710048999999],[7.956532001000028,4.835114002000012],[7.957713126999977,4.831661224000015],[7.956589221999991,4.829342842000017],[7.956044196999983,4.826453209000022],[7.954352856000014,4.823554038999987],[7.953228951000028,4.821236134000003],[7.949250221,4.8177409169999805],[7.947542191000025,4.816573143000028],[7.945260048000023,4.81540107699999],[7.942977905000021,4.814228058000026],[7.940116881999984,4.813626766000027],[7.937818049999976,4.8141860960000145],[7.934945106999976,4.814740180999991],[7.932073116000026,4.815293789000009],[7.92920017199998,4.815847873999985],[7.925748825000028,4.816974162999998],[7.921155929999998,4.8175139429999945],[7.917149067000025,4.8169050220000145],[7.913720130999991,4.8157219889999965],[7.909718037000005,4.814536094999994],[7.906294822999996,4.812777041999993],[7.9040188789999775,4.811027050000007],[7.901741981999976,4.809277058000021],[7.8988990779999995,4.8069458009999835],[7.896623135000027,4.805195808000008],[7.894358157999989,4.802291869999976],[7.890952110000001,4.798800944999982],[7.888681888999997,4.796473979999973],[7.88526392,4.7941379549999965],[7.882977009000001,4.793542861999981],[7.884737014999985,4.789516925999976],[7.885351180999976,4.785481930000003],[7.884806156000025,4.782591819999993],[7.884829044000014,4.780282973999988],[7.884284019000006,4.777392863999978],[7.883738994999987,4.774503230999983],[7.8826160429999845,4.772184848999984],[7.881521224999972,4.766983031999985],[7.881548882000004,4.764097214000003],[7.881571769999994,4.761787890999983],[7.8821740149999755,4.758907795000027],[7.883349894999981,4.756031989999997],[7.884524822000003,4.753155230999994],[7.885694980999972,4.750855923000017],[7.886291027000027,4.748551845999998],[7.886320114,4.745666980999999],[7.886928081999997,4.742208957999992],[7.886968136000007,4.738169192999976],[7.886995791999993,4.73528289799998],[7.887031078000007,4.731821060000016],[7.88591289499999,4.728926182000009],[7.885374069000022,4.725459098999977],[7.884262084999989,4.72198677099999],[7.884891987000003,4.716220856000007],[7.888338089000001,4.715672015999985],[7.893504142999973,4.715136051000002],[7.896955013000024,4.714009761999989],[7.899260997999988,4.712873935999994],[7.902718067000023,4.711171149999984],[7.904448985999977,4.710030078999978],[7.907332897000003,4.708322048000014],[7.910212039999976,4.707190990000015],[7.912521839000021,4.705478190999997],[7.9142589570000155,4.703761100999998],[7.917149067000025,4.701476097000011],[7.9211850170000275,4.6992001529999925],[7.92580079999999,4.696351051000022],[7.929268836999995,4.6934928890000265],[7.9310131070000125,4.691198826000004],[7.933322906000001,4.6894869800000265],[7.936213017,4.687201023],[7.93910312700001,4.684916019000013],[7.943150043000003,4.681486129999996],[7.946608067,4.679781913999989],[7.949473857999976,4.679804801999978],[7.952330112000027,4.680983067],[7.954038142999991,4.682150841000009],[7.956303119999973,4.685054778999984],[7.958012103999977,4.686223030000008],[7.960849762000009,4.689132213999983],[7.9625530239999875,4.690876961000015],[7.965963839999972,4.693789959000014],[7.968801975000019,4.696699142],[7.971662997999999,4.697299004000001],[7.97339391700001,4.696158885999978],[7.976294994,4.69271898300002],[7.978055954000013,4.688693999999998],[7.9803719519999845,4.686404228000015],[7.982114792000004,4.68410921100002],[7.98442602199998,4.682395934999988],[7.986156940000001,4.681255817000022],[7.989017962999981,4.681856154999991],[7.9918789860000174,4.682456016999993],[7.994733810000014,4.68363380400001],[7.9970221519999996,4.684228897000025],[8.000439643999982,4.686565875999975],[8.003293991000021,4.687743187000024],[8.007290839999996,4.689507008000021],[8.010146141000007,4.6906838419999985],[8.013001442000018,4.691862105999974],[8.015862464999998,4.692461966999986],[8.022169113000018,4.692512989000022],[8.025609015999976,4.692541122000023],[8.029054642000006,4.6919908520000035],[8.033068657000001,4.692024231000005],[8.036508560000016,4.692050934000008],[8.038784980999992,4.693800925999994],[8.041054726000027,4.696127891999993],[8.044478416000004,4.697886944000004],[8.047901153999987,4.699645996000015],[8.052481650999994,4.700261115999979],[8.055354118000025,4.699707031000003],[8.059362410999995,4.700315951999983],[8.067934035999997,4.703270911999994],[8.06561756100001,4.705561160999991],[8.06214904799998,4.708418845999972],[8.060411452999972,4.710135937000018],[8.057510375999982,4.7135748860000035],[8.055772780999973,4.715292931000022],[8.054597854999997,4.718169212000021],[8.052848815999994,4.721041203000027],[8.051668167000003,4.724493979999977],[8.050492286999997,4.727369785000008],[8.04989624000001,4.729673862000027],[8.050435065999977,4.733140945000002],[8.043526649,4.735970973999997],[8.04064846,4.737102031999996],[8.038343429999998,4.738237857999991],[8.036611557000015,4.739377975000025],[8.033727645999988,4.741086005999989],[8.030838012999993,4.743371009999976],[8.027942656999983,4.746233940000025],[8.025053023999988,4.748518944000011],[8.022730826999975,4.751386165999975],[8.019835472000011,4.754249096000024],[8.018086433000008,4.757120132000011],[8.016349792000028,4.7588372230000004],[8.014612198000009,4.760554790000015],[8.012307167000017,4.7616910930000245],[8.010002136000026,4.76282596599998],[8.007697104999977,4.763961791999975],[8.006533622999996,4.765684127999975],[8.005370140000025,4.767405987000018],[8.004199981999989,4.769704819000026],[8.002438545000018,4.773731231999989],[8.001843452000003,4.7760348319999935],[8.000674247999996,4.778334141000016],[7.998937130000002,4.780051231000016],[7.9972047809999935,4.781190872000025],[7.996040821000008,4.782914161999997],[7.99373102200002,4.784626006999986],[7.991414070000019,4.786915779000026],[7.990239142999997,4.789792061000014],[7.98905801799998,4.793245791999993],[7.987887859000011,4.795545101000016],[7.9867191309999725,4.797843933000024],[7.985548972999993,4.8001427649999755],[7.984378815000014,4.802442073999998],[7.982039928000006,4.807040214999972],[7.979712009000025,4.810483932000011],[7.978537082999992,4.813361167999972],[7.976209164000011,4.816804886],[7.9750342369999885,4.819681167999988],[7.974425793000023,4.823139190999996],[7.974380015999998,4.827755927999988],[7.974918842000022,4.83122301100002],[7.974884986999996,4.834684848999984]]]},"properties":{"fid":47,"cty_nm":"Nigeria","iso3cd":"NGA","adm1nm":"Akwa lbom","adm2nm":"Nsit Ubium","adm1cd":"NGA003","adm2cd":"NGA003021"}},{"type":"Feature","id":48,"geometry":{"type":"Polygon","coordinates":[[[7.679695128999981,5.303296089000014],[7.658548832000008,5.3359770769999955],[7.6562838550000265,5.333073139000021],[7.6545820239999784,5.331327914999974],[7.652317046999997,5.328423977],[7.650613785000019,5.326679230000025],[7.648910999000009,5.324934005999978],[7.645483017000004,5.323750973000017],[7.641475200999992,5.32314205199998],[7.6380457879999994,5.321959972000002],[7.634605884999985,5.321931839000001],[7.630599022000013,5.321321963999992],[7.628890038000009,5.320155144000012],[7.625466824,5.318396091000011],[7.62203311899998,5.317790984999988],[7.6180129050000005,5.3183350560000235],[7.615707874000009,5.319470882000019],[7.612835883999992,5.320024966999995],[7.609962940000003,5.320579052000028],[7.607642173999977,5.323445796999977],[7.606465816000025,5.326322079000022],[7.603020190999985,5.326870917999997],[7.601316929000006,5.325126171000022],[7.599036216999991,5.323953152000001],[7.596765041000026,5.3216271399999755],[7.595057010999994,5.320457934999979],[7.591633796999986,5.318698883000025],[7.587619781000001,5.31866693500001],[7.58301591899999,5.32036113700002],[7.581851959000005,5.322082996000006],[7.578973770000005,5.323214054000005],[7.575521945999981,5.324339866999992],[7.572082996000006,5.324313163999989],[7.568091869,5.321971893000011],[7.566382884999996,5.320804119000002],[7.564692019999995,5.317903995999984],[7.562449931999993,5.312692164999987],[7.5607647900000075,5.309216021999987],[7.559055805000014,5.30804681799998],[7.556207180000001,5.30629301099998],[7.551620006999997,5.306255817000022],[7.549321174999989,5.306815147000009],[7.546436787000005,5.308523177999973],[7.5435590739999725,5.309654235999972],[7.540698050999993,5.309052943999973],[7.537847995999982,5.307299136999973],[7.535016059999975,5.303812981000021],[7.534471035000024,5.300922871000012],[7.535634995000009,5.299201012000026],[7.538529873000016,5.296339035000017],[7.540278912000019,5.293467045],[7.543169021999972,5.291182041000013],[7.5454912189999845,5.288314818999993],[7.547227858999975,5.286598206000008],[7.549555779000002,5.283154011000022],[7.55129909499999,5.2808589940000275],[7.551895141999978,5.278554916000019],[7.553071021999983,5.275679110999988],[7.553099154999984,5.272792815999992],[7.5519871710000075,5.26932096500002],[7.549722195000015,5.266417980000028],[7.548030853,5.263517857000011],[7.545765877000008,5.26061391799999],[7.543496131999973,5.258286952999981],[7.542372226999987,5.25597000099998],[7.541839122999988,5.251924991999999],[7.541872978000015,5.248463153999978],[7.541902064999988,5.245576858999982],[7.541930198999978,5.242691993999983],[7.541390895999996,5.239223956999979],[7.541413783999985,5.236916065000003],[7.5420279499999765,5.232881068999973],[7.541489124000009,5.229413985999997],[7.541518210999982,5.226528168000016],[7.541552066999998,5.22306585299998],[7.541029929999979,5.217866898000011],[7.5405092240000045,5.212667941999996],[7.540543078999974,5.209206103999975],[7.540572166000004,5.206319808999979],[7.540032864000011,5.202853203000018],[7.540072918000021,5.198812961999977],[7.5395231250000165,5.196500777999972],[7.540123940000001,5.193620205000002],[7.539574146000007,5.191307068000015],[7.539041042000008,5.187263012000017],[7.53342199299999,5.175673962000019],[7.528978825000024,5.1612100599999735],[7.5278840070000115,5.156005859000004],[7.529047011999978,5.154284000000018],[7.530807018000019,5.150259017999986],[7.541110991999972,5.152072906000001],[7.551959038000007,5.1567778589999875],[7.554245949000006,5.157373904999986],[7.557100773000002,5.158551215999978],[7.561102866999988,5.15973806400001],[7.56338500999999,5.160911082999974],[7.5656790730000125,5.160929203000023],[7.567387103999977,5.162096976999976],[7.569096087999981,5.163265228],[7.571945190000008,5.165019988999973],[7.5736541750000015,5.166187762999982],[7.5753631590000055,5.167356014000006],[7.577064990999986,5.169101237999996],[7.57876300800001,5.171422957999994],[7.581594944000017,5.174909114999991],[7.585022926000022,5.17609119399998],[7.587316989999977,5.176109790999988],[7.589610100000016,5.1761279109999805],[7.591904162999981,5.176146984000013],[7.597642898999993,5.175615788000016],[7.60051488900001,5.175062179999998],[7.6051020620000145,5.175098896000009],[7.607975006000004,5.174544810999976],[7.6097168919999945,5.172251225000025],[7.6120281220000265,5.170537948999993],[7.614901066000016,5.169983864000017],[7.617187977000015,5.170578956999975],[7.6200489999999945,5.171179771000027],[7.622343063000017,5.17119789100002],[7.624629974000015,5.1717939380000075],[7.6269178389999865,5.172389984000006],[7.631487846000027,5.174158095999985],[7.630886078000003,5.177039146000027],[7.628569126000002,5.179327965000027],[7.629118919000007,5.181642055999987],[7.630823135000014,5.183386803000019],[7.632531165999978,5.184555053999986],[7.634812832000023,5.185728073000007],[7.6382360459999745,5.187487125000018],[7.64110279099998,5.187510013999997],[7.643974780999997,5.186955929000021],[7.646852969999998,5.1858248710000225],[7.650907039999993,5.181818007999993],[7.652593136000007,5.185294150999994],[7.65372180899999,5.1870350840000015],[7.65484619099999,5.189352988999985],[7.655958176000013,5.1928238869999745],[7.657082080999999,5.195141792000015],[7.657627106000007,5.198031902000025],[7.65874385799998,5.200926781000021],[7.659288882999988,5.203816890999974],[7.659248828999978,5.207857132000015],[7.66089391700001,5.215373038999985],[7.660860061999983,5.218834877000006],[7.660837173000004,5.22114419899998],[7.660217762000002,5.225756167999975],[7.659622191999972,5.228059769000026],[7.659025192000001,5.2303628920000165],[7.658997059000001,5.233249187000013],[7.658974171000011,5.235558033000018],[7.659523964000016,5.237870215999976],[7.659490108,5.241333008000026],[7.659461021000027,5.244217873000025],[7.659999846999995,5.2476849560000005],[7.661128997999981,5.249425888000019],[7.662837981999985,5.250595093000015],[7.665136813999993,5.250035763000028],[7.6680040360000135,5.250059127999975],[7.670870781000019,5.250082016000022],[7.6748728750000055,5.2512688639999965],[7.677732944000013,5.251869202000023],[7.680589198999996,5.253046988999984],[7.682298183,5.25421381000001],[7.684006214000021,5.255383015000007],[7.685702800999991,5.257705212000019],[7.689115046999973,5.260618210000018],[7.691384792000008,5.262945175000027],[7.694222926999998,5.265852928000015],[7.697639942000023,5.268189907000021],[7.701624869999989,5.271108149999975],[7.695254803000012,5.277404784999987],[7.691774844999998,5.281416893000028],[7.68946409199998,5.283130169000003],[7.687726973999986,5.284846782999978],[7.685977935999972,5.287718772999995],[7.683656215999974,5.290585995000015],[7.681334019000019,5.293453216999978],[7.680170058999977,5.295175076000021],[7.678988934000017,5.298627853000028],[7.679695128999981,5.303296089000014]]]},"properties":{"fid":48,"cty_nm":"Nigeria","iso3cd":"NGA","adm1nm":"Akwa lbom","adm2nm":"Obot Akara","adm1cd":"NGA003","adm2cd":"NGA003022"}},{"type":"Feature","id":49,"geometry":{"type":"Polygon","coordinates":[[[8.240281105000008,4.854086398999982],[8.230303763999984,4.860188483999991],[8.222901343999979,4.8727722169999765],[8.220311164999998,4.882024764999983],[8.215499878000003,4.89719915400002],[8.207357407000018,4.908302306999985],[8.197363853000013,4.91348409699998],[8.17626857800002,4.9297685619999925],[8.171456336999995,4.933469772000024],[8.153120994999995,4.9385280609999995],[8.150495529000011,4.934795855999994],[8.148236274999988,4.931314944999997],[8.146826744000009,4.9288988110000105],[8.145421027999987,4.926097869999978],[8.143156051999995,4.923193932000004],[8.140896796999982,4.919713020000017],[8.138059616000021,4.916803836999975],[8.135788918000003,4.914476870999977],[8.13236618000002,4.912717819000022],[8.129522323999993,4.910387039],[8.12724018099999,4.909214019999979],[8.124958037999988,4.908041000000026],[8.122681618000001,4.906291007999982],[8.120979309000006,4.904545783999993],[8.118714333000014,4.901641846000018],[8.115870475999998,4.899311065999996],[8.114757537999992,4.895839213999977],[8.112499237000009,4.892357826000023],[8.110814095000023,4.888881206999997],[8.107981682000002,4.885396003999972],[8.102872848999993,4.880159854999988],[8.100596428000017,4.878409863000002],[8.098326682999982,4.876082897000003],[8.096050262000006,4.874332905000017],[8.093779563999988,4.872005939000019],[8.089216232000012,4.869660854000017],[8.085798264000005,4.867324828999983],[8.082369803999995,4.866143227000009],[8.080088615000022,4.864970206999999],[8.077812194999979,4.863220215000013],[8.076704978999999,4.8591709140000034],[8.075587272999996,4.85627698899998],[8.074469566000005,4.8533821109999735],[8.072198867999987,4.851055144999975],[8.07049560500002,4.8493089680000026],[8.068787574999988,4.848142146999976],[8.065937996000002,4.846386908999989],[8.061947823000025,4.8440461160000154],[8.059677124000018,4.841719151000007],[8.056844710999997,4.838232994000009],[8.055153846999985,4.835333823999974],[8.052906036000024,4.830698966999989],[8.050079346000018,4.826635838000016],[8.049529075999999,4.824323176999997],[8.050130844000023,4.821442127000012],[8.051294326999994,4.819719791000011],[8.05361080199998,4.817430019000028],[8.055932998999992,4.814562797999997],[8.058822631999988,4.8122777940000105],[8.06229209899999,4.809420108999973],[8.06518745400001,4.806558132000021],[8.067502975000025,4.804267883000023],[8.07096672099999,4.80198812499998],[8.073862076000012,4.799125194999988],[8.075615883000012,4.795676231000016],[8.076212882999982,4.793373108000026],[8.07566261300002,4.791059017000009],[8.074549675000014,4.787588120000009],[8.073420525000017,4.785847187000002],[8.071717261999993,4.784101963000012],[8.070020676000013,4.781779766],[8.068317412999988,4.7800350190000245],[8.066626548999977,4.777134895000017],[8.064934730999994,4.774236201999997],[8.062102317999972,4.770750045999989],[8.059849739000015,4.766692162000027],[8.05814647699998,4.764945984000008],[8.056460381000022,4.761469841000007],[8.055336952000005,4.759151936000023],[8.054224968000028,4.755681037999977],[8.052538872000014,4.752203941000005],[8.050848007000013,4.749304771000027],[8.050309180999989,4.745838165000009],[8.050332068999978,4.743528842999979],[8.049781799000016,4.741216183000006],[8.04981613199999,4.737752913999998],[8.050435065999977,4.733140945000002],[8.04989624000001,4.729673862000027],[8.050492286999997,4.727369785000008],[8.051668167000003,4.724493979999977],[8.052848815999994,4.721041203000027],[8.054597854999997,4.718169212000021],[8.055772780999973,4.715292931000022],[8.057510375999982,4.7135748860000035],[8.060411452999972,4.710135937000018],[8.06214904799998,4.708418845999972],[8.06561756100001,4.705561160999991],[8.067934035999997,4.703270911999994],[8.070823668999992,4.700985908999996],[8.073128699999984,4.699850082000012],[8.075439453000001,4.6981368059999795],[8.080048561000012,4.695866108000018],[8.092145920000007,4.69019317599998],[8.095522881000022,4.696568012],[8.099491118999993,4.701218127999994],[8.103458405000026,4.7058668139999895],[8.106858252999984,4.7099342349999915],[8.110819816999992,4.715160846999993],[8.113084792999985,4.718064785000024],[8.115917206000006,4.7215499879999925],[8.118176459999972,4.725030898999989],[8.121003151000025,4.729094981999992],[8.122699737999994,4.731417179000005],[8.123250008000014,4.733729838999977],[8.124368667999988,4.736623764000001],[8.12548637399999,4.739519119000022],[8.126615523999988,4.741260051999973],[8.127739905999988,4.743577002999984],[8.128863335000005,4.745894909000015],[8.131707190999975,4.748227118999978],[8.135117530999992,4.7511401180000234],[8.136821746999999,4.752884864999999],[8.139097214000003,4.754634856999985],[8.140806198000007,4.755803108000009],[8.143660544999989,4.756979941999987],[8.147668839000005,4.757589816999996],[8.151688576000026,4.757044791999988],[8.155701636999993,4.757078170999989],[8.159141540999997,4.757104873999992],[8.161435127000004,4.757123947000025],[8.165443419999974,4.757732868000005],[8.167718886999978,4.759482860999981],[8.17057418799999,4.760661125000013],[8.172856330999991,4.761833190999994],[8.177426337999975,4.763601779999988],[8.180275917000017,4.765356064000002],[8.179650306999974,4.77054500600002],[8.178481101999978,4.772844791000011],[8.177310943999998,4.775144099999977],[8.17671489700001,4.777448176999997],[8.177259445000004,4.780337810999981],[8.179524421999986,4.783242226000027],[8.183497428999999,4.787313938000011],[8.185756683000022,4.790794849000008],[8.187453269999992,4.79311704600002],[8.191404342999988,4.799498081000024],[8.190778732000012,4.804687022999985],[8.190722466000011,4.81045818299998],[8.190698623999992,4.8127670289999855],[8.191243171999986,4.815657138999995],[8.19178771999998,4.818546771999991],[8.192894936000016,4.822596073],[8.195158957999979,4.825500010999974],[8.196855545000005,4.827822207999986],[8.199700355999994,4.830152988000009],[8.203684807000002,4.833071232000009],[8.205972671999973,4.833666800999993],[8.212262153999973,4.835449218999997],[8.215690612999992,4.836630821000028],[8.220254898000007,4.8389768600000025],[8.222211838000021,4.839734077000003],[8.224823952000008,4.840744971999982],[8.228820800999983,4.842508792999979],[8.232243537999977,4.84426784499999],[8.235098838999988,4.8454451559999825],[8.236801146999994,4.8471899030000145],[8.23696613300001,4.852046013000006],[8.240281105000008,4.854086398999982]]]},"properties":{"fid":49,"cty_nm":"Nigeria","iso3cd":"NGA","adm1nm":"Akwa lbom","adm2nm":"Okobo","adm1cd":"NGA003","adm2cd":"NGA003023"}},{"type":"Feature","id":50,"geometry":{"type":"Polygon","coordinates":[[[7.884891987000003,4.716220856000007],[7.8791699409999865,4.71502018000001],[7.87630415000001,4.714996815000006],[7.87230682400002,4.713232994000009],[7.868310928000028,4.711470126999984],[7.866028786000015,4.71029710800002],[7.860319138000023,4.707942009000021],[7.858041763000017,4.706192016999978],[7.855181216999995,4.705592154999977],[7.851180076999981,4.704404830999977],[7.84889221200001,4.703810214999976],[7.846024989999989,4.703786849999972],[7.8431639670000095,4.703186989000017],[7.840297222000004,4.703163146999998],[7.837992191000012,4.704298972999993],[7.835688113999993,4.705434798999988],[7.833387851999987,4.705993175999993],[7.831083775000025,4.707129001999988],[7.826474189999999,4.7094001770000204],[7.822436809999999,4.711676120999982],[7.8201270100000215,4.71338892],[7.818395138000028,4.714529036999977],[7.815505981000001,4.716814994999993],[7.813774109000008,4.717955112000027],[7.8097381590000055,4.720231055999989],[7.809245110000006,4.712147236000021],[7.809278964999976,4.7086839680000026],[7.808733940000025,4.705793857999993],[7.808763026999998,4.702908992999994],[7.808785914999987,4.700600146999989],[7.808808804000023,4.698291778999987],[7.808263779000015,4.695402145000003],[7.80483579600002,4.694220066000014],[7.802547931999982,4.693624020000016],[7.799681186999976,4.69360113099998],[7.7973937990000195,4.693005084999982],[7.795695781999996,4.690682888000026],[7.796292782000023,4.688378811000007],[7.7980241779999915,4.687239169999998],[7.801493167999979,4.684381008000003],[7.805530071000021,4.682105063999984],[7.807846068999993,4.6798148159999755],[7.809583186999987,4.678098202000001],[7.811899185000016,4.675807953000003],[7.813636780000024,4.674090862000014],[7.817678928000021,4.67123699199999],[7.819416046000015,4.669519901000001],[7.8217267989999755,4.667808056000013],[7.824037074999978,4.66609477999998],[7.826920986000005,4.664385795999976],[7.830396174999976,4.660952091000013],[7.832139014999996,4.658657074000018],[7.83387613299999,4.6569399829999725],[7.83561897300001,4.654644965999978],[7.8362212179999915,4.651763915999993],[7.836248875000024,4.648879050999994],[7.835711001999982,4.645411968000019],[7.832304954999984,4.641921996999997],[7.831181049000008,4.639604092000013],[7.830051899000011,4.6378631590000055],[7.827201843000012,4.636108874999991],[7.82549381299998,4.634941100999981],[7.822638987999994,4.633762836000017],[7.820362090999993,4.6320128439999735],[7.8180799479999905,4.6308407779999925],[7.8163709639999865,4.629673003999983],[7.813510894999979,4.629072188999999],[7.811229228999991,4.627900124000007],[7.8066592220000075,4.626131057999999],[7.804370880000022,4.625535011000011],[7.801516056000025,4.624358176999976],[7.798661231999972,4.623180865999984],[7.796964168999978,4.620859145999987],[7.796412944999986,4.618546008999999],[7.795868874000007,4.615654945000017],[7.7964758869999855,4.61219692200001],[7.79765176799998,4.609321116999979],[7.798827171000028,4.60644483599998],[7.799428939999984,4.603563785999995],[7.800611018999973,4.600111007999999],[7.801207066000018,4.59780693099998],[7.801819801000022,4.593771935000007],[7.80241584800001,4.591467856999998],[7.810712813999999,4.5644087790000185],[7.814025878999985,4.555246829999987],[7.822834015000012,4.556427002000021],[7.834885120000024,4.555369853999991],[7.843484879000016,4.555439949000004],[7.850370883999972,4.554917811999985],[7.856104850999998,4.554965019000008],[7.8646988869999745,4.555611134000003],[7.872737884999992,4.554522038000016],[7.8796119689999955,4.555154800000025],[7.884211063000009,4.554038047999995],[7.889944076999996,4.554083823999974],[7.893958091999991,4.554115771999989],[7.896823883000025,4.554140091000022],[7.900097846999984,4.5709028239999725],[7.898933886999998,4.572625159999973],[7.897769928000002,4.574347019000015],[7.896605968000017,4.576068878000001],[7.895442009000021,4.577791214000001],[7.893119812000009,4.580657959000007],[7.892523766000011,4.582962036000026],[7.8907690049999815,4.586410999000009],[7.8895430559999795,4.594480991000012],[7.888946056000009,4.5967850690000205],[7.889496802999986,4.599098206000008],[7.889473914999996,4.601406096999995],[7.892329216000007,4.6025829320000184],[7.89406108899999,4.601442813999995],[7.896938800999976,4.600312233000011],[7.8992428779999955,4.599175930000001],[7.901543140000001,4.598618031000001],[7.903841972000009,4.598059176999982],[7.90672016100001,4.596928119999973],[7.909593104999999,4.596374034999997],[7.9130377769999996,4.595825194999975],[7.917057990999979,4.595280170000024],[7.92049694100001,4.595307826999999],[7.925641059999975,4.59708118399999],[7.927342892000013,4.598825932000011],[7.928462029000002,4.6017208100000175],[7.927865027999985,4.60402488699998],[7.926115990000028,4.606895924000014],[7.924385071000017,4.60803699500002],[7.922653197999978,4.609177112999987],[7.9191961289999995,4.610879898000007],[7.916891098000008,4.612016201000017],[7.913434028999973,4.613718987000027],[7.91170215599999,4.614860057999977],[7.909971236999979,4.616000175000011],[7.907074927999986,4.618863105999992],[7.9076261519999775,4.621175766000022],[7.90875005700002,4.6234931949999805],[7.910451889000001,4.6252379420000125],[7.911581993000027,4.626978873999974],[7.913279057000011,4.629301070999986],[7.9144091609999805,4.631042003999994],[7.91553783400002,4.632781981999983],[7.916089058000011,4.635096073],[7.916638851000016,4.6374077799999895],[7.915458202000025,4.640861987999983],[7.912573813999984,4.642570019000004],[7.910280227999976,4.642550944999982],[7.9074192049999965,4.641951084000027],[7.90341186500001,4.64134216299999],[7.900557041000013,4.640163898000026],[7.898262977999991,4.640145779000022],[7.894816875000004,4.640695095000012],[7.8930802350000135,4.642412186000001],[7.890775204000022,4.643548011999997],[7.887897015000021,4.644679069999995],[7.885598183000013,4.6452369689999955],[7.883865833000016,4.646378040000002],[7.882122992999996,4.648673057999986],[7.88094806700002,4.651548862000027],[7.880352019999975,4.6538519860000065],[7.879755020000005,4.656156063000026],[7.879152775000023,4.659037113000011],[7.87912511799999,4.661921978000009],[7.879669189000026,4.664813041999992],[7.8813657759999955,4.667134761999989],[7.8841810229999965,4.672351837000008],[7.885883808000017,4.674097060999998],[7.888721943000007,4.677005768000015],[7.890419006000002,4.679327965000027],[7.891549110000028,4.681068896999989],[7.892661094999994,4.684541224999975],[7.893778800999996,4.687435149999999],[7.892610073000014,4.689733982000007],[7.8914461140000185,4.691455840999993],[7.889122962999977,4.694324016999985],[7.886806965000005,4.696612834999996],[7.884484767999993,4.6994810099999995],[7.883293152000022,4.704088210999998],[7.883264064999992,4.706974030000026],[7.883205890999989,4.712744235999992],[7.884891987000003,4.716220856000007]]]},"properties":{"fid":50,"cty_nm":"Nigeria","iso3cd":"NGA","adm1nm":"Akwa lbom","adm2nm":"Onna","adm1cd":"NGA003","adm2cd":"NGA003024"}},{"type":"Feature","id":51,"geometry":{"type":"Polygon","coordinates":[[[7.794308186000023,4.888054848000024],[7.790851115999999,4.889759063999975],[7.788535118000027,4.892048836000015],[7.786786079000024,4.894919872000003],[7.785611152999991,4.89779710800002],[7.78499698600001,4.901832103999993],[7.783826827999974,4.904129981999972],[7.783803939999984,4.9064388279999775],[7.783202171000028,4.909319878000019],[7.782039165000015,4.911042212999973],[7.780283928000017,4.914491177000002],[7.779090881000002,4.919097899999997],[7.780203819000008,4.922570228999973],[7.782451153000011,4.927205086000015],[7.783575057999997,4.929522990999999],[7.784692763999999,4.932417869999995],[7.78580522499999,4.935890197999981],[7.786344051000015,4.939356803999999],[7.786877155000013,4.943400859999997],[7.786837101000003,4.947441100999981],[7.787371158999974,4.951485156999979],[7.787909984999999,4.954951762999997],[7.78788709600002,4.957261086000017],[7.786138058000006,4.960133075999977],[7.783826827999974,4.961844921000022],[7.7780818940000245,4.962953090999974],[7.774075030999995,4.962344169999994],[7.771195889000012,4.963473797000006],[7.768867969999974,4.966917991999992],[7.76711988400001,4.969789982000009],[7.765370845999996,4.972661972000026],[7.763634205000017,4.974379063000015],[7.761333942000022,4.974937915999988],[7.759036063999986,4.975495814999988],[7.755027771000016,4.974886894000008],[7.752727984999979,4.975444793999998],[7.748698235000006,4.9771437640000045],[7.745241164999982,4.978847980000012],[7.743298053999979,4.980801105000012],[7.740068913000016,4.979959964999978],[7.736073017000024,4.97819709800001],[7.7332348819999766,4.975287913999978],[7.730408192000027,4.971224785000004],[7.727592945000026,4.9660081860000105],[7.725913047999995,4.961954117000005],[7.723666191000007,4.957318783000005],[7.721413136000024,4.953260898999986],[7.719152926999982,4.949779986999999],[7.718608856000003,4.946888924000007],[7.7163610459999745,4.942254065999975],[7.7152428630000145,4.939359188000026],[7.714125156000023,4.936464786999977],[7.712433814999997,4.933565139999985],[7.7113041879999855,4.931825161000006],[7.709027767000009,4.93007516900002],[7.7067461010000216,4.92890214900001],[7.70503807099999,4.927733897999985],[7.701609135000012,4.926551818999997],[7.698760032999985,4.924798011999997],[7.696483134999994,4.923048019000021],[7.693640232000007,4.920715809000001],[7.690790176000007,4.918962002000001],[7.688514232999978,4.917212009000025],[7.686232089999976,4.916038990000004],[7.683949946999974,4.914865970999983],[7.681106091000004,4.912535191000018],[7.6788420679999945,4.909630774999982],[7.676581859999999,4.906149863999985],[7.674897193999982,4.902672768000002],[7.674352168999974,4.8997831340000175],[7.672111034000011,4.8945708269999955],[7.671559811000009,4.892258167000023],[7.670435904999977,4.889939785000024],[7.669330119999984,4.885890960999973],[7.667644024000026,4.8824148179999725],[7.665953159000026,4.87951517099998],[7.665401936000023,4.877202033999993],[7.6648521419999724,4.874888897000005],[7.664300919000027,4.872576236999976],[7.663751124999976,4.870263099999988],[7.662639141,4.866790771000012],[7.661509991000003,4.865050793000023],[7.657553195999981,4.859247207999999],[7.655289173000028,4.85634279300001],[7.653585910999993,4.854598044999989],[7.650163173999999,4.852838992999978],[7.647887229999981,4.851089000999991],[7.645609856000021,4.849339008000015],[7.643901825,4.848171234000006],[7.642192840999996,4.847002982999982],[7.640484809999975,4.845835208999972],[7.638788223000006,4.843513012000017],[7.637078761999987,4.842345238000007],[7.635387896999987,4.839445114],[7.633678912999983,4.838276862999976],[7.630829811000012,4.836523055999976],[7.626828193999984,4.835336208000001],[7.624534129999972,4.835318088999998],[7.618222236999998,4.835844039999984],[7.615355014999977,4.835821151999994],[7.61191511200002,4.835793018000004],[7.607895851000023,4.836338043000012],[7.603881836000028,4.836305141000025],[7.599856853000006,4.837427138999999],[7.596984862999989,4.837981223999975],[7.594686030999981,4.838539124000022],[7.592954158999987,4.839680195000028],[7.591222763000019,4.84081983599998],[7.588345050999976,4.841950892999989],[7.586044787999981,4.842508792999979],[7.580884932999993,4.842467784999997],[7.578591824,4.842449187999989],[7.575725078999994,4.842425822999985],[7.571716784999978,4.841815947999976],[7.568288802999973,4.840634823000016],[7.565455913999983,4.8371491429999764],[7.563747883000019,4.835980892000009],[7.562057018000019,4.8330807689999915],[7.560354232999998,4.831336021000027],[7.558083056999976,4.829009056000018],[7.555819035000013,4.826105117999987],[7.552406787999985,4.823192119999987],[7.5501370430000065,4.820865153999989],[7.547877788999983,4.817383765999978],[7.546748160999982,4.815642834000016],[7.545056820000013,4.812744140999996],[7.543927193000002,4.811003207999988],[7.542802811000001,4.808685780000019],[7.5411181449999845,4.805209160000004],[7.538846970000009,4.802882194999995],[7.537156105000008,4.799983025000017],[7.5354647639999826,4.79708290100001],[7.533755778999989,4.795915127000001],[7.5314679150000075,4.795320033999985],[7.529759883999986,4.794151783000018],[7.5268988610000065,4.793550967999977],[7.52295017199998,4.790340424000021],[7.521463394000023,4.788544177999995],[7.525195599000028,4.779658317999974],[7.525195599000028,4.7693514819999905],[7.524229526999989,4.763231754000003],[7.523907184999985,4.756148815000017],[7.523907184999985,4.753246783999998],[7.526484013000015,4.748737334999987],[7.530993462000026,4.743906020999987],[7.53646898300002,4.7393965719999755],[7.541322230999981,4.736161231999972],[7.543748855999979,4.734041214000001],[7.545487404000028,4.732310772000005],[7.547098160000019,4.726191044000018],[7.545165538999981,4.719104766999976],[7.542005539000002,4.711906433000024],[7.540467739000007,4.708141803999979],[7.537997245999975,4.705980301000011],[7.536983967000026,4.701867103999973],[7.535011935999989,4.700249324000026],[7.531495275999987,4.692364251000015],[7.529900304000023,4.690584892999993],[7.53369283699999,4.686833858],[7.536015986999985,4.683968067000023],[7.538910865999981,4.6811051369999745],[7.541244984000002,4.677083969000023],[7.543004989999986,4.673058033000018],[7.544167995000009,4.6713361739999755],[7.544764996000026,4.669033050999985],[7.545935154000006,4.66673278799999],[7.547688961000006,4.66328477899998],[7.549431801000026,4.660990238000011],[7.553451060999976,4.660445213000003],[7.555160046000026,4.661612988000002],[7.556868076000001,4.662782192000009],[7.559144020000019,4.664531231000012],[7.560853004000023,4.665699005000022],[7.563720225999987,4.665722846999984],[7.566008091000015,4.666317939999999],[7.569465159999993,4.664615153999989],[7.572342873000025,4.66348409699998],[7.5746421810000015,4.662924766999993],[7.577515124999991,4.662371158999974],[7.580387115000008,4.661818026999981],[7.5832538600000134,4.661839961999988],[7.587262153999973,4.662449836999997],[7.589549065000028,4.663045882999995],[7.5912580489999755,4.664214134000019],[7.5929660799999965,4.665381907999972],[7.595253943999978,4.6659770009999875],[7.599812030999999,4.668900012999984],[7.602099894999981,4.669496058999982],[7.605527877999975,4.670678139000017],[7.608384132000026,4.671854972999995],[7.610671043000025,4.672451018999993],[7.613543987000014,4.671896935000007],[7.616415976999974,4.671342849999974],[7.61929988899999,4.669634819000009],[7.622756958000025,4.667931080000017],[7.626781940000001,4.666810036000015],[7.631369113999995,4.666845797999997],[7.631914139000003,4.669735908999996],[7.630733012999997,4.67319011699999],[7.629557132999992,4.676065922000021],[7.6295289990000015,4.678952217000017],[7.629499912000028,4.6818370820000155],[7.631799220999994,4.681279182000026],[7.634098053000002,4.6807198519999815],[7.636392117000014,4.680737971999974],[7.639264106999974,4.680183886999998],[7.64213705100002,4.679631233000009],[7.64500904099998,4.679077147999976],[7.647881985000026,4.6785230639999895],[7.650743008000006,4.6791229250000015],[7.653036117999989,4.679141997999977],[7.655897141000025,4.679741858999989],[7.659893036000028,4.681506157000001],[7.663877963999994,4.684422970000014],[7.666160106999996,4.685595988999978],[7.669003009999983,4.6879281999999876],[7.6707057950000035,4.68967294700002],[7.672987938000006,4.690845013000001],[7.674685001,4.693168162999996],[7.676956177000022,4.695495128999994],[7.679214953999974,4.698976039999991],[7.680326938999997,4.70244789100002],[7.683699131000026,4.709401130999993],[7.683663845000012,4.7128629680000245],[7.685360908999996,4.715186119000009],[7.686491013000023,4.716926097999988],[7.688749789999974,4.7204070089999846],[7.693818092000015,4.729682921999995],[7.69494199799999,4.731999873999996],[7.696644783000011,4.733746052000015],[7.697773933000008,4.7354860309999935],[7.699460030000012,4.738963126999977],[7.701150894000023,4.741861819999997],[7.702843189000021,4.744760989999975],[7.7056751250000275,4.748247146999972],[7.708512783000003,4.751155853],[7.7102160449999815,4.75290107699999],[7.711913109000022,4.755222796999988],[7.713622093000026,4.756392001999984],[7.7158918380000046,4.75871801400001],[7.7187471390000155,4.759895802000017],[7.721035003999987,4.760490893999986],[7.723889827999983,4.761669159000007],[7.727891922000026,4.76285505300001],[7.730163097000002,4.765182018000019],[7.731860160999986,4.767505169000003],[7.732976913000016,4.770399094000027],[7.734096050000005,4.773293971999976],[7.734645843999999,4.7756071090000205],[7.735764027000016,4.778501987000027],[7.735730171,4.781963824999991],[7.735126971999989,4.784844874999976],[7.734526157000005,4.787725925000018],[7.733929156999977,4.790030003000027],[7.732754230000012,4.792905807000011],[7.7315549850000025,4.798090935000005],[7.732094764999999,4.80155801799998],[7.733218193000027,4.803874968999992],[7.734347819999982,4.8056159019999996],[7.73719692200001,4.8073711399999866],[7.738905907000003,4.808538913999996],[7.740613936999978,4.80970716500002],[7.742885113,4.812034129999972],[7.745154857999978,4.814361094999981],[7.746863841999982,4.81552886999998],[7.748560904999977,4.817851066999992],[7.751410007000004,4.819604873999992],[7.753674983999986,4.822509765999996],[7.754805088000012,4.824250221],[7.759339808999982,4.8294811249999725],[7.761047840000003,4.830648898999982],[7.762740135000001,4.833549022999989],[7.764441966999982,4.835293770000021],[7.765561104000028,4.838189124999985],[7.7666897770000105,4.839929104000021],[7.76781988099998,4.841670035999982],[7.769511222999995,4.844569206000017],[7.772355080000011,4.846899985999983],[7.77461385700002,4.850381851000009],[7.776866912999992,4.854440211999986],[7.779131888999984,4.857344151000007],[7.781391143999997,4.8608250620000035],[7.783092975999978,4.862569808999979],[7.785357952000027,4.865474224000025],[7.787629127999992,4.867801188999977],[7.790466784999978,4.870709895999994],[7.7933049200000255,4.873619080000026],[7.796704768999973,4.877686024000013],[7.798974991000023,4.880012989000022],[7.797805786000026,4.882311820999973],[7.7966418269999735,4.884034156999974],[7.795477866999988,4.885756016000016],[7.794308186000023,4.888054848000024]]]},"properties":{"fid":51,"cty_nm":"Nigeria","iso3cd":"NGA","adm1nm":"Akwa lbom","adm2nm":"Oruk Anam","adm1cd":"NGA003","adm2cd":"NGA003026"}},{"type":"Feature","id":52,"geometry":{"type":"Polygon","coordinates":[[[7.743298053999979,4.980801105000012],[7.746932029999982,4.98174714999999],[7.748641013999986,4.982914924999989],[7.748611927000013,4.985801219999985],[7.745738983000024,4.986354828000003],[7.741140841999993,4.987472056999991],[7.7371277810000265,4.9874391559999935],[7.733675957000003,4.988565922000021],[7.731370926000011,4.989700793999987],[7.729065895000019,4.9908370969999964],[7.729021072000023,4.995453834999978],[7.730718136000007,4.997776031000001],[7.7329878809999855,5.000102996999999],[7.73641681700002,5.001285075999988],[7.738709927000002,5.00130415000001],[7.741589068999986,5.000173092000011],[7.744461059999992,4.999619006999978],[7.746191978000013,4.998477935999972],[7.750212192999982,4.997933864999993],[7.753645897000013,4.998538016999987],[7.755353927999977,4.999707221999984],[7.757625103000009,5.0020341869999925],[7.758749007999995,5.0043511389999935],[7.75928783400002,5.007818222000026],[7.7581119540000145,5.010694980999972],[7.755221844000005,5.012979984000026],[7.752333163999992,5.015264988000013],[7.749448776000008,5.016973018999977],[7.747716904000015,5.018114089999983],[7.745423793999976,5.018095016000018],[7.7431540489999975,5.015768051000009],[7.739180088000012,5.0116958620000105],[7.735768795000013,5.008782864000011],[7.733487129000025,5.007609844000001],[7.729496002000019,5.0052690510000275],[7.7266468999999915,5.003514767000013],[7.723792075999995,5.002336979000006],[7.720942019999995,5.000583172000006],[7.718087195999999,4.999404906999985],[7.714657783999996,4.998222827999996],[7.709544182000002,4.993565083000021],[7.707268237999983,4.991815089999989],[7.704986094999981,4.990643024000008],[7.7021369930000105,4.98888778700001],[7.699281215999974,4.987709999000003],[7.69758415199999,4.985387801999991],[7.699333190999994,4.982516766000003],[7.702233791000026,4.979076861999999],[7.703398228000026,4.977355003000014],[7.705145835999986,4.974483012999997],[7.705181121999999,4.971021174999976],[7.704062938999982,4.968125820000012],[7.702372073999982,4.9652271269999915],[7.700675010999987,4.962903976000007],[7.698972224999977,4.961159228999975],[7.697268009000027,4.959414004999985],[7.696138858999973,4.9576740260000065],[7.695622920999995,4.951898098000015],[7.6962251659999765,4.949017047999973],[7.69682693499999,4.946135997999988],[7.696281909999982,4.9432458879999785],[7.696310997000012,4.94036102299998],[7.69462585399998,4.936883926000007],[7.692348956999979,4.935133934000021],[7.688931942000011,4.932797908999987],[7.684936047000008,4.931035042000019],[7.680928230000006,4.93042516700001],[7.675767898999993,4.930383204999998],[7.672321796000006,4.930932998999992],[7.668285846999993,4.933207988999982],[7.665396213999998,4.935493946000008],[7.662511826000014,4.937201976999972],[7.6590499879999925,4.939483166000002],[7.656739234999975,4.941195010999991],[7.653275967000013,4.9434762000000205],[7.65153789499999,4.945192813999995],[7.650373935999994,4.946915149999995],[7.649209976000009,4.948637008999981],[7.64861393000001,4.950941086],[7.646865844999979,4.953813076000017],[7.644555092000019,4.955524921000006],[7.6422328950000065,4.958393096999998],[7.641068935000021,4.960114002000012],[7.638178825000011,4.962399005999998],[7.636447906000001,4.963540077000005],[7.633581160999995,4.963517189000015],[7.631299018999982,4.962344169999994],[7.629590988000018,4.961175919000027],[7.626162051999984,4.959993838999992],[7.621586799999989,4.958803176999993],[7.617022990999999,4.956457138000019],[7.6136050220000016,4.954121112999985],[7.608462810999981,4.95234823200002],[7.60617494600001,4.9517531390000045],[7.603892803000008,4.950580119999984],[7.601604939000026,4.949984073999985],[7.597035885000025,4.948215961000017],[7.593021869999973,4.948184013000002],[7.588436127000023,4.948145866000004],[7.583848952999972,4.948109149999993],[7.580987929999992,4.947508812000024],[7.578133105999996,4.946331977999989],[7.574135780000006,4.944568156999992],[7.572432994999986,4.942822933000002],[7.569015980000017,4.940485953999996],[7.566746234999982,4.938158988999987],[7.5644807819999755,4.935256003999996],[7.561076163999985,4.931765079000002],[7.558238028999995,4.928855896000016],[7.555405140000005,4.925371170000005],[7.553708076000021,4.923048019000021],[7.551444054000001,4.920145035000019],[7.5497407909999765,4.918398857],[7.548038006000013,4.9166541100000245],[7.546346187999973,4.9137539860000174],[7.544642925000005,4.912010193000015],[7.541804790000015,4.909101008999983],[7.538961887000028,4.9067687990000195],[7.536684990000026,4.905018805999987],[7.533846854999979,4.902111052999999],[7.530447005999974,4.898043156000028],[7.525895118999983,4.894544124999982],[7.522478104000015,4.892208099000015],[7.519065856999987,4.889294146999987],[7.516796112000009,4.886967181999978],[7.514531136000016,4.884062766999989],[7.512278079999987,4.880004883000026],[7.5111541750000015,4.877686976999996],[7.5094571110000174,4.875364779999984],[7.507760048000023,4.873043059999986],[7.506056785999988,4.871296883000014],[7.504365920999987,4.8683981899999935],[7.5020899770000256,4.866648197000018],[7.495840073000011,4.8608260149999865],[7.49872398399998,4.859117985000012],[7.499338150000028,4.855082988999982],[7.498798846999989,4.851615906000006],[7.4976692199999775,4.849874972999999],[7.497136115999979,4.845830917000001],[7.498889922999979,4.842381954000018],[7.500638961999982,4.839510917999974],[7.500668049000012,4.836625099000003],[7.500690937000002,4.834317207000026],[7.4995608329999754,4.8325757979999935],[7.497859000999995,4.830831051000018],[7.496728897000025,4.829091071999983],[7.494447230999981,4.827918053000019],[7.493318080999984,4.826177120000011],[7.491614819000006,4.824431896000021],[7.488712310999972,4.821804523000026],[7.490066528,4.819096087999981],[7.492273807999993,4.8157801629999994],[7.494010924999998,4.81406307200001],[7.49628210100002,4.8127179150000075],[7.498609542999986,4.810249328999987],[7.5015621190000275,4.807817935999992],[7.506598472999997,4.804257393],[7.510680198999978,4.800349712000013],[7.516999245000022,4.7930083269999955],[7.521463394000023,4.788544177999995],[7.52295017199998,4.790340424000021],[7.5268988610000065,4.793550967999977],[7.529759883999986,4.794151783000018],[7.5314679150000075,4.795320033999985],[7.533755778999989,4.795915127000001],[7.5354647639999826,4.79708290100001],[7.537156105000008,4.799983025000017],[7.538846970000009,4.802882194999995],[7.5411181449999845,4.805209160000004],[7.542802811000001,4.808685780000019],[7.543927193000002,4.811003207999988],[7.545056820000013,4.812744140999996],[7.546748160999982,4.815642834000016],[7.547877788999983,4.817383765999978],[7.5501370430000065,4.820865153999989],[7.552406787999985,4.823192119999987],[7.555819035000013,4.826105117999987],[7.558083056999976,4.829009056000018],[7.560354232999998,4.831336021000027],[7.562057018000019,4.8330807689999915],[7.563747883000019,4.835980892000009],[7.565455913999983,4.8371491429999764],[7.568288802999973,4.840634823000016],[7.571716784999978,4.841815947999976],[7.575725078999994,4.842425822999985],[7.578591824,4.842449187999989],[7.580884932999993,4.842467784999997],[7.586044787999981,4.842508792999979],[7.588345050999976,4.841950892999989],[7.591222763000019,4.84081983599998],[7.592954158999987,4.839680195000028],[7.594686030999981,4.838539124000022],[7.596984862999989,4.837981223999975],[7.599856853000006,4.837427138999999],[7.603881836000028,4.836305141000025],[7.607895851000023,4.836338043000012],[7.61191511200002,4.835793018000004],[7.615355014999977,4.835821151999994],[7.618222236999998,4.835844039999984],[7.624534129999972,4.835318088999998],[7.626828193999984,4.835336208000001],[7.630829811000012,4.836523055999976],[7.633678912999983,4.838276862999976],[7.635387896999987,4.839445114],[7.637078761999987,4.842345238000007],[7.638788223000006,4.843513012000017],[7.640484809999975,4.845835208999972],[7.642192840999996,4.847002982999982],[7.643901825,4.848171234000006],[7.645609856000021,4.849339008000015],[7.647887229999981,4.851089000999991],[7.650163173999999,4.852838992999978],[7.653585910999993,4.854598044999989],[7.655289173000028,4.85634279300001],[7.657553195999981,4.859247207999999],[7.661509991000003,4.865050793000023],[7.662639141,4.866790771000012],[7.663751124999976,4.870263099999988],[7.664300919000027,4.872576236999976],[7.6648521419999724,4.874888897000005],[7.665401936000023,4.877202033999993],[7.665953159000026,4.87951517099998],[7.667644024000026,4.8824148179999725],[7.669330119999984,4.885890960999973],[7.670435904999977,4.889939785000024],[7.671559811000009,4.892258167000023],[7.672111034000011,4.8945708269999955],[7.674352168999974,4.8997831340000175],[7.674897193999982,4.902672768000002],[7.676581859999999,4.906149863999985],[7.6788420679999945,4.909630774999982],[7.681106091000004,4.912535191000018],[7.683949946999974,4.914865970999983],[7.686232089999976,4.916038990000004],[7.688514232999978,4.917212009000025],[7.690790176000007,4.918962002000001],[7.693640232000007,4.920715809000001],[7.696483134999994,4.923048019000021],[7.698760032999985,4.924798011999997],[7.701609135000012,4.926551818999997],[7.70503807099999,4.927733897999985],[7.7067461010000216,4.92890214900001],[7.709027767000009,4.93007516900002],[7.7113041879999855,4.931825161000006],[7.712433814999997,4.933565139999985],[7.714125156000023,4.936464786999977],[7.7152428630000145,4.939359188000026],[7.7163610459999745,4.942254065999975],[7.718608856000003,4.946888924000007],[7.719152926999982,4.949779986999999],[7.721413136000024,4.953260898999986],[7.723666191000007,4.957318783000005],[7.725913047999995,4.961954117000005],[7.727592945000026,4.9660081860000105],[7.730408192000027,4.971224785000004],[7.7332348819999766,4.975287913999978],[7.736073017000024,4.97819709800001],[7.740068913000016,4.979959964999978],[7.743298053999979,4.980801105000012]]]},"properties":{"fid":52,"cty_nm":"Nigeria","iso3cd":"NGA","adm1nm":"Akwa lbom","adm2nm":"Ukanafun","adm1cd":"NGA003","adm2cd":"NGA003028"}},{"type":"Feature","id":53,"geometry":{"type":"Polygon","coordinates":[[[8.153120994999995,4.9385280609999995],[8.149250031000008,4.939391612999998],[8.136296271999981,4.957896709000011],[8.128153800999996,4.968999863000022],[8.125563622000016,4.981954098000017],[8.12223243699998,4.994167328000003],[8.115570068000011,5.002679824999973],[8.102616309999974,5.023776053999995],[8.100026130999993,5.033398627999986],[8.09817504900002,5.043021678999992],[8.100026130999993,5.062637328999983],[8.100396155999988,5.0811429020000105],[8.099286079000024,5.107050419000018],[8.095214843999997,5.115192412999988],[8.081891059999975,5.127406119999989],[8.074797629999978,5.131106853000006],[8.069683075,5.135974884000007],[8.06708335899998,5.134969233999982],[8.063649177999991,5.134364128000016],[8.060214996000013,5.1337590219999925],[8.055633544999978,5.133144855000012],[8.052766799999972,5.133121967000022],[8.050474167000004,5.13310289399999],[8.047606468000026,5.133080006],[8.043593407000003,5.133048057999986],[8.040726661999997,5.133024216000024],[8.037859916999992,5.13300085100002],[8.034993171999986,5.132977961999984],[8.032120705000011,5.133532047000017],[8.029259681999974,5.132932186000005],[8.026387215,5.133485794000023],[8.02352619200002,5.132884978999982],[8.020086288000016,5.132857800000011],[8.01721954300001,5.132833957999992],[8.013779639999996,5.132806777999974],[8.008607863999998,5.1339187620000075],[8.006331444000011,5.132168770000021],[8.00462341299999,5.131000996000012],[8.001779555999974,5.128670215999989],[8.000070572000027,5.127501010999993],[7.9977998730000195,5.1251749990000235],[7.995530127999984,5.122848034000015],[7.992680072999974,5.121092796000028],[7.984119892000024,5.116983891000018],[7.981265068000027,5.115807055999994],[7.9789772029999995,5.115211009999996],[7.975543022000011,5.114605903999973],[7.972114085999976,5.1134238239999945],[7.968686104000028,5.11224222200002],[7.965836048000028,5.110487938000006],[7.964132785999993,5.108743190999974],[7.961863041000015,5.106416224999975],[7.96015977899998,5.104671000999986],[7.956754208000007,5.101180076999981],[7.95277500200001,5.097684860000015],[7.949364184999979,5.094771862000016],[7.944810867000001,5.091271876999997],[7.940265178999994,5.087194920000002],[7.932318210999995,5.079051017999973],[7.935202122000021,5.077342987000009],[7.937507153000013,5.0762071610000135],[7.940969944000017,5.073925971999984],[7.9484348299999965,5.072833060999983],[7.952466011000013,5.071134089999987],[7.957643032000021,5.069444180000005],[7.962246895000021,5.067749977000005],[7.969711781000001,5.066656113000022],[7.972011088999977,5.066098212999975],[7.975440025000012,5.067278862000023],[7.978294849000008,5.068457126999988],[7.98173522899998,5.068484782999974],[7.984601973999986,5.068508147999978],[7.988052845000027,5.067380904999993],[7.992651938999984,5.06626415300002],[7.994962214999987,5.064550876999988],[7.9978628160000085,5.061111927000013],[7.998459815999979,5.058807849999994],[7.998483180999983,5.056499958000018],[7.9979667659999905,5.050724030000026],[7.997416019000013,5.048410891999993],[7.997457026999996,5.044372081999995],[7.9980530739999836,5.042068004999976],[7.999802112999987,5.0391960140000265],[8.001538277000009,5.037478924000027],[8.003275871000028,5.035760879999998],[8.005019188000006,5.0334668159999865],[8.006755828999985,5.031750202000012],[8.009066582000003,5.03003692599998],[8.01137733500002,5.028324127000019],[8.013109207000014,5.027184009999985],[8.015409470000009,5.026625156000023],[8.017712592999999,5.025488853000013],[8.019444465999982,5.024349212999994],[8.021187782000027,5.022055148999982],[8.022351264999998,5.020332812999982],[8.024088860000006,5.01861476900001],[8.026399611999977,5.016901969999992],[8.028136253000014,5.015184879000003],[8.030447005999974,5.0134720799999855],[8.032190323000009,5.01117801700002],[8.03335380599998,5.009456157999978],[8.034523964000016,5.007156849000012],[8.034552573999974,5.004271029999984],[8.035160065000014,5.0008130069999766],[8.034632682999984,4.996191978000013],[8.033526420999976,4.9921431540000185],[8.031851768000024,4.98751211199999],[8.028451920000009,4.983445168000003],[8.026192664999996,4.979962826000019],[8.022775650000028,4.977626800999985],[8.018218040000022,4.974705218999986],[8.014226913000016,4.972363948999998],[8.010798453999996,4.971181870000009],[8.007364273000007,4.970576762999997],[8.003924369999993,4.970549107000011],[8.001051903000018,4.971103190999997],[7.9981851580000125,4.971079825999993],[7.995324134999976,4.970479964999981],[7.993620872000008,4.968735218000006],[7.99309301400001,4.9641132350000134],[7.9948477749999824,4.960663795000016],[7.996028899999999,4.9572110180000095],[7.997777939000002,4.9543399809999755],[7.998964786999977,4.950308800000016],[8.000157355999988,4.945702075999975],[8.001338959000009,4.942247867999981],[8.001384734999988,4.937632083999972],[8.001413345000003,4.934745788999976],[8.000873565999996,4.931279182000026],[8.000903129999983,4.928392886999973],[8.001499175999982,4.92608881000001],[8.002668380999978,4.923789978000002],[8.00499057799999,4.920923232999996],[8.007317543,4.917479991999983],[8.008511542999997,4.912871838000001],[8.008551597999997,4.908832072999985],[8.006876944999988,4.904201983999997],[8.005793571000027,4.897843837999972],[8.010919570999988,4.901349068000002],[8.013774871999999,4.902525901999979],[8.016050339000003,4.904274939999993],[8.020631789999982,4.904890060000014],[8.024644851999994,4.904922009000018],[8.027511597,4.904944897000007],[8.030963897999982,4.90381908400002],[8.034410476999994,4.903269767999973],[8.038439750999999,4.901570796999977],[8.044190406999974,4.899886131000017],[8.04822158799999,4.89818716000002],[8.051672935,4.897059916999979],[8.056844710999997,4.895947933000002],[8.062571526,4.896572112999991],[8.06659698499999,4.895450115000017],[8.070059775999994,4.893168925999987],[8.072370529000011,4.891456127000026],[8.073534966000011,4.889733791000026],[8.075277328000027,4.8874402050000185],[8.076446533000023,4.885139942000023],[8.078195572000027,4.882268905999979],[8.079938889000005,4.879973887999995],[8.08284568800002,4.875957965999987],[8.085173607000002,4.872513771000001],[8.089216232000012,4.869660854000017],[8.093779563999988,4.872005939000019],[8.096050262000006,4.874332905000017],[8.098326682999982,4.876082897000003],[8.100596428000017,4.878409863000002],[8.102872848999993,4.880159854999988],[8.107981682000002,4.885396003999972],[8.110814095000023,4.888881206999997],[8.112499237000009,4.892357826000023],[8.114757537999992,4.895839213999977],[8.115870475999998,4.899311065999996],[8.118714333000014,4.901641846000018],[8.120979309000006,4.904545783999993],[8.122681618000001,4.906291007999982],[8.124958037999988,4.908041000000026],[8.12724018099999,4.909214019999979],[8.129522323999993,4.910387039],[8.13236618000002,4.912717819000022],[8.135788918000003,4.914476870999977],[8.138059616000021,4.916803836999975],[8.140896796999982,4.919713020000017],[8.143156051999995,4.923193932000004],[8.145421027999987,4.926097869999978],[8.146826744000009,4.9288988110000105],[8.148236274999988,4.931314944999997],[8.150495529000011,4.934795855999994],[8.153120994999995,4.9385280609999995]]]},"properties":{"fid":53,"cty_nm":"Nigeria","iso3cd":"NGA","adm1nm":"Akwa lbom","adm2nm":"Uruan","adm1cd":"NGA003","adm2cd":"NGA003029"}},{"type":"Feature","id":54,"geometry":{"type":"Polygon","coordinates":[[[8.214527130000022,4.780639172000008],[8.212789536000002,4.782355784999993],[8.209912299999985,4.7834868429999915],[8.208180427999991,4.784626961000015],[8.205875397,4.78576278700001],[8.204143524000017,4.786902904999977],[8.202412605000006,4.788043975999983],[8.200680733000013,4.789184093000017],[8.198949814000002,4.790324210999984],[8.196639060999985,4.792037010000001],[8.194890021999981,4.794909000000018],[8.191404342999988,4.799498081000024],[8.187453269999992,4.79311704600002],[8.185756683000022,4.790794849000008],[8.183497428999999,4.787313938000011],[8.179524421999986,4.783242226000027],[8.177259445000004,4.780337810999981],[8.17671489700001,4.777448176999997],[8.177310943999998,4.775144099999977],[8.178481101999978,4.772844791000011],[8.179650306999974,4.77054500600002],[8.180275917000017,4.765356064000002],[8.177426337999975,4.763601779999988],[8.172856330999991,4.761833190999994],[8.17057418799999,4.760661125000013],[8.167718886999978,4.759482860999981],[8.165443419999974,4.757732868000005],[8.161435127000004,4.757123947000025],[8.159141540999997,4.757104873999992],[8.155701636999993,4.757078170999989],[8.151688576000026,4.757044791999988],[8.147668839000005,4.757589816999996],[8.143660544999989,4.756979941999987],[8.140806198000007,4.755803108000009],[8.139097214000003,4.754634856999985],[8.136821746999999,4.752884864999999],[8.135117530999992,4.7511401180000234],[8.131707190999975,4.748227118999978],[8.128863335000005,4.745894909000015],[8.127739905999988,4.743577002999984],[8.126615523999988,4.741260051999973],[8.12548637399999,4.739519119000022],[8.124368667999988,4.736623764000001],[8.123250008000014,4.733729838999977],[8.122699737999994,4.731417179000005],[8.121003151000025,4.729094981999992],[8.118176459999972,4.725030898999989],[8.115917206000006,4.7215499879999925],[8.113084792999985,4.718064785000024],[8.110819816999992,4.715160846999993],[8.106858252999984,4.7099342349999915],[8.103458405000026,4.7058668139999895],[8.099491118999993,4.701218127999994],[8.095522881000022,4.696568012],[8.092145920000007,4.69019317599998],[8.106514930999992,4.686845779000009],[8.111112595000009,4.685729026999979],[8.11627864799999,4.685193061999996],[8.120888709999974,4.682921885999974],[8.125497817999985,4.680651188000013],[8.130107880000025,4.678379059000008],[8.13471794100002,4.676107882999986],[8.136448859999973,4.67496681199998],[8.13875961299999,4.673254966999991],[8.141654968000012,4.670392989999982],[8.143977165000024,4.667524814999979],[8.147451401000012,4.664091110000015],[8.149790763999988,4.6594920160000015],[8.152141571000016,4.653739928999983],[8.151765898000008,4.647568627999988],[8.151649475,4.645656109000015],[8.151681322999991,4.645664398000008],[8.156224251000026,4.646846771000014],[8.160214424000003,4.649188041999992],[8.164198875000011,4.6521058079999875],[8.167615891000025,4.654441833000021],[8.170465469000021,4.656197071000008],[8.172730446000003,4.659101008999983],[8.174439430000007,4.660268783999982],[8.177294731000018,4.661446094999974],[8.179582595999989,4.662042140999972],[8.183028220999972,4.66149187100001],[8.185894965999978,4.661516189999986],[8.188778877000004,4.659808159000022],[8.190509796000015,4.658667088000016],[8.193973540999991,4.656385898999986],[8.195710182000028,4.654668807999997],[8.19744777699998,4.652952194000022],[8.201999664000027,4.656451225000012],[8.204820632999997,4.661090850999983],[8.204799986000012,4.663173399000016],[8.204774857000018,4.66570806499999],[8.205313682999986,4.669175148000022],[8.205995590999976,4.670939796000027],[8.206432343000017,4.672070025999972],[8.20664134499998,4.6731792780000205],[8.20697689100001,4.6749601359999815],[8.207527160999973,4.6772727970000005],[8.208071709000023,4.68016290700001],[8.208610534999991,4.683629989999986],[8.20916080500001,4.685944080000013],[8.209460508000006,4.686878759000024],[8.210273743000016,4.689414978000002],[8.21253204300001,4.692896843000028],[8.215370178,4.695805072999974],[8.216483116000006,4.699276924000003],[8.218168258999981,4.702754020999976],[8.21986579899999,4.705076217999988],[8.220989227000018,4.707394122999972],[8.222691536000013,4.709138870000004],[8.223821639999983,4.710878848999982],[8.225523948999978,4.712625027000001],[8.227232932999982,4.713792801000011],[8.228362082999979,4.7155327799999895],[8.227187157000003,4.718410015000018],[8.224882126000011,4.719544887999973],[8.221991538999987,4.721829891000027],[8.220260619999976,4.722970008999994],[8.217967987000009,4.722951889000001],[8.216236115000015,4.724092007000024],[8.21506595599999,4.726390838999976],[8.219074249000016,4.72700119000001],[8.221940994000022,4.7270240779999995],[8.224802017000002,4.727623940000001],[8.227668762000008,4.727647780999973],[8.231102942999996,4.7282519340000135],[8.235104561000014,4.729438781999988],[8.237392425999985,4.730034827999987],[8.240253447999976,4.730635166000013],[8.243673987000022,4.732395956999994],[8.240786551999975,4.734679222000011],[8.237306595000007,4.73869085299998],[8.234428406000006,4.739821910999979],[8.230397224,4.741520881999975],[8.226958047999972,4.742069169999979],[8.223511696000003,4.742043018000004],[8.219510077999985,4.7408561710000185],[8.216660081999976,4.739681046999976],[8.212079048000021,4.7384867669999835],[8.208043098000019,4.740763187000027],[8.204580307000015,4.743043899999975],[8.202842712000006,4.744760989999975],[8.201678275999996,4.746482849000017],[8.200509070999999,4.748783112000012],[8.199327469000025,4.752235889000019],[8.200428962999979,4.756862163999983],[8.200377463999985,4.762055873999998],[8.201495170999976,4.764951229000019],[8.202567101,4.772461890999978],[8.205400467000004,4.775948047999975],[8.207107543999996,4.777115821999985],[8.208816528,4.778284073000009],[8.21167755099998,4.778883934000021],[8.214527130000022,4.780639172000008]]]},"properties":{"fid":54,"cty_nm":"Nigeria","iso3cd":"NGA","adm1nm":"Akwa lbom","adm2nm":"Urue-Offong/Oruko","adm1cd":"NGA003","adm2cd":"NGA003030"}},{"type":"Feature","id":55,"geometry":{"type":"Polygon","coordinates":[[[7.84323215500001,5.042548179999983],[7.8386330600000065,5.043664932000013],[7.8340182300000265,5.046514033999983],[7.831713200000024,5.047648906999996],[7.829980850000027,5.048789978000002],[7.82824420899999,5.050507068999991],[7.82707977299998,5.052228927999977],[7.825336933000017,5.054523945000028],[7.824172974000021,5.056245804000014],[7.8230037690000245,5.05854511299998],[7.822406768999997,5.060849189999999],[7.821238041000015,5.063148022000007],[7.820641994000027,5.0654520990000265],[7.820044994,5.067755222000017],[7.82002210600001,5.070064068000022],[7.820572852999987,5.072377205000009],[7.8211121560000265,5.075843811000027],[7.821656227000005,5.07873392099998],[7.82220602000001,5.081047058000024],[7.822177887000009,5.083931923000023],[7.82215499900002,5.086240767999982],[7.8221321109999735,5.088550091000002],[7.821529865000002,5.0914301870000145],[7.820933819000004,5.093733788000009],[7.8203368189999765,5.096037865000028],[7.817436218000012,5.099476814000013],[7.815124989000026,5.101190089999989],[7.813394070000015,5.102330208000012],[7.810515881000015,5.103460788999996],[7.808234215000027,5.102289199999973],[7.806526184000006,5.101119994999976],[7.804821967999999,5.099374770999987],[7.80713892,5.097084999000003],[7.809443950999992,5.0959501269999805],[7.812334061000001,5.093665122999994],[7.814650058999973,5.091374873999996],[7.815814018000026,5.08965301500001],[7.816427230999977,5.0856180189999804],[7.817024231000005,5.083313942000018],[7.8158998490000045,5.080996036999977],[7.813629149999997,5.078669070999979],[7.811353207000025,5.076920033000022],[7.810228825000024,5.0746021269999915],[7.810836791999975,5.071144103999984],[7.812013148999995,5.068266869000013],[7.8131999970000265,5.064237117999994],[7.813807010999994,5.060779094999987],[7.81499385799998,5.05674886700001],[7.816174983999986,5.053296089000014],[7.816777229000024,5.050415038999972],[7.818537235000008,5.046389103000024],[7.8191390040000215,5.043508052999982],[7.819736003999992,5.04120397600002],[7.820899010000005,5.039482116999977],[7.82207489000001,5.036605834999989],[7.823245048999979,5.034307002999981],[7.824419975000012,5.0314297680000095],[7.825016022,5.029127120999988],[7.825613022000027,5.026823044000025],[7.826787948999993,5.02394676199998],[7.827974795999978,5.019916057999978],[7.829718113000013,5.017621994000024],[7.830314159000011,5.015317917000004],[7.831501006999986,5.011288165999986],[7.832687855000017,5.007256985000026],[7.832722187000002,5.003795147000005],[7.832745074999991,5.001485824999975],[7.8322119709999924,4.997441768999977],[7.831105232000027,4.993392943999993],[7.830554962000008,4.9910798070000055],[7.828880787000003,4.986448764999977],[7.828330993999998,4.984136105000005],[7.827207088000023,4.9818191530000036],[7.82608318299998,4.979500771000005],[7.8244028089999915,4.9754471780000245],[7.822717189999992,4.971971035000024],[7.819913864,4.965600014000017],[7.818789959000014,4.963282107999987],[7.817666053999972,4.960964203000003],[7.815975189000028,4.958065033000025],[7.8154239649999795,4.955751895999981],[7.814886092999984,4.952284813000006],[7.814341067999976,4.94939518000001],[7.814363956000022,4.9470858569999905],[7.813813209999978,4.944773197000018],[7.813841819999993,4.941886902000022],[7.813296794999985,4.938996792000012],[7.812753201000021,4.9361071590000165],[7.812201976999972,4.933794021999972],[7.811083794000012,4.930900097000006],[7.810540199000002,4.928009986999996],[7.809426785000028,4.924538136000024],[7.808887959000003,4.921070099000019],[7.808910846999993,4.918762206999986],[7.808366776000014,4.915872096999976],[7.807833195000001,4.911828040999978],[7.807282924999981,4.909513950000019],[7.806733130999987,4.9072008129999745],[7.805625915999997,4.90315198899998],[7.803379059000008,4.898517131999995],[7.802827835000016,4.896203995000008],[7.801699161999977,4.894464015999972],[7.80000686599999,4.891563892000022],[7.797730923000017,4.889813899999979],[7.794308186000023,4.888054848000024],[7.795477866999988,4.885756016000016],[7.7966418269999735,4.884034156999974],[7.797805786000026,4.882311820999973],[7.798974991000023,4.880012989000022],[7.8012800220000145,4.878877163000027],[7.80357408499998,4.878896236000003],[7.807024956000021,4.877768993000018],[7.810464858999978,4.877797127000008],[7.812764168000001,4.877239227000018],[7.8162097929999845,4.876688956999999],[7.818502903000024,4.876708031000021],[7.820790767999995,4.877304077000019],[7.823084831000017,4.877322197000012],[7.825940132000028,4.878499985000019],[7.827649117000021,4.879666804999999],[7.829357146999996,4.880836009999996],[7.831059933000006,4.882581233999986],[7.832190036999975,4.884321213000021],[7.83273982999998,4.886633872999994],[7.833272933999979,4.890678883000021],[7.832647800000018,4.895867824999982],[7.8326082230000225,4.899908066000023],[7.832584858000018,4.902215957999999],[7.8325557709999885,4.9051008220000085],[7.832516193000004,4.909141063999982],[7.831920147000005,4.9114451410000015],[7.8313241000000176,4.913749218000021],[7.83071613300001,4.917206764000014],[7.829523086999984,4.921813965000013],[7.828352928000015,4.924112797000021],[7.827752112999974,4.926993847000006],[7.8265709880000145,4.930448054999999],[7.826529979999975,4.934486865999986],[7.82704591800001,4.9402627939999775],[7.8275971410000125,4.942575932000011],[7.829288006000013,4.9454751009999995],[7.831558228000006,4.947802066999998],[7.832687855000017,4.949542999000016],[7.83323812499998,4.9518561360000035],[7.834918022000011,4.955908775000012],[7.836030005999987,4.959381103999988],[7.837137222000024,4.963429927999982],[7.837681770000017,4.966320992000021],[7.8387942310000085,4.969791889000021],[7.839889050000011,4.974995136000018],[7.8404340739999725,4.977884769000013],[7.8409838680000234,4.980197906000001],[7.842095852,4.983670234999977],[7.845496178000019,4.987738132000004],[7.84776687599998,4.990065098000002],[7.8506159780000075,4.991818905000002],[7.852891922000026,4.993568896999989],[7.855168819000028,4.995318890000021],[7.856865883000012,4.997641086999977],[7.858562946000006,4.999962806999974],[7.859693049999976,5.001704216000007],[7.8619508740000015,5.005185127000004],[7.863074779999977,5.007503032999978],[7.865327835000016,5.011560916999997],[7.867031096999995,5.013306140999987],[7.869325161000006,5.0133252140000195],[7.871056080000017,5.0121850969999855],[7.873366832999977,5.01047182100001],[7.87567806200002,5.0087590219999925],[7.877994060999981,5.006468772999995],[7.880888938999988,5.0036067959999855],[7.882637977999991,5.000734806000025],[7.886662960000024,4.999612807999995],[7.891829013999995,4.999077796999984],[7.898715019000008,4.998557091000009],[7.906178951000015,4.997461795999982],[7.909046172999979,4.997486115000015],[7.911919117000025,4.996932029999982],[7.9147849080000015,4.996954917999972],[7.918805121999981,4.9964098930000205],[7.9216709140000034,4.99643278100001],[7.926258087000008,4.996469975000025],[7.931417941999996,4.99651193599999],[7.9337120060000075,4.996531010000012],[7.9365792269999815,4.996553898000002],[7.939451217999988,4.995999813000026],[7.942891121000002,4.996026992999987],[7.947488785000019,4.994911193999997],[7.95265483899999,4.994375229000013],[7.957248210999978,4.993834972000002],[7.961868762999984,4.990408897000009],[7.963605880999978,4.988691807000009],[7.965917110000021,4.986979007999992],[7.967085838000003,4.9846801759999835],[7.969970225999987,4.982972145000019],[7.972859858999982,4.980687140999976],[7.975171089000014,4.97897386599999],[7.978640079000002,4.976117133999992],[7.98382806799998,4.973272800000018],[7.9884438509999995,4.970424175000005],[7.993620872000008,4.968735218000006],[7.995324134999976,4.970479964999981],[7.9981851580000125,4.971079825999993],[8.001051903000018,4.971103190999997],[8.003924369999993,4.970549107000011],[8.007364273000007,4.970576762999997],[8.010798453999996,4.971181870000009],[8.014226913000016,4.972363948999998],[8.018218040000022,4.974705218999986],[8.022775650000028,4.977626800999985],[8.026192664999996,4.979962826000019],[8.028451920000009,4.983445168000003],[8.031851768000024,4.98751211199999],[8.033526420999976,4.9921431540000185],[8.034632682999984,4.996191978000013],[8.035160065000014,5.0008130069999766],[8.034552573999974,5.004271029999984],[8.034523964000016,5.007156849000012],[8.03335380599998,5.009456157999978],[8.032190323000009,5.01117801700002],[8.030447005999974,5.0134720799999855],[8.028136253000014,5.015184879000003],[8.026399611999977,5.016901969999992],[8.024088860000006,5.01861476900001],[8.022351264999998,5.020332812999982],[8.021187782000027,5.022055148999982],[8.019444465999982,5.024349212999994],[8.017712592999999,5.025488853000013],[8.015409470000009,5.026625156000023],[8.013109207000014,5.027184009999985],[8.01137733500002,5.028324127000019],[8.009066582000003,5.03003692599998],[8.006755828999985,5.031750202000012],[8.005019188000006,5.0334668159999865],[8.003275871000028,5.035760879999998],[8.001538277000009,5.037478924000027],[7.999802112999987,5.0391960140000265],[7.9980530739999836,5.042068004999976],[7.997457026999996,5.044372081999995],[7.997416019000013,5.048410891999993],[7.9979667659999905,5.050724030000026],[7.998483180999983,5.056499958000018],[7.998459815999979,5.058807849999994],[7.9978628160000085,5.061111927000013],[7.994962214999987,5.064550876999988],[7.992651938999984,5.06626415300002],[7.988052845000027,5.067380904999993],[7.984601973999986,5.068508147999978],[7.98173522899998,5.068484782999974],[7.978294849000008,5.068457126999988],[7.975440025000012,5.067278862000023],[7.972011088999977,5.066098212999975],[7.969711781000001,5.066656113000022],[7.962246895000021,5.067749977000005],[7.957643032000021,5.069444180000005],[7.952466011000013,5.071134089999987],[7.9484348299999965,5.072833060999983],[7.940969944000017,5.073925971999984],[7.937507153000013,5.0762071610000135],[7.935202122000021,5.077342987000009],[7.932318210999995,5.079051017999973],[7.9289360050000255,5.0732522010000025],[7.927256107000005,5.06919908499998],[7.925570010999991,5.0657219889999965],[7.923872947999996,5.063399791999984],[7.922170161999986,5.061655045000009],[7.919905185999994,5.058751105999988],[7.91820812200001,5.056427955999993],[7.916533947000005,5.051797867000005],[7.914843082000004,5.048898220000012],[7.91314601900001,5.046576023],[7.911443233,5.04483079900001],[7.90859317799999,5.04307699200001],[7.906311034999987,5.041903019000017],[7.901735782999992,5.0407118800000035],[7.897149086000013,5.040675163000003],[7.893709182999999,5.040647983999975],[7.890837192999982,5.041202068000018],[7.887391089999994,5.041750907999983],[7.874783039000022,5.041071891999991],[7.870195866000017,5.04103517499999],[7.8673348429999805,5.040433883999981],[7.863894938999977,5.040407180999978],[7.8604488369999785,5.04095602000001],[7.8569970130000115,5.0420818329999975],[7.852983951999988,5.042049884999983],[7.850690842000006,5.042030811000018],[7.848392009999998,5.042590141000005],[7.84323215500001,5.042548179999983]]]},"properties":{"fid":55,"cty_nm":"Nigeria","iso3cd":"NGA","adm1nm":"Akwa lbom","adm2nm":"Uyo","adm1cd":"NGA003","adm2cd":"NGA003031"}},{"type":"Feature","id":688,"geometry":{"type":"Polygon","coordinates":[[[8.29805374199998,4.780554771000027],[8.294917689999977,4.78264618999998],[8.293888091999975,4.783332824000013],[8.292433313999993,4.784827490999987],[8.287810143000002,4.782333352000023],[8.283911482999997,4.779630162999979],[8.282205582000017,4.778876781000008],[8.278203011000016,4.777689934000023],[8.27534198799998,4.777090073000011],[8.273049355000012,4.777070998999989],[8.270188331999975,4.776471137999977],[8.267321587000026,4.776447772999973],[8.264448166000022,4.7770018580000055],[8.261588097000015,4.776401996999994],[8.257602272999975,4.776940769000021],[8.254129251999984,4.777494822999984],[8.248389244000009,4.777450084999998],[8.245522530000017,4.778003059000014],[8.24278659700002,4.777979850999998],[8.236354828000003,4.776774882999973],[8.232926368999983,4.775592803999984],[8.230632781999986,4.775575161000006],[8.219716071999983,4.777794837999977],[8.21459938999999,4.78059956200002],[8.214527130000022,4.780639172000008],[8.21167755099998,4.778883934000021],[8.208816528,4.778284073000009],[8.207107543999996,4.777115821999985],[8.205400467000004,4.775948047999975],[8.202567101,4.772461890999978],[8.201495170999976,4.764951229000019],[8.200377463999985,4.762055873999998],[8.200428962999979,4.756862163999983],[8.199327469000025,4.752235889000019],[8.200509070999999,4.748783112000012],[8.201678275999996,4.746482849000017],[8.202842712000006,4.744760989999975],[8.204580307000015,4.743043899999975],[8.208043098000019,4.740763187000027],[8.212079048000021,4.7384867669999835],[8.216660081999976,4.739681046999976],[8.219510077999985,4.7408561710000185],[8.223511696000003,4.742043018000004],[8.226958047999972,4.742069169999979],[8.230397224,4.741520881999975],[8.234428406000006,4.739821910999979],[8.237306595000007,4.73869085299998],[8.240786551999975,4.734679222000011],[8.243673987000022,4.732395956999994],[8.246048052999981,4.731196811000018],[8.249426841999991,4.730709075999982],[8.256892203999996,4.729615211000009],[8.258629799000005,4.72789812100001],[8.260366439999984,4.726181030000021],[8.261530875999995,4.724458217999995],[8.263273239,4.722164153999984],[8.265583992000018,4.720450878000008],[8.268462181000018,4.71931982000001],[8.268595971000025,4.719320910000022],[8.271328926000024,4.719343185000014],[8.275904654999977,4.720533848000002],[8.279338837000012,4.7211389540000255],[8.286792755000022,4.721199989000013],[8.28907966600002,4.721795082000028],[8.291934966999975,4.722971916000006],[8.293065071000001,4.724712849000014],[8.295896529999993,4.728199005000022],[8.299869537000006,4.73227119400002],[8.30272579199999,4.733448982000027],[8.303231239000013,4.734991550000018],[8.301987648000022,4.73677778199999],[8.300457954000024,4.743515015000014],[8.299905776999992,4.743927002000021],[8.297564507000004,4.744334697999989],[8.296874046000028,4.744745731000023],[8.297148704999984,4.745296955000015],[8.29742431599999,4.745296955000015],[8.297973633000026,4.745849132999979],[8.298799514999985,4.746125698000014],[8.300177333000022,4.746127847000025],[8.301004410000019,4.745854855000005],[8.30141830399998,4.745443344000023],[8.301971435999974,4.744343758000014],[8.302666664000014,4.7411808969999925],[8.303498267999998,4.739256859000022],[8.303776740999979,4.737743855000019],[8.30474376699999,4.736095427999999],[8.305298805000007,4.734583378000025],[8.306201496000028,4.733684588000017],[8.308470725999996,4.732339858999978],[8.30907154099998,4.729459763000023],[8.310821533000023,4.726587772000016],[8.312050208000016,4.724422864000019],[8.31531170400001,4.723472221000009],[8.326759535999997,4.725424642999997],[8.323547992999977,4.733955748000028],[8.32204784999999,4.737940712000011],[8.318524712999988,4.74729953100001],[8.318010178999998,4.748666330999981],[8.314998627000023,4.756666183999982],[8.31315844400001,4.761137521000023],[8.313055039000005,4.7613887780000255],[8.312550932000022,4.762144938000006],[8.304721832999974,4.773888587999977],[8.303655635999974,4.774954480000019],[8.29805374199998,4.780554771000027]]]},"properties":{"fid":688,"cty_nm":"Nigeria","iso3cd":"NGA","adm1nm":"Akwa lbom","adm2nm":"Udung Uko","adm1cd":"NGA003","adm2cd":"NGA003027"}},{"type":"Feature","id":755,"geometry":{"type":"Polygon","coordinates":[[[8.312050208000016,4.724422864000019],[8.310821533000023,4.726587772000016],[8.30907154099998,4.729459763000023],[8.308470725999996,4.732339858999978],[8.306201496000028,4.733684588000017],[8.305298805000007,4.734583378000025],[8.30474376699999,4.736095427999999],[8.303776740999979,4.737743855000019],[8.303498267999998,4.739256859000022],[8.302666664000014,4.7411808969999925],[8.301971435999974,4.744343758000014],[8.30141830399998,4.745443344000023],[8.301004410000019,4.745854855000005],[8.300177333000022,4.746127847000025],[8.298799514999985,4.746125698000014],[8.297973633000026,4.745849132999979],[8.29742431599999,4.745296955000015],[8.297148704999984,4.745296955000015],[8.296874046000028,4.744745731000023],[8.297564507000004,4.744334697999989],[8.299905776999992,4.743927002000021],[8.300457954000024,4.743515015000014],[8.301987648000022,4.73677778199999],[8.303231239000013,4.734991550000018],[8.30272579199999,4.733448982000027],[8.299869537000006,4.73227119400002],[8.295896529999993,4.728199005000022],[8.293065071000001,4.724712849000014],[8.291934966999975,4.722971916000006],[8.28907966600002,4.721795082000028],[8.286792755000022,4.721199989000013],[8.279338837000012,4.7211389540000255],[8.275904654999977,4.720533848000002],[8.271328926000024,4.719343185000014],[8.268595971000025,4.719320910000022],[8.268462181000018,4.71931982000001],[8.265583992000018,4.720450878000008],[8.263273239,4.722164153999984],[8.261530875999995,4.724458217999995],[8.260366439999984,4.726181030000021],[8.258629799000005,4.72789812100001],[8.256892203999996,4.729615211000009],[8.249426841999991,4.730709075999982],[8.246048052999981,4.731196811000018],[8.243673987000022,4.732395956999994],[8.240253447999976,4.730635166000013],[8.237392425999985,4.730034827999987],[8.235104561000014,4.729438781999988],[8.231102942999996,4.7282519340000135],[8.227668762000008,4.727647780999973],[8.224802017000002,4.727623940000001],[8.221940994000022,4.7270240779999995],[8.219074249000016,4.72700119000001],[8.21506595599999,4.726390838999976],[8.216236115000015,4.724092007000024],[8.217967987000009,4.722951889000001],[8.220260619999976,4.722970008999994],[8.221991538999987,4.721829891000027],[8.224882126000011,4.719544887999973],[8.227187157000003,4.718410015000018],[8.228362082999979,4.7155327799999895],[8.227232932999982,4.713792801000011],[8.225523948999978,4.712625027000001],[8.223821639999983,4.710878848999982],[8.222691536000013,4.709138870000004],[8.220989227000018,4.707394122999972],[8.21986579899999,4.705076217999988],[8.218168258999981,4.702754020999976],[8.216483116000006,4.699276924000003],[8.215370178,4.695805072999974],[8.21253204300001,4.692896843000028],[8.210273743000016,4.689414978000002],[8.209460508000006,4.686878759000024],[8.20916080500001,4.685944080000013],[8.208610534999991,4.683629989999986],[8.208071709000023,4.68016290700001],[8.207527160999973,4.6772727970000005],[8.20697689100001,4.6749601359999815],[8.20664134499998,4.6731792780000205],[8.206432343000017,4.672070025999972],[8.205995590999976,4.670939796000027],[8.205313682999986,4.669175148000022],[8.204774857000018,4.66570806499999],[8.204799986000012,4.663173399000016],[8.204820632999997,4.661090850999983],[8.201999664000027,4.656451225000012],[8.19744777699998,4.652952194000022],[8.195710182000028,4.654668807999997],[8.193973540999991,4.656385898999986],[8.190509796000015,4.658667088000016],[8.188778877000004,4.659808159000022],[8.185894965999978,4.661516189999986],[8.183028220999972,4.66149187100001],[8.179582595999989,4.662042140999972],[8.177294731000018,4.661446094999974],[8.174439430000007,4.660268783999982],[8.172730446000003,4.659101008999983],[8.170465469000021,4.656197071000008],[8.167615891000025,4.654441833000021],[8.164198875000011,4.6521058079999875],[8.160214424000003,4.649188041999992],[8.156224251000026,4.646846771000014],[8.151681322999991,4.645664398000008],[8.151649475,4.645656109000015],[8.151648306000027,4.645651201000021],[8.151098251000008,4.643342972000028],[8.151132583999981,4.639880179999977],[8.151734352000005,4.637000084000022],[8.15176296200002,4.6341137890000255],[8.152371406999976,4.630655766000018],[8.152405739000017,4.627192974000025],[8.15301322900001,4.623734951000017],[8.153626442000018,4.619699954999987],[8.153655051999976,4.616815089999989],[8.153689384000018,4.613351822000027],[8.152021407999996,4.608145236999974],[8.150364876000026,4.601781845000005],[8.15838527699998,4.602425098000026],[8.16238784799998,4.603610991999972],[8.166974068000002,4.603648185999987],[8.174439430000007,4.602553843999999],[8.178446769999994,4.603164196000023],[8.183612822999976,4.602628230999983],[8.189352036000002,4.6020979880000255],[8.193939209000007,4.602135180999994],[8.197946548000004,4.602744101999974],[8.202527999999973,4.603357791999997],[8.205394744999978,4.6033821109999735],[8.208255768000015,4.6039819719999855],[8.210548400999983,4.604000091999978],[8.213989258000026,4.604028224999979],[8.218002318999993,4.604061127000023],[8.219565520000003,4.602515432000018],[8.220897675000003,4.601198195999984],[8.223793030000024,4.5983362200000215],[8.227847098999973,4.594327926999995],[8.230169295999985,4.591462134999972],[8.231917381000017,4.588590145000012],[8.233672141999989,4.585141181999973],[8.23439343299998,4.584428402000015],[8.235409736999998,4.5834240909999835],[8.237719535999986,4.581710815000008],[8.23948403899999,4.580257937999988],[8.24080954499999,4.578988668000022],[8.241624940000008,4.578207867999993],[8.24226110799998,4.577079799999979],[8.243465447999995,4.574944236000022],[8.243928412000002,4.573231726000017],[8.244118689999993,4.5725278849999995],[8.245866776000014,4.569656849000012],[8.247036933999993,4.567358017000004],[8.248770850000028,4.565643732000012],[8.248120485000015,4.565742582999974],[8.246287811999991,4.566021139999975],[8.244114876000026,4.566351413999996],[8.243838310000001,4.566626548999977],[8.241366385999982,4.564007281999977],[8.24260492000002,4.564009886999997],[8.243018440000014,4.564010756000016],[8.245221137999977,4.564015387999973],[8.246581085000003,4.563917552000021],[8.248939514000028,4.563747883000019],[8.249766350000016,4.563749789999974],[8.251887400999976,4.563370168000006],[8.252969721999989,4.563176456000008],[8.254195976000005,4.563295601999982],[8.25568294499999,4.56280994399998],[8.256349580000006,4.562415122000004],[8.258566856000016,4.561101913000016],[8.26143932299999,4.560547828999972],[8.265464783000027,4.559426785000028],[8.26891040800001,4.558876990999977],[8.271203995000008,4.558896064999999],[8.274643898000022,4.558924198],[8.27693653099999,4.558941840999978],[8.279791832,4.560120105999999],[8.282647133000012,4.561296939999977],[8.285496711999997,4.563051223999992],[8.287784575999979,4.563646792999975],[8.290072441000007,4.56424284000002],[8.292222793999997,4.565246598999977],[8.293472290000011,4.568309784000007],[8.294011115999979,4.571776866999983],[8.294628339999974,4.573084521999988],[8.297367215999998,4.5744218849999925],[8.315286958000002,4.572850333000019],[8.328550549999989,4.589323985000021],[8.33134047499999,4.592789128999982],[8.340229266999984,4.603829189999999],[8.357498168999996,4.625277519000008],[8.359443664000025,4.629999161000001],[8.360277176000011,4.636388779000015],[8.338540658999989,4.694129406999991],[8.328660207999974,4.720375720999982],[8.327311625999982,4.72395807700002],[8.326759535999997,4.725424642999997],[8.31531170400001,4.723472221000009],[8.312050208000016,4.724422864000019]]]},"properties":{"fid":755,"cty_nm":"Nigeria","iso3cd":"NGA","adm1nm":"Akwa lbom","adm2nm":"Mbo","adm1cd":"NGA003","adm2cd":"NGA003017"}},{"type":"Feature","id":756,"geometry":{"type":"Polygon","coordinates":[[[8.282205582000017,4.778876781000008],[8.283911482999997,4.779630162999979],[8.287810143000002,4.782333352000023],[8.292433313999993,4.784827490999987],[8.290885344999992,4.786417905999997],[8.276003790999994,4.801707510000028],[8.273611069000026,4.804165839999996],[8.267499923999992,4.811666489000004],[8.264946913000017,4.815539522999984],[8.259443282999996,4.8238887780000255],[8.259443282999996,4.824873394999997],[8.259443282999996,4.828055381000013],[8.264666879999993,4.834307509999974],[8.262455940999985,4.837350845000003],[8.262868576000017,4.838156982999976],[8.262337684999977,4.838610648999975],[8.253651618999982,4.845960617000003],[8.250850677000017,4.848344326000017],[8.245797157000027,4.852643967000006],[8.240281105000008,4.854086398999982],[8.23696613300001,4.852046013000006],[8.236801146999994,4.8471899030000145],[8.235098838999988,4.8454451559999825],[8.232243537999977,4.84426784499999],[8.228820800999983,4.842508792999979],[8.224823952000008,4.840744971999982],[8.222211838000021,4.839734077000003],[8.220254898000007,4.8389768600000025],[8.215690612999992,4.836630821000028],[8.212262153999973,4.835449218999997],[8.205972671999973,4.833666800999993],[8.203684807000002,4.833071232000009],[8.199700355999994,4.830152988000009],[8.196855545000005,4.827822207999986],[8.195158957999979,4.825500010999974],[8.192894936000016,4.822596073],[8.19178771999998,4.818546771999991],[8.191243171999986,4.815657138999995],[8.190698623999992,4.8127670289999855],[8.190722466000011,4.81045818299998],[8.190778732000012,4.804687022999985],[8.191404342999988,4.799498081000024],[8.194890021999981,4.794909000000018],[8.196639060999985,4.792037010000001],[8.198949814000002,4.790324210999984],[8.200680733000013,4.789184093000017],[8.202412605000006,4.788043975999983],[8.204143524000017,4.786902904999977],[8.205875397,4.78576278700001],[8.208180427999991,4.784626961000015],[8.209912299999985,4.7834868429999915],[8.212789536000002,4.782355784999993],[8.214527130000022,4.780639172000008],[8.21459938999999,4.78059956200002],[8.219716071999983,4.777794837999977],[8.230632781999986,4.775575161000006],[8.232926368999983,4.775592803999984],[8.236354828000003,4.776774882999973],[8.24278659700002,4.777979850999998],[8.245522530000017,4.778003059000014],[8.248389244000009,4.777450084999998],[8.254129251999984,4.777494822999984],[8.257602272999975,4.776940769000021],[8.261588097000015,4.776401996999994],[8.264448166000022,4.7770018580000055],[8.267321587000026,4.776447772999973],[8.270188331999975,4.776471137999977],[8.273049355000012,4.777070998999989],[8.27534198799998,4.777090073000011],[8.278203011000016,4.777689934000023],[8.282205582000017,4.778876781000008]]]},"properties":{"fid":756,"cty_nm":"Nigeria","iso3cd":"NGA","adm1nm":"Akwa lbom","adm2nm":"Oron","adm1cd":"NGA003","adm2cd":"NGA003025"}},{"type":"Feature","id":758,"geometry":{"type":"Polygon","coordinates":[[[8.219565520000003,4.602515432000018],[8.218002318999993,4.604061127000023],[8.213989258000026,4.604028224999979],[8.210548400999983,4.604000091999978],[8.208255768000015,4.6039819719999855],[8.205394744999978,4.6033821109999735],[8.202527999999973,4.603357791999997],[8.197946548000004,4.602744101999974],[8.193939209000007,4.602135180999994],[8.189352036000002,4.6020979880000255],[8.183612822999976,4.602628230999983],[8.178446769999994,4.603164196000023],[8.174439430000007,4.602553843999999],[8.166974068000002,4.603648185999987],[8.16238784799998,4.603610991999972],[8.15838527699998,4.602425098000026],[8.150364876000026,4.601781845000005],[8.146941185000003,4.600022792999994],[8.142933846000005,4.599413872000014],[8.139493942000001,4.599386214999981],[8.133771895999985,4.598186016],[8.127465248000021,4.598134995000009],[8.123456954999995,4.59752512],[8.118876456999999,4.596910954000009],[8.114862442000003,4.596879005000005],[8.109707832000026,4.596260071000017],[8.106842040999993,4.596237183000028],[8.102833748000023,4.595626831000004],[8.099393845000009,4.595599173999972],[8.095959662999974,4.594995021999978],[8.091378211999995,4.594379902000014],[8.08565044400001,4.593757153000013],[8.081064223999988,4.593719006000015],[8.072481154999991,4.591918944999975],[8.06847858399999,4.5907320979999895],[8.064476967000019,4.589546203999987],[8.05932807900001,4.588349818999973],[8.054167747000008,4.588307858000007],[8.048439980000012,4.5876851080000165],[8.039862632999984,4.585307121000028],[8.03356170699999,4.584679127000015],[8.027833939000004,4.584054947000027],[8.018098830999975,4.582821846000002],[8.010048865999977,4.585065842000006],[8.008351326000025,4.582744122000008],[8.003776549999998,4.581552982000005],[8.000909804999992,4.5815291399999865],[7.997457981000025,4.582654952999974],[7.993426800000009,4.584353924000027],[7.987682818999986,4.58546209299999],[7.981392860000028,4.583680152999989],[7.9756832119999785,4.581326008000019],[7.969380855999987,4.580697059999977],[7.9608101840000245,4.577742100000023],[7.95337295500002,4.575951099000008],[7.947078228000009,4.574746131999973],[7.940237998999976,4.570651053999995],[7.931128025000021,4.564228058000026],[7.927692890000003,4.563622952000003],[7.924838066000007,4.562446116999979],[7.921982764999996,4.561267853000004],[7.9191331860000105,4.559514046000004],[7.915124892999984,4.558905125000024],[7.910555839999972,4.557136059000015],[7.896823883000025,4.554140091000022],[7.893958091999991,4.554115771999989],[7.889944076999996,4.554083823999974],[7.884211063000009,4.554038047999995],[7.8796119689999955,4.555154800000025],[7.872737884999992,4.554522038000016],[7.8646988869999745,4.555611134000003],[7.856104850999998,4.554965019000008],[7.850370883999972,4.554917811999985],[7.843484879000016,4.555439949000004],[7.834885120000024,4.555369853999991],[7.822834015000012,4.556427002000021],[7.814025878999985,4.555246829999987],[7.824885844999983,4.522970199999975],[7.825105898000004,4.522017566999978],[7.825395468000011,4.521172008000008],[7.825423482000019,4.521175987999982],[7.825878378000027,4.521249506999993],[7.840146397000012,4.523555449000014],[7.852715433000014,4.524779599999988],[7.931985697000016,4.5325000610000075],[7.952555092000011,4.5345034000000055],[7.987046260999989,4.537862639000025],[8.000537536000024,4.539176610000027],[8.011421916000018,4.540720627999974],[8.019711468000025,4.541896553000015],[8.025754139000014,4.542753742999992],[8.026946125999984,4.542922834000024],[8.08367257499998,4.54425130300001],[8.116467731,4.545019329000013],[8.122969786999988,4.544896649000009],[8.144842804000007,4.544483951000018],[8.147605177999992,4.544539584000006],[8.179436786999986,4.545180653999978],[8.204291911999974,4.545681221999985],[8.205468642000028,4.545704920999981],[8.21545318599999,4.545149149999986],[8.246848612999997,4.5434015800000225],[8.263053893999995,4.5424995430000195],[8.27666664100002,4.542222023000022],[8.281281148999994,4.542991233999999],[8.282257404999996,4.543153969999992],[8.288331985000013,4.544166565000012],[8.293054580999978,4.5463886260000095],[8.296665190999988,4.549721718000001],[8.300719587000003,4.554757359000007],[8.311076302000004,4.567620611999985],[8.315286958000002,4.572850333000019],[8.297367215999998,4.5744218849999925],[8.294628339999974,4.573084521999988],[8.294011115999979,4.571776866999983],[8.293472290000011,4.568309784000007],[8.292222793999997,4.565246598999977],[8.290072441000007,4.56424284000002],[8.287784575999979,4.563646792999975],[8.285496711999997,4.563051223999992],[8.282647133000012,4.561296939999977],[8.279791832,4.560120105999999],[8.27693653099999,4.558941840999978],[8.274643898000022,4.558924198],[8.271203995000008,4.558896064999999],[8.26891040800001,4.558876990999977],[8.265464783000027,4.559426785000028],[8.26143932299999,4.560547828999972],[8.258566856000016,4.561101913000016],[8.256349580000006,4.562415122000004],[8.25568294499999,4.56280994399998],[8.254195976000005,4.563295601999982],[8.252969721999989,4.563176456000008],[8.251887400999976,4.563370168000006],[8.249766350000016,4.563749789999974],[8.248939514000028,4.563747883000019],[8.246581085000003,4.563917552000021],[8.245221137999977,4.564015387999973],[8.243018440000014,4.564010756000016],[8.24260492000002,4.564009886999997],[8.241366385999982,4.564007281999977],[8.243838310000001,4.566626548999977],[8.244114876000026,4.566351413999996],[8.246287811999991,4.566021139999975],[8.248120485000015,4.565742582999974],[8.248770850000028,4.565643732000012],[8.247036933999993,4.567358017000004],[8.245866776000014,4.569656849000012],[8.244118689999993,4.5725278849999995],[8.243928412000002,4.573231726000017],[8.243465447999995,4.574944236000022],[8.24226110799998,4.577079799999979],[8.241624940000008,4.578207867999993],[8.24080954499999,4.578988668000022],[8.23948403899999,4.580257937999988],[8.237719535999986,4.581710815000008],[8.235409736999998,4.5834240909999835],[8.23439343299998,4.584428402000015],[8.233672141999989,4.585141181999973],[8.231917381000017,4.588590145000012],[8.230169295999985,4.591462134999972],[8.227847098999973,4.594327926999995],[8.223793030000024,4.5983362200000215],[8.220897675000003,4.601198195999984],[8.219565520000003,4.602515432000018]]]},"properties":{"fid":758,"cty_nm":"Nigeria","iso3cd":"NGA","adm1nm":"Akwa lbom","adm2nm":"Ibeno","adm1cd":"NGA003","adm2cd":"NGA003008"}},{"type":"Feature","id":759,"geometry":{"type":"Polygon","coordinates":[[[7.814025878999985,4.555246829999987],[7.810712813999999,4.5644087790000185],[7.792991160999975,4.559072017999995],[7.780984879000016,4.555511951000028],[7.769552230999977,4.551957130000005],[7.754680156999996,4.548374175999982],[7.736367226000027,4.544763088000025],[7.732937812999978,4.543581008999979],[7.727788925000027,4.542385100999979],[7.722067832999983,4.541183949000015],[7.718053817999987,4.541152000000011],[7.713479042000017,4.539960860999997],[7.708909988000016,4.538191794999989],[7.705474853999988,4.537588120000009],[7.700337886999989,4.535236834999978],[7.695767879000016,4.533469200000013],[7.691197871999975,4.531701087999977],[7.686623096000005,4.530508994999991],[7.6831889150000166,4.529904842000008],[7.678607940999996,4.529291152999974],[7.675149917999988,4.530993937999995],[7.673408031000008,4.533288002000006],[7.672804831999997,4.53617000600002],[7.673934937000013,4.537909984999999],[7.676210879999985,4.539659976999985],[7.6779141430000095,4.541405200999975],[7.681324958999994,4.544318198999974],[7.682487965000007,4.5463762279999855],[7.680156231000012,4.546617985000012],[7.677569388999984,4.549957274999997],[7.672269343999972,4.547625064999977],[7.669291019000013,4.543643950999979],[7.667003154999975,4.54304790499998],[7.665299892000007,4.541303158000005],[7.663152695000008,4.540628432999995],[7.6587004660000275,4.538932799999998],[7.65675687800001,4.535461902999998],[7.6544809339999915,4.533712863999995],[7.650485038999989,4.531949042999997],[7.647613048999972,4.5325031279999735],[7.645325184000001,4.531907081999975],[7.641879082000003,4.5324559210000075],[7.63957977299998,4.53301477399998],[7.637275219000003,4.53415107699999],[7.63497590999998,4.53470897699998],[7.633244991000026,4.535850047999986],[7.63037204699998,4.536404133000019],[7.624053955000022,4.5375070570000275],[7.622344971000018,4.536338806000003],[7.621215819999975,4.534597873999985],[7.618371964000005,4.532267094000019],[7.616089821000003,4.531094074000009],[7.612660885000025,4.52991199500002],[7.609239101000014,4.528152943000009],[7.605833054000016,4.524662018000015],[7.60756397199998,4.5235218999999915],[7.610436916000026,4.522967815000015],[7.6127409929999885,4.52183198900002],[7.6139669419999905,4.519003868000027],[7.620223999000018,4.519007206000026],[7.623083114999986,4.517307758000015],[7.621387004999974,4.513915538999981],[7.627155780999999,4.513868808999973],[7.626687527000001,4.511583327999972],[7.623761177000006,4.509223937999991],[7.620750903999976,4.509039401999985],[7.617396354999983,4.511308670000005],[7.61587476699998,4.506283283000016],[7.60866642000002,4.506283283000016],[7.607394694999982,4.507979393000028],[7.605698586000017,4.5117955210000105],[7.6037902830000235,4.514975547999995],[7.600191116000019,4.5153827670000055],[7.597005844000023,4.514975547999995],[7.593401909000022,4.519215583999994],[7.589797497000006,4.519427775999986],[7.586975097999982,4.518160819999991],[7.583649634999972,4.517519473999982],[7.582377434000023,4.512855530000024],[7.5779252049999855,4.513279437999984],[7.576563061999991,4.513046556000006],[7.579979498,4.511877898000023],[7.579498376000004,4.511571016999994],[7.585852885000008,4.506438530000025],[7.587231624000026,4.505324932000008],[7.597641765999981,4.497591683999985],[7.60082556399999,4.492108476999988],[7.602995553000028,4.488371271999995],[7.602978120999978,4.488179517999981],[7.602400687999989,4.481827754999983],[7.603998572000023,4.4792711410000265],[7.606862177999972,4.474689372],[7.619056914999987,4.474391938999986],[7.641220026999974,4.484283345999984],[7.660080968999978,4.492700993000028],[7.661679532999983,4.493414432999998],[7.669455148999987,4.496884694000016],[7.670832634000021,4.497499466000022],[7.672587839000016,4.497180362999984],[7.676943778999998,4.496388434999972],[7.679063471000006,4.496516891999988],[7.685130506999997,4.496884561999991],[7.6952772139999865,4.497499466000022],[7.723610877999988,4.502222060999998],[7.747792914999991,4.507999670000004],[7.754168384000025,4.509522907000019],[7.769952298000021,4.5132940230000145],[7.774487460999978,4.513938429999996],[7.775112550000017,4.51402724899998],[7.788605693000022,4.5159445059999825],[7.805603318999999,4.518359717999999],[7.810934294999981,4.5191172030000075],[7.825395468000011,4.521172008000008],[7.825105898000004,4.522017566999978],[7.824885844999983,4.522970199999975],[7.814025878999985,4.555246829999987]]]},"properties":{"fid":759,"cty_nm":"Nigeria","iso3cd":"NGA","adm1nm":"Akwa lbom","adm2nm":"Eastern Obolo","adm1cd":"NGA003","adm2cd":"NGA003002"}}]}