{"type":"FeatureCollection","features":[{"type":"Feature","id":400,"geometry":{"type":"Polygon","coordinates":[[[7.970626831000004,12.741959571999985],[7.97177886999998,12.747050285],[7.9717569349999735,12.751669884000023],[7.974089145999983,12.756290435999972],[7.976408957999979,12.763230324000006],[7.977558136000027,12.769000053000013],[7.978702068000018,12.775930404999997],[7.97866392100002,12.784020424000005],[7.975101947999974,12.790940284999976],[7.972737789000007,12.793239594],[7.968020916,12.795539856000005],[7.964487076000012,12.79668998699998],[7.960940837999999,12.800140381000006],[7.9526891709999745,12.803589821000003],[7.946802138999999,12.804730414999995],[7.9409031870000035,12.808179854999992],[7.9373631479999744,12.810480117999987],[7.934994221000011,12.813940048000006],[7.931441784000015,12.81855010999999],[7.929068088999998,12.823160171999973],[7.926710129000014,12.824310303000004],[7.925521850999985,12.826620101999993],[7.9231638910000015,12.827770233000024],[7.919622898,12.83006954199999],[7.914912223999977,12.831210135999982],[7.911383151999985,12.831199646000016],[7.907854079999993,12.831199646000016],[7.903159141999993,12.828880309999988],[7.898464203000003,12.826560019999988],[7.896115780000002,12.825400351999974],[7.891420841000013,12.82308006300002],[7.883196831000021,12.820750237000027],[7.876142979000008,12.819580078000001],[7.870261191999987,12.819560050999996],[7.866732120999984,12.819549560999974],[7.862026215000014,12.819540023999991],[7.856143950999979,12.81952953299998],[7.851438045999998,12.819519996999986],[7.844378947999985,12.819499968999992],[7.836143970000023,12.819479941999987],[7.833790779000026,12.819479941999987],[7.826743125999997,12.817150115999993],[7.822037220000027,12.817139626000028],[7.814983844999972,12.815970420999975],[7.807940959999996,12.812490463000017],[7.8056001659999765,12.810170174000007],[7.8009037969999895,12.807849884000007],[7.797386168999992,12.805540085000018],[7.793861865999986,12.804369925999993],[7.786814213000014,12.802049636999982],[7.784461021000027,12.8020401],[7.780938148000018,12.800880431999985],[7.7774190900000235,12.798560142999975],[7.7750711439999804,12.797400475000018],[7.771546840999974,12.796239852999975],[7.771564006999995,12.792779922000022],[7.771591187000013,12.786999702000003],[7.770431041999984,12.783539771999983],[7.769276142000024,12.778909682999995],[7.7693090440000105,12.771989822000023],[7.769340992000025,12.765060425000001],[7.769351959000005,12.762749671999984],[7.769384860999992,12.755820273999973],[7.769405842000026,12.751199722000024],[7.768272877000015,12.741959571999985],[7.7682838439999955,12.739649772999996],[7.769476891000011,12.736189841999987],[7.769505024000011,12.730409622000025],[7.769521236000003,12.726949692000005],[7.768365860000017,12.722330092999982],[7.766028881000011,12.718859672999997],[7.761366844000008,12.709609984999986],[7.759018898000022,12.708450316999972],[7.756682872999988,12.704979896999987],[7.753174781999974,12.700349807999999],[7.750866412999983,12.699589729000024],[7.747297763999995,12.699190139999985],[7.742619991000026,12.693400382999982],[7.740287781000006,12.688779830999977],[7.740310191999981,12.684160233],[7.739144801999998,12.681850433000022],[7.741525173000014,12.676079749999985],[7.742718219999972,12.672619820000023],[7.747445106999976,12.668009757999982],[7.754519938999977,12.664560317999985],[7.760402203000012,12.664569855000025],[7.765108108999982,12.664589881999973],[7.770996093999997,12.663439750999999],[7.7757067680000205,12.66230010999999],[7.780424117999985,12.659999846999995],[7.786316871999986,12.657710075000011],[7.789856911000015,12.655400276000023],[7.792226791000019,12.651949882999986],[7.794589996000013,12.649640083000008],[7.798136234000026,12.646180152999989],[7.799334048999981,12.641570091000006],[7.800531863999993,12.636949539],[7.800551890999998,12.632719994000013],[7.80291318899998,12.631179809999992],[7.806457996000006,12.627730369999995],[7.808811187999993,12.627730369999995],[7.812356948999991,12.624279976000025],[7.81589698800002,12.621979712999973],[7.820608139000001,12.620829581999999],[7.827667236000025,12.620849609000004],[7.831195831000002,12.620860100000016],[7.833559990000026,12.618550301000028],[7.839441776000001,12.618570327999976],[7.842977046999977,12.617420197000001],[7.845335007000017,12.61627006499998],[7.853580952000016,12.613980292999997],[7.8559350969999855,12.61398982999998],[7.8582930559999795,12.612839699000006],[7.862998962000006,12.612850189000028],[7.868885993999982,12.61170959499998],[7.872416019000013,12.61170959499998],[7.8759450910000055,12.611720085000002],[7.881826878000027,12.611740112000007],[7.887714862999985,12.610600470999998],[7.893598080000004,12.61061000799998],[7.8971319199999925,12.609459877000006],[7.898342133000028,12.602540015999978],[7.900704861000008,12.60023021699999],[7.904244899999981,12.597929954999984],[7.907780170000024,12.59677982300002],[7.912490844999979,12.595640182000011],[7.918389796999975,12.592189788999974],[7.9231009480000125,12.591050148000022],[7.926640986999985,12.588749886000016],[7.928995132000011,12.588749886000016],[7.9337120060000075,12.586449623000021],[7.940406799000016,12.578069686999982],[7.941996098000004,12.576080321999996],[7.944354056999998,12.574930191000021],[7.95495796199998,12.571490288000007],[7.957311152999978,12.57149982499999],[7.9605140689999985,12.572549820000006],[7.9584598540000115,12.577269553999997],[7.9584488869999745,12.579580307000015],[7.957245827000008,12.585350037000012],[7.956052779999993,12.588809966999975],[7.956037045000016,12.592280388000006],[7.956005096000013,12.599209785000028],[7.955987929999992,12.60266971599998],[7.954794884000023,12.606129646],[7.953597069000011,12.610750198000005],[7.953579902999991,12.614210129000014],[7.952376841999978,12.619979858000022],[7.950013161000015,12.622289658],[7.947621821999974,12.630359650000003],[7.9440817830000015,12.63267040300002],[7.939342975999978,12.63957977299998],[7.935798168000019,12.643039703],[7.93225812899999,12.645339965999995],[7.926374912000028,12.645330429000012],[7.918139934999999,12.645310402000007],[7.907546996999997,12.646439552000004],[7.904016972000022,12.64643001600001],[7.899301051999998,12.648730278000016],[7.894584178999992,12.651029586999982],[7.891055107,12.65102005],[7.8886961939999765,12.652170180999974],[7.887497902000007,12.656780243000014],[7.888647079000009,12.662560462999977],[7.890962123999998,12.670649529000002],[7.892121792000012,12.674119948999987],[7.894436836000011,12.682200432000002],[7.893232822000016,12.68797016100001],[7.89438295399998,12.693750380999973],[7.895536900000025,12.698369979999995],[7.897869109999988,12.703000068999984],[7.899028778000002,12.706459999000003],[7.90252018000001,12.714559554999994],[7.903657913000018,12.722640038000009],[7.904801845999998,12.729570389000003],[7.908288002000006,12.738820076000025],[7.908271790000015,12.742280005999987],[7.910586834000014,12.750370025999985],[7.912912845999983,12.756150246000004],[7.91523790399998,12.761930466000024],[7.91993284199998,12.764249801999995],[7.923462868000001,12.764260292000017],[7.9269919399999935,12.764269829],[7.929345130999991,12.764269829],[7.931703090999974,12.763119698000025],[7.935248851999972,12.759670258000028],[7.937613010000007,12.757360457999994],[7.93997096999999,12.75621032700002],[7.941158771999994,12.753910065000014],[7.945869922999975,12.752759932999993],[7.9505858420000095,12.750459670999987],[7.955308914,12.74701023099999],[7.957684040000004,12.742400169000007],[7.962395190999985,12.741250037999976],[7.967101097000011,12.741259575000015],[7.970626831000004,12.741959571999985]]]},"properties":{"fid":400,"cty_nm":"Nigeria","iso3cd":"NGA","adm1nm":"Katsina","adm2nm":"Bindawa","adm1cd":"NGA021","adm2cd":"NGA021005"}},{"type":"Feature","id":397,"geometry":{"type":"Polygon","coordinates":[[[7.487307072000021,11.697429656999986],[7.484948158000009,11.698579788000018],[7.483749865999982,11.703200340000024],[7.482563018999997,11.70549964899999],[7.477839947000007,11.708959579000009],[7.474295138999992,11.712409972999978],[7.471930981000014,11.714719772000024],[7.467214108000007,11.717009544000007],[7.466022015000021,11.720479964999981],[7.4636578559999975,11.722780227999976],[7.4601120949999995,11.726240157999996],[7.45892477000001,11.728540420999991],[7.4577369689999955,11.73085021999998],[7.456550121000021,11.733160019000024],[7.454181194,11.736619948999987],[7.449463843999979,11.738909721000027],[7.447105884999985,11.740059852999991],[7.442395209999972,11.741209984000022],[7.438859939999986,11.742349624999974],[7.435319901000014,11.74464988699998],[7.431785106999996,11.745800018000011],[7.428245068000024,11.748100281000006],[7.425875186999974,11.751560211000026],[7.422329902999991,11.755020141999978],[7.4175910949999775,11.761940002000017],[7.4163990019999915,11.765399933000026],[7.414029120999999,11.768859862999989],[7.411660193999978,11.772310257000015],[7.4128150939999955,11.776940346000004],[7.4104399679999915,11.781550406999997],[7.410424232000025,11.785010338000006],[7.409235953999996,11.787320136999995],[7.405684947999987,11.791930198999978],[7.404498100000012,11.794239998000023],[7.403294086000017,11.800009726999974],[7.403277874000025,11.803469657999983],[7.4020800590000135,11.808090209999989],[7.400887011999998,11.811550140000008],[7.394989013999975,11.814999580000006],[7.391454220000014,11.816149712000026],[7.387914180999985,11.818449973999975],[7.382037163000007,11.817279815999996],[7.376153945999988,11.817270279000013],[7.369094849000021,11.817250252000008],[7.36323022800002,11.813770293999994],[7.355000018999988,11.812600136000015],[7.3491230010000095,11.811429976999989],[7.342070103000026,11.81025981900001],[7.337364196999999,11.810250282000027],[7.320899010000005,11.809060096999985],[7.315017222999984,11.80904006999998],[7.309140205000006,11.807869911000012],[7.303256988999976,11.807860373999972],[7.299723147999998,11.80900955200002],[7.297390937999978,11.804380417000004],[7.2962307930000065,11.800919533000013],[7.293900012999984,11.796290397999996],[7.292735100000016,11.793979644999979],[7.291569233000018,11.79166984599999],[7.290402889000006,11.78934955599999],[7.2892432209999924,11.785889626000028],[7.286922931999982,11.778949737999994],[7.283425808000004,11.772020339999983],[7.283442019999995,11.768549919000009],[7.285817145999999,11.763939857000025],[7.288176060000012,11.762789725999994],[7.291709900000001,11.76163959500002],[7.297597885000016,11.76049995400001],[7.301137923999988,11.758199692000005],[7.304673195000021,11.757060050999996],[7.307042121999984,11.753600120999977],[7.310593127999994,11.748990058999993],[7.314138888999992,11.745530127999984],[7.315326213999981,11.743220328999996],[7.317696094999974,11.739760398999977],[7.318882942000016,11.737460135999982],[7.32125186899998,11.734000206000019],[7.322444915999995,11.730540276],[7.324820041999999,11.725919723999993],[7.326006888999984,11.723620415000028],[7.328371048000008,11.72130966200001],[7.328386783999974,11.717849731000001],[7.327231884000014,11.713230133000025],[7.328431129000023,11.708609581000019],[7.328457832000026,11.702839851000022],[7.32730817800001,11.697059631000002],[7.328512192000005,11.691289901999994],[7.328534126000022,11.686670303000028],[7.327379226999994,11.682049751000022],[7.326219082000023,11.67858028400002],[7.327416896999978,11.67397022199998],[7.327433109000026,11.670499801999995],[7.328626155999984,11.667039870999986],[7.326311110999995,11.658949851999978],[7.325167179000005,11.652020454000024],[7.3240132330000165,11.647399902000018],[7.324028968999983,11.643939971999998],[7.322868824000011,11.640469551000024],[7.321720122999977,11.634690284999976],[7.320559025000023,11.631230354000024],[7.324110985000004,11.626609802000019],[7.325308800000016,11.621999741000025],[7.328859806000025,11.617389678999984],[7.33122301100002,11.615079879999996],[7.334768772000018,11.611630439999999],[7.3359618189999765,11.608169556000007],[7.337154865000002,11.604700089000005],[7.340700149999975,11.601249694999979],[7.34425687800001,11.595479964999981],[7.346632004000014,11.590869903999987],[7.349000930999978,11.587409972999978],[7.349017143000026,11.583950043000016],[7.350214957999981,11.579330443999993],[7.351412772999993,11.574709891999987],[7.351446151999994,11.567790031000015],[7.351472854999997,11.562009810999996],[7.351506233000009,11.555089951000014],[7.350357056000007,11.549309730999994],[7.349206923999986,11.543530464000014],[7.352775097000006,11.535460472000011],[7.352807998999992,11.528530121000017],[7.351653098999975,11.523909569000011],[7.352850913999987,11.519289969999988],[7.354043006999973,11.515830040000026],[7.358792782000023,11.506600380000009],[7.362343787999976,11.501990318000026],[7.364724158999991,11.496219634999989],[7.36709880799998,11.491609573000005],[7.3718152050000185,11.489310264999972],[7.375360966000017,11.485859871000002],[7.380370140000025,11.480299950000017],[7.3847842220000075,11.48357009900002],[7.389472961000024,11.487039566000021],[7.394156932999977,11.49166965500001],[7.400018214999989,11.49631023400002],[7.403535842999986,11.498620033000009],[7.4140810970000075,11.507880210999986],[7.421117783,11.512519836000024],[7.4281501770000204,11.518309593000026],[7.435185908999983,11.52295017199998],[7.438710212999979,11.524109839999994],[7.444592952999983,11.524120331000006],[7.453988074999984,11.527609825000013],[7.458677769000019,11.531080245999988],[7.46337795300002,11.532250404000024],[7.469254970999998,11.53341960900002],[7.473966121999979,11.532270432000018],[7.479843140000014,11.533439636000026],[7.4857311249999725,11.532299995000017],[7.490447997999979,11.529999733000011],[7.492816925,11.526539802999991],[7.494015217000026,11.521929741000008],[7.4975819590000015,11.513850212000023],[7.501150130999974,11.50578022000002],[7.50472307199999,11.496549605999974],[7.504738808000013,11.493080139000028],[7.501231194000013,11.488459587000023],[7.500071048999985,11.48499012000002],[7.497735023000018,11.481519698999989],[7.495391846000018,11.479200363000018],[7.494226932999993,11.47688961],[7.493072032999976,11.472270012000024],[7.493087768999999,11.468810081000015],[7.495458126000017,11.465350150999996],[7.499009132000026,11.460740089000012],[7.50137805899999,11.457280158999993],[7.504922867000005,11.453820228999973],[7.510821819,11.450369835000004],[7.5155391690000215,11.448069572000009],[7.520260811000014,11.444620132000011],[7.524978160999979,11.442319870000006],[7.532046794999985,11.440030098000022],[7.534399985999983,11.440030098000022],[7.539116858999989,11.437740325999982],[7.54854011499998,11.435449600000027],[7.554432868999982,11.433150291000004],[7.560315132000028,11.433170318999998],[7.566203116999986,11.432020186999978],[7.575462818000005,11.434690475000025],[7.573223113999973,11.440119743000025],[7.56967210800002,11.444729805000009],[7.568484782999974,11.447039603999997],[7.567292212999973,11.450499535000006],[7.564907074000018,11.457429886],[7.564896106999981,11.459730148000006],[7.564885139000012,11.462039947999983],[7.563686847999975,11.466659546000017],[7.5624828339999794,11.472430228999997],[7.5612850190000245,11.47704982800002],[7.557716846000005,11.485119820000023],[7.555332184000008,11.492050171000017],[7.555309771999987,11.496660233],[7.557635784000013,11.50244045300002],[7.559967040999993,11.507069587999979],[7.5611329079999905,11.509380340999996],[7.564630032000025,11.516320228999973],[7.5681371690000105,11.520939827000007],[7.570467948999976,11.525569915999995],[7.571629046999988,11.529029846000014],[7.572762011999998,11.538269996999986],[7.573915957999986,11.542900084999985],[7.570360183999981,11.548660278],[7.563279152000007,11.553259850000018],[7.559721947000014,11.559029579000025],[7.556159972999978,11.565950394000026],[7.5549621580000235,11.570569992000003],[7.553763865999997,11.575180053999986],[7.551394938999977,11.578639984000006],[7.545495986999981,11.582090377999975],[7.5395979880000255,11.585539817999972],[7.537233829000002,11.587849617000018],[7.532516955999995,11.590149879000023],[7.5277900699999805,11.594750404000024],[7.524239062999982,11.599360466000007],[7.523040771000012,11.603980063999984],[7.524206160999995,11.606289864000018],[7.527708054000016,11.612070083999981],[7.530034064999995,11.617850304000001],[7.531188965000013,11.622469901999978],[7.528813839000009,11.627090453999983],[7.527620791999993,11.630550384999992],[7.527605057000017,11.634010315000012],[7.529924870000002,11.640950202999989],[7.532239914000002,11.649040221999996],[7.534560204000002,11.655969620000008],[7.53687000299999,11.66520976999999],[7.5391850469999895,11.673299788999998],[7.539163112999972,11.677920341000004],[7.539135933000011,11.683690071000001],[7.53841686200002,11.686459540999977],[7.535606861000019,11.683690071000001],[7.533258914999976,11.682530402999987],[7.530917167999974,11.680210113999976],[7.528574944000013,11.677900313999999],[7.522704123999972,11.675569533999976],[7.519185065999977,11.673250198000005],[7.5144848819999766,11.672089577000008],[7.5109548570000015,11.672080040000026],[7.507421017000013,11.673230171],[7.505062103,11.674380301999975],[7.4991579059999935,11.678979873999992],[7.494441986000027,11.681280135999998],[7.493254185000012,11.683589934999986],[7.488525867000021,11.688199997000027],[7.487737655999979,11.694169998000007],[7.487307072000021,11.697429656999986]]]},"properties":{"fid":397,"cty_nm":"Nigeria","iso3cd":"NGA","adm1nm":"Katsina","adm2nm":"Bakori","adm1cd":"NGA021","adm2cd":"NGA021001"}},{"type":"Feature","id":398,"geometry":{"type":"Polygon","coordinates":[[[7.555233002000023,12.73666953999998],[7.556521893000024,12.739159583999992],[7.557676791999995,12.743780135999998],[7.560012816999972,12.747249603],[7.561179160999984,12.749560356000018],[7.562338828999998,12.75302982300002],[7.5634989740000265,12.756500243999994],[7.565835952999976,12.759969710999997],[7.568171978000009,12.763440132000028],[7.570514202000027,12.765749931000016],[7.572844981999992,12.770380020000005],[7.57401084899999,12.772689818999993],[7.575177193000002,12.774999619000027],[7.575160980000021,12.77845954899999],[7.57513284700002,12.78423976900001],[7.5762991909999755,12.786549567999998],[7.577458858,12.790019988999973],[7.578619002999972,12.793479918999992],[7.578608035999991,12.795789719000027],[7.5809450149999975,12.799260139000012],[7.583281994000004,12.802729607000003],[7.5856180189999804,12.806200026999988],[7.5879549979999865,12.80967044800002],[7.592644215000007,12.813150405999977],[7.59498596200001,12.815460205000022],[7.598498821000021,12.818929672000024],[7.602013111000019,12.822409629999981],[7.607872962999977,12.827039719000027],[7.613728046000006,12.832830429000012],[7.613707066000018,12.837450026999988],[7.614871978999986,12.839759827000023],[7.617208957999992,12.843230247000008],[7.6207160949999775,12.847849845999974],[7.624224185999992,12.85247993500002],[7.6277370450000035,12.855950355999994],[7.631245136000018,12.860580443999993],[7.6347470279999925,12.866359710999973],[7.638248920000024,12.872139930999992],[7.639414787000021,12.874460220000003],[7.64292812299999,12.877929687000005],[7.649959087000013,12.88372039799998],[7.653471947000014,12.887189864999982],[7.659327984000015,12.892979621999984],[7.664021968999975,12.895299910999995],[7.667541027000027,12.897620200999995],[7.674589157000014,12.899939537000023],[7.678106785000011,12.902259827000023],[7.680449008999972,12.904569626000011],[7.688645839999992,12.912679672000024],[7.694518088999985,12.914999962000024],[7.700377940999999,12.919630051000013],[7.7038922309999975,12.923100470999998],[7.710927963000017,12.927740097000026],[7.714447021000012,12.930060387000026],[7.7179660799999965,12.932370186000014],[7.721484184000019,12.934690475000025],[7.727355003000014,12.937009810999996],[7.730874061999998,12.939330100999996],[7.734393119999993,12.941650390999996],[7.736740112000007,12.94281005900001],[7.741424084000016,12.947440147000009],[7.742589951000014,12.949749946999987],[7.747279166999988,12.953229904000011],[7.749627112999974,12.954389572000025],[7.753145217999986,12.956709862000025],[7.756658076999997,12.960180283],[7.758999824999989,12.962490081999988],[7.761336803000006,12.96595954899999],[7.763673782000012,12.969429970000022],[7.7636580469999785,12.972900390999996],[7.764817237999978,12.976360321000016],[7.762447834,12.979820250999978],[7.760078906999979,12.983280181999987],[7.757719994000013,12.984430313000018],[7.755356789000018,12.986729621999984],[7.750646114000006,12.987879753000016],[7.749457835999976,12.99018001600001],[7.747105121999994,12.99018001600001],[7.742393970000023,12.991319655999973],[7.738859176999995,12.992469787999994],[7.735323906000019,12.993619919000025],[7.731794834000027,12.993610381999986],[7.729436873999987,12.994759559999977],[7.72707796100002,12.995909691000008],[7.724724770000023,12.995900154000026],[7.721185207000019,12.998200417000021],[7.718832016000022,12.998200417000021],[7.716474055999981,12.999349594000023],[7.714109898000004,13.001649857000018],[7.7117471689999775,13.003950119000024],[7.7105541230000085,13.007410048999986],[7.710543156000028,13.009719849000021],[7.711709023000026,13.012040137999975],[7.711691856000016,13.015500068999984],[7.712858200000028,13.017809867999972],[7.715194225000005,13.021280289000003],[7.718718051999986,13.022439957000017],[7.721065997999972,13.023610114999997],[7.723402976999978,13.027070045000016],[7.723392009999998,13.029379844999994],[7.725732803000028,13.031700134000005],[7.728075981000018,13.034009932999993],[7.728058814999997,13.037480354000024],[7.728043078999974,13.040940284999976],[7.726856231999989,13.043250084000022],[7.72480010999999,13.048230171],[7.720956801999989,13.046699524000019],[7.717439174999981,13.044380187999991],[7.7139310840000235,13.039750099000003],[7.711599826999986,13.035129546999997],[7.708096980999983,13.029350281000006],[7.702237129000025,13.024720192000018],[7.695184230999985,13.023550033999982],[7.684585093999999,13.025830268999982],[7.681055069000024,13.025819778000027],[7.6822481159999825,13.022359848000008],[7.679912090000016,13.018890381000006],[7.678746223000019,13.016579627999988],[7.677579879999996,13.014269829],[7.676414967000028,13.011960030000012],[7.675249099999974,13.009639740000011],[7.674083232999976,13.007329941000023],[7.671747207999999,13.003860474000021],[7.668233870999984,13.00039005299999],[7.664721011999973,12.996919632000015],[7.6623840330000235,12.993450165000013],[7.658864974999972,12.991129875000013],[7.654176235000023,12.987649917999988],[7.6483039859999735,12.985329627999988],[7.644785881000018,12.983010292000017],[7.642444134000016,12.980699539],[7.637749195000026,12.978380202999972],[7.634235859,12.974909781999997],[7.631898879999994,12.971440314999995],[7.631909846999974,12.969129561999978],[7.631920815000001,12.96681976299999],[7.630765914999984,12.962200165000013],[7.629605770000012,12.958729743999982],[7.629617214000007,12.956419944999993],[7.628457068999978,12.952949524000019],[7.627291203000027,12.950639724999974],[7.622607231000018,12.946009635999985],[7.617922782999983,12.941379546999997],[7.61557578999998,12.940219878999983],[7.612051963999988,12.939060211000026],[7.607350826000015,12.93789005299999],[7.604998111999976,12.93789005299999],[7.602640151999992,12.93904018400002],[7.600286960999995,12.939029693999998],[7.595582008000008,12.939020157000016],[7.592051982999976,12.939009666000004],[7.588521957000012,12.93900013000001],[7.584988117000023,12.940150260999985],[7.5802822109999966,12.94013977100002],[7.575571060000016,12.941280365000011],[7.56966590899998,12.945890426999995],[7.567307948999996,12.947039603999997],[7.564945221000016,12.949339866999992],[7.5625810619999925,12.95164966599998],[7.559045792000006,12.952790259999972],[7.556676864999986,12.956250190999981],[7.55666112900002,12.959710121],[7.555468082000004,12.963179588000003],[7.553691863999973,12.970687865999992],[7.5483818050000195,12.968930243999978],[7.538991927999973,12.964289665000024],[7.535472869999978,12.961979865999979],[7.5296020509999835,12.959650039999985],[7.522564887999977,12.955019950999997],[7.5202169419999905,12.953860282999983],[7.510838031999981,12.946909903999995],[7.501464843999997,12.938799857999982],[7.495594025000003,12.936479567999982],[7.4885559080000235,12.931839943],[7.481530190000001,12.924900055000023],[7.4744820590000245,12.922570228999973],[7.466251849999992,12.921400070000004],[7.461567878999972,12.916769981000016],[7.458055019000028,12.913299560999974],[7.449831008999979,12.910969733999991],[7.4427781109999955,12.909799576000012],[7.439259052000011,12.907480239999984],[7.4333930020000025,12.904000282000027],[7.42635107000001,12.900520325000002],[7.42165613200001,12.898200035000002],[7.416950225999983,12.89818954499998],[7.406362057000024,12.898170471000014],[7.400479793999978,12.89815044400001],[7.3969450000000165,12.899299622000001],[7.39223909399999,12.899290085000018],[7.383997916999988,12.900420188999988],[7.380446910999979,12.905039787000021],[7.375724792000028,12.90849018099999],[7.367414473999986,12.912991524000006],[7.365108967000026,12.914239882999993],[7.365119934000006,12.911930084000005],[7.366334914999982,12.90384960199998],[7.3663620949999995,12.898079871999983],[7.366394996999986,12.891150475000018],[7.364068985000017,12.885370254999998],[7.3640909189999775,12.880749702000003],[7.364118098999995,12.874979972999995],[7.364133835000018,12.87150955200002],[7.366525173000014,12.863430022999978],[7.367718219999972,12.859970093000015],[7.369697094000003,12.856129646],[7.37362194100001,12.855369568000015],[7.378323077999994,12.85653019],[7.380670070999997,12.857689857000025],[7.385369777999983,12.858860015999994],[7.390065192999998,12.861180305000005],[7.394793033999974,12.856570244000011],[7.397157192000009,12.854269981000016],[7.400697230999981,12.851960182000028],[7.403059959000018,12.849659920000022],[7.405425072000014,12.847359657000027],[7.410136222999995,12.846209525999996],[7.414846897000018,12.845069884999987],[7.41837596900001,12.845080375999999],[7.421910763000028,12.843930243999978],[7.424270153000009,12.842780113000003],[7.428975105000006,12.842789649999986],[7.432505131000028,12.842800140000008],[7.436038971000016,12.841650008999977],[7.440744876999986,12.841659546000017],[7.443098067999983,12.841670035999982],[7.4454507830000125,12.841679573000022],[7.451333999999974,12.841690062999987],[7.457200049999983,12.845170021000001],[7.461900233999984,12.846329689000015],[7.467765808000024,12.849809646999972],[7.471279143999993,12.853280067000014],[7.477156162000028,12.854450225999983],[7.4806852340000205,12.854459763000023],[7.486539841000024,12.860250473000008],[7.4912409780000075,12.861410141000022],[7.49477005,12.861419678000004],[7.499464988999989,12.863739967000015],[7.501811981000003,12.864899634999972],[7.507688998999981,12.866069793999998],[7.510042191000025,12.866069793999998],[7.512394905000008,12.86608028400002],[7.515923977,12.866089821000003],[7.520618915999989,12.868410110000013],[7.522966861999976,12.869569778000027],[7.528832911999984,12.873049735999984],[7.533534050000014,12.874210358000028],[7.540575981000018,12.877690314999995],[7.547624111000005,12.880020141999978],[7.551153182999997,12.880029678000028],[7.554677009999978,12.881190300000014],[7.557030200999975,12.881190300000014],[7.565280914000027,12.877750397],[7.568821906999972,12.875450134000005],[7.572361946000001,12.873149871999999],[7.574726105000025,12.87084007300001],[7.577089786999977,12.868539810000016],[7.579452990999982,12.866230011000027],[7.583014965000018,12.859310149999999],[7.583025931999998,12.857009887999993],[7.583047867000005,12.852390289000027],[7.5818929669999875,12.847760201000028],[7.580732822000016,12.84430027000002],[7.580749034999997,12.840829848999988],[7.579599857000005,12.83506011999998],[7.578433990000008,12.83273982999998],[7.574911117999989,12.831580162000023],[7.569049834999987,12.826950072999978],[7.566701889000001,12.82579040500002],[7.562013148999995,12.822310447999996],[7.559670924999978,12.819999694999979],[7.554992199000026,12.814209937999976],[7.551485061999983,12.80959034],[7.549141883999994,12.80727005],[7.547983170000009,12.80381011999998],[7.545646191000003,12.800339699000006],[7.543303013000013,12.798020362999978],[7.540972232999991,12.793399810999972],[7.539806843000008,12.791090011999984],[7.536299229000008,12.786459922999995],[7.535133839000025,12.784150124000007],[7.532807826999999,12.778369903999987],[7.530470847999993,12.774900435999996],[7.529304980999996,12.772580146999985],[7.528140068000027,12.770270347999997],[7.526975155000002,12.76795959499998],[7.525815009999974,12.764490127999977],[7.5246491429999764,12.762180328],[7.523493766999991,12.757559775999994],[7.521152019999988,12.755249977000005],[7.521162987000025,12.752940178000017],[7.518826008000019,12.749469756999986],[7.517661094999994,12.747150421000015],[7.515313148000018,12.745989798999972],[7.514148234999993,12.743679999999983],[7.510640143999979,12.739049910999995],[7.508308886999998,12.734430313000018],[7.50714302099999,12.732119560000001],[7.507159232999982,12.728650092999999],[7.507181167999988,12.724040031000015],[7.507196903000022,12.720569610999974],[7.507218837999972,12.715950012000008],[7.508411883999997,12.712490081999988],[7.510787010000001,12.707880020000005],[7.5143318180000165,12.704420089999985],[7.517867088000003,12.703269958000021],[7.520219802999975,12.703280448999976],[7.522572993999972,12.703289986000016],[7.524919986999976,12.704449653999973],[7.529621124000016,12.705610275000026],[7.533139229000028,12.707929610999997],[7.535480975999974,12.710240364000015],[7.536646843000028,12.712559699999986],[7.537806988,12.716019630000005],[7.541327000000024,12.71834278099999],[7.542486191000023,12.72181034099998],[7.54483318299998,12.722970008999994],[7.547174930999972,12.725279807999982],[7.5495171549999895,12.727600097999982],[7.551858901999992,12.729909897000027],[7.553020000000004,12.733380318000002],[7.555233002000023,12.73666953999998]]]},"properties":{"fid":398,"cty_nm":"Nigeria","iso3cd":"NGA","adm1nm":"Katsina","adm2nm":"Batagarawa","adm1cd":"NGA021","adm2cd":"NGA021002"}},{"type":"Feature","id":399,"geometry":{"type":"Polygon","coordinates":[[[7.365108967000026,12.914239882999993],[7.3627409929999885,12.917699814000002],[7.361542224999994,12.922309874999996],[7.359172821000016,12.925769806000005],[7.347397804000025,12.928050041000006],[7.343863010000007,12.92920017199998],[7.339140891999989,12.932649611999977],[7.336771010999996,12.936109542999986],[7.334402083999976,12.939570426999978],[7.330845833000012,12.945340156999976],[7.326107024999999,12.952249526999992],[7.322528838999972,12.962639808999995],[7.318951130000016,12.973019599999986],[7.3165869709999924,12.975330353000004],[7.310682773999986,12.979929923999975],[7.307147980000025,12.981080055000007],[7.294168948999982,12.989130020000005],[7.288298129999987,12.986809730999994],[7.284762859000011,12.987959862000025],[7.281228064999993,12.989100456000017],[7.274153232999993,12.992549896000014],[7.2717838290000145,12.996009827000023],[7.268232822000016,13.000619888000017],[7.258793830999991,13.00636959100001],[7.256445885000005,13.005209922999995],[7.249382018999995,13.006349564000004],[7.2446651459999885,13.00864982600001],[7.238767146999976,13.01210021999998],[7.2328681949999805,13.015549659999976],[7.226974964000021,13.017849921999982],[7.224617003999981,13.018989562999991],[7.218729019000023,13.020139694000022],[7.212873935999994,13.01434993700002],[7.210543156000028,13.009719849000021],[7.210558891000005,13.006259918000012],[7.211757182999975,13.001640319999979],[7.212976932999993,12.99240970599999],[7.215363025999977,12.985489845000018],[7.218918799999983,12.97972011600001],[7.223684788000014,12.967029572000001],[7.227258204999998,12.957799910999995],[7.232000828000025,12.949729918999992],[7.237911224000015,12.943969727000024],[7.23909807199999,12.94165992699999],[7.241462231000014,12.939359664999984],[7.246179104000021,12.937060356000018],[7.247376918999976,12.932439804000012],[7.24975204499998,12.927829741999972],[7.250955105000003,12.92206001300002],[7.254496098000004,12.919759750000026],[7.259222984000019,12.915149688999975],[7.261598110000023,12.910530090000009],[7.262791156999981,12.90707015999999],[7.263982773000009,12.90361022899998],[7.265175818999978,12.900150299000018],[7.2663631440000245,12.897839546],[7.266385077999985,12.893219948000024],[7.266400814000008,12.889760017000015],[7.2652459139999905,12.885140418999981],[7.2652630810000005,12.881669998000007],[7.26411914800002,12.874739647000013],[7.262952804999998,12.872429848000024],[7.261787890999983,12.87012004899998],[7.259450911999977,12.866649628000005],[7.254751204999991,12.865480423000008],[7.25005102199998,12.864319801000022],[7.246520996000015,12.864310264999972],[7.242980956999986,12.866609573000005],[7.240622997000003,12.867759705000026],[7.2382640839999794,12.868909836],[7.233552932999999,12.870050429999992],[7.230018138999981,12.871199607999984],[7.227653980000014,12.87349986999999],[7.22529602100002,12.87465000200001],[7.22058391600001,12.875800132999984],[7.218225956000026,12.876950264000016],[7.2146811490000005,12.880399704000013],[7.211134910999988,12.883859633999975],[7.206424235999975,12.885000229000013],[7.204064845999994,12.886150359999988],[7.201706886000011,12.88729953799998],[7.198161125000013,12.890760422000028],[7.193439006999995,12.894209862000025],[7.188723087000028,12.896510123999974],[7.1840171810000015,12.896499634000008],[7.181653023000024,12.898799896000014],[7.178112983999995,12.90110015900001],[7.174567222999997,12.904560088999972],[7.171031952000021,12.905710220000003],[7.1663160319999974,12.908009529000026],[7.161599158999991,12.910300254999981],[7.154518127000017,12.914910315999975],[7.15216493600002,12.91489982600001],[7.145112037999979,12.913729667999974],[7.1427588459999924,12.913720130999991],[7.14040613200001,12.913720130999991],[7.135715961000017,12.910240172999977],[7.132193088999998,12.90907955199998],[7.13103818899998,12.904459953000014],[7.128705978000028,12.89984035499998],[7.1263761519999775,12.895210265999992],[7.124039173000028,12.891739845000018],[7.122889996000026,12.88597011600001],[7.1205692290000115,12.879030227999976],[7.119409083999983,12.875559807000002],[7.117077827000003,12.870940207999979],[7.112400055000023,12.865159988000016],[7.1124100690000205,12.862850189000028],[7.108908176,12.857060432000026],[7.105411053000012,12.850130080999975],[7.1030750269999885,12.84665966],[7.098402023000006,12.839719772000024],[7.097240924999994,12.836250305000021],[7.097251891999974,12.833939552000004],[7.09375,12.828160286000013],[7.089076996000017,12.82122039799998],[7.086740017000011,12.817749977000005],[7.0844092369999885,12.813130378999972],[7.078547954999976,12.808500289999984],[7.073853015999987,12.806179999999983],[7.0679759980000085,12.805009842000004],[7.063286780999988,12.80152988399999],[7.0550742149999905,12.796890259000008],[7.049197197000012,12.795729637000022],[7.045672894000006,12.794560432000026],[7.039801120999982,12.792240143000015],[7.0351009369999815,12.79106998399999],[7.031577110000001,12.789910315999975],[7.02841186500001,12.787982940999996],[7.028871058999982,12.773301124999989],[7.031000136999978,12.753426552000008],[7.031311034999987,12.750525475000018],[7.032249927999999,12.746233940000025],[7.033329964000018,12.741296767999984],[7.033926010000016,12.738571166999975],[7.034697532999985,12.735043526000027],[7.037004948000003,12.724495887999979],[7.037488936999978,12.72134876299998],[7.0388736720000225,12.712347984000019],[7.039511681000022,12.708200454999997],[7.040604115000008,12.701102257000002],[7.041885375999982,12.692773819000024],[7.042027473000019,12.688086510000005],[7.042132853999988,12.684604646000025],[7.042272567999987,12.67999839800001],[7.042412280999997,12.675392150999983],[7.042586803000006,12.669636726000022],[7.042698859999973,12.665930747999994],[7.043740748999994,12.661763190999977],[7.045152664,12.656115532000001],[7.045952320000026,12.652916908000009],[7.046272755000018,12.650032996999983],[7.046776771999987,12.645497321999983],[7.047359466999978,12.639824867000016],[7.047209740000028,12.637671470999976],[7.051116943000011,12.637530326999979],[7.054395676000013,12.634435654000015],[7.061699867000016,12.638710021999998],[7.064058781000028,12.637559891000024],[7.067576884999994,12.639880179999977],[7.074625014999981,12.642200469999977],[7.076972007999984,12.643360137999991],[7.080506802000002,12.64221954300001],[7.082859993,12.64221954300001],[7.085213183999997,12.642230034000022],[7.094607829999973,12.64570999099999],[7.099302769000019,12.648039817999972],[7.105175018000011,12.650360106999983],[7.107528209999998,12.650360106999983],[7.109880923999981,12.650369644000023],[7.118089198999996,12.656160354999997],[7.12513113,12.659640312000022],[7.131019115000015,12.658499717999973],[7.135729790000028,12.657360077000021],[7.138078212999972,12.658519744999978],[7.143959999000003,12.658530235],[7.149830817999998,12.660849571000028],[7.15806102800002,12.66203022000002],[7.165113926000004,12.663200377999999],[7.171012877999999,12.659749985000019],[7.174548148999975,12.658599853999988],[7.176900864000004,12.65861034400001],[7.1804299350000065,12.658619880999993],[7.183965205999982,12.657469748999972],[7.191029071999992,12.65633010900001],[7.196917057000007,12.655190468],[7.199275016999991,12.654040337000026],[7.21224403399998,12.648300171000017],[7.215777874000025,12.647150039999985],[7.218136786999992,12.645999908000022],[7.221676826000021,12.643699646000016],[7.2275648120000255,12.642560005000007],[7.240517139000019,12.640279770000006],[7.245233058999986,12.637980460999984],[7.249938965000013,12.637989998000023],[7.258169173999988,12.639160156000003],[7.262875080000015,12.639180183000008],[7.272285937999982,12.639200211000002],[7.276987076000012,12.640359879000016],[7.281686782999998,12.641530036999995],[7.2863821980000125,12.643850326999996],[7.294596194999997,12.648489951999977],[7.298113822999994,12.650799751000022],[7.3039908409999725,12.651969909999991],[7.3098568920000275,12.655449867000016],[7.3157172200000105,12.660079956000004],[7.318065165999997,12.661239624000018],[7.323931216999995,12.664719581999975],[7.327455043999976,12.665880202999972],[7.333343028999991,12.66473960899998],[7.338054179999972,12.663599968000028],[7.341571808000026,12.665920258000028],[7.34860420199999,12.671710013999984],[7.356828212999972,12.674030303999984],[7.362716197999987,12.672889709000003],[7.368604183000002,12.671750068999984],[7.3744969370000035,12.669460297],[7.378653048999979,12.668789864000018],[7.381560802000024,12.66831970200002],[7.385096073,12.667169570999988],[7.3909668919999945,12.669489860999988],[7.395657062999987,12.672969818000013],[7.402698993999991,12.676449776000027],[7.406211853000002,12.679920197000001],[7.4085440640000115,12.684550285],[7.4085268970000016,12.68801021600001],[7.406147003000001,12.693779945000017],[7.40613079100001,12.697239876000026],[7.403760910000017,12.700699805999989],[7.403717995000022,12.709939957000017],[7.403679848000024,12.718020438999986],[7.403657913000018,12.722640038000009],[7.404801845999998,12.729570389000003],[7.405968189000021,12.731880187999991],[7.408309937000013,12.734199524000019],[7.41297817200001,12.742289543000027],[7.415308951999975,12.746919632000015],[7.417634009999972,12.752699851999978],[7.4211368559999755,12.758480071999998],[7.418762206999986,12.763090133999981],[7.419917107000003,12.767709732000014],[7.4222540860000095,12.771180152999989],[7.424579144000006,12.776960373000009],[7.429257870000015,12.78275013000001],[7.432775973999981,12.785059928999999],[7.430390835000026,12.791990279999993],[7.430368900000019,12.796609879000016],[7.431529044999991,12.800069808999979],[7.432689190000019,12.80354023000001],[7.43265676499999,12.810469626999975],[7.429094791000011,12.817390441999976],[7.427890778000005,12.823160171999973],[7.424339771000007,12.827770233000024],[7.420800208999992,12.83006954199999],[7.417264938000017,12.831219673000021],[7.4137248989999875,12.833519936000016],[7.403125762999991,12.835800171000017],[7.3995909689999735,12.836950301999991],[7.386643886999991,12.838080406000017],[7.384281158000022,12.840379714999983],[7.379559040000004,12.84383010900001],[7.376012801999991,12.847290038999972],[7.373653889000025,12.848440170000003],[7.371284962000004,12.851900101000012],[7.369697094000003,12.856129646],[7.367718219999972,12.859970093000015],[7.366525173000014,12.863430022999978],[7.364133835000018,12.87150955200002],[7.364118098999995,12.874979972999995],[7.3640909189999775,12.880749702000003],[7.364068985000017,12.885370254999998],[7.366394996999986,12.891150475000018],[7.3663620949999995,12.898079871999983],[7.366334914999982,12.90384960199998],[7.365119934000006,12.911930084000005],[7.365108967000026,12.914239882999993]]]},"properties":{"fid":399,"cty_nm":"Nigeria","iso3cd":"NGA","adm1nm":"Katsina","adm2nm":"Batsari","adm1cd":"NGA021","adm2cd":"NGA021003"}},{"type":"Feature","id":401,"geometry":{"type":"Polygon","coordinates":[[[7.750866412999983,12.699589729000024],[7.747282027999972,12.702650070000004],[7.740211964000025,12.704939841999987],[7.737858771999981,12.704939841999987],[7.733131886000024,12.709549904000028],[7.726084232000005,12.707220077999978],[7.723731041000008,12.707209587000023],[7.719030857000007,12.706049919000009],[7.7143249509999805,12.706040382000026],[7.711960793000003,12.708339690999992],[7.709597110999994,12.71065044400001],[7.707243919000007,12.710639953999987],[7.7025279999999725,12.712940215999993],[7.689565182000024,12.717530251000028],[7.6825118059999795,12.716360092000002],[7.677805900999999,12.71634960199998],[7.675453186000027,12.716340064999997],[7.671924113999978,12.716329574999975],[7.66603612900002,12.717470169000023],[7.660152912000001,12.717459679000001],[7.655447005999974,12.717450142000018],[7.646029949000024,12.718580245999988],[7.638967036999986,12.719719886999997],[7.63660812400002,12.720870018000028],[7.633072852999987,12.722020149000002],[7.624833106999972,12.723150252999972],[7.61659812900001,12.723130226000023],[7.610710143999995,12.724269866999975],[7.602468966999993,12.725410461000024],[7.598938942000018,12.725399971000002],[7.593047141999989,12.727700233000007],[7.585970879000001,12.731149673000004],[7.580082892999997,12.732290267999986],[7.574202060999994,12.73227024099998],[7.568314074999989,12.73340988199999],[7.5636019710000255,12.73456001300002],[7.557714938999993,12.735699653999973],[7.555233002000023,12.73666953999998],[7.553020000000004,12.733380318000002],[7.551858901999992,12.729909897000027],[7.5495171549999895,12.727600097999982],[7.547174930999972,12.725279807999982],[7.54483318299998,12.722970008999994],[7.542486191000023,12.72181034099998],[7.541327000000024,12.71834278099999],[7.544855117999987,12.718350410000028],[7.546041964999972,12.716039658],[7.548406123999996,12.713740348999977],[7.550765038000009,12.712590218000003],[7.553122997000003,12.711440085999982],[7.556674004000001,12.706830024999988],[7.557860850999987,12.704520226],[7.560246944000028,12.697600365000028],[7.560267925000005,12.692979813000022],[7.562633038000001,12.690679550000027],[7.565007209999976,12.686059951999994],[7.566199779999977,12.682600020999985],[7.566211224000028,12.680290221999996],[7.568580150999992,12.676830291999977],[7.570964812999989,12.669910431000005],[7.573356151999974,12.66182994799999],[7.574549198,12.658370018000028],[7.579281806999973,12.652609825000013],[7.582821846000002,12.650309563000008],[7.586368084000014,12.646849631999999],[7.585213183999997,12.642230034000022],[7.586406231000012,12.638770103000013],[7.593486786000028,12.634160042000019],[7.59584522199998,12.63302040100001],[7.598197937000009,12.63302040100001],[7.6005558969999925,12.631870269999979],[7.604091166999979,12.630729674999998],[7.608801841999991,12.629579544000023],[7.611149787999977,12.63074016600001],[7.618218898999999,12.628450394000026],[7.620594025000003,12.623840331999986],[7.621780871999988,12.621529579000025],[7.624151229999995,12.618069649000006],[7.624172210999973,12.613450049999983],[7.623012066000001,12.609979629999998],[7.62186813400001,12.603050231999987],[7.620714188000022,12.598429679999981],[7.618381977000013,12.593810081000015],[7.617217063999988,12.591489792000004],[7.614885807000007,12.586870192999982],[7.61373090699999,12.582249640999976],[7.616099834000011,12.578789711000013],[7.617303848000006,12.573019981000016],[7.617320060999987,12.569560050999996],[7.6185178759999985,12.56494045300002],[7.622064114000011,12.561479567999982],[7.62561512000002,12.556870461000017],[7.62798976900001,12.552260398999977],[7.6268348689999925,12.547639847000028],[7.624504089000027,12.543009757999982],[7.624515056999996,12.540699958999994],[7.625712872000008,12.53608989700001],[7.625723838999988,12.533780098000022],[7.626922131000015,12.529159546000017],[7.628119946000027,12.524550438000006],[7.63048887299999,12.521089554000014],[7.631681919000016,12.517629623000005],[7.632885933000011,12.511850357000014],[7.63407897899998,12.508390426999995],[7.635276793999992,12.503780365000011],[7.635293006999973,12.50030994399998],[7.636497021000025,12.494540214999972],[7.6365132330000165,12.49108028400002],[7.633005142000002,12.486450194999975],[7.6306629179999845,12.484140395999987],[7.628314971999998,12.482979774],[7.627150058999973,12.480660439000019],[7.6224498749999725,12.479499816999976],[7.6212902070000155,12.476030349999974],[7.620123863000003,12.473719597000013],[7.621307849999994,12.471989631999975],[7.622492790000024,12.470259666000004],[7.627203941000005,12.469120025999985],[7.630727767999986,12.470279693999998],[7.6342577930000175,12.47029018400002],[7.63778686500001,12.47029018400002],[7.640145779000022,12.469149589999972],[7.6424980159999905,12.469149589999972],[7.644856930000003,12.46800041199998],[7.647221087999981,12.465700149999975],[7.653119086999993,12.462249756000006],[7.65783596,12.459950446999983],[7.660193919999983,12.458800316000008],[7.6613821980000125,12.456489562999991],[7.662569045999987,12.454190254000025],[7.663755894000019,12.45188045499998],[7.663777827999979,12.447259902999974],[7.663805007999997,12.441490172999977],[7.663815974999977,12.439180373999989],[7.663826942000014,12.436869621000028],[7.665019988999973,12.433409691000008],[7.665040970000007,12.428790091999986],[7.666240215000016,12.42416953999998],[7.667427062999991,12.421870232000003],[7.668613911000023,12.419560432000026],[7.670971870000017,12.418410300999994],[7.673336983000013,12.416110038999989],[7.675694942000007,12.414959908000014],[7.679224013999999,12.414959908000014],[7.68275404000002,12.41497039799998],[7.693336009999996,12.416150092999999],[7.699202060999994,12.419630051000013],[7.700366974000019,12.421939850000001],[7.702692985999988,12.42772007000002],[7.705029964000005,12.431189537000023],[7.7085270879999825,12.438130378999972],[7.710857868000005,12.442749977000005],[7.711997031999999,12.450839996000013],[7.711968898999999,12.45660972600001],[7.708417892,12.461219787999994],[7.704884052000011,12.462369919000025],[7.702525138999988,12.46352005],[7.700167179000005,12.464670180999974],[7.698978900999975,12.466970444000026],[7.700139998999987,12.470439911000028],[7.703647137000019,12.475070000000017],[7.705984116000025,12.478540420999991],[7.707143783999982,12.48200035100001],[7.7118167880000215,12.488940238999987],[7.7141537670000275,12.49240970599999],[7.720019816999979,12.495889664000003],[7.727056979999986,12.500519752999992],[7.7293992040000035,12.502840042000003],[7.729354858000022,12.512080192999974],[7.726981163000005,12.516690254000025],[7.724599838000017,12.522459984000022],[7.722230910999997,12.525919913999985],[7.71985721599998,12.530529976000025],[7.72097921400001,12.542079925999985],[7.724481105999985,12.547860146000005],[7.729165077000005,12.552490234000004],[7.731502056000011,12.555959701999996],[7.733839035000017,12.55943012199998],[7.736175059999994,12.562899589999972],[7.738516807999986,12.565219878999983],[7.74790716199999,12.569860457999994],[7.753777980999985,12.572179794000022],[7.758479118000025,12.57334995299999],[7.758468150999988,12.575650214999996],[7.760787963999974,12.582590102999973],[7.76548290300002,12.584910392999973],[7.776071071999979,12.584930419999978],[7.778419018000022,12.586090087999992],[7.784289837000017,12.588419913999985],[7.791327000000024,12.593050002999973],[7.7936577799999895,12.597680092000019],[7.794818878000001,12.601140021999981],[7.795979022999973,12.604610443000013],[7.7971329690000175,12.609230041999979],[7.7959299089999945,12.614999770999987],[7.795913218999999,12.618470192000018],[7.798239231000025,12.62425041199998],[7.8005647659999795,12.630020141999978],[7.800551890999998,12.632719994000013],[7.800531863999993,12.636949539],[7.799334048999981,12.641570091000006],[7.798136234000026,12.646180152999989],[7.794589996000013,12.649640083000008],[7.792226791000019,12.651949882999986],[7.789856911000015,12.655400276000023],[7.786316871999986,12.657710075000011],[7.780424117999985,12.659999846999995],[7.7757067680000205,12.66230010999999],[7.770996093999997,12.663439750999999],[7.765108108999982,12.664589881999973],[7.760402203000012,12.664569855000025],[7.754519938999977,12.664560317999985],[7.747445106999976,12.668009757999982],[7.742718219999972,12.672619820000023],[7.741525173000014,12.676079749999985],[7.739144801999998,12.681850433000022],[7.740310191999981,12.684160233],[7.740287781000006,12.688779830999977],[7.742619991000026,12.693400382999982],[7.747297763999995,12.699190139999985],[7.750866412999983,12.699589729000024]]]},"properties":{"fid":401,"cty_nm":"Nigeria","iso3cd":"NGA","adm1nm":"Katsina","adm2nm":"Charanchi","adm1cd":"NGA021","adm2cd":"NGA021006"}},{"type":"Feature","id":402,"geometry":{"type":"Polygon","coordinates":[[[7.44449806199998,12.294329643000026],[7.438610077000021,12.295470238000007],[7.431550979999997,12.295450211000002],[7.424498081000024,12.294280051999976],[7.420969008999975,12.294280051999976],[7.418621062999989,12.293109893999997],[7.409208775000025,12.293089866999992],[7.403322220000007,12.294230460999984],[7.399786948999974,12.295379638999975],[7.396256923999999,12.295370101999993],[7.393894196000019,12.29767990099998],[7.3915300369999954,12.299980163999976],[7.387989998000023,12.302280425999982],[7.3809251789999735,12.30342006699999],[7.377396106999981,12.303409575999979],[7.373856068000009,12.305709838999974],[7.369143962999999,12.306859970000005],[7.366786003000016,12.30801010099998],[7.364432812000018,12.307999611000014],[7.359722137000006,12.309140205000006],[7.355010986000025,12.310290337000026],[7.3491230010000095,12.311429976999989],[7.347929954999984,12.314889907999998],[7.34320306799998,12.319499968999992],[7.340838909000013,12.321800231999987],[7.340827941999976,12.324110030999975],[7.340816974999996,12.32641983000002],[7.338452815999972,12.328729629999998],[7.3349127769999996,12.331029892000004],[7.3313670160000015,12.334480285999973],[7.325473784999986,12.336779594000006],[7.317238808000013,12.336759567000001],[7.310174942000003,12.337900161999983],[7.304297924000025,12.336730003000014],[7.290174960999991,12.337849617000018],[7.286640166999973,12.338999747999992],[7.284286975999976,12.33899021100001],[7.2807469370000035,12.341300010999987],[7.276041030999977,12.341279983999982],[7.271329879999996,12.342430115000013],[7.268977165000024,12.342419624000001],[7.265452862000018,12.341259955999988],[7.259571074999997,12.341250419999994],[7.253683089999981,12.342390060000014],[7.248982905999981,12.341219901999978],[7.246630191999998,12.341219901999978],[7.2419128419999765,12.343520163999983],[7.238372803000004,12.345820426999978],[7.233655929999998,12.348110199000018],[7.226585865000004,12.350410461000024],[7.224227905000021,12.351559639000016],[7.220693111000003,12.352700233000007],[7.215981960000022,12.353850365000028],[7.211281776000021,12.352680206000002],[7.207752228000004,12.35266971599998],[7.203052044000003,12.351510048000023],[7.198357105000014,12.349189758000023],[7.196010113,12.348030090000009],[7.192491055000005,12.345709800999998],[7.188971996000021,12.343390465000027],[7.1842827799999895,12.339920043999996],[7.180758953000009,12.338749886000016],[7.177235126000028,12.337590218000003],[7.1748929020000105,12.335280418000025],[7.172551155000008,12.332960129000014],[7.170203209000022,12.331800461],[7.167860985000004,12.329489707999983],[7.1631832119999785,12.32369995099998],[7.158483027999978,12.322540283000023],[7.154957770999999,12.321370124999987],[7.1526107789999855,12.320210456999973],[7.149092197000016,12.317899704000013],[7.145574092999993,12.315580367999985],[7.14322709999999,12.314419745999999],[7.138531208000018,12.312100410000028],[7.135013103000006,12.309780121000017],[7.130318165000006,12.307459831000017],[7.1267890930000135,12.307450293999977],[7.122087954999984,12.30628967299998],[7.119740963000027,12.305130005000024],[7.1173930169999835,12.30397033700001],[7.111522197999989,12.301639556999987],[7.1080031390000045,12.299329757999999],[7.1043243409999945,12.297334670999987],[7.104723454000009,12.29507255599998],[7.105737685999998,12.289322852999987],[7.10817050899999,12.285847664000016],[7.111431599000014,12.281188965000013],[7.114380359999984,12.276134490999993],[7.117474555999991,12.27083015400001],[7.123377800000014,12.260709763000023],[7.128513336000026,12.251906394999992],[7.129436969999972,12.250059127999975],[7.13411903399998,12.249730109999973],[7.140011786999992,12.24744033799999],[7.145905018000008,12.245140075999984],[7.149446011000009,12.24283981299999],[7.155344008999975,12.239390372999992],[7.1625175479999825,12.235993384999972],[7.1637663839999846,12.23286914800002],[7.169510840999976,12.229029654999977],[7.176586150999981,12.22558021499998],[7.181313992000014,12.220970153999986],[7.183710098000006,12.211739539999996],[7.186079025000026,12.208279609999977],[7.187272071999985,12.204819679000025],[7.189668179000023,12.195590019000008],[7.195582866999985,12.18867015799998],[7.197951794000005,12.185210228000017],[7.2038888929999985,12.173680305000005],[7.207445145000008,12.16792011299998],[7.214541912000016,12.159850120999977],[7.216910838999979,12.156390190000025],[7.225183963999996,12.148329735000004],[7.228724956999997,12.146019936000016],[7.231089114999975,12.143719673000021],[7.235805987999981,12.141420363999998],[7.240517139000019,12.140279770000006],[7.248752116999981,12.140299797000011],[7.25110483200001,12.140299797000011],[7.259328842000002,12.142629623000005],[7.2652058599999805,12.143799781999974],[7.268734931999973,12.143810271999996],[7.279323100999989,12.143830299000001],[7.28755903199999,12.143850326999996],[7.294617175999974,12.143870354],[7.298147201999996,12.143879889999994],[7.301675796999973,12.143879889999994],[7.307559013000002,12.143899917999988],[7.312270163999983,12.142749786000024],[7.315810204000002,12.140449524000019],[7.320527077000008,12.138150214999996],[7.327600956000026,12.134710311999982],[7.333495140000025,12.132410048999986],[7.341741085000024,12.130120277000003],[7.346452236000005,12.128979683000011],[7.3523511889999895,12.125530243000014],[7.359436989000017,12.11977005],[7.3641638760000205,12.115159988000016],[7.366532802999984,12.111700057999997],[7.371239184999979,12.11170959499998],[7.381837845000007,12.109430313000018],[7.388903141000014,12.108289719000027],[7.3936028480000004,12.109450340000024],[7.400660991999985,12.109470366999972],[7.408896922999986,12.109490395000023],[7.412425994999978,12.109499931000016],[7.425366879000023,12.109530448999976],[7.431250094999996,12.109539986000016],[7.438319206000017,12.107250213999976],[7.441853999999978,12.106100082000012],[7.44304084800001,12.103799820000006],[7.448924065000028,12.103810309999972],[7.453629017000026,12.103819847000011],[7.457152843000017,12.104980468999997],[7.460282802999984,12.10653019],[7.4653668400000015,12.109620093999979],[7.470057010999994,12.113100051999993],[7.4747462270000256,12.116570473000024],[7.477081775999977,12.120039940000026],[7.481771945999981,12.123519896999994],[7.4852957730000185,12.124679565000008],[7.488813876999984,12.126999855000008],[7.493508815999974,12.129320145000008],[7.50054597899998,12.133950233000007],[7.50992488899999,12.140899658000023],[7.516967772999976,12.14437961599998],[7.5193147659999795,12.145540236999977],[7.522839068999986,12.146699904999991],[7.525187016000018,12.147859573000005],[7.533417224999994,12.149040221999996],[7.54047489200002,12.149049758999979],[7.542828083000018,12.149060249000001],[7.545679092,12.150389671000028],[7.543982982999978,12.153679848000024],[7.54043722199998,12.157139777999987],[7.536897182000018,12.159440040999982],[7.533346176000009,12.164050101999976],[7.529788971000016,12.169819831999973],[7.527420043999996,12.173270226],[7.526226996999981,12.17673015600002],[7.523858070000017,12.180190085999982],[7.521482944000013,12.184809685000005],[7.520286082999974,12.189419745999999],[7.519075870999984,12.196350097999982],[7.517878055999972,12.200960158999976],[7.516657828999996,12.210200310000005],[7.518972873999985,12.218290329000013],[7.516592978999995,12.22406005900001],[7.517736911999975,12.230990410000004],[7.516521931,12.23906993899999],[7.516495227999997,12.244839667999997],[7.514121056000022,12.249460220000003],[7.514103889000012,12.252920151000012],[7.515024185000016,12.257539748999989],[7.511730193999995,12.257530212000006],[7.508205890999989,12.25636959100001],[7.503499985000019,12.256360054000027],[7.49055290199999,12.257479667999974],[7.482328891999998,12.255160332000003],[7.476447104999977,12.255140304999998],[7.47409391399998,12.255140304999998],[7.468212128000005,12.255120277000003],[7.463500022999995,12.256270409000024],[7.461142063000011,12.257419586000026],[7.4564251900000045,12.259719849000021],[7.452867985000012,12.265480041999979],[7.451671123999972,12.270099640000012],[7.449285029999999,12.277020454000024],[7.4468989370000145,12.283940314999995],[7.445705890999989,12.287400246000004],[7.44449806199998,12.294329643000026]]]},"properties":{"fid":402,"cty_nm":"Nigeria","iso3cd":"NGA","adm1nm":"Katsina","adm2nm":"Dan Musa","adm1cd":"NGA021","adm2cd":"NGA021007"}},{"type":"Feature","id":403,"geometry":{"type":"Polygon","coordinates":[[[7.136590004000027,11.548848152000005],[7.1303529740000045,11.549960135999982],[7.1233048440000175,11.547630309999988],[7.117434025000023,11.545310019999988],[7.111567974000025,11.54183006300002],[7.103371143000004,11.533729553],[7.098698139000021,11.526789665000024],[7.0963830950000215,11.518699646000016],[7.095217228000024,11.516389847000028],[7.092892170000027,11.510609627000008],[7.089395045999993,11.503669738999974],[7.087058066999987,11.500200271999972],[7.085940837999999,11.487500190999981],[7.086891174000016,11.48565006299998],[7.091856002999975,11.48058033000001],[7.091884135999976,11.474809646999972],[7.091899871999999,11.47134017899998],[7.087225913999987,11.464409827999987],[7.084911823000027,11.456319808999979],[7.084949016999985,11.448229790000028],[7.084988117000023,11.440150260999985],[7.089725971000007,11.433230400000014],[7.09327220900002,11.429780005999987],[7.096827984000015,11.42401027699998],[7.099207878000016,11.418239594],[7.10866880399999,11.407870292999974],[7.1122150420000025,11.404419899000004],[7.114573001999986,11.403269767999973],[7.118113994999987,11.400970459000007],[7.122840881000002,11.396360397000024],[7.125205040000026,11.394049644000006],[7.132285118000027,11.389450072999978],[7.135830879000025,11.385999679999998],[7.141735077000021,11.381389618000014],[7.145286082999974,11.376779555999974],[7.147661208999978,11.37217044800002],[7.150034903999995,11.367549896000014],[7.153603077000014,11.359479904000011],[7.1559829710000145,11.353710175000003],[7.158362865000015,11.347940445000006],[7.161920070999997,11.342180251999991],[7.165464878000023,11.338720321999972],[7.170186995999984,11.335269928000002],[7.17490386999998,11.332969665999997],[7.183156012999973,11.329520226],[7.187871932999997,11.327219963000005],[7.1925997729999835,11.322620391999976],[7.197327137000002,11.318010329999993],[7.199713229999986,11.311090469000021],[7.2032799720000185,11.303009986999996],[7.204473018999977,11.299550055999987],[7.205677031999983,11.293780326999979],[7.206881045999978,11.288009643999999],[7.206896782000001,11.284540176000007],[7.20943403199999,11.284744262999993],[7.215285778000009,11.288350105000006],[7.221146106999981,11.291850090000025],[7.227005958999996,11.295350074999988],[7.23286914800002,11.297690391999993],[7.242256165000015,11.298910141000022],[7.251646042000004,11.29897022199998],[7.257514000000015,11.299019814000019],[7.264555931000018,11.299059867999972],[7.270424843000001,11.299099921999982],[7.275116920000016,11.300290108000013],[7.279813766000018,11.29916953999998],[7.285690783999996,11.295749664000027],[7.293914794999978,11.292349815000023],[7.298612117999994,11.291230202000008],[7.306832789999987,11.288990021000018],[7.3138837810000155,11.285579681000002],[7.318585873000018,11.282159804999992],[7.325638771000001,11.277600287999974],[7.328104019000023,11.277890205000006],[7.326910972999997,11.281359672999997],[7.326895236999974,11.284819603000017],[7.3268790249999824,11.28827953299998],[7.3256812100000275,11.292900084999985],[7.32566499699999,11.296360015999994],[7.325632095000003,11.303290366999988],[7.324439048999977,11.306750297999997],[7.324418068,11.311369895999974],[7.320866108000018,11.315979958000014],[7.318490982000014,11.32059955599999],[7.314946174999989,11.324049950000017],[7.310228825000024,11.326350212000023],[7.304330826000012,11.32979965200002],[7.301978110999983,11.32979965200002],[7.299613953000005,11.332099915000015],[7.296057223999981,11.337869644000023],[7.294865130999995,11.341329574999975],[7.292500973000017,11.34362983699998],[7.29247903800001,11.348250388999986],[7.291275977999987,11.354020118999983],[7.290088176999973,11.356329917999972],[7.290060997000012,11.362099648000026],[7.28885221500002,11.36902999900002],[7.287659168000005,11.372489928999983],[7.286471844000005,11.374799728000028],[7.286456107999982,11.37825965899998],[7.2864451410000015,11.380570411999997],[7.2876000399999725,11.385190009999974],[7.287589072999992,11.387499809000019],[7.289914130999989,11.393280028999982],[7.291069031000006,11.397899628000005],[7.291058064000026,11.400210381000022],[7.288667201999999,11.408289909000018],[7.287468909999973,11.412899971000002],[7.286264895999977,11.418680191000021],[7.283885001999977,11.424440383999979],[7.281510830000002,11.429059982000012],[7.27795887000002,11.433670043999996],[7.2755961419999835,11.435970306000002],[7.272034168000005,11.442890166999973],[7.268487929999992,11.446350097999982],[7.264936923999983,11.450960158999976],[7.261385917999974,11.455570221000016],[7.256663799000023,11.459019661000013],[7.25429391900002,11.462479590999976],[7.251924991999999,11.465940475000025],[7.2507381440000245,11.468250275000003],[7.246016026000007,11.471699715],[7.243651866999983,11.473999977000005],[7.241277217999993,11.478619576000028],[7.238907814000015,11.48208046000002],[7.234179974000028,11.486680030999992],[7.232983111999999,11.491299629000025],[7.2341370579999875,11.495920180999974],[7.232938766000018,11.500539779999997],[7.2305698389999975,11.503999710000016],[7.2270240779999995,11.507450103999986],[7.221126079999976,11.510899543999983],[7.216420174000007,11.510890007],[7.210532188000002,11.51202964800001],[7.2081789970000045,11.51202964800001],[7.205832004999991,11.510869979999995],[7.201130867000018,11.509699821000027],[7.195242882000002,11.510840416000008],[7.190543175000016,11.509679794000022],[7.187014103000024,11.509670258000028],[7.182308196999998,11.509659767000016],[7.1787838939999915,11.508500099000003],[7.175243855000019,11.510800361999998],[7.1717200279999815,11.509630202999972],[7.167007923000028,11.510780334000003],[7.164638996000008,11.514240265000012],[7.162274836999984,11.516539573999978],[7.159901142000024,11.521160125999984],[7.159890174999987,11.52346038799999],[7.158675194000011,11.531539916999975],[7.15630102199998,11.53616046899998],[7.155113219999976,11.538459778000004],[7.152750014999981,11.540769576999992],[7.148022174999994,11.545379638999975],[7.144482136000022,11.54767990099998],[7.139780997999992,11.546509743000001],[7.136590004000027,11.548848152000005]]]},"properties":{"fid":403,"cty_nm":"Nigeria","iso3cd":"NGA","adm1nm":"Katsina","adm2nm":"Dandume","adm1cd":"NGA021","adm2cd":"NGA021008"}},{"type":"Feature","id":404,"geometry":{"type":"Polygon","coordinates":[[[7.575462818000005,11.434690475000025],[7.566203116999986,11.432020186999978],[7.560315132000028,11.433170318999998],[7.554432868999982,11.433150291000004],[7.54854011499998,11.435449600000027],[7.539116858999989,11.437740325999982],[7.534399985999983,11.440030098000022],[7.532046794999985,11.440030098000022],[7.524978160999979,11.442319870000006],[7.520260811000014,11.444620132000011],[7.5155391690000215,11.448069572000009],[7.510821819,11.450369835000004],[7.504922867000005,11.453820228999973],[7.50137805899999,11.457280158999993],[7.499009132000026,11.460740089000012],[7.495458126000017,11.465350150999996],[7.493087768999999,11.468810081000015],[7.493072032999976,11.472270012000024],[7.494226932999993,11.47688961],[7.495391846000018,11.479200363000018],[7.497735023000018,11.481519698999989],[7.500071048999985,11.48499012000002],[7.501231194000013,11.488459587000023],[7.504738808000013,11.493080139000028],[7.50472307199999,11.496549605999974],[7.501150130999974,11.50578022000002],[7.4975819590000015,11.513850212000023],[7.494015217000026,11.521929741000008],[7.492816925,11.526539802999991],[7.490447997999979,11.529999733000011],[7.4857311249999725,11.532299995000017],[7.479843140000014,11.533439636000026],[7.473966121999979,11.532270432000018],[7.469254970999998,11.53341960900002],[7.46337795300002,11.532250404000024],[7.458677769000019,11.531080245999988],[7.453988074999984,11.527609825000013],[7.444592952999983,11.524120331000006],[7.438710212999979,11.524109839999994],[7.435185908999983,11.52295017199998],[7.4281501770000204,11.518309593000026],[7.421117783,11.512519836000024],[7.4140810970000075,11.507880210999986],[7.403535842999986,11.498620033000009],[7.400018214999989,11.49631023400002],[7.394156932999977,11.49166965500001],[7.389472961000024,11.487039566000021],[7.3847842220000075,11.48357009900002],[7.380370140000025,11.480299950000017],[7.376581192000003,11.476619719999974],[7.373067855999977,11.473150252999972],[7.371912956000017,11.468529701000023],[7.369571209000014,11.466210364999995],[7.363716124999996,11.46041965500001],[7.363727093000023,11.458120345999987],[7.363753796000026,11.452340126000024],[7.363770008000017,11.448880196000005],[7.366156101000001,11.441949844000021],[7.368535995000002,11.436189651000007],[7.372087002000001,11.431579590000013],[7.374455929000021,11.428119659000004],[7.379179001000011,11.424659728999984],[7.381546974000003,11.421199799000021],[7.385098933999984,11.416589736999981],[7.39100313199998,11.41199016600001],[7.393372059000001,11.408530235],[7.3945589069999755,11.406220436000012],[7.398116112000025,11.400460242999998],[7.399302959000011,11.39815044400001],[7.39931392699998,11.395839690999992],[7.400506973000006,11.392379760999972],[7.40288209900001,11.387769698999989],[7.412221908999982,11.393400192000001],[7.415738105999992,11.395730018999984],[7.423940182000024,11.401550293000014],[7.432147980000025,11.405059814000026],[7.439185142999975,11.407409668000014],[7.447398185999987,11.408619880999993],[7.452093123999987,11.408659935000003],[7.455613136000011,11.408679962000008],[7.460306167999988,11.409859657000027],[7.463827132999995,11.409890174999987],[7.469692230000021,11.411080360000028],[7.4779129030000036,11.408829689000015],[7.483789920999982,11.405420303000028],[7.489668845999972,11.400850295999987],[7.492026806000013,11.396260261999998],[7.490868092000028,11.390489577999972],[7.4932279590000235,11.384750365999992],[7.497939110000004,11.37786960599999],[7.499861239999973,11.37070369700001],[7.503495692999991,11.364585875999978],[7.504619597999977,11.35968589800001],[7.507055759000025,11.356015205000006],[7.512151241000026,11.356028557000002],[7.518558978999977,11.357269287000008],[7.523729801000002,11.359732628000017],[7.530137061999994,11.360974311999996],[7.540254116000028,11.358548164000013],[7.550295829999982,11.353671073999976],[7.556515693999984,11.348784447000014],[7.561387061999994,11.341443061999996],[7.568843841999978,11.335333823999974],[7.577574253000023,11.329227447999983],[7.581358910000006,11.328012466000018],[7.585143088999985,11.326795577999974],[7.592712402000018,11.324362754999981],[7.600243567999996,11.320705413999974],[7.605189800000005,11.315814971999998],[7.6100606919999905,11.30847454100001],[7.6148567199999775,11.298682213000006],[7.619765282000003,11.292567253000016],[7.623437405000004,11.287673949999999],[7.627147197999989,11.284006119000026],[7.629555702000005,11.283232688999988],[7.634716034000007,11.281574249000016],[7.647493361999977,11.282830237999974],[7.656523704999984,11.286529540999993],[7.664279937999993,11.290225028999998],[7.673347472999978,11.295148848999986],[7.681178569999986,11.301295279999977],[7.68893528000001,11.304990767999982],[7.695416926999997,11.308683395000003],[7.704410075999988,11.311156272999995],[7.710855007000021,11.313623428000028],[7.717262268000013,11.314864159000024],[7.722358226999972,11.314876556000002],[7.730001926,11.314895630000024],[7.733823776000008,11.314904212999977],[7.7389197350000245,11.314917563999984],[7.746638775000008,11.317387580999991],[7.751922131000015,11.323527335999984],[7.753345490000015,11.328433037000025],[7.753570556999989,11.33578586599998],[7.752446651000014,11.340685844000006],[7.751359462999972,11.34681034099998],[7.752820969000027,11.352942466999991],[7.756755352000027,11.356627463999985],[7.763237475999972,11.360320091000006],[7.769757271000003,11.365237235999984],[7.7749657630000115,11.36892700200002],[7.777465819999975,11.371832847999997],[7.771317005000014,11.373660088000008],[7.751364231000025,11.37767028799999],[7.747961520999979,11.379776955000011],[7.73706817599998,11.386520385999972],[7.7284297940000215,11.400230408000027],[7.712563037999985,11.420689583000012],[7.708590984000011,11.426064490999977],[7.701522827000019,11.426560402000007],[7.695629119999978,11.428859710999973],[7.689746856999989,11.42885017399999],[7.68268823599999,11.428830146999985],[7.668564795999998,11.42994976],[7.6603360180000095,11.42877960200002],[7.652122021000025,11.424139976999982],[7.647416114999999,11.424130439999999],[7.640351771999974,11.425270081000008],[7.635641098000008,11.426409721000027],[7.630935191999981,11.426400184999977],[7.626228808999997,11.426389694000022],[7.61916017499999,11.428680419999978],[7.612101078000023,11.428669930000012],[7.605037212000013,11.429800033999982],[7.594449042999997,11.429780005999987],[7.592090129999974,11.430930138000008],[7.58737278000001,11.433230400000014],[7.577950954000016,11.435520171999997],[7.575462818000005,11.434690475000025]]]},"properties":{"fid":404,"cty_nm":"Nigeria","iso3cd":"NGA","adm1nm":"Katsina","adm2nm":"Danja","adm1cd":"NGA021","adm2cd":"NGA021009"}},{"type":"Feature","id":405,"geometry":{"type":"Polygon","coordinates":[[[8.35479068799998,12.995940207999979],[8.354125022999995,12.998510361000001],[8.35528564499998,13.001979828000003],[8.35645103500002,13.004289626999991],[8.357611656000017,13.007749557000011],[8.355236052999999,13.012370110000006],[8.352867125999978,13.015830040000026],[8.352856636000013,13.018139839000014],[8.354016304000027,13.021599770000023],[8.351635933000011,13.027370453000003],[8.351625442999989,13.029680251999991],[8.351604462000012,13.034299850000025],[8.349240302999988,13.03660011300002],[8.345700264000016,13.038909912000008],[8.339812279,13.040049553000017],[8.335105896000016,13.040040015999978],[8.332747459000018,13.041179656999986],[8.329223633000026,13.040019988999973],[8.319807052999977,13.041150092999999],[8.311550140000008,13.045749664000027],[8.304485321000016,13.046890259000008],[8.300956725999981,13.046879767999997],[8.298598288999983,13.048029900000017],[8.291528701999994,13.050330162000023],[8.289170264999996,13.051480292999997],[8.284459114000015,13.052619934000006],[8.279747962999977,13.053759575000015],[8.275036811999996,13.05490970599999],[8.27150154100002,13.056050301000028],[8.267955780000023,13.05951023099999],[8.264410019000024,13.06297016100001],[8.259682655000006,13.067569733000028],[8.257324218999997,13.068719864000002],[8.252596854999979,13.073329925999985],[8.250238419000027,13.074480057000017],[8.247874260000003,13.076789856000005],[8.244334220999974,13.07909011800001],[8.238435745000004,13.082539558000008],[8.234889984000006,13.085989951999977],[8.224296569999979,13.087120056000003],[8.217226982,13.089420318999998],[8.212520599000015,13.089409827999987],[8.203120232000003,13.08707046500001],[8.193736075999993,13.081279755000025],[8.189057349999985,13.075489998000023],[8.182025909000004,13.069700241000021],[8.178502083000012,13.068539618999978],[8.173806189999993,13.066220283999996],[8.165593146999981,13.061579703999996],[8.159721375000004,13.059260368000025],[8.158555983999975,13.056949615000008],[8.156208992000018,13.055789947999983],[8.152689934000023,13.053469657999983],[8.151524543999983,13.051159858999995],[8.149726868000016,13.048489571000005],[8.152722358999995,13.046540259999972],[8.158620833999976,13.043089866999992],[8.164530753999998,13.037329673999977],[8.164943694999977,13.035348892000002],[8.165734290999978,13.03155994399998],[8.169285774000002,13.026949882999986],[8.170477866999988,13.023489951999977],[8.170499801999995,13.018870354],[8.16937255900001,13.008469581999975],[8.171752930000025,13.002710342],[8.17413806899998,12.995779991000006],[8.175341606000018,12.990010261999998],[8.175363541000024,12.985389709000003],[8.176593781000008,12.973850249999998],[8.17543983500002,12.969229697999992],[8.177808761999984,12.965769767999973],[8.18608188600001,12.957699776000027],[8.188446044999978,12.955400467000004],[8.18964385999999,12.950779914999998],[8.192019463000008,12.946169853000015],[8.19559192700001,12.936940192999998],[8.197955132000004,12.934639930999992],[8.200313568000013,12.933489798999972],[8.202681541000004,12.930029869000009],[8.205057144000023,12.925419807000026],[8.206250190999981,12.921950340000024],[8.20743846900001,12.919650078000018],[8.209812164000027,12.915029526000012],[8.211005210999986,12.911569595000003],[8.212208748000023,12.905799865999995],[8.213412285000004,12.900030135999998],[8.218167305000009,12.889650345000007],[8.219359397999995,12.886190413999998],[8.220558166999979,12.881569861999992],[8.22294330599999,12.87465000200001],[8.222954749999985,12.872340201999975],[8.225323677000006,12.868880272000013],[8.227464676000011,12.866796494000027],[8.231200218000026,12.870050429999992],[8.234719276000021,12.87236976600002],[8.237071990999993,12.87236976600002],[8.242942809999988,12.87469005600002],[8.247649192999972,12.874710083000025],[8.24998569500002,12.878179550000027],[8.255851746000019,12.881649971000002],[8.25937557200001,12.882820128999981],[8.262905121000017,12.882820128999981],[8.265252112999974,12.883979796999995],[8.26995277399999,12.88514995600002],[8.272294998000007,12.887470244999975],[8.27346038799999,12.889780045000009],[8.275802612000007,12.892089843999997],[8.278144836000024,12.894410133000008],[8.280491829000027,12.895569801000022],[8.284015656000008,12.896730423000008],[8.289887427999986,12.899049758999979],[8.292235373999972,12.900210381000022],[8.294582366999975,12.90137004899998],[8.301630020000005,12.903699874999973],[8.303972244000022,12.906009674000018],[8.306320190000008,12.907170296000004],[8.309826851000025,12.911800384999992],[8.312152862999994,12.917579650999983],[8.315660476999994,12.922209740000028],[8.317985534999991,12.92798995999999],[8.319147110000017,12.93144989000001],[8.319130898000026,12.934920310999985],[8.319113731000016,12.938380241000004],[8.317893981999987,12.947620391999976],[8.316700934999972,12.951080321999996],[8.31668472299998,12.954540253000005],[8.316663742000003,12.959159850999981],[8.317829131999986,12.961469650000026],[8.318984032000003,12.966090201999975],[8.318972588000008,12.96840000200001],[8.322485923999977,12.971879958999978],[8.323645591999991,12.975339889999987],[8.327164649999986,12.977660178999997],[8.330677986000012,12.981129646],[8.333024979000015,12.982290267999986],[8.336538314999984,12.985770226],[8.338885306999998,12.986929893000024],[8.341227531000015,12.989239693000002],[8.343580245999988,12.989250183000024],[8.347087859999988,12.993869781],[8.350617408999994,12.993880272000013],[8.35479068799998,12.995940207999979]]]},"properties":{"fid":405,"cty_nm":"Nigeria","iso3cd":"NGA","adm1nm":"Katsina","adm2nm":"Daura","adm1cd":"NGA021","adm2cd":"NGA021010"}},{"type":"Feature","id":406,"geometry":{"type":"Polygon","coordinates":[[[8.227464676000011,12.866796494000027],[8.225323677000006,12.868880272000013],[8.222954749999985,12.872340201999975],[8.22294330599999,12.87465000200001],[8.220558166999979,12.881569861999992],[8.219359397999995,12.886190413999998],[8.218167305000009,12.889650345000007],[8.213412285000004,12.900030135999998],[8.212208748000023,12.905799865999995],[8.211005210999986,12.911569595000003],[8.209812164000027,12.915029526000012],[8.20743846900001,12.919650078000018],[8.206250190999981,12.921950340000024],[8.205057144000023,12.925419807000026],[8.202681541000004,12.930029869000009],[8.200313568000013,12.933489798999972],[8.197955132000004,12.934639930999992],[8.19559192700001,12.936940192999998],[8.192019463000008,12.946169853000015],[8.18964385999999,12.950779914999998],[8.188446044999978,12.955400467000004],[8.18608188600001,12.957699776000027],[8.177808761999984,12.965769767999973],[8.17543983500002,12.969229697999992],[8.176593781000008,12.973850249999998],[8.175363541000024,12.985389709000003],[8.175341606000018,12.990010261999998],[8.17413806899998,12.995779991000006],[8.171752930000025,13.002710342],[8.16937255900001,13.008469581999975],[8.170499801999995,13.018870354],[8.170477866999988,13.023489951999977],[8.169285774000002,13.026949882999986],[8.165734290999978,13.03155994399998],[8.164943694999977,13.035348892000002],[8.15868091599998,13.030389786],[8.155162811000025,13.028070449999973],[8.14929103899999,13.025750159999973],[8.13988494900002,13.02457046500001],[8.13048362699999,13.022239684999988],[8.122260094000012,13.019909858999995],[8.112858771999981,13.017580032000012],[8.105833054000016,13.010640143999979],[8.10350132000002,13.00601005599998],[8.103523253999981,13.001390457000014],[8.10236835500001,12.996769905000008],[8.100026130999993,12.99446010600002],[8.091813086999991,12.989819527000009],[8.088283538999974,12.989809990000026],[8.078872681000007,12.989789963000021],[8.075326920000009,12.993249892999984],[8.070593834000022,12.999010085999998],[8.06587123899999,13.002459525999996],[8.05880165100001,13.00475978899999],[8.052913665999995,13.005900382999982],[8.048314095000023,13.00329971299999],[8.04941177400002,13.000109672999997],[8.05060481999999,12.996649741999988],[8.05297374700001,12.993189812000026],[8.055332184000008,12.992039680000005],[8.055342673999974,12.989740372000028],[8.057701110999972,12.988590240000008],[8.060065269000006,12.98628044100002],[8.062434196000027,12.982819557000028],[8.063622474999988,12.980520248000005],[8.064808846000005,12.978210449000017],[8.065996170000005,12.975899695999999],[8.068365097000026,12.97243976599998],[8.071916579999993,12.967829703999996],[8.073109627000008,12.964369773999977],[8.076665877999972,12.958609581000019],[8.079040527000018,12.953989982999985],[8.081409453999981,12.950530051999976],[8.082596779000028,12.948229790000028],[8.083784103000028,12.945919990999982],[8.08851146699999,12.941309928999999],[8.093250275000003,12.93439960500001],[8.093276978000006,12.928620337999973],[8.095657349000021,12.922849654999993],[8.09685039499999,12.919389724999974],[8.098053932000028,12.913619994999976],[8.099241257000017,12.911310195999988],[8.100444793999998,12.90554046599999],[8.101632117999998,12.903240203999985],[8.101643561999992,12.900930404999997],[8.101664543000027,12.896309852999991],[8.098157882999999,12.891679764000003],[8.096991538999987,12.889369965000014],[8.095826149000004,12.88706016499998],[8.094671248999987,12.882439612999974],[8.094703674000016,12.87551021600001],[8.092367172000024,12.872039794999978],[8.088865279999993,12.866259575000015],[8.08770561199998,12.862790108000013],[8.084197044000007,12.858160019000024],[8.078342437999993,12.852379799000005],[8.076010703999998,12.847749710000016],[8.073674202000007,12.844280243000014],[8.073690413999998,12.840820312000005],[8.076070786000002,12.835049629000025],[8.078445434999992,12.830439567999974],[8.079644202999987,12.825819969000008],[8.080836295999973,12.822360038999989],[8.082029342999988,12.81890010799998],[8.085575103999986,12.815440178000017],[8.08910942099999,12.814290046999986],[8.092638969000006,12.814299582999979],[8.094991683999979,12.814310073999991],[8.098170279999977,12.812808037000025],[8.103917121999984,12.812066077999987],[8.110033988999987,12.812066077999987],[8.114112853999984,12.81095409400001],[8.118005752999977,12.808730125000011],[8.12783050500002,12.805949210999984],[8.133021354999983,12.806134224000004],[8.141919136000013,12.803910255000005],[8.150631905000012,12.802612305000025],[8.16156864200002,12.802983283999993],[8.167923927000004,12.804061890000014],[8.165944099,12.807600020999985],[8.164756775,12.813349723999977],[8.16239643099999,12.819089889999987],[8.169419289000018,12.827210426000022],[8.170581818000016,12.831819533999976],[8.171748160999982,12.835289955000007],[8.17570209500002,12.83698177299999],[8.179954528999986,12.838800429999992],[8.184647559999974,12.839989661999994],[8.19049739799999,12.838114738000002],[8.199592590000009,12.83891010299999],[8.206617354999992,12.838999747999992],[8.214825630000007,12.837940215999993],[8.219933509999976,12.837347030999979],[8.22456073799998,12.836810112000023],[8.228079795999975,12.837980270000003],[8.233942032000016,12.84033012399999],[8.238273621000019,12.839650154000026],[8.23719692200001,12.845809937000013],[8.23364067099999,12.85157966600002],[8.231244086999993,12.86081028000001],[8.230056762999993,12.863120078999998],[8.227464676000011,12.866796494000027]]]},"properties":{"fid":406,"cty_nm":"Nigeria","iso3cd":"NGA","adm1nm":"Katsina","adm2nm":"Dutsi","adm1cd":"NGA021","adm2cd":"NGA021011"}},{"type":"Feature","id":407,"geometry":{"type":"Polygon","coordinates":[[[7.621307849999994,12.471989631999975],[7.620123863000003,12.473719597000013],[7.6212902070000155,12.476030349999974],[7.6224498749999725,12.479499816999976],[7.627150058999973,12.480660439000019],[7.628314971999998,12.482979774],[7.6306629179999845,12.484140395999987],[7.633005142000002,12.486450194999975],[7.6365132330000165,12.49108028400002],[7.636497021000025,12.494540214999972],[7.635293006999973,12.50030994399998],[7.635276793999992,12.503780365000011],[7.63407897899998,12.508390426999995],[7.632885933000011,12.511850357000014],[7.631681919000016,12.517629623000005],[7.63048887299999,12.521089554000014],[7.628119946000027,12.524550438000006],[7.626922131000015,12.529159546000017],[7.625723838999988,12.533780098000022],[7.625712872000008,12.53608989700001],[7.624515056999996,12.540699958999994],[7.624504089000027,12.543009757999982],[7.6268348689999925,12.547639847000028],[7.62798976900001,12.552260398999977],[7.62561512000002,12.556870461000017],[7.622064114000011,12.561479567999982],[7.6185178759999985,12.56494045300002],[7.617320060999987,12.569560050999996],[7.617303848000006,12.573019981000016],[7.616099834000011,12.578789711000013],[7.61373090699999,12.582249640999976],[7.614885807000007,12.586870192999982],[7.617217063999988,12.591489792000004],[7.618381977000013,12.593810081000015],[7.616028786000015,12.593799590999993],[7.612511158000018,12.591480255000022],[7.610168934000001,12.589170455999977],[7.604298115000006,12.586850165999977],[7.6007728580000276,12.585680007999997],[7.596073150999985,12.584520339999983],[7.593730927000024,12.582200049999983],[7.590207099999986,12.581040382000026],[7.586682795999991,12.579879760999972],[7.5843310359999805,12.57987022399999],[7.581994056999974,12.576399803000015],[7.57847499799999,12.574080466999987],[7.573785782000016,12.570610046000013],[7.570267199999989,12.568289757000002],[7.565577984000015,12.56482029],[7.5608830450000255,12.5625],[7.557359218999977,12.56132984200002],[7.553834914999982,12.560170174000007],[7.55031108899999,12.55900955200002],[7.546786784999995,12.557849884000007],[7.544427872000028,12.558989525000015],[7.539722918999985,12.558979987999976],[7.533840178999981,12.558970450999993],[7.531486987999983,12.558959961000028],[7.529129028,12.560110092000002],[7.525594233999982,12.561260222999977],[7.522065162999979,12.561249733000011],[7.517364978999979,12.560090064999997],[7.50911903399998,12.56237983699998],[7.505589008000015,12.562370299999998],[7.498540877999972,12.560040474000004],[7.493834972000002,12.560029983999982],[7.486765862000027,12.562330245999988],[7.476167201999999,12.564609528000005],[7.470273971999973,12.566909790000011],[7.467909813000006,12.569210052000017],[7.4631991389999826,12.570349693000026],[7.459663868000007,12.57149982499999],[7.457300185999998,12.573800086999995],[7.453764915000022,12.574950218000026],[7.450242043000003,12.573789596999973],[7.445535183000004,12.57378005999999],[7.4384708399999795,12.574919700999999],[7.433764934999999,12.574899673000004],[7.430246829999987,12.572589874000016],[7.424376010999993,12.570260048000023],[7.420851230999972,12.569100380000009],[7.417326926999976,12.567939758000023],[7.412611007999999,12.570240021000018],[7.407905101999972,12.570229530000006],[7.405558109000026,12.569069861999992],[7.402039050999974,12.566749572999981],[7.4032430650000265,12.560979842999984],[7.4068160059999855,12.551750183000024],[7.409212111999977,12.542519568999978],[7.410420895000016,12.535590172000013],[7.412789821999979,12.532130241000004],[7.41517591500002,12.525210381000022],[7.416385174000027,12.518280028999982],[7.418765068000027,12.512519836000024],[7.422309874999996,12.509059906000005],[7.421150207999972,12.505590439000002],[7.422342776999983,12.50212955500001],[7.425905227999976,12.495209693999982],[7.428279877000023,12.490599631999999],[7.429467201000023,12.48828983300001],[7.429478168000003,12.485980034000022],[7.433044909999978,12.477910042000019],[7.4342379569999935,12.474439620999988],[7.440164089000007,12.465220450999993],[7.4413509369999815,12.462909697999976],[7.442549229000008,12.458299636999982],[7.444923877999997,12.453680038000016],[7.4461221689999775,12.449069977000022],[7.4520430559999795,12.440999985000019],[7.455594062999978,12.436389922999979],[7.45796823500001,12.431770325000002],[7.460342883999999,12.427160263000019],[7.462722778,12.421389579999982],[7.462738990999981,12.417929648999973],[7.4615850449999925,12.413310050999996],[7.46161222500001,12.407529830999977],[7.461638927000024,12.40176010099998],[7.458141803999979,12.394820213000003],[7.456982136000022,12.391360282999983],[7.457004069999982,12.386739730999977],[7.454672813000002,12.382109641999989],[7.452346802000022,12.376330375999999],[7.450009823000016,12.372859955000024],[7.447668076000014,12.370550155999979],[7.441808223999999,12.36592006699999],[7.441830158000016,12.361300468000024],[7.43949317900001,12.357830047999983],[7.436000824000018,12.349740027999985],[7.436023234999993,12.345120430000009],[7.433697224000014,12.339340209999989],[7.43371391300002,12.335869789000014],[7.434923172000026,12.328949927999986],[7.437296866999986,12.324339866999992],[7.437314033999996,12.320870399],[7.438511848000019,12.316260338000006],[7.439710139999988,12.311639786],[7.439732074999995,12.307020186999978],[7.4421119689999955,12.301250458000027],[7.44449806199998,12.294329643000026],[7.445705890999989,12.287400246000004],[7.4468989370000145,12.283940314999995],[7.449285029999999,12.277020454000024],[7.451671123999972,12.270099640000012],[7.452867985000012,12.265480041999979],[7.4564251900000045,12.259719849000021],[7.461142063000011,12.257419586000026],[7.463500022999995,12.256270409000024],[7.468212128000005,12.255120277000003],[7.47409391399998,12.255140304999998],[7.476447104999977,12.255140304999998],[7.482328891999998,12.255160332000003],[7.49055290199999,12.257479667999974],[7.503499985000019,12.256360054000027],[7.508205890999989,12.25636959100001],[7.511730193999995,12.257530212000006],[7.515024185000016,12.257539748999989],[7.516403197999978,12.264470099999983],[7.517540931999974,12.27256011999998],[7.515155791999973,12.27947998000002],[7.516300200999979,12.286410332000003],[7.515069008000012,12.297960280999973],[7.515036106000025,12.304880142000002],[7.515008926000007,12.310660362000021],[7.520868778000022,12.31529045100001],[7.529067038999983,12.323390007],[7.530210017999991,12.330320357999994],[7.528995990999988,12.33839988699998],[7.527791976999993,12.344180107],[7.526577949999989,12.352259635999985],[7.526546000999986,12.359180449999997],[7.526524067000025,12.36380004900002],[7.528854846999991,12.368430138000008],[7.532368183000017,12.37189960500001],[7.534720897999989,12.371910094999976],[7.539425849999986,12.371919632000015],[7.545309067000005,12.37193012199998],[7.548843861000023,12.370779991000006],[7.552379131000009,12.369640349999997],[7.557095050999976,12.367340087999992],[7.560636043999978,12.365039824999997],[7.5665230750000205,12.363900184999977],[7.572415829000022,12.361599921999982],[7.577133178999986,12.359299659999976],[7.580673218000015,12.35700035100001],[7.585383891999982,12.355859755999973],[7.590095996999992,12.354709624999998],[7.593625068999984,12.35472011600001],[7.59714698800002,12.35588455200002],[7.594769000999975,12.361650467000004],[7.5923938750000275,12.366259575000015],[7.5923781390000045,12.36972999599999],[7.591185092999979,12.373189926000009],[7.587634087000026,12.377799987999992],[7.586435795,12.382419586000026],[7.58642482800002,12.384730338999987],[7.586402893000013,12.38934993700002],[7.587563992000014,12.392809867999972],[7.58637619000001,12.395119667000017],[7.587535858000024,12.398590087999992],[7.586349009999992,12.400890349999997],[7.585155964000023,12.404350281000006],[7.585140228,12.407819748000009],[7.583947181999974,12.411279678000028],[7.582755088999988,12.41473960899998],[7.581551074999993,12.420510292000017],[7.581540108000013,12.422820091000006],[7.582695006999984,12.427439690000028],[7.583837985999992,12.434370041000022],[7.586185931999978,12.43552970899998],[7.588511944000004,12.441309928999999],[7.590843200999984,12.445940017999988],[7.5943560599999955,12.449410439000019],[7.596693039000002,12.452879906000021],[7.600200175999987,12.45750999500001],[7.603719233999982,12.459819793999998],[7.604885100999979,12.462140083000008],[7.608403205999991,12.464449882999986],[7.611920833999989,12.466770171999997],[7.614268779999975,12.46792984000001],[7.621307849999994,12.471989631999975]]]},"properties":{"fid":407,"cty_nm":"Nigeria","iso3cd":"NGA","adm1nm":"Katsina","adm2nm":"Dutsin-Ma","adm1cd":"NGA021","adm2cd":"NGA021012"}},{"type":"Feature","id":408,"geometry":{"type":"Polygon","coordinates":[[[7.299723147999998,11.80900955200002],[7.297358990000021,11.811309814000026],[7.296172141999989,11.813619614000004],[7.293807983000022,11.81591987600001],[7.292614936999996,11.819379807000018],[7.291417121999984,11.824000359000024],[7.290228844000012,11.826310158000013],[7.290202141000009,11.83207988700002],[7.288977145999979,11.842470169000023],[7.287773131999984,11.84823989900002],[7.2877521510000065,11.852860451000026],[7.287730216999989,11.857480049000003],[7.286541939000017,11.859780311999998],[7.284156799000016,11.86670970900002],[7.2794241909999755,11.872469901999978],[7.277054786999997,11.875929831999997],[7.2746691699999815,11.882849693000026],[7.2722730639999895,11.892080307000015],[7.263994217000004,11.901300429999992],[7.258080006,11.90822029100002],[7.252185822000001,11.910510063000004],[7.242735863000007,11.918569564999984],[7.2368268970000145,11.924329757999999],[7.235048770999981,11.927378653999995],[7.232222557,11.924916267000015],[7.222451686999989,11.918019295000022],[7.218394756000009,11.915155411],[7.215149402999998,11.913603782999985],[7.20996904399999,11.911126136999997],[7.204289913000025,11.908410071999981],[7.199686526999983,11.906208037999988],[7.195137977999991,11.906621932999997],[7.190739155000017,11.907021523000026],[7.182542801000011,11.909471511999982],[7.171418189999997,11.910560608000026],[7.1647100449999925,11.911902428000019],[7.154949187999989,11.917595862999974],[7.143561363000003,11.911088942999982],[7.1432008740000015,11.905321120999986],[7.142747879000012,11.898074150000014],[7.142747879000012,11.886686325000028],[7.141120910999973,11.878552436999996],[7.139681816000007,11.876740455999993],[7.1370639799999935,11.873513221999985],[7.13303232200002,11.868394851999994],[7.130140304999998,11.86472415899999],[7.125672339999994,11.861745833999976],[7.122819423999999,11.859844208000027],[7.121176242999979,11.858017920999998],[7.115498543000001,11.851710319999995],[7.105405807000011,11.846326827999974],[7.1032977099999925,11.845202445999973],[7.100294589999976,11.842660904000013],[7.095269202999987,11.83840846999999],[7.092723369999987,11.836255074000007],[7.088434219000021,11.832394599999986],[7.084589481000023,11.828934668999977],[7.083092212999986,11.827188492000005],[7.078804493000007,11.82218551599999],[7.074828147999995,11.817546843999992],[7.0723881719999895,11.808599472000026],[7.069915771000012,11.807569504000014],[7.067096709999987,11.806394576999992],[7.0626273159999755,11.804532051000024],[7.054534434999994,11.800853728999982],[7.052335739,11.801223755000024],[7.046242237000001,11.801010131999988],[7.03757953600001,11.804514885000003],[7.033870219999983,11.806538581999973],[7.029487132999975,11.807271957000012],[7.026010036000002,11.808853149000015],[7.021888256000011,11.809108734000006],[7.01948261299998,11.812717437999993],[7.01626300800001,11.817546843999992],[7.0088863369999785,11.819282531999988],[7.002435207000019,11.820800781000003],[7.000390530000004,11.820481299999983],[6.996950626,11.819943427999988],[6.988573551000002,11.818634986999996],[6.976097106999987,11.815383911000026],[6.972177982000005,11.816280365000011],[6.966759681999974,11.815699576999975],[6.961071490999984,11.81509017899998],[6.953630447000023,11.814292908000027],[6.948636055000009,11.812257767000006],[6.939360141999998,11.808479309000006],[6.931668758000001,11.805345535000015],[6.919548034999991,11.80318164800002],[6.9088931079999725,11.801279067999985],[6.89669227600001,11.79477119400002],[6.895235061999983,11.791310309999972],[6.892148018,11.783979416000022],[6.890184879000003,11.779316902000005],[6.890184879000003,11.77112579300001],[6.890184879000003,11.763773918000027],[6.890184879000003,11.759495734999973],[6.890184879000003,11.756541251999977],[6.889949322000007,11.747831345000009],[6.88967704800001,11.737749099999974],[6.889583110999979,11.734282494000013],[6.889426707999974,11.728490829000009],[6.889371395000012,11.726445198000022],[6.888473510999972,11.724150657999985],[6.882050991000028,11.707736968999995],[6.876567363999982,11.695399284000018],[6.875543594000021,11.693095206999999],[6.871317386999976,11.683587074000002],[6.869036198000003,11.678454398999975],[6.865782738000007,11.662999152999987],[6.855208397000013,11.641850470999998],[6.851954460000002,11.620701789999998],[6.852428436000025,11.616435050999996],[6.8535814289999735,11.606060981999974],[6.854380607999985,11.595219611999994],[6.85683488799998,11.588979720999987],[6.8627734180000175,11.582584381000004],[6.867409228999975,11.577591896000001],[6.876124382,11.574422835999997],[6.886117935000016,11.567017555000007],[6.902339457999972,11.554482459999974],[6.904012679999994,11.55318927799999],[6.904489039999987,11.549617766999972],[6.905639647999976,11.540987968000024],[6.906153678999999,11.537390709000022],[6.90663766900002,11.534001349999983],[6.907266617000005,11.529600142999982],[6.904760838000016,11.523586272999978],[6.903199196000003,11.519839287000025],[6.902236937999987,11.517914771999983],[6.900621414,11.514683723000019],[6.895878792000019,11.505198479],[6.903199196000003,11.486490249999974],[6.907266617000005,11.475102424999989],[6.902107715999989,11.46220493300001],[6.900759219999998,11.45883369400002],[6.893438338999999,11.445819855000025],[6.891481876,11.441417693999995],[6.886931419000007,11.431178093000028],[6.886460304000025,11.423166275000028],[6.886117935000016,11.417349815000023],[6.886931419000007,11.396202087000006],[6.887447356999985,11.391299247999996],[6.888219357000025,11.383961677999991],[6.888557911000021,11.380746841000018],[6.893651008999996,11.37987995100002],[6.89584398300002,11.383130074000007],[6.898186206999981,11.385450363000018],[6.901693820999981,11.390069961999984],[6.905218123999987,11.39124012000002],[6.909906863999993,11.394709587000023],[6.913421153999991,11.398180007999997],[6.9216279980000195,11.403980255000022],[6.925147057000004,11.40629005400001],[6.927488804000006,11.40861034400001],[6.929837227000007,11.409770012000024],[6.935712813999999,11.410940170000003],[6.9380660059999855,11.410940170000003],[6.942749977000005,11.415570258999992],[6.945093154999995,11.41788959500002],[6.948599815000023,11.422510147000025],[6.950942038999983,11.424830437000026],[6.954454898999984,11.428299904000028],[6.956787109000004,11.432929993000016],[6.9579520230000185,11.435239792000004],[6.959112167000001,11.438710212999979],[6.961453914999993,11.441020012000024],[6.966133118000016,11.446800231999987],[6.971982002000004,11.453749657000003],[6.975501059999999,11.45606041000002],[6.981361865999986,11.460700035000002],[6.986056804999976,11.463020325000002],[6.991928100999985,11.465339660999973],[6.995451926999976,11.466500282000027],[6.998970985000028,11.468819617999998],[7.003664969999988,11.471139907999998],[7.007188797000026,11.472299576000012],[7.009541988000024,11.472310065999977],[7.01189518000001,11.472310065999977],[7.017783165000026,11.471170425000025],[7.022493838999992,11.470029830999977],[7.030728817000011,11.470049857999982],[7.038974762000009,11.467760085999998],[7.043681144999994,11.467769622999981],[7.0472111700000255,11.467780113000003],[7.053071021999983,11.472410201999992],[7.057761191999987,11.475879668999994],[7.063626766000027,11.479359627000008],[7.070673942999974,11.481690406999974],[7.07656192799999,11.480549811999992],[7.078915118999987,11.480549811999992],[7.086891174000016,11.48565006299998],[7.085940837999999,11.487500190999981],[7.087058066999987,11.500200271999972],[7.089395045999993,11.503669738999974],[7.092892170000027,11.510609627000008],[7.095217228000024,11.516389847000028],[7.0963830950000215,11.518699646000016],[7.098698139000021,11.526789665000024],[7.103371143000004,11.533729553],[7.111567974000025,11.54183006300002],[7.117434025000023,11.545310019999988],[7.1233048440000175,11.547630309999988],[7.1303529740000045,11.549960135999982],[7.136590004000027,11.548848152000005],[7.140942096999993,11.549980163999976],[7.145648003000019,11.549989700000026],[7.149170876000028,11.551150322000012],[7.157373904999986,11.558099747000028],[7.160898208999981,11.559260368000025],[7.163239955999984,11.561579703999996],[7.166748046999999,11.566209792999985],[7.170259953000027,11.569680214000016],[7.172614097999997,11.569680214000016],[7.176136971000005,11.570850371999995],[7.184361935000027,11.573169708000023],[7.187886237999976,11.574339866999992],[7.194932938000022,11.576660156000003],[7.201982020999992,11.578989982999985],[7.206682204999993,11.580149651],[7.2125530239999875,11.582480431000022],[7.216072082999972,11.58479023000001],[7.2184090609999885,11.588259697000012],[7.22542381300002,11.597519874999989],[7.227770804999977,11.598679543000003],[7.2324662209999815,11.600999832000014],[7.238348007000013,11.601010323000025],[7.246593952000012,11.598719597000013],[7.253658771999994,11.597579956000004],[7.258369922999975,11.596440314999995],[7.26424694100001,11.597610474000021],[7.267765999000005,11.599929809999992],[7.272466183000006,11.601090430999989],[7.278353213999992,11.599949836999997],[7.292481898999995,11.597669601000007],[7.297182082999996,11.598839759999976],[7.307765007,11.600020409000024],[7.31953477899998,11.598890304999998],[7.325417042000026,11.59889984099999],[7.330122947999996,11.598919867999996],[7.340700149999975,11.601249694999979],[7.337154865000002,11.604700089000005],[7.3359618189999765,11.608169556000007],[7.334768772000018,11.611630439999999],[7.33122301100002,11.615079879999996],[7.328859806000025,11.617389678999984],[7.325308800000016,11.621999741000025],[7.324110985000004,11.626609802000019],[7.320559025000023,11.631230354000024],[7.321720122999977,11.634690284999976],[7.322868824000011,11.640469551000024],[7.324028968999983,11.643939971999998],[7.3240132330000165,11.647399902000018],[7.325167179000005,11.652020454000024],[7.326311110999995,11.658949851999978],[7.328626155999984,11.667039870999986],[7.327433109000026,11.670499801999995],[7.327416896999978,11.67397022199998],[7.326219082000023,11.67858028400002],[7.327379226999994,11.682049751000022],[7.328534126000022,11.686670303000028],[7.328512192000005,11.691289901999994],[7.32730817800001,11.697059631000002],[7.328457832000026,11.702839851000022],[7.328431129000023,11.708609581000019],[7.327231884000014,11.713230133000025],[7.328386783999974,11.717849731000001],[7.328371048000008,11.72130966200001],[7.326006888999984,11.723620415000028],[7.324820041999999,11.725919723999993],[7.322444915999995,11.730540276],[7.32125186899998,11.734000206000019],[7.318882942000016,11.737460135999982],[7.317696094999974,11.739760398999977],[7.315326213999981,11.743220328999996],[7.314138888999992,11.745530127999984],[7.310593127999994,11.748990058999993],[7.307042121999984,11.753600120999977],[7.304673195000021,11.757060050999996],[7.301137923999988,11.758199692000005],[7.297597885000016,11.76049995400001],[7.291709900000001,11.76163959500002],[7.288176060000012,11.762789725999994],[7.285817145999999,11.763939857000025],[7.283442019999995,11.768549919000009],[7.283425808000004,11.772020339999983],[7.286922931999982,11.778949737999994],[7.2892432209999924,11.785889626000028],[7.290402889000006,11.78934955599999],[7.291569233000018,11.79166984599999],[7.292735100000016,11.793979644999979],[7.293900012999984,11.796290397999996],[7.2962307930000065,11.800919533000013],[7.297390937999978,11.804380417000004],[7.299723147999998,11.80900955200002]]]},"properties":{"fid":408,"cty_nm":"Nigeria","iso3cd":"NGA","adm1nm":"Katsina","adm2nm":"Faskari","adm1cd":"NGA021","adm2cd":"NGA021013"}},{"type":"Feature","id":409,"geometry":{"type":"Polygon","coordinates":[[[7.380370140000025,11.480299950000017],[7.375360966000017,11.485859871000002],[7.3718152050000185,11.489310264999972],[7.36709880799998,11.491609573000005],[7.364724158999991,11.496219634999989],[7.362343787999976,11.501990318000026],[7.358792782000023,11.506600380000009],[7.354043006999973,11.515830040000026],[7.352850913999987,11.519289969999988],[7.351653098999975,11.523909569000011],[7.352807998999992,11.528530121000017],[7.352775097000006,11.535460472000011],[7.349206923999986,11.543530464000014],[7.350357056000007,11.549309730999994],[7.351506233000009,11.555089951000014],[7.351472854999997,11.562009810999996],[7.351446151999994,11.567790031000015],[7.351412772999993,11.574709891999987],[7.350214957999981,11.579330443999993],[7.349017143000026,11.583950043000016],[7.349000930999978,11.587409972999978],[7.346632004000014,11.590869903999987],[7.34425687800001,11.595479964999981],[7.340700149999975,11.601249694999979],[7.330122947999996,11.598919867999996],[7.325417042000026,11.59889984099999],[7.31953477899998,11.598890304999998],[7.307765007,11.600020409000024],[7.297182082999996,11.598839759999976],[7.292481898999995,11.597669601000007],[7.278353213999992,11.599949836999997],[7.272466183000006,11.601090430999989],[7.267765999000005,11.599929809999992],[7.26424694100001,11.597610474000021],[7.258369922999975,11.596440314999995],[7.253658771999994,11.597579956000004],[7.246593952000012,11.598719597000013],[7.238348007000013,11.601010323000025],[7.2324662209999815,11.600999832000014],[7.227770804999977,11.598679543000003],[7.22542381300002,11.597519874999989],[7.2184090609999885,11.588259697000012],[7.216072082999972,11.58479023000001],[7.2125530239999875,11.582480431000022],[7.206682204999993,11.580149651],[7.201982020999992,11.578989982999985],[7.194932938000022,11.576660156000003],[7.187886237999976,11.574339866999992],[7.184361935000027,11.573169708000023],[7.176136971000005,11.570850371999995],[7.172614097999997,11.569680214000016],[7.170259953000027,11.569680214000016],[7.166748046999999,11.566209792999985],[7.163239955999984,11.561579703999996],[7.160898208999981,11.559260368000025],[7.157373904999986,11.558099747000028],[7.149170876000028,11.551150322000012],[7.145648003000019,11.549989700000026],[7.140942096999993,11.549980163999976],[7.136590004000027,11.548848152000005],[7.139780997999992,11.546509743000001],[7.144482136000022,11.54767990099998],[7.148022174999994,11.545379638999975],[7.152750014999981,11.540769576999992],[7.155113219999976,11.538459778000004],[7.15630102199998,11.53616046899998],[7.158675194000011,11.531539916999975],[7.159890174999987,11.52346038799999],[7.159901142000024,11.521160125999984],[7.162274836999984,11.516539573999978],[7.164638996000008,11.514240265000012],[7.167007923000028,11.510780334000003],[7.1717200279999815,11.509630202999972],[7.175243855000019,11.510800361999998],[7.1787838939999915,11.508500099000003],[7.182308196999998,11.509659767000016],[7.187014103000024,11.509670258000028],[7.190543175000016,11.509679794000022],[7.195242882000002,11.510840416000008],[7.201130867000018,11.509699821000027],[7.205832004999991,11.510869979999995],[7.2081789970000045,11.51202964800001],[7.210532188000002,11.51202964800001],[7.216420174000007,11.510890007],[7.221126079999976,11.510899543999983],[7.2270240779999995,11.507450103999986],[7.2305698389999975,11.503999710000016],[7.232938766000018,11.500539779999997],[7.2341370579999875,11.495920180999974],[7.232983111999999,11.491299629000025],[7.234179974000028,11.486680030999992],[7.238907814000015,11.48208046000002],[7.241277217999993,11.478619576000028],[7.243651866999983,11.473999977000005],[7.246016026000007,11.471699715],[7.2507381440000245,11.468250275000003],[7.251924991999999,11.465940475000025],[7.25429391900002,11.462479590999976],[7.256663799000023,11.459019661000013],[7.261385917999974,11.455570221000016],[7.264936923999983,11.450960158999976],[7.268487929999992,11.446350097999982],[7.272034168000005,11.442890166999973],[7.2755961419999835,11.435970306000002],[7.27795887000002,11.433670043999996],[7.281510830000002,11.429059982000012],[7.283885001999977,11.424440383999979],[7.286264895999977,11.418680191000021],[7.287468909999973,11.412899971000002],[7.288667201999999,11.408289909000018],[7.291058064000026,11.400210381000022],[7.291069031000006,11.397899628000005],[7.289914130999989,11.393280028999982],[7.287589072999992,11.387499809000019],[7.2876000399999725,11.385190009999974],[7.2864451410000015,11.380570411999997],[7.286456107999982,11.37825965899998],[7.286471844000005,11.374799728000028],[7.287659168000005,11.372489928999983],[7.28885221500002,11.36902999900002],[7.290060997000012,11.362099648000026],[7.290088176999973,11.356329917999972],[7.291275977999987,11.354020118999983],[7.29247903800001,11.348250388999986],[7.292500973000017,11.34362983699998],[7.294865130999995,11.341329574999975],[7.296057223999981,11.337869644000023],[7.299613953000005,11.332099915000015],[7.301978110999983,11.32979965200002],[7.304330826000012,11.32979965200002],[7.310228825000024,11.326350212000023],[7.314946174999989,11.324049950000017],[7.318490982000014,11.32059955599999],[7.320866108000018,11.315979958000014],[7.324418068,11.311369895999974],[7.324439048999977,11.306750297999997],[7.325632095000003,11.303290366999988],[7.32566499699999,11.296360015999994],[7.3256812100000275,11.292900084999985],[7.3268790249999824,11.28827953299998],[7.326895236999974,11.284819603000017],[7.326910972999997,11.281359672999997],[7.328104019000023,11.277890205000006],[7.332684993999976,11.27649021100001],[7.338552951999986,11.276530266000009],[7.34442710899998,11.274270058000013],[7.353818892999982,11.273180007999997],[7.358510970999987,11.274370192999982],[7.362001895999981,11.287059784000007],[7.364336014000003,11.292840004000027],[7.364323139000021,11.298600196999985],[7.364308833999985,11.30436039],[7.364293098000019,11.311269760000016],[7.366621017,11.319359779000024],[7.366612911000004,11.322810172999993],[7.370110034999982,11.333200454999997],[7.373620033000009,11.337840079999978],[7.3771281240000235,11.343620299999998],[7.380634784999984,11.349410057],[7.38297176399999,11.354029654999977],[7.388813018999997,11.365590096000005],[7.38997602500001,11.370209693999982],[7.392313004000016,11.374830245999988],[7.393476008999983,11.379449844000021],[7.395816803000002,11.381770134000021],[7.399333000000013,11.384099960000015],[7.402852058000008,11.385270118999983],[7.40288209900001,11.387769698999989],[7.400506973000006,11.392379760999972],[7.39931392699998,11.395839690999992],[7.399302959000011,11.39815044400001],[7.398116112000025,11.400460242999998],[7.3945589069999755,11.406220436000012],[7.393372059000001,11.408530235],[7.39100313199998,11.41199016600001],[7.385098933999984,11.416589736999981],[7.381546974000003,11.421199799000021],[7.379179001000011,11.424659728999984],[7.374455929000021,11.428119659000004],[7.372087002000001,11.431579590000013],[7.368535995000002,11.436189651000007],[7.366156101000001,11.441949844000021],[7.363770008000017,11.448880196000005],[7.363753796000026,11.452340126000024],[7.363727093000023,11.458120345999987],[7.363716124999996,11.46041965500001],[7.369571209000014,11.466210364999995],[7.371912956000017,11.468529701000023],[7.373067855999977,11.473150252999972],[7.376581192000003,11.476619719999974],[7.380370140000025,11.480299950000017]]]},"properties":{"fid":409,"cty_nm":"Nigeria","iso3cd":"NGA","adm1nm":"Katsina","adm2nm":"Funtua","adm1cd":"NGA021","adm2cd":"NGA021014"}},{"type":"Feature","id":410,"geometry":{"type":"Polygon","coordinates":[[[8.167923927000004,12.804061890000014],[8.16156864200002,12.802983283999993],[8.150631905000012,12.802612305000025],[8.141919136000013,12.803910255000005],[8.133021354999983,12.806134224000004],[8.12783050500002,12.805949210999984],[8.118005752999977,12.808730125000011],[8.114112853999984,12.81095409400001],[8.110033988999987,12.812066077999987],[8.103917121999984,12.812066077999987],[8.098170279999977,12.812808037000025],[8.094991683999979,12.814310073999991],[8.095013617999996,12.809690475000025],[8.090346335999982,12.801589965999995],[8.090367317000016,12.796979904000011],[8.090383529999997,12.793510437000009],[8.089229584000009,12.788889885000003],[8.088064194000026,12.786580086000015],[8.085710526000014,12.786569595000003],[8.083368301000007,12.784259796000015],[8.081031799000016,12.780790329000013],[8.076336861000016,12.778470039000013],[8.072818756000004,12.776149750000002],[8.069311142000004,12.771519661000013],[8.064626694000026,12.766889572000025],[8.058754921000002,12.764570235999997],[8.055242538000016,12.761099815000023],[8.05291080500001,12.756469727000024],[8.050574303000019,12.753000258999975],[8.04940891299998,12.750690459999987],[8.04238796200002,12.742589951000014],[8.040045738000003,12.740280150999979],[8.036539077999976,12.73565006299998],[8.033025742000007,12.732179642000006],[8.030677794999974,12.731019973999992],[8.027159691000008,12.728699683999992],[8.023630142000002,12.728690147000009],[8.018940926000028,12.725219727000024],[8.014250754999978,12.72173976900001],[8.008379935999983,12.719420432999982],[8.003673552999999,12.719409943000016],[7.99898386000001,12.715929985000002],[7.9930958749999945,12.717069626000011],[7.988390922999997,12.717060088999972],[7.984849929999996,12.719369888000017],[7.981305121999981,12.722820281999986],[7.977769851999994,12.723970413000018],[7.974218844999996,12.728580475000001],[7.971844196000006,12.733189583000012],[7.970645905000026,12.737810135000018],[7.970626831000004,12.741959571999985],[7.967101097000011,12.741259575000015],[7.962395190999985,12.741250037999976],[7.957684040000004,12.742400169000007],[7.955308914,12.74701023099999],[7.9505858420000095,12.750459670999987],[7.945869922999975,12.752759932999993],[7.941158771999994,12.753910065000014],[7.93997096999999,12.75621032700002],[7.937613010000007,12.757360457999994],[7.935248851999972,12.759670258000028],[7.931703090999974,12.763119698000025],[7.929345130999991,12.764269829],[7.9269919399999935,12.764269829],[7.923462868000001,12.764260292000017],[7.91993284199998,12.764249801999995],[7.91523790399998,12.761930466000024],[7.912912845999983,12.756150246000004],[7.910586834000014,12.750370025999985],[7.908271790000015,12.742280005999987],[7.908288002000006,12.738820076000025],[7.904801845999998,12.729570389000003],[7.903657913000018,12.722640038000009],[7.90252018000001,12.714559554999994],[7.899028778000002,12.706459999000003],[7.897869109999988,12.703000068999984],[7.895536900000025,12.698369979999995],[7.89438295399998,12.693750380999973],[7.893232822000016,12.68797016100001],[7.894436836000011,12.682200432000002],[7.892121792000012,12.674119948999987],[7.890962123999998,12.670649529000002],[7.888647079000009,12.662560462999977],[7.887497902000007,12.656780243000014],[7.8886961939999765,12.652170180999974],[7.891055107,12.65102005],[7.894584178999992,12.651029586999982],[7.899301051999998,12.648730278000016],[7.904016972000022,12.64643001600001],[7.907546996999997,12.646439552000004],[7.918139934999999,12.645310402000007],[7.926374912000028,12.645330429000012],[7.93225812899999,12.645339965999995],[7.935798168000019,12.643039703],[7.939342975999978,12.63957977299998],[7.9440817830000015,12.63267040300002],[7.947621821999974,12.630359650000003],[7.950013161000015,12.622289658],[7.952376841999978,12.619979858000022],[7.953579902999991,12.614210129000014],[7.953597069000011,12.610750198000005],[7.954794884000023,12.606129646],[7.955987929999992,12.60266971599998],[7.956005096000013,12.599209785000028],[7.956037045000016,12.592280388000006],[7.956052779999993,12.588809966999975],[7.957245827000008,12.585350037000012],[7.9584488869999745,12.579580307000015],[7.9584598540000115,12.577269553999997],[7.9605140689999985,12.572549820000006],[7.96202182799999,12.570349693000026],[7.969098090999978,12.566900252999972],[7.973803042999975,12.566909790000011],[7.976150990000008,12.568070411999997],[7.980834961000028,12.572699547000013],[7.983177184999988,12.575019836000024],[7.985518931999991,12.577329636000002],[7.987861156000008,12.579649925000012],[7.991384982999989,12.580809593000026],[7.993738173999986,12.580820083999981],[8.000790596000002,12.581990242000018],[8.004336357,12.578530311999998],[8.007871627999975,12.577389717000017],[8.011406898000018,12.576239585999986],[8.018492698999978,12.570480347],[8.027915000999997,12.568189620999988],[8.032626151999978,12.567049979999979],[8.034990311000001,12.564749717999973],[8.038536072,12.561289787000021],[8.039722443000016,12.558979987999976],[8.043273925999983,12.554369925999993],[8.044461249999983,12.552069663999987],[8.048012733000007,12.54745006600001],[8.048028945999988,12.543990135000001],[8.048049927000022,12.539369582999996],[8.049238204999995,12.537070273999973],[8.048077583000008,12.533599853999988],[8.04808807400002,12.53129005400001],[8.046928406000006,12.527819632999979],[8.046938895999972,12.52550983399999],[8.049303054999996,12.523209571999985],[8.051677703999985,12.518600463999974],[8.054046631000006,12.515139579999982],[8.055233955000006,12.512829780999994],[8.05642700200002,12.509369849999985],[8.05410671200002,12.502429962000008],[8.051770209999972,12.498970031999988],[8.054155349999974,12.492039680000005],[8.052995682000017,12.488570213000003],[8.060080528000015,12.482819557000028],[8.063632010999982,12.478210449000017],[8.064819336000028,12.475899695999999],[8.068360328999972,12.473600388000023],[8.074280739000017,12.46553039600002],[8.076655388000006,12.46092033399998],[8.077864647000013,12.453989982999985],[8.077891350000016,12.448220252999988],[8.076742172000024,12.442440033000025],[8.075592995000022,12.436659813000006],[8.077967644000012,12.432049751000022],[8.081518173000006,12.427439690000028],[8.081535339000027,12.42397975900002],[8.082727432000013,12.420519829],[8.085102081000002,12.415900229999977],[8.087471008000023,12.412440300000014],[8.087492942999972,12.407819748000009],[8.089867592000019,12.403209686000025],[8.091573714999981,12.400719643000002],[8.094127655000023,12.401570320000019],[8.101169586000026,12.401619911000012],[8.109377860999984,12.405130385999996],[8.11524295800001,12.40633010900001],[8.123453139999981,12.40869045300002],[8.131421089000014,12.410795211999982],[8.133535385000016,12.412210463999998],[8.139220238000007,12.418299675000014],[8.149413109000022,12.426790236999977],[8.153439521999985,12.429871558999992],[8.15625,12.433686255999987],[8.160938262999991,12.440050125000027],[8.163267136000002,12.448129654000013],[8.166771889000017,12.45506954199999],[8.167934418000016,12.459690093999995],[8.172616005000009,12.465479850999998],[8.174955367999985,12.468950271999972],[8.180137634000005,12.471504211000024],[8.179628372000025,12.478199958999994],[8.184671401999992,12.485050200999979],[8.188990593000028,12.489789963000021],[8.189619063999999,12.49662876100001],[8.18996334100001,12.500370025999985],[8.19146060899999,12.505533217999982],[8.192279815999996,12.508358955000006],[8.195174216999987,12.518019675999994],[8.197299004000001,12.523920058999977],[8.201751709000007,12.529890060000014],[8.203959465000025,12.533459662999974],[8.207287787999974,12.538229941999987],[8.209920882999995,12.540487288999998],[8.209979056999998,12.548689841999987],[8.207618712999988,12.554430007999997],[8.207610129999978,12.557889938000017],[8.20876789099998,12.564809798999988],[8.212272643999995,12.571740149999982],[8.214612007000028,12.575220107999996],[8.218124390000014,12.57870006600001],[8.226329802999999,12.583359717999997],[8.233366966000006,12.585709571999985],[8.240411757999993,12.584609984999986],[8.246279716000004,12.584650039999985],[8.25449562099999,12.584710121],[8.265061377999984,12.583629608000024],[8.271050452999987,12.583455086000015],[8.273418427000024,12.583386421],[8.277727126999991,12.585391044999994],[8.279722214000003,12.58631896999998],[8.284997939999982,12.59068012199998],[8.288505553999983,12.596460342],[8.29003333999998,12.599989891000007],[8.292007446000014,12.604550361999998],[8.291991234000022,12.61147022199998],[8.291969299000016,12.620679854999992],[8.288421631000006,12.632180214000016],[8.286055565000026,12.640230179000014],[8.281357764999996,12.641349792000028],[8.276662826999996,12.641309738000018],[8.270801543999994,12.637820244000011],[8.267287253999996,12.635490417000028],[8.260248183999977,12.634289742000021],[8.252026558000011,12.636529922000022],[8.249670981999998,12.639969826000026],[8.244956969999976,12.648010253999985],[8.241436005000025,12.647979736000025],[8.23674106599998,12.64795017199998],[8.230100632000017,12.645005226000023],[8.226188659999991,12.643269539000016],[8.22267055499998,12.642089843999997],[8.214460373000009,12.639730453000027],[8.206247329999997,12.63852024099998],[8.201544762000026,12.641949653999973],[8.199191093000024,12.644229888999973],[8.198008537000021,12.647680283],[8.193304061999982,12.652259827000023],[8.185082436000016,12.654500008000014],[8.178038597000011,12.655610084999978],[8.173337935999996,12.657879829000024],[8.166290283000023,12.660140038000009],[8.161589622000008,12.662409781999997],[8.153371811,12.663499832000014],[8.149850845000003,12.663479805000009],[8.146409034999976,12.663249968999992],[8.143692970000018,12.667886733999978],[8.142413138999984,12.670070647999978],[8.145092009999985,12.677049636999982],[8.145031929000027,12.682809829999997],[8.14616584800001,12.686280251000028],[8.147300719999976,12.689749717999973],[8.149580956000023,12.695529937999993],[8.14954471599998,12.698989868000012],[8.149989128000016,12.701290131000007],[8.150654793000001,12.70475959800001],[8.150606154999991,12.70936012300001],[8.151741028000004,12.712829590000013],[8.150856018000013,12.716889380999987],[8.152664184999992,12.719406128000003],[8.159081458999992,12.731510162000006],[8.16609573400001,12.743080139000028],[8.167126655999994,12.754976273000011],[8.170755385999996,12.758090019000008],[8.173488616999975,12.760299683000028],[8.174598693999997,12.766070366000008],[8.174180030999992,12.770784377999973],[8.17354869799999,12.777882576000025],[8.171875,12.781140327000003],[8.173037528999998,12.785759926000026],[8.173032761000002,12.787921906000008],[8.173027038999976,12.790223121999986],[8.173015593999992,12.79496955899998],[8.167923927000004,12.804061890000014]]]},"properties":{"fid":410,"cty_nm":"Nigeria","iso3cd":"NGA","adm1nm":"Katsina","adm2nm":"Ingawa","adm1cd":"NGA021","adm2cd":"NGA021015"}},{"type":"Feature","id":411,"geometry":{"type":"Polygon","coordinates":[[[7.874164103999988,11.798919678000004],[7.873878002000026,11.807069778000027],[7.874554156999977,11.821080208000012],[7.872982979000028,11.832679749000022],[7.87024784099998,11.844249724999997],[7.863896846999978,11.85918998699998],[7.859957217999977,11.871890068000027],[7.856221199000004,11.878760338000006],[7.848746776999974,11.892499923999992],[7.8464031220000265,11.898014068999998],[7.845318793999979,11.894089699000006],[7.846514225000021,11.884880065999994],[7.842897891999996,11.884160042000019],[7.840546130999996,11.884160042000019],[7.835844994000013,11.882989882999993],[7.832315922000021,11.882989882999993],[7.825267791999977,11.880660057],[7.821743964999996,11.879500388999986],[7.818224907000001,11.877180098999986],[7.813536166999995,11.873700142000018],[7.810011863999989,11.872540474000004],[7.804141044999994,11.870220184000004],[7.8006172180000135,11.869050026000025],[7.79592704800001,11.865579604999994],[7.792407990000015,11.863260269000023],[7.786542892,11.859780311999998],[7.784190178000017,11.859780311999998],[7.7818470000000275,11.857460021999998],[7.779500008000014,11.856300353999984],[7.772462845000007,11.851670264999996],[7.771296978000009,11.849360466000007],[7.7677788729999975,11.847040176000007],[7.761912822999989,11.843560218999983],[7.756052017000002,11.838930129999994],[7.75254011200002,11.83545970900002],[7.747845172999973,11.833140372999992],[7.740797042999986,11.830809593000026],[7.7372779849999915,11.828490256999999],[7.733754158000011,11.827329636000002],[7.72435903500002,11.823840141000005],[7.71966409700002,11.821519851999994],[7.71496295899999,11.82036018399998],[7.71026802099999,11.81803989399998],[7.705574035999973,11.81571960399998],[7.700872898,11.814550399999973],[7.697353840000005,11.812230109999973],[7.695017815000028,11.808759688999999],[7.693851947999974,11.80644989000001],[7.691515922999997,11.802980423000008],[7.6880078319999825,11.798359871000002],[7.686852932000022,11.793729782000014],[7.685688018999997,11.791419983000026],[7.683356762000017,11.786800384999992],[7.682201861999999,11.782179831999997],[7.681046962999972,11.777549743999998],[7.677545070999997,11.771769523999978],[7.6740322109999966,11.768300055999987],[7.669342995000022,11.764829636000002],[7.658771037999998,11.761340141000005],[7.654076099000008,11.759019851999994],[7.648203850000016,11.756690025000012],[7.642337799000018,11.75321960399998],[7.636466980000023,11.750889777999987],[7.630596161000028,11.748570442000016],[7.622371197000007,11.746239661999994],[7.616498947000025,11.743920326000023],[7.611804007999979,11.741600037000012],[7.609457016000022,11.740440368999998],[7.604767799000001,11.736960410999984],[7.602426051999998,11.734649658000023],[7.600083827999981,11.732330321999996],[7.595398902999989,11.727700233000007],[7.588346004000016,11.726530075000028],[7.582468987000027,11.725359916999992],[7.578939914999978,11.725359916999992],[7.576581001000022,11.726510048000023],[7.571880817000022,11.725339889999987],[7.567174910999995,11.725330353000004],[7.562475204000009,11.724160193999978],[7.560126781000008,11.722999572999981],[7.557779788999994,11.721839905000024],[7.550747870999999,11.716050148000022],[7.549588202999985,11.712590218000003],[7.546096802000022,11.704489707999983],[7.544930935000025,11.702179908999994],[7.543782233999991,11.696410178999997],[7.5426220890000195,11.692939758000023],[7.540290832999972,11.68832015999999],[7.53841686200002,11.686459540999977],[7.539135933000011,11.683690071000001],[7.539163112999972,11.677920341000004],[7.5391850469999895,11.673299788999998],[7.53687000299999,11.66520976999999],[7.534560204000002,11.655969620000008],[7.532239914000002,11.649040221999996],[7.529924870000002,11.640950202999989],[7.527605057000017,11.634010315000012],[7.527620791999993,11.630550384999992],[7.528813839000009,11.627090453999983],[7.531188965000013,11.622469901999978],[7.530034064999995,11.617850304000001],[7.527708054000016,11.612070083999981],[7.524206160999995,11.606289864000018],[7.523040771000012,11.603980063999984],[7.524239062999982,11.599360466000007],[7.5277900699999805,11.594750404000024],[7.532516955999995,11.590149879000023],[7.537233829000002,11.587849617000018],[7.5395979880000255,11.585539817999972],[7.545495986999981,11.582090377999975],[7.551394938999977,11.578639984000006],[7.553763865999997,11.575180053999986],[7.5549621580000235,11.570569992000003],[7.556159972999978,11.565950394000026],[7.559721947000014,11.559029579000025],[7.563279152000007,11.553259850000018],[7.570360183999981,11.548660278],[7.573915957999986,11.542900084999985],[7.572762011999998,11.538269996999986],[7.571629046999988,11.529029846000014],[7.570467948999976,11.525569915999995],[7.5681371690000105,11.520939827000007],[7.564630032000025,11.516320228999973],[7.5611329079999905,11.509380340999996],[7.559967040999993,11.507069587999979],[7.557635784000013,11.50244045300002],[7.555309771999987,11.496660233],[7.555332184000008,11.492050171000017],[7.557716846000005,11.485119820000023],[7.5612850190000245,11.47704982800002],[7.5624828339999794,11.472430228999997],[7.563686847999975,11.466659546000017],[7.564885139000012,11.462039947999983],[7.564896106999981,11.459730148000006],[7.564907074000018,11.457429886],[7.567292212999973,11.450499535000006],[7.568484782999974,11.447039603999997],[7.56967210800002,11.444729805000009],[7.573223113999973,11.440119743000025],[7.575462818000005,11.434690475000025],[7.577950954000016,11.435520171999997],[7.58737278000001,11.433230400000014],[7.592090129999974,11.430930138000008],[7.594449042999997,11.429780005999987],[7.605037212000013,11.429800033999982],[7.612101078000023,11.428669930000012],[7.61916017499999,11.428680419999978],[7.626228808999997,11.426389694000022],[7.630935191999981,11.426400184999977],[7.635641098000008,11.426409721000027],[7.640351771999974,11.425270081000008],[7.647416114999999,11.424130439999999],[7.652122021000025,11.424139976999982],[7.6603360180000095,11.42877960200002],[7.668564795999998,11.42994976],[7.68268823599999,11.428830146999985],[7.689746856999989,11.42885017399999],[7.695629119999978,11.428859710999973],[7.701522827000019,11.426560402000007],[7.708590984000011,11.426064490999977],[7.699106216000018,11.438899993999996],[7.69821357699999,11.444707870000002],[7.697787285000004,11.447480202000008],[7.693179131000022,11.461266518000002],[7.692019938999977,11.467420577999974],[7.689734935999979,11.473560333000023],[7.685876845999985,11.48392009700001],[7.686756134000007,11.492110251999975],[7.687593936999974,11.501460075000011],[7.689393997000025,11.51667022700002],[7.693725109000013,11.52614021300002],[7.6991791730000045,11.536800384999992],[7.704755782999996,11.543979644999979],[7.711496829999987,11.551190376000022],[7.720403194000028,11.563139915000022],[7.724855900000023,11.569109916999992],[7.7256541250000055,11.579629898000007],[7.728901862999976,11.58672046700002],[7.734560013000021,11.591569901000014],[7.745916842999975,11.600099564000004],[7.7596430780000105,11.607540131000007],[7.771039963000021,11.614910125999984],[7.781395911999994,11.618740081999988],[7.797491073999993,11.625089645000003],[7.813666821000027,11.62911987299998],[7.825228213999992,11.63183021499998],[7.841444016000025,11.634690284999976],[7.850677012999995,11.637319564999984],[7.862195969000027,11.641189574999999],[7.871345996999992,11.646149634999972],[7.878250121999997,11.648710251000011],[7.884029865000002,11.650059699999986],[7.893343925000011,11.650369644000023],[7.90041017499999,11.648260117000007],[7.906189918999985,11.649620056000003],[7.909177779999993,11.653900146000012],[7.911603927999977,11.661450386000013],[7.909911156000021,11.676549910999995],[7.903683186000023,11.687999724999997],[7.895044804000008,11.701700211000002],[7.888857841000004,11.711990356000001],[7.885120868999991,11.718859672999997],[7.881424904000028,11.724570273999973],[7.882938862000003,11.747929573000022],[7.880164146000027,11.760660171999973],[7.876060009000014,11.778010368000025],[7.873161793000008,11.794230460999984],[7.874164103999988,11.798919678000004]]]},"properties":{"fid":411,"cty_nm":"Nigeria","iso3cd":"NGA","adm1nm":"Katsina","adm2nm":"Kafur","adm1cd":"NGA021","adm2cd":"NGA021017"}},{"type":"Feature","id":412,"geometry":{"type":"Polygon","coordinates":[[[7.460282802999984,12.10653019],[7.457152843000017,12.104980468999997],[7.453629017000026,12.103819847000011],[7.448924065000028,12.103810309999972],[7.44304084800001,12.103799820000006],[7.441853999999978,12.106100082000012],[7.438319206000017,12.107250213999976],[7.431250094999996,12.109539986000016],[7.425366879000023,12.109530448999976],[7.412425994999978,12.109499931000016],[7.408896922999986,12.109490395000023],[7.400660991999985,12.109470366999972],[7.3936028480000004,12.109450340000024],[7.388903141000014,12.108289719000027],[7.381837845000007,12.109430313000018],[7.371239184999979,12.11170959499998],[7.366532802999984,12.111700057999997],[7.3641638760000205,12.115159988000016],[7.359436989000017,12.11977005],[7.3523511889999895,12.125530243000014],[7.346452236000005,12.128979683000011],[7.341741085000024,12.130120277000003],[7.333495140000025,12.132410048999986],[7.327600956000026,12.134710311999982],[7.320527077000008,12.138150214999996],[7.315810204000002,12.140449524000019],[7.312270163999983,12.142749786000024],[7.307559013000002,12.143899917999988],[7.301675796999973,12.143879889999994],[7.298147201999996,12.143879889999994],[7.294617175999974,12.143870354],[7.28755903199999,12.143850326999996],[7.279323100999989,12.143830299000001],[7.268734931999973,12.143810271999996],[7.2652058599999805,12.143799781999974],[7.259328842000002,12.142629623000005],[7.25110483200001,12.140299797000011],[7.248752116999981,12.140299797000011],[7.240517139000019,12.140279770000006],[7.235805987999981,12.141420363999998],[7.231089114999975,12.143719673000021],[7.228724956999997,12.146019936000016],[7.225183963999996,12.148329735000004],[7.216910838999979,12.156390190000025],[7.214541912000016,12.159850120999977],[7.207445145000008,12.16792011299998],[7.2038888929999985,12.173680305000005],[7.197951794000005,12.185210228000017],[7.195582866999985,12.18867015799998],[7.189668179000023,12.195590019000008],[7.187272071999985,12.204819679000025],[7.186079025000026,12.208279609999977],[7.183710098000006,12.211739539999996],[7.181313992000014,12.220970153999986],[7.176586150999981,12.22558021499998],[7.169510840999976,12.229029654999977],[7.1637663839999846,12.23286914800002],[7.1625175479999825,12.235993384999972],[7.155344008999975,12.239390372999992],[7.149446011000009,12.24283981299999],[7.145905018000008,12.245140075999984],[7.140011786999992,12.24744033799999],[7.13411903399998,12.249730109999973],[7.129436969999972,12.250059127999975],[7.133769512000015,12.241394043000014],[7.135386944000004,12.238159180000025],[7.137232304000008,12.234468460000016],[7.141527653000026,12.225877761999982],[7.144321441999978,12.215584755000009],[7.146933556000022,12.205962181000018],[7.147886753000023,12.202449799000021],[7.149255276000019,12.197408676000009],[7.151546955000015,12.188241958999981],[7.152508736000016,12.184393882999984],[7.152087687999995,12.180041313000004],[7.151186466000013,12.17072677599998],[7.150991916999999,12.168714523000006],[7.150643349000006,12.165113448999989],[7.150068760000011,12.159177779999993],[7.145618438999975,12.14716243700002],[7.141934395000021,12.137215614000013],[7.138508320000028,12.132076262999988],[7.136552333999987,12.129142761000026],[7.128158568999993,12.116551399000002],[7.126101016999996,12.113465308999992],[7.12369584999999,12.107033730000012],[7.121599197000023,12.101426124999989],[7.119086266000011,12.097154617000001],[7.115662097999973,12.091333388999999],[7.1134653089999915,12.087597846999984],[7.111342429999979,12.085965156999976],[7.106711863999976,12.082403182999997],[7.102890967999997,12.079463959000009],[7.099094868000009,12.074824332999981],[7.095570086999999,12.070516585999997],[7.09068965900002,12.064009666000004],[7.093943595999974,12.060755729999983],[7.100131988999976,12.05291748000002],[7.103155613000013,12.049087524000015],[7.106144427999993,12.045301436999978],[7.113035679000006,12.03984546700002],[7.125666142,12.02984619099999],[7.143561363000003,12.015204429999983],[7.151047230000017,12.010837555000023],[7.153322220000007,12.009510993999982],[7.157708167999999,12.007561683999995],[7.168660640999974,12.002694130000009],[7.173856735000015,12.00038433100002],[7.178195476999974,11.998456001000022],[7.189925671000026,11.993243216999986],[7.200500010999974,11.988362311999992],[7.202923774999988,11.987481117000016],[7.209447383999986,11.985108376000028],[7.213514327999974,11.977787970999998],[7.213514327999974,11.966400146000012],[7.216767788000027,11.95826625799998],[7.222461699999997,11.953386307000017],[7.2241444590000015,11.95035743699998],[7.226529120999999,11.946064949000004],[7.232506752000006,11.946064949000004],[7.23466301000002,11.946064949000004],[7.236445903999993,11.944282531999988],[7.239543437999998,11.941184997999983],[7.241857052,11.933309554999994],[7.235048770999981,11.927378653999995],[7.2368268970000145,11.924329757999999],[7.242735863000007,11.918569564999984],[7.252185822000001,11.910510063000004],[7.258080006,11.90822029100002],[7.263994217000004,11.901300429999992],[7.2722730639999895,11.892080307000015],[7.2746691699999815,11.882849693000026],[7.277054786999997,11.875929831999997],[7.2794241909999755,11.872469901999978],[7.284156799000016,11.86670970900002],[7.286541939000017,11.859780311999998],[7.287730216999989,11.857480049000003],[7.2877521510000065,11.852860451000026],[7.287773131999984,11.84823989900002],[7.288977145999979,11.842470169000023],[7.290202141000009,11.83207988700002],[7.290228844000012,11.826310158000013],[7.291417121999984,11.824000359000024],[7.292614936999996,11.819379807000018],[7.293807983000022,11.81591987600001],[7.296172141999989,11.813619614000004],[7.297358990000021,11.811309814000026],[7.299723147999998,11.80900955200002],[7.303256988999976,11.807860373999972],[7.309140205000006,11.807869911000012],[7.315017222999984,11.80904006999998],[7.320899010000005,11.809060096999985],[7.337364196999999,11.810250282000027],[7.342070103000026,11.81025981900001],[7.3491230010000095,11.811429976999989],[7.355000018999988,11.812600136000015],[7.36323022800002,11.813770293999994],[7.369094849000021,11.817250252000008],[7.376153945999988,11.817270279000013],[7.382037163000007,11.817279815999996],[7.387914180999985,11.818449973999975],[7.391454220000014,11.816149712000026],[7.394989013999975,11.814999580000006],[7.400887011999998,11.811550140000008],[7.4020800590000135,11.808090209999989],[7.403277874000025,11.803469657999983],[7.403294086000017,11.800009726999974],[7.404498100000012,11.794239998000023],[7.405684947999987,11.791930198999978],[7.409235953999996,11.787320136999995],[7.410424232000025,11.785010338000006],[7.4104399679999915,11.781550406999997],[7.4128150939999955,11.776940346000004],[7.411660193999978,11.772310257000015],[7.414029120999999,11.768859862999989],[7.4163990019999915,11.765399933000026],[7.4175910949999775,11.761940002000017],[7.422329902999991,11.755020141999978],[7.425875186999974,11.751560211000026],[7.428245068000024,11.748100281000006],[7.431785106999996,11.745800018000011],[7.435319901000014,11.74464988699998],[7.438859939999986,11.742349624999974],[7.442395209999972,11.741209984000022],[7.447105884999985,11.740059852999991],[7.449463843999979,11.738909721000027],[7.454181194,11.736619948999987],[7.456550121000021,11.733160019000024],[7.4577369689999955,11.73085021999998],[7.45892477000001,11.728540420999991],[7.4601120949999995,11.726240157999996],[7.4636578559999975,11.722780227999976],[7.466022015000021,11.720479964999981],[7.467214108000007,11.717009544000007],[7.471930981000014,11.714719772000024],[7.474295138999992,11.712409972999978],[7.477839947000007,11.708959579000009],[7.482563018999997,11.70549964899999],[7.483749865999982,11.703200340000024],[7.484948158000009,11.698579788000018],[7.487307072000021,11.697429656999986],[7.489637851999987,11.702050208999992],[7.490791797999975,11.70668029799998],[7.48960495,11.708979607000003],[7.491936206999981,11.713609695000002],[7.495443820999981,11.71823978399999],[7.495399952000014,11.72747039799998],[7.495372771999996,11.733249664000027],[7.495350837999979,11.73785972600001],[7.4953298570000015,11.742480278000016],[7.497661113999982,11.747110367000005],[7.496469020999996,11.750570297000024],[7.496451854999975,11.754030227999976],[7.497612000000004,11.757499694999979],[7.497601031999977,11.759810447999996],[7.49756908400002,11.766739845000018],[7.499888897000005,11.773670197000001],[7.501054764000003,11.77597999599999],[7.504568099999972,11.779459953000014],[7.510423183,11.785240172999977],[7.5139298440000175,11.789870262000022],[7.518592834000003,11.799119948999987],[7.519752978999975,11.802590370000019],[7.524432181999998,11.808369636999998],[7.53146886799999,11.81301021600001],[7.5361628530000075,11.81532955199998],[7.543194771000003,11.821120262000022],[7.55023193400001,11.82575035100001],[7.556077002999984,11.833849907000001],[7.556059837000021,11.83730983700002],[7.559556960999998,11.844249724999997],[7.561899185000016,11.846559524999975],[7.56540107699999,11.852350235000017],[7.566549778000024,11.858119965000014],[7.57122898099999,11.863909721000027],[7.575891017999993,11.873149871999999],[7.5793881420000275,11.880089759999976],[7.584055900999999,11.888190269000006],[7.587557792999974,11.893969535999986],[7.591076851000025,11.896289824999997],[7.593423842999982,11.897439957000017],[7.596937179999998,11.900919913999985],[7.603958130000024,11.909020424000005],[7.609807014000012,11.915960311999982],[7.610972881000009,11.918270111000027],[7.615656853000019,11.922900200000015],[7.619143009000027,11.93214988699998],[7.616752147999989,11.940219878999983],[7.610836983000013,11.947139740000011],[7.606121062999989,11.949440002000017],[7.597879886999976,11.950570106999976],[7.593173981000007,11.950559616000021],[7.583752155000013,11.952850341999977],[7.582105636999984,11.959710121],[7.574328899000022,11.955140114000017],[7.567292212999973,11.950499535000006],[7.56143188499999,11.945870399],[7.557912826999996,11.94355010999999],[7.554389000000015,11.942390441999976],[7.547358035999991,11.936599731000001],[7.540319920000002,11.93196010600002],[7.536797046999993,11.930800438000006],[7.533273220000012,11.92963981600002],[7.528572082999972,11.928469657999983],[7.5226950649999935,11.927300452999987],[7.519149780000021,11.930760383999996],[7.515593051999986,11.936530113000003],[7.5155820850000055,11.938839911999992],[7.513217925999982,11.941140174999987],[7.509662150999986,11.946909903999995],[7.503779887999997,11.94688987699999],[7.496720790999973,11.946869849999985],[7.4943571090000205,11.949179648999973],[7.490817069999991,11.951479912000025],[7.487292766999985,11.950320244000011],[7.482597827999996,11.94799995400001],[7.477891922000026,11.947990417000028],[7.474358081999981,11.94913005799998],[7.471988200999988,11.95258998899999],[7.473147869000002,11.95606041000002],[7.473136902000022,11.958370209000009],[7.476661205000028,11.959529877000023],[7.47900295300002,11.961850165999977],[7.4813570979999895,11.961850165999977],[7.486056804999976,11.963020325000002],[7.489574908999998,11.96533012399999],[7.494269847999988,11.96765041399999],[7.4977889059999825,11.969969748999972],[7.500135898999986,11.971130371000015],[7.506008147999978,11.973460197000009],[7.510703087000024,11.97577953299998],[7.51422119099999,11.978090285999997],[7.516573906000019,11.97809982299998],[7.520092009999985,11.98042011299998],[7.523611069000026,11.982729912000025],[7.527130127000021,11.985050200999979],[7.528295039999989,11.987360001000013],[7.53650283799999,11.993160247999981],[7.542364120000002,11.997790337000026],[7.544711113000005,11.998950004999983],[7.548230171,12.001270293999994],[7.549395084000025,12.003580092999982],[7.551743031000001,12.004739760999996],[7.552903174999983,12.008210182000028],[7.555240153999989,12.01167011299998],[7.5552229880000255,12.015139579999982],[7.556384087000026,12.018610001000013],[7.556373119,12.020919800000001],[7.5551848410000275,12.023220062000007],[7.553991795000002,12.026679993000016],[7.5528001789999735,12.03015041399999],[7.550425053000026,12.034760474999985],[7.549238204999995,12.037070273999973],[7.546874046000028,12.039369582999996],[7.545681000000002,12.042830466999987],[7.543305873999998,12.047439574999999],[7.540947914000014,12.048589705999973],[7.539754867999989,12.052060127000004],[7.540921211000011,12.054369925999993],[7.538551806999976,12.057829857000002],[7.537359238000022,12.061289787000021],[7.535000801000024,12.062439918999985],[7.532619952999994,12.06820011100001],[7.527897834999976,12.071660042000019],[7.525539874999993,12.072810172999993],[7.523180962000026,12.073960304000025],[7.5184650420000025,12.07625961299999],[7.514929771000027,12.077400207999972],[7.5113949779999984,12.078550339000003],[7.506679057999975,12.080849648000026],[7.503132820000019,12.084300041000006],[7.49959278099999,12.086600304000001],[7.497240067000007,12.086600304000001],[7.492527961999997,12.08773994400002],[7.488994122000008,12.088890075999984],[7.486635207999996,12.090040207000015],[7.484276771999987,12.09119033799999],[7.481924057000015,12.091179848000024],[7.478388785999982,12.092329978999999],[7.474853992000021,12.093480109999973],[7.47249698600001,12.094630241000004],[7.467769146000023,12.099229813000022],[7.465410233,12.100379943999997],[7.463040829000022,12.103839874000016],[7.460282802999984,12.10653019]]]},"properties":{"fid":412,"cty_nm":"Nigeria","iso3cd":"NGA","adm1nm":"Katsina","adm2nm":"Kankara","adm1cd":"NGA021","adm2cd":"NGA021019"}},{"type":"Feature","id":413,"geometry":{"type":"Polygon","coordinates":[[[7.940406799000016,12.578069686999982],[7.9337120060000075,12.586449623000021],[7.928995132000011,12.588749886000016],[7.926640986999985,12.588749886000016],[7.9231009480000125,12.591050148000022],[7.918389796999975,12.592189788999974],[7.912490844999979,12.595640182000011],[7.907780170000024,12.59677982300002],[7.904244899999981,12.597929954999984],[7.900704861000008,12.60023021699999],[7.898342133000028,12.602540015999978],[7.8971319199999925,12.609459877000006],[7.893598080000004,12.61061000799998],[7.887714862999985,12.610600470999998],[7.881826878000027,12.611740112000007],[7.8759450910000055,12.611720085000002],[7.872416019000013,12.61170959499998],[7.868885993999982,12.61170959499998],[7.862998962000006,12.612850189000028],[7.8582930559999795,12.612839699000006],[7.8559350969999855,12.61398982999998],[7.853580952000016,12.613980292999997],[7.845335007000017,12.61627006499998],[7.842977046999977,12.617420197000001],[7.839441776000001,12.618570327999976],[7.833559990000026,12.618550301000028],[7.831195831000002,12.620860100000016],[7.827667236000025,12.620849609000004],[7.820608139000001,12.620829581999999],[7.81589698800002,12.621979712999973],[7.812356948999991,12.624279976000025],[7.808811187999993,12.627730369999995],[7.806457996000006,12.627730369999995],[7.80291318899998,12.631179809999992],[7.800551890999998,12.632719994000013],[7.8005647659999795,12.630020141999978],[7.798239231000025,12.62425041199998],[7.795913218999999,12.618470192000018],[7.7959299089999945,12.614999770999987],[7.7971329690000175,12.609230041999979],[7.795979022999973,12.604610443000013],[7.794818878000001,12.601140021999981],[7.7936577799999895,12.597680092000019],[7.791327000000024,12.593050002999973],[7.784289837000017,12.588419913999985],[7.778419018000022,12.586090087999992],[7.776071071999979,12.584930419999978],[7.76548290300002,12.584910392999973],[7.760787963999974,12.582590102999973],[7.758468150999988,12.575650214999996],[7.758479118000025,12.57334995299999],[7.753777980999985,12.572179794000022],[7.74790716199999,12.569860457999994],[7.738516807999986,12.565219878999983],[7.736175059999994,12.562899589999972],[7.733839035000017,12.55943012199998],[7.731502056000011,12.555959701999996],[7.729165077000005,12.552490234000004],[7.724481105999985,12.547860146000005],[7.72097921400001,12.542079925999985],[7.71985721599998,12.530529976000025],[7.722230910999997,12.525919913999985],[7.724599838000017,12.522459984000022],[7.726981163000005,12.516690254000025],[7.729354858000022,12.512080192999974],[7.7293992040000035,12.502840042000003],[7.727056979999986,12.500519752999992],[7.720019816999979,12.495889664000003],[7.7141537670000275,12.49240970599999],[7.7118167880000215,12.488940238999987],[7.707143783999982,12.48200035100001],[7.705984116000025,12.478540420999991],[7.703647137000019,12.475070000000017],[7.700139998999987,12.470439911000028],[7.698978900999975,12.466970444000026],[7.700167179000005,12.464670180999974],[7.702525138999988,12.46352005],[7.704884052000011,12.462369919000025],[7.708417892,12.461219787999994],[7.711968898999999,12.45660972600001],[7.711997031999999,12.450839996000013],[7.710857868000005,12.442749977000005],[7.7085270879999825,12.438130378999972],[7.705029964000005,12.431189537000023],[7.702692985999988,12.42772007000002],[7.700366974000019,12.421939850000001],[7.699202060999994,12.419630051000013],[7.693336009999996,12.416150092999999],[7.68275404000002,12.41497039799998],[7.679224013999999,12.414959908000014],[7.675694942000007,12.414959908000014],[7.673336983000013,12.416110038999989],[7.670971870000017,12.418410300999994],[7.668613911000023,12.419560432000026],[7.667427062999991,12.421870232000003],[7.666240215000016,12.42416953999998],[7.665040970000007,12.428790091999986],[7.665019988999973,12.433409691000008],[7.663826942000014,12.436869621000028],[7.663815974999977,12.439180373999989],[7.663805007999997,12.441490172999977],[7.663777827999979,12.447259902999974],[7.663755894000019,12.45188045499998],[7.662569045999987,12.454190254000025],[7.6613821980000125,12.456489562999991],[7.660193919999983,12.458800316000008],[7.65783596,12.459950446999983],[7.653119086999993,12.462249756000006],[7.647221087999981,12.465700149999975],[7.644856930000003,12.46800041199998],[7.6424980159999905,12.469149589999972],[7.640145779000022,12.469149589999972],[7.63778686500001,12.47029018400002],[7.6342577930000175,12.47029018400002],[7.630727767999986,12.470279693999998],[7.627203941000005,12.469120025999985],[7.622492790000024,12.470259666000004],[7.621307849999994,12.471989631999975],[7.614268779999975,12.46792984000001],[7.611920833999989,12.466770171999997],[7.608403205999991,12.464449882999986],[7.604885100999979,12.462140083000008],[7.603719233999982,12.459819793999998],[7.600200175999987,12.45750999500001],[7.596693039000002,12.452879906000021],[7.5943560599999955,12.449410439000019],[7.590843200999984,12.445940017999988],[7.588511944000004,12.441309928999999],[7.586185931999978,12.43552970899998],[7.583837985999992,12.434370041000022],[7.582695006999984,12.427439690000028],[7.581540108000013,12.422820091000006],[7.581551074999993,12.420510292000017],[7.582755088999988,12.41473960899998],[7.583947181999974,12.411279678000028],[7.585140228,12.407819748000009],[7.585155964000023,12.404350281000006],[7.586349009999992,12.400890349999997],[7.587535858000024,12.398590087999992],[7.58637619000001,12.395119667000017],[7.587563992000014,12.392809867999972],[7.586402893000013,12.38934993700002],[7.58642482800002,12.384730338999987],[7.586435795,12.382419586000026],[7.587634087000026,12.377799987999992],[7.591185092999979,12.373189926000009],[7.5923781390000045,12.36972999599999],[7.5923938750000275,12.366259575000015],[7.594769000999975,12.361650467000004],[7.59714698800002,12.35588455200002],[7.604197025000019,12.358209610000017],[7.606538773000011,12.360520362999978],[7.610057831000006,12.362839699000006],[7.615929127000015,12.365159988000016],[7.618281840999998,12.365169524999999],[7.622982979000028,12.366330146999985],[7.6323890689999985,12.367509842000004],[7.638270854999973,12.367529869000009],[7.645328999000014,12.367540358999975],[7.651212214999987,12.367549896000014],[7.661810875000015,12.365269661000013],[7.670052052000017,12.364130020000005],[7.677103996000028,12.365300178999973],[7.6853671069999905,12.359550475999981],[7.692448139000021,12.35494995099998],[7.697185993000005,12.348030090000009],[7.699572085999989,12.34111022899998],[7.700758934000021,12.338800429999992],[7.704309939999973,12.334190368999998],[7.711411952999981,12.324970244999975],[7.713776112000005,12.322669983000026],[7.718513965999989,12.315750121999997],[7.7208781240000235,12.313440323000009],[7.7244129179999845,12.312299728000028],[7.729129790999991,12.310000419999994],[7.738552093999999,12.307709693999982],[7.7432579989999795,12.307720184000004],[7.753846168999985,12.307749747999992],[7.758563041999992,12.305450439000026],[7.762119770000027,12.299679755999989],[7.765666007999982,12.296230315999992],[7.7691950799999745,12.296230315999992],[7.775087832999986,12.29393958999998],[7.779809951999994,12.290479660000017],[7.7845377919999805,12.285880088999988],[7.792784213999994,12.283590317000005],[7.80340385400001,12.276679993000016],[7.808136939999997,12.270919800000001],[7.819918156000028,12.267479896999987],[7.825806140999987,12.266340255999978],[7.8281588550000265,12.266349792000028],[7.831252097999993,12.264719008999975],[7.833230018999984,12.26961994200002],[7.836348057000009,12.279554367000003],[7.8392009739999935,12.288644791000024],[7.841101170000002,12.292590141000005],[7.842838287000006,12.297245025999985],[7.845481872999983,12.299396515000012],[7.849283217999982,12.302490234000004],[7.853964806000022,12.309920310999985],[7.859541893000028,12.317090033999989],[7.862488746999986,12.319871901999988],[7.865437030999999,12.322653769999988],[7.871300220000023,12.326299667],[7.87832784699998,12.33211040499998],[7.882990837000023,12.332004546999997],[7.885017394999977,12.333254813999986],[7.888883114000009,12.335639953999987],[7.8959198000000015,12.337989806999985],[7.904129981999972,12.340350150999996],[7.908850192999978,12.34095954899999],[7.907787799999994,12.345049857999982],[7.906596184000023,12.34850978899999],[7.9065737720000016,12.353130340999996],[7.9042000769999845,12.357749938999973],[7.904167174999998,12.364669800000001],[7.902978897000025,12.36697959899999],[7.900609970000005,12.37043952900001],[7.89940595600001,12.376210212999979],[7.898208140999998,12.380829811000012],[7.898169994,12.388910294000027],[7.898159980999992,12.391220093000015],[7.8946080210000105,12.39583015400001],[7.894587039999976,12.400449752999975],[7.8910298349999834,12.40620994599999],[7.88866090800002,12.40966987600001],[7.889815806999991,12.414299964999998],[7.887434959000018,12.420060158000013],[7.886248111999976,12.422369957],[7.8838620189999915,12.429289817999972],[7.880317210999976,12.432749747999992],[7.880283833000021,12.439680098999986],[7.8790860180000095,12.444290161000026],[7.8767061230000195,12.450059891000024],[7.876678943999991,12.455840110999986],[7.876640796999993,12.463919639999972],[7.883666991999974,12.470859528000005],[7.887186050000025,12.473179817000016],[7.89070415499998,12.475500107000016],[7.895399094000027,12.477820396000027],[7.898922920000018,12.478980063999984],[7.905975818999991,12.48015022300001],[7.911841869,12.483630179999977],[7.914195060999987,12.483639717000017],[7.918889998999987,12.485960007000017],[7.927093028999991,12.492899894999994],[7.931787014000008,12.495220184000004],[7.935267925000005,12.50562000299999],[7.936428069999977,12.509090424000021],[7.936400890000016,12.514860152999972],[7.936385154999982,12.518329619999975],[7.9375338550000265,12.524109839999994],[7.936325072999978,12.531029701000023],[7.936308860999986,12.534500121999997],[7.93628692599998,12.53911018399998],[7.931531905999975,12.549500464999994],[7.929158211000015,12.554109573000005],[7.930312157000003,12.558730125000011],[7.930295944000022,12.56219005600002],[7.9314608569999905,12.564510344999974],[7.933786869000016,12.57028961200001],[7.934947013999988,12.573749541999973],[7.940406799000016,12.578069686999982]]]},"properties":{"fid":413,"cty_nm":"Nigeria","iso3cd":"NGA","adm1nm":"Katsina","adm2nm":"Kankia","adm1cd":"NGA021","adm2cd":"NGA021020"}},{"type":"Feature","id":414,"geometry":{"type":"Polygon","coordinates":[[[7.681055069000024,13.025819778000027],[7.67869091,13.028129578000005],[7.675146102999975,13.031579970999985],[7.671595097000022,13.036190033000025],[7.6692252159999725,13.039649962999988],[7.6668667789999745,13.040800095000009],[7.664492129999985,13.045410156000003],[7.6621232030000215,13.048870087000012],[7.658572197000012,13.053480148000006],[7.655025959,13.056940079000015],[7.653839111000025,13.059249878000003],[7.651481151999974,13.060400008999977],[7.6467638020000095,13.062689781000017],[7.643218993999994,13.066149712000026],[7.637320041999999,13.069600105000006],[7.634966850000012,13.069600105000006],[7.6279029849999915,13.070730208999976],[7.62201023099999,13.073030472000028],[7.616127014000028,13.073019981000016],[7.611415862999991,13.074159622000025],[7.6043567660000235,13.07413959500002],[7.600828170999989,13.07413959500002],[7.598474979000002,13.07413005799998],[7.593791007999982,13.069499968999992],[7.5902719499999876,13.067179679999981],[7.5879302019999955,13.064869880999993],[7.58442306500001,13.060239792000004],[7.582086086000004,13.056770325000002],[7.575076103000015,13.046360015999994],[7.57391118999999,13.044050217000006],[7.572744845999978,13.041740417000028],[7.569237231999978,13.037110328999972],[7.568071841999995,13.034799576000012],[7.565734862999989,13.03133010900001],[7.563397883999983,13.027859687999978],[7.562238216000026,13.024390220999976],[7.555206775999977,13.018600463999974],[7.5481481549999785,13.018589973000019],[7.549356937000027,13.011659622000025],[7.551725863999991,13.008199692000005],[7.552929877999986,13.002429962000008],[7.554117202999976,13.00012016300002],[7.5553150179999875,12.99551010099998],[7.555343150999988,12.989740372000028],[7.555358887000011,12.986269950999997],[7.557734013000015,12.981659889000014],[7.556568146000018,12.979350090000025],[7.556583880999995,12.975879668999994],[7.553691863999973,12.970687865999992],[7.555468082000004,12.963179588000003],[7.55666112900002,12.959710121],[7.556676864999986,12.956250190999981],[7.559045792000006,12.952790259999972],[7.5625810619999925,12.95164966599998],[7.564945221000016,12.949339866999992],[7.567307948999996,12.947039603999997],[7.56966590899998,12.945890426999995],[7.575571060000016,12.941280365000011],[7.5802822109999966,12.94013977100002],[7.584988117000023,12.940150260999985],[7.588521957000012,12.93900013000001],[7.592051982999976,12.939009666000004],[7.595582008000008,12.939020157000016],[7.600286960999995,12.939029693999998],[7.602640151999992,12.93904018400002],[7.604998111999976,12.93789005299999],[7.607350826000015,12.93789005299999],[7.612051963999988,12.939060211000026],[7.61557578999998,12.940219878999983],[7.617922782999983,12.941379546999997],[7.622607231000018,12.946009635999985],[7.627291203000027,12.950639724999974],[7.628457068999978,12.952949524000019],[7.629617214000007,12.956419944999993],[7.629605770000012,12.958729743999982],[7.630765914999984,12.962200165000013],[7.631920815000001,12.96681976299999],[7.631909846999974,12.969129561999978],[7.631898879999994,12.971440314999995],[7.634235859,12.974909781999997],[7.637749195000026,12.978380202999972],[7.642444134000016,12.980699539],[7.644785881000018,12.983010292000017],[7.6483039859999735,12.985329627999988],[7.654176235000023,12.987649917999988],[7.658864974999972,12.991129875000013],[7.6623840330000235,12.993450165000013],[7.664721011999973,12.996919632000015],[7.668233870999984,13.00039005299999],[7.671747207999999,13.003860474000021],[7.674083232999976,13.007329941000023],[7.675249099999974,13.009639740000011],[7.676414967000028,13.011960030000012],[7.677579879999996,13.014269829],[7.678746223000019,13.016579627999988],[7.679912090000016,13.018890381000006],[7.6822481159999825,13.022359848000008],[7.681055069000024,13.025819778000027]]]},"properties":{"fid":414,"cty_nm":"Nigeria","iso3cd":"NGA","adm1nm":"Katsina","adm2nm":"Katsina","adm1cd":"NGA021","adm2cd":"NGA021021"}},{"type":"Feature","id":415,"geometry":{"type":"Polygon","coordinates":[[[7.541327000000024,12.71834278099999],[7.537806988,12.716019630000005],[7.536646843000028,12.712559699999986],[7.535480975999974,12.710240364000015],[7.533139229000028,12.707929610999997],[7.529621124000016,12.705610275000026],[7.524919986999976,12.704449653999973],[7.522572993999972,12.703289986000016],[7.520219802999975,12.703280448999976],[7.517867088000003,12.703269958000021],[7.5143318180000165,12.704420089999985],[7.510787010000001,12.707880020000005],[7.508411883999997,12.712490081999988],[7.507218837999972,12.715950012000008],[7.507196903000022,12.720569610999974],[7.507181167999988,12.724040031000015],[7.507159232999982,12.728650092999999],[7.50714302099999,12.732119560000001],[7.508308886999998,12.734430313000018],[7.510640143999979,12.739049910999995],[7.514148234999993,12.743679999999983],[7.515313148000018,12.745989798999972],[7.517661094999994,12.747150421000015],[7.518826008000019,12.749469756999986],[7.521162987000025,12.752940178000017],[7.521152019999988,12.755249977000005],[7.523493766999991,12.757559775999994],[7.5246491429999764,12.762180328],[7.525815009999974,12.764490127999977],[7.526975155000002,12.76795959499998],[7.528140068000027,12.770270347999997],[7.529304980999996,12.772580146999985],[7.530470847999993,12.774900435999996],[7.532807826999999,12.778369903999987],[7.535133839000025,12.784150124000007],[7.536299229000008,12.786459922999995],[7.539806843000008,12.791090011999984],[7.540972232999991,12.793399810999972],[7.543303013000013,12.798020362999978],[7.545646191000003,12.800339699000006],[7.547983170000009,12.80381011999998],[7.549141883999994,12.80727005],[7.551485061999983,12.80959034],[7.554992199000026,12.814209937999976],[7.559670924999978,12.819999694999979],[7.562013148999995,12.822310447999996],[7.566701889000001,12.82579040500002],[7.569049834999987,12.826950072999978],[7.574911117999989,12.831580162000023],[7.578433990000008,12.83273982999998],[7.579599857000005,12.83506011999998],[7.580749034999997,12.840829848999988],[7.580732822000016,12.84430027000002],[7.5818929669999875,12.847760201000028],[7.583047867000005,12.852390289000027],[7.583025931999998,12.857009887999993],[7.583014965000018,12.859310149999999],[7.579452990999982,12.866230011000027],[7.577089786999977,12.868539810000016],[7.574726105000025,12.87084007300001],[7.572361946000001,12.873149871999999],[7.568821906999972,12.875450134000005],[7.565280914000027,12.877750397],[7.557030200999975,12.881190300000014],[7.554677009999978,12.881190300000014],[7.551153182999997,12.880029678000028],[7.547624111000005,12.880020141999978],[7.540575981000018,12.877690314999995],[7.533534050000014,12.874210358000028],[7.528832911999984,12.873049735999984],[7.522966861999976,12.869569778000027],[7.520618915999989,12.868410110000013],[7.515923977,12.866089821000003],[7.512394905000008,12.86608028400002],[7.510042191000025,12.866069793999998],[7.507688998999981,12.866069793999998],[7.501811981000003,12.864899634999972],[7.499464988999989,12.863739967000015],[7.49477005,12.861419678000004],[7.4912409780000075,12.861410141000022],[7.486539841000024,12.860250473000008],[7.4806852340000205,12.854459763000023],[7.477156162000028,12.854450225999983],[7.471279143999993,12.853280067000014],[7.467765808000024,12.849809646999972],[7.461900233999984,12.846329689000015],[7.457200049999983,12.845170021000001],[7.451333999999974,12.841690062999987],[7.4454507830000125,12.841679573000022],[7.443098067999983,12.841670035999982],[7.440744876999986,12.841659546000017],[7.436038971000016,12.841650008999977],[7.432505131000028,12.842800140000008],[7.428975105000006,12.842789649999986],[7.424270153000009,12.842780113000003],[7.421910763000028,12.843930243999978],[7.41837596900001,12.845080375999999],[7.414846897000018,12.845069884999987],[7.410136222999995,12.846209525999996],[7.405425072000014,12.847359657000027],[7.403059959000018,12.849659920000022],[7.400697230999981,12.851960182000028],[7.397157192000009,12.854269981000016],[7.394793033999974,12.856570244000011],[7.390065192999998,12.861180305000005],[7.385369777999983,12.858860015999994],[7.380670070999997,12.857689857000025],[7.378323077999994,12.85653019],[7.37362194100001,12.855369568000015],[7.369697094000003,12.856129646],[7.371284962000004,12.851900101000012],[7.373653889000025,12.848440170000003],[7.376012801999991,12.847290038999972],[7.379559040000004,12.84383010900001],[7.384281158000022,12.840379714999983],[7.386643886999991,12.838080406000017],[7.3995909689999735,12.836950301999991],[7.403125762999991,12.835800171000017],[7.4137248989999875,12.833519936000016],[7.417264938000017,12.831219673000021],[7.420800208999992,12.83006954199999],[7.424339771000007,12.827770233000024],[7.427890778000005,12.823160171999973],[7.429094791000011,12.817390441999976],[7.43265676499999,12.810469626999975],[7.432689190000019,12.80354023000001],[7.431529044999991,12.800069808999979],[7.430368900000019,12.796609879000016],[7.430390835000026,12.791990279999993],[7.432775973999981,12.785059928999999],[7.429257870000015,12.78275013000001],[7.424579144000006,12.776960373000009],[7.4222540860000095,12.771180152999989],[7.419917107000003,12.767709732000014],[7.418762206999986,12.763090133999981],[7.4211368559999755,12.758480071999998],[7.417634009999972,12.752699851999978],[7.415308951999975,12.746919632000015],[7.41297817200001,12.742289543000027],[7.408309937000013,12.734199524000019],[7.405968189000021,12.731880187999991],[7.404801845999998,12.729570389000003],[7.403657913000018,12.722640038000009],[7.403679848000024,12.718020438999986],[7.403717995000022,12.709939957000017],[7.403760910000017,12.700699805999989],[7.40613079100001,12.697239876000026],[7.406147003000001,12.693779945000017],[7.4085268970000016,12.68801021600001],[7.4085440640000115,12.684550285],[7.406211853000002,12.679920197000001],[7.402698993999991,12.676449776000027],[7.395657062999987,12.672969818000013],[7.3909668919999945,12.669489860999988],[7.385096073,12.667169570999988],[7.381560802000024,12.66831970200002],[7.378653048999979,12.668789864000018],[7.379223824000007,12.664850235000017],[7.3780641559999935,12.661379813999986],[7.376898766000011,12.659070014999998],[7.375739097999997,12.655599594000023],[7.373406886999987,12.65097999599999],[7.37224101999999,12.648670197000001],[7.371076107000022,12.646349907000001],[7.368751049000025,12.640569686999982],[7.369943142000011,12.637109755999973],[7.371129989999986,12.634810447999996],[7.37349414800002,12.632499694999979],[7.375864029000013,12.629039764000026],[7.378238200999988,12.624429702999976],[7.381789206999997,12.619819640999992],[7.384170055000027,12.614049910999995],[7.384185790999993,12.610589980999976],[7.386570930000005,12.603659629999981],[7.391310214999976,12.596750258999975],[7.393679141999996,12.593290329000013],[7.3948721890000115,12.589830398999993],[7.394898891000025,12.584050178999973],[7.396086216000015,12.581749915999978],[7.39965295799999,12.573670386999993],[7.402039050999974,12.566749572999981],[7.405558109000026,12.569069861999992],[7.407905101999972,12.570229530000006],[7.412611007999999,12.570240021000018],[7.417326926999976,12.567939758000023],[7.420851230999972,12.569100380000009],[7.424376010999993,12.570260048000023],[7.430246829999987,12.572589874000016],[7.433764934999999,12.574899673000004],[7.4384708399999795,12.574919700999999],[7.445535183000004,12.57378005999999],[7.450242043000003,12.573789596999973],[7.453764915000022,12.574950218000026],[7.457300185999998,12.573800086999995],[7.459663868000007,12.57149982499999],[7.4631991389999826,12.570349693000026],[7.467909813000006,12.569210052000017],[7.470273971999973,12.566909790000011],[7.476167201999999,12.564609528000005],[7.486765862000027,12.562330245999988],[7.493834972000002,12.560029983999982],[7.498540877999972,12.560040474000004],[7.505589008000015,12.562370299999998],[7.50911903399998,12.56237983699998],[7.517364978999979,12.560090064999997],[7.522065162999979,12.561249733000011],[7.525594233999982,12.561260222999977],[7.529129028,12.560110092000002],[7.531486987999983,12.558959961000028],[7.533840178999981,12.558970450999993],[7.539722918999985,12.558979987999976],[7.544427872000028,12.558989525000015],[7.546786784999995,12.557849884000007],[7.55031108899999,12.55900955200002],[7.553834914999982,12.560170174000007],[7.557359218999977,12.56132984200002],[7.5608830450000255,12.5625],[7.565577984000015,12.56482029],[7.570267199999989,12.568289757000002],[7.573785782000016,12.570610046000013],[7.57847499799999,12.574080466999987],[7.581994056999974,12.576399803000015],[7.5843310359999805,12.57987022399999],[7.586682795999991,12.579879760999972],[7.590207099999986,12.581040382000026],[7.593730927000024,12.582200049999983],[7.596073150999985,12.584520339999983],[7.6007728580000276,12.585680007999997],[7.604298115000006,12.586850165999977],[7.610168934000001,12.589170455999977],[7.612511158000018,12.591480255000022],[7.616028786000015,12.593799590999993],[7.618381977000013,12.593810081000015],[7.620714188000022,12.598429679999981],[7.62186813400001,12.603050231999987],[7.623012066000001,12.609979629999998],[7.624172210999973,12.613450049999983],[7.624151229999995,12.618069649000006],[7.621780871999988,12.621529579000025],[7.620594025000003,12.623840331999986],[7.618218898999999,12.628450394000026],[7.611149787999977,12.63074016600001],[7.608801841999991,12.629579544000023],[7.604091166999979,12.630729674999998],[7.6005558969999925,12.631870269999979],[7.598197937000009,12.63302040100001],[7.59584522199998,12.63302040100001],[7.593486786000028,12.634160042000019],[7.586406231000012,12.638770103000013],[7.585213183999997,12.642230034000022],[7.586368084000014,12.646849631999999],[7.582821846000002,12.650309563000008],[7.579281806999973,12.652609825000013],[7.574549198,12.658370018000028],[7.573356151999974,12.66182994799999],[7.570964812999989,12.669910431000005],[7.568580150999992,12.676830291999977],[7.566211224000028,12.680290221999996],[7.566199779999977,12.682600020999985],[7.565007209999976,12.686059951999994],[7.562633038000001,12.690679550000027],[7.560267925000005,12.692979813000022],[7.560246944000028,12.697600365000028],[7.557860850999987,12.704520226],[7.556674004000001,12.706830024999988],[7.553122997000003,12.711440085999982],[7.550765038000009,12.712590218000003],[7.548406123999996,12.713740348999977],[7.546041964999972,12.716039658],[7.544855117999987,12.718350410000028],[7.541327000000024,12.71834278099999]]]},"properties":{"fid":415,"cty_nm":"Nigeria","iso3cd":"NGA","adm1nm":"Katsina","adm2nm":"Kurfi","adm1cd":"NGA021","adm2cd":"NGA021022"}},{"type":"Feature","id":416,"geometry":{"type":"Polygon","coordinates":[[[8.091573714999981,12.400719643000002],[8.089867592000019,12.403209686000025],[8.087492942999972,12.407819748000009],[8.087471008000023,12.412440300000014],[8.085102081000002,12.415900229999977],[8.082727432000013,12.420519829],[8.081535339000027,12.42397975900002],[8.081518173000006,12.427439690000028],[8.077967644000012,12.432049751000022],[8.075592995000022,12.436659813000006],[8.076742172000024,12.442440033000025],[8.077891350000016,12.448220252999988],[8.077864647000013,12.453989982999985],[8.076655388000006,12.46092033399998],[8.074280739000017,12.46553039600002],[8.068360328999972,12.473600388000023],[8.064819336000028,12.475899695999999],[8.063632010999982,12.478210449000017],[8.060080528000015,12.482819557000028],[8.052995682000017,12.488570213000003],[8.054155349999974,12.492039680000005],[8.051770209999972,12.498970031999988],[8.05410671200002,12.502429962000008],[8.05642700200002,12.509369849999985],[8.055233955000006,12.512829780999994],[8.054046631000006,12.515139579999982],[8.051677703999985,12.518600463999974],[8.049303054999996,12.523209571999985],[8.046938895999972,12.52550983399999],[8.046928406000006,12.527819632999979],[8.04808807400002,12.53129005400001],[8.048077583000008,12.533599853999988],[8.049238204999995,12.537070273999973],[8.048049927000022,12.539369582999996],[8.048028945999988,12.543990135000001],[8.048012733000007,12.54745006600001],[8.044461249999983,12.552069663999987],[8.043273925999983,12.554369925999993],[8.039722443000016,12.558979987999976],[8.038536072,12.561289787000021],[8.034990311000001,12.564749717999973],[8.032626151999978,12.567049979999979],[8.027915000999997,12.568189620999988],[8.018492698999978,12.570480347],[8.011406898000018,12.576239585999986],[8.007871627999975,12.577389717000017],[8.004336357,12.578530311999998],[8.000790596000002,12.581990242000018],[7.993738173999986,12.580820083999981],[7.991384982999989,12.580809593000026],[7.987861156000008,12.579649925000012],[7.985518931999991,12.577329636000002],[7.983177184999988,12.575019836000024],[7.980834961000028,12.572699547000013],[7.976150990000008,12.568070411999997],[7.973803042999975,12.566909790000011],[7.969098090999978,12.566900252999972],[7.96202182799999,12.570349693000026],[7.9605140689999985,12.572549820000006],[7.957311152999978,12.57149982499999],[7.95495796199998,12.571490288000007],[7.944354056999998,12.574930191000021],[7.941996098000004,12.576080321999996],[7.940406799000016,12.578069686999982],[7.934947013999988,12.573749541999973],[7.933786869000016,12.57028961200001],[7.9314608569999905,12.564510344999974],[7.930295944000022,12.56219005600002],[7.930312157000003,12.558730125000011],[7.929158211000015,12.554109573000005],[7.931531905999975,12.549500464999994],[7.93628692599998,12.53911018399998],[7.936308860999986,12.534500121999997],[7.936325072999978,12.531029701000023],[7.9375338550000265,12.524109839999994],[7.936385154999982,12.518329619999975],[7.936400890000016,12.514860152999972],[7.936428069999977,12.509090424000021],[7.935267925000005,12.50562000299999],[7.931787014000008,12.495220184000004],[7.927093028999991,12.492899894999994],[7.918889998999987,12.485960007000017],[7.914195060999987,12.483639717000017],[7.911841869,12.483630179999977],[7.905975818999991,12.48015022300001],[7.898922920000018,12.478980063999984],[7.895399094000027,12.477820396000027],[7.89070415499998,12.475500107000016],[7.887186050000025,12.473179817000016],[7.883666991999974,12.470859528000005],[7.876640796999993,12.463919639999972],[7.876678943999991,12.455840110999986],[7.8767061230000195,12.450059891000024],[7.8790860180000095,12.444290161000026],[7.880283833000021,12.439680098999986],[7.880317210999976,12.432749747999992],[7.8838620189999915,12.429289817999972],[7.886248111999976,12.422369957],[7.887434959000018,12.420060158000013],[7.889815806999991,12.414299964999998],[7.88866090800002,12.40966987600001],[7.8910298349999834,12.40620994599999],[7.894587039999976,12.400449752999975],[7.8946080210000105,12.39583015400001],[7.898159980999992,12.391220093000015],[7.898169994,12.388910294000027],[7.898208140999998,12.380829811000012],[7.89940595600001,12.376210212999979],[7.900609970000005,12.37043952900001],[7.902978897000025,12.36697959899999],[7.904167174999998,12.364669800000001],[7.9042000769999845,12.357749938999973],[7.9065737720000016,12.353130340999996],[7.906596184000023,12.34850978899999],[7.907787799999994,12.345049857999982],[7.908850192999978,12.34095954899999],[7.913966656000014,12.339818954000009],[7.918582915999991,12.342455863999987],[7.92524290099999,12.346260071000017],[7.927585125000007,12.348580360000028],[7.940483093000012,12.354430198999978],[7.946351051000022,12.354470252999988],[7.9557380680000165,12.355690002000017],[7.963947772999973,12.358050346000027],[7.970984935999979,12.360400200000015],[7.98153686500001,12.365079879999996],[7.988574028000016,12.367429732999994],[7.996788978999973,12.367489814999999],[8.004938126000013,12.367734908999978],[8.007229805000009,12.368573189000017],[8.020247459000018,12.374560356000018],[8.02892112699999,12.375043869000024],[8.03500556900002,12.378903389000016],[8.041289329999984,12.382889748000025],[8.04834937999999,12.383859633999975],[8.057500839,12.388819694999995],[8.062461853000002,12.390979766999976],[8.067153931000007,12.392169952000017],[8.078883170999973,12.39570999099999],[8.082398415,12.398039817999972],[8.091573714999981,12.400719643000002]]]},"properties":{"fid":416,"cty_nm":"Nigeria","iso3cd":"NGA","adm1nm":"Katsina","adm2nm":"Kusada","adm1cd":"NGA021","adm2cd":"NGA021023"}},{"type":"Feature","id":417,"geometry":{"type":"Polygon","coordinates":[[[7.833694934999983,11.965359687999978],[7.830807209,11.961700439000026],[7.81193017999999,11.964920043999996],[7.803699970000025,11.963749886000016],[7.793117999999993,11.962570190000008],[7.782535075999988,11.961389542000006],[7.777833939000004,11.960229873999992],[7.769609928000023,11.95790004700001],[7.762551785000028,11.957880020000005],[7.75901699100001,11.959030150999979],[7.754304886,11.960169791999988],[7.751931189999993,11.964790343999994],[7.7507271769999875,11.970560073999991],[7.749517917999981,11.97747993500002],[7.748302937000005,11.985560416999988],[7.7447252270000035,11.995949745000019],[7.73646783800001,12.00055027000002],[7.725852965999991,12.006299973000012],[7.709376812000016,12.007410048999986],[7.695271015000003,12.005069733000028],[7.684699059000025,12.001580237999974],[7.672945023000011,11.999239922000015],[7.665874958000018,12.00154018400002],[7.652928829000018,12.002659798000025],[7.650581837000004,12.00150013000001],[7.644704819000026,12.000329970999985],[7.640008926000007,11.998009681999974],[7.63530397400001,11.998000144999992],[7.628233910000006,12.000300406999997],[7.621160029999999,12.003740311000001],[7.612917900000014,12.00487995100002],[7.6047048570000015,12.000240325999982],[7.595314980000012,11.995599747000028],[7.585919857000022,11.992119789000014],[7.582400799000027,11.989800452999987],[7.5765509610000095,11.982859612000027],[7.57421016699999,11.980540276],[7.576594829999976,11.973620415000028],[7.578969954999991,11.968999863000022],[7.581345080999995,11.964389800999982],[7.583707808999975,11.962089538999976],[7.582105636999984,11.959710121],[7.583752155000013,11.952850341999977],[7.593173981000007,11.950559616000021],[7.597879886999976,11.950570106999976],[7.606121062999989,11.949440002000017],[7.610836983000013,11.947139740000011],[7.616752147999989,11.940219878999983],[7.619143009000027,11.93214988699998],[7.615656853000019,11.922900200000015],[7.610972881000009,11.918270111000027],[7.609807014000012,11.915960311999982],[7.603958130000024,11.909020424000005],[7.596937179999998,11.900919913999985],[7.593423842999982,11.897439957000017],[7.591076851000025,11.896289824999997],[7.587557792999974,11.893969535999986],[7.584055900999999,11.888190269000006],[7.5793881420000275,11.880089759999976],[7.575891017999993,11.873149871999999],[7.57122898099999,11.863909721000027],[7.566549778000024,11.858119965000014],[7.56540107699999,11.852350235000017],[7.561899185000016,11.846559524999975],[7.559556960999998,11.844249724999997],[7.556059837000021,11.83730983700002],[7.556077002999984,11.833849907000001],[7.55023193400001,11.82575035100001],[7.543194771000003,11.821120262000022],[7.5361628530000075,11.81532955199998],[7.53146886799999,11.81301021600001],[7.524432181999998,11.808369636999998],[7.519752978999975,11.802590370000019],[7.518592834000003,11.799119948999987],[7.5139298440000175,11.789870262000022],[7.510423183,11.785240172999977],[7.504568099999972,11.779459953000014],[7.501054764000003,11.77597999599999],[7.499888897000005,11.773670197000001],[7.49756908400002,11.766739845000018],[7.497601031999977,11.759810447999996],[7.497612000000004,11.757499694999979],[7.496451854999975,11.754030227999976],[7.496469020999996,11.750570297000024],[7.497661113999982,11.747110367000005],[7.4953298570000015,11.742480278000016],[7.495350837999979,11.73785972600001],[7.495372771999996,11.733249664000027],[7.495399952000014,11.72747039799998],[7.495443820999981,11.71823978399999],[7.491936206999981,11.713609695000002],[7.48960495,11.708979607000003],[7.490791797999975,11.70668029799998],[7.489637851999987,11.702050208999992],[7.487307072000021,11.697429656999986],[7.487737655999979,11.694169998000007],[7.488525867000021,11.688199997000027],[7.493254185000012,11.683589934999986],[7.494441986000027,11.681280135999998],[7.4991579059999935,11.678979873999992],[7.505062103,11.674380301999975],[7.507421017000013,11.673230171],[7.5109548570000015,11.672080040000026],[7.5144848819999766,11.672089577000008],[7.519185065999977,11.673250198000005],[7.522704123999972,11.675569533999976],[7.528574944000013,11.677900313999999],[7.530917167999974,11.680210113999976],[7.533258914999976,11.682530402999987],[7.535606861000019,11.683690071000001],[7.53841686200002,11.686459540999977],[7.540290832999972,11.68832015999999],[7.5426220890000195,11.692939758000023],[7.543782233999991,11.696410178999997],[7.544930935000025,11.702179908999994],[7.546096802000022,11.704489707999983],[7.549588202999985,11.712590218000003],[7.550747870999999,11.716050148000022],[7.557779788999994,11.721839905000024],[7.560126781000008,11.722999572999981],[7.562475204000009,11.724160193999978],[7.567174910999995,11.725330353000004],[7.571880817000022,11.725339889999987],[7.576581001000022,11.726510048000023],[7.578939914999978,11.725359916999992],[7.582468987000027,11.725359916999992],[7.588346004000016,11.726530075000028],[7.595398902999989,11.727700233000007],[7.600083827999981,11.732330321999996],[7.602426051999998,11.734649658000023],[7.604767799000001,11.736960410999984],[7.609457016000022,11.740440368999998],[7.611804007999979,11.741600037000012],[7.616498947000025,11.743920326000023],[7.622371197000007,11.746239661999994],[7.630596161000028,11.748570442000016],[7.636466980000023,11.750889777999987],[7.642337799000018,11.75321960399998],[7.648203850000016,11.756690025000012],[7.654076099000008,11.759019851999994],[7.658771037999998,11.761340141000005],[7.669342995000022,11.764829636000002],[7.6740322109999966,11.768300055999987],[7.677545070999997,11.771769523999978],[7.681046962999972,11.777549743999998],[7.682201861999999,11.782179831999997],[7.683356762000017,11.786800384999992],[7.685688018999997,11.791419983000026],[7.686852932000022,11.793729782000014],[7.6880078319999825,11.798359871000002],[7.691515922999997,11.802980423000008],[7.693851947999974,11.80644989000001],[7.695017815000028,11.808759688999999],[7.697353840000005,11.812230109999973],[7.700872898,11.814550399999973],[7.705574035999973,11.81571960399998],[7.71026802099999,11.81803989399998],[7.71496295899999,11.82036018399998],[7.71966409700002,11.821519851999994],[7.72435903500002,11.823840141000005],[7.733754158000011,11.827329636000002],[7.7372779849999915,11.828490256999999],[7.740797042999986,11.830809593000026],[7.747845172999973,11.833140372999992],[7.75254011200002,11.83545970900002],[7.756052017000002,11.838930129999994],[7.761912822999989,11.843560218999983],[7.7677788729999975,11.847040176000007],[7.771296978000009,11.849360466000007],[7.772462845000007,11.851670264999996],[7.779500008000014,11.856300353999984],[7.7818470000000275,11.857460021999998],[7.784190178000017,11.859780311999998],[7.786542892,11.859780311999998],[7.792407990000015,11.863260269000023],[7.79592704800001,11.865579604999994],[7.8006172180000135,11.869050026000025],[7.804141044999994,11.870220184000004],[7.810011863999989,11.872540474000004],[7.813536166999995,11.873700142000018],[7.818224907000001,11.877180098999986],[7.821743964999996,11.879500388999986],[7.825267791999977,11.880660057],[7.832315922000021,11.882989882999993],[7.835844994000013,11.882989882999993],[7.840546130999996,11.884160042000019],[7.842897891999996,11.884160042000019],[7.846514225000021,11.884880065999994],[7.845318793999979,11.894089699000006],[7.8464031220000265,11.898014068999998],[7.84533596,11.900525092999999],[7.842397213000027,11.907440185999974],[7.841142177999984,11.918060303000004],[7.840676785000028,11.921998024000004],[7.839490414000011,11.923974036999994],[7.839372158000003,11.927459716999977],[7.837003230999983,11.936659813000006],[7.836479187000009,11.943380355999977],[7.834989070999995,11.952659606999987],[7.833694934999983,11.965359687999978]]]},"properties":{"fid":417,"cty_nm":"Nigeria","iso3cd":"NGA","adm1nm":"Katsina","adm2nm":"Malumfashi","adm1cd":"NGA021","adm2cd":"NGA021025"}},{"type":"Feature","id":418,"geometry":{"type":"Polygon","coordinates":[[[7.857904910999991,13.109299659999976],[7.854773997999985,13.110520362999978],[7.850073813999984,13.109350204000009],[7.844223976000023,13.102410315999975],[7.840733050999972,13.094320297000024],[7.838412762000019,13.087389945999973],[7.8360757830000125,13.083919524999999],[7.832568169000012,13.079290389999983],[7.830232142999989,13.075819969000008],[7.829076767000004,13.071200370999975],[7.826773166999999,13.060799599000006],[7.824452876999999,13.053870200999995],[7.822122096999976,13.049240112000007],[7.820960999000022,13.045780181999987],[7.81745386099999,13.041150092999999],[7.815112113999987,13.038829802999999],[7.812764168000001,13.037670134999985],[7.810417174999998,13.036510468000017],[7.802193165000006,13.034190178000017],[7.795145035000019,13.031860352000024],[7.784555911999973,13.031829834000007],[7.777486801000009,13.034130096000013],[7.773941040000011,13.03757953600001],[7.772802829999989,13.029500008000014],[7.772840023000015,13.021419524999999],[7.772850989999995,13.01910972600001],[7.7728681560000155,13.015640259000008],[7.774061202999974,13.012180328],[7.774082184000008,13.007559775999994],[7.77527999900002,13.002940178000017],[7.776467799999978,13.000639915000022],[7.778841972000009,12.996029854000028],[7.780052184999988,12.989100456000017],[7.7812438010000164,12.985639572000025],[7.78126096699998,12.982170105000023],[7.781270980999977,12.979860305999978],[7.7812929149999945,12.975250243999994],[7.781310081000015,12.97177982300002],[7.781325816999981,12.968319893],[7.781336784000018,12.966010094000012],[7.777851105000025,12.956760406],[7.7778668400000015,12.953300475999981],[7.7778840070000115,12.949830055000007],[7.777894020000019,12.947520256000018],[7.777911185999983,12.944060325999999],[7.775574206999977,12.940589905000024],[7.77560090999998,12.934820175000027],[7.774463176999973,12.92673015600002],[7.774489879999976,12.920960426000022],[7.7733240129999785,12.918640137000011],[7.7733349800000155,12.916339874000016],[7.7721700669999905,12.914019585000005],[7.769837855999981,12.909399985999983],[7.771030902999996,12.90594005600002],[7.766364097999997,12.897839546],[7.766385077999985,12.893219948000024],[7.765224934000003,12.889760017000015],[7.766427994000026,12.883990288000007],[7.765267848999997,12.880519866999975],[7.765285015000018,12.877059937000013],[7.76411914800002,12.874739647000013],[7.762965201999975,12.87012004899998],[7.761815071000001,12.864350318999982],[7.759494781000001,12.857410431000005],[7.760687828000016,12.853949547000013],[7.760708808999993,12.84932994799999],[7.761901855000019,12.845870018000028],[7.760735989000011,12.843560218999983],[7.758405208999989,12.838930129999994],[7.756091117999972,12.830849648000026],[7.753765106000003,12.825070380999989],[7.753780842000026,12.821599960000015],[7.757338047000019,12.815839767],[7.763263225999992,12.806610106999983],[7.765633105999996,12.80315017700002],[7.769184112999994,12.79854011499998],[7.771546840999974,12.796239852999975],[7.7750711439999804,12.797400475000018],[7.7774190900000235,12.798560142999975],[7.780938148000018,12.800880431999985],[7.784461021000027,12.8020401],[7.786814213000014,12.802049636999982],[7.793861865999986,12.804369925999993],[7.797386168999992,12.805540085000018],[7.8009037969999895,12.807849884000007],[7.8056001659999765,12.810170174000007],[7.807940959999996,12.812490463000017],[7.814983844999972,12.815970420999975],[7.822037220000027,12.817139626000028],[7.826743125999997,12.817150115999993],[7.833790779000026,12.819479941999987],[7.836143970000023,12.819479941999987],[7.844378947999985,12.819499968999992],[7.851438045999998,12.819519996999986],[7.856143950999979,12.81952953299998],[7.862026215000014,12.819540023999991],[7.866732120999984,12.819549560999974],[7.870261191999987,12.819560050999996],[7.876142979000008,12.819580078000001],[7.883196831000021,12.820750237000027],[7.891420841000013,12.82308006300002],[7.896115780000002,12.825400351999974],[7.898464203000003,12.826560019999988],[7.903159141999993,12.828880309999988],[7.907854079999993,12.831199646000016],[7.911383151999985,12.831199646000016],[7.914912223999977,12.831210135999982],[7.919622898,12.83006954199999],[7.9231638910000015,12.827770233000024],[7.925521850999985,12.826620101999993],[7.926710129000014,12.824310303000004],[7.929068088999998,12.823160171999973],[7.931441784000015,12.81855010999999],[7.934994221000011,12.813940048000006],[7.9373631479999744,12.810480117999987],[7.9409031870000035,12.808179854999992],[7.946802138999999,12.804730414999995],[7.9526891709999745,12.803589821000003],[7.960940837999999,12.800140381000006],[7.964487076000012,12.79668998699998],[7.968020916,12.795539856000005],[7.972737789000007,12.793239594],[7.975101947999974,12.790940284999976],[7.97866392100002,12.784020424000005],[7.978702068000018,12.775930404999997],[7.977558136000027,12.769000053000013],[7.976408957999979,12.763230324000006],[7.974089145999983,12.756290435999972],[7.9717569349999735,12.751669884000023],[7.97177886999998,12.747050285],[7.970626831000004,12.741959571999985],[7.970645905000026,12.737810135000018],[7.971844196000006,12.733189583000012],[7.974218844999996,12.728580475000001],[7.977769851999994,12.723970413000018],[7.981305121999981,12.722820281999986],[7.984849929999996,12.719369888000017],[7.988390922999997,12.717060088999972],[7.9930958749999945,12.717069626000011],[7.99898386000001,12.715929985000002],[8.003673552999999,12.719409943000016],[8.008379935999983,12.719420432999982],[8.014250754999978,12.72173976900001],[8.018940926000028,12.725219727000024],[8.023630142000002,12.728690147000009],[8.027159691000008,12.728699683999992],[8.030677794999974,12.731019973999992],[8.033025742000007,12.732179642000006],[8.036539077999976,12.73565006299998],[8.040045738000003,12.740280150999979],[8.04238796200002,12.742589951000014],[8.04940891299998,12.750690459999987],[8.050574303000019,12.753000258999975],[8.05291080500001,12.756469727000024],[8.055242538000016,12.761099815000023],[8.058754921000002,12.764570235999997],[8.064626694000026,12.766889572000025],[8.069311142000004,12.771519661000013],[8.072818756000004,12.776149750000002],[8.076336861000016,12.778470039000013],[8.081031799000016,12.780790329000013],[8.083368301000007,12.784259796000015],[8.085710526000014,12.786569595000003],[8.088064194000026,12.786580086000015],[8.089229584000009,12.788889885000003],[8.090383529999997,12.793510437000009],[8.090367317000016,12.796979904000011],[8.090346335999982,12.801589965999995],[8.095013617999996,12.809690475000025],[8.094991683999979,12.814310073999991],[8.092638969000006,12.814299582999979],[8.08910942099999,12.814290046999986],[8.085575103999986,12.815440178000017],[8.082029342999988,12.81890010799998],[8.080836295999973,12.822360038999989],[8.079644202999987,12.825819969000008],[8.078445434999992,12.830439567999974],[8.076070786000002,12.835049629000025],[8.073690413999998,12.840820312000005],[8.073674202000007,12.844280243000014],[8.076010703999998,12.847749710000016],[8.078342437999993,12.852379799000005],[8.084197044000007,12.858160019000024],[8.08770561199998,12.862790108000013],[8.088865279999993,12.866259575000015],[8.092367172000024,12.872039794999978],[8.094703674000016,12.87551021600001],[8.094671248999987,12.882439612999974],[8.095826149000004,12.88706016499998],[8.096991538999987,12.889369965000014],[8.098157882999999,12.891679764000003],[8.101664543000027,12.896309852999991],[8.101643561999992,12.900930404999997],[8.101632117999998,12.903240203999985],[8.100444793999998,12.90554046599999],[8.099241257000017,12.911310195999988],[8.098053932000028,12.913619994999976],[8.09685039499999,12.919389724999974],[8.095657349000021,12.922849654999993],[8.093276978000006,12.928620337999973],[8.093250275000003,12.93439960500001],[8.08851146699999,12.941309928999999],[8.083784103000028,12.945919990999982],[8.082596779000028,12.948229790000028],[8.081409453999981,12.950530051999976],[8.079040527000018,12.953989982999985],[8.076665877999972,12.958609581000019],[8.073109627000008,12.964369773999977],[8.071916579999993,12.967829703999996],[8.068365097000026,12.97243976599998],[8.065996170000005,12.975899695999999],[8.064808846000005,12.978210449000017],[8.063622474999988,12.980520248000005],[8.062434196000027,12.982819557000028],[8.060065269000006,12.98628044100002],[8.057701110999972,12.988590240000008],[8.055342673999974,12.989740372000028],[8.055332184000008,12.992039680000005],[8.05297374700001,12.993189812000026],[8.05060481999999,12.996649741999988],[8.04941177400002,13.000109672999997],[8.048314095000023,13.00329971299999],[8.044700622999983,13.001259803999972],[8.037669182000002,12.995470047000026],[8.035375595000005,12.982760428999995],[8.031884192999996,12.974670409999987],[8.03074073800002,12.967740058999993],[8.029591559999972,12.961959838999974],[8.028447151000023,12.95503044100002],[8.02377891499998,12.946940422000011],[8.01791953999998,12.942299843],[8.01088237800002,12.937669754000012],[8.006187438999973,12.935350417999985],[8.001476287999992,12.936490058999993],[7.9979410170000165,12.937640190000025],[7.995583056999976,12.938790320999999],[7.99203681900002,12.942239760999996],[7.988502025999992,12.943389893000017],[7.984951018999993,12.94799995400001],[7.982593059999999,12.949150084999985],[7.979053019999981,12.95145034799998],[7.976687907999974,12.953760147000025],[7.973158835999982,12.953749657000003],[7.970811844000025,12.95258998899999],[7.967292785999973,12.950269698999989],[7.9661278720000155,12.9479599],[7.962619781000001,12.943329811000012],[7.960282802999984,12.93986034400001],[7.9591178890000265,12.937549590999993],[7.957958221000013,12.93408012399999],[7.957973956999979,12.930620192999982],[7.9568090440000105,12.928310393999993],[7.953289986000016,12.925990104999983],[7.948584079999989,12.925979614000028],[7.946226120000006,12.927129745000002],[7.942696094999974,12.927120209000009],[7.933262824999986,12.93171977999998],[7.929717063999988,12.935170174000007],[7.928518772000018,12.939789771999983],[7.926149844999998,12.943249702000003],[7.923780917999977,12.946709633000012],[7.91905307799999,12.951310158000013],[7.915513039000018,12.953619957],[7.910796165000022,12.955909728999984],[7.909608841000022,12.958219527999972],[7.907234191999976,12.962829590000013],[7.903676986999983,12.968600272999993],[7.901291846999982,12.975520134000021],[7.897729873999992,12.982439994999993],[7.894167900000014,12.989359856000021],[7.890616894000004,12.993969917000015],[7.888241768,12.998590469000021],[7.8835091590000275,13.004349708999996],[7.881140232000007,13.007809639000016],[7.882288932999984,13.013589858999978],[7.881085873000018,13.019359588999976],[7.881063938000011,13.023980140999981],[7.8810482029999775,13.027440071000001],[7.882192135000025,13.034370421999995],[7.882174969000005,13.037830353000004],[7.880971908999982,13.043600082000012],[7.878596782999978,13.048219680999978],[7.877404212999977,13.051679610999997],[7.876211166000019,13.055139542000006],[7.872654914999998,13.060910224999986],[7.870291232999989,13.06320953400001],[7.869099140000003,13.066670418000001],[7.8632001880000075,13.070119857999998],[7.862011908999989,13.072429656999986],[7.861985206999975,13.078200340000024],[7.8596220019999805,13.080510139000012],[7.857252120999988,13.08397007000002],[7.857224941000027,13.089739798999972],[7.857198238000024,13.095509529000026],[7.857175826999992,13.100130080999975],[7.857153892999975,13.104749679999998],[7.857904910999991,13.109299659999976]]]},"properties":{"fid":418,"cty_nm":"Nigeria","iso3cd":"NGA","adm1nm":"Katsina","adm2nm":"Mani","adm1cd":"NGA021","adm2cd":"NGA021026"}},{"type":"Feature","id":419,"geometry":{"type":"Polygon","coordinates":[[[7.59714698800002,12.35588455200002],[7.593625068999984,12.35472011600001],[7.590095996999992,12.354709624999998],[7.585383891999982,12.355859755999973],[7.580673218000015,12.35700035100001],[7.577133178999986,12.359299659999976],[7.572415829000022,12.361599921999982],[7.5665230750000205,12.363900184999977],[7.560636043999978,12.365039824999997],[7.557095050999976,12.367340087999992],[7.552379131000009,12.369640349999997],[7.548843861000023,12.370779991000006],[7.545309067000005,12.37193012199998],[7.539425849999986,12.371919632000015],[7.534720897999989,12.371910094999976],[7.532368183000017,12.37189960500001],[7.528854846999991,12.368430138000008],[7.526524067000025,12.36380004900002],[7.526546000999986,12.359180449999997],[7.526577949999989,12.352259635999985],[7.527791976999993,12.344180107],[7.528995990999988,12.33839988699998],[7.530210017999991,12.330320357999994],[7.529067038999983,12.323390007],[7.520868778000022,12.31529045100001],[7.515008926000007,12.310660362000021],[7.515036106000025,12.304880142000002],[7.515069008000012,12.297960280999973],[7.516300200999979,12.286410332000003],[7.515155791999973,12.27947998000002],[7.517540931999974,12.27256011999998],[7.516403197999978,12.264470099999983],[7.515024185000016,12.257539748999989],[7.514103889000012,12.252920151000012],[7.514121056000022,12.249460220000003],[7.516495227999997,12.244839667999997],[7.516521931,12.23906993899999],[7.517736911999975,12.230990410000004],[7.516592978999995,12.22406005900001],[7.518972873999985,12.218290329000013],[7.516657828999996,12.210200310000005],[7.517878055999972,12.200960158999976],[7.519075870999984,12.196350097999982],[7.520286082999974,12.189419745999999],[7.521482944000013,12.184809685000005],[7.523858070000017,12.180190085999982],[7.526226996999981,12.17673015600002],[7.527420043999996,12.173270226],[7.529788971000016,12.169819831999973],[7.533346176000009,12.164050101999976],[7.536897182000018,12.159440040999982],[7.54043722199998,12.157139777999987],[7.543982982999978,12.153679848000024],[7.545679092,12.150389671000028],[7.548698902000012,12.151379584999972],[7.556930065000017,12.15256023400002],[7.563992976999998,12.151419639999972],[7.569876194000017,12.151430129999994],[7.575753211999995,12.152600287999974],[7.579270839999992,12.154919624000001],[7.5827951429999985,12.156080245999988],[7.58632516900002,12.156089783000027],[7.589853763999997,12.156100272999993],[7.592201233000026,12.157259941000007],[7.5957307819999755,12.157270432000018],[7.599255084999982,12.158430098999986],[7.602778912000019,12.159589767],[7.607473850000019,12.161910057],[7.618051051999998,12.164250374000005],[7.622751235999999,12.165410042000019],[7.629794120999975,12.168889998999987],[7.633317947000023,12.170049667],[7.639188766000018,12.172380447000023],[7.645065783999996,12.17354965200002],[7.649765967999997,12.174710274000006],[7.656814097999984,12.1770401],[7.669754981999972,12.177069663999987],[7.674460887999999,12.17708015400001],[7.683862208999983,12.179409980999992],[7.689739227000018,12.180580139000028],[7.6920862200000215,12.181739806999985],[7.695604801000002,12.184049605999974],[7.707353114999989,12.187549590999993],[7.713213920999976,12.192179679999981],[7.714374065000015,12.195650101000012],[7.7155280110000035,12.200269698999989],[7.719030857000007,12.206049919000009],[7.724902153000016,12.208370209000009],[7.728421211000011,12.21068954499998],[7.731934071000012,12.214159966000011],[7.735442162000027,12.21879005400001],[7.738955020999981,12.222260474999985],[7.741263865999997,12.231499671999984],[7.7424240110000255,12.234970093000015],[7.743578910999986,12.239589690999992],[7.74356317500002,12.243060112000023],[7.74706983599998,12.24767971],[7.7541069979999975,12.25232029],[7.7599620820000155,12.258110046000013],[7.763474941000027,12.261580466999987],[7.766977786999973,12.267359734000024],[7.770484924000016,12.271989822000023],[7.771639823999976,12.276610373999972],[7.773971081000013,12.281229972999995],[7.775125979999984,12.285860061999983],[7.776286125000013,12.289319992000003],[7.779809951999994,12.290479660000017],[7.775087832999986,12.29393958999998],[7.7691950799999745,12.296230315999992],[7.765666007999982,12.296230315999992],[7.762119770000027,12.299679755999989],[7.758563041999992,12.305450439000026],[7.753846168999985,12.307749747999992],[7.7432579989999795,12.307720184000004],[7.738552093999999,12.307709693999982],[7.729129790999991,12.310000419999994],[7.7244129179999845,12.312299728000028],[7.7208781240000235,12.313440323000009],[7.718513965999989,12.315750121999997],[7.713776112000005,12.322669983000026],[7.711411952999981,12.324970244999975],[7.704309939999973,12.334190368999998],[7.700758934000021,12.338800429999992],[7.699572085999989,12.34111022899998],[7.697185993000005,12.348030090000009],[7.692448139000021,12.35494995099998],[7.6853671069999905,12.359550475999981],[7.677103996000028,12.365300178999973],[7.670052052000017,12.364130020000005],[7.661810875000015,12.365269661000013],[7.651212214999987,12.367549896000014],[7.645328999000014,12.367540358999975],[7.638270854999973,12.367529869000009],[7.6323890689999985,12.367509842000004],[7.622982979000028,12.366330146999985],[7.618281840999998,12.365169524999999],[7.615929127000015,12.365159988000016],[7.610057831000006,12.362839699000006],[7.606538773000011,12.360520362999978],[7.604197025000019,12.358209610000017],[7.59714698800002,12.35588455200002]]]},"properties":{"fid":419,"cty_nm":"Nigeria","iso3cd":"NGA","adm1nm":"Katsina","adm2nm":"Matazuu","adm1cd":"NGA021","adm2cd":"NGA021028"}},{"type":"Feature","id":420,"geometry":{"type":"Polygon","coordinates":[[[7.831252097999993,12.264719008999975],[7.8281588550000265,12.266349792000028],[7.825806140999987,12.266340255999978],[7.819918156000028,12.267479896999987],[7.808136939999997,12.270919800000001],[7.80340385400001,12.276679993000016],[7.792784213999994,12.283590317000005],[7.7845377919999805,12.285880088999988],[7.779809951999994,12.290479660000017],[7.776286125000013,12.289319992000003],[7.775125979999984,12.285860061999983],[7.773971081000013,12.281229972999995],[7.771639823999976,12.276610373999972],[7.770484924000016,12.271989822000023],[7.766977786999973,12.267359734000024],[7.763474941000027,12.261580466999987],[7.7599620820000155,12.258110046000013],[7.7541069979999975,12.25232029],[7.74706983599998,12.24767971],[7.74356317500002,12.243060112000023],[7.743578910999986,12.239589690999992],[7.7424240110000255,12.234970093000015],[7.741263865999997,12.231499671999984],[7.738955020999981,12.222260474999985],[7.735442162000027,12.21879005400001],[7.731934071000012,12.214159966000011],[7.728421211000011,12.21068954499998],[7.724902153000016,12.208370209000009],[7.719030857000007,12.206049919000009],[7.7155280110000035,12.200269698999989],[7.714374065000015,12.195650101000012],[7.713213920999976,12.192179679999981],[7.707353114999989,12.187549590999993],[7.695604801000002,12.184049605999974],[7.6920862200000215,12.181739806999985],[7.689739227000018,12.180580139000028],[7.683862208999983,12.179409980999992],[7.674460887999999,12.17708015400001],[7.669754981999972,12.177069663999987],[7.656814097999984,12.1770401],[7.649765967999997,12.174710274000006],[7.645065783999996,12.17354965200002],[7.639188766000018,12.172380447000023],[7.633317947000023,12.170049667],[7.629794120999975,12.168889998999987],[7.622751235999999,12.165410042000019],[7.618051051999998,12.164250374000005],[7.607473850000019,12.161910057],[7.602778912000019,12.159589767],[7.599255084999982,12.158430098999986],[7.5957307819999755,12.157270432000018],[7.592201233000026,12.157259941000007],[7.589853763999997,12.156100272999993],[7.58632516900002,12.156089783000027],[7.5827951429999985,12.156080245999988],[7.579270839999992,12.154919624000001],[7.575753211999995,12.152600287999974],[7.569876194000017,12.151430129999994],[7.563992976999998,12.151419639999972],[7.556930065000017,12.15256023400002],[7.548698902000012,12.151379584999972],[7.545679092,12.150389671000028],[7.542828083000018,12.149060249000001],[7.54047489200002,12.149049758999979],[7.533417224999994,12.149040221999996],[7.525187016000018,12.147859573000005],[7.522839068999986,12.146699904999991],[7.5193147659999795,12.145540236999977],[7.516967772999976,12.14437961599998],[7.50992488899999,12.140899658000023],[7.50054597899998,12.133950233000007],[7.493508815999974,12.129320145000008],[7.488813876999984,12.126999855000008],[7.4852957730000185,12.124679565000008],[7.481771945999981,12.123519896999994],[7.477081775999977,12.120039940000026],[7.4747462270000256,12.116570473000024],[7.470057010999994,12.113100051999993],[7.4653668400000015,12.109620093999979],[7.460282802999984,12.10653019],[7.463040829000022,12.103839874000016],[7.465410233,12.100379943999997],[7.467769146000023,12.099229813000022],[7.47249698600001,12.094630241000004],[7.474853992000021,12.093480109999973],[7.478388785999982,12.092329978999999],[7.481924057000015,12.091179848000024],[7.484276771999987,12.09119033799999],[7.486635207999996,12.090040207000015],[7.488994122000008,12.088890075999984],[7.492527961999997,12.08773994400002],[7.497240067000007,12.086600304000001],[7.49959278099999,12.086600304000001],[7.503132820000019,12.084300041000006],[7.506679057999975,12.080849648000026],[7.5113949779999984,12.078550339000003],[7.514929771000027,12.077400207999972],[7.5184650420000025,12.07625961299999],[7.523180962000026,12.073960304000025],[7.525539874999993,12.072810172999993],[7.527897834999976,12.071660042000019],[7.532619952999994,12.06820011100001],[7.535000801000024,12.062439918999985],[7.537359238000022,12.061289787000021],[7.538551806999976,12.057829857000002],[7.540921211000011,12.054369925999993],[7.539754867999989,12.052060127000004],[7.540947914000014,12.048589705999973],[7.543305873999998,12.047439574999999],[7.545681000000002,12.042830466999987],[7.546874046000028,12.039369582999996],[7.549238204999995,12.037070273999973],[7.550425053000026,12.034760474999985],[7.5528001789999735,12.03015041399999],[7.553991795000002,12.026679993000016],[7.5551848410000275,12.023220062000007],[7.556373119,12.020919800000001],[7.556384087000026,12.018610001000013],[7.5552229880000255,12.015139579999982],[7.555240153999989,12.01167011299998],[7.552903174999983,12.008210182000028],[7.551743031000001,12.004739760999996],[7.549395084000025,12.003580092999982],[7.548230171,12.001270293999994],[7.544711113000005,11.998950004999983],[7.542364120000002,11.997790337000026],[7.53650283799999,11.993160247999981],[7.528295039999989,11.987360001000013],[7.527130127000021,11.985050200999979],[7.523611069000026,11.982729912000025],[7.520092009999985,11.98042011299998],[7.516573906000019,11.97809982299998],[7.51422119099999,11.978090285999997],[7.510703087000024,11.97577953299998],[7.506008147999978,11.973460197000009],[7.500135898999986,11.971130371000015],[7.4977889059999825,11.969969748999972],[7.494269847999988,11.96765041399999],[7.489574908999998,11.96533012399999],[7.486056804999976,11.963020325000002],[7.4813570979999895,11.961850165999977],[7.47900295300002,11.961850165999977],[7.476661205000028,11.959529877000023],[7.473136902000022,11.958370209000009],[7.473147869000002,11.95606041000002],[7.471988200999988,11.95258998899999],[7.474358081999981,11.94913005799998],[7.477891922000026,11.947990417000028],[7.482597827999996,11.94799995400001],[7.487292766999985,11.950320244000011],[7.490817069999991,11.951479912000025],[7.4943571090000205,11.949179648999973],[7.496720790999973,11.946869849999985],[7.503779887999997,11.94688987699999],[7.509662150999986,11.946909903999995],[7.513217925999982,11.941140174999987],[7.5155820850000055,11.938839911999992],[7.515593051999986,11.936530113000003],[7.519149780000021,11.930760383999996],[7.5226950649999935,11.927300452999987],[7.528572082999972,11.928469657999983],[7.533273220000012,11.92963981600002],[7.536797046999993,11.930800438000006],[7.540319920000002,11.93196010600002],[7.547358035999991,11.936599731000001],[7.554389000000015,11.942390441999976],[7.557912826999996,11.94355010999999],[7.56143188499999,11.945870399],[7.567292212999973,11.950499535000006],[7.574328899000022,11.955140114000017],[7.582105636999984,11.959710121],[7.583707808999975,11.962089538999976],[7.581345080999995,11.964389800999982],[7.578969954999991,11.968999863000022],[7.576594829999976,11.973620415000028],[7.57421016699999,11.980540276],[7.5765509610000095,11.982859612000027],[7.582400799000027,11.989800452999987],[7.585919857000022,11.992119789000014],[7.595314980000012,11.995599747000028],[7.6047048570000015,12.000240325999982],[7.612917900000014,12.00487995100002],[7.621160029999999,12.003740311000001],[7.628233910000006,12.000300406999997],[7.63530397400001,11.998000144999992],[7.640008926000007,11.998009681999974],[7.644704819000026,12.000329970999985],[7.650581837000004,12.00150013000001],[7.652928829000018,12.002659798000025],[7.665874958000018,12.00154018400002],[7.672945023000011,11.999239922000015],[7.684699059000025,12.001580237999974],[7.695271015000003,12.005069733000028],[7.709376812000016,12.007410048999986],[7.725852965999991,12.006299973000012],[7.73646783800001,12.00055027000002],[7.7447252270000035,11.995949745000019],[7.748302937000005,11.985560416999988],[7.749517917999981,11.97747993500002],[7.7507271769999875,11.970560073999991],[7.751931189999993,11.964790343999994],[7.754304886,11.960169791999988],[7.75901699100001,11.959030150999979],[7.762551785000028,11.957880020000005],[7.769609928000023,11.95790004700001],[7.777833939000004,11.960229873999992],[7.782535075999988,11.961389542000006],[7.793117999999993,11.962570190000008],[7.803699970000025,11.963749886000016],[7.81193017999999,11.964920043999996],[7.830807209,11.961700439000026],[7.833694934999983,11.965359687999978],[7.833213806000003,11.970080375999999],[7.837193012,11.987156868],[7.837234496999997,11.998896598999977],[7.837253571000019,12.004363060000003],[7.836443423999981,12.006635666000022],[7.835505485999988,12.009267807000015],[7.837996006000026,12.013859749000005],[7.837986946000001,12.017310142999975],[7.841492175999974,12.024250031000008],[7.841475963999983,12.031160354999997],[7.840285778000009,12.038069725000014],[7.836505412999998,12.04261016800001],[7.83630800200001,12.048270226],[7.837104796999995,12.058790207000015],[7.840229987999976,12.062259674000018],[7.840220928000008,12.06571960399998],[7.841379166000024,12.072640418999981],[7.840186119000009,12.080690383999979],[7.837185383000019,12.089837074000002],[7.837982178000004,12.092301368999983],[7.837967873000025,12.100769996999986],[7.838970184000004,12.108272552000017],[7.837088585000004,12.112846375000004],[7.836692809999988,12.116015434000019],[7.835870265999972,12.118387222000024],[7.838901043000021,12.127920151000012],[7.836537838000027,12.13481998399999],[7.834181785999988,12.138259887999993],[7.830353736999996,12.145118712999988],[7.830101490000004,12.148550987000021],[7.8282618520000256,12.16009998300001],[7.827077866000025,12.16469955399998],[7.827062130000002,12.171620368999982],[7.827044963999981,12.178529738999998],[7.824687003999998,12.183119773999977],[7.822312832000023,12.194620132000011],[7.825815201000012,12.202710152000009],[7.824627876000022,12.208470345000023],[7.824594975000025,12.222290038999972],[7.824202060999994,12.230433463999987],[7.829251766000027,12.238450049999983],[7.830414771999983,12.243069649000006],[7.830403805000003,12.24767971],[7.832736015000023,12.254599571000028],[7.831252097999993,12.264719008999975]]]},"properties":{"fid":420,"cty_nm":"Nigeria","iso3cd":"NGA","adm1nm":"Katsina","adm2nm":"Musawa","adm1cd":"NGA021","adm2cd":"NGA021029"}},{"type":"Feature","id":421,"geometry":{"type":"Polygon","coordinates":[[[7.773941040000011,13.03757953600001],[7.7680430409999985,13.04102992999998],[7.759790897000016,13.044480324000006],[7.757427215999996,13.046779633000028],[7.753887177000024,13.049090385],[7.749169827000003,13.051380156999983],[7.743288039999982,13.051369667000017],[7.739752769000006,13.052519797999992],[7.737400055000023,13.052510261999998],[7.7303519249999795,13.050189971999998],[7.728004931999976,13.049030303999984],[7.72480010999999,13.048230171],[7.726856231999989,13.043250084000022],[7.728043078999974,13.040940284999976],[7.728058814999997,13.037480354000024],[7.728075981000018,13.034009932999993],[7.725732803000028,13.031700134000005],[7.723392009999998,13.029379844999994],[7.723402976999978,13.027070045000016],[7.721065997999972,13.023610114999997],[7.718718051999986,13.022439957000017],[7.715194225000005,13.021280289000003],[7.712858200000028,13.017809867999972],[7.711691856000016,13.015500068999984],[7.711709023000026,13.012040137999975],[7.710543156000028,13.009719849000021],[7.7105541230000085,13.007410048999986],[7.7117471689999775,13.003950119000024],[7.714109898000004,13.001649857000018],[7.716474055999981,12.999349594000023],[7.718832016000022,12.998200417000021],[7.721185207000019,12.998200417000021],[7.724724770000023,12.995900154000026],[7.72707796100002,12.995909691000008],[7.729436873999987,12.994759559999977],[7.731794834000027,12.993610381999986],[7.735323906000019,12.993619919000025],[7.738859176999995,12.992469787999994],[7.742393970000023,12.991319655999973],[7.747105121999994,12.99018001600001],[7.749457835999976,12.99018001600001],[7.750646114000006,12.987879753000016],[7.755356789000018,12.986729621999984],[7.757719994000013,12.984430313000018],[7.760078906999979,12.983280181999987],[7.762447834,12.979820250999978],[7.764817237999978,12.976360321000016],[7.7636580469999785,12.972900390999996],[7.763673782000012,12.969429970000022],[7.761336803000006,12.96595954899999],[7.758999824999989,12.962490081999988],[7.756658076999997,12.960180283],[7.753145217999986,12.956709862000025],[7.749627112999974,12.954389572000025],[7.747279166999988,12.953229904000011],[7.742589951000014,12.949749946999987],[7.741424084000016,12.947440147000009],[7.736740112000007,12.94281005900001],[7.734393119999993,12.941650390999996],[7.730874061999998,12.939330100999996],[7.727355003000014,12.937009810999996],[7.721484184000019,12.934690475000025],[7.7179660799999965,12.932370186000014],[7.714447021000012,12.930060387000026],[7.710927963000017,12.927740097000026],[7.7038922309999975,12.923100470999998],[7.700377940999999,12.919630051000013],[7.694518088999985,12.914999962000024],[7.688645839999992,12.912679672000024],[7.680449008999972,12.904569626000011],[7.678106785000011,12.902259827000023],[7.674589157000014,12.899939537000023],[7.667541027000027,12.897620200999995],[7.664021968999975,12.895299910999995],[7.659327984000015,12.892979621999984],[7.653471947000014,12.887189864999982],[7.649959087000013,12.88372039799998],[7.64292812299999,12.877929687000005],[7.639414787000021,12.874460220000003],[7.638248920000024,12.872139930999992],[7.6347470279999925,12.866359710999973],[7.631245136000018,12.860580443999993],[7.6277370450000035,12.855950355999994],[7.624224185999992,12.85247993500002],[7.6207160949999775,12.847849845999974],[7.617208957999992,12.843230247000008],[7.614871978999986,12.839759827000023],[7.613707066000018,12.837450026999988],[7.613728046000006,12.832830429000012],[7.607872962999977,12.827039719000027],[7.602013111000019,12.822409629999981],[7.598498821000021,12.818929672000024],[7.59498596200001,12.815460205000022],[7.592644215000007,12.813150405999977],[7.5879549979999865,12.80967044800002],[7.5856180189999804,12.806200026999988],[7.583281994000004,12.802729607000003],[7.5809450149999975,12.799260139000012],[7.578608035999991,12.795789719000027],[7.578619002999972,12.793479918999992],[7.577458858,12.790019988999973],[7.5762991909999755,12.786549567999998],[7.57513284700002,12.78423976900001],[7.575160980000021,12.77845954899999],[7.575177193000002,12.774999619000027],[7.57401084899999,12.772689818999993],[7.572844981999992,12.770380020000005],[7.570514202000027,12.765749931000016],[7.568171978000009,12.763440132000028],[7.565835952999976,12.759969710999997],[7.5634989740000265,12.756500243999994],[7.562338828999998,12.75302982300002],[7.561179160999984,12.749560356000018],[7.560012816999972,12.747249603],[7.557676791999995,12.743780135999998],[7.556521893000024,12.739159583999992],[7.555233002000023,12.73666953999998],[7.557714938999993,12.735699653999973],[7.5636019710000255,12.73456001300002],[7.568314074999989,12.73340988199999],[7.574202060999994,12.73227024099998],[7.580082892999997,12.732290267999986],[7.585970879000001,12.731149673000004],[7.593047141999989,12.727700233000007],[7.598938942000018,12.725399971000002],[7.602468966999993,12.725410461000024],[7.610710143999995,12.724269866999975],[7.61659812900001,12.723130226000023],[7.624833106999972,12.723150252999972],[7.633072852999987,12.722020149000002],[7.63660812400002,12.720870018000028],[7.638967036999986,12.719719886999997],[7.646029949000024,12.718580245999988],[7.655447005999974,12.717450142000018],[7.660152912000001,12.717459679000001],[7.66603612900002,12.717470169000023],[7.671924113999978,12.716329574999975],[7.675453186000027,12.716340064999997],[7.677805900999999,12.71634960199998],[7.6825118059999795,12.716360092000002],[7.689565182000024,12.717530251000028],[7.7025279999999725,12.712940215999993],[7.707243919000007,12.710639953999987],[7.709597110999994,12.71065044400001],[7.711960793000003,12.708339690999992],[7.7143249509999805,12.706040382000026],[7.719030857000007,12.706049919000009],[7.723731041000008,12.707209587000023],[7.726084232000005,12.707220077999978],[7.733131886000024,12.709549904000028],[7.737858771999981,12.704939841999987],[7.740211964000025,12.704939841999987],[7.747282027999972,12.702650070000004],[7.750866412999983,12.699589729000024],[7.753174781999974,12.700349807999999],[7.756682872999988,12.704979896999987],[7.759018898000022,12.708450316999972],[7.761366844000008,12.709609984999986],[7.766028881000011,12.718859672999997],[7.768365860000017,12.722330092999982],[7.769521236000003,12.726949692000005],[7.769505024000011,12.730409622000025],[7.769476891000011,12.736189841999987],[7.7682838439999955,12.739649772999996],[7.768272877000015,12.741959571999985],[7.769405842000026,12.751199722000024],[7.769384860999992,12.755820273999973],[7.769351959000005,12.762749671999984],[7.769340992000025,12.765060425000001],[7.7693090440000105,12.771989822000023],[7.769276142000024,12.778909682999995],[7.770431041999984,12.783539771999983],[7.771591187000013,12.786999702000003],[7.771564006999995,12.792779922000022],[7.771546840999974,12.796239852999975],[7.769184112999994,12.79854011499998],[7.765633105999996,12.80315017700002],[7.763263225999992,12.806610106999983],[7.757338047000019,12.815839767],[7.753780842000026,12.821599960000015],[7.753765106000003,12.825070380999989],[7.756091117999972,12.830849648000026],[7.758405208999989,12.838930129999994],[7.760735989000011,12.843560218999983],[7.761901855000019,12.845870018000028],[7.760708808999993,12.84932994799999],[7.760687828000016,12.853949547000013],[7.759494781000001,12.857410431000005],[7.761815071000001,12.864350318999982],[7.762965201999975,12.87012004899998],[7.76411914800002,12.874739647000013],[7.765285015000018,12.877059937000013],[7.765267848999997,12.880519866999975],[7.766427994000026,12.883990288000007],[7.765224934000003,12.889760017000015],[7.766385077999985,12.893219948000024],[7.766364097999997,12.897839546],[7.771030902999996,12.90594005600002],[7.769837855999981,12.909399985999983],[7.7721700669999905,12.914019585000005],[7.7733349800000155,12.916339874000016],[7.7733240129999785,12.918640137000011],[7.774489879999976,12.920960426000022],[7.774463176999973,12.92673015600002],[7.77560090999998,12.934820175000027],[7.775574206999977,12.940589905000024],[7.777911185999983,12.944060325999999],[7.777894020000019,12.947520256000018],[7.7778840070000115,12.949830055000007],[7.7778668400000015,12.953300475999981],[7.777851105000025,12.956760406],[7.781336784000018,12.966010094000012],[7.781325816999981,12.968319893],[7.781310081000015,12.97177982300002],[7.7812929149999945,12.975250243999994],[7.781270980999977,12.979860305999978],[7.78126096699998,12.982170105000023],[7.7812438010000164,12.985639572000025],[7.780052184999988,12.989100456000017],[7.778841972000009,12.996029854000028],[7.776467799999978,13.000639915000022],[7.77527999900002,13.002940178000017],[7.774082184000008,13.007559775999994],[7.774061202999974,13.012180328],[7.7728681560000155,13.015640259000008],[7.772850989999995,13.01910972600001],[7.772840023000015,13.021419524999999],[7.772802829999989,13.029500008000014],[7.773941040000011,13.03757953600001]]]},"properties":{"fid":421,"cty_nm":"Nigeria","iso3cd":"NGA","adm1nm":"Katsina","adm2nm":"Rimi","adm1cd":"NGA021","adm2cd":"NGA021030"}},{"type":"Feature","id":422,"geometry":{"type":"Polygon","coordinates":[[[7.206896782000001,11.284540176000007],[7.206881045999978,11.288009643999999],[7.205677031999983,11.293780326999979],[7.204473018999977,11.299550055999987],[7.2032799720000185,11.303009986999996],[7.199713229999986,11.311090469000021],[7.197327137000002,11.318010329999993],[7.1925997729999835,11.322620391999976],[7.187871932999997,11.327219963000005],[7.183156012999973,11.329520226],[7.17490386999998,11.332969665999997],[7.170186995999984,11.335269928000002],[7.165464878000023,11.338720321999972],[7.161920070999997,11.342180251999991],[7.158362865000015,11.347940445000006],[7.1559829710000145,11.353710175000003],[7.153603077000014,11.359479904000011],[7.150034903999995,11.367549896000014],[7.147661208999978,11.37217044800002],[7.145286082999974,11.376779555999974],[7.141735077000021,11.381389618000014],[7.135830879000025,11.385999679999998],[7.132285118000027,11.389450072999978],[7.125205040000026,11.394049644000006],[7.122840881000002,11.396360397000024],[7.118113994999987,11.400970459000007],[7.114573001999986,11.403269767999973],[7.1122150420000025,11.404419899000004],[7.10866880399999,11.407870292999974],[7.099207878000016,11.418239594],[7.096827984000015,11.42401027699998],[7.09327220900002,11.429780005999987],[7.089725971000007,11.433230400000014],[7.084988117000023,11.440150260999985],[7.084949016999985,11.448229790000028],[7.084911823000027,11.456319808999979],[7.087225913999987,11.464409827999987],[7.091899871999999,11.47134017899998],[7.091884135999976,11.474809646999972],[7.091856002999975,11.48058033000001],[7.086891174000016,11.48565006299998],[7.078915118999987,11.480549811999992],[7.07656192799999,11.480549811999992],[7.070673942999974,11.481690406999974],[7.063626766000027,11.479359627000008],[7.057761191999987,11.475879668999994],[7.053071021999983,11.472410201999992],[7.0472111700000255,11.467780113000003],[7.043681144999994,11.467769622999981],[7.038974762000009,11.467760085999998],[7.030728817000011,11.470049857999982],[7.022493838999992,11.470029830999977],[7.017783165000026,11.471170425000025],[7.01189518000001,11.472310065999977],[7.009541988000024,11.472310065999977],[7.007188797000026,11.472299576000012],[7.003664969999988,11.471139907999998],[6.998970985000028,11.468819617999998],[6.995451926999976,11.466500282000027],[6.991928100999985,11.465339660999973],[6.986056804999976,11.463020325000002],[6.981361865999986,11.460700035000002],[6.975501059999999,11.45606041000002],[6.971982002000004,11.453749657000003],[6.966133118000016,11.446800231999987],[6.961453914999993,11.441020012000024],[6.959112167000001,11.438710212999979],[6.9579520230000185,11.435239792000004],[6.956787109000004,11.432929993000016],[6.954454898999984,11.428299904000028],[6.950942038999983,11.424830437000026],[6.948599815000023,11.422510147000025],[6.945093154999995,11.41788959500002],[6.942749977000005,11.415570258999992],[6.9380660059999855,11.410940170000003],[6.935712813999999,11.410940170000003],[6.929837227000007,11.409770012000024],[6.927488804000006,11.40861034400001],[6.925147057000004,11.40629005400001],[6.9216279980000195,11.403980255000022],[6.913421153999991,11.398180007999997],[6.909906863999993,11.394709587000023],[6.905218123999987,11.39124012000002],[6.901693820999981,11.390069961999984],[6.898186206999981,11.385450363000018],[6.89584398300002,11.383130074000007],[6.893651008999996,11.37987995100002],[6.895823001999986,11.379460334999976],[6.898165226000003,11.381779671000004],[6.911073208000005,11.383029937999993],[6.919289112000001,11.383079528999986],[6.923988818999987,11.380809784000007],[6.92869091,11.377389907999998],[6.934567927999979,11.373970031999988],[6.940439223999988,11.372859955000024],[6.9463191030000075,11.368289947999983],[6.949848175,11.364859581000019],[6.954547881999986,11.362589835999984],[6.9592480659999865,11.360320091000006],[6.961600780000026,11.358030319000022],[6.968646048999972,11.356929778999984],[6.975687981000021,11.356969832999994],[6.981551169999989,11.359319686999982],[6.9885897639999826,11.360520362999978],[6.9956331249999835,11.360569954000027],[7.002672195000002,11.361769675999994],[7.006193160999999,11.361789703],[7.010892867999985,11.359519958000021],[7.013246058999982,11.357230185999981],[7.015606880000007,11.351490021000018],[7.01796817799999,11.345749855000008],[7.020326137999973,11.34115028399998],[7.023858070000017,11.336569785999984],[7.023881911999979,11.326199531999976],[7.022725105000006,11.319279671000004],[7.021562098999993,11.31466960900002],[7.014535904000013,11.307700157],[7.008699894000017,11.293840407999994],[7.005187035000006,11.290360451000026],[7.002844809999999,11.288040161000026],[6.999334811999972,11.283410071999981],[6.9969930650000265,11.281089783000027],[6.993476868000016,11.278759955999988],[6.988790988999995,11.27527046199998],[6.986447811000005,11.27295017199998],[6.984107017999975,11.270629883000026],[6.980597019000015,11.265999793999981],[6.978253841000026,11.263669967999988],[6.9759149550000075,11.260199547000013],[6.972404956999981,11.255570411999997],[6.968896866000023,11.249790191999978],[6.96773386000001,11.245169639999972],[6.970087051000007,11.242879867999989],[6.973610877999988,11.241749762999973],[6.980648040999995,11.244110106999983],[6.990035057,11.245320320000019],[7.004116058000022,11.246569632999979],[7.0088157650000085,11.24429988899999],[7.017043113999989,11.239749908000022],[7.022920132000024,11.236330032000012],[7.028799057000015,11.23176956200001],[7.035851954999998,11.227210044999993],[7.040541172000019,11.229539870999986],[7.044062138000015,11.229570389000003],[7.048761845000001,11.227299689999995],[7.0569858549999935,11.22389984099999],[7.065213202999985,11.219349861000012],[7.073440075000008,11.214790343999994],[7.076973914999996,11.209059715000024],[7.085200787000019,11.204509734999988],[7.092257023000002,11.198789596999973],[7.0957832340000095,11.196519851999994],[7.09579420099999,11.191909790000011],[7.105206966000026,11.181599617000018],[7.109910011000011,11.178179741000008],[7.113437175999991,11.17590045899999],[7.118143082000017,11.171319961999984],[7.120498180000027,11.16788005799998],[7.127552986000012,11.162170409999987],[7.131087779999973,11.156439781000017],[7.135794163000014,11.151860236999994],[7.139326095999991,11.147279738999998],[7.142851829999984,11.145000458000027],[7.146380900999986,11.141570091000006],[7.15225505799998,11.139300346000027],[7.158125876999975,11.138190269000006],[7.163991927999973,11.13938045499998],[7.168684005999978,11.140569686999982],[7.176891803999979,11.144080162000023],[7.186267853000004,11.149909972999978],[7.189777850999974,11.154540062000024],[7.192120074999991,11.156860352000024],[7.199157237999998,11.159210205000022],[7.206192970000018,11.16156005900001],[7.210876942000027,11.166199683999992],[7.217633723999995,11.170467377000023],[7.221198559000015,11.172719002000008],[7.227282047000017,11.177840232999984],[7.230794907000018,11.181320190000008],[7.235478877999981,11.18595981599998],[7.236639023000009,11.191729545999976],[7.235455036000019,11.196330069999988],[7.234272956999973,11.199780464000014],[7.231916904000002,11.203220366999972],[7.229557037000006,11.208959579000009],[7.2272009850000245,11.212400435999996],[7.224844932999986,11.21584034],[7.222486973000002,11.220430373999989],[7.220131874000003,11.223870277000003],[7.215428829000018,11.227299689999995],[7.213074206999977,11.230739594],[7.209530830000006,11.239930152999989],[7.2059988980000185,11.244509697000012],[7.20364284499999,11.247949600000027],[7.198932171000024,11.254830360000028],[7.198918819000028,11.260589600000003],[7.197737216999997,11.264039992999983],[7.197404385000027,11.269473075999997],[7.1986541750000015,11.271747588999972],[7.201450824999995,11.276836394999975],[7.2051749230000155,11.279644965999978],[7.206896782000001,11.284540176000007]]]},"properties":{"fid":422,"cty_nm":"Nigeria","iso3cd":"NGA","adm1nm":"Katsina","adm2nm":"Sabuwa","adm1cd":"NGA021","adm2cd":"NGA021031"}},{"type":"Feature","id":423,"geometry":{"type":"Polygon","coordinates":[[[8.403545380000025,12.99670028700001],[8.401188849999983,12.997460364999995],[8.397665023999991,12.996299743999998],[8.392964362999976,12.995129584999972],[8.389440535999995,12.993969917000015],[8.381216048999988,12.991640091000022],[8.370644568999978,12.988149642999986],[8.365939140000023,12.988140106000003],[8.360045432999982,12.990440368999998],[8.355323791999979,12.993889808999995],[8.35479068799998,12.995940207999979],[8.350617408999994,12.993880272000013],[8.347087859999988,12.993869781],[8.343580245999988,12.989250183000024],[8.341227531000015,12.989239693000002],[8.338885306999998,12.986929893000024],[8.336538314999984,12.985770226],[8.333024979000015,12.982290267999986],[8.330677986000012,12.981129646],[8.327164649999986,12.977660178999997],[8.323645591999991,12.975339889999987],[8.322485923999977,12.971879958999978],[8.318972588000008,12.96840000200001],[8.318984032000003,12.966090201999975],[8.317829131999986,12.961469650000026],[8.316663742000003,12.959159850999981],[8.31668472299998,12.954540253000005],[8.316700934999972,12.951080321999996],[8.317893981999987,12.947620391999976],[8.319113731000016,12.938380241000004],[8.319130898000026,12.934920310999985],[8.319147110000017,12.93144989000001],[8.317985534999991,12.92798995999999],[8.315660476999994,12.922209740000028],[8.312152862999994,12.917579650999983],[8.309826851000025,12.911800384999992],[8.306320190000008,12.907170296000004],[8.303972244000022,12.906009674000018],[8.301630020000005,12.903699874999973],[8.294582366999975,12.90137004899998],[8.292235373999972,12.900210381000022],[8.289887427999986,12.899049758999979],[8.284015656000008,12.896730423000008],[8.280491829000027,12.895569801000022],[8.278144836000024,12.894410133000008],[8.275802612000007,12.892089843999997],[8.27346038799999,12.889780045000009],[8.272294998000007,12.887470244999975],[8.26995277399999,12.88514995600002],[8.265252112999974,12.883979796999995],[8.262905121000017,12.882820128999981],[8.25937557200001,12.882820128999981],[8.255851746000019,12.881649971000002],[8.24998569500002,12.878179550000027],[8.247649192999972,12.874710083000025],[8.242942809999988,12.87469005600002],[8.237071990999993,12.87236976600002],[8.234719276000021,12.87236976600002],[8.231200218000026,12.870050429999992],[8.227464676000011,12.866796494000027],[8.230056762999993,12.863120078999998],[8.231244086999993,12.86081028000001],[8.23364067099999,12.85157966600002],[8.23719692200001,12.845809937000013],[8.238273621000019,12.839650154000026],[8.240987777999976,12.839220047000026],[8.245820998999989,12.836930274999986],[8.249094963000005,12.837313651999978],[8.254632949999973,12.838430404999997],[8.259314537000023,12.83847999599999],[8.263276099999985,12.839429854999992],[8.274499892999984,12.842120170999976],[8.28034210200002,12.843339920000005],[8.284683228000006,12.842206954999995],[8.293803215000025,12.83959007300001],[8.298336983000013,12.840735435],[8.303171157999998,12.841816902000005],[8.307291030999977,12.841986656000017],[8.313750266999989,12.842029572000001],[8.315740585000015,12.84168624900002],[8.323161125000013,12.840404509999985],[8.325337409999975,12.841659546000017],[8.330176353000013,12.844449997000027],[8.336050987000021,12.842189788999974],[8.340102195999975,12.839460373000009],[8.350153922999993,12.834219932999986],[8.361901283000009,12.829689980000012],[8.372469901999978,12.827460288999987],[8.377170562999993,12.82518958999998],[8.383039473999986,12.825229644999979],[8.390081405999979,12.82528019],[8.399580956000023,12.827169417999983],[8.405466079999997,12.82578182200001],[8.407416344000012,12.82516765600002],[8.410587310999972,12.824843407000003],[8.41590499900002,12.824299811999992],[8.420649529000002,12.821904182000026],[8.42646789600002,12.824379921000002],[8.437028885000018,12.825599669999974],[8.445244789000014,12.825659751999979],[8.451105117999987,12.829150200000015],[8.454626082999994,12.829179764000003],[8.461092948999976,12.830809593000026],[8.457254410000019,12.833620070999984],[8.453702927999984,12.838230133000025],[8.452515602000005,12.840539932000013],[8.450146675999974,12.843999863000022],[8.448947906,12.848609924000016],[8.446578980000027,12.852069855000025],[8.44655704500002,12.856690406999974],[8.445359230999998,12.861310005000007],[8.444166183999982,12.864769936000016],[8.441781045000027,12.871689795999998],[8.440582274999997,12.876310348999993],[8.439378739000006,12.882080078000001],[8.439346313999977,12.889010428999995],[8.44050693600002,12.892470360000004],[8.440490722999982,12.895939827000007],[8.441639899999984,12.901709557000004],[8.439249039000003,12.909790038999972],[8.440402985999981,12.914409637000006],[8.43919944800001,12.920180320999975],[8.437990189999994,12.927109717999997],[8.436770438999986,12.936340331999986],[8.436733246000017,12.944430350999994],[8.436705588999985,12.950200080999991],[8.433133124999983,12.959429741000008],[8.430752754000025,12.965200423999988],[8.42838859599999,12.967499733000011],[8.424838066000007,12.972109794999994],[8.413035392999973,12.980170250000015],[8.410676955999975,12.981320380999989],[8.407136917000003,12.983619690000012],[8.404772757999979,12.985919952000017],[8.404750824000018,12.990539550999983],[8.403558730999976,12.994000434999975],[8.403545380000025,12.99670028700001]]]},"properties":{"fid":423,"cty_nm":"Nigeria","iso3cd":"NGA","adm1nm":"Katsina","adm2nm":"Safana","adm1cd":"NGA021","adm2cd":"NGA021032"}},{"type":"Feature","id":424,"geometry":{"type":"Polygon","coordinates":[[[7.378653048999979,12.668789864000018],[7.3744969370000035,12.669460297],[7.368604183000002,12.671750068999984],[7.362716197999987,12.672889709000003],[7.356828212999972,12.674030303999984],[7.34860420199999,12.671710013999984],[7.341571808000026,12.665920258000028],[7.338054179999972,12.663599968000028],[7.333343028999991,12.66473960899998],[7.327455043999976,12.665880202999972],[7.323931216999995,12.664719581999975],[7.318065165999997,12.661239624000018],[7.3157172200000105,12.660079956000004],[7.3098568920000275,12.655449867000016],[7.3039908409999725,12.651969909999991],[7.298113822999994,12.650799751000022],[7.294596194999997,12.648489951999977],[7.2863821980000125,12.643850326999996],[7.281686782999998,12.641530036999995],[7.276987076000012,12.640359879000016],[7.272285937999982,12.639200211000002],[7.262875080000015,12.639180183000008],[7.258169173999988,12.639160156000003],[7.249938965000013,12.637989998000023],[7.245233058999986,12.637980460999984],[7.240517139000019,12.640279770000006],[7.2275648120000255,12.642560005000007],[7.221676826000021,12.643699646000016],[7.218136786999992,12.645999908000022],[7.215777874000025,12.647150039999985],[7.21224403399998,12.648300171000017],[7.199275016999991,12.654040337000026],[7.196917057000007,12.655190468],[7.191029071999992,12.65633010900001],[7.183965205999982,12.657469748999972],[7.1804299350000065,12.658619880999993],[7.176900864000004,12.65861034400001],[7.174548148999975,12.658599853999988],[7.171012877999999,12.659749985000019],[7.165113926000004,12.663200377999999],[7.15806102800002,12.66203022000002],[7.149830817999998,12.660849571000028],[7.143959999000003,12.658530235],[7.138078212999972,12.658519744999978],[7.135729790000028,12.657360077000021],[7.131019115000015,12.658499717999973],[7.12513113,12.659640312000022],[7.118089198999996,12.656160354999997],[7.109880923999981,12.650369644000023],[7.107528209999998,12.650360106999983],[7.105175018000011,12.650360106999983],[7.099302769000019,12.648039817999972],[7.094607829999973,12.64570999099999],[7.085213183999997,12.642230034000022],[7.082859993,12.64221954300001],[7.080506802000002,12.64221954300001],[7.076972007999984,12.643360137999991],[7.074625014999981,12.642200469999977],[7.067576884999994,12.639880179999977],[7.064058781000028,12.637559891000024],[7.061699867000016,12.638710021999998],[7.054395676000013,12.634435654000015],[7.051116943000011,12.637530326999979],[7.047209740000028,12.637671470999976],[7.046957492999979,12.634038925000027],[7.045952320000026,12.619566916999986],[7.046849251000026,12.614409447000014],[7.04766035099999,12.609745025999985],[7.048277854999981,12.606196404000002],[7.04920625699998,12.600858688000017],[7.049877166999977,12.597056388999988],[7.051230431000022,12.589386939999997],[7.051646232999985,12.587030411],[7.050019264000014,12.573202132999995],[7.050656318999984,12.568359375],[7.052052974999981,12.55774784099998],[7.052052974999981,12.553362846000027],[7.052052974999981,12.548800468000024],[7.051743031000001,12.545390128999998],[7.05123949099999,12.539853096000002],[7.052393913000003,12.534852027999989],[7.05367994300002,12.529278755000007],[7.05367994300002,12.516263961999982],[7.054828166999982,12.510685921000004],[7.056012153999973,12.504935264999972],[7.0576529499999765,12.496967315999996],[7.058836937000024,12.49121666000002],[7.059373855999979,12.48860836],[7.059929848000024,12.480822563000004],[7.060186863000013,12.477220535000015],[7.060515881000015,12.474998474000017],[7.061522007000008,12.46820926700002],[7.062567710999986,12.461150169000007],[7.0634408000000235,12.455258368999978],[7.063899040000024,12.450829505999991],[7.0642533299999855,12.447405815000025],[7.065208434999988,12.438171387000011],[7.065880774999982,12.431669235000015],[7.066891670000018,12.42324733700002],[7.068321228000002,12.411334038000007],[7.070996283999989,12.406207085000005],[7.075300217000006,12.397957802000008],[7.0780820850000055,12.39262580899998],[7.083239079000009,12.382311820999973],[7.085402488999989,12.377985001000013],[7.087827205999986,12.372057915000028],[7.089445114,12.368103027000018],[7.092723369999987,12.360089302000006],[7.093268871000021,12.357838630999993],[7.09438800800001,12.353222846999984],[7.098339558000021,12.336923598999988],[7.099230766000005,12.333247185000005],[7.100283145999981,12.325457572999994],[7.100743293999983,12.32205200200002],[7.101662636000015,12.315250397],[7.102447032999976,12.309444427000017],[7.1032977099999925,12.303151130999993],[7.103837489999989,12.300093650999997],[7.1043243409999945,12.297334670999987],[7.1080031390000045,12.299329757999999],[7.111522197999989,12.301639556999987],[7.1173930169999835,12.30397033700001],[7.119740963000027,12.305130005000024],[7.122087954999984,12.30628967299998],[7.1267890930000135,12.307450293999977],[7.130318165000006,12.307459831000017],[7.135013103000006,12.309780121000017],[7.138531208000018,12.312100410000028],[7.14322709999999,12.314419745999999],[7.145574092999993,12.315580367999985],[7.149092197000016,12.317899704000013],[7.1526107789999855,12.320210456999973],[7.154957770999999,12.321370124999987],[7.158483027999978,12.322540283000023],[7.1631832119999785,12.32369995099998],[7.167860985000004,12.329489707999983],[7.170203209000022,12.331800461],[7.172551155000008,12.332960129000014],[7.1748929020000105,12.335280418000025],[7.177235126000028,12.337590218000003],[7.180758953000009,12.338749886000016],[7.1842827799999895,12.339920043999996],[7.188971996000021,12.343390465000027],[7.192491055000005,12.345709800999998],[7.196010113,12.348030090000009],[7.198357105000014,12.349189758000023],[7.203052044000003,12.351510048000023],[7.207752228000004,12.35266971599998],[7.211281776000021,12.352680206000002],[7.215981960000022,12.353850365000028],[7.220693111000003,12.352700233000007],[7.224227905000021,12.351559639000016],[7.226585865000004,12.350410461000024],[7.233655929999998,12.348110199000018],[7.238372803000004,12.345820426999978],[7.2419128419999765,12.343520163999983],[7.246630191999998,12.341219901999978],[7.248982905999981,12.341219901999978],[7.253683089999981,12.342390060000014],[7.259571074999997,12.341250419999994],[7.265452862000018,12.341259955999988],[7.268977165000024,12.342419624000001],[7.271329879999996,12.342430115000013],[7.276041030999977,12.341279983999982],[7.2807469370000035,12.341300010999987],[7.284286975999976,12.33899021100001],[7.286640166999973,12.338999747999992],[7.290174960999991,12.337849617000018],[7.304297924000025,12.336730003000014],[7.310174942000003,12.337900161999983],[7.317238808000013,12.336759567000001],[7.325473784999986,12.336779594000006],[7.3313670160000015,12.334480285999973],[7.3349127769999996,12.331029892000004],[7.338452815999972,12.328729629999998],[7.340816974999996,12.32641983000002],[7.340827941999976,12.324110030999975],[7.340838909000013,12.321800231999987],[7.34320306799998,12.319499968999992],[7.347929954999984,12.314889907999998],[7.3491230010000095,12.311429976999989],[7.355010986000025,12.310290337000026],[7.359722137000006,12.309140205000006],[7.364432812000018,12.307999611000014],[7.366786003000016,12.30801010099998],[7.369143962999999,12.306859970000005],[7.373856068000009,12.305709838999974],[7.377396106999981,12.303409575999979],[7.3809251789999735,12.30342006699999],[7.387989998000023,12.302280425999982],[7.3915300369999954,12.299980163999976],[7.393894196000019,12.29767990099998],[7.396256923999999,12.295370101999993],[7.399786948999974,12.295379638999975],[7.403322220000007,12.294230460999984],[7.409208775000025,12.293089866999992],[7.418621062999989,12.293109893999997],[7.420969008999975,12.294280051999976],[7.424498081000024,12.294280051999976],[7.431550979999997,12.295450211000002],[7.438610077000021,12.295470238000007],[7.44449806199998,12.294329643000026],[7.4421119689999955,12.301250458000027],[7.439732074999995,12.307020186999978],[7.439710139999988,12.311639786],[7.438511848000019,12.316260338000006],[7.437314033999996,12.320870399],[7.437296866999986,12.324339866999992],[7.434923172000026,12.328949927999986],[7.43371391300002,12.335869789000014],[7.433697224000014,12.339340209999989],[7.436023234999993,12.345120430000009],[7.436000824000018,12.349740027999985],[7.43949317900001,12.357830047999983],[7.441830158000016,12.361300468000024],[7.441808223999999,12.36592006699999],[7.447668076000014,12.370550155999979],[7.450009823000016,12.372859955000024],[7.452346802000022,12.376330375999999],[7.454672813000002,12.382109641999989],[7.457004069999982,12.386739730999977],[7.456982136000022,12.391360282999983],[7.458141803999979,12.394820213000003],[7.461638927000024,12.40176010099998],[7.46161222500001,12.407529830999977],[7.4615850449999925,12.413310050999996],[7.462738990999981,12.417929648999973],[7.462722778,12.421389579999982],[7.460342883999999,12.427160263000019],[7.45796823500001,12.431770325000002],[7.455594062999978,12.436389922999979],[7.4520430559999795,12.440999985000019],[7.4461221689999775,12.449069977000022],[7.444923877999997,12.453680038000016],[7.442549229000008,12.458299636999982],[7.4413509369999815,12.462909697999976],[7.440164089000007,12.465220450999993],[7.4342379569999935,12.474439620999988],[7.433044909999978,12.477910042000019],[7.429478168000003,12.485980034000022],[7.429467201000023,12.48828983300001],[7.428279877000023,12.490599631999999],[7.425905227999976,12.495209693999982],[7.422342776999983,12.50212955500001],[7.421150207999972,12.505590439000002],[7.422309874999996,12.509059906000005],[7.418765068000027,12.512519836000024],[7.416385174000027,12.518280028999982],[7.41517591500002,12.525210381000022],[7.412789821999979,12.532130241000004],[7.410420895000016,12.535590172000013],[7.409212111999977,12.542519568999978],[7.4068160059999855,12.551750183000024],[7.4032430650000265,12.560979842999984],[7.402039050999974,12.566749572999981],[7.39965295799999,12.573670386999993],[7.396086216000015,12.581749915999978],[7.394898891000025,12.584050178999973],[7.3948721890000115,12.589830398999993],[7.393679141999996,12.593290329000013],[7.391310214999976,12.596750258999975],[7.386570930000005,12.603659629999981],[7.384185790999993,12.610589980999976],[7.384170055000027,12.614049910999995],[7.381789206999997,12.619819640999992],[7.378238200999988,12.624429702999976],[7.375864029000013,12.629039764000026],[7.37349414800002,12.632499694999979],[7.371129989999986,12.634810447999996],[7.369943142000011,12.637109755999973],[7.368751049000025,12.640569686999982],[7.371076107000022,12.646349907000001],[7.37224101999999,12.648670197000001],[7.373406886999987,12.65097999599999],[7.375739097999997,12.655599594000023],[7.376898766000011,12.659070014999998],[7.3780641559999935,12.661379813999986],[7.379223824000007,12.664850235000017],[7.378653048999979,12.668789864000018]]]},"properties":{"fid":424,"cty_nm":"Nigeria","iso3cd":"NGA","adm1nm":"Katsina","adm2nm":"Sandamu","adm1cd":"NGA021","adm2cd":"NGA021033"}},{"type":"Feature","id":695,"geometry":{"type":"Polygon","coordinates":[[[7.858297825000022,13.111680030999992],[7.859457969999994,13.115150452000023],[7.862970829000005,13.118619919000025],[7.865303040000015,13.123250008000014],[7.8688211439999804,13.125559807000002],[7.8711581229999865,13.129030227999976],[7.872323989999984,13.131340027000022],[7.87700176200002,13.137129784000024],[7.879350185000021,13.13829040500002],[7.884034156999974,13.14291953999998],[7.887540817000001,13.147549629000025],[7.891059874999996,13.149860381999986],[7.893402100000003,13.152179718000014],[7.895728110999983,13.157959937999976],[7.898053168999979,13.163740157999996],[7.900368214000025,13.171830177000004],[7.9015169140000125,13.177599907000001],[7.903853893000019,13.181070327999976],[7.905008792999979,13.185689926000009],[7.904993057000013,13.189160346999984],[7.906142235000004,13.19493007699998],[7.906108856000003,13.201860427999975],[7.909611224999992,13.207639694000022],[7.911948203999998,13.211110114999997],[7.911925793000023,13.215729712999973],[7.911910057,13.219200134000005],[7.909534930999996,13.223810195999988],[7.907149791999984,13.230730057000017],[7.905945777999989,13.236499786000024],[7.90003204300001,13.243419646999996],[7.897655964000023,13.24802970899998],[7.895287990999975,13.251489638999999],[7.894100189000028,13.253800392000016],[7.894067763999999,13.260729790000028],[7.892879962999984,13.263030051999976],[7.888142109,13.269949913000005],[7.886932849999994,13.276880263999999],[7.885724068000002,13.283800125000027],[7.882177829999989,13.28726005599998],[7.88332176199998,13.294190406999974],[7.880951880999987,13.297650336999993],[7.879755020000005,13.302260398999977],[7.8797330859999875,13.30687999700001],[7.879711150999981,13.311499595999976],[7.879689217000021,13.316120147999982],[7.879668235999986,13.320739746000015],[7.879652023000006,13.324049950000017],[7.876892252000005,13.331645211000023],[7.876891693000005,13.331645439999988],[7.874880000000019,13.33247],[7.866096696,13.332876971000019],[7.857313363000003,13.333283637000022],[7.8485299999999825,13.33368999999999],[7.840469999999982,13.336490000000026],[7.835179843999981,13.337009192999972],[7.832929999999976,13.337229999999977],[7.824880000000007,13.33956999999998],[7.820189991000007,13.339115042999993],[7.819252039999981,13.33902403899998],[7.815499999999986,13.338660000000004],[7.809799947999977,13.336450064000019],[7.804100000000005,13.334240000000023],[7.796216390999973,13.329986913000027],[7.788333057999978,13.32573358000002],[7.780449999999973,13.321480000000008],[7.775594937999983,13.318370046999974],[7.770739999999989,13.315260000000023],[7.76398487199998,13.310640090999982],[7.757229999999993,13.30601999999999],[7.752959999999973,13.303099999999972],[7.748989999999992,13.302090000000021],[7.746249999999975,13.299030000000016],[7.741620000000012,13.296389999999974],[7.734289740999998,13.292070212999988],[7.726959740999973,13.287750212999981],[7.719629999999995,13.28343000000001],[7.714894937999986,13.280210044],[7.703187839999998,13.272712005000017],[7.697231421000026,13.269056959000011],[7.696215923000011,13.268433818000005],[7.689244250999991,13.264155437999989],[7.682272823000005,13.259876866000013],[7.675301638000008,13.255598103000011],[7.668330696999988,13.251319147000004],[7.661360000000002,13.247040000000027],[7.657324948999985,13.243950031999987],[7.653290000000027,13.240859999999998],[7.649589999999989,13.238920000000007],[7.645849999999996,13.237919999999974],[7.640080000000012,13.23408999999998],[7.635934943999985,13.230765034000001],[7.631790000000024,13.227440000000001],[7.627394969000022,13.22572003800002],[7.625824496999996,13.225105410000026],[7.6229999999999905,13.22399999999999],[7.6188000000000216,13.221369999999979],[7.613721127000019,13.217800791999991],[7.613720000000001,13.217800000000011],[7.602160000000026,13.210840000000019],[7.5942699999999945,13.207190000000026],[7.589429929999994,13.203620046000026],[7.5845899999999915,13.200049999999976],[7.578999999000018,13.198300000000017],[7.572753146000025,13.194616820000022],[7.566506479999987,13.190933486999995],[7.553512796000007,13.183325447000016],[7.524387547999993,13.166380629999992],[7.524388450000004,13.166378910999981],[7.535638011000003,13.144714147999991],[7.5357409380000036,13.144320605000019],[7.533460139999988,13.139800072000014],[7.529953003000003,13.135169983000026],[7.528787136000005,13.13286018399998],[7.524103164999985,13.128230094999992],[7.522936820999973,13.125920296000004],[7.519419192999976,13.123600006000004],[7.515900134999981,13.121279716000004],[7.513553143000024,13.12012004899998],[7.512386799000012,13.117810249000001],[7.507698059000006,13.114339828000027],[7.50536108,13.110870361000025],[7.501852988999985,13.106240273000026],[7.499516009999979,13.102769851999994],[7.498355865000008,13.099300384999992],[7.494853972999977,13.093520163999983],[7.494875907999983,13.088899611999977],[7.493727207000006,13.083129883000026],[7.493749142000013,13.078510284000004],[7.496122836999973,13.073889731999998],[7.498486995999997,13.071590424000021],[7.502027035000026,13.069290161000026],[7.505567073999998,13.06698989900002],[7.507936001000019,13.063529968000012],[7.5103058820000115,13.060070037999992],[7.513852118999978,13.056610106999983],[7.516214848000004,13.054309844999977],[7.517407893999973,13.050849915000015],[7.519783019999977,13.046239852999975],[7.52569818500001,13.039319992000003],[7.52806091299999,13.037019729999997],[7.531600952000019,13.03470993000002],[7.535162925999998,13.02779006999998],[7.537539004999985,13.023180007999997],[7.543430805000014,13.020890236000014],[7.5481481549999785,13.018589973000019],[7.555206775999977,13.018600463999974],[7.562238216000026,13.024390220999976],[7.563397883999983,13.027859687999978],[7.565734862999989,13.03133010900001],[7.568071841999995,13.034799576000012],[7.569237231999978,13.037110328999972],[7.572744845999978,13.041740417000028],[7.57391118999999,13.044050217000006],[7.575076103000015,13.046360015999994],[7.582086086000004,13.056770325000002],[7.58442306500001,13.060239792000004],[7.5879302019999955,13.064869880999993],[7.5902719499999876,13.067179679999981],[7.593791007999982,13.069499968999992],[7.598474979000002,13.07413005799998],[7.600828170999989,13.07413959500002],[7.6043567660000235,13.07413959500002],[7.611415862999991,13.074159622000025],[7.616127014000028,13.073019981000016],[7.62201023099999,13.073030472000028],[7.6279029849999915,13.070730208999976],[7.634966850000012,13.069600105000006],[7.637320041999999,13.069600105000006],[7.643218993999994,13.066149712000026],[7.6467638020000095,13.062689781000017],[7.651481151999974,13.060400008999977],[7.653839111000025,13.059249878000003],[7.655025959,13.056940079000015],[7.658572197000012,13.053480148000006],[7.6621232030000215,13.048870087000012],[7.664492129999985,13.045410156000003],[7.6668667789999745,13.040800095000009],[7.6692252159999725,13.039649962999988],[7.671595097000022,13.036190033000025],[7.675146102999975,13.031579970999985],[7.67869091,13.028129578000005],[7.681055069000024,13.025819778000027],[7.684585093999999,13.025830268999982],[7.695184230999985,13.023550033999982],[7.702237129000025,13.024720192000018],[7.708096980999983,13.029350281000006],[7.711599826999986,13.035129546999997],[7.7139310840000235,13.039750099000003],[7.717439174999981,13.044380187999991],[7.720956801999989,13.046699524000019],[7.72480010999999,13.048230171],[7.728004931999976,13.049030303999984],[7.7303519249999795,13.050189971999998],[7.737400055000023,13.052510261999998],[7.739752769000006,13.052519797999992],[7.743288039999982,13.051369667000017],[7.749169827000003,13.051380156999983],[7.753887177000024,13.049090385],[7.757427215999996,13.046779633000028],[7.759790897000016,13.044480324000006],[7.7680430409999985,13.04102992999998],[7.773941040000011,13.03757953600001],[7.777486801000009,13.034130096000013],[7.784555911999973,13.031829834000007],[7.795145035000019,13.031860352000024],[7.802193165000006,13.034190178000017],[7.810417174999998,13.036510468000017],[7.812764168000001,13.037670134999985],[7.815112113999987,13.038829802999999],[7.81745386099999,13.041150092999999],[7.820960999000022,13.045780181999987],[7.822122096999976,13.049240112000007],[7.824452876999999,13.053870200999995],[7.826773166999999,13.060799599000006],[7.829076767000004,13.071200370999975],[7.830232142999989,13.075819969000008],[7.832568169000012,13.079290389999983],[7.8360757830000125,13.083919524999999],[7.838412762000019,13.087389945999973],[7.840733050999972,13.094320297000024],[7.844223976000023,13.102410315999975],[7.850073813999984,13.109350204000009],[7.854773997999985,13.110520362999978],[7.857904910999991,13.109299659999976],[7.858297825000022,13.111680030999992]]]},"properties":{"fid":695,"cty_nm":"Nigeria","iso3cd":"NGA","adm1nm":"Katsina","adm2nm":"Kaita","adm1cd":"NGA021","adm2cd":"NGA021018"}},{"type":"Feature","id":696,"geometry":{"type":"Polygon","coordinates":[[[7.498355865000008,13.099300384999992],[7.499516009999979,13.102769851999994],[7.501852988999985,13.106240273000026],[7.50536108,13.110870361000025],[7.507698059000006,13.114339828000027],[7.512386799000012,13.117810249000001],[7.513553143000024,13.12012004899998],[7.515900134999981,13.121279716000004],[7.519419192999976,13.123600006000004],[7.522936820999973,13.125920296000004],[7.524103164999985,13.128230094999992],[7.528787136000005,13.13286018399998],[7.529953003000003,13.135169983000026],[7.533460139999988,13.139800072000014],[7.5357409380000036,13.144320605000019],[7.535638011000003,13.144714147999991],[7.524388450000004,13.166378910999981],[7.524387547999993,13.166380629999992],[7.524387477999994,13.166380590000017],[7.519780000000026,13.163700000000006],[7.512834891000011,13.15984509399999],[7.505890000000022,13.155989999999974],[7.502229999999997,13.152210000000025],[7.497699966000027,13.150370039999984],[7.4931700000000205,13.148529999999994],[7.488789945000008,13.145430037999972],[7.484410000000025,13.142330000000015],[7.479294959000015,13.140360051000016],[7.47417999999999,13.138390000000015],[7.4687264949999985,13.13449344999998],[7.463273161000018,13.130596782999987],[7.4578200000000265,13.126700000000028],[7.453179999999975,13.124289999999974],[7.453076011000007,13.124258727999973],[7.448989999999981,13.123030000000028],[7.441433077999989,13.118850222999981],[7.433876411000028,13.114670223000019],[7.426319999999976,13.110490000000027],[7.400719999999978,13.101789999999994],[7.383420000000001,13.099049999999977],[7.370749999999987,13.098500000000001],[7.3640450139999984,13.099020086999985],[7.357340000000022,13.09953999999999],[7.348716705000015,13.100086954999995],[7.340093371000023,13.100633621999975],[7.331470000000024,13.10118],[7.324396725999975,13.102223526999978],[7.317323392999981,13.103266861000009],[7.310249999999996,13.104309999999998],[7.30262208900001,13.105034450999995],[7.294994133999978,13.105758676999983],[7.287366134000024,13.106482676999974],[7.279738088999977,13.107206452000014],[7.2652225620000195,13.108672775999992],[7.25833508300002,13.109415367999986],[7.25144756200001,13.110157775999994],[7.244559999999979,13.110900000000015],[7.23622500099998,13.110915135000027],[7.227890000000002,13.110929999999996],[7.224814955999989,13.107395019000023],[7.221740000000011,13.103859999999997],[7.219024137000019,13.102440195999975],[7.217570000000023,13.101679999999988],[7.212330000000009,13.096029999999985],[7.208910000000003,13.092249999999979],[7.198659998999972,13.080939999999998],[7.19310999999999,13.077800000000025],[7.187180000000012,13.071210000000008],[7.183214916999987,13.066040031],[7.179250000000025,13.060870000000023],[7.151629999000022,13.03230000000002],[7.142650000000003,13.026079999999979],[7.136390000000006,13.023160000000018],[7.130554972000027,13.021970065999994],[7.124720000000025,13.020780000000002],[7.116663146000008,13.017883584000003],[7.108606479999992,13.014986916999987],[7.100549999999998,13.01209],[7.093329944000004,13.010170101000028],[7.086110000000019,13.008249999999975],[7.07842985100001,13.005823561],[7.070749851000016,13.00339689399999],[7.063069999999982,13.000969999999995],[7.056639980999989,13.00022008000002],[7.050930930999982,12.999554099000022],[7.050209999999993,12.999469999999974],[7.0446299789999784,12.998530060000007],[7.039049999999975,12.997590000000002],[7.0319101879999835,12.996090449000008],[7.0319050780000225,12.996089376999976],[7.032051989000024,12.995428770999979],[7.034158230000003,12.985600470999998],[7.0347528460000035,12.976080894000006],[7.034971236999979,12.972585677999973],[7.035439490999977,12.97032165500002],[7.037085532999981,12.962367057999984],[7.0378766059999975,12.958543776999988],[7.039851665000015,12.94899654400001],[7.0395979880000255,12.94264984099999],[7.039413928999977,12.938045502000023],[7.039038657999981,12.928661346000013],[7.038596629999972,12.925420760999998],[7.037804603999973,12.91961193100002],[7.036598206000008,12.910766602000024],[7.036237717000006,12.908121108999978],[7.035118103000002,12.89991187999999],[7.034158230000003,12.892871856999989],[7.0320172309999975,12.887271881000004],[7.030583858,12.883522986999992],[7.028871058999982,12.879043578999983],[7.027736187000016,12.869115829000009],[7.0271797180000135,12.86424636800001],[7.026851177000026,12.861371995000013],[7.025973319999991,12.853690147000009],[7.025617123000018,12.85057449300001],[7.024695396000027,12.843507767000006],[7.0237169270000095,12.836007117999998],[7.023177147000013,12.831866263999984],[7.028871058999982,12.817224502999977],[7.028547286999981,12.810107231000018],[7.02818107600001,12.802049636999982],[7.028057574999991,12.799329757999999],[7.028261185000019,12.792810439999982],[7.02841186500001,12.787982940999996],[7.031577110000001,12.789910315999975],[7.0351009369999815,12.79106998399999],[7.039801120999982,12.792240143000015],[7.045672894000006,12.794560432000026],[7.049197197000012,12.795729637000022],[7.0550742149999905,12.796890259000008],[7.063286780999988,12.80152988399999],[7.0679759980000085,12.805009842000004],[7.073853015999987,12.806179999999983],[7.078547954999976,12.808500289999984],[7.0844092369999885,12.813130378999972],[7.086740017000011,12.817749977000005],[7.089076996000017,12.82122039799998],[7.09375,12.828160286000013],[7.097251891999974,12.833939552000004],[7.097240924999994,12.836250305000021],[7.098402023000006,12.839719772000024],[7.1030750269999885,12.84665966],[7.105411053000012,12.850130080999975],[7.108908176,12.857060432000026],[7.1124100690000205,12.862850189000028],[7.112400055000023,12.865159988000016],[7.117077827000003,12.870940207999979],[7.119409083999983,12.875559807000002],[7.1205692290000115,12.879030227999976],[7.122889996000026,12.88597011600001],[7.124039173000028,12.891739845000018],[7.1263761519999775,12.895210265999992],[7.128705978000028,12.89984035499998],[7.13103818899998,12.904459953000014],[7.132193088999998,12.90907955199998],[7.135715961000017,12.910240172999977],[7.14040613200001,12.913720130999991],[7.1427588459999924,12.913720130999991],[7.145112037999979,12.913729667999974],[7.15216493600002,12.91489982600001],[7.154518127000017,12.914910315999975],[7.161599158999991,12.910300254999981],[7.1663160319999974,12.908009529000026],[7.171031952000021,12.905710220000003],[7.174567222999997,12.904560088999972],[7.178112983999995,12.90110015900001],[7.181653023000024,12.898799896000014],[7.1840171810000015,12.896499634000008],[7.188723087000028,12.896510123999974],[7.193439006999995,12.894209862000025],[7.198161125000013,12.890760422000028],[7.201706886000011,12.88729953799998],[7.204064845999994,12.886150359999988],[7.206424235999975,12.885000229000013],[7.211134910999988,12.883859633999975],[7.2146811490000005,12.880399704000013],[7.218225956000026,12.876950264000016],[7.22058391600001,12.875800132999984],[7.22529602100002,12.87465000200001],[7.227653980000014,12.87349986999999],[7.230018138999981,12.871199607999984],[7.233552932999999,12.870050429999992],[7.2382640839999794,12.868909836],[7.240622997000003,12.867759705000026],[7.242980956999986,12.866609573000005],[7.246520996000015,12.864310264999972],[7.25005102199998,12.864319801000022],[7.254751204999991,12.865480423000008],[7.259450911999977,12.866649628000005],[7.261787890999983,12.87012004899998],[7.262952804999998,12.872429848000024],[7.26411914800002,12.874739647000013],[7.2652630810000005,12.881669998000007],[7.2652459139999905,12.885140418999981],[7.266400814000008,12.889760017000015],[7.266385077999985,12.893219948000024],[7.2663631440000245,12.897839546],[7.265175818999978,12.900150299000018],[7.263982773000009,12.90361022899998],[7.262791156999981,12.90707015999999],[7.261598110000023,12.910530090000009],[7.259222984000019,12.915149688999975],[7.254496098000004,12.919759750000026],[7.250955105000003,12.92206001300002],[7.24975204499998,12.927829741999972],[7.247376918999976,12.932439804000012],[7.246179104000021,12.937060356000018],[7.241462231000014,12.939359664999984],[7.23909807199999,12.94165992699999],[7.237911224000015,12.943969727000024],[7.232000828000025,12.949729918999992],[7.227258204999998,12.957799910999995],[7.223684788000014,12.967029572000001],[7.218918799999983,12.97972011600001],[7.215363025999977,12.985489845000018],[7.212976932999993,12.99240970599999],[7.211757182999975,13.001640319999979],[7.210558891000005,13.006259918000012],[7.210543156000028,13.009719849000021],[7.212873935999994,13.01434993700002],[7.218729019000023,13.020139694000022],[7.224617003999981,13.018989562999991],[7.226974964000021,13.017849921999982],[7.2328681949999805,13.015549659999976],[7.238767146999976,13.01210021999998],[7.2446651459999885,13.00864982600001],[7.249382018999995,13.006349564000004],[7.256445885000005,13.005209922999995],[7.258793830999991,13.00636959100001],[7.268232822000016,13.000619888000017],[7.2717838290000145,12.996009827000023],[7.274153232999993,12.992549896000014],[7.281228064999993,12.989100456000017],[7.284762859000011,12.987959862000025],[7.288298129999987,12.986809730999994],[7.294168948999982,12.989130020000005],[7.307147980000025,12.981080055000007],[7.310682773999986,12.979929923999975],[7.3165869709999924,12.975330353000004],[7.318951130000016,12.973019599999986],[7.322528838999972,12.962639808999995],[7.326107024999999,12.952249526999992],[7.330845833000012,12.945340156999976],[7.334402083999976,12.939570426999978],[7.336771010999996,12.936109542999986],[7.339140891999989,12.932649611999977],[7.343863010000007,12.92920017199998],[7.347397804000025,12.928050041000006],[7.359172821000016,12.925769806000005],[7.361542224999994,12.922309874999996],[7.3627409929999885,12.917699814000002],[7.365108967000026,12.914239882999993],[7.367414473999986,12.912991524000006],[7.375724792000028,12.90849018099999],[7.380446910999979,12.905039787000021],[7.383997916999988,12.900420188999988],[7.39223909399999,12.899290085000018],[7.3969450000000165,12.899299622000001],[7.400479793999978,12.89815044400001],[7.406362057000024,12.898170471000014],[7.416950225999983,12.89818954499998],[7.42165613200001,12.898200035000002],[7.42635107000001,12.900520325000002],[7.4333930020000025,12.904000282000027],[7.439259052000011,12.907480239999984],[7.4427781109999955,12.909799576000012],[7.449831008999979,12.910969733999991],[7.458055019000028,12.913299560999974],[7.461567878999972,12.916769981000016],[7.466251849999992,12.921400070000004],[7.4744820590000245,12.922570228999973],[7.481530190000001,12.924900055000023],[7.4885559080000235,12.931839943],[7.495594025000003,12.936479567999982],[7.501464843999997,12.938799857999982],[7.510838031999981,12.946909903999995],[7.5202169419999905,12.953860282999983],[7.522564887999977,12.955019950999997],[7.5296020509999835,12.959650039999985],[7.535472869999978,12.961979865999979],[7.538991927999973,12.964289665000024],[7.5483818050000195,12.968930243999978],[7.553691863999973,12.970687865999992],[7.556583880999995,12.975879668999994],[7.556568146000018,12.979350090000025],[7.557734013000015,12.981659889000014],[7.555358887000011,12.986269950999997],[7.555343150999988,12.989740372000028],[7.5553150179999875,12.99551010099998],[7.554117202999976,13.00012016300002],[7.552929877999986,13.002429962000008],[7.551725863999991,13.008199692000005],[7.549356937000027,13.011659622000025],[7.5481481549999785,13.018589973000019],[7.543430805000014,13.020890236000014],[7.537539004999985,13.023180007999997],[7.535162925999998,13.02779006999998],[7.531600952000019,13.03470993000002],[7.52806091299999,13.037019729999997],[7.52569818500001,13.039319992000003],[7.519783019999977,13.046239852999975],[7.517407893999973,13.050849915000015],[7.516214848000004,13.054309844999977],[7.513852118999978,13.056610106999983],[7.5103058820000115,13.060070037999992],[7.507936001000019,13.063529968000012],[7.505567073999998,13.06698989900002],[7.502027035000026,13.069290161000026],[7.498486995999997,13.071590424000021],[7.496122836999973,13.073889731999998],[7.493749142000013,13.078510284000004],[7.493727207000006,13.083129883000026],[7.494875907999983,13.088899611999977],[7.494853972999977,13.093520163999983],[7.498355865000008,13.099300384999992]]]},"properties":{"fid":696,"cty_nm":"Nigeria","iso3cd":"NGA","adm1nm":"Katsina","adm2nm":"Jibia","adm1cd":"NGA021","adm2cd":"NGA021016"}},{"type":"Feature","id":697,"geometry":{"type":"Polygon","coordinates":[[[7.876892252000005,13.331645211000023],[7.879652023000006,13.324049950000017],[7.879668235999986,13.320739746000015],[7.879689217000021,13.316120147999982],[7.879711150999981,13.311499595999976],[7.8797330859999875,13.30687999700001],[7.879755020000005,13.302260398999977],[7.880951880999987,13.297650336999993],[7.88332176199998,13.294190406999974],[7.882177829999989,13.28726005599998],[7.885724068000002,13.283800125000027],[7.886932849999994,13.276880263999999],[7.888142109,13.269949913000005],[7.892879962999984,13.263030051999976],[7.894067763999999,13.260729790000028],[7.894100189000028,13.253800392000016],[7.895287990999975,13.251489638999999],[7.897655964000023,13.24802970899998],[7.90003204300001,13.243419646999996],[7.905945777999989,13.236499786000024],[7.907149791999984,13.230730057000017],[7.909534930999996,13.223810195999988],[7.911910057,13.219200134000005],[7.911925793000023,13.215729712999973],[7.911948203999998,13.211110114999997],[7.909611224999992,13.207639694000022],[7.906108856000003,13.201860427999975],[7.906142235000004,13.19493007699998],[7.904993057000013,13.189160346999984],[7.905008792999979,13.185689926000009],[7.903853893000019,13.181070327999976],[7.9015169140000125,13.177599907000001],[7.900368214000025,13.171830177000004],[7.898053168999979,13.163740157999996],[7.895728110999983,13.157959937999976],[7.893402100000003,13.152179718000014],[7.891059874999996,13.149860381999986],[7.887540817000001,13.147549629000025],[7.884034156999974,13.14291953999998],[7.879350185000021,13.13829040500002],[7.87700176200002,13.137129784000024],[7.872323989999984,13.131340027000022],[7.8711581229999865,13.129030227999976],[7.8688211439999804,13.125559807000002],[7.865303040000015,13.123250008000014],[7.862970829000005,13.118619919000025],[7.859457969999994,13.115150452000023],[7.858297825000022,13.111680030999992],[7.857904910999991,13.109299659999976],[7.857153892999975,13.104749679999998],[7.857175826999992,13.100130080999975],[7.857198238000024,13.095509529000026],[7.857224941000027,13.089739798999972],[7.857252120999988,13.08397007000002],[7.8596220019999805,13.080510139000012],[7.861985206999975,13.078200340000024],[7.862011908999989,13.072429656999986],[7.8632001880000075,13.070119857999998],[7.869099140000003,13.066670418000001],[7.870291232999989,13.06320953400001],[7.872654914999998,13.060910224999986],[7.876211166000019,13.055139542000006],[7.877404212999977,13.051679610999997],[7.878596782999978,13.048219680999978],[7.880971908999982,13.043600082000012],[7.882174969000005,13.037830353000004],[7.882192135000025,13.034370421999995],[7.8810482029999775,13.027440071000001],[7.881063938000011,13.023980140999981],[7.881085873000018,13.019359588999976],[7.882288932999984,13.013589858999978],[7.881140232000007,13.007809639000016],[7.8835091590000275,13.004349708999996],[7.888241768,12.998590469000021],[7.890616894000004,12.993969917000015],[7.894167900000014,12.989359856000021],[7.897729873999992,12.982439994999993],[7.901291846999982,12.975520134000021],[7.903676986999983,12.968600272999993],[7.907234191999976,12.962829590000013],[7.909608841000022,12.958219527999972],[7.910796165000022,12.955909728999984],[7.915513039000018,12.953619957],[7.91905307799999,12.951310158000013],[7.923780917999977,12.946709633000012],[7.926149844999998,12.943249702000003],[7.928518772000018,12.939789771999983],[7.929717063999988,12.935170174000007],[7.933262824999986,12.93171977999998],[7.942696094999974,12.927120209000009],[7.946226120000006,12.927129745000002],[7.948584079999989,12.925979614000028],[7.953289986000016,12.925990104999983],[7.9568090440000105,12.928310393999993],[7.957973956999979,12.930620192999982],[7.957958221000013,12.93408012399999],[7.9591178890000265,12.937549590999993],[7.960282802999984,12.93986034400001],[7.962619781000001,12.943329811000012],[7.9661278720000155,12.9479599],[7.967292785999973,12.950269698999989],[7.970811844000025,12.95258998899999],[7.973158835999982,12.953749657000003],[7.976687907999974,12.953760147000025],[7.979053019999981,12.95145034799998],[7.982593059999999,12.949150084999985],[7.984951018999993,12.94799995400001],[7.988502025999992,12.943389893000017],[7.99203681900002,12.942239760999996],[7.995583056999976,12.938790320999999],[7.9979410170000165,12.937640190000025],[8.001476287999992,12.936490058999993],[8.006187438999973,12.935350417999985],[8.01088237800002,12.937669754000012],[8.01791953999998,12.942299843],[8.02377891499998,12.946940422000011],[8.028447151000023,12.95503044100002],[8.029591559999972,12.961959838999974],[8.03074073800002,12.967740058999993],[8.031884192999996,12.974670409999987],[8.035375595000005,12.982760428999995],[8.037669182000002,12.995470047000026],[8.044700622999983,13.001259803999972],[8.048314095000023,13.00329971299999],[8.052913665999995,13.005900382999982],[8.05880165100001,13.00475978899999],[8.06587123899999,13.002459525999996],[8.070593834000022,12.999010085999998],[8.075326920000009,12.993249892999984],[8.078872681000007,12.989789963000021],[8.088283538999974,12.989809990000026],[8.091813086999991,12.989819527000009],[8.100026130999993,12.99446010600002],[8.10236835500001,12.996769905000008],[8.103523253999981,13.001390457000014],[8.10350132000002,13.00601005599998],[8.105833054000016,13.010640143999979],[8.112858771999981,13.017580032000012],[8.122260094000012,13.019909858999995],[8.13048362699999,13.022239684999988],[8.13988494900002,13.02457046500001],[8.14929103899999,13.025750159999973],[8.155162811000025,13.028070449999973],[8.15868091599998,13.030389786],[8.164943694999977,13.035348892000002],[8.164530753999998,13.037329673999977],[8.158620833999976,13.043089866999992],[8.152722358999995,13.046540259999972],[8.149726868000016,13.048489571000005],[8.144481659000007,13.04767990099998],[8.13856124900002,13.055749892999984],[8.137369155999977,13.059209823999993],[8.130271912000012,13.067279815999996],[8.129084587000023,13.069580078000001],[8.129062653000005,13.074199677000024],[8.127864837999994,13.078820228999973],[8.125495910999973,13.082280158999993],[8.119580268999982,13.08918952900001],[8.11955356599998,13.094960212999979],[8.117168427000024,13.10188961],[8.117152213999987,13.10534954100001],[8.117136001999995,13.108819961999984],[8.117118834999985,13.112279892000004],[8.11592102100002,13.11690044400001],[8.114722251999979,13.12150955200002],[8.113519669000027,13.127280235],[8.11350345599999,13.130749702000003],[8.111127853000028,13.135359763999986],[8.106389998999987,13.142279625000015],[8.102849960000015,13.14457988700002],[8.100475311000025,13.149189949000004],[8.098099708999996,13.15380954699998],[8.095714568999995,13.160730361999981],[8.094500541999992,13.168809891000024],[8.093313217000002,13.171119690000012],[8.087392807000015,13.179189682000015],[8.080301285000019,13.186100006000004],[8.080273627999986,13.191869736000001],[8.079081535,13.19532966600002],[8.075513839999985,13.203410148999978],[8.07784557299999,13.208029747000012],[8.077812194999979,13.214960098000006],[8.077795981999998,13.218420029000015],[8.076586722999991,13.225350380000009],[8.075377463999985,13.23227977800002],[8.07182693499999,13.236889839000014],[8.07062339800001,13.242659569000011],[8.068259238999985,13.244959831000017],[8.063515662999976,13.25302982300002],[8.062300682,13.261110305999978],[8.062268257000028,13.268039703],[8.063412665999977,13.274970054999983],[8.063390732000016,13.279589653000016],[8.065705299000001,13.287679672000024],[8.065694808999979,13.289990424999985],[8.063293456999986,13.300379753000016],[8.064896154999985,13.302635775999988],[8.06489650399999,13.302637448999974],[8.064896265000016,13.302637464999975],[8.062419999999975,13.30279999999999],[8.062181125999984,13.30285604400001],[8.054385061999994,13.304685127000027],[8.046349998999972,13.306570000000022],[8.042599999999993,13.305790000000002],[8.03694999999999,13.306350000000009],[8.033599999999979,13.308809999999994],[8.025840000000017,13.309320000000014],[8.022980000000018,13.311089999999979],[8.01483504700002,13.31251013100001],[8.006689999999992,13.313930000000028],[7.999976726999989,13.315030177999972],[7.993263393999996,13.31613017799998],[7.9865500000000225,13.317229999999995],[7.978734164000002,13.31850448099999],[7.970918245000007,13.319778722000024],[7.963102245000016,13.32105272199999],[7.955286163999972,13.322326481000005],[7.94747000000001,13.323599999999999],[7.939697571000011,13.324337856999989],[7.9319250940000074,13.325075475999995],[7.924152570999979,13.325812857000017],[7.916380000000004,13.326549999999997],[7.910709999999995,13.327800000000025],[7.904130000000009,13.328100000000006],[7.897875026000008,13.329105077000008],[7.891619999999989,13.33010999999999],[7.886689994999983,13.329880048000007],[7.881759999999986,13.329650000000015],[7.876892252000005,13.331645211000023]]]},"properties":{"fid":697,"cty_nm":"Nigeria","iso3cd":"NGA","adm1nm":"Katsina","adm2nm":"Mashi","adm1cd":"NGA021","adm2cd":"NGA021027"}},{"type":"Feature","id":698,"geometry":{"type":"Polygon","coordinates":[[[8.371195095000019,13.093340056999978],[8.36581000000001,13.097710000000006],[8.362626810999984,13.103316708000023],[8.359443477000013,13.108923375000018],[8.35626000000002,13.114530000000002],[8.351970047999998,13.117310035999992],[8.347680000000025,13.120090000000005],[8.341086892000021,13.12431683699998],[8.334493559000009,13.128543503999992],[8.3279,13.132769999999994],[8.31608,13.146079999999984],[8.31119000000001,13.15449000000001],[8.311189343000024,13.154491177000011],[8.30750999999998,13.161080000000027],[8.30075008099999,13.16403508899998],[8.293990000000008,13.166989999999998],[8.287530000000004,13.17167999999998],[8.28262356099998,13.177400095999985],[8.277716895000026,13.183120095999982],[8.272809999999993,13.188840000000027],[8.26761512600001,13.194825053999978],[8.26242000000002,13.20080999999999],[8.259810234999975,13.20352019500001],[8.259170045000019,13.204185021],[8.255920000000003,13.20756],[8.247082329000023,13.209846610999989],[8.238244494000014,13.21213291700002],[8.229406493999988,13.214418916999989],[8.220568329000002,13.216704611000011],[8.211729999999989,13.21899000000002],[8.19959,13.22584999999998],[8.19668999999999,13.229240000000004],[8.193558678999977,13.231142792000014],[8.191210000000012,13.23257000000001],[8.184489999999983,13.23863],[8.176069999999982,13.246489999999994],[8.170290143999978,13.252570067000022],[8.164510000000007,13.258649999999989],[8.158110000000022,13.26103999999998],[8.156409999999994,13.263530000000003],[8.15091008799999,13.267435060000025],[8.145410000000027,13.27134000000001],[8.13907681400002,13.274183490999974],[8.132743480999977,13.277026825000007],[8.119833502999995,13.283020170999976],[8.113256836000005,13.28617017099998],[8.106679999999983,13.289319999999975],[8.106679933999999,13.289320022000027],[8.099637690000009,13.291515292999975],[8.092595253000013,13.29371039099999],[8.085552689999986,13.295905292999976],[8.078509999999994,13.298099999999977],[8.073055049000004,13.300280058999988],[8.067600000000027,13.302459999999996],[8.06489650399999,13.302637448999974],[8.064896154999985,13.302635775999988],[8.063293456999986,13.300379753000016],[8.065694808999979,13.289990424999985],[8.065705299000001,13.287679672000024],[8.063390732000016,13.279589653000016],[8.063412665999977,13.274970054999983],[8.062268257000028,13.268039703],[8.062300682,13.261110305999978],[8.063515662999976,13.25302982300002],[8.068259238999985,13.244959831000017],[8.07062339800001,13.242659569000011],[8.07182693499999,13.236889839000014],[8.075377463999985,13.23227977800002],[8.076586722999991,13.225350380000009],[8.077795981999998,13.218420029000015],[8.077812194999979,13.214960098000006],[8.07784557299999,13.208029747000012],[8.075513839999985,13.203410148999978],[8.079081535,13.19532966600002],[8.080273627999986,13.191869736000001],[8.080301285000019,13.186100006000004],[8.087392807000015,13.179189682000015],[8.093313217000002,13.171119690000012],[8.094500541999992,13.168809891000024],[8.095714568999995,13.160730361999981],[8.098099708999996,13.15380954699998],[8.100475311000025,13.149189949000004],[8.102849960000015,13.14457988700002],[8.106389998999987,13.142279625000015],[8.111127853000028,13.135359763999986],[8.11350345599999,13.130749702000003],[8.113519669000027,13.127280235],[8.114722251999979,13.12150955200002],[8.11592102100002,13.11690044400001],[8.117118834999985,13.112279892000004],[8.117136001999995,13.108819961999984],[8.117152213999987,13.10534954100001],[8.117168427000024,13.10188961],[8.11955356599998,13.094960212999979],[8.119580268999982,13.08918952900001],[8.125495910999973,13.082280158999993],[8.127864837999994,13.078820228999973],[8.129062653000005,13.074199677000024],[8.129084587000023,13.069580078000001],[8.130271912000012,13.067279815999996],[8.137369155999977,13.059209823999993],[8.13856124900002,13.055749892999984],[8.144481659000007,13.04767990099998],[8.149726868000016,13.048489571000005],[8.151524543999983,13.051159858999995],[8.152689934000023,13.053469657999983],[8.156208992000018,13.055789947999983],[8.158555983999975,13.056949615000008],[8.159721375000004,13.059260368000025],[8.165593146999981,13.061579703999996],[8.173806189999993,13.066220283999996],[8.178502083000012,13.068539618999978],[8.182025909000004,13.069700241000021],[8.189057349999985,13.075489998000023],[8.193736075999993,13.081279755000025],[8.203120232000003,13.08707046500001],[8.212520599000015,13.089409827999987],[8.217226982,13.089420318999998],[8.224296569999979,13.087120056000003],[8.234889984000006,13.085989951999977],[8.238435745000004,13.082539558000008],[8.244334220999974,13.07909011800001],[8.247874260000003,13.076789856000005],[8.250238419000027,13.074480057000017],[8.252596854999979,13.073329925999985],[8.257324218999997,13.068719864000002],[8.259682655000006,13.067569733000028],[8.264410019000024,13.06297016100001],[8.267955780000023,13.05951023099999],[8.27150154100002,13.056050301000028],[8.275036811999996,13.05490970599999],[8.279747962999977,13.053759575000015],[8.284459114000015,13.052619934000006],[8.289170264999996,13.051480292999997],[8.291528701999994,13.050330162000023],[8.298598288999983,13.048029900000017],[8.300956725999981,13.046879767999997],[8.304485321000016,13.046890259000008],[8.311550140000008,13.045749664000027],[8.319807052999977,13.041150092999999],[8.329223633000026,13.040019988999973],[8.332747459000018,13.041179656999986],[8.335105896000016,13.040040015999978],[8.339812279,13.040049553000017],[8.345700264000016,13.038909912000008],[8.349240302999988,13.03660011300002],[8.351604462000012,13.034299850000025],[8.351625442999989,13.029680251999991],[8.351635933000011,13.027370453000003],[8.354016304000027,13.021599770000023],[8.352856636000013,13.018139839000014],[8.352867125999978,13.015830040000026],[8.355236052999999,13.012370110000006],[8.357611656000017,13.007749557000011],[8.35645103500002,13.004289626999991],[8.35528564499998,13.001979828000003],[8.354125022999995,12.998510361000001],[8.35479068799998,12.995940207999979],[8.355323791999979,12.993889808999995],[8.360045432999982,12.990440368999998],[8.365939140000023,12.988140106000003],[8.370644568999978,12.988149642999986],[8.381216048999988,12.991640091000022],[8.389440535999995,12.993969917000015],[8.392964362999976,12.995129584999972],[8.397665023999991,12.996299743999998],[8.401188849999983,12.997460364999995],[8.403545380000025,12.99670028700001],[8.403525351999974,13.000929831999997],[8.403509139999983,13.004400252999972],[8.40465831900002,13.010169983000026],[8.404625893999992,13.01710033400002],[8.405775070000004,13.022879601],[8.405726432999984,13.033269882000013],[8.404511452000008,13.041350365000028],[8.403255462999994,13.058670043999996],[8.401466297000013,13.069405883000002],[8.401471038000011,13.069417622999993],[8.40073000000001,13.070179999999993],[8.394395120000013,13.074870078999993],[8.388059999999996,13.079560000000015],[8.388030000000015,13.08071000000001],[8.381160000000023,13.08377999999999],[8.37657999999999,13.088970000000018],[8.371195095000019,13.093340056999978]]]},"properties":{"fid":698,"cty_nm":"Nigeria","iso3cd":"NGA","adm1nm":"Katsina","adm2nm":"Mai'Adua","adm1cd":"NGA021","adm2cd":"NGA021024"}},{"type":"Feature","id":699,"geometry":{"type":"Polygon","coordinates":[[[8.53108000100002,13.05664999999999],[8.523500092999996,13.059710111000015],[8.515919999999994,13.06277],[8.50764508200001,13.065235132999987],[8.499369999999999,13.067700000000002],[8.492895025999985,13.068715080999993],[8.48642000000001,13.069729999999993],[8.477624986000023,13.069310149999978],[8.468830001000015,13.06889000000001],[8.462122352999984,13.067077761000007],[8.455414803999986,13.065265349000015],[8.448707352999975,13.063452761000008],[8.442000000999997,13.061640000000011],[8.435239883999998,13.059496844000023],[8.428479883000023,13.057353509999984],[8.427668946999972,13.057096367999975],[8.421719999999993,13.055209999999988],[8.415630000000021,13.054849999999988],[8.410663537999994,13.059960096999987],[8.405696872000021,13.065070096999989],[8.401474570000005,13.069413988999997],[8.401471038000011,13.069417622999993],[8.401466297000013,13.069405883000002],[8.403255462999994,13.058670043999996],[8.404511452000008,13.041350365000028],[8.405726432999984,13.033269882000013],[8.405775070000004,13.022879601],[8.404625893999992,13.01710033400002],[8.40465831900002,13.010169983000026],[8.403509139999983,13.004400252999972],[8.403525351999974,13.000929831999997],[8.403545380000025,12.99670028700001],[8.403558730999976,12.994000434999975],[8.404750824000018,12.990539550999983],[8.404772757999979,12.985919952000017],[8.407136917000003,12.983619690000012],[8.410676955999975,12.981320380999989],[8.413035392999973,12.980170250000015],[8.424838066000007,12.972109794999994],[8.42838859599999,12.967499733000011],[8.430752754000025,12.965200423999988],[8.433133124999983,12.959429741000008],[8.436705588999985,12.950200080999991],[8.436733246000017,12.944430350999994],[8.436770438999986,12.936340331999986],[8.437990189999994,12.927109717999997],[8.43919944800001,12.920180320999975],[8.440402985999981,12.914409637000006],[8.439249039000003,12.909790038999972],[8.441639899999984,12.901709557000004],[8.440490722999982,12.895939827000007],[8.44050693600002,12.892470360000004],[8.439346313999977,12.889010428999995],[8.439378739000006,12.882080078000001],[8.440582274999997,12.876310348999993],[8.441781045000027,12.871689795999998],[8.444166183999982,12.864769936000016],[8.445359230999998,12.861310005000007],[8.44655704500002,12.856690406999974],[8.446578980000027,12.852069855000025],[8.448947906,12.848609924000016],[8.450146675999974,12.843999863000022],[8.452515602000005,12.840539932000013],[8.453702927999984,12.838230133000025],[8.457254410000019,12.833620070999984],[8.461092948999976,12.830809593000026],[8.464010239999993,12.831549644000006],[8.471049310000012,12.832750320000002],[8.475744247000023,12.83277988399999],[8.480433463999987,12.835120200999995],[8.488647462000017,12.836330413999974],[8.498859406000008,12.833621025000014],[8.503015517999984,12.833877562999987],[8.506998063000026,12.835333823999974],[8.512128830999984,12.833029747000012],[8.515644074000022,12.835359573000005],[8.523862839000003,12.834269523999978],[8.527383805,12.834289550999983],[8.535599708999996,12.834349631999999],[8.546168328000022,12.83211994200002],[8.556736946000001,12.829890250999995],[8.562610627000026,12.827619552999977],[8.572010995000028,12.82308006300002],[8.576711654999997,12.820810317999985],[8.581411362999972,12.818530082999985],[8.583806992000007,12.816209792999985],[8.586730003000014,12.820059775999994],[8.587889672000017,12.823530197000025],[8.589050294000003,12.826999664000027],[8.593745232000003,12.829319954000027],[8.598456382999984,12.828169822999996],[8.603157044,12.829339980999976],[8.605499268000017,12.83164978000002],[8.607851982999989,12.831660270999976],[8.610204698000018,12.831660270999976],[8.612551688999986,12.83281993899999],[8.620781898000018,12.833999634000008],[8.620749473999979,12.840929985000002],[8.625460626000006,12.839779854000028],[8.627802848999977,12.842100142999982],[8.631320953,12.844409943000016],[8.634839058000011,12.846730232000027],[8.636005402000023,12.849040031000015],[8.638347626999973,12.851360321000016],[8.641855239999984,12.855990410000004],[8.64419746499999,12.858300208999992],[8.65243244300001,12.858320235999997],[8.659502029999999,12.856030464000014],[8.664229393000028,12.85142040300002],[8.668934822999972,12.851429939000013],[8.67246437099999,12.851440430000025],[8.677170752999984,12.851449966000018],[8.683057785000017,12.850310325999999],[8.687768935999998,12.849160193999978],[8.690116882999973,12.850319861999992],[8.694811820999973,12.852640151999992],[8.700688361999994,12.853810309999972],[8.703042030000006,12.853819847000011],[8.707757949999973,12.851519585000005],[8.712458611999978,12.852680206000002],[8.718335152999998,12.853850365000028],[8.723019600999976,12.858480453000027],[8.723003387999995,12.861949921000019],[8.724146843000028,12.868880272000013],[8.725307465000014,12.872340201999975],[8.72410869700002,12.876959800999998],[8.721729279999977,12.882729530000006],[8.720536233000018,12.886190413999998],[8.719338418000007,12.89081001300002],[8.716963768000028,12.895420074000015],[8.714594841999997,12.898880005000024],[8.713401793999992,12.902339934999986],[8.711027145999992,12.906949997000027],[8.709828377000008,12.911569595000003],[8.709796906000008,12.913608550999982],[8.709797537999975,12.913611171000014],[8.709790000999988,12.913610000000006],[8.709407250000027,12.91377368000002],[8.703639999000018,12.916240000000016],[8.696349999999995,12.916780000000017],[8.6909,12.919660000000022],[8.684500072999981,12.92252007899998],[8.678099999999972,12.925380000000018],[8.666605038,12.930770049999978],[8.661597116999985,12.932591946000002],[8.661519999999996,12.932619999999986],[8.648480000000006,12.938559999999995],[8.644800001000021,12.94607000000002],[8.644690001000015,12.950905001000024],[8.644579998999973,12.955739999999992],[8.639999999999986,12.961169999999981],[8.635835132000011,12.969135036000011],[8.631669999999986,12.977100000000007],[8.626480135999998,12.983660052999994],[8.621289999999988,12.990220000000022],[8.616425296999978,12.995295139999996],[8.611560395000026,13.000370185999998],[8.606695296999987,13.005445140000006],[8.601830000000007,13.010519999999985],[8.598750000999985,13.011610000000019],[8.592989999999986,13.017470000000003],[8.589275051000016,13.02084002700002],[8.585559999999987,13.024209999999982],[8.578646928000012,13.028896852999992],[8.571733594000023,13.03358351899999],[8.564820000999987,13.038270000000011],[8.558086871,13.042036843000005],[8.551353538,13.045803509999985],[8.544620000000009,13.049570000000017],[8.537850096999989,13.053110088999972],[8.53108000100002,13.05664999999999]]]},"properties":{"fid":699,"cty_nm":"Nigeria","iso3cd":"NGA","adm1nm":"Katsina","adm2nm":"Zango","adm1cd":"NGA021","adm2cd":"NGA021034"}},{"type":"Feature","id":700,"geometry":{"type":"Polygon","coordinates":[[[8.817055105000009,12.884290107000027],[8.809590000000014,12.887819999999977],[8.802356767999981,12.889590199999986],[8.795123434999994,12.891360200000008],[8.787890000000004,12.893129999999985],[8.78124999900001,12.896669999999972],[8.772569998999984,12.896729999999991],[8.760319999999979,12.899229999999989],[8.753410293000002,12.901896366000017],[8.746500438999988,12.90456254899999],[8.739590438999983,12.907228549000024],[8.732680292999987,12.909894366000003],[8.725770000000011,12.912559999999985],[8.72035502,12.913485056000013],[8.714940000000013,12.914409999999975],[8.709797537999975,12.913611171000014],[8.709796906000008,12.913608550999982],[8.709828377000008,12.911569595000003],[8.711027145999992,12.906949997000027],[8.713401793999992,12.902339934999986],[8.714594841999997,12.898880005000024],[8.716963768000028,12.895420074000015],[8.719338418000007,12.89081001300002],[8.720536233000018,12.886190413999998],[8.721729279999977,12.882729530000006],[8.72410869700002,12.876959800999998],[8.725307465000014,12.872340201999975],[8.724146843000028,12.868880272000013],[8.723003387999995,12.861949921000019],[8.723019600999976,12.858480453000027],[8.718335152999998,12.853850365000028],[8.712458611999978,12.852680206000002],[8.707757949999973,12.851519585000005],[8.703042030000006,12.853819847000011],[8.700688361999994,12.853810309999972],[8.694811820999973,12.852640151999992],[8.690116882999973,12.850319861999992],[8.687768935999998,12.849160193999978],[8.683057785000017,12.850310325999999],[8.677170752999984,12.851449966000018],[8.67246437099999,12.851440430000025],[8.668934822999972,12.851429939000013],[8.664229393000028,12.85142040300002],[8.659502029999999,12.856030464000014],[8.65243244300001,12.858320235999997],[8.64419746499999,12.858300208999992],[8.641855239999984,12.855990410000004],[8.638347626999973,12.851360321000016],[8.636005402000023,12.849040031000015],[8.634839058000011,12.846730232000027],[8.631320953,12.844409943000016],[8.627802848999977,12.842100142999982],[8.625460626000006,12.839779854000028],[8.620749473999979,12.840929985000002],[8.620781898000018,12.833999634000008],[8.612551688999986,12.83281993899999],[8.610204698000018,12.831660270999976],[8.607851982999989,12.831660270999976],[8.605499268000017,12.83164978000002],[8.603157044,12.829339980999976],[8.598456382999984,12.828169822999996],[8.593745232000003,12.829319954000027],[8.589050294000003,12.826999664000027],[8.587889672000017,12.823530197000025],[8.586730003000014,12.820059775999994],[8.583806992000007,12.816209792999985],[8.59081745100002,12.811690331000023],[8.59317493399999,12.807100295999987],[8.595544814999982,12.797900200000015],[8.595565796000017,12.78868007699998],[8.600266456999975,12.786410332000003],[8.604969025000003,12.782979964999981],[8.606152533999989,12.77838039400001],[8.603816986000027,12.773759842000004],[8.601477622999994,12.770290375000002],[8.599143981999987,12.764510154999982],[8.60502147699998,12.761090278999973],[8.60973358199999,12.75306034099998],[8.607397079000009,12.748439788999974],[8.607405663000009,12.744979858000022],[8.607416152999974,12.740369797000028],[8.612127304000012,12.73348999000001],[8.616825103999986,12.732370376999995],[8.62386703499999,12.732419967999988],[8.635603904999982,12.732500076000008],[8.647345542999972,12.730279922000022],[8.650867462000008,12.730310439999982],[8.657922745000008,12.724590302000024],[8.661452293000025,12.721159935000003],[8.670868874000007,12.709710121],[8.680274962999988,12.702859879000016],[8.682632446000014,12.69826984399998],[8.688190459999987,12.698590278999973],[8.692836761000024,12.702099799999985],[8.696325301999991,12.70444011699999],[8.699812888999986,12.706789969999988],[8.702130318000002,12.709119797000028],[8.709191321999981,12.705750464999994],[8.720284461999995,12.704192162000027],[8.732692719,12.697979927000006],[8.739742278999984,12.69575977300002],[8.747937202000003,12.695859908999978],[8.751450539000018,12.695899962999988],[8.751903534000007,12.688380241000004],[8.754262923999988,12.683790207000015],[8.758963585000004,12.681509972000015],[8.76717090599999,12.685029983999982],[8.782412528999998,12.692040442999996],[8.788281440999981,12.692090033999989],[8.791802405999988,12.692110061999983],[8.796504974000015,12.688690185999974],[8.801204681000002,12.686409949999984],[8.809417725000003,12.68762016300002],[8.814110755999991,12.688810348999993],[8.815869330999988,12.694379807000018],[8.82466506999998,12.69233989700001],[8.829354286000012,12.694669723999993],[8.832223892000002,12.698030472000028],[8.83572387700002,12.699219703999972],[8.841083527000023,12.698209763000023],[8.850470542999972,12.699430466000024],[8.856335639999998,12.700619698000025],[8.863375663999989,12.701820374000022],[8.866896628999996,12.70184993700002],[8.871588707,12.703029633000028],[8.877451897000014,12.705369948999987],[8.88097000099998,12.706549644000006],[8.884488105999992,12.707730292999997],[8.888007163999987,12.708900452000023],[8.893872261000013,12.71010017399999],[8.899735451000026,12.712439537000023],[8.904427527999985,12.713620186000014],[8.912632942000016,12.718290329000013],[8.917325020000021,12.719470023999975],[8.92201709699998,12.720660210000005],[8.926709174999985,12.721839905000024],[8.931398392000006,12.724180221999973],[8.934913634999987,12.726510048000023],[8.938429831999997,12.728839874000016],[8.943116187999976,12.732330321999996],[8.946822166000004,12.739492416000019],[8.947381020000023,12.743399619999991],[8.947778701999994,12.746179580999978],[8.952459335000015,12.751979828000003],[8.954555511000024,12.75385189100001],[8.956906318999984,12.755949973999975],[8.957745552000006,12.75994205500001],[8.958225249999998,12.762226105000025],[8.960191726999994,12.766113281000003],[8.959721564999995,12.769370078999998],[8.961388587999977,12.770521164000002],[8.961791991999974,12.776229858000022],[8.964127540999982,12.78085994700001],[8.965286255000024,12.787779807999982],[8.967625618,12.791250229000013],[8.967615127999977,12.795860290999997],[8.966433525000014,12.799309730999994],[8.967593193000027,12.805080413999974],[8.969935416999988,12.807399750000002],[8.970385550999993,12.810230255000022],[8.977337836999993,12.817230225000003],[8.980825423999988,12.819569587999979],[8.986339568999995,12.819029807999982],[8.991031647,12.820210456999973],[8.995729445999984,12.819089889999987],[8.99925041199998,12.819120407000014],[9.002774239000018,12.817990302999988],[9.006295204000025,12.818019866999975],[9.009819031000006,12.816889763000006],[9.013342856999998,12.81575965899998],[9.018037795999987,12.815790176000007],[9.022731781000005,12.815830231000007],[9.026255607999985,12.81470012699998],[9.032125473000008,12.81474018099999],[9.037084579000009,12.814490318000026],[9.041513442999985,12.814800262000006],[9.04503345500001,12.815979958000014],[9.047374724999997,12.818300247000025],[9.04971313499999,12.821769714000027],[9.049706458999992,12.825229644999979],[9.048523902999989,12.828680038000016],[9.046162605000006,12.834420204000025],[9.045207977000018,12.837205886999982],[9.045207935999997,12.837523825000005],[9.045207806999997,12.837523830999999],[9.042720023000015,12.837625451000008],[9.014700000000005,12.838770000000011],[9.006120033000002,12.839750139999978],[8.997540000000015,12.840730000000008],[8.990639977,12.839905090999991],[8.983740000000012,12.839080000000024],[8.979574952999997,12.83623503299998],[8.97541000000001,12.833390000000009],[8.969789999999989,12.833050000000014],[8.96315009,12.836485084000003],[8.95650999999998,12.839920000000006],[8.94896,12.84183999999999],[8.939520000000016,12.844650000000001],[8.937129524999989,12.845968883000012],[8.934300000000007,12.847530000000006],[8.928410031999988,12.848910065999974],[8.925586893999991,12.84957147900002],[8.92252000000002,12.850289999999973],[8.88236999999998,12.863060000000019],[8.876545084999975,12.866740064999988],[8.870720000000006,12.870420000000024],[8.86567500000001,12.870430048999992],[8.860630000000015,12.870439999999974],[8.852829999999983,12.873280000000022],[8.84534682200001,12.87589021399998],[8.837863487999982,12.878500213999985],[8.830379999999991,12.881109999999978],[8.824520000000007,12.88076000000001],[8.817055105000009,12.884290107000027]]]},"properties":{"fid":700,"cty_nm":"Nigeria","iso3cd":"NGA","adm1nm":"Katsina","adm2nm":"Baure","adm1cd":"NGA021","adm2cd":"NGA021004"}}]}