{"type":"FeatureCollection","features":[{"type":"Feature","id":374,"geometry":{"type":"Polygon","coordinates":[[[8.179460526000014,11.800729751999995],[8.170946120999986,11.810939788999974],[8.166208267000002,11.813119888000017],[8.163757324000017,11.816530227999976],[8.15656852699999,11.822130202999972],[8.155241966000006,11.826740265000012],[8.152668952999989,11.833649634999972],[8.152424811999992,11.840640068000027],[8.145236968999995,11.846229553],[8.13700580599999,11.848290442999996],[8.133350371999995,11.852840424000021],[8.125038146999998,11.857230185999981],[8.11431693999998,11.863869667000017],[8.105963707,11.86942005200001],[8.097529410999982,11.877309798999988],[8.093119621000028,11.883460044999993],[8.089380263999999,11.877039909000018],[8.086132050000003,11.869939804000012],[8.083926200999997,11.866370200999995],[8.081679344000008,11.863969802999975],[8.075940132000028,11.861450194999975],[8.072446823000007,11.861339568999995],[8.066626548999977,11.861149787999977],[8.060765265999976,11.862119674999974],[8.05257511100001,11.863019942999983],[8.047918320000008,11.862870215999976],[8.043302535999999,11.86155033099999],[8.038685799000007,11.860239982999985],[8.035357475000012,11.855469703999972],[8.033231735000015,11.849570273999973],[8.028656006000006,11.847089767],[8.019506454000009,11.842129707000026],[8.014849663000007,11.84197998000002],[8.009313582999994,11.833640098999979],[8.00236892700002,11.832240104999983],[7.995384215999991,11.832019806000005],[7.9873161319999895,11.829420089999985],[7.979166985000006,11.829159736999998],[7.970976829999984,11.830060005000007],[7.961664199999973,11.829750061000027],[7.953555107,11.828319550000003],[7.946650981999994,11.825759887999993],[7.942117214000007,11.822119713000006],[7.934253216000002,11.813710212999979],[7.93212795300002,11.807809829999997],[7.9290018080000095,11.797220229999994],[7.924589157000014,11.790080069999988],[7.921258926000007,11.785309792000021],[7.915479183000002,11.783949851999978],[7.90961790099999,11.784930228999997],[7.905002116999981,11.78361034400001],[7.897934914000018,11.785710334999976],[7.891870021999978,11.792510032999985],[7.885927200000026,11.795809745999975],[7.874164103999988,11.798919678000004],[7.873161793000008,11.794230460999984],[7.876060009000014,11.778010368000025],[7.880164146000027,11.760660171999973],[7.882938862000003,11.747929573000022],[7.881424904000028,11.724570273999973],[7.885120868999991,11.718859672999997],[7.888857841000004,11.711990356000001],[7.895044804000008,11.701700211000002],[7.903683186000023,11.687999724999997],[7.909911156000021,11.676549910999995],[7.911603927999977,11.661450386000013],[7.909177779999993,11.653900146000012],[7.917912960000024,11.647669791999988],[7.922732829999973,11.643170356999974],[7.929881095999974,11.638739585999986],[7.936905861000014,11.637800217000006],[7.941563128999974,11.637949944000013],[7.951960086999975,11.640620232000003],[7.958862781999983,11.643179893000024],[7.968175888000019,11.643480301000011],[7.970423222000022,11.645890236000014],[7.978531836999991,11.647319793999998],[7.9831891059999975,11.647470473999988],[7.991337776000023,11.647740364000015],[7.999445915000024,11.649169921999999],[8.005064011000002,11.655179976999989],[8.008352279999997,11.661109924000016],[8.010477066000021,11.667010306999998],[8.01372623399999,11.674110412999994],[8.017097472999978,11.677709579000009],[8.021753310999998,11.677869797000028],[8.029984474000003,11.675800322999976],[8.035926818999997,11.672499657000003],[8.044198036000012,11.66926956200001],[8.054594039999984,11.671939850000001],[8.067236900000012,11.677020072999994],[8.069320678999986,11.68408012399999],[8.068954468000015,11.694560050999996],[8.072121620000019,11.703989982999985],[8.074165343999994,11.712209701999996],[8.078454970999985,11.722840308999992],[8.081663132000017,11.731100082000012],[8.087077141000009,11.742939949000004],[8.090284348000012,11.751199722000024],[8.095820426999978,11.759539603999997],[8.106094359999986,11.765700340000024],[8.114121436999994,11.769459724],[8.121025084999985,11.772009850000018],[8.129093169999976,11.774609565999981],[8.140490532000001,11.781970023999975],[8.146188736,11.785659790000011],[8.151846885999987,11.790499687000022],[8.159873962000006,11.794260025000028],[8.166777610999986,11.796819686999982],[8.174845694999988,11.799409866000019],[8.179460526000014,11.800729751999995]]]},"properties":{"fid":374,"cty_nm":"Nigeria","iso3cd":"NGA","adm1nm":"Kano","adm2nm":"Karaye","adm1cd":"NGA020","adm2cd":"NGA020022"}},{"type":"Feature","id":375,"geometry":{"type":"Polygon","coordinates":[[[8.766016960000002,11.625229836000017],[8.756704329999991,11.624930382000002],[8.747308730999976,11.626950264000016],[8.727681159999975,11.621649741999988],[8.714956283999982,11.618900299000018],[8.708011627000019,11.617509842000004],[8.699861526000007,11.617239951999977],[8.680275917000017,11.610779761999993],[8.662975311000025,11.605549811999992],[8.654732704000025,11.60424995400001],[8.653824805999989,11.600589752000019],[8.651741028000004,11.593529701000023],[8.650902748000021,11.584179877999986],[8.647776604,11.573590278999973],[8.645691871999986,11.566530227999976],[8.642606735000015,11.554770469999994],[8.642891883999994,11.546620368999982],[8.63739681200002,11.537119865000022],[8.627285003999987,11.526300429999992],[8.618053436000025,11.523670197000001],[8.612314223999988,11.521149634999972],[8.602162361000012,11.511489868000012],[8.597830772000009,11.502030373000025],[8.595746994000024,11.494970321999972],[8.596032143000002,11.486820221000016],[8.592823982000027,11.478549956999984],[8.593190192999998,11.468079567000018],[8.594639777999987,11.459959984000022],[8.596211433000008,11.448360443000013],[8.600192069999991,11.434499741000025],[8.604091643999993,11.422980309000025],[8.60433578499999,11.415989876000026],[8.604538918000003,11.410169601000007],[8.604743004,11.404350281000006],[8.603781700000013,11.398489951999977],[8.598041534000004,11.395970345000023],[8.592384337999988,11.391130447000023],[8.593914986000016,11.380689620999988],[8.596446990999993,11.374939918999985],[8.598856925999996,11.372690201000012],[8.601428985999974,11.365779877000023],[8.606329917999972,11.358949660999997],[8.611149787999977,11.354439735000028],[8.617394446999981,11.345740318000026],[8.624077796999984,11.351369857999998],[8.629735946999972,11.356209755000009],[8.640050888000019,11.361209868999993],[8.650365829000009,11.366209984000022],[8.662967681999987,11.372449874999973],[8.668666840000014,11.376130104000026],[8.678940773000022,11.382300376999979],[8.688091278000002,11.387260437000009],[8.694831847999978,11.394470215000013],[8.703901291000022,11.40176010099998],[8.710641861,11.408969878999983],[8.717423439000015,11.415019988999973],[8.72524738300001,11.424599648000026],[8.740218163000009,11.429750442999989],[8.747040749000007,11.434639930999992],[8.750329018000002,11.44056987800002],[8.751371383999981,11.444100380000009],[8.753537177999988,11.448829650999983],[8.756826401000012,11.454770087999975],[8.759032248999972,11.458339690999992],[8.760390282000003,11.462109565999981],[8.761157035999986,11.464229584000009],[8.76448631300002,11.468999863000022],[8.76865482300002,11.48313045499998],[8.769575119000024,11.490150452000023],[8.770454406999988,11.498339653000016],[8.770087241999988,11.508810042999983],[8.769884108999975,11.514630318000002],[8.770682335000004,11.525150299000018],[8.770356177999986,11.534460067999987],[8.768825531000005,11.544899939999993],[8.767417908000027,11.551850318999982],[8.764681816000007,11.563420296000004],[8.764274596999996,11.575059891000024],[8.76403045699999,11.58203983300001],[8.765871048000008,11.596090317000005],[8.767832756000018,11.606639862000009],[8.768589973000019,11.61832046500001],[8.766016960000002,11.625229836000017]]]},"properties":{"fid":375,"cty_nm":"Nigeria","iso3cd":"NGA","adm1nm":"Kano","adm2nm":"Kibiya","adm1cd":"NGA020","adm2cd":"NGA020023"}},{"type":"Feature","id":376,"geometry":{"type":"Polygon","coordinates":[[[8.276502608999976,11.78369045300002],[8.274370192999982,11.786339759999976],[8.268508911000026,11.787320136999995],[8.256826401000012,11.788100242999974],[8.24522495299999,11.78656005900001],[8.23366546599999,11.78384971600002],[8.223269463000008,11.781180382000002],[8.217325211000002,11.784480094999992],[8.212547302000019,11.787819861999992],[8.204275130999974,11.791049956999984],[8.193675994999978,11.794199944000013],[8.186528205999991,11.798629760999972],[8.179460526000014,11.800729751999995],[8.174845694999988,11.799409866000019],[8.166777610999986,11.796819686999982],[8.159873962000006,11.794260025000028],[8.151846885999987,11.790499687000022],[8.146188736,11.785659790000011],[8.140490532000001,11.781970023999975],[8.129093169999976,11.774609565999981],[8.121025084999985,11.772009850000018],[8.114121436999994,11.769459724],[8.106094359999986,11.765700340000024],[8.095820426999978,11.759539603999997],[8.090284348000012,11.751199722000024],[8.087077141000009,11.742939949000004],[8.081663132000017,11.731100082000012],[8.078454970999985,11.722840308999992],[8.074165343999994,11.712209701999996],[8.072121620000019,11.703989982999985],[8.068954468000015,11.694560050999996],[8.069320678999986,11.68408012399999],[8.067236900000012,11.677020072999994],[8.054594039999984,11.671939850000001],[8.044198036000012,11.66926956200001],[8.035926818999997,11.672499657000003],[8.029984474000003,11.675800322999976],[8.021753310999998,11.677869797000028],[8.017097472999978,11.677709579000009],[8.01372623399999,11.674110412999994],[8.010477066000021,11.667010306999998],[8.008352279999997,11.661109924000016],[8.005064011000002,11.655179976999989],[7.999445915000024,11.649169921999999],[7.991337776000023,11.647740364000015],[7.9831891059999975,11.647470473999988],[7.978531836999991,11.647319793999998],[7.970423222000022,11.645890236000014],[7.968175888000019,11.643480301000011],[7.969502926000018,11.638859749000005],[7.97219800900001,11.62845993000002],[7.972524166000028,11.619150161999983],[7.9716439250000235,11.610960007000017],[7.969683169999996,11.600410461000024],[7.974624156999994,11.592410088000008],[7.978320122000014,11.586709976000009],[7.985508918999983,11.581110001000013],[7.989285945999995,11.57308006300002],[7.98944902400001,11.568420409999987],[7.993185997000012,11.561550140000008],[8.000374793999981,11.555959701999996],[8.001823424999998,11.54784011800001],[8.010379790999991,11.536470413000018],[8.017568588000017,11.530879974000015],[8.028127670000003,11.52888965599999],[8.03884887700002,11.52225017500001],[8.040257454000027,11.515299797000011],[8.036048889000028,11.502340317000005],[8.034859657000027,11.495086669999978],[8.034127235000028,11.490619659000004],[8.037863731000016,11.483750342999997],[8.04139709499998,11.48270034799998],[8.047299384999974,11.480560303000004],[8.053160666999986,11.479590416000008],[8.064681053000015,11.483460426000022],[8.075036049000005,11.487299919000009],[8.085350989999995,11.492300033999982],[8.089966774000004,11.493610381999986],[8.09674835200002,11.499659538000003],[8.10469436599999,11.505749702000003],[8.113884926000026,11.509539603999997],[8.121953011000016,11.51214027399999],[8.13130664800002,11.51128005999999],[8.137208939000004,11.509140015000014],[8.14198875400001,11.505800247000025],[8.149095535000015,11.502530098000022],[8.15620231600002,11.499270438999986],[8.161063194000008,11.49359989200002],[8.164758682000013,11.487890244000027],[8.165083885000001,11.478580475000001],[8.165451050000001,11.468099594000023],[8.166899681000018,11.45998954800001],[8.164856911000015,11.451769829],[8.16044426000002,11.444629668999994],[8.157155036999995,11.438690185999974],[8.15270233199999,11.432720184000004],[8.148289680000005,11.425580024999988],[8.142672538999989,11.419569969000008],[8.139464378000014,11.411310195999988],[8.136094092999997,11.407699584999989],[8.132845879000001,11.400609970000005],[8.130802155000026,11.392379760999972],[8.132210731999976,11.385430336000013],[8.135988235000013,11.37740039800002],[8.142053604000012,11.370599747000028],[8.148036956999988,11.366140366000025],[8.154021263000004,11.36166953999998],[8.158799170999998,11.35832977299998],[8.163578033000022,11.35499000499999],[8.167070389000003,11.355099677999988],[8.175464630000022,11.348380088999988],[8.187391280999975,11.34060955000001],[8.193455696000001,11.333820343000014],[8.200807570999984,11.323570250999978],[8.20799636800001,11.317979813000022],[8.21522521999998,11.311220169000023],[8.21996307400002,11.30904006999998],[8.231524466999986,11.31175041199998],[8.241920471000014,11.314419745999999],[8.258177756999999,11.316120147999982],[8.267613411000013,11.312930107],[8.27359676399999,11.308460235999974],[8.275274276999994,11.303959845999998],[8.282991408999976,11.306440353000028],[8.290125847000013,11.309079170000018],[8.293346405000023,11.310270308999975],[8.296757698000022,11.312709808000022],[8.304825783000013,11.315309524999975],[8.31052398700001,11.318989753999972],[8.316319465999982,11.323949814000002],[8.313813209999978,11.324930191000021],[8.305583000000013,11.326990127999977],[8.299599648000026,11.331459999000003],[8.288876533999996,11.338100433000022],[8.278196335000018,11.343580245999988],[8.265268326000012,11.346650124000007],[8.254668235999986,11.34980010999999],[8.245152473000019,11.355319977000022],[8.23792266800001,11.362079619999975],[8.233021736000012,11.368909836],[8.229285240000024,11.37578010599998],[8.224343299999987,11.383779526000012],[8.217073441000025,11.391699791000008],[8.212050438000006,11.402029991000006],[8.208313942000018,11.408900260999985],[8.20561885799998,11.419300078999981],[8.204088210999998,11.429739951999977],[8.202557564000017,11.440179824999973],[8.204397201999996,11.454219818000013],[8.206318855000006,11.465940475000025],[8.20844364200002,11.471839905000024],[8.21598243699998,11.489569663999987],[8.219189643999982,11.49783039099998],[8.222315788000003,11.508419990999982],[8.226606369000024,11.519049644000006],[8.229651450999995,11.531970023999975],[8.226956367000014,11.542369843000017],[8.226712227000007,11.549360275000026],[8.228755950999982,11.55757999399998],[8.232045174000007,11.563520432000018],[8.231760025000028,11.571669579000002],[8.22906494099999,11.582070351000027],[8.22524642899998,11.591270447],[8.223797798000021,11.599379538999983],[8.224596023999993,11.609889984000006],[8.228967667000006,11.618189812000026],[8.233379363999973,11.625329970999985],[8.238915442999996,11.633669853000015],[8.24328708600001,11.641969680999978],[8.247659682999995,11.65027046199998],[8.253113746999986,11.660940170000003],[8.255197525000028,11.668000221],[8.25940704300001,11.680959701999996],[8.264902114999984,11.690460205000022],[8.272726058999979,11.700039864000018],[8.276096343999995,11.703650475000018],[8.277137756000002,11.707180022999978],[8.280385970999987,11.714280127999984],[8.283716201999994,11.719050406999997],[8.290456772000027,11.726260185000001],[8.292622565999977,11.730990410000004],[8.291213989000028,11.73793983500002],[8.287394523999978,11.747139930999992],[8.288234710999973,11.756489753999972],[8.287908554000012,11.76581001300002],[8.286459922999995,11.773920058999977],[8.278025626999977,11.78180027000002],[8.276502608999976,11.78369045300002]]]},"properties":{"fid":376,"cty_nm":"Nigeria","iso3cd":"NGA","adm1nm":"Kano","adm2nm":"Kiru","adm1cd":"NGA020","adm2cd":"NGA020024"}},{"type":"Feature","id":377,"geometry":{"type":"Polygon","coordinates":[[[8.472090720999972,11.954620361000025],[8.471115112000007,11.959429741000008],[8.470952988000022,11.964090347000024],[8.471872329999997,11.97111034400001],[8.438192367999989,11.967679976999989],[8.434985160999986,11.959420204000025],[8.430614471000013,11.951120376999995],[8.42403602600001,11.939249991999986],[8.418458939000004,11.932069778000027],[8.417457581000008,11.927379608000024],[8.421072005999974,11.923999786000024],[8.424727440000026,11.919449805999989],[8.430832862999978,11.911499977000005],[8.434529305000012,11.905790329000013],[8.438225746,11.90007972699999],[8.443044661999977,11.895580291999977],[8.44549560500002,11.892160416000024],[8.460955619999993,11.883339881999973],[8.465652465999995,11.882329941000023],[8.471473693999997,11.882519721999984],[8.478499413000009,11.881580353000004],[8.48436069500002,11.880610466000007],[8.490140914999984,11.881959914999982],[8.504111290000026,11.882419586000026],[8.512260437000009,11.882679939000013],[8.52153301200002,11.884149551000007],[8.534379005000005,11.883410454],[8.546102523999991,11.881460189999984],[8.553250312999978,11.877030373000025],[8.559234618999994,11.87255954699998],[8.570794105999994,11.875269890000027],[8.581272124999998,11.875610352000024],[8.590503693000016,11.878239631999975],[8.59744834899999,11.879639626000028],[8.606598854000026,11.884599686000001],[8.614584922999995,11.889519690999975],[8.619038581999973,11.895489693000002],[8.621041298000023,11.904879569999991],[8.624411582999983,11.90849018099999],[8.625453949000018,11.912019729999997],[8.628742218000014,11.917949677000024],[8.63086795800001,11.923850060000007],[8.631223679000016,11.927169800000001],[8.631746292000003,11.932040214999972],[8.630378722999978,11.937820434999992],[8.630216598999993,11.942480086999979],[8.627765656000008,11.945890426999995],[8.625355721000005,11.948149681000018],[8.617085456999973,11.951370239000028],[8.610017776000007,11.953470229999994],[8.602952002999984,11.955570221000016],[8.59941864000001,11.956620215999976],[8.594652176000011,11.960180283],[8.591597557,11.959779738999998],[8.586612700999979,11.956210135999982],[8.580872536000015,11.953689574999999],[8.574050903,11.948800086999995],[8.570558548000008,11.948690413999998],[8.56132698099998,11.946060181000007],[8.553258895999988,11.943460463999998],[8.546314240000015,11.942070006999984],[8.541698456000006,11.940750121999997],[8.534794807000026,11.938199997000027],[8.527891158999978,11.935640335000016],[8.521027564999997,11.93192005200001],[8.515248299000007,11.930569649000006],[8.509468078999987,11.92920970900002],[8.502442359999975,11.930150031999972],[8.491842270000006,11.933300018000011],[8.487023353999973,11.93780994399998],[8.479793549000021,11.944560050999996],[8.476138115000026,11.94909954100001],[8.472523689000013,11.952480315999992],[8.472090720999972,11.954620361000025]]]},"properties":{"fid":377,"cty_nm":"Nigeria","iso3cd":"NGA","adm1nm":"Kano","adm2nm":"Kumbotso","adm1cd":"NGA020","adm2cd":"NGA020025"}},{"type":"Feature","id":385,"geometry":{"type":"Polygon","coordinates":[[[8.417457581000008,11.927379608000024],[8.410390854000013,11.92947959899999],[8.402241706999973,11.92920970900002],[8.394133567999972,11.927780150999979],[8.38951778400002,11.926460265999992],[8.38257312799999,11.925069808999979],[8.375628471000027,11.923680305000005],[8.372055053999986,11.925889969000025],[8.361332892999997,11.932539940000026],[8.358841896000001,11.937120438000022],[8.35389995600002,11.945119857999998],[8.350163459999976,11.951990127999977],[8.34538459800001,11.955329894999977],[8.339360236999994,11.96096038799999],[8.333335875999978,11.966589928000019],[8.329721451000012,11.969969748999972],[8.324901581000006,11.974470139000005],[8.317753792000019,11.97889995600002],[8.312852858999975,11.985730171],[8.306870461000017,11.990200043000016],[8.30080413799999,11.996999741000025],[8.297189713000023,12.000370025999985],[8.29477977800002,12.00263023399998],[8.292369843000017,12.00487995100002],[8.286467551999976,12.007019996999986],[8.280565261999982,12.009160042000019],[8.268720626999993,12.014599799999985],[8.26398181899998,12.016770362999978],[8.256916046000015,12.018870354],[8.253300667000019,12.02225017500001],[8.24936294600002,12.025779724000017],[8.246438026000021,12.018529892000004],[8.238492011999995,12.012439728000004],[8.230546951000008,12.006360054000027],[8.224807739000028,12.003840446000027],[8.21910858199999,12.000160216999973],[8.21336937000001,11.99763965599999],[8.20184993700002,11.993769645999976],[8.193781853000019,11.991169930000012],[8.186797141999989,11.990940093999995],[8.179933548000008,11.98721981],[8.175236702000007,11.988240242000018],[8.169455528000015,11.986880301999975],[8.164921761000016,11.983240127999977],[8.159625053000013,11.977569580000022],[8.161673545999975,11.976140021999981],[8.166573524,11.969309807000002],[8.172516823000024,11.965999603],[8.178379059000008,11.965029716000004],[8.181912421999982,11.963979720999987],[8.196085929999981,11.958609581000019],[8.201988219999976,11.956480026000008],[8.206685065999977,11.95545959499998],[8.21030044600002,11.95207977299998],[8.215241432000028,11.944089889999987],[8.220183372000008,11.936090469000021],[8.222715377999975,11.93033981299999],[8.22641086599998,11.924639701999979],[8.231311797999979,11.917799950000017],[8.237255096000013,11.914500237000027],[8.244239806999985,11.914730071999998],[8.247488022000027,11.921830177000004],[8.249612807999995,11.927729607000003],[8.255148888000008,11.936070442000016],[8.259724617000018,11.938549995000017],[8.266750335999973,11.937609672999997],[8.271447181999974,11.936599731000001],[8.276348113999973,11.929759978999982],[8.282372474999988,11.924130439999999],[8.287355423000008,11.91497039799998],[8.289926529000013,11.908060073999991],[8.294828414999984,11.901229858000022],[8.29981041000002,11.892069816999992],[8.303628921999973,11.882869719999974],[8.302668571000027,11.877010344999974],[8.299339293999992,11.872240067000007],[8.296009063999975,11.867469787999994],[8.292597770999976,11.865030289000003],[8.286980629000027,11.859020233000024],[8.287102699000002,11.855520248000005],[8.287346839999998,11.848540306000018],[8.289878844999976,11.842789649999986],[8.295822143999999,11.839489936999996],[8.300641059999975,11.83498954800001],[8.308831214999998,11.834090232999984],[8.315815926000028,11.834320068000011],[8.321123123000007,11.836070060999987],[8.325611115000015,11.837550163000003],[8.329583168,11.840589523000006],[8.337528228999986,11.846679687000005],[8.344309807000002,11.852729796999995],[8.354543686,11.860050200999979],[8.363612175000014,11.867340087999992],[8.36918926200002,11.874520302000008],[8.375888824000015,11.88290023799999],[8.383834838999974,11.888979912000025],[8.388328552000019,11.893790244999991],[8.397479056999998,11.898750305000021],[8.404220581000004,11.905960083000025],[8.407590866000021,11.909569739999995],[8.416659354999979,11.916859627000008],[8.417660712999975,11.921560286999977],[8.417457581000008,11.927379608000024]]]},"properties":{"fid":385,"cty_nm":"Nigeria","iso3cd":"NGA","adm1nm":"Kano","adm2nm":"Rimin Gado","adm1cd":"NGA020","adm2cd":"NGA020033"}},{"type":"Feature","id":358,"geometry":{"type":"Polygon","coordinates":[[[8.63670444500002,11.723569870000006],[8.631885528999987,11.728079795999975],[8.626023293000003,11.729049683000028],[8.621326447000001,11.730070114],[8.616587638999988,11.73223972300002],[8.610685348999993,11.734379767999997],[8.604701996000017,11.738849640000012],[8.598718642999984,11.743309974999988],[8.596267699999999,11.746729850999998],[8.591448784000022,11.751239777000023],[8.58301353500002,11.75911998700002],[8.579277038999976,11.765990256999999],[8.57562255900001,11.770529747000012],[8.568514823999976,11.773799896000014],[8.561448096999982,11.77589988699998],[8.555627823000009,11.77571010600002],[8.548683166999979,11.774319649000006],[8.540615081999988,11.771719932999986],[8.53258800499998,11.76795959499998],[8.526848793,11.76543998699998],[8.52460193600001,11.763039589000016],[8.518984794999994,11.75702953299998],[8.514572143999999,11.749890327000003],[8.511242867000021,11.74512004899998],[8.506789206999997,11.73915004700001],[8.50699234000001,11.73332977299998],[8.503867148999973,11.722740172999977],[8.498249053999984,11.716730117999987],[8.490303992999998,11.710639953999987],[8.486892699999999,11.708200454999997],[8.483440399000017,11.70691966999999],[8.474208831999988,11.704290389999983],[8.472267150999983,11.703570366000008],[8.467305183000008,11.701729774],[8.462730408000027,11.699250221],[8.459278106999989,11.697970390000023],[8.453619957,11.69312000299999],[8.450249671999984,11.689519882000013],[8.446879387000024,11.685910224999986],[8.443549156000017,11.681139945999973],[8.443834304999996,11.672989845000018],[8.447489738000002,11.668450355999994],[8.45122623399999,11.661580086000015],[8.453840255999978,11.653510094000012],[8.457535743999983,11.64780044600002],[8.460026740999979,11.643219948000024],[8.460189818999993,11.63856029499999],[8.459310532000018,11.630370140000025],[8.461761475000003,11.626959800999998],[8.464292526000008,11.621210098000006],[8.467947960000004,11.61666965500001],[8.46935653700001,11.609720229999994],[8.470806121999999,11.60161018399998],[8.474583626000026,11.593580245999988],[8.473582267999973,11.588879584999972],[8.473744392000015,11.584219932999986],[8.472743034000018,11.579529761999993],[8.471701622000012,11.576000213999976],[8.472114562999991,11.572950363000018],[8.480094909999991,11.569279671000004],[8.487120628000014,11.568340302000024],[8.491736412000023,11.56966018700001],[8.498640060000014,11.572219849000021],[8.503255844000023,11.573530197000025],[8.513611793999985,11.577369690000012],[8.520433426000011,11.582249640999976],[8.530626297000026,11.590740203999985],[8.549009323000007,11.598340033999989],[8.560691833000021,11.597550392000016],[8.560894965999978,11.591730117999987],[8.560015678000013,11.583539963000021],[8.563793181999984,11.575510025000028],[8.574515342999973,11.568860054000027],[8.580213547000028,11.572549820000006],[8.589323997000008,11.578669547999993],[8.592409133999979,11.590430260000005],[8.595657349000021,11.597530365000011],[8.60360336299999,11.603610038999989],[8.609342575000028,11.606129646],[8.622026442999982,11.610039711000013],[8.629052161999994,11.609109879000016],[8.634913444999995,11.60813045499998],[8.64551353500002,11.604980468999997],[8.654732704000025,11.60424995400001],[8.662975311000025,11.605549811999992],[8.680275917000017,11.610779761999993],[8.699861526000007,11.617239951999977],[8.708011627000019,11.617509842000004],[8.714956283999982,11.618900299000018],[8.727681159999975,11.621649741999988],[8.747308730999976,11.626950264000016],[8.756704329999991,11.624930382000002],[8.766016960000002,11.625229836000017],[8.762239455999975,11.633270263999975],[8.759545326000023,11.643670082000028],[8.763875960999997,11.653129578000005],[8.764796257,11.660160065000014],[8.765756607000014,11.666009902999974],[8.765431404000026,11.675330162000023],[8.765105247000008,11.684639930999992],[8.766025543000012,11.69165992699999],[8.764698982000027,11.696279526000012],[8.763371468000003,11.700900078000018],[8.763208388999999,11.705559730999994],[8.761922835999997,11.709010123999974],[8.757266044999994,11.708860397000024],[8.75714302099999,11.71234989200002],[8.761555671999986,11.71949005099998],[8.762598038000021,11.723019599999986],[8.762475967,11.726510048000023],[8.761930466000024,11.734620093999979],[8.758535385000016,11.739210129000014],[8.75483989700001,11.744910240000024],[8.748815535999995,11.750539779999997],[8.744077682000011,11.752719878999983],[8.736969948000024,11.755990027999985],[8.73456001300002,11.758239746000015],[8.727575301999991,11.758009910999988],[8.721754073999989,11.757820128999981],[8.717219353000019,11.754179954999984],[8.715094566000005,11.748279572000001],[8.712929726000027,11.743550301000028],[8.709721564999995,11.735280036999995],[8.70526885999999,11.729310036000015],[8.704307556000003,11.723449706999986],[8.704511642,11.717630385999996],[8.701181411999983,11.712860106999983],[8.694481849999988,11.704480171],[8.693724631999999,11.692799567999998],[8.694090843000026,11.682319640999992],[8.687553406000006,11.669289589000016],[8.684305191000021,11.662190436999992],[8.679648398999973,11.662039757000002],[8.669049262999977,11.665189742999985],[8.662983893999979,11.671990395000023],[8.65928745299999,11.677689552000004],[8.657838820999984,11.685799599000006],[8.656389235999995,11.69390964500002],[8.65269374799999,11.699620246999984],[8.65008068100002,11.707699776000027],[8.649917603000006,11.71234989200002],[8.645016670000018,11.719180107],[8.63670444500002,11.723569870000006]]]},"properties":{"fid":358,"cty_nm":"Nigeria","iso3cd":"NGA","adm1nm":"Kano","adm2nm":"Bunkure","adm1cd":"NGA020","adm2cd":"NGA020006"}},{"type":"Feature","id":359,"geometry":{"type":"Polygon","coordinates":[[[8.532641410999986,11.989859581000019],[8.531595229999994,11.996370316000025],[8.530308723000019,11.999819756000022],[8.525489806999985,12.004329681000002],[8.523038864,12.007740021000018],[8.520547867000005,12.012330055000007],[8.51805687000001,12.016909598999973],[8.513237000000004,12.021409988000016],[8.508336067000016,12.028240203999985],[8.501269341000011,12.030340195000008],[8.496450423999988,12.034850120999977],[8.490751266000018,12.03116989099999],[8.485175132999984,12.023989676999975],[8.482968330000006,12.020420074000015],[8.478474617000018,12.015609740999992],[8.476227759999972,12.013210297],[8.469324111999981,12.010649681000018],[8.467647552000017,12.007940292],[8.470610619000013,12.007200241000021],[8.475267410000015,12.007349968000028],[8.481209755000009,12.004050254999981],[8.485948563000022,12.001870155000006],[8.489562987999989,11.998490333999996],[8.49313640600002,11.996279716000004],[8.497997284000007,11.99061012300001],[8.507432938000022,11.987420082000028],[8.517910003999987,11.987759589999996],[8.528306007000026,11.990429877999986],[8.532641410999986,11.989859581000019]]]},"properties":{"fid":359,"cty_nm":"Nigeria","iso3cd":"NGA","adm1nm":"Kano","adm2nm":"Dala","adm1cd":"NGA020","adm2cd":"NGA020007"}},{"type":"Feature","id":371,"geometry":{"type":"Polygon","coordinates":[[[8.062387466000018,11.937319756000022],[8.059161185999983,11.941320419000022],[8.056670188999988,11.945899962999988],[8.04835796399999,11.950300217000006],[8.042536735999988,11.950110435],[8.037839889999987,11.951120376999995],[8.030854224999985,11.950889587000006],[8.021379470999989,11.955240249999974],[8.013147354000012,11.957300185999998],[8.004917144999979,11.959369659000004],[7.9919080729999905,11.964770316999989],[7.97793817500002,11.964309691999972],[7.968543053000019,11.966340064999997],[7.960474968000028,11.963749886000016],[7.9476690289999965,11.963330268999982],[7.940886974000023,11.957280158999993],[7.934105873000021,11.951230049000003],[7.927243233000013,11.947509765999996],[7.922667980000028,11.945030212000006],[7.914558886999998,11.943599700999982],[7.910984993,11.945810317999985],[7.9062070850000055,11.949150084999985],[7.903716087000021,11.953729629999998],[7.902389050000011,11.958350182000004],[7.899938107000025,11.961770058000013],[7.891666889000021,11.965000153000005],[7.884519099999977,11.969420432999982],[7.877329825999993,11.975020409000024],[7.870182990999979,11.979450225999983],[7.864077091000013,11.987409592000006],[7.855682849999994,11.994119644000023],[7.848536014999979,11.998550415000011],[7.837253571000019,12.004363060000003],[7.837234496999997,11.998896598999977],[7.837193012,11.987156868],[7.833213806000003,11.970080375999999],[7.833694934999983,11.965359687999978],[7.834989070999995,11.952659606999987],[7.836479187000009,11.943380355999977],[7.837003230999983,11.936659813000006],[7.839372158000003,11.927459716999977],[7.839490414000011,11.923974036999994],[7.840676785000028,11.921998024000004],[7.841142177999984,11.918060303000004],[7.842397213000027,11.907440185999974],[7.84533596,11.900525092999999],[7.8464031220000265,11.898014068999998],[7.848746776999974,11.892499923999992],[7.856221199000004,11.878760338000006],[7.859957217999977,11.871890068000027],[7.863896846999978,11.85918998699998],[7.87024784099998,11.844249724999997],[7.872982979000028,11.832679749000022],[7.874554156999977,11.821080208000012],[7.873878002000026,11.807069778000027],[7.874164103999988,11.798919678000004],[7.885927200000026,11.795809745999975],[7.891870021999978,11.792510032999985],[7.897934914000018,11.785710334999976],[7.905002116999981,11.78361034400001],[7.90961790099999,11.784930228999997],[7.915479183000002,11.783949851999978],[7.921258926000007,11.785309792000021],[7.924589157000014,11.790080069999988],[7.9290018080000095,11.797220229999994],[7.93212795300002,11.807809829999997],[7.934253216000002,11.813710212999979],[7.942117214000007,11.822119713000006],[7.946650981999994,11.825759887999993],[7.953555107,11.828319550000003],[7.961664199999973,11.829750061000027],[7.970976829999984,11.830060005000007],[7.979166985000006,11.829159736999998],[7.9873161319999895,11.829420089999985],[7.995384215999991,11.832019806000005],[8.00236892700002,11.832240104999983],[8.009313582999994,11.833640098999979],[8.014849663000007,11.84197998000002],[8.019506454000009,11.842129707000026],[8.028656006000006,11.847089767],[8.033231735000015,11.849570273999973],[8.035357475000012,11.855469703999972],[8.038685799000007,11.860239982999985],[8.043302535999999,11.86155033099999],[8.047918320000008,11.862870215999976],[8.05257511100001,11.863019942999983],[8.060765265999976,11.862119674999974],[8.066626548999977,11.861149787999977],[8.072446823000007,11.861339568999995],[8.075940132000028,11.861450194999975],[8.081679344000008,11.863969802999975],[8.083926200999997,11.866370200999995],[8.086132050000003,11.869939804000012],[8.089380263999999,11.877039909000018],[8.093119621000028,11.883460044999993],[8.096039771999983,11.886580466999987],[8.101779937999993,11.889100074999988],[8.106354712999973,11.891579627999988],[8.115546226999982,11.895380020000005],[8.122367859000008,11.900259972000015],[8.126822472000015,11.906240463000017],[8.12774181399999,11.913260460000004],[8.124004363999973,11.92012977600001],[8.117980003000014,11.925760269000023],[8.11207771300002,11.927900313999999],[8.107420921000028,11.927749634000008],[8.100477219000027,11.926360129999978],[8.092328071999987,11.926090240000008],[8.081727982000018,11.92924022699998],[8.075784682999995,11.932539940000026],[8.072170258000028,11.935919762000026],[8.068636894000008,11.936969756999986],[8.062387466000018,11.937319756000022]]]},"properties":{"fid":371,"cty_nm":"Nigeria","iso3cd":"NGA","adm1nm":"Kano","adm2nm":"Gwarzo","adm1cd":"NGA020","adm2cd":"NGA020019"}},{"type":"Feature","id":353,"geometry":{"type":"Polygon","coordinates":[[[9.251157761000002,12.001310348999993],[9.240040779000026,12.000599861000012],[9.236528396999972,12.000559807000002],[9.233003616000019,12.001669884000023],[9.229492187000005,12.001620292999974],[9.225967406999985,12.002730369999995],[9.223588942999982,12.006159781999997],[9.221211433000008,12.009579658999996],[9.220015525999997,12.01187038400002],[9.219991683999979,12.014169692999985],[9.218784331999984,12.017609596],[9.217589378000014,12.019900322000012],[9.217565535999995,12.022199630999978],[9.216370583000014,12.024490356000001],[9.216345787000023,12.026789665000024],[9.217468262000011,12.031410216999973],[9.21744346600002,12.033720016000018],[9.217419624000001,12.036020279000013],[9.217383385000005,12.03946971900001],[9.217358589000014,12.041769981000016],[9.218481064000002,12.046389579999982],[9.219579696999972,12.053319930999976],[9.22072601299999,12.055629730000021],[9.222994803999995,12.062569617999998],[9.222933769000008,12.068329811000012],[9.222897530000012,12.071780204999982],[9.222861290000026,12.075229644999979],[9.221666335999998,12.077520370000002],[9.221641540999997,12.079819679000025],[9.222395897000013,12.084775924999974],[9.220374106999998,12.089019774999997],[9.220349311999996,12.091320037999992],[9.219154358000026,12.093609809999975],[9.21913146999998,12.095910071999981],[9.219081878999987,12.100520134000021],[9.217886925000016,12.102809906000005],[9.217862129000025,12.10511016800001],[9.216667174999998,12.107399939999993],[9.215459823999993,12.110839843999997],[9.214241028000004,12.115429877999986],[9.213033676000009,12.118869781],[9.206008911000026,12.118780135999998],[9.202484131000006,12.11989021300002],[9.196629524000002,12.119819640999992],[9.191971779000028,12.117460251000011],[9.18962955500001,12.117429732999994],[9.186129569999991,12.11623954800001],[9.183799743999998,12.115059852999991],[9.172164916999975,12.108010292000017],[9.169846534999976,12.105680466000024],[9.167517662000023,12.104499816999976],[9.165187835999973,12.103320122000014],[9.16405391699999,12.099849700999982],[9.162907599999983,12.097539901999994],[9.160601616000008,12.094050406999997],[9.159455299000001,12.091739655000026],[9.158308982999984,12.089420318999998],[9.153710364999995,12.081299781999974],[9.152564048999977,12.078989982999985],[9.152587890999996,12.07668971999999],[9.151441573999989,12.07437038400002],[9.150295258000028,12.072050095000009],[9.150320052999973,12.069749832000014],[9.148026465999976,12.065119743000025],[9.148050307999995,12.06280994399998],[9.148088454999993,12.05935955000001],[9.146965027000022,12.054739951999977],[9.146988868999983,12.052439690000028],[9.147013663999985,12.050140381000006],[9.145878792000019,12.046669959999974],[9.14590358700002,12.044360160999986],[9.147109984999986,12.040929794000022],[9.145963669000025,12.038610457999994],[9.145988464000027,12.036310195999988],[9.146012305999989,12.034000397],[9.145992278999984,12.030041695000023],[9.143779755000025,12.023610114999997],[9.142633438000018,12.021300316000008],[9.139157295000018,12.01780033099999],[9.13565731,12.016610146000005],[9.125131607000014,12.015330315000028],[9.120449065999992,12.015270233000024],[9.118094444000008,12.016400336999993],[9.11575317400002,12.016369820000023],[9.11340045899999,12.01749038700001],[9.111058234999973,12.017459868999993],[9.108716011000013,12.017430305000005],[9.106362343,12.01856041000002],[9.104008674999989,12.019680022999978],[9.101655005999987,12.020799636999982],[9.09694767000002,12.023050307999995],[9.09339904799998,12.026459693999982],[9.091032982000002,12.028730392],[9.088666916000022,12.031009674000018],[9.087471961999995,12.033300399999973],[9.085094452000021,12.036720275999983],[9.083898544000022,12.039010048000023],[9.082703589999994,12.041299820000006],[9.082679749000022,12.043600082000012],[9.080301285000019,12.047030448999976],[9.080277443,12.049329757999999],[9.080252647000009,12.051630020000005],[9.079021453999985,12.057370186000014],[9.074277877999975,12.063070297000024],[9.074253081999984,12.065380096000013],[9.074216842999988,12.06882953600001],[9.073021889000017,12.071120262000022],[9.071814537000023,12.07456016499998],[9.070607184999972,12.078000068999984],[9.068229674999998,12.081419944999993],[9.065876006999986,12.08255004900002],[9.058811187999993,12.08467006699999],[9.05507183100002,12.083028792999983],[9.053071021999983,12.08215045899999],[9.050655365000011,12.082360268000002],[9.048325539000018,12.081179619000011],[9.046256065000023,12.080413818000011],[9.043839455000011,12.079520226],[9.033484459000022,12.075679778999984],[9.017798423999977,12.071680069000024],[9.016265868999994,12.068129538999983],[9.009362221000004,12.06556987800002],[9.006031989999997,12.060799599000006],[8.999128342000006,12.058250427000019],[8.993389130000025,12.055729865999979],[8.987689971999998,12.052049636999982],[8.98307418799999,12.050729751999995],[8.978458405000026,12.049409866000019],[8.973842621000017,12.048100470999998],[8.969266891000018,12.045619965000014],[8.960035323999989,12.042980193999995],[8.955500603000019,12.039340019000008],[8.950965881000002,12.035699844000021],[8.942857742000001,12.034270287000027],[8.93711853000002,12.031749724999997],[8.932542801000011,12.029270171999997],[8.92563915300002,12.026709557000004],[8.919981002999975,12.02186012300001],[8.915487288999998,12.01706028000001],[8.913281440999981,12.01348972300002],[8.909992218000014,12.00755024],[8.907867431999989,12.001649857000018],[8.903373718000012,11.996850014000017],[8.898838996999984,11.993200301999991],[8.890933990000008,11.985950469999977],[8.882987975999981,11.979860305999978],[8.875001907000012,11.974940300000014],[8.87034511600001,11.974789618999978],[8.86627864799999,11.969340323999972],[8.863766670000018,11.962920188999988],[8.860640525999997,11.952329636000002],[8.858556747000023,11.945269585000005],[8.863661766000007,11.932609558000024],[8.868480681999984,11.92811012300001],[8.867601395000008,11.919919967999988],[8.869091034000007,11.910650252999972],[8.869335175000003,11.90365982100002],[8.871786117999989,11.90023994400002],[8.877525330000026,11.90275955200002],[8.882101058999979,11.905240058999993],[8.885389327999974,11.911179543000003],[8.89100742300002,11.917189597999993],[8.893172263999986,11.921919822999996],[8.901281357000016,11.92335033400002],[8.907264709000003,11.918889998999987],[8.911042212999973,11.910849571000028],[8.911286354000026,11.903860092000002],[8.915023803999986,11.896989822000023],[8.925663948000022,11.892680168000027],[8.931484221999995,11.892869948999987],[8.941962241999988,11.893210410999984],[8.946037292000028,11.893340110999986],[8.946537018000015,11.895689963999985],[8.951071738999985,11.899339676000011],[8.955688477000024,11.900650024000015],[8.963836669999978,11.900919913999985],[8.968493462000026,11.901069640999992],[8.97435569800001,11.900090218000003],[8.979174613999987,11.895589828000027],[8.982911109999975,11.88871955899998],[8.987812996000002,11.881890296999984],[8.992591858000026,11.878549576000012],[9.001903534000007,11.87884998300001],[9.012383461000013,11.879190445000006],[9.021655082999985,11.880660057],[9.027516364999997,11.879690170000003],[9.033418654999991,11.877550125000027],[9.045142173999977,11.875599861000012],[9.054495810999981,11.874739647000013],[9.062726973999986,11.87267971],[9.073326110999972,11.869529724000017],[9.079269409000005,11.866220473999988],[9.086295128000017,11.865289688000018],[9.09327983899999,11.865509986999996],[9.102593421999984,11.865819930999976],[9.109416007999982,11.870699882999986],[9.114911079000024,11.880209922999995],[9.119445800999983,11.883850097999982],[9.126349448999974,11.886409759999992],[9.136786460999986,11.887909889000014],[9.147263527000007,11.888259887999993],[9.153124809000019,11.887280464000014],[9.165971755999976,11.886529922000022],[9.175244330999988,11.887999535000006],[9.18227005,11.88706970200002],[9.190378189,11.888500213999976],[9.197322844999974,11.889889717000017],[9.203144072999976,11.890080452000007],[9.210087776000023,11.891469954999991],[9.217112541000006,11.890540122999994],[9.221770287000027,11.890689850000001],[9.227592468000012,11.890879631000018],[9.234156609000024,11.89229011499998],[9.236461639000026,11.895779609999977],[9.237607955999977,11.898090362999994],[9.238755226000023,11.900409697999976],[9.238718987000027,11.903860092000002],[9.238681793000012,11.907320023000011],[9.237426758000026,11.915360451000026],[9.236231803999999,11.91765022300001],[9.234999657000003,11.923390387999973],[9.233804702999976,11.925680161000002],[9.231426238999973,11.929109573000005],[9.230232238999974,11.931400299000018],[9.229036330999975,11.933679580999978],[9.225475311000025,11.93824958800002],[9.224268913000003,11.941690445000006],[9.221878052000022,11.94626045199999],[9.22184181199998,11.949720382999999],[9.22064685800001,11.951999664000027],[9.219390868999994,11.960049629000025],[9.220513343999983,11.964670180999974],[9.221647263000023,11.968139647999976],[9.223965645000021,11.970470427999999],[9.227440833999992,11.973959922999995],[9.229758263000008,11.976289748999989],[9.232088089000001,11.97747039799998],[9.235576630000025,11.979820250999978],[9.23906421700002,11.982159615],[9.241394043000014,11.983340263000002],[9.243722916000024,11.984519958000021],[9.247211456000002,11.986869812000009],[9.249541282999985,11.988050461],[9.251858711000011,11.990380286999994],[9.254176140000027,11.992710113999976],[9.254138947000001,11.996159553999973],[9.251157761000002,12.001310348999993]]]},"properties":{"fid":353,"cty_nm":"Nigeria","iso3cd":"NGA","adm1nm":"Kano","adm2nm":"Ajingi","adm1cd":"NGA020","adm2cd":"NGA020001"}},{"type":"Feature","id":354,"geometry":{"type":"Polygon","coordinates":[[[9.362553595999998,11.564279555999974],[9.365196228000002,11.56917953499999],[9.362830162000023,11.57145976999999],[9.359975814999984,11.575396538000007],[9.354598044999989,11.574810028000002],[9.352244376999977,11.575929642000006],[9.346378325999979,11.577010154999982],[9.34403705599999,11.576990127999977],[9.340512276000027,11.578089713999987],[9.338158607000025,11.579219818000013],[9.335816383000008,11.579190254000025],[9.331145287000027,11.577980041999979],[9.328804015999992,11.577949524000019],[9.325279235999972,11.579059600999983],[9.321754456000008,11.580169678000004],[9.315876006999986,11.582400322000012],[9.310022354000012,11.582329749999985],[9.307681084000023,11.582300185999998],[9.30533981299999,11.582269669000027],[9.29944896699999,11.585659980999992],[9.297106742999972,11.585630417000004],[9.294741631000022,11.587900161999983],[9.291216850000012,11.589010239000004],[9.288850783999976,11.591290474000004],[9.285326004000012,11.592399596999996],[9.284131049999985,11.594679831999997],[9.277070045000016,11.598050117000014],[9.27470397899998,11.600330353000004],[9.27233791399999,11.602600097999982],[9.271130561999996,11.606040000999997],[9.26876544999999,11.608320235999997],[9.26756954199999,11.610600470999998],[9.264020920000007,11.614009856999985],[9.262815475000025,11.61744976],[9.263960838000003,11.61977005],[9.263936043000001,11.622070312000005],[9.265070915000024,11.625539779999997],[9.265046120000022,11.627840042000003],[9.266193390000012,11.630160332000003],[9.267327308999995,11.633629799000005],[9.267278670999985,11.638230324000006],[9.269559860000015,11.644020081000008],[9.270706177000022,11.646329879999996],[9.27185154,11.648650169000007],[9.272987365999995,11.652119636999998],[9.27527999900002,11.656749724999997],[9.27642726900001,11.659070014999998],[9.276390075999984,11.662520409000024],[9.274037361000012,11.66364955900002],[9.271695136999995,11.663619994999976],[9.267024040000024,11.662409781999997],[9.263524055000005,11.661219597000013],[9.260023117000003,11.660019874999989],[9.257681847000015,11.659990311000001],[9.254181861999996,11.658800125000027],[9.251852036000002,11.657620430000009],[9.24952220900002,11.656439781000017],[9.243680954000013,11.655220031999988],[9.241338729999995,11.655190468],[9.237814903000015,11.656299590999993],[9.234290122999994,11.657409668000014],[9.23191165899999,11.660829544000023],[9.231887816999972,11.663140296999984],[9.230692863000002,11.665430069000024],[9.230656624000005,11.668880462999994],[9.229460716000006,11.671170234999977],[9.229436873999987,11.67346954300001],[9.228241920000016,11.675760269000023],[9.228217125000015,11.678059577999989],[9.228193282999996,11.680359839999994],[9.224644661000013,11.68377018000001],[9.223437309000019,11.687210083000025],[9.221071242999983,11.689490318000026],[9.219863891999978,11.692930221999973],[9.218656539999984,11.696370124999987],[9.217450142000018,11.699810028000002],[9.21975517300001,11.703289986000016],[9.222084044999974,11.704469680999978],[9.22442626999998,11.704500198000005],[9.226779937999993,11.703370093999979],[9.230304718000014,11.702269553999997],[9.233828544999994,11.701160431000005],[9.236158370999988,11.702340126000024],[9.236134529000026,11.704640387999973],[9.237280845999976,11.706959724],[9.238427161999994,11.709269523999978],[9.24074459100001,11.711600304000001],[9.241890907000027,11.713919639999972],[9.243038177000017,11.716239928999983],[9.245330810999974,11.720870018000028],[9.246453284999973,11.725489616000004],[9.23710823099998,11.718689918999985],[9.23032665300002,11.712639808999995],[9.223464012000022,11.708919524999999],[9.211903571999983,11.706219673000021],[9.206001281999988,11.708350182000004],[9.200506210000015,11.698849677999988],[9.194807052999977,11.69517040300002],[9.184370041000022,11.693659781999997],[9.17272853899999,11.69328022000002],[9.158799170999998,11.69165992699999],[9.154101372000014,11.692669867999996],[9.144869803999995,11.690039635000005],[9.134351729999992,11.690859794999994],[9.123833655999988,11.691690445000006],[9.10982227300002,11.692399979000015],[9.099304199000017,11.693220139000005],[9.091155051999976,11.692950248999978],[9.085333823999974,11.692760468000017],[9.075940132000028,11.694789886000024],[9.067749977000005,11.695679665],[9.062050818999978,11.692000388999986],[9.050572395000017,11.686960220000003],[9.041421889999981,11.682000159999973],[9.033312797999997,11.680569649000006],[9.022794723999993,11.681400299000018],[9.013359069999979,11.684579848999988],[9.002840995999975,11.685409546000017],[8.991321563999975,11.68152999900002],[8.985582351999994,11.679019928000002],[8.977555274999986,11.675259589999996],[8.97212123899999,11.672309874999996],[8.973101616000008,11.669280051999976],[8.972303391000025,11.658769608],[8.970178604000012,11.652870178],[8.966768264999985,11.650429726000027],[8.95516681700002,11.648889542000006],[8.948263167999983,11.646329879999996],[8.946138382000015,11.640430449999997],[8.94284915899999,11.634499549999987],[8.943012237999994,11.62983989700001],[8.946911811999996,11.618309974999988],[8.947033882000028,11.614819527000009],[8.951934814000026,11.607990265000012],[8.953956603999984,11.605719566000005],[8.958000183000024,11.601189612999974],[8.967597961000024,11.593350410000028],[8.977196692999996,11.585499762999973],[8.987917900000014,11.578860282999983],[9.001049995000017,11.569959641000025],[9.010688781999988,11.560950278999996],[9.017958641000007,11.553030014],[9.02759742699999,11.544019698999989],[9.032498359999977,11.537190436999992],[9.038270950000026,11.530019760000016],[9.040252685999974,11.529246329999978],[9.04567146300002,11.52713012700002],[9.051654815999996,11.522660255000005],[9.056311606999998,11.522820473000024],[9.060642241999972,11.532279968000012],[9.063809395000021,11.5417099],[9.067016602000024,11.549969673000021],[9.071266174000016,11.561770438999986],[9.073228835999998,11.57231998399999],[9.07410812400002,11.580510139000012],[9.080766677999975,11.590049743999998],[9.082892417999972,11.59595012699998],[9.085016251000013,11.601840019000008],[9.086058616999992,11.605369568000015],[9.091675758000008,11.611379623000005],[9.098417282000014,11.61859989200002],[9.106484412999976,11.621190071000001],[9.112183571000003,11.624870299999998],[9.119006157000001,11.62975978899999],[9.125786780999988,11.63580989799999],[9.131444930999976,11.640649795999991],[9.134856223999975,11.643099785000004],[9.145171165000022,11.648090362999994],[9.149786948999974,11.649410247999981],[9.159181595000007,11.647390366000025],[9.165043830999991,11.646409988000016],[9.171027184000025,11.64194011699999],[9.17231369000001,11.63848972300002],[9.163244247000023,11.631199836999997],[9.163488388000019,11.62421989400002],[9.166020392999997,11.618470192000018],[9.174373627000023,11.612919807000026],[9.183605193999995,11.615550041000006],[9.191835403000027,11.613490104999983],[9.202393531999974,11.611499786000024],[9.209420204000025,11.610560416999988],[9.216527939000002,11.607299805000025],[9.221509932999993,11.598139763000006],[9.218261718999997,11.591039658],[9.216217995000022,11.582810402000007],[9.215338707,11.574629784000024],[9.216747284000007,11.567680359000008],[9.222853660999988,11.559720039000013],[9.227672577000021,11.555210113999976],[9.241683959999989,11.554510117000007],[9.24517631499998,11.554619789000014],[9.24862766299998,11.555899619999991],[9.260188103000019,11.558609961999991],[9.26829624200002,11.560040474000004],[9.278652190999992,11.563870430000009],[9.28784370400001,11.567669867999996],[9.297400475000018,11.560990333999996],[9.302139281999985,11.55881023400002],[9.306958199000007,11.554309844999977],[9.315189362000012,11.552240372000028],[9.32205200200002,11.555959701999996],[9.332530022000014,11.556309699999986],[9.337267875999999,11.554129601],[9.351237297000011,11.554590225000027],[9.356936454999982,11.558270454000024],[9.362553595999998,11.564279555999974]]]},"properties":{"fid":354,"cty_nm":"Nigeria","iso3cd":"NGA","adm1nm":"Kano","adm2nm":"Albasu","adm1cd":"NGA020","adm2cd":"NGA020002"}},{"type":"Feature","id":355,"geometry":{"type":"Polygon","coordinates":[[[8.193799973000012,12.18231010400001],[8.189189911000028,12.189160346999984],[8.177304268,12.19575977300002],[8.167909622000025,12.197790145999988],[8.157391548000021,12.198610305999978],[8.151448249999987,12.201910019000024],[8.145545959000003,12.204050064],[8.136273383999992,12.202580452000007],[8.127081870999973,12.198789596999973],[8.123670577999974,12.196339607000027],[8.120219231000021,12.195070267000006],[8.116848946000005,12.191459656000006],[8.111190796000017,12.186610222000013],[8.10902500200001,12.18187999700001],[8.105613708000021,12.17943954499998],[8.102243423000004,12.17582988700002],[8.097749710000016,12.171019553999997],[8.089600562999976,12.170760154999982],[8.081370354,12.172820091000006],[8.075386046999995,12.177289963000021],[8.066113471999984,12.175820351000027],[8.059250831999975,12.172100066999974],[8.055920601000025,12.167329788000018],[8.052713394000023,12.159059524999975],[8.047136307000017,12.151889800999982],[8.042439461000015,12.152899741999988],[8.034209250999993,12.154959679000001],[8.028102875000002,12.162919998000007],[8.017502784999976,12.16606998399999],[8.017706870999973,12.160249710000016],[8.017828941000005,12.15676021600001],[8.01570415499998,12.150859833000027],[8.014783858999976,12.143839835999984],[8.013824462999992,12.137980460999984],[8.012822151000023,12.13329029099998],[8.012105942000005,12.12043952900001],[8.01222801199998,12.116950035000002],[8.013636588999987,12.109999657000003],[8.01263523099999,12.105310439999982],[8.013961791999975,12.100689887999977],[8.015370368999982,12.093740463000017],[8.017983436999998,12.085670471000014],[8.020556450000015,12.078760147000025],[8.023006439000028,12.075340271000016],[8.026702881000006,12.069640160000006],[8.031481742999972,12.066300392000016],[8.035055161000002,12.064080237999974],[8.040916443000015,12.063110352000024],[8.046778678999999,12.062129974000015],[8.053763389999972,12.062359809999975],[8.05725574500002,12.062470436000012],[8.063117981000005,12.061499595999976],[8.079416275000028,12.06202983899999],[8.089893340999993,12.062370299999998],[8.102862357999982,12.058139800999982],[8.114707947,12.052689552000004],[8.121977806000018,12.04477024099998],[8.123386383000025,12.037830353000004],[8.122629166000024,12.026149750000002],[8.121789932000013,12.016799927000022],[8.123199462999992,12.009849547999977],[8.126894950999997,12.004139899999984],[8.131836890999978,11.996139525999979],[8.136655807000011,11.991640091000022],[8.141434668999977,11.988300322999976],[8.148501395999972,11.986200333],[8.156894684000008,11.979479790000028],[8.159625053000013,11.977569580000022],[8.164921761000016,11.983240127999977],[8.169455528000015,11.986880301999975],[8.175236702000007,11.988240242000018],[8.179933548000008,11.98721981],[8.186797141999989,11.990940093999995],[8.193781853000019,11.991169930000012],[8.20184993700002,11.993769645999976],[8.21336937000001,11.99763965599999],[8.21910858199999,12.000160216999973],[8.224807739000028,12.003840446000027],[8.230546951000008,12.006360054000027],[8.238492011999995,12.012439728000004],[8.246438026000021,12.018529892000004],[8.24936294600002,12.025779724000017],[8.250728606999985,12.029159546000017],[8.250402451000014,12.038470268000026],[8.250158310000018,12.045459746999995],[8.251037597999982,12.053649902000018],[8.24938487999998,12.067580222999993],[8.246608734000006,12.080309867999972],[8.245200157,12.087260246000028],[8.246202469000025,12.091950417000021],[8.243588448000025,12.100020409000024],[8.241016387999991,12.106929778999984],[8.239729881000017,12.110389709000003],[8.236033440000028,12.116089821000003],[8.232337952000023,12.121800423000025],[8.22872352600001,12.125180243999978],[8.223944663999987,12.128520012000024],[8.21800136600001,12.131819725000014],[8.210812568999984,12.137419700999999],[8.205871581999986,12.145409583999992],[8.203259467999999,12.153490067000007],[8.204258918999983,12.15818023700001],[8.202810286999977,12.166290283000023],[8.199073791999979,12.173159598999973],[8.195336342000019,12.180029869000009],[8.193799973000012,12.18231010400001]]]},"properties":{"fid":355,"cty_nm":"Nigeria","iso3cd":"NGA","adm1nm":"Kano","adm2nm":"Bagwai","adm1cd":"NGA020","adm2cd":"NGA020003"}},{"type":"Feature","id":356,"geometry":{"type":"Polygon","coordinates":[[[8.318925858,11.712039947999983],[8.317558288999976,11.717820168000003],[8.31394386300002,11.721199989000013],[8.306918144000008,11.722140312000022],[8.301056861999996,11.723110199000018],[8.29623699199999,11.727620124999987],[8.292622565999977,11.730990410000004],[8.290456772000027,11.726260185000001],[8.283716201999994,11.719050406999997],[8.280385970999987,11.714280127999984],[8.277137756000002,11.707180022999978],[8.276096343999995,11.703650475000018],[8.272726058999979,11.700039864000018],[8.264902114999984,11.690460205000022],[8.25940704300001,11.680959701999996],[8.255197525000028,11.668000221],[8.253113746999986,11.660940170000003],[8.247659682999995,11.65027046199998],[8.24328708600001,11.641969680999978],[8.238915442999996,11.633669853000015],[8.233379363999973,11.625329970999985],[8.228967667000006,11.618189812000026],[8.224596023999993,11.609889984000006],[8.223797798000021,11.599379538999983],[8.22524642899998,11.591270447],[8.22906494099999,11.582070351000027],[8.231760025000028,11.571669579000002],[8.232045174000007,11.563520432000018],[8.228755950999982,11.55757999399998],[8.226712227000007,11.549360275000026],[8.226956367000014,11.542369843000017],[8.229651450999995,11.531970023999975],[8.226606369000024,11.519049644000006],[8.222315788000003,11.508419990999982],[8.219189643999982,11.49783039099998],[8.21598243699998,11.489569663999987],[8.20844364200002,11.471839905000024],[8.206318855000006,11.465940475000025],[8.204397201999996,11.454219818000013],[8.202557564000017,11.440179824999973],[8.204088210999998,11.429739951999977],[8.20561885799998,11.419300078999981],[8.208313942000018,11.408900260999985],[8.212050438000006,11.402029991000006],[8.217073441000025,11.391699791000008],[8.224343299999987,11.383779526000012],[8.229285240000024,11.37578010599998],[8.233021736000012,11.368909836],[8.23792266800001,11.362079619999975],[8.245152473000019,11.355319977000022],[8.254668235999986,11.34980010999999],[8.265268326000012,11.346650124000007],[8.278196335000018,11.343580245999988],[8.288876533999996,11.338100433000022],[8.299599648000026,11.331459999000003],[8.305583000000013,11.326990127999977],[8.313813209999978,11.324930191000021],[8.316319465999982,11.323949814000002],[8.320716858000026,11.327480315999992],[8.328784943000016,11.330080032000012],[8.333319663999987,11.333720206999999],[8.336648941000021,11.338489531999983],[8.34114265400001,11.343299865999995],[8.350253104999979,11.349430084000005],[8.358280181999987,11.353179931999989],[8.364019394000024,11.355699539],[8.372884750000026,11.368809699999986],[8.383118629000023,11.376139641000009],[8.391104697999992,11.381059646999972],[8.400215149000019,11.387189864999982],[8.408160210000005,11.393269539000016],[8.414900779999982,11.400489806999985],[8.418062210000016,11.410079956000004],[8.417904854000028,11.414569855000025],[8.418744086999993,11.423919678000004],[8.414925574999984,11.433119773999977],[8.412231444999975,11.443519591999973],[8.411824226000022,11.455160141000022],[8.411620140000025,11.460989951999977],[8.41940307599998,11.471730232000027],[8.424898148000011,11.481229782000014],[8.425737380999976,11.490579604999994],[8.426616668999998,11.498769760000016],[8.42974185899999,11.509360313000002],[8.42825221999999,11.518639565],[8.426600456000017,11.532569884999987],[8.423946381000007,11.541810036000015],[8.422577858000011,11.547590255999978],[8.422252655000023,11.556900024000015],[8.422009467999999,11.563890457000014],[8.42059993700002,11.570839881999973],[8.415821074999997,11.574179648999973],[8.408714293999992,11.577440261999982],[8.401567458999978,11.581870078999998],[8.396746635,11.586370467999984],[8.390763283000013,11.59084034],[8.385943413000007,11.595350266000025],[8.381164550999983,11.598690033000025],[8.376385689000017,11.602029800000025],[8.369115829000009,11.60995006600001],[8.363213539000014,11.612090110999986],[8.358353614999999,11.617750167999986],[8.352329253999983,11.623390197999981],[8.349878310999998,11.626799582999979],[8.346182822999992,11.632510185000001],[8.342323303,11.642869948999987],[8.339751244000013,11.649780272999976],[8.334768295000003,11.658940314999995],[8.332155227999976,11.66701984399998],[8.329705237999974,11.670430183000008],[8.327051163000021,11.67967033399998],[8.325439453000001,11.692440033000025],[8.321661948999974,11.700469971000018],[8.318925858,11.712039947999983]]]},"properties":{"fid":356,"cty_nm":"Nigeria","iso3cd":"NGA","adm1nm":"Kano","adm2nm":"Bebeji","adm1cd":"NGA020","adm2cd":"NGA020004"}},{"type":"Feature","id":357,"geometry":{"type":"Polygon","coordinates":[[[8.443906783999978,12.345930098999986],[8.437973021999994,12.340629578000005],[8.432314872999996,12.335789680000005],[8.428944587999979,12.332180022999978],[8.419875144999992,12.324890137000011],[8.413013458000023,12.321169853000015],[8.407476425000027,12.312829970999985],[8.402982711999982,12.308019638000019],[8.394955634999974,12.304260253999985],[8.389216422999993,12.301750183000024],[8.383517265000023,12.298060416999988],[8.378900527999974,12.296750068999984],[8.364809035999997,12.299779892000004],[8.357865333999996,12.298390387999973],[8.35453510299999,12.293620110000006],[8.350082396999994,12.28765010799998],[8.345506667999985,12.285169601000007],[8.33498859399998,12.285989760999996],[8.33241558100002,12.292900084999985],[8.322980880999978,12.296090126000024],[8.31354522700002,12.299280167000006],[8.307723999000018,12.299090385],[8.300820351000027,12.296529770000006],[8.29013919800002,12.302009582999972],[8.281826973000022,12.306400299000018],[8.2747612,12.308500289999984],[8.266489982999985,12.311730384999976],[8.258177756999999,12.316120147999982],[8.251029968000012,12.320549964999998],[8.245168686,12.321519851999994],[8.240348815999994,12.32602977800002],[8.234406471,12.329330443999993],[8.228422164999984,12.333789824999997],[8.222438812000007,12.338259697000012],[8.214207649000002,12.340319632999979],[8.203648567000016,12.342309951999994],[8.19646072400002,12.347900390999996],[8.188147544999993,12.352290154000002],[8.18112278000001,12.353230476000022],[8.171768187999987,12.354089736999981],[8.163496970999972,12.357319831999973],[8.158677101000023,12.361820221000016],[8.151611328000001,12.363920211999982],[8.149201392999998,12.366169930000012],[8.145627021999985,12.368390083000008],[8.13852024099998,12.371649741999988],[8.132536888000004,12.376119614000004],[8.126593590000027,12.379420279999977],[8.121977806000018,12.378109931999973],[8.116156578000016,12.377920151000012],[8.10817146300002,12.372989655000026],[8.10243129700001,12.370479584000009],[8.09902000400001,12.368029594000006],[8.094485282999983,12.364390372999992],[8.090344429000027,12.361060142999975],[8.086539268000024,12.358300208999992],[8.084292412000025,12.355899810999972],[8.082126616999972,12.351160048999986],[8.082289695999975,12.346509932999993],[8.083576202000017,12.343050002999973],[8.087312698000005,12.336179732999994],[8.091009139999983,12.330479621999984],[8.093541145000017,12.324729918999992],[8.095161437999991,12.321290015999978],[8.097277641000005,12.317859650000003],[8.099890709000022,12.309789658],[8.102463721999982,12.302880286999994],[8.10632228899999,12.292510032999985],[8.107730865000008,12.285570145000008],[8.108056067999996,12.276249886000016],[8.109627724000006,12.264650345000007],[8.113242148999973,12.261269568999978],[8.11938858000002,12.252149582000015],[8.12083816500001,12.244039536000002],[8.121082306000005,12.237050055999987],[8.121285439000019,12.231229782000014],[8.121449471000005,12.226570128999981],[8.122775078000018,12.221960067999987],[8.125389099000017,12.213879584999972],[8.133822441000007,12.206000328000016],[8.136273383999992,12.202580452000007],[8.145545959000003,12.204050064],[8.151448249999987,12.201910019000024],[8.157391548000021,12.198610305999978],[8.167909622000025,12.197790145999988],[8.177304268,12.19575977300002],[8.189189911000028,12.189160346999984],[8.193799973000012,12.18231010400001],[8.199912071000028,12.182510375999982],[8.205773353999973,12.181539536000002],[8.210430144999975,12.181690215999993],[8.216332436000016,12.179550171000017],[8.223440170000003,12.176289558000008],[8.225849152000023,12.174039841000024],[8.229342460999987,12.174150467000004],[8.23524379700001,12.172010422000028],[8.244639397000014,12.169989585999986],[8.248253821999981,12.166609763999986],[8.253072739000004,12.162099838000017],[8.256810187999974,12.155229567999982],[8.262752533000025,12.151929854999992],[8.274557114000004,12.147649764999983],[8.280378342000006,12.147839546],[8.30004692099999,12.151980400000014],[8.31128120400001,12.163999557000011],[8.318022728000017,12.171219826000026],[8.323639870000022,12.177229881000017],[8.333954811000012,12.18222999599999],[8.342062950000013,12.183659553999973],[8.345637321000027,12.181440353000028],[8.352663039999982,12.180509567000001],[8.364222526999981,12.183210373000009],[8.372290610999983,12.185810088999972],[8.37915420500002,12.189530373000025],[8.38372898099999,12.192009926000026],[8.393840790000013,12.202830315000028],[8.399457932000018,12.208840370000019],[8.408486365999977,12.217289924999989],[8.412939071999972,12.223270415999991],[8.417310714999985,12.231570244000011],[8.415821074999997,12.240839957999981],[8.419232367999996,12.243289947999983],[8.422684668999977,12.244560241999977],[8.428463936000014,12.245920180999974],[8.431957244999978,12.246029854000028],[8.438778877000004,12.250920296000004],[8.443354607000003,12.253399849000004],[8.453953743,12.250249863000022],[8.457772255000009,12.241049766999993],[8.454524040000024,12.233949660999997],[8.455932616999974,12.227000237000027],[8.462998389999996,12.224900246000004],[8.46886062599998,12.223930359000008],[8.474558829999978,12.227609633999975],[8.479052544000012,12.232419967999988],[8.48230171199998,12.239520072999994],[8.484343529,12.247739792000004],[8.486469268999997,12.253640174999987],[8.488512992999972,12.261859893999997],[8.496295928999984,12.272609710999973],[8.498133659000018,12.273790358999975],[8.496091842999988,12.278429985000002],[8.494683265999981,12.28536987299998],[8.492029189999982,12.294610023000018],[8.489416122000023,12.30268001600001],[8.478612899999973,12.311659813000006],[8.469055175999983,12.318340302000024],[8.465237617000014,12.327540397999996],[8.459172249000005,12.334329604999994],[8.449533463000023,12.343339920000005],[8.443906783999978,12.345930098999986]]]},"properties":{"fid":357,"cty_nm":"Nigeria","iso3cd":"NGA","adm1nm":"Kano","adm2nm":"Bichi","adm1cd":"NGA020","adm2cd":"NGA020005"}},{"type":"Feature","id":360,"geometry":{"type":"Polygon","coordinates":[[[8.64822101599998,12.595221519000006],[8.637760162000006,12.591874123000025],[8.627826690999996,12.588952065],[8.619551659000024,12.588952065],[8.615693092000015,12.59119033799999],[8.60746192900001,12.593250275000003],[8.597985268000002,12.59759998300001],[8.584015846,12.597149849000004],[8.571250915999997,12.595560073999991],[8.558444022999993,12.595149993999996],[8.550526618999982,12.594169616999977],[8.552908897000009,12.586810112000023],[8.556686400999979,12.578769684000008],[8.558135032999985,12.570659637000006],[8.556010246000028,12.564760207999996],[8.54914760600002,12.561039924999989],[8.545573235000006,12.563260077999985],[8.542080879000025,12.563139915000022],[8.538588523999977,12.563030243000014],[8.532849311999996,12.560509681999974],[8.53064346299999,12.556940079000015],[8.531970023999975,12.552330016999974],[8.533256531000006,12.548870087000012],[8.536911964000012,12.544329643000026],[8.542976378999981,12.537529945000017],[8.547836303999986,12.531860352000024],[8.550287247000028,12.528450012000008],[8.552737235999984,12.525030135999998],[8.557598113999973,12.519359588999976],[8.560089111000025,12.514780045000009],[8.565071106000005,12.50562000299999],[8.566601752999986,12.495180129999994],[8.560943603999988,12.490329741999972],[8.556368828000018,12.487850189000028],[8.55291652699998,12.486579894999977],[8.546012877999999,12.484020233000024],[8.539069175999998,12.48262977600001],[8.529796599999997,12.481160164000016],[8.520646095000018,12.476200103999986],[8.512619018999999,12.47243976599998],[8.509491920000016,12.461850165999977],[8.508694649000006,12.451330185000018],[8.505405425999982,12.44540023799999],[8.504526138000017,12.437210083000025],[8.504729270999974,12.431389808999995],[8.506097794000027,12.425609588999976],[8.506341933999977,12.418620110000006],[8.505462646000012,12.410429954999984],[8.503378868000027,12.403369903999987],[8.502621651000027,12.391690254000025],[8.498290062000024,12.382229805000009],[8.492713928,12.375049590999993],[8.489424706000023,12.369119644000023],[8.48846340199998,12.363260269000023],[8.493365288000007,12.356430053999986],[8.49918556199998,12.356619835000004],[8.502555846999996,12.360219954999991],[8.50809192700001,12.36855983700002],[8.511381148999988,12.374500275000003],[8.516998290999993,12.380510329999993],[8.52269744900002,12.384189606000007],[8.528558730999976,12.38321971900001],[8.534420012999988,12.382240294999974],[8.540526390000025,12.374279976000025],[8.544302940000023,12.366250037999976],[8.546998024000004,12.35585021999998],[8.549530028999982,12.350099564000004],[8.553185462999977,12.345560073999991],[8.556840896999972,12.341019630000005],[8.56635761299998,12.335499762999973],[8.575874328999987,12.329979896999987],[8.583144188000006,12.322059631000002],[8.584674834999987,12.311619758999996],[8.586042404000011,12.305839538999976],[8.589941978000013,12.294309616000021],[8.593800545000022,12.283949851999978],[8.598620415000028,12.279439926000009],[8.601111412000023,12.274860381999986],[8.604807854,12.26914978000002],[8.606216431000007,12.262209891999987],[8.611198424999998,12.253049850000025],[8.61128044100002,12.250720023999975],[8.619347571999981,12.253310204000002],[8.628539085,12.257109641999989],[8.63427829699998,12.259630202999972],[8.638935088999972,12.25977992999998],[8.64579868300001,12.263500213999976],[8.651455879000025,12.268349648000026],[8.659605026000008,12.268610001000013],[8.664139748000025,12.272259711999993],[8.667469977999986,12.277029991000006],[8.669553757000017,12.284090042000003],[8.675089835999984,12.292429923999975],[8.67842006699999,12.297200202999989],[8.682953834999978,12.300840377999975],[8.692145347999997,12.30463981600002],[8.697925568000016,12.305990219000023],[8.708402633999981,12.30632972699999],[8.714386939999997,12.301870345999987],[8.718164444000024,12.293829917999972],[8.725515366000025,12.283579825999993],[8.731102942999996,12.271685600000012],[8.731230735999986,12.281149863999985],[8.732364655000026,12.284620285000017],[8.732328414999984,12.288069725000014],[8.733450889999972,12.29269027700002],[8.734585761999995,12.296159744000022],[8.73570728300001,12.300780296000028],[8.736842154999977,12.30424022699998],[8.737964630000022,12.308859825000013],[8.739110946999972,12.311180115000013],[8.740233421000028,12.31579971299999],[8.742550849999986,12.318129538999983],[8.74949073800002,12.326270103000013],[8.751808166999979,12.328599929999996],[8.758771895999985,12.334449768000013],[8.759906768999997,12.337909697999976],[8.770334244000026,12.348400115999993],[8.773786545000007,12.354200363000018],[8.777250289999984,12.358849524999982],[8.780714035000017,12.363499640999976],[8.786495209000009,12.370470047000026],[8.78880024,12.373959540999977],[8.791106223999975,12.37744045300002],[8.793422699000018,12.379770279000013],[8.798033713999985,12.386730193999995],[8.801509856999985,12.390230179000014],[8.806144714000027,12.39488983199999],[8.810803412999974,12.39725017500001],[8.81194972999998,12.39957046500001],[8.81521892500001,12.402947426000026],[8.816572188999999,12.405380249000018],[8.816487311999992,12.413439750999999],[8.815292358000022,12.415730476000022],[8.811756134000007,12.417989730999977],[8.805877685999974,12.420220374999985],[8.80235290500002,12.421330452000007],[8.797645568999997,12.423569679000025],[8.794120788999976,12.424679755999989],[8.791780472000028,12.424650192000001],[8.788254737999978,12.425760269000023],[8.785347939000019,12.426295279999977],[8.78238868699998,12.426839828000027],[8.772961617000021,12.432490348999977],[8.767954825999993,12.436479567999982],[8.76438045499998,12.438699722000024],[8.762322426000026,12.438633918999983],[8.759724617000018,12.438549995000017],[8.75583648700001,12.439705849000006],[8.752657890000023,12.440649985999983],[8.750595093000015,12.440582274999997],[8.747111319999988,12.44046688100002],[8.743626595000023,12.440352440000026],[8.739075661000015,12.441601752999986],[8.732911109999975,12.443294524999999],[8.72832489000001,12.44575977300002],[8.72362995100002,12.446860313000002],[8.721287727000004,12.446829795999975],[8.718934058999992,12.447950363000018],[8.715397834999976,12.450209617999974],[8.711873055000012,12.451319694999995],[8.70951938600001,12.452449799000021],[8.707165717999999,12.453570366000008],[8.702409744000022,12.46041965500001],[8.694128990000024,12.468379974000015],[8.690580367999985,12.471790313999975],[8.687043189999997,12.474049567999998],[8.684677124000018,12.476329802999999],[8.68348216999999,12.478610038999989],[8.681092261999993,12.483189583000012],[8.681056022999996,12.486639976999982],[8.681031227000005,12.488949776000027],[8.679812431000016,12.493539810000016],[8.678616524000006,12.495829581999999],[8.678592681999987,12.498129844999994],[8.678568840000025,12.500430107],[8.678544043999977,12.502730369999995],[8.678520203000005,12.505040168999983],[8.679654120999999,12.508500099000003],[8.680788994000011,12.511969566000005],[8.681935309999972,12.514289856000005],[8.681911469,12.51659011800001],[8.683057785000017,12.51891040800001],[8.684204102000024,12.521220206999999],[8.686521529999993,12.523550033999982],[8.687667847,12.525870322999992],[8.691156386999978,12.52822017699998],[8.694644928000002,12.530559540000013],[8.696962357000018,12.532890319999979],[8.699278831000015,12.535220145999972],[8.701608657999998,12.53639984099999],[8.705084800999998,12.53989982600001],[8.708560943999998,12.543399810999972],[8.712024688999975,12.548040389999983],[8.714317322,12.55268001600001],[8.716610908999996,12.55731010400001],[8.716586113000005,12.559610367000005],[8.717720985000028,12.563079834000007],[8.719116211000028,12.566590308999992],[8.716464996000013,12.571120262000022],[8.714098929999977,12.573399543999983],[8.70469665500002,12.576740265000012],[8.702342987000009,12.577859879000016],[8.700000762999991,12.577830315000028],[8.69764709499998,12.578960418999998],[8.695293427000024,12.580080032000012],[8.69058609000001,12.582329749999985],[8.687049865999995,12.584589957999981],[8.684707641999978,12.584560393999993],[8.682366371,12.584529877000023],[8.670621872000027,12.587840079999978],[8.667097092000006,12.588950157],[8.66358470900002,12.58891010299999],[8.661243438999975,12.588879584999972],[8.657731055999989,12.58883953100002],[8.648327827000003,12.592180251999991],[8.64822101599998,12.595221519000006]]]},"properties":{"fid":360,"cty_nm":"Nigeria","iso3cd":"NGA","adm1nm":"Kano","adm2nm":"Dambatta","adm1cd":"NGA020","adm2cd":"NGA020008"}},{"type":"Feature","id":361,"geometry":{"type":"Polygon","coordinates":[[[8.832627295999998,11.797960280999973],[8.82847499799999,11.805589676000011],[8.818836212000008,11.814599991000023],[8.804622649999999,11.821129799000005],[8.792899132000002,11.82308006300002],[8.777764320000017,11.822580338000023],[8.766122817999985,11.822199821000027],[8.754440308000028,11.822990417000028],[8.746332169000027,11.821559906000005],[8.74283981299999,11.821439742999985],[8.735814095000023,11.822380065999994],[8.72870635999999,11.825650214999996],[8.726134300000012,11.83255004900002],[8.721152306000022,11.841719626999975],[8.715086937000024,11.84850978899999],[8.710227013000008,11.854180336000013],[8.706489562999991,11.86104965200002],[8.700424193999993,11.867850304000001],[8.695646285999999,11.871190071000001],[8.687334061000001,11.875579834000007],[8.682473183000013,11.881250380999973],[8.677695273999973,11.884590149000019],[8.672956467000006,11.886759757999982],[8.665849686000001,11.890029906999985],[8.659784317000003,11.896820068000011],[8.654883385000005,11.90365982100002],[8.650064467999982,11.908160210000005],[8.645162582000012,11.914990424999985],[8.641467094000006,11.920700072999978],[8.636647224,11.925209999000003],[8.631223679000016,11.927169800000001],[8.63086795800001,11.923850060000007],[8.628742218000014,11.917949677000024],[8.625453949000018,11.912019729999997],[8.624411582999983,11.90849018099999],[8.621041298000023,11.904879569999991],[8.619038581999973,11.895489693000002],[8.614584922999995,11.889519690999975],[8.606598854000026,11.884599686000001],[8.59744834899999,11.879639626000028],[8.590503693000016,11.878239631999975],[8.581272124999998,11.875610352000024],[8.570794105999994,11.875269890000027],[8.559234618999994,11.87255954699998],[8.555823325999995,11.87012004899998],[8.551247596999985,11.867639542000006],[8.546672821000016,11.865159988000016],[8.539769173000025,11.862600326999996],[8.533988953000005,11.861249923999992],[8.528248786999995,11.858730315999992],[8.523755074000007,11.853919983000026],[8.521630286999994,11.848030090000009],[8.518382072000009,11.840929985000002],[8.524365424999985,11.836460113999976],[8.52802085899998,11.83191966999999],[8.533964157000014,11.828610420000018],[8.546973228000013,11.823209763000023],[8.559062958000027,11.810790062000024],[8.568579673999977,11.805270194999991],[8.577893257000028,11.805569649000006],[8.588818549999985,11.793109893999997],[8.597415924000018,11.780570029999978],[8.610466002999999,11.774000167999986],[8.621228217999999,11.766189574999999],[8.62733459499998,11.758230208999976],[8.63584995299999,11.748020171999997],[8.637380599999972,11.737580299000001],[8.636419295999985,11.731719971000018],[8.63670444500002,11.723569870000006],[8.645016670000018,11.719180107],[8.649917603000006,11.71234989200002],[8.65008068100002,11.707699776000027],[8.65269374799999,11.699620246999984],[8.656389235999995,11.69390964500002],[8.657838820999984,11.685799599000006],[8.65928745299999,11.677689552000004],[8.662983893999979,11.671990395000023],[8.669049262999977,11.665189742999985],[8.679648398999973,11.662039757000002],[8.684305191000021,11.662190436999992],[8.687553406000006,11.669289589000016],[8.694090843000026,11.682319640999992],[8.693724631999999,11.692799567999998],[8.694481849999988,11.704480171],[8.701181411999983,11.712860106999983],[8.704511642,11.717630385999996],[8.704307556000003,11.723449706999986],[8.70526885999999,11.729310036000015],[8.709721564999995,11.735280036999995],[8.712929726000027,11.743550301000028],[8.715094566000005,11.748279572000001],[8.717219353000019,11.754179954999984],[8.721754073999989,11.757820128999981],[8.727575301999991,11.758009910999988],[8.73456001300002,11.758239746000015],[8.736969948000024,11.755990027999985],[8.744077682000011,11.752719878999983],[8.748815535999995,11.750539779999997],[8.75483989700001,11.744910240000024],[8.758535385000016,11.739210129000014],[8.761930466000024,11.734620093999979],[8.765521048999972,11.739430427999991],[8.772301674000005,11.745479584000009],[8.782616614999995,11.750479697999992],[8.790603637999993,11.755399704000013],[8.79738521600001,11.761449814000002],[8.803042412000025,11.766300200999979],[8.807536125000013,11.771109581000019],[8.810907364000002,11.774709701999996],[8.81423664099998,11.779490470999974],[8.821059226999978,11.784370421999995],[8.824348450000002,11.790309906000005],[8.831129073999989,11.796349524999982],[8.832627295999998,11.797960280999973]]]},"properties":{"fid":361,"cty_nm":"Nigeria","iso3cd":"NGA","adm1nm":"Kano","adm2nm":"Dawakin Kudu","adm1cd":"NGA020","adm2cd":"NGA020009"}},{"type":"Feature","id":362,"geometry":{"type":"Polygon","coordinates":[[[8.528733252999984,12.25531005900001],[8.527133941999978,12.257300376999979],[8.517902374000016,12.254659652999976],[8.511918068,12.259129524000002],[8.508425713000008,12.259019851999994],[8.50352478000002,12.265850066999974],[8.501074791000008,12.269269942999983],[8.498133659000018,12.273790358999975],[8.496295928999984,12.272609710999973],[8.488512992999972,12.261859893999997],[8.486469268999997,12.253640174999987],[8.484343529,12.247739792000004],[8.48230171199998,12.239520072999994],[8.479052544000012,12.232419967999988],[8.474558829999978,12.227609633999975],[8.46886062599998,12.223930359000008],[8.462998389999996,12.224900246000004],[8.455932616999974,12.227000237000027],[8.454524040000024,12.233949660999997],[8.457772255000009,12.241049766999993],[8.453953743,12.250249863000022],[8.443354607000003,12.253399849000004],[8.438778877000004,12.250920296000004],[8.431957244999978,12.246029854000028],[8.428463936000014,12.245920180999974],[8.422684668999977,12.244560241999977],[8.419232367999996,12.243289947999983],[8.415821074999997,12.240839957999981],[8.417310714999985,12.231570244000011],[8.412939071999972,12.223270415999991],[8.408486365999977,12.217289924999989],[8.399457932000018,12.208840370000019],[8.393840790000013,12.202830315000028],[8.38372898099999,12.192009926000026],[8.37915420500002,12.189530373000025],[8.372290610999983,12.185810088999972],[8.364222526999981,12.183210373000009],[8.352663039999982,12.180509567000001],[8.345637321000027,12.181440353000028],[8.342062950000013,12.183659553999973],[8.333954811000012,12.18222999599999],[8.323639870000022,12.177229881000017],[8.318022728000017,12.171219826000026],[8.31128120400001,12.163999557000011],[8.30004692099999,12.151980400000014],[8.280378342000006,12.147839546],[8.274557114000004,12.147649764999983],[8.262752533000025,12.151929854999992],[8.256810187999974,12.155229567999982],[8.253072739000004,12.162099838000017],[8.248253821999981,12.166609763999986],[8.244639397000014,12.169989585999986],[8.23524379700001,12.172010422000028],[8.229342460999987,12.174150467000004],[8.225849152000023,12.174039841000024],[8.223440170000003,12.176289558000008],[8.216332436000016,12.179550171000017],[8.210430144999975,12.181690215999993],[8.205773353999973,12.181539536000002],[8.199912071000028,12.182510375999982],[8.193799973000012,12.18231010400001],[8.195336342000019,12.180029869000009],[8.199073791999979,12.173159598999973],[8.202810286999977,12.166290283000023],[8.204258918999983,12.15818023700001],[8.203259467999999,12.153490067000007],[8.205871581999986,12.145409583999992],[8.210812568999984,12.137419700999999],[8.21800136600001,12.131819725000014],[8.223944663999987,12.128520012000024],[8.22872352600001,12.125180243999978],[8.232337952000023,12.121800423000025],[8.236033440000028,12.116089821000003],[8.239729881000017,12.110389709000003],[8.247920035999982,12.109490395000023],[8.251453400000003,12.108440399000017],[8.253903389000016,12.105019568999978],[8.25980567900001,12.102879524000002],[8.264543532999994,12.100709914999982],[8.269241333000025,12.099699973999975],[8.272774695999999,12.098649979000015],[8.277512549999983,12.096469878999983],[8.281004906000021,12.09657955199998],[8.284538268999995,12.095529555999974],[8.290481566999972,12.092229842999984],[8.294054985000002,12.09002018000001],[8.300039291000019,12.085550307999995],[8.302530289000003,12.08096981],[8.306103705999988,12.078749657000003],[8.31545829800001,12.077890395999987],[8.321319580000022,12.076919556000007],[8.324852942999996,12.075869560000001],[8.328345298999977,12.075980185999981],[8.334247588999972,12.073840141000005],[8.337862014999985,12.070469855999988],[8.341476440000008,12.067090033999989],[8.34505081200001,12.064869880999993],[8.348625183000024,12.062660216999973],[8.352198600999998,12.060440062999987],[8.354608536,12.058190346000004],[8.358263969000006,12.053649902000018],[8.363082885999972,12.049139976999982],[8.36686039,12.041110038999989],[8.371721267999988,12.035440445000006],[8.377785683000013,12.02865028399998],[8.38497352600001,12.023050307999995],[8.39328670499998,12.018659592000006],[8.399352073999978,12.01187038400002],[8.406580925000014,12.00510978699998],[8.411562919999994,11.995949745000019],[8.420038223000006,11.986900330000026],[8.431842803999984,11.982620239000028],[8.436540604000015,11.981610298000021],[8.438900948000025,11.980759621000004],[8.438705443999993,11.986339568999995],[8.437093735000019,11.999110222000013],[8.436849594000023,12.006099700999982],[8.436442375000013,12.017740249999974],[8.433870316000025,12.024649619999991],[8.433666228999982,12.03046989400002],[8.436874390000014,12.038729667999974],[8.438877106000007,12.04811954500002],[8.44208431200002,12.056389808999995],[8.448946953000018,12.060110092000002],[8.458097457999997,12.065070151999976],[8.462632179000025,12.06871032700002],[8.468290329000013,12.073559761000013],[8.47382640799998,12.081899642999986],[8.475951194999993,12.087789536000002],[8.481609343999992,12.092639922999979],[8.489432335000004,12.102219581999975],[8.497052193000002,12.117620467999984],[8.503874779,12.122500419999994],[8.51302528399998,12.127459525999996],[8.516518593,12.127579689000015],[8.517356872999983,12.136930466000024],[8.518317222999997,12.142789841000024],[8.51799106599998,12.152099609000004],[8.519994736000001,12.161490440000023],[8.518626213000005,12.167269707000003],[8.518219948000024,12.178919791999988],[8.517730712999992,12.192890166999973],[8.522062301999995,12.202349663000007],[8.522738457000003,12.216360092000002],[8.520124435000014,12.224430084000005],[8.51875686599999,12.230219841000007],[8.519636154000011,12.23840045899999],[8.522965430999989,12.24316978500002],[8.527378081999984,12.25030994399998],[8.528733252999984,12.25531005900001]]]},"properties":{"fid":362,"cty_nm":"Nigeria","iso3cd":"NGA","adm1nm":"Kano","adm2nm":"Dawakin Tofa","adm1cd":"NGA020","adm2cd":"NGA020010"}},{"type":"Feature","id":363,"geometry":{"type":"Polygon","coordinates":[[[8.788697243000001,10.942250252000008],[8.781476973999986,10.949749946999987],[8.773042679000014,10.957630156999983],[8.766937256000006,10.965589523000006],[8.763200760000018,10.972459792999985],[8.756932258999996,10.985070228999973],[8.750703811999983,10.996529579000025],[8.744679451000025,11.002160071999981],[8.739900589000001,11.005499840000027],[8.73763561200002,11.006742476999989],[8.728055954000013,11.010939597999993],[8.717374801999995,11.016420363999998],[8.712391852999986,11.025580406000017],[8.709615707000012,11.038310050999996],[8.709291457999996,11.047619820000023],[8.710128784000005,11.056969643000002],[8.707352637999975,11.069700241000021],[8.701247215000024,11.077659606999987],[8.696427345000018,11.082169533000013],[8.68811512000002,11.086560249000001],[8.679680824000002,11.094440459999987],[8.672410964999983,11.102359772],[8.668674468999995,11.109230041999979],[8.664978027000018,11.114939690000028],[8.663610457999994,11.120719909999991],[8.660916327999985,11.131130219],[8.659507750999978,11.138070106999976],[8.662674904000028,11.147500037999976],[8.66114425699999,11.157939911000028],[8.662023544000022,11.166130065999994],[8.660573958999976,11.174240112000007],[8.659043311999994,11.184679985000002],[8.656268119999993,11.197409629999981],[8.656023026000014,11.204389572000025],[8.653409957999997,11.212470054999983],[8.649551391999978,11.222829819000026],[8.646978377999972,11.229740143000015],[8.639830588999985,11.234169959999974],[8.628148079000027,11.23495006600001],[8.620162010000001,11.23003005999999],[8.611053466999977,11.22389984099999],[8.60314846,11.216650008999977],[8.592995643999984,11.206999779],[8.588582992999989,11.199859618999994],[8.578431129000023,11.190199851999978],[8.572813033999978,11.184189795999998],[8.56711482999998,11.180509567000001],[8.562743187000024,11.172209740000028],[8.553510666000022,11.16958046000002],[8.549948691999987,11.168560981999974],[8.544320106999976,11.165780067000014],[8.539744376999977,11.163299560999974],[8.531605721000005,11.15666294099998],[8.527141571000016,11.157059668999977],[8.525130272000013,11.156993865999993],[8.520606041000008,11.15548419999999],[8.515387535000002,11.153741836999984],[8.512828827000021,11.152175903],[8.516867638000008,11.15089988699998],[8.520523071000014,11.146360397000024],[8.524300574999984,11.138319969000008],[8.525872230999994,11.126720427999999],[8.527361869999993,11.117440224000006],[8.53716373399999,11.103779793000001],[8.54335117300002,11.093489647000013],[8.557524681000018,11.088120461000017],[8.565795897999976,11.084899902000018],[8.580050468000024,11.077199936],[8.592018127000017,11.068269729999997],[8.596919060000005,11.061440468],[8.597122191999972,11.055620192999982],[8.597814560000018,11.035829544000023],[8.59826278700001,11.023019791000024],[8.598587989999999,11.013710021999998],[8.598995209000009,11.002059937000013],[8.598156929000027,10.992710113999976],[8.597114562999991,10.989179610999997],[8.594908713999985,10.98561000799998],[8.593906403000005,10.980919837999977],[8.591822623999974,10.97385978699998],[8.588533401000007,10.967920303000028],[8.586571692999996,10.957369803999995],[8.58336353300001,10.949110030999975],[8.581279755000025,10.942049979999979],[8.576827048999974,10.936070442000016],[8.573578834999978,10.92897033700001],[8.571494101999974,10.921910286000013],[8.570492743999978,10.91722011600001],[8.568490027999985,10.907830237999974],[8.568979263000017,10.893859862999989],[8.56722068800002,10.877490044000012],[8.567423819999988,10.871660233],[8.570036888000004,10.863590240000008],[8.571526527000003,10.854319572000009],[8.573179245000006,10.840379714999983],[8.574587822000012,10.833439827000007],[8.574913978999973,10.824119568000015],[8.574237822999976,10.810110092000002],[8.574522972000011,10.801969527999972],[8.576094626999975,10.790360451000026],[8.577665329000013,10.778759955999988],[8.576745986999981,10.77173995999999],[8.577030181999987,10.763589858999978],[8.579644202999987,10.755510329999993],[8.581377982999982,10.739250183000024],[8.585277556999984,10.727720261000002],[8.587931632999982,10.718489647000013],[8.586776733000022,10.714577674999987],[8.582972526999981,10.714047431999973],[8.576564788999974,10.712805747999994],[8.56760978699998,10.71155834199999],[8.561164856000005,10.709092139999996],[8.556031227000005,10.707853317000001],[8.549698830000011,10.70906352999998],[8.544640540999978,10.710276604],[8.539582252999992,10.711489676999975],[8.534523964000016,10.712702750999995],[8.526842117000001,10.711459160000004],[8.519010544000025,10.705311774999984],[8.519595145999972,10.702399254],[8.513689994999993,10.697946548000004],[8.510712624000007,10.695594787999994],[8.508172034999973,10.695245742999987],[8.510313988000007,10.671669959999974],[8.514254569999991,10.658969878999983],[8.515582085000005,10.654350281000006],[8.521645546000002,10.64756011999998],[8.525383949000002,10.640689850000001],[8.53610515600002,10.634050369000022],[8.546705245999988,10.630889893000017],[8.55377101900001,10.628789901999994],[8.561961173999975,10.627900124000007],[8.56894016299998,10.629693030999988],[8.572357178000004,10.630570411999997],[8.577013969000006,10.630720139000005],[8.582617760000005,10.63212680800001],[8.587440490999995,10.633337975000018],[8.589406967000002,10.634492873999989],[8.595937729000013,10.638098716999991],[8.601220130999991,10.644239426000013],[8.608976364,10.647934914000018],[8.612835883999992,10.649169921999999],[8.620442389999994,10.647962570000004],[8.628048896999985,10.646756171999982],[8.63434410100001,10.644319533999976],[8.639402389999987,10.643107413999985],[8.64697170300002,10.640674590999993],[8.65322875999999,10.637013434999972],[8.656901360000006,10.632121085999984],[8.66049766499998,10.624776839999981],[8.662708281999983,10.613753319000011],[8.665069580000022,10.607631683000022],[8.672376632999999,10.59661960599999],[8.674774169999978,10.591723441999989],[8.678334236000012,10.583153724999988],[8.683167458000014,10.574587822000012],[8.68560314199999,10.570917129999998],[8.689275742000007,10.56602382699998],[8.694295882999995,10.563585280999973],[8.700553893999995,10.559924125999999],[8.709359168999981,10.556269645999976],[8.718164444000024,10.55261421199998],[8.723260879999998,10.552626610000004],[8.729155540000022,10.550347327999987],[8.735888481000018,10.548981667000021],[8.744806289999985,10.549003600999981],[8.749901771999987,10.549015999000005],[8.756309509000005,10.550256729000012],[8.761517524999988,10.553945541000019],[8.764178275999996,10.557629584999972],[8.768149375999997,10.562541007999982],[8.77335834500002,10.56622981999999],[8.779403687000013,10.562673569000026],[8.78210353899999,10.565150260999985],[8.791131973000006,10.573599815000023],[8.800201415999993,10.580889701999979],[8.806860923999977,10.590430260000005],[8.816890716999978,10.603580475000001],[8.82238578800002,10.613080024999988],[8.827799797000011,10.62491989099999],[8.831089019999979,10.630849838000017],[8.83541965500001,10.640319824000017],[8.838545798999974,10.650910377999992],[8.840670585999987,10.656809807000002],[8.84612464899999,10.667469977999986],[8.849332808999975,10.675740242000018],[8.852458953999985,10.68632984200002],[8.854420661999995,10.696880340999996],[8.855218886999978,10.707400322000012],[8.851278304999994,10.720089911999992],[8.846459389000017,10.724590302000024],[8.837984085000016,10.733639717000017],[8.83416652699998,10.74283981299999],[8.831510544000025,10.752079964000018],[8.828980446000003,10.757820128999981],[8.821589469999992,10.769240378999996],[8.815604210000004,10.77369976],[8.807210922000024,10.780420303000028],[8.797653197999978,10.787099838000017],[8.792169570999988,10.791371346000005],[8.790464401000008,10.792699814000002],[8.785644531000003,10.797200202999989],[8.77941703800002,10.80865001699999],[8.776844977999986,10.81556034099998],[8.77435398099999,10.820139885000003],[8.769371033000027,10.829299927000022],[8.767881392999982,10.838580132000004],[8.766309738000018,10.850179672000024],[8.764780045000009,10.86061954500002],[8.764616966000006,10.865280150999979],[8.766619681999998,10.874670029000015],[8.769745827000008,10.885259627999972],[8.771707535000019,10.895810127000004],[8.772627831000023,10.902839660999973],[8.776958465999996,10.91230010999999],[8.781412124999974,10.918270111000027],[8.783576965000009,10.923009872000023],[8.785742760000005,10.927740097000026],[8.787745475999998,10.937129974000015],[8.788697243000001,10.942250252000008]]]},"properties":{"fid":363,"cty_nm":"Nigeria","iso3cd":"NGA","adm1nm":"Kano","adm2nm":"Doguwa","adm1cd":"NGA020","adm2cd":"NGA020011"}},{"type":"Feature","id":364,"geometry":{"type":"Polygon","coordinates":[[[8.55992603300001,12.019439696999996],[8.556433678000019,12.019319533999976],[8.549366951000025,12.021419524999999],[8.544588089000001,12.02476978300001],[8.539769173000025,12.029270171999997],[8.533784866000019,12.033740044000012],[8.526637076999975,12.038169860999972],[8.521858215000009,12.041509627999972],[8.51603794099998,12.041319847000011],[8.510216712999977,12.041130065999994],[8.503313064999986,12.038570403999984],[8.499901771999987,12.03612995100002],[8.496450423999988,12.034850120999977],[8.501269341000011,12.030340195000008],[8.508336067000016,12.028240203999985],[8.513237000000004,12.021409988000016],[8.51805687000001,12.016909598999973],[8.520547867000005,12.012330055000007],[8.523038864,12.007740021000018],[8.525489806999985,12.004329681000002],[8.530308723000019,11.999819756000022],[8.531595229999994,11.996370316000025],[8.532641410999986,11.989859581000019],[8.535331725999981,11.98950004599999],[8.541316031999997,11.985030173999974],[8.545748710999987,11.982689857000025],[8.550628662000008,11.98534011800001],[8.553917884999976,11.99127006499998],[8.554919242999972,11.995960235999974],[8.557003021000014,12.00302982300002],[8.560211181999989,12.011289596999973],[8.55992603300001,12.019439696999996]]]},"properties":{"fid":364,"cty_nm":"Nigeria","iso3cd":"NGA","adm1nm":"Kano","adm2nm":"Fagge","adm1cd":"NGA020","adm2cd":"NGA020012"}},{"type":"Feature","id":372,"geometry":{"type":"Polygon","coordinates":[[[8.321123123000007,11.836070060999987],[8.315815926000028,11.834320068000011],[8.308831214999998,11.834090232999984],[8.300641059999975,11.83498954800001],[8.295822143999999,11.839489936999996],[8.289878844999976,11.842789649999986],[8.287346839999998,11.848540306000018],[8.287102699000002,11.855520248000005],[8.286980629000027,11.859020233000024],[8.292597770999976,11.865030289000003],[8.296009063999975,11.867469787999994],[8.299339293999992,11.872240067000007],[8.302668571000027,11.877010344999974],[8.303628921999973,11.882869719999974],[8.29981041000002,11.892069816999992],[8.294828414999984,11.901229858000022],[8.289926529000013,11.908060073999991],[8.287355423000008,11.91497039799998],[8.282372474999988,11.924130439999999],[8.276348113999973,11.929759978999982],[8.271447181999974,11.936599731000001],[8.266750335999973,11.937609672999997],[8.259724617000018,11.938549995000017],[8.255148888000008,11.936070442000016],[8.249612807999995,11.927729607000003],[8.247488022000027,11.921830177000004],[8.244239806999985,11.914730071999998],[8.237255096000013,11.914500237000027],[8.231311797999979,11.917799950000017],[8.22641086599998,11.924639701999979],[8.222715377999975,11.93033981299999],[8.220183372000008,11.936090469000021],[8.215241432000028,11.944089889999987],[8.21030044600002,11.95207977299998],[8.206685065999977,11.95545959499998],[8.201988219999976,11.956480026000008],[8.196085929999981,11.958609581000019],[8.181912421999982,11.963979720999987],[8.178379059000008,11.965029716000004],[8.172516823000024,11.965999603],[8.166573524,11.969309807000002],[8.161673545999975,11.976140021999981],[8.159625053000013,11.977569580000022],[8.155934333999994,11.973620415000028],[8.150235176000024,11.969940185999974],[8.145659447000014,11.967459679000001],[8.141003608999995,11.967309951999994],[8.134017943999993,11.967080115999977],[8.123458862000007,11.96905994399998],[8.115187644999992,11.972290038999972],[8.106875419999994,11.976679801999978],[8.095233916999973,11.97630024],[8.08708476999999,11.976039886000024],[8.08363342299998,11.97476005599998],[8.079139709000003,11.969949722000024],[8.075808525000014,11.965180396999983],[8.07139682799999,11.958040236999977],[8.070476531999986,11.95102024099998],[8.067147255000009,11.946249962000024],[8.064982413999985,11.941510201000028],[8.062387466000018,11.937319756000022],[8.068636894000008,11.936969756999986],[8.072170258000028,11.935919762000026],[8.075784682999995,11.932539940000026],[8.081727982000018,11.92924022699998],[8.092328071999987,11.926090240000008],[8.100477219000027,11.926360129999978],[8.107420921000028,11.927749634000008],[8.11207771300002,11.927900313999999],[8.117980003000014,11.925760269000023],[8.124004363999973,11.92012977600001],[8.12774181399999,11.913260460000004],[8.126822472000015,11.906240463000017],[8.122367859000008,11.900259972000015],[8.115546226999982,11.895380020000005],[8.106354712999973,11.891579627999988],[8.101779937999993,11.889100074999988],[8.096039771999983,11.886580466999987],[8.093119621000028,11.883460044999993],[8.097529410999982,11.877309798999988],[8.105963707,11.86942005200001],[8.11431693999998,11.863869667000017],[8.125038146999998,11.857230185999981],[8.133350371999995,11.852840424000021],[8.13700580599999,11.848290442999996],[8.145236968999995,11.846229553],[8.152424811999992,11.840640068000027],[8.152668952999989,11.833649634999972],[8.155241966000006,11.826740265000012],[8.15656852699999,11.822130202999972],[8.163757324000017,11.816530227999976],[8.166208267000002,11.813119888000017],[8.170946120999986,11.810939788999974],[8.179460526000014,11.800729751999995],[8.186528205999991,11.798629760999972],[8.193675994999978,11.794199944000013],[8.204275130999974,11.791049956999984],[8.212547302000019,11.787819861999992],[8.217325211000002,11.784480094999992],[8.223269463000008,11.781180382000002],[8.23366546599999,11.78384971600002],[8.24522495299999,11.78656005900001],[8.256826401000012,11.788100242999974],[8.268508911000026,11.787320136999995],[8.274370192999982,11.786339759999976],[8.276502608999976,11.78369045300002],[8.27782154099998,11.78761959100001],[8.282315254000025,11.792429923999975],[8.288055419999978,11.794949531999976],[8.293753623999976,11.798629760999972],[8.302945136999995,11.802430152999989],[8.309685707000028,11.809639930999992],[8.312974929999996,11.81556987800002],[8.318429947000027,11.826239585999986],[8.321123123000007,11.836070060999987]]]},"properties":{"fid":372,"cty_nm":"Nigeria","iso3cd":"NGA","adm1nm":"Kano","adm2nm":"Kabo","adm1cd":"NGA020","adm2cd":"NGA020020"}},{"type":"Feature","id":365,"geometry":{"type":"Polygon","coordinates":[[[9.043839455000011,12.079520226],[9.041300773999978,12.081100463999974],[9.038970946999996,12.079919814999982],[9.036629677000008,12.079890250999995],[9.034288405999973,12.079859734000024],[9.031946182000013,12.07983016999998],[9.028446197999983,12.078639984000006],[9.024933814999997,12.078599929999996],[9.020262718000026,12.077389717000017],[9.015591620999999,12.07618045800001],[9.010920525000017,12.074970244999975],[9.007408141999974,12.074930191000021],[9.00035858199999,12.077150345000007],[8.996846199000004,12.077110290999997],[8.994492530999992,12.078229904000011],[8.99213886299998,12.079350470999998],[8.989772797,12.081629753000016],[8.986236571999996,12.083889961000011],[8.985041618000025,12.086170197000001],[8.981492043000003,12.08959007300001],[8.979150772000025,12.089559554999994],[8.976821899000015,12.088379859999975],[8.974479674999998,12.088350295999987],[8.970979691000025,12.087160110000013],[8.96863841999999,12.087129592999986],[8.966510772999982,12.085522652000009],[8.963991164999982,12.083620070999984],[8.959356307999997,12.078949927999986],[8.957051277000005,12.075469971000018],[8.954721451000012,12.074290276],[8.950062752000008,12.071929931999989],[8.948916435000001,12.069620132000011],[8.946574210999984,12.069589614999984],[8.94536685899999,12.073030472000028],[8.946464538999976,12.079950333],[8.947599410999999,12.083419800000001],[8.948721885999987,12.088040352000007],[8.947503089999998,12.092630385999996],[8.947454452999978,12.097229958000014],[8.947405815000025,12.101840019000008],[8.946198462999973,12.105279922000022],[8.943820000000017,12.108699799000021],[8.94262504599999,12.110989571000005],[8.941417693999995,12.114430427999991],[8.942540168999983,12.119050026000025],[8.943685532000018,12.121370316000025],[8.945992470000022,12.124850272999993],[8.94828510299999,12.129480361999981],[8.949431419000007,12.131799698000009],[8.950566292000019,12.135270118999983],[8.950530051999976,12.13871955899998],[8.950505256999975,12.141019820999986],[8.951640128999998,12.144490242000018],[8.953957558000013,12.146820068000011],[8.957457541999986,12.148019791000024],[8.960969924999972,12.148059844999977],[8.963311195000017,12.148090362999994],[8.965641022,12.149270058000013],[8.967958450000026,12.151599884000007],[8.967934608000007,12.153900146000012],[8.967885970999987,12.158510207999996],[8.966678618999993,12.16195011100001],[8.96545887000002,12.166540145999988],[8.964263915999993,12.168820380999989],[8.963056563999999,12.172260284000004],[8.962984085000016,12.17916965500001],[8.961764335999987,12.183759688999999],[8.958191871999986,12.189479828000003],[8.956996918000016,12.191760063000004],[8.954606055999989,12.196339607000027],[8.951057434000006,12.199749946999987],[8.947508812000024,12.203160286000013],[8.945155144000012,12.204290389999983],[8.941607475000012,12.207699776000027],[8.938069343999985,12.209959984000022],[8.935690879999981,12.213379859999975],[8.933325767999975,12.215660094999976],[8.930959701999996,12.21792984000001],[8.927422523000018,12.220190048000006],[8.925045012999988,12.223620415000028],[8.922691344999976,12.224740027999985],[8.920325278999996,12.227020263999975],[8.915617942999972,12.229260445000023],[8.913251876999993,12.23153019],[8.912056923000023,12.233819961999984],[8.90967845900002,12.237250328000016],[8.907313347000013,12.239520072999994],[8.90493488300001,12.242950439000026],[8.902568816999974,12.245220184000004],[8.900203705000024,12.247500419999994],[8.898996352999973,12.250940323000009],[8.896630286999994,12.253210067999987],[8.89660453800002,12.255510329999993],[8.896581649999973,12.257820128999981],[8.895374297999979,12.261260032999985],[8.894166945999984,12.264699936],[8.894143105000012,12.267000198000005],[8.891777038999976,12.269269942999983],[8.889410972999997,12.271550178999973],[8.890521048999972,12.277319907999981],[8.890472412000008,12.281920432999982],[8.89160728500002,12.285389899999984],[8.892753600999981,12.287710189999984],[8.897352219000027,12.295820235999997],[8.899669646999996,12.29815006299998],[8.903133391999972,12.302800178999973],[8.905438423000021,12.306280135999998],[8.906573295999976,12.309749603],[8.907707214000027,12.313220023999975],[8.907670974999974,12.316670418000001],[8.905329703999996,12.316639899999984],[8.901817322,12.316599845999974],[8.897146224999972,12.315389632999995],[8.894792557000017,12.316519737000021],[8.891280173999974,12.316470145999972],[8.881949425000016,12.312910079999995],[8.879608153999982,12.312879561999978],[8.871460915,12.308170318999998],[8.869142532000012,12.305839538999976],[8.868009567000001,12.302379608000024],[8.866862297000011,12.300060271999996],[8.865764618000014,12.293140411000024],[8.864642143000026,12.288519859000019],[8.863544463999972,12.28159999799999],[8.851884842000004,12.276849747000028],[8.849518776000025,12.27912044499999],[8.847141265999994,12.282549857999982],[8.844726562000005,12.289429665],[8.843524933000026,12.292351723000024],[8.843482971000014,12.296319961999984],[8.843434333999994,12.300930022999978],[8.842226982,12.304369925999993],[8.84100818600001,12.308959961000028],[8.837458610999988,12.312370299999998],[8.836263657000018,12.314660071999981],[8.824543952999989,12.315670012999988],[8.818689345999985,12.31560039499999],[8.815006256000004,12.314419745999999],[8.809347152999976,12.313179970000022],[8.807005881999999,12.313150405999977],[8.801212310999972,12.307330132000004],[8.798919678000004,12.302689552000004],[8.798944473000006,12.300390244000027],[8.797833443000002,12.294619560000001],[8.79669856999999,12.291150092999999],[8.79438114200002,12.288820267000006],[8.790881157000001,12.287630080999975],[8.787381171999982,12.286430359000008],[8.782710075000011,12.285220145999972],[8.779221534999976,12.282879829000024],[8.775770186999978,12.277079581999999],[8.773452759000008,12.274749756000006],[8.771159172000011,12.270119667000017],[8.770025252999972,12.266650200000015],[8.76772022199998,12.263170242000001],[8.765426635999972,12.25852966299999],[8.761962890999996,12.253890038000009],[8.760816573999989,12.251569748000009],[8.757364273000007,12.245770454000024],[8.756230354000024,12.242300033999982],[8.753925322999976,12.238820076000025],[8.750449181000022,12.235320091000006],[8.748143196000001,12.231840133999981],[8.745826721000014,12.229510306999998],[8.744679451000025,12.227190017999988],[8.742386818,12.222559928999999],[8.740081787000008,12.219079970999985],[8.730245589999981,12.214969634999989],[8.732858657999998,12.206899642999986],[8.734307289000014,12.198789596999973],[8.734674454000015,12.188309668999977],[8.733876227999986,12.177800178999973],[8.731915474000004,12.167240143000015],[8.72870635999999,12.158980369999995],[8.728910445999986,12.153160094999976],[8.733445168000003,12.15680027000002],[8.740470886000026,12.155870438000022],[8.749784470000009,12.15616989099999],[8.758014678999984,12.154109955000024],[8.77559852600001,12.151189804000012],[8.781582832000026,12.146719932999986],[8.782950400999994,12.140930175999983],[8.781029701000023,12.129220008999994],[8.779149055000005,12.116339684000025],[8.781681060999972,12.110589980999976],[8.786581993000027,12.103759765999996],[8.787989616000004,12.09681034099998],[8.788152695000008,12.092149733999975],[8.791971207000017,12.082949638000002],[8.800363541000024,12.076239585999986],[8.808554648999973,12.075340271000016],[8.815620421999995,12.073240279999993],[8.820318222000026,12.072219849000021],[8.826301575000002,12.067760468000017],[8.827710152000009,12.060810088999972],[8.831446647999996,12.053939818999993],[8.831650733999993,12.04811954500002],[8.831894874999989,12.041130065999994],[8.835713386999998,12.031929970000022],[8.837080956000023,12.026149750000002],[8.839571953000018,12.021570205999978],[8.842144965999978,12.01465988199999],[8.83889579800001,12.007559775999994],[8.831992148999973,12.005009651000023],[8.826130867000018,12.00597953800002],[8.820310592999988,12.005789757000002],[8.816939353999999,12.002180098999986],[8.817102432000013,11.997529983999982],[8.823126792999972,11.99190044400001],[8.830315589999998,11.986300468000024],[8.837242125999978,11.979829788000018],[8.84457015999999,11.978610038999989],[8.84922695199998,11.978759765999996],[8.853964806000022,11.976590156999976],[8.859908103999999,11.973279952999974],[8.86627864799999,11.969340323999972],[8.87034511600001,11.974789618999978],[8.875001907000012,11.974940300000014],[8.882987975999981,11.979860305999978],[8.890933990000008,11.985950469999977],[8.898838996999984,11.993200301999991],[8.903373718000012,11.996850014000017],[8.907867431999989,12.001649857000018],[8.909992218000014,12.00755024],[8.913281440999981,12.01348972300002],[8.915487288999998,12.01706028000001],[8.919981002999975,12.02186012300001],[8.92563915300002,12.026709557000004],[8.932542801000011,12.029270171999997],[8.93711853000002,12.031749724999997],[8.942857742000001,12.034270287000027],[8.950965881000002,12.035699844000021],[8.955500603000019,12.039340019000008],[8.960035323999989,12.042980193999995],[8.969266891000018,12.045619965000014],[8.973842621000017,12.048100470999998],[8.978458405000026,12.049409866000019],[8.98307418799999,12.050729751999995],[8.987689971999998,12.052049636999982],[8.993389130000025,12.055729865999979],[8.999128342000006,12.058250427000019],[9.006031989999997,12.060799599000006],[9.009362221000004,12.06556987800002],[9.016265868999994,12.068129538999983],[9.017798423999977,12.071680069000024],[9.033484459000022,12.075679778999984],[9.043839455000011,12.079520226]]]},"properties":{"fid":365,"cty_nm":"Nigeria","iso3cd":"NGA","adm1nm":"Kano","adm2nm":"Gabasawa","adm1cd":"NGA020","adm2cd":"NGA020013"}},{"type":"Feature","id":366,"geometry":{"type":"Polygon","coordinates":[[[8.953956603999984,11.605719566000005],[8.950851440000008,11.60562038400002],[8.945072174000018,11.604269981000016],[8.939291953999998,11.602910042000019],[8.935839653000016,11.601630210999986],[8.928854941999987,11.601409912000008],[8.924198150999985,11.601260185000001],[8.917295455999977,11.598699570000008],[8.910349845999974,11.597310065999977],[8.90107727100002,11.595840453999983],[8.895256996,11.595649718999994],[8.891723633000026,11.596699715],[8.883493423000004,11.598759651000023],[8.87875461599998,11.600939750999999],[8.874937057000011,11.610139847000028],[8.878225326999996,11.616069793999998],[8.884005547000015,11.617429732999994],[8.888621329999978,11.618740081999988],[8.891991614999995,11.622349739000015],[8.895402907999994,11.624790191999978],[8.899896622000028,11.629599571000028],[8.903226851999989,11.634369849999985],[8.901900291000004,11.63899040199999],[8.900613785000019,11.642439841999987],[8.898081778999995,11.64818954499998],[8.894426345999989,11.652729987999976],[8.890729904000011,11.658439636000026],[8.883460044999993,11.666359901000021],[8.877557754999998,11.668499946999987],[8.876637458999994,11.66147995],[8.880374908000022,11.654600142999982],[8.879454613000007,11.647580146999985],[8.874797821000016,11.647430419999978],[8.868855476000022,11.650730133000025],[8.863913535999984,11.658729553],[8.859012603999986,11.665559769000026],[8.855398177999973,11.66893958999998],[8.84961795800001,11.667590141000005],[8.843878745999973,11.665069580000022],[8.838058472,11.664879799000005],[8.832196236000016,11.665849686000001],[8.827335358000028,11.671520233000024],[8.823558806999984,11.679559708],[8.818534850999981,11.689880371000015],[8.813674927000022,11.695549964999998],[8.810141563000002,11.696599960000015],[8.79858112300002,11.693889618000014],[8.792679786999997,11.69602966299999],[8.787859916999992,11.700539589000016],[8.784041404999982,11.709739684999988],[8.77934455899998,11.710749625999995],[8.77244091,11.708189963999985],[8.76894760099998,11.708080291999977],[8.763208388999999,11.705559730999994],[8.763371468000003,11.700900078000018],[8.764698982000027,11.696279526000012],[8.766025543000012,11.69165992699999],[8.765105247000008,11.684639930999992],[8.765431404000026,11.675330162000023],[8.765756607000014,11.666009902999974],[8.764796257,11.660160065000014],[8.763875960999997,11.653129578000005],[8.759545326000023,11.643670082000028],[8.762239455999975,11.633270263999975],[8.766016960000002,11.625229836000017],[8.768589973000019,11.61832046500001],[8.767832756000018,11.606639862000009],[8.765871048000008,11.596090317000005],[8.76403045699999,11.58203983300001],[8.764274596999996,11.575059891000024],[8.764681816000007,11.563420296000004],[8.767417908000027,11.551850318999982],[8.768825531000005,11.544899939999993],[8.770356177999986,11.534460067999987],[8.770682335000004,11.525150299000018],[8.769884108999975,11.514630318000002],[8.770087241999988,11.508810042999983],[8.770454406999988,11.498339653000016],[8.769575119000024,11.490150452000023],[8.76865482300002,11.48313045499998],[8.76448631300002,11.468999863000022],[8.761157035999986,11.464229584000009],[8.760390282000003,11.462109565999981],[8.766057967999984,11.457400322000012],[8.76971340199998,11.452859879000016],[8.772204398999975,11.448280334000003],[8.773612975999981,11.441329956000004],[8.776226043999998,11.433259964000001],[8.776429176000022,11.427439690000028],[8.778961181999989,11.42168998699998],[8.786190986999998,11.414930344000027],[8.791132926999978,11.406940459999987],[8.792662620999977,11.396499634000008],[8.794062613999984,11.388669967999988],[8.802180290000024,11.390979766999976],[8.806755065999994,11.393460274000006],[8.815946579000013,11.397259711999993],[8.820603371000004,11.397410392999973],[8.829794884000023,11.401209831000017],[8.837780952000003,11.40612983699998],[8.844481468000026,11.41450977300002],[8.849691391000022,11.432160377999992],[8.852736472999993,11.445079802999999],[8.853696823000007,11.450940132000028],[8.859150886999998,11.461600304000001],[8.863604545999976,11.46757984200002],[8.869262694999975,11.472419738999974],[8.875881194999977,11.48313045499998],[8.87792396499998,11.49135017399999],[8.880089759999976,11.496089934999986],[8.882132529999978,11.504309653999996],[8.881726264999998,11.515950202999989],[8.882523536999997,11.526470184000004],[8.889183998000021,11.53600978899999],[8.89600562999999,11.540900229999977],[8.901744843000017,11.543410300999994],[8.915512084999989,11.549690247000001],[8.925786017999997,11.555850028999998],[8.932607651000012,11.560740470999974],[8.93826580000001,11.565580367999985],[8.94400501299998,11.568099975999985],[8.955688477000024,11.567319870000006],[8.961630821000028,11.564020157000016],[8.970024109000008,11.557299613999987],[8.97962284099998,11.549449921000019],[8.984482764999996,11.543780326999979],[8.990711212000008,11.532329559000004],[8.996897697000009,11.522040366999988],[9.001839637999979,11.514049530000023],[9.009067534999986,11.507289886000024],[9.011519432,11.503870010000014],[9.016633986999977,11.50117015799998],[9.019830704000015,11.499480247000008],[9.02689743000002,11.497380256999975],[9.033923148999975,11.496439934000023],[9.04186916399999,11.502530098000022],[9.045036315999994,11.511960030000012],[9.042463302999977,11.518870354],[9.040252685999974,11.529246329999978],[9.038270950000026,11.530019760000016],[9.032498359999977,11.537190436999992],[9.02759742699999,11.544019698999989],[9.017958641000007,11.553030014],[9.010688781999988,11.560950278999996],[9.001049995000017,11.569959641000025],[8.987917900000014,11.578860282999983],[8.977196692999996,11.585499762999973],[8.967597961000024,11.593350410000028],[8.958000183000024,11.601189612999974],[8.953956603999984,11.605719566000005]]]},"properties":{"fid":366,"cty_nm":"Nigeria","iso3cd":"NGA","adm1nm":"Kano","adm2nm":"Garko","adm1cd":"NGA020","adm2cd":"NGA020014"}},{"type":"Feature","id":367,"geometry":{"type":"Polygon","coordinates":[[[8.472267150999983,11.703570366000008],[8.470472336,11.71115970599999],[8.466816902000005,11.715700149999975],[8.461997032,11.720210075000011],[8.459588051000026,11.722459792999985],[8.453685759999985,11.724599838000017],[8.446741104000012,11.723199844000021],[8.44212436700002,11.72189044999999],[8.434057236000001,11.719289779999997],[8.42478466,11.717820168000003],[8.419883728000002,11.724659920000022],[8.418516158999978,11.730440139999985],[8.414778709000018,11.73731041000002],[8.413452147999976,11.741930007999997],[8.412084579000009,11.747710228000017],[8.40838813800002,11.75341987600001],[8.404895781999983,11.753310204000002],[8.40023899099998,11.753149985999983],[8.396787642999982,11.751879691999989],[8.393294334000018,11.751759529000026],[8.388922691000005,11.743459701999996],[8.385552405999988,11.73985004399998],[8.383305549999989,11.737449646000016],[8.37989425699999,11.735010147000025],[8.376483916999973,11.732569694999995],[8.368537903000004,11.726479530000006],[8.358181952999985,11.722640038000009],[8.352442741000004,11.720129966999991],[8.346663475000014,11.718770027000005],[8.338635445000023,11.715009688999999],[8.332855225000003,11.713660240000024],[8.326993942000001,11.71463012700002],[8.318925858,11.712039947999983],[8.321661948999974,11.700469971000018],[8.325439453000001,11.692440033000025],[8.327051163000021,11.67967033399998],[8.329705237999974,11.670430183000008],[8.332155227999976,11.66701984399998],[8.334768295000003,11.658940314999995],[8.339751244000013,11.649780272999976],[8.342323303,11.642869948999987],[8.346182822999992,11.632510185000001],[8.349878310999998,11.626799582999979],[8.352329253999983,11.623390197999981],[8.358353614999999,11.617750167999986],[8.363213539000014,11.612090110999986],[8.369115829000009,11.60995006600001],[8.376385689000017,11.602029800000025],[8.381164550999983,11.598690033000025],[8.385943413000007,11.595350266000025],[8.390763283000013,11.59084034],[8.396746635,11.586370467999984],[8.401567458999978,11.581870078999998],[8.408714293999992,11.577440261999982],[8.415821074999997,11.574179648999973],[8.42059993700002,11.570839881999973],[8.426380156999983,11.572190284999976],[8.431036948999974,11.572340011999984],[8.435693741000023,11.572489738000002],[8.439267158999996,11.570280075000028],[8.44512939499998,11.569299698000009],[8.452236175999985,11.566040038999972],[8.456892966999987,11.56618976599998],[8.460344314999986,11.567469597000013],[8.464838982000003,11.57227992999998],[8.472114562999991,11.572950363000018],[8.471701622000012,11.576000213999976],[8.472743034000018,11.579529761999993],[8.473744392000015,11.584219932999986],[8.473582267999973,11.588879584999972],[8.474583626000026,11.593580245999988],[8.470806121999999,11.60161018399998],[8.46935653700001,11.609720229999994],[8.467947960000004,11.61666965500001],[8.464292526000008,11.621210098000006],[8.461761475000003,11.626959800999998],[8.459310532000018,11.630370140000025],[8.460189818999993,11.63856029499999],[8.460026740999979,11.643219948000024],[8.457535743999983,11.64780044600002],[8.453840255999978,11.653510094000012],[8.45122623399999,11.661580086000015],[8.447489738000002,11.668450355999994],[8.443834304999996,11.672989845000018],[8.443549156000017,11.681139945999973],[8.446879387000024,11.685910224999986],[8.450249671999984,11.689519882000013],[8.453619957,11.69312000299999],[8.459278106999989,11.697970390000023],[8.462730408000027,11.699250221],[8.467305183000008,11.701729774],[8.472267150999983,11.703570366000008]]]},"properties":{"fid":367,"cty_nm":"Nigeria","iso3cd":"NGA","adm1nm":"Kano","adm2nm":"Garum Mallam","adm1cd":"NGA020","adm2cd":"NGA020015"}},{"type":"Feature","id":368,"geometry":{"type":"Polygon","coordinates":[[[9.234156609000024,11.89229011499998],[9.227592468000012,11.890879631000018],[9.221770287000027,11.890689850000001],[9.217112541000006,11.890540122999994],[9.210087776000023,11.891469954999991],[9.203144072999976,11.890080452000007],[9.197322844999974,11.889889717000017],[9.190378189,11.888500213999976],[9.18227005,11.88706970200002],[9.175244330999988,11.887999535000006],[9.165971755999976,11.886529922000022],[9.153124809000019,11.887280464000014],[9.147263527000007,11.888259887999993],[9.136786460999986,11.887909889000014],[9.126349448999974,11.886409759999992],[9.119445800999983,11.883850097999982],[9.114911079000024,11.880209922999995],[9.109416007999982,11.870699882999986],[9.102593421999984,11.865819930999976],[9.09327983899999,11.865509986999996],[9.086295128000017,11.865289688000018],[9.079269409000005,11.866220473999988],[9.073326110999972,11.869529724000017],[9.062726973999986,11.87267971],[9.054495810999981,11.874739647000013],[9.045142173999977,11.875599861000012],[9.033418654999991,11.877550125000027],[9.027516364999997,11.879690170000003],[9.021655082999985,11.880660057],[9.012383461000013,11.879190445000006],[9.001903534000007,11.87884998300001],[8.992591858000026,11.878549576000012],[8.987812996000002,11.881890296999984],[8.982911109999975,11.88871955899998],[8.979174613999987,11.895589828000027],[8.97435569800001,11.900090218000003],[8.968493462000026,11.901069640999992],[8.963836669999978,11.900919913999985],[8.955688477000024,11.900650024000015],[8.951071738999985,11.899339676000011],[8.946537018000015,11.895689963999985],[8.946037292000028,11.893340110999986],[8.950111389000028,11.893480301000011],[8.957422255999973,11.88438987699999],[8.958911896000018,11.87512016300002],[8.957951546000004,11.86925983399999],[8.953456878999987,11.864450454999997],[8.95012760200001,11.859680175999983],[8.942100525,11.855919837999977],[8.933072089999996,11.847470283999996],[8.92749500299999,11.84029006999998],[8.92292022700002,11.837809563000008],[8.916219710999997,11.829429625999978],[8.905065535999995,11.815079689000015],[8.89940833999998,11.810239792000004],[8.896120070999984,11.804300307999995],[8.894360542000015,11.78792953499999],[8.899342536999995,11.778770447],[8.903079987000012,11.77190017700002],[8.908021926999993,11.763899803000015],[8.907101630999989,11.756879807000018],[8.914454460000002,11.746620178],[8.918190002000017,11.739749908000022],[8.920722007999984,11.734009743000001],[8.92674636800001,11.728380202999972],[8.928032874999985,11.72492027300001],[8.935302734000004,11.717000008000014],[8.941490172999977,11.706709862000025],[8.953538895000008,11.695449828999983],[8.96205425300002,11.685239792000004],[8.970488547999992,11.677359581000019],[8.97212123899999,11.672309874999996],[8.977555274999986,11.675259589999996],[8.985582351999994,11.679019928000002],[8.991321563999975,11.68152999900002],[9.002840995999975,11.685409546000017],[9.013359069999979,11.684579848999988],[9.022794723999993,11.681400299000018],[9.033312797999997,11.680569649000006],[9.041421889999981,11.682000159999973],[9.050572395000017,11.686960220000003],[9.062050818999978,11.692000388999986],[9.067749977000005,11.695679665],[9.075940132000028,11.694789886000024],[9.085333823999974,11.692760468000017],[9.091155051999976,11.692950248999978],[9.099304199000017,11.693220139000005],[9.10982227300002,11.692399979000015],[9.123833655999988,11.691690445000006],[9.134351729999992,11.690859794999994],[9.144869803999995,11.690039635000005],[9.154101372000014,11.692669867999996],[9.158799170999998,11.69165992699999],[9.17272853899999,11.69328022000002],[9.184370041000022,11.693659781999997],[9.194807052999977,11.69517040300002],[9.200506210000015,11.698849677999988],[9.206001281999988,11.708350182000004],[9.211903571999983,11.706219673000021],[9.223464012000022,11.708919524999999],[9.23032665300002,11.712639808999995],[9.23710823099998,11.718689918999985],[9.246453284999973,11.725489616000004],[9.249150276000023,11.726077079999982],[9.248745917999997,11.730119704999993],[9.251040459000023,11.734760284000004],[9.251014709000003,11.737059593000026],[9.250990867999974,11.739359856000021],[9.249784470000009,11.742799758999979],[9.248576163999985,11.746239661999994],[9.245039940000026,11.74849986999999],[9.24269771600001,11.748470306000002],[9.240344047999997,11.749589920000005],[9.236831665000011,11.749549865999995],[9.234490395000023,11.749520302000008],[9.230990410000004,11.748330115999977],[9.228648185999987,11.748299599000006],[9.226319312999976,11.747119903999987],[9.222805977000007,11.747079848999988],[9.21813487999998,11.745869636999998],[9.215806007000026,11.74468994099999],[9.213463783000009,11.744660377999992],[9.209951401000012,11.744620322999992],[9.207622528000002,11.743439674000001],[9.202939033999996,11.743390083000008],[9.199206351999976,11.743344306999973],[9.194743156000015,11.743289947999983],[9.19238853500002,11.744409560999998],[9.190023422000024,11.746680260000005],[9.186487198000009,11.748940468],[9.180657386999997,11.746569632999979],[9.17831516299998,11.74654006999998],[9.175986290000026,11.745360373999972],[9.171327591000022,11.743000031000008],[9.167839049999998,11.740659714000003],[9.165521622000028,11.73832988700002],[9.163191794999989,11.737150192000001],[9.160850525,11.737119674999974],[9.150252341999987,11.742750167999986],[9.146703720000005,11.746159553999973],[9.146678925000003,11.74845981599998],[9.146655082999985,11.750760077999985],[9.147752761999982,11.757690430000025],[9.147705078000001,11.762290000999997],[9.147680283,11.764590263000002],[9.146485328999972,11.766880034999986],[9.145277976999978,11.77031993899999],[9.142875671000013,11.776049613999987],[9.141680716999986,11.77834034],[9.140437125999995,11.785229683000011],[9.140400886999998,11.788689612999974],[9.140376091000007,11.790989876000026],[9.141510962999973,11.794460297],[9.142633438000018,11.799079894999977],[9.143767357000002,11.802539824999997],[9.14488983199999,11.807160377999992],[9.148378372000025,11.80951023099999],[9.151855468999997,11.812999724999997],[9.15534210200002,11.815349578999985],[9.157659530999979,11.817680359000008],[9.161148071000014,11.820019721999984],[9.165782927999999,11.824689864999982],[9.170429230000025,11.828200340000024],[9.171575545999985,11.830510139000012],[9.175051688999986,11.834010123999974],[9.177382469000008,11.835189818999993],[9.180845261000002,11.839839934999986],[9.184321404000002,11.843330383000023],[9.188968658000022,11.846839905000024],[9.19128608699998,11.849169731000018],[9.19361495999999,11.850350380000009],[9.197104453999998,11.852700233000007],[9.198237419000009,11.856169700999999],[9.199383736000016,11.858480453000027],[9.200518607999982,11.861949921000019],[9.201664924999989,11.864270209999972],[9.205141067999989,11.867759705000026],[9.207457541999986,11.870100020999985],[9.210970879000001,11.870140075999984],[9.214470862999974,11.871330261000026],[9.219118117999983,11.874839783000027],[9.222618103000002,11.876040459000023],[9.226081847999978,11.880680084000005],[9.228399276999994,11.883009910999988],[9.229546546999984,11.885330199999999],[9.231851577999976,11.888810158000013],[9.234156609000024,11.89229011499998]]]},"properties":{"fid":368,"cty_nm":"Nigeria","iso3cd":"NGA","adm1nm":"Kano","adm2nm":"Gaya","adm1cd":"NGA020","adm2cd":"NGA020016"}},{"type":"Feature","id":369,"geometry":{"type":"Polygon","coordinates":[[[8.837242125999978,11.979829788000018],[8.830315589999998,11.986300468000024],[8.823126792999972,11.99190044400001],[8.817102432000013,11.997529983999982],[8.816939353999999,12.002180098999986],[8.820310592999988,12.005789757000002],[8.826130867000018,12.00597953800002],[8.831992148999973,12.005009651000023],[8.83889579800001,12.007559775999994],[8.842144965999978,12.01465988199999],[8.839571953000018,12.021570205999978],[8.837080956000023,12.026149750000002],[8.835713386999998,12.031929970000022],[8.831894874999989,12.041130065999994],[8.831650733999993,12.04811954500002],[8.831446647999996,12.053939818999993],[8.827710152000009,12.060810088999972],[8.826301575000002,12.067760468000017],[8.820318222000026,12.072219849000021],[8.815620421999995,12.073240279999993],[8.808554648999973,12.075340271000016],[8.800363541000024,12.076239585999986],[8.791971207000017,12.082949638000002],[8.788152695000008,12.092149733999975],[8.787989616000004,12.09681034099998],[8.786581993000027,12.103759765999996],[8.781681060999972,12.110589980999976],[8.779149055000005,12.116339684000025],[8.781029701000023,12.129220008999994],[8.782950400999994,12.140930175999983],[8.781582832000026,12.146719932999986],[8.77559852600001,12.151189804000012],[8.758014678999984,12.154109955000024],[8.749784470000009,12.15616989099999],[8.740470886000026,12.155870438000022],[8.733445168000003,12.15680027000002],[8.728910445999986,12.153160094999976],[8.72108745600002,12.143580437000026],[8.714304923999975,12.137530326999979],[8.701703071999987,12.131290435999972],[8.69379806500001,12.124039649999986],[8.692755698999974,12.12051010099998],[8.682603835999998,12.11085033400002],[8.67578125,12.105970382999999],[8.668999671999984,12.09992027300001],[8.667958259999978,12.09638977100002],[8.664546966999978,12.093950271999972],[8.656501769999977,12.093489647000013],[8.661379813999986,12.084520339999983],[8.662788390999992,12.077569961999984],[8.662951469000006,12.07291984599999],[8.664360046000013,12.065970420999975],[8.66572761499998,12.060190201000012],[8.665930747999994,12.054369925999993],[8.66497039799998,12.04850959800001],[8.66276359599999,12.044939994999993],[8.653654098999993,12.038809775999994],[8.646750450000013,12.036259651000023],[8.640970229999994,12.034899712000026],[8.632862090999993,12.033470153999986],[8.627081870999973,12.032119750999982],[8.62130165100001,12.030759810999996],[8.615562438999973,12.028249741000025],[8.612070083999981,12.028129578000005],[8.608658790999982,12.025690079000015],[8.606452941999976,12.022120475999998],[8.60545158399998,12.017430305000005],[8.605629921000002,12.012310028000002],[8.610433578000027,12.008270263999975],[8.612844467000002,12.00601005599998],[8.617703437999978,12.000340461999997],[8.620194434999974,11.995759964000001],[8.619152068999995,11.992230414999995],[8.615781783999978,11.988630295000007],[8.613616943000011,11.983889579999982],[8.616107940999996,11.979310036000015],[8.619763374000001,11.974769591999973],[8.624582291000024,11.970270157000016],[8.62819671599999,11.966890335000016],[8.632935524000004,11.964710235999974],[8.636468886999978,11.963660240000024],[8.644658089000018,11.962759972000015],[8.650520325000002,11.961790085000018],[8.655176163000021,11.961939812000026],[8.660997391000024,11.962129592999986],[8.668983459000003,11.967049599000006],[8.67351818100002,11.970700264000016],[8.67801284799998,11.975509643999999],[8.682587624000007,11.977990149999982],[8.688245773000006,11.982830047999983],[8.693984984999986,11.985349654999993],[8.703216553000004,11.987979888999973],[8.711325644999988,11.989410399999997],[8.71598243699998,11.989569663999987],[8.720679282999981,11.988550185999998],[8.726622581000015,11.985250473000008],[8.736221312999987,11.977410315999975],[8.741081237999992,11.97173976900001],[8.747105598000019,11.96611022899998],[8.751925468000024,11.961600304000001],[8.759114264999994,11.956009864999999],[8.766139029999977,11.95506954199999],[8.77087783799999,11.952899933000026],[8.780068398000026,11.95668983500002],[8.784644126999979,11.959170341000004],[8.789259910999988,11.96049022699998],[8.793794632000015,11.964130402000023],[8.799493789999985,11.967820168000003],[8.805314064000015,11.96800994900002],[8.808684348999975,11.971610069000008],[8.813219070000002,11.975259780999977],[8.818999290000022,11.97661018399998],[8.82245063800002,11.977890015000014],[8.825902939000002,11.97916984599999],[8.832847594999976,11.980560303000004],[8.837242125999978,11.979829788000018]]]},"properties":{"fid":369,"cty_nm":"Nigeria","iso3cd":"NGA","adm1nm":"Kano","adm2nm":"Gezawa","adm1cd":"NGA020","adm2cd":"NGA020017"}},{"type":"Feature","id":370,"geometry":{"type":"Polygon","coordinates":[[[8.532641410999986,11.989859581000019],[8.528306007000026,11.990429877999986],[8.517910003999987,11.987759589999996],[8.507432938000022,11.987420082000028],[8.497997284000007,11.99061012300001],[8.49313640600002,11.996279716000004],[8.489562987999989,11.998490333999996],[8.485948563000022,12.001870155000006],[8.481209755000009,12.004050254999981],[8.475267410000015,12.007349968000028],[8.470610619000013,12.007200241000021],[8.467647552000017,12.007940292],[8.464911460999986,12.003520012000024],[8.46391010299999,11.998820304999981],[8.469975470999998,11.992030144000012],[8.468974113000002,11.987330437000026],[8.471587181000018,11.979260445000023],[8.471872329999997,11.97111034400001],[8.470952988000022,11.964090347000024],[8.471115112000007,11.959429741000008],[8.472090720999972,11.954620361000025],[8.47701740299999,11.957289695999975],[8.480387688000008,11.960900306999974],[8.482634544000007,11.963299751000022],[8.484881400999996,11.965709686000025],[8.489376068000013,11.97052001999998],[8.493991852000022,11.971830367999985],[8.499731064000002,11.974349975999985],[8.505511284000022,11.975700377999999],[8.511292458000014,11.977060317999985],[8.514824867000016,11.976010323000025],[8.519481659000007,11.976160048999986],[8.52763080599999,11.976429939000013],[8.532287597999982,11.97657966600002],[8.533329009999989,11.98011016800001],[8.533084868999993,11.987090110999986],[8.532641410999986,11.989859581000019]]]},"properties":{"fid":370,"cty_nm":"Nigeria","iso3cd":"NGA","adm1nm":"Kano","adm2nm":"Gwale","adm1cd":"NGA020","adm2cd":"NGA020018"}},{"type":"Feature","id":373,"geometry":{"type":"Polygon","coordinates":[[[8.532287597999982,11.97657966600002],[8.52763080599999,11.976429939000013],[8.519481659000007,11.976160048999986],[8.514824867000016,11.976010323000025],[8.511292458000014,11.977060317999985],[8.505511284000022,11.975700377999999],[8.499731064000002,11.974349975999985],[8.493991852000022,11.971830367999985],[8.489376068000013,11.97052001999998],[8.484881400999996,11.965709686000025],[8.482634544000007,11.963299751000022],[8.480387688000008,11.960900306999974],[8.47701740299999,11.957289695999975],[8.472090720999972,11.954620361000025],[8.472523689000013,11.952480315999992],[8.476138115000026,11.94909954100001],[8.479793549000021,11.944560050999996],[8.487023353999973,11.93780994399998],[8.491842270000006,11.933300018000011],[8.497541427999977,11.936980247000008],[8.502116203000014,11.939459800999998],[8.508897780999973,11.945509910999988],[8.512309073999972,11.947950363000018],[8.517967224000017,11.952799797000011],[8.521338463000006,11.95641040800001],[8.526914596999973,11.963580132000004],[8.531245232000003,11.973050117000014],[8.532287597999982,11.97657966600002]]]},"properties":{"fid":373,"cty_nm":"Nigeria","iso3cd":"NGA","adm1nm":"Kano","adm2nm":"Kano Municipal","adm1cd":"NGA020","adm2cd":"NGA020021"}},{"type":"Feature","id":378,"geometry":{"type":"Polygon","coordinates":[[[8.383086204999984,12.443739891000007],[8.381777763000002,12.440420151000012],[8.374728203000018,12.442640304999998],[8.372350692999987,12.446069717],[8.369972228999984,12.449489594],[8.36759471900001,12.452919959999974],[8.36756992300002,12.45522022199998],[8.365203856999983,12.457489967000015],[8.36282634700001,12.46092033399998],[8.361631392999982,12.46321010600002],[8.360424041999977,12.466650008999977],[8.360399245999986,12.468950271999972],[8.358021736000012,12.472370147999982],[8.355643272000009,12.475799560999974],[8.350923538000018,12.479200363000018],[8.346204757999999,12.482600212000023],[8.343851088999998,12.483719826000026],[8.341496468000003,12.484840393000013],[8.339131355000006,12.487110137999991],[8.336777686999994,12.488240242000018],[8.333241462999979,12.490500450000013],[8.329715728999986,12.491609573000005],[8.327362060999974,12.492730140999981],[8.326167107000003,12.495019913000021],[8.322617530999992,12.498430251999991],[8.320240021000018,12.501850128000001],[8.316703796000013,12.50411987299998],[8.315496445000008,12.507559775999994],[8.31310653700001,12.512129784000024],[8.311886786999992,12.516719818000013],[8.311826705999977,12.522480011000027],[8.31179046599999,12.525930404999997],[8.31176567099999,12.528240203999985],[8.311741829000027,12.53054046599999],[8.311693192000007,12.535140038000009],[8.311668396000016,12.537449836999997],[8.311632155999973,12.540900229999977],[8.310412407000001,12.545490265000012],[8.31153488199999,12.550109862999989],[8.311498642000004,12.553560257000015],[8.311474799999985,12.555870056000003],[8.311450004999983,12.558170318999998],[8.311426163000021,12.560469626999975],[8.311389922999979,12.563920021000001],[8.310401916999979,12.567398071000014],[8.311315535999995,12.57083034499999],[8.311267853000004,12.575440406999974],[8.311231613000018,12.578889847000028],[8.310024261000024,12.582329749999985],[8.305280685000014,12.588029860999995],[8.301755904999993,12.589139938000017],[8.297048569000026,12.591380119000007],[8.294683455999973,12.593660354999997],[8.292304993000016,12.597080231000007],[8.29003333999998,12.599989891000007],[8.288505553999983,12.596460342],[8.284997939999982,12.59068012199998],[8.279722214000003,12.58631896999998],[8.277727126999991,12.585391044999994],[8.273418427000024,12.583386421],[8.271050452999987,12.583455086000015],[8.265061377999984,12.583629608000024],[8.25449562099999,12.584710121],[8.246279716000004,12.584650039999985],[8.240411757999993,12.584609984999986],[8.233366966000006,12.585709571999985],[8.226329802999999,12.583359717999997],[8.218124390000014,12.57870006600001],[8.214612007000028,12.575220107999996],[8.212272643999995,12.571740149999982],[8.20876789099998,12.564809798999988],[8.207610129999978,12.557889938000017],[8.207618712999988,12.554430007999997],[8.209979056999998,12.548689841999987],[8.209920882999995,12.540487288999998],[8.207287787999974,12.538229941999987],[8.203959465000025,12.533459662999974],[8.201751709000007,12.529890060000014],[8.197299004000001,12.523920058999977],[8.195174216999987,12.518019675999994],[8.192279815999996,12.508358955000006],[8.19146060899999,12.505533217999982],[8.18996334100001,12.500370025999985],[8.189619063999999,12.49662876100001],[8.188990593000028,12.489789963000021],[8.184671401999992,12.485050200999979],[8.179628372000025,12.478199958999994],[8.180137634000005,12.471504211000024],[8.174955367999985,12.468950271999972],[8.172616005000009,12.465479850999998],[8.167934418000016,12.459690093999995],[8.166771889000017,12.45506954199999],[8.163267136000002,12.448129654000013],[8.160938262999991,12.440050125000027],[8.15625,12.433686255999987],[8.153439521999985,12.429871558999992],[8.149413109000022,12.426790236999977],[8.139220238000007,12.418299675000014],[8.133535385000016,12.412210463999998],[8.131421089000014,12.410795211999982],[8.123453139999981,12.40869045300002],[8.11524295800001,12.40633010900001],[8.109377860999984,12.405130385999996],[8.101169586000026,12.401619911000012],[8.094127655000023,12.401570320000019],[8.091573714999981,12.400719643000002],[8.082398415,12.398039817999972],[8.078883170999973,12.39570999099999],[8.067153931000007,12.392169952000017],[8.062461853000002,12.390979766999976],[8.057500839,12.388819694999995],[8.04834937999999,12.383859633999975],[8.041289329999984,12.382889748000025],[8.045435904999977,12.379566193000016],[8.047389029999977,12.378000258999975],[8.06642341600002,12.366970062000007],[8.075818061999996,12.364939690000028],[8.085212707999972,12.362919807000026],[8.090344429000027,12.361060142999975],[8.094485282999983,12.364390372999992],[8.09902000400001,12.368029594000006],[8.10243129700001,12.370479584000009],[8.10817146300002,12.372989655000026],[8.116156578000016,12.377920151000012],[8.121977806000018,12.378109931999973],[8.126593590000027,12.379420279999977],[8.132536888000004,12.376119614000004],[8.13852024099998,12.371649741999988],[8.145627021999985,12.368390083000008],[8.149201392999998,12.366169930000012],[8.151611328000001,12.363920211999982],[8.158677101000023,12.361820221000016],[8.163496970999972,12.357319831999973],[8.171768187999987,12.354089736999981],[8.18112278000001,12.353230476000022],[8.188147544999993,12.352290154000002],[8.19646072400002,12.347900390999996],[8.203648567000016,12.342309951999994],[8.214207649000002,12.340319632999979],[8.222438812000007,12.338259697000012],[8.228422164999984,12.333789824999997],[8.234406471,12.329330443999993],[8.240348815999994,12.32602977800002],[8.245168686,12.321519851999994],[8.251029968000012,12.320549964999998],[8.258177756999999,12.316120147999982],[8.266489982999985,12.311730384999976],[8.2747612,12.308500289999984],[8.281826973000022,12.306400299000018],[8.29013919800002,12.302009582999972],[8.300820351000027,12.296529770000006],[8.307723999000018,12.299090385],[8.31354522700002,12.299280167000006],[8.322980880999978,12.296090126000024],[8.33241558100002,12.292900084999985],[8.33498859399998,12.285989760999996],[8.345506667999985,12.285169601000007],[8.350082396999994,12.28765010799998],[8.35453510299999,12.293620110000006],[8.357865333999996,12.298390387999973],[8.364809035999997,12.299779892000004],[8.378900527999974,12.296750068999984],[8.383517265000023,12.298060416999988],[8.389216422999993,12.301750183000024],[8.394955634999974,12.304260253999985],[8.402982711999982,12.308019638000019],[8.407476425000027,12.312829970999985],[8.413013458000023,12.321169853000015],[8.419875144999992,12.324890137000011],[8.428944587999979,12.332180022999978],[8.432314872999996,12.335789680000005],[8.437973021999994,12.340629578000005],[8.443906783999978,12.345930098999986],[8.445837020999988,12.349049567999998],[8.442141532999983,12.354749679999998],[8.43595409400001,12.365039824999997],[8.428602219000027,12.375289916999975],[8.42715358700002,12.383399962999988],[8.421170234999977,12.387869835000004],[8.41626930199999,12.394700049999983],[8.410284995999973,12.399169921999999],[8.403137206999986,12.403599739000015],[8.39719390900001,12.406900405999977],[8.391169547999993,12.412529945000017],[8.388637543000016,12.41827964800001],[8.38839340200002,12.425259589999996],[8.385821341999986,12.432169913999985],[8.383086204999984,12.443739891000007]]]},"properties":{"fid":378,"cty_nm":"Nigeria","iso3cd":"NGA","adm1nm":"Kano","adm2nm":"Kunchi","adm1cd":"NGA020","adm2cd":"NGA020026"}},{"type":"Feature","id":379,"geometry":{"type":"Polygon","coordinates":[[[8.518382072000009,11.840929985000002],[8.513603209999985,11.844269752999992],[8.505331993000027,11.847490311000001],[8.500716209000018,11.846179962000008],[8.493812561000027,11.843620299999998],[8.490401268000028,11.841179848000024],[8.483375549000016,11.842109680000021],[8.476349830999993,11.843050002999973],[8.465912818999982,11.84154987300002],[8.461338043000012,11.839059829999997],[8.452146529999993,11.835269928000002],[8.445283889999985,11.831549644000006],[8.439625739999997,11.826700211000002],[8.43172073400001,11.819450377999999],[8.427349090999996,11.811149596999996],[8.424222945999986,11.800559997999983],[8.418604850999998,11.794549942000003],[8.408493996000004,11.783729553],[8.40520477299998,11.77779006999998],[8.400874138000006,11.768329619999975],[8.396544456000015,11.758859633999975],[8.393294334000018,11.751759529000026],[8.396787642999982,11.751879691999989],[8.40023899099998,11.753149985999983],[8.404895781999983,11.753310204000002],[8.40838813800002,11.75341987600001],[8.412084579000009,11.747710228000017],[8.413452147999976,11.741930007999997],[8.414778709000018,11.73731041000002],[8.418516158999978,11.730440139999985],[8.419883728000002,11.724659920000022],[8.42478466,11.717820168000003],[8.434057236000001,11.719289779999997],[8.44212436700002,11.72189044999999],[8.446741104000012,11.723199844000021],[8.453685759999985,11.724599838000017],[8.459588051000026,11.722459792999985],[8.461997032,11.720210075000011],[8.466816902000005,11.715700149999975],[8.470472336,11.71115970599999],[8.472267150999983,11.703570366000008],[8.474208831999988,11.704290389999983],[8.483440399000017,11.70691966999999],[8.486892699999999,11.708200454999997],[8.490303992999998,11.710639953999987],[8.498249053999984,11.716730117999987],[8.503867148999973,11.722740172999977],[8.50699234000001,11.73332977299998],[8.506789206999997,11.73915004700001],[8.511242867000021,11.74512004899998],[8.514572143999999,11.749890327000003],[8.518984794999994,11.75702953299998],[8.52460193600001,11.763039589000016],[8.526848793,11.76543998699998],[8.53258800499998,11.76795959499998],[8.540615081999988,11.771719932999986],[8.548683166999979,11.774319649000006],[8.555627823000009,11.77571010600002],[8.561448096999982,11.77589988699998],[8.568514823999976,11.773799896000014],[8.57562255900001,11.770529747000012],[8.579277038999976,11.765990256999999],[8.58301353500002,11.75911998700002],[8.591448784000022,11.751239777000023],[8.596267699999999,11.746729850999998],[8.598718642999984,11.743309974999988],[8.604701996000017,11.738849640000012],[8.610685348999993,11.734379767999997],[8.616587638999988,11.73223972300002],[8.621326447000001,11.730070114],[8.626023293000003,11.729049683000028],[8.631885528999987,11.728079795999975],[8.63670444500002,11.723569870000006],[8.636419295999985,11.731719971000018],[8.637380599999972,11.737580299000001],[8.63584995299999,11.748020171999997],[8.62733459499998,11.758230208999976],[8.621228217999999,11.766189574999999],[8.610466002999999,11.774000167999986],[8.597415924000018,11.780570029999978],[8.588818549999985,11.793109893999997],[8.577893257000028,11.805569649000006],[8.568579673999977,11.805270194999991],[8.559062958000027,11.810790062000024],[8.546973228000013,11.823209763000023],[8.533964157000014,11.828610420000018],[8.52802085899998,11.83191966999999],[8.524365424999985,11.836460113999976],[8.518382072000009,11.840929985000002]]]},"properties":{"fid":379,"cty_nm":"Nigeria","iso3cd":"NGA","adm1nm":"Kano","adm2nm":"Kura","adm1cd":"NGA020","adm2cd":"NGA020027"}},{"type":"Feature","id":380,"geometry":{"type":"Polygon","coordinates":[[[8.559234618999994,11.87255954699998],[8.553250312999978,11.877030373000025],[8.546102523999991,11.881460189999984],[8.534379005000005,11.883410454],[8.52153301200002,11.884149551000007],[8.512260437000009,11.882679939000013],[8.504111290000026,11.882419586000026],[8.490140914999984,11.881959914999982],[8.48436069500002,11.880610466000007],[8.478499413000009,11.881580353000004],[8.471473693999997,11.882519721999984],[8.465652465999995,11.882329941000023],[8.460955619999993,11.883339881999973],[8.44549560500002,11.892160416000024],[8.443044661999977,11.895580291999977],[8.438225746,11.90007972699999],[8.434529305000012,11.905790329000013],[8.430832862999978,11.911499977000005],[8.424727440000026,11.919449805999989],[8.421072005999974,11.923999786000024],[8.417457581000008,11.927379608000024],[8.417660712999975,11.921560286999977],[8.416659354999979,11.916859627000008],[8.407590866000021,11.909569739999995],[8.404220581000004,11.905960083000025],[8.397479056999998,11.898750305000021],[8.388328552000019,11.893790244999991],[8.383834838999974,11.888979912000025],[8.375888824000015,11.88290023799999],[8.36918926200002,11.874520302000008],[8.363612175000014,11.867340087999992],[8.354543686,11.860050200999979],[8.344309807000002,11.852729796999995],[8.337528228999986,11.846679687000005],[8.329583168,11.840589523000006],[8.325611115000015,11.837550163000003],[8.321123123000007,11.836070060999987],[8.318429947000027,11.826239585999986],[8.312974929999996,11.81556987800002],[8.309685707000028,11.809639930999992],[8.302945136999995,11.802430152999989],[8.293753623999976,11.798629760999972],[8.288055419999978,11.794949531999976],[8.282315254000025,11.792429923999975],[8.27782154099998,11.78761959100001],[8.276502608999976,11.78369045300002],[8.278025626999977,11.78180027000002],[8.286459922999995,11.773920058999977],[8.287908554000012,11.76581001300002],[8.288234710999973,11.756489753999972],[8.287394523999978,11.747139930999992],[8.291213989000028,11.73793983500002],[8.292622565999977,11.730990410000004],[8.29623699199999,11.727620124999987],[8.301056861999996,11.723110199000018],[8.306918144000008,11.722140312000022],[8.31394386300002,11.721199989000013],[8.317558288999976,11.717820168000003],[8.318925858,11.712039947999983],[8.326993942000001,11.71463012700002],[8.332855225000003,11.713660240000024],[8.338635445000023,11.715009688999999],[8.346663475000014,11.718770027000005],[8.352442741000004,11.720129966999991],[8.358181952999985,11.722640038000009],[8.368537903000004,11.726479530000006],[8.376483916999973,11.732569694999995],[8.37989425699999,11.735010147000025],[8.383305549999989,11.737449646000016],[8.385552405999988,11.73985004399998],[8.388922691000005,11.743459701999996],[8.393294334000018,11.751759529000026],[8.396544456000015,11.758859633999975],[8.400874138000006,11.768329619999975],[8.40520477299998,11.77779006999998],[8.408493996000004,11.783729553],[8.418604850999998,11.794549942000003],[8.424222945999986,11.800559997999983],[8.427349090999996,11.811149596999996],[8.43172073400001,11.819450377999999],[8.439625739999997,11.826700211000002],[8.445283889999985,11.831549644000006],[8.452146529999993,11.835269928000002],[8.461338043000012,11.839059829999997],[8.465912818999982,11.84154987300002],[8.476349830999993,11.843050002999973],[8.483375549000016,11.842109680000021],[8.490401268000028,11.841179848000024],[8.493812561000027,11.843620299999998],[8.500716209000018,11.846179962000008],[8.505331993000027,11.847490311000001],[8.513603209999985,11.844269752999992],[8.518382072000009,11.840929985000002],[8.521630286999994,11.848030090000009],[8.523755074000007,11.853919983000026],[8.528248786999995,11.858730315999992],[8.533988953000005,11.861249923999992],[8.539769173000025,11.862600326999996],[8.546672821000016,11.865159988000016],[8.551247596999985,11.867639542000006],[8.555823325999995,11.87012004899998],[8.559234618999994,11.87255954699998]]]},"properties":{"fid":380,"cty_nm":"Nigeria","iso3cd":"NGA","adm1nm":"Kano","adm2nm":"Madobi","adm1cd":"NGA020","adm2cd":"NGA020028"}},{"type":"Feature","id":381,"geometry":{"type":"Polygon","coordinates":[[[8.61128044100002,12.250720023999975],[8.611198424999998,12.253049850000025],[8.606216431000007,12.262209891999987],[8.604807854,12.26914978000002],[8.601111412000023,12.274860381999986],[8.598620415000028,12.279439926000009],[8.593800545000022,12.283949851999978],[8.589941978000013,12.294309616000021],[8.586042404000011,12.305839538999976],[8.584674834999987,12.311619758999996],[8.583144188000006,12.322059631000002],[8.575874328999987,12.329979896999987],[8.56635761299998,12.335499762999973],[8.556840896999972,12.341019630000005],[8.553185462999977,12.345560073999991],[8.549530028999982,12.350099564000004],[8.546998024000004,12.35585021999998],[8.544302940000023,12.366250037999976],[8.540526390000025,12.374279976000025],[8.534420012999988,12.382240294999974],[8.528558730999976,12.38321971900001],[8.52269744900002,12.384189606000007],[8.516998290999993,12.380510329999993],[8.511381148999988,12.374500275000003],[8.50809192700001,12.36855983700002],[8.502555846999996,12.360219954999991],[8.49918556199998,12.356619835000004],[8.493365288000007,12.356430053999986],[8.48846340199998,12.363260269000023],[8.489424706000023,12.369119644000023],[8.492713928,12.375049590999993],[8.498290062000024,12.382229805000009],[8.502621651000027,12.391690254000025],[8.503378868000027,12.403369903999987],[8.505462646000012,12.410429954999984],[8.506341933999977,12.418620110000006],[8.506097794000027,12.425609588999976],[8.504729270999974,12.431389808999995],[8.504526138000017,12.437210083000025],[8.505405425999982,12.44540023799999],[8.508694649000006,12.451330185000018],[8.509491920000016,12.461850165999977],[8.512619018999999,12.47243976599998],[8.520646095000018,12.476200103999986],[8.529796599999997,12.481160164000016],[8.539069175999998,12.48262977600001],[8.546012877999999,12.484020233000024],[8.55291652699998,12.486579894999977],[8.556368828000018,12.487850189000028],[8.560943603999988,12.490329741999972],[8.566601752999986,12.495180129999994],[8.565071106000005,12.50562000299999],[8.560089111000025,12.514780045000009],[8.557598113999973,12.519359588999976],[8.552737235999984,12.525030135999998],[8.550287247000028,12.528450012000008],[8.547836303999986,12.531860352000024],[8.542976378999981,12.537529945000017],[8.536911964000012,12.544329643000026],[8.533256531000006,12.548870087000012],[8.531970023999975,12.552330016999974],[8.53064346299999,12.556940079000015],[8.532849311999996,12.560509681999974],[8.538588523999977,12.563030243000014],[8.542080879000025,12.563139915000022],[8.545573235000006,12.563260077999985],[8.54914760600002,12.561039924999989],[8.556010246000028,12.564760207999996],[8.558135032999985,12.570659637000006],[8.556686400999979,12.578769684000008],[8.552908897000009,12.586810112000023],[8.550526618999982,12.594169616999977],[8.545679092,12.593560218999983],[8.53877544400001,12.591010094000012],[8.532208443000002,12.589968681000016],[8.529078484000024,12.590704917999972],[8.513886452000008,12.589536667000004],[8.499278069000013,12.586030960000016],[8.48058033000001,12.585446358000013],[8.47064685800001,12.587199210999984],[8.467391968000015,12.588199615000008],[8.465718268999979,12.586520194999991],[8.46340084100001,12.584179877999986],[8.461083411999994,12.581850051999993],[8.459937095999976,12.579540253000005],[8.457607268999993,12.578359604000013],[8.454143524000017,12.573710441999992],[8.450667381000017,12.570210456999973],[8.44834995299999,12.567879677000008],[8.446032523999975,12.565549850000025],[8.444886208000014,12.56324005099998],[8.442568778999998,12.560899733999975],[8.44144630400001,12.556280135999998],[8.439141273000018,12.552800178999973],[8.437994957,12.550490378999996],[8.43956375099998,12.545840263000002],[8.436027527000022,12.54318523400002],[8.435248375000015,12.540653228999986],[8.431115149999982,12.536589622000008],[8.429981231999989,12.533120155000006],[8.428834914999982,12.530799865999995],[8.42828369099999,12.524061202999974],[8.424247741999977,12.521530150999979],[8.421942710999986,12.518050194000011],[8.422387123000021,12.513678550999998],[8.420388221999985,12.510219574000018],[8.416210175000003,12.506469727000024],[8.413905144000012,12.50298976900001],[8.412758827000005,12.500670432999982],[8.409282684000004,12.49717044800002],[8.405806541000004,12.493679999999983],[8.403502463999985,12.490200043000016],[8.391890525999997,12.480839729000024],[8.389573096999982,12.478509902999974],[8.388425826999992,12.476200103999986],[8.388463020000017,12.472740172999977],[8.387315750000027,12.470430373999989],[8.387340546000019,12.468119621000028],[8.386205673000006,12.464659691000008],[8.385095595999985,12.458889961000011],[8.385131836000028,12.455430030999992],[8.385169028999996,12.451979637000022],[8.385205268999982,12.448519707000003],[8.383086204999984,12.443739891000007],[8.385821341999986,12.432169913999985],[8.38839340200002,12.425259589999996],[8.388637543000016,12.41827964800001],[8.391169547999993,12.412529945000017],[8.39719390900001,12.406900405999977],[8.403137206999986,12.403599739000015],[8.410284995999973,12.399169921999999],[8.41626930199999,12.394700049999983],[8.421170234999977,12.387869835000004],[8.42715358700002,12.383399962999988],[8.428602219000027,12.375289916999975],[8.43595409400001,12.365039824999997],[8.442141532999983,12.354749679999998],[8.445837020999988,12.349049567999998],[8.443906783999978,12.345930098999986],[8.449533463000023,12.343339920000005],[8.459172249000005,12.334329604999994],[8.465237617000014,12.327540397999996],[8.469055175999983,12.318340302000024],[8.478612899999973,12.311659813000006],[8.489416122000023,12.30268001600001],[8.492029189999982,12.294610023000018],[8.494683265999981,12.28536987299998],[8.496091842999988,12.278429985000002],[8.498133659000018,12.273790358999975],[8.501074791000008,12.269269942999983],[8.50352478000002,12.265850066999974],[8.508425713000008,12.259019851999994],[8.511918068,12.259129524000002],[8.517902374000016,12.254659652999976],[8.527133941999978,12.257300376999979],[8.528733252999984,12.25531005900001],[8.530789374999983,12.252750397],[8.536691666000024,12.250610352000024],[8.542593956000019,12.248479842999984],[8.549456596000027,12.25220012699998],[8.555155753999998,12.255880355999977],[8.558403968999983,12.262980460999984],[8.559405326999979,12.267669678000004],[8.561611175999985,12.271240234000004],[8.567269324999984,12.276089667999997],[8.572927474999972,12.280929565000008],[8.579994202000023,12.278829574999975],[8.583689690000028,12.273130417000004],[8.585139275000017,12.265020370000002],[8.587833405000026,12.254610061999983],[8.592694283000014,12.248950004999983],[8.597432136999998,12.246769905000008],[8.604376792999972,12.248160362000021],[8.61128044100002,12.250720023999975]]]},"properties":{"fid":381,"cty_nm":"Nigeria","iso3cd":"NGA","adm1nm":"Kano","adm2nm":"Makoda","adm1cd":"NGA020","adm2cd":"NGA020029"}},{"type":"Feature","id":382,"geometry":{"type":"Polygon","coordinates":[[[8.731102942999996,12.271685600000012],[8.725515366000025,12.283579825999993],[8.718164444000024,12.293829917999972],[8.714386939999997,12.301870345999987],[8.708402633999981,12.30632972699999],[8.697925568000016,12.305990219000023],[8.692145347999997,12.30463981600002],[8.682953834999978,12.300840377999975],[8.67842006699999,12.297200202999989],[8.675089835999984,12.292429923999975],[8.669553757000017,12.284090042000003],[8.667469977999986,12.277029991000006],[8.664139748000025,12.272259711999993],[8.659605026000008,12.268610001000013],[8.651455879000025,12.268349648000026],[8.64579868300001,12.263500213999976],[8.638935088999972,12.25977992999998],[8.63427829699998,12.259630202999972],[8.628539085,12.257109641999989],[8.619347571999981,12.253310204000002],[8.61128044100002,12.250720023999975],[8.604376792999972,12.248160362000021],[8.597432136999998,12.246769905000008],[8.592694283000014,12.248950004999983],[8.587833405000026,12.254610061999983],[8.585139275000017,12.265020370000002],[8.583689690000028,12.273130417000004],[8.579994202000023,12.278829574999975],[8.572927474999972,12.280929565000008],[8.567269324999984,12.276089667999997],[8.561611175999985,12.271240234000004],[8.559405326999979,12.267669678000004],[8.558403968999983,12.262980460999984],[8.555155753999998,12.255880355999977],[8.549456596000027,12.25220012699998],[8.542593956000019,12.248479842999984],[8.536691666000024,12.250610352000024],[8.530789374999983,12.252750397],[8.528733252999984,12.25531005900001],[8.527378081999984,12.25030994399998],[8.522965430999989,12.24316978500002],[8.519636154000011,12.23840045899999],[8.51875686599999,12.230219841000007],[8.520124435000014,12.224430084000005],[8.522738457000003,12.216360092000002],[8.522062301999995,12.202349663000007],[8.517730712999992,12.192890166999973],[8.518219948000024,12.178919791999988],[8.518626213000005,12.167269707000003],[8.519994736000001,12.161490440000023],[8.51799106599998,12.152099609000004],[8.518317222999997,12.142789841000024],[8.517356872999983,12.136930466000024],[8.516518593,12.127579689000015],[8.531652451000014,12.12806987800002],[8.53867816899998,12.127140044999976],[8.546949386999984,12.123909949999984],[8.557793617000016,12.113769531000003],[8.568718909999973,12.101309775999994],[8.574824332999981,12.093350410000028],[8.580889701999979,12.086560249000001],[8.591610908999996,12.079910278],[8.601128577999987,12.074399948000007],[8.610360146000005,12.077030181999987],[8.618387222000024,12.080789566000021],[8.625290871000004,12.083339690999992],[8.631071091000024,12.084699630999978],[8.634482384000023,12.087140083000008],[8.637892722999993,12.089579581999999],[8.644837379000023,12.090970039000013],[8.656501769999977,12.093489647000013],[8.664546966999978,12.093950271999972],[8.667958259999978,12.09638977100002],[8.668999671999984,12.09992027300001],[8.67578125,12.105970382999999],[8.682603835999998,12.11085033400002],[8.692755698999974,12.12051010099998],[8.69379806500001,12.124039649999986],[8.701703071999987,12.131290435999972],[8.714304923999975,12.137530326999979],[8.72108745600002,12.143580437000026],[8.728910445999986,12.153160094999976],[8.72870635999999,12.158980369999995],[8.731915474000004,12.167240143000015],[8.733876227999986,12.177800178999973],[8.734674454000015,12.188309668999977],[8.734307289000014,12.198789596999973],[8.732858657999998,12.206899642999986],[8.730245589999981,12.214969634999989],[8.724909781999997,12.214289665000024],[8.72137260400001,12.21654987300002],[8.721336365000013,12.220000266999989],[8.721287727000004,12.224610328999972],[8.72243404400001,12.226920128000017],[8.722386359999973,12.23153019],[8.72353267699998,12.233849524999982],[8.72480010999999,12.238014221000014],[8.725776671999995,12.243080139000028],[8.726899146999983,12.247699737999994],[8.726851463000003,12.252309798999988],[8.72799682599998,12.254630088999988],[8.726489066999989,12.258836745999986],[8.729070663000016,12.263850212000023],[8.729884147999996,12.266115189000004],[8.729993820000004,12.268698691999987],[8.731102942999996,12.271685600000012]]]},"properties":{"fid":382,"cty_nm":"Nigeria","iso3cd":"NGA","adm1nm":"Kano","adm2nm":"Minjibir","adm1cd":"NGA020","adm2cd":"NGA020030"}},{"type":"Feature","id":383,"geometry":{"type":"Polygon","coordinates":[[[8.605629921000002,12.012310028000002],[8.60087585399998,12.014949799000021],[8.593728064999993,12.01937961599998],[8.587906836999991,12.01918983500002],[8.582086563000018,12.019000053000013],[8.575141906999988,12.017600060000007],[8.569239616000004,12.019740104999983],[8.563418388000002,12.019550322999976],[8.55992603300001,12.019439696999996],[8.560211181999989,12.011289596999973],[8.557003021000014,12.00302982300002],[8.554919242999972,11.995960235999974],[8.553917884999976,11.99127006499998],[8.550628662000008,11.98534011800001],[8.545748710999987,11.982689857000025],[8.549627304000012,11.980640411000024],[8.55910396600001,11.976289748999989],[8.565087317999996,11.97181987800002],[8.572195052999973,11.968560218999983],[8.582794189000026,11.965410233],[8.589901924000003,11.962140083000008],[8.591597557,11.959779738999998],[8.594652176000011,11.960180283],[8.60021591200001,11.967140197999981],[8.602422714,11.970709800999998],[8.605792999000016,11.974309920999985],[8.607998848000022,11.977879524000002],[8.610245705000011,11.980290412999977],[8.613616943000011,11.983889579999982],[8.615781783999978,11.988630295000007],[8.619152068999995,11.992230414999995],[8.620194434999974,11.995759964000001],[8.617703437999978,12.000340461999997],[8.612844467000002,12.00601005599998],[8.610433578000027,12.008270263999975],[8.605629921000002,12.012310028000002]]]},"properties":{"fid":383,"cty_nm":"Nigeria","iso3cd":"NGA","adm1nm":"Kano","adm2nm":"Nasarawa","adm1cd":"NGA020","adm2cd":"NGA020031"}},{"type":"Feature","id":384,"geometry":{"type":"Polygon","coordinates":[[[8.654732704000025,11.60424995400001],[8.64551353500002,11.604980468999997],[8.634913444999995,11.60813045499998],[8.629052161999994,11.609109879000016],[8.622026442999982,11.610039711000013],[8.609342575000028,11.606129646],[8.60360336299999,11.603610038999989],[8.595657349000021,11.597530365000011],[8.592409133999979,11.590430260000005],[8.589323997000008,11.578669547999993],[8.580213547000028,11.572549820000006],[8.574515342999973,11.568860054000027],[8.563793181999984,11.575510025000028],[8.560015678000013,11.583539963000021],[8.560894965999978,11.591730117999987],[8.560691833000021,11.597550392000016],[8.549009323000007,11.598340033999989],[8.530626297000026,11.590740203999985],[8.520433426000011,11.582249640999976],[8.513611793999985,11.577369690000012],[8.503255844000023,11.573530197000025],[8.498640060000014,11.572219849000021],[8.491736412000023,11.56966018700001],[8.487120628000014,11.568340302000024],[8.480094909999991,11.569279671000004],[8.472114562999991,11.572950363000018],[8.464838982000003,11.57227992999998],[8.460344314999986,11.567469597000013],[8.456892966999987,11.56618976599998],[8.452236175999985,11.566040038999972],[8.44512939499998,11.569299698000009],[8.439267158999996,11.570280075000028],[8.435693741000023,11.572489738000002],[8.431036948999974,11.572340011999984],[8.426380156999983,11.572190284999976],[8.42059993700002,11.570839881999973],[8.422009467999999,11.563890457000014],[8.422252655000023,11.556900024000015],[8.422577858000011,11.547590255999978],[8.423946381000007,11.541810036000015],[8.426600456000017,11.532569884999987],[8.42825221999999,11.518639565],[8.42974185899999,11.509360313000002],[8.426616668999998,11.498769760000016],[8.425737380999976,11.490579604999994],[8.424898148000011,11.481229782000014],[8.41940307599998,11.471730232000027],[8.411620140000025,11.460989951999977],[8.411824226000022,11.455160141000022],[8.412231444999975,11.443519591999973],[8.414925574999984,11.433119773999977],[8.418744086999993,11.423919678000004],[8.417904854000028,11.414569855000025],[8.418062210000016,11.410079956000004],[8.421642302999999,11.407699584999989],[8.431159019000006,11.402179718000014],[8.439552306999985,11.395460129000014],[8.446741104000012,11.389869690000012],[8.45164203600001,11.383040428000015],[8.458830832999979,11.37744045300002],[8.467142104999994,11.373049735999984],[8.475535392999973,11.366330146999985],[8.48501205399998,11.36198043799999],[8.499103546000015,11.358940125000004],[8.515565872000025,11.354820250999978],[8.526328087000024,11.34700965899998],[8.54407596599998,11.339429854999992],[8.557003021000014,11.336359978000019],[8.56519317599998,11.33545970900002],[8.576957703000005,11.33234977699999],[8.585146903999998,11.33145046200002],[8.593296050999982,11.33172035199999],[8.599076271000001,11.333069801000022],[8.605939864999982,11.336790085000018],[8.610473633000026,11.340439795999998],[8.617394446999981,11.345740318000026],[8.611149787999977,11.354439735000028],[8.606329917999972,11.358949660999997],[8.601428985999974,11.365779877000023],[8.598856925999996,11.372690201000012],[8.596446990999993,11.374939918999985],[8.593914986000016,11.380689620999988],[8.592384337999988,11.391130447000023],[8.598041534000004,11.395970345000023],[8.603781700000013,11.398489951999977],[8.604743004,11.404350281000006],[8.604538918000003,11.410169601000007],[8.60433578499999,11.415989876000026],[8.604091643999993,11.422980309000025],[8.600192069999991,11.434499741000025],[8.596211433000008,11.448360443000013],[8.594639777999987,11.459959984000022],[8.593190192999998,11.468079567000018],[8.592823982000027,11.478549956999984],[8.596032143000002,11.486820221000016],[8.595746994000024,11.494970321999972],[8.597830772000009,11.502030373000025],[8.602162361000012,11.511489868000012],[8.612314223999988,11.521149634999972],[8.618053436000025,11.523670197000001],[8.627285003999987,11.526300429999992],[8.63739681200002,11.537119865000022],[8.642891883999994,11.546620368999982],[8.642606735000015,11.554770469999994],[8.645691871999986,11.566530227999976],[8.647776604,11.573590278999973],[8.650902748000021,11.584179877999986],[8.651741028000004,11.593529701000023],[8.653824805999989,11.600589752000019],[8.654732704000025,11.60424995400001]]]},"properties":{"fid":384,"cty_nm":"Nigeria","iso3cd":"NGA","adm1nm":"Kano","adm2nm":"Rano","adm1cd":"NGA020","adm2cd":"NGA020032"}},{"type":"Feature","id":386,"geometry":{"type":"Polygon","coordinates":[[[7.968175888000019,11.643480301000011],[7.958862781999983,11.643179893000024],[7.951960086999975,11.640620232000003],[7.941563128999974,11.637949944000013],[7.936905861000014,11.637800217000006],[7.929881095999974,11.638739585999986],[7.922732829999973,11.643170356999974],[7.917912960000024,11.647669791999988],[7.909177779999993,11.653900146000012],[7.906189918999985,11.649620056000003],[7.90041017499999,11.648260117000007],[7.893343925000011,11.650369644000023],[7.884029865000002,11.650059699999986],[7.878250121999997,11.648710251000011],[7.871345996999992,11.646149634999972],[7.862195969000027,11.641189574999999],[7.850677012999995,11.637319564999984],[7.841444016000025,11.634690284999976],[7.825228213999992,11.63183021499998],[7.813666821000027,11.62911987299998],[7.797491073999993,11.625089645000003],[7.781395911999994,11.618740081999988],[7.771039963000021,11.614910125999984],[7.7596430780000105,11.607540131000007],[7.745916842999975,11.600099564000004],[7.734560013000021,11.591569901000014],[7.728901862999976,11.58672046700002],[7.7256541250000055,11.579629898000007],[7.724855900000023,11.569109916999992],[7.720403194000028,11.563139915000022],[7.711496829999987,11.551190376000022],[7.704755782999996,11.543979644999979],[7.6991791730000045,11.536800384999992],[7.693725109000013,11.52614021300002],[7.689393997000025,11.51667022700002],[7.687593936999974,11.501460075000011],[7.686756134000007,11.492110251999975],[7.685876845999985,11.48392009700001],[7.689734935999979,11.473560333000023],[7.692019938999977,11.467420577999974],[7.693179131000022,11.461266518000002],[7.697787285000004,11.447480202000008],[7.69821357699999,11.444707870000002],[7.699106216000018,11.438899993999996],[7.708590984000011,11.426064490999977],[7.712563037999985,11.420689583000012],[7.7284297940000215,11.400230408000027],[7.73706817599998,11.386520385999972],[7.747961520999979,11.379776955000011],[7.751364231000025,11.37767028799999],[7.771317005000014,11.373660088000008],[7.777465819999975,11.371832847999997],[7.780248642000004,11.375066757000013],[7.784145831999979,11.37752819100001],[7.7943000789999815,11.376326560999985],[7.805765629000007,11.376355171],[7.818505764000008,11.376386642],[7.824950694999984,11.378852843999994],[7.832557200999986,11.377646446000028],[7.838889122000012,11.376436233999982],[7.84820318200002,11.376726151000014],[7.851807593999979,11.376381874000003],[7.854734898000004,11.376102447999983],[7.8631172180000135,11.378831863000016],[7.8651900290000185,11.379095077999978],[7.867611884999974,11.38068294499999],[7.872314930000016,11.385109901000021],[7.876728058000026,11.392250061000027],[7.8835091590000275,11.398300171000017],[7.888043879999998,11.401940346000004],[7.892619132999982,11.404419899000004],[7.897386551000011,11.408452033999993],[7.900600433000022,11.41117000600002],[7.903409004000025,11.413414000999978],[7.907345771999985,11.416560172999993],[7.910758018000024,11.418999671999984],[7.919785976000014,11.427450179999994],[7.9289360050000255,11.432410240000024],[7.937151909000022,11.441698073999987],[7.945910931000014,11.446949958999994],[7.952085495000006,11.451363564000019],[7.95774841299999,11.455411910999999],[7.966539860000012,11.456950188000008],[7.972239016999993,11.460630417000004],[7.983635902000003,11.46800041199998],[7.9902067180000245,11.469874382],[7.997484207000014,11.471949576999975],[8.008963585000004,11.476980208999976],[8.025098801000013,11.482170105000023],[8.033166885000014,11.484769820999986],[8.037863731000016,11.483750342999997],[8.034127235000028,11.490619659000004],[8.034859657000027,11.495086669999978],[8.036048889000028,11.502340317000005],[8.040257454000027,11.515299797000011],[8.03884887700002,11.52225017500001],[8.028127670000003,11.52888965599999],[8.017568588000017,11.530879974000015],[8.010379790999991,11.536470413000018],[8.001823424999998,11.54784011800001],[8.000374793999981,11.555959701999996],[7.993185997000012,11.561550140000008],[7.98944902400001,11.568420409999987],[7.989285945999995,11.57308006300002],[7.985508918999983,11.581110001000013],[7.978320122000014,11.586709976000009],[7.974624156999994,11.592410088000008],[7.969683169999996,11.600410461000024],[7.9716439250000235,11.610960007000017],[7.972524166000028,11.619150161999983],[7.97219800900001,11.62845993000002],[7.969502926000018,11.638859749000005],[7.968175888000019,11.643480301000011]]]},"properties":{"fid":386,"cty_nm":"Nigeria","iso3cd":"NGA","adm1nm":"Kano","adm2nm":"Rogo","adm1cd":"NGA020","adm2cd":"NGA020034"}},{"type":"Feature","id":387,"geometry":{"type":"Polygon","coordinates":[[[8.017502784999976,12.16606998399999],[8.017380714000012,12.169569969000008],[8.01609516100001,12.173020362999978],[8.012520789999996,12.175230026000008],[8.008947372000023,12.177450179999994],[8.005454063000002,12.177330016999974],[8.000798224999983,12.177180290000024],[7.997345924000001,12.17590045899999],[7.992689132999999,12.175749779],[7.989318847999982,12.172140120999984],[7.980045795000024,12.170680045999973],[7.9753890040000215,12.170530319000022],[7.972939014000019,12.17393970500001],[7.96932506600001,12.177319527000009],[7.964626789000022,12.178330420999998],[7.957478999999978,12.182760239000004],[7.9514141079999945,12.189559937000013],[7.945429801999978,12.194020271],[7.938323020999974,12.197290420999991],[7.93591404,12.199540137999975],[7.931094169999994,12.204050064],[7.923945903999993,12.208470345000023],[7.919167995000009,12.211810112000023],[7.911979197999983,12.217410088000008],[7.907158852000009,12.221910476999994],[7.903462886999989,12.227620124999987],[7.89623403500002,12.234379767999997],[7.893743038000025,12.238960265999992],[7.892374991999986,12.244739531999983],[7.886147021999989,12.256190300000014],[7.880204201000026,12.259490013000004],[7.876427174000014,12.26753044100002],[7.871525764000012,12.274359703000016],[7.867869853999991,12.278900146000012],[7.86184596999999,12.284540176000007],[7.8569860459999745,12.290200233000007],[7.856822968000017,12.294859885999983],[7.849283217999982,12.302490234000004],[7.845481872999983,12.299396515000012],[7.842838287000006,12.297245025999985],[7.841101170000002,12.292590141000005],[7.8392009739999935,12.288644791000024],[7.836348057000009,12.279554367000003],[7.833230018999984,12.26961994200002],[7.831252097999993,12.264719008999975],[7.832736015000023,12.254599571000028],[7.830403805000003,12.24767971],[7.830414771999983,12.243069649000006],[7.829251766000027,12.238450049999983],[7.824202060999994,12.230433463999987],[7.824594975000025,12.222290038999972],[7.824627876000022,12.208470345000023],[7.825815201000012,12.202710152000009],[7.822312832000023,12.194620132000011],[7.824687003999998,12.183119773999977],[7.827044963999981,12.178529738999998],[7.827062130000002,12.171620368999982],[7.827077866000025,12.16469955399998],[7.8282618520000256,12.16009998300001],[7.830101490000004,12.148550987000021],[7.830353736999996,12.145118712999988],[7.834181785999988,12.138259887999993],[7.836537838000027,12.13481998399999],[7.838901043000021,12.127920151000012],[7.835870265999972,12.118387222000024],[7.836692809999988,12.116015434000019],[7.837088585000004,12.112846375000004],[7.838970184000004,12.108272552000017],[7.837967873000025,12.100769996999986],[7.837982178000004,12.092301368999983],[7.837185383000019,12.089837074000002],[7.840186119000009,12.080690383999979],[7.841379166000024,12.072640418999981],[7.840220928000008,12.06571960399998],[7.840229987999976,12.062259674000018],[7.837104796999995,12.058790207000015],[7.83630800200001,12.048270226],[7.836505412999998,12.04261016800001],[7.840285778000009,12.038069725000014],[7.841475963999983,12.031160354999997],[7.841492175999974,12.024250031000008],[7.837986946000001,12.017310142999975],[7.837996006000026,12.013859749000005],[7.835505485999988,12.009267807000015],[7.836443423999981,12.006635666000022],[7.837253571000019,12.004363060000003],[7.848536014999979,11.998550415000011],[7.855682849999994,11.994119644000023],[7.864077091000013,11.987409592000006],[7.870182990999979,11.979450225999983],[7.877329825999993,11.975020409000024],[7.884519099999977,11.969420432999982],[7.891666889000021,11.965000153000005],[7.899938107000025,11.961770058000013],[7.902389050000011,11.958350182000004],[7.903716087000021,11.953729629999998],[7.9062070850000055,11.949150084999985],[7.910984993,11.945810317999985],[7.914558886999998,11.943599700999982],[7.922667980000028,11.945030212000006],[7.927243233000013,11.947509765999996],[7.934105873000021,11.951230049000003],[7.940886974000023,11.957280158999993],[7.9476690289999965,11.963330268999982],[7.960474968000028,11.963749886000016],[7.968543053000019,11.966340064999997],[7.97793817500002,11.964309691999972],[7.9919080729999905,11.964770316999989],[8.004917144999979,11.959369659000004],[8.013147354000012,11.957300185999998],[8.021379470999989,11.955240249999974],[8.030854224999985,11.950889587000006],[8.037839889999987,11.951120376999995],[8.042536735999988,11.950110435],[8.04835796399999,11.950300217000006],[8.056670188999988,11.945899962999988],[8.059161185999983,11.941320419000022],[8.062387466000018,11.937319756000022],[8.064982413999985,11.941510201000028],[8.067147255000009,11.946249962000024],[8.070476531999986,11.95102024099998],[8.07139682799999,11.958040236999977],[8.075808525000014,11.965180396999983],[8.079139709000003,11.969949722000024],[8.08363342299998,11.97476005599998],[8.08708476999999,11.976039886000024],[8.095233916999973,11.97630024],[8.106875419999994,11.976679801999978],[8.115187644999992,11.972290038999972],[8.123458862000007,11.96905994399998],[8.134017943999993,11.967080115999977],[8.141003608999995,11.967309951999994],[8.145659447000014,11.967459679000001],[8.150235176000024,11.969940185999974],[8.155934333999994,11.973620415000028],[8.159625053000013,11.977569580000022],[8.156894684000008,11.979479790000028],[8.148501395999972,11.986200333],[8.141434668999977,11.988300322999976],[8.136655807000011,11.991640091000022],[8.131836890999978,11.996139525999979],[8.126894950999997,12.004139899999984],[8.123199462999992,12.009849547999977],[8.121789932000013,12.016799927000022],[8.122629166000024,12.026149750000002],[8.123386383000025,12.037830353000004],[8.121977806000018,12.04477024099998],[8.114707947,12.052689552000004],[8.102862357999982,12.058139800999982],[8.089893340999993,12.062370299999998],[8.079416275000028,12.06202983899999],[8.063117981000005,12.061499595999976],[8.05725574500002,12.062470436000012],[8.053763389999972,12.062359809999975],[8.046778678999999,12.062129974000015],[8.040916443000015,12.063110352000024],[8.035055161000002,12.064080237999974],[8.031481742999972,12.066300392000016],[8.026702881000006,12.069640160000006],[8.023006439000028,12.075340271000016],[8.020556450000015,12.078760147000025],[8.017983436999998,12.085670471000014],[8.015370368999982,12.093740463000017],[8.013961791999975,12.100689887999977],[8.01263523099999,12.105310439999982],[8.013636588999987,12.109999657000003],[8.01222801199998,12.116950035000002],[8.012105942000005,12.12043952900001],[8.012822151000023,12.13329029099998],[8.013824462999992,12.137980460999984],[8.014783858999976,12.143839835999984],[8.01570415499998,12.150859833000027],[8.017828941000005,12.15676021600001],[8.017706870999973,12.160249710000016],[8.017502784999976,12.16606998399999]]]},"properties":{"fid":387,"cty_nm":"Nigeria","iso3cd":"NGA","adm1nm":"Kano","adm2nm":"Shanono","adm1cd":"NGA020","adm2cd":"NGA020035"}},{"type":"Feature","id":388,"geometry":{"type":"Polygon","coordinates":[[[9.016633986999977,11.50117015799998],[9.011519432,11.503870010000014],[9.009067534999986,11.507289886000024],[9.001839637999979,11.514049530000023],[8.996897697000009,11.522040366999988],[8.990711212000008,11.532329559000004],[8.984482764999996,11.543780326999979],[8.97962284099998,11.549449921000019],[8.970024109000008,11.557299613999987],[8.961630821000028,11.564020157000016],[8.955688477000024,11.567319870000006],[8.94400501299998,11.568099975999985],[8.93826580000001,11.565580367999985],[8.932607651000012,11.560740470999974],[8.925786017999997,11.555850028999998],[8.915512084999989,11.549690247000001],[8.901744843000017,11.543410300999994],[8.89600562999999,11.540900229999977],[8.889183998000021,11.53600978899999],[8.882523536999997,11.526470184000004],[8.881726264999998,11.515950202999989],[8.882132529999978,11.504309653999996],[8.880089759999976,11.496089934999986],[8.87792396499998,11.49135017399999],[8.875881194999977,11.48313045499998],[8.869262694999975,11.472419738999974],[8.863604545999976,11.46757984200002],[8.859150886999998,11.461600304000001],[8.853696823000007,11.450940132000028],[8.852736472999993,11.445079802999999],[8.849691391000022,11.432160377999992],[8.844481468000026,11.41450977300002],[8.837780952000003,11.40612983699998],[8.829794884000023,11.401209831000017],[8.820603371000004,11.397410392999973],[8.815946579000013,11.397259711999993],[8.806755065999994,11.393460274000006],[8.802180290000024,11.390979766999976],[8.794062613999984,11.388669967999988],[8.794397354000012,11.380240440000023],[8.792312621999997,11.373180389000026],[8.790269851999994,11.364950179999994],[8.78706169100002,11.356690406999974],[8.784301758000026,11.335619925999993],[8.78129863700002,11.321530342000017],[8.778375626000013,11.305120467999984],[8.770836830000007,11.287389754999992],[8.761726378999981,11.281270027000005],[8.749043465,11.277359961999991],[8.74326324499998,11.276000022999995],[8.735358238000003,11.268750190999981],[8.73098659499999,11.260450363000018],[8.728942871000015,11.252229691000025],[8.725775719000012,11.242799758999979],[8.72260856600002,11.23336982699999],[8.721689223999988,11.226349830999993],[8.72334194199999,11.21242046399999],[8.727119446000017,11.204380034999986],[8.733346939,11.192930221999973],[8.740698813999984,11.182680129999994],[8.756320953,11.169199944000013],[8.76600074800001,11.159029960999987],[8.77941703800002,11.141980171],[8.788893700000017,11.137630462999994],[8.801063537999994,11.122879981999972],[8.80645751999998,11.116833686999996],[8.816768646000014,11.107069969000008],[8.822860718000015,11.099499702000003],[8.827490807000004,11.10042953499999],[8.83688545199999,11.098409652999976],[8.842787742999974,11.096269608],[8.849854468999979,11.094169616999977],[8.856920242000001,11.092069626000011],[8.866314887999977,11.090040207000015],[8.874505043,11.089139938000017],[8.883614539999996,11.095270157000016],[8.889313698000024,11.098950386000013],[8.896217346000014,11.101510048000023],[8.900711059999992,11.106320380999989],[8.906328201000008,11.112330437000026],[8.908493996000004,11.117059708],[8.911824226000022,11.121829987000012],[8.915111541999977,11.127770424000005],[8.919607161999977,11.132570267000006],[8.924100876000011,11.137379646],[8.927430152999989,11.142149925000012],[8.928432465000014,11.146849631999999],[8.930678367999974,11.149250031000008],[8.93404865299999,11.152859687999978],[8.935091019000026,11.156390190000025],[8.937296866999986,11.159959792999985],[8.939543723999975,11.162360191000005],[8.944038390999992,11.167169570999988],[8.947367668000027,11.171939850000001],[8.950778961000026,11.174380301999975],[8.955313682999986,11.178030014],[8.962135315000012,11.182909966000011],[8.97012233700002,11.187840461999997],[8.976984978000019,11.191559792000021],[8.982683182000017,11.195240021000018],[8.984889984000006,11.198809623999978],[8.990507126000011,11.204819679000025],[8.995041846999982,11.208459854000012],[8.999535561000016,11.213270186999978],[9.002946854000015,11.215709686000025],[9.005193710000015,11.218119621000028],[9.007440567000003,11.22052001999998],[9.011934279999991,11.225330353000004],[9.015304565000008,11.228940009999974],[9.017470360000004,11.233670234999977],[9.020840645000021,11.237279892000004],[9.02304744700001,11.240839957999981],[9.024047852000024,11.245539665000024],[9.028541565000012,11.25034999799999],[9.03299522399999,11.256320000000017],[9.038694382000017,11.260000229000013],[9.045516013999986,11.264889717000017],[9.054626465000013,11.271010398999977],[9.062612533999982,11.27593994099999],[9.06831169100002,11.279620170999976],[9.076297759999989,11.284540176000007],[9.090146064999999,11.288490294999974],[9.09704971299999,11.291049956999984],[9.103871346000005,11.295929908999994],[9.106118202000005,11.298339843999997],[9.108325004999983,11.301899909999975],[9.11169529,11.305509567000001],[9.11968135799998,11.310429573000022],[9.126543998999978,11.314149857000018],[9.133366584999976,11.319040298000004],[9.142354011999998,11.328650475000018],[9.142900467000004,11.331979751999995],[9.143315314999995,11.334509850000018],[9.140783310000018,11.34025955200002],[9.133554458999981,11.347020149000002],[9.128774642999986,11.350359916999992],[9.115765571999987,11.355759621000004],[9.11319255799998,11.362669944999993],[9.111702918999981,11.37193965900002],[9.110172272,11.382379532000016],[9.107518196000001,11.391619681999998],[9.100167274,11.401869773999977],[9.092775345000007,11.41327953299998],[9.086750983999991,11.418910026999981],[9.072739601000023,11.419619560000001],[9.066837310999972,11.421759604999977],[9.05864810899999,11.422659873999976],[9.051500320000002,11.427089690999992],[9.045434951999994,11.433879852000018],[9.04527187299999,11.438540459000023],[9.046233176999976,11.444399834000023],[9.04835796399999,11.450300217000006],[9.051728249000007,11.453900336999993],[9.054976463000003,11.461000442999989],[9.053445816000021,11.471440314999995],[9.047503471000027,11.474740027999985],[9.039394378999987,11.47331047099999],[9.035942078000005,11.472040176000007],[9.032571792999988,11.468429565000008],[9.031611442999974,11.462570190000008],[9.031814574999999,11.456749915999978],[9.030854224999985,11.450889587000006],[9.03109836599998,11.44390010799998],[9.030097007999984,11.439209937999976],[9.027891158999978,11.435640335000016],[9.024357796000004,11.436690331000023],[9.018497466999975,11.437669754000012],[9.014841079999997,11.442210197000009],[9.007815360999984,11.443140029999995],[9.000870705000011,11.441749572999981],[8.996010780000006,11.447420120000004],[8.994602203,11.45436954500002],[8.99431705500001,11.462519645999976],[8.994153976000007,11.467169762000026],[8.997484207000014,11.471949576999975],[9.001936913000009,11.477919579000002],[9.004143714999998,11.481490135000001],[9.007472991999975,11.486260414000014],[9.009679794000022,11.489830016999974],[9.013050078999981,11.493430138000008],[9.016633986999977,11.50117015799998]]]},"properties":{"fid":388,"cty_nm":"Nigeria","iso3cd":"NGA","adm1nm":"Kano","adm2nm":"Sumaila","adm1cd":"NGA020","adm2cd":"NGA020036"}},{"type":"Feature","id":389,"geometry":{"type":"Polygon","coordinates":[[[9.362553595999998,11.564279555999974],[9.356936454999982,11.558270454000024],[9.351237297000011,11.554590225000027],[9.337267875999999,11.554129601],[9.332530022000014,11.556309699999986],[9.32205200200002,11.555959701999996],[9.315189362000012,11.552240372000028],[9.306958199000007,11.554309844999977],[9.302139281999985,11.55881023400002],[9.297400475000018,11.560990333999996],[9.28784370400001,11.567669867999996],[9.278652190999992,11.563870430000009],[9.26829624200002,11.560040474000004],[9.260188103000019,11.558609961999991],[9.24862766299998,11.555899619999991],[9.24517631499998,11.554619789000014],[9.241683959999989,11.554510117000007],[9.227672577000021,11.555210113999976],[9.222853660999988,11.559720039000013],[9.216747284000007,11.567680359000008],[9.215338707,11.574629784000024],[9.216217995000022,11.582810402000007],[9.218261718999997,11.591039658],[9.221509932999993,11.598139763000006],[9.216527939000002,11.607299805000025],[9.209420204000025,11.610560416999988],[9.202393531999974,11.611499786000024],[9.191835403000027,11.613490104999983],[9.183605193999995,11.615550041000006],[9.174373627000023,11.612919807000026],[9.166020392999997,11.618470192000018],[9.163488388000019,11.62421989400002],[9.163244247000023,11.631199836999997],[9.17231369000001,11.63848972300002],[9.171027184000025,11.64194011699999],[9.165043830999991,11.646409988000016],[9.159181595000007,11.647390366000025],[9.149786948999974,11.649410247999981],[9.145171165000022,11.648090362999994],[9.134856223999975,11.643099785000004],[9.131444930999976,11.640649795999991],[9.125786780999988,11.63580989799999],[9.119006157000001,11.62975978899999],[9.112183571000003,11.624870299999998],[9.106484412999976,11.621190071000001],[9.098417282000014,11.61859989200002],[9.091675758000008,11.611379623000005],[9.086058616999992,11.605369568000015],[9.085016251000013,11.601840019000008],[9.082892417999972,11.59595012699998],[9.080766677999975,11.590049743999998],[9.07410812400002,11.580510139000012],[9.073228835999998,11.57231998399999],[9.071266174000016,11.561770438999986],[9.067016602000024,11.549969673000021],[9.063809395000021,11.5417099],[9.060642241999972,11.532279968000012],[9.056311606999998,11.522820473000024],[9.051654815999996,11.522660255000005],[9.04567146300002,11.52713012700002],[9.040252685999974,11.529246329999978],[9.042463302999977,11.518870354],[9.045036315999994,11.511960030000012],[9.04186916399999,11.502530098000022],[9.033923148999975,11.496439934000023],[9.02689743000002,11.497380256999975],[9.019830704000015,11.499480247000008],[9.016633986999977,11.50117015799998],[9.013050078999981,11.493430138000008],[9.009679794000022,11.489830016999974],[9.007472991999975,11.486260414000014],[9.004143714999998,11.481490135000001],[9.001936913000009,11.477919579000002],[8.997484207000014,11.471949576999975],[8.994153976000007,11.467169762000026],[8.99431705500001,11.462519645999976],[8.994602203,11.45436954500002],[8.996010780000006,11.447420120000004],[9.000870705000011,11.441749572999981],[9.007815360999984,11.443140029999995],[9.014841079999997,11.442210197000009],[9.018497466999975,11.437669754000012],[9.024357796000004,11.436690331000023],[9.027891158999978,11.435640335000016],[9.030097007999984,11.439209937999976],[9.03109836599998,11.44390010799998],[9.030854224999985,11.450889587000006],[9.031814574999999,11.456749915999978],[9.031611442999974,11.462570190000008],[9.032571792999988,11.468429565000008],[9.035942078000005,11.472040176000007],[9.039394378999987,11.47331047099999],[9.047503471000027,11.474740027999985],[9.053445816000021,11.471440314999995],[9.054976463000003,11.461000442999989],[9.051728249000007,11.453900336999993],[9.04835796399999,11.450300217000006],[9.046233176999976,11.444399834000023],[9.04527187299999,11.438540459000023],[9.045434951999994,11.433879852000018],[9.051500320000002,11.427089690999992],[9.05864810899999,11.422659873999976],[9.066837310999972,11.421759604999977],[9.072739601000023,11.419619560000001],[9.086750983999991,11.418910026999981],[9.092775345000007,11.41327953299998],[9.100167274,11.401869773999977],[9.107518196000001,11.391619681999998],[9.110172272,11.382379532000016],[9.111702918999981,11.37193965900002],[9.11319255799998,11.362669944999993],[9.115765571999987,11.355759621000004],[9.128774642999986,11.350359916999992],[9.133554458999981,11.347020149000002],[9.140783310000018,11.34025955200002],[9.143315314999995,11.334509850000018],[9.142900467000004,11.331979751999995],[9.145411491000004,11.329914093000014],[9.148207663999983,11.32761478399999],[9.156778336000002,11.330552101000023],[9.161173819999988,11.332058906999976],[9.193549156000017,11.350888252000004],[9.194149016999972,11.355250359000024],[9.194100380000009,11.359860420000018],[9.194075584000018,11.362159728999984],[9.192868233000013,11.365599631999999],[9.192831993000027,11.369050026000025],[9.193954468000015,11.373669624000001],[9.196235656999988,11.379460334999976],[9.196210860999997,11.381759643999999],[9.19734573400001,11.385230063999984],[9.198492050000027,11.387550353999984],[9.199626922999983,11.391010284000004],[9.201955795000003,11.392189980000012],[9.20422458600001,11.399129867999989],[9.20420074499998,11.401430129999994],[9.206505774999982,11.404910088000008],[9.208810805999974,11.408399582000015],[9.211091995000004,11.414179801999978],[9.21336078600001,11.421119690000012],[9.215665817000001,11.424599648000026],[9.215641974999983,11.426899909999975],[9.217947005999974,11.430379867999989],[9.219093322999981,11.432700157],[9.217898369000011,11.434989928999983],[9.219044684999972,11.437310218999983],[9.220143317999998,11.444230080000011],[9.221277236999981,11.447690009999974],[9.222387314000002,11.453470229999994],[9.222338675999993,11.458069801000022],[9.222302436999996,11.461520194999991],[9.222229958000014,11.468429565000008],[9.223376273999975,11.470749855000008],[9.224522590999982,11.473070145000008],[9.227998733999982,11.476559639000016],[9.23501205399998,11.477800369000022],[9.242024421999986,11.479029654999977],[9.244365691999974,11.479060172999993],[9.247866631000022,11.480259895000017],[9.25020790100001,11.480279922000022],[9.253696441999978,11.48262977600001],[9.256037712000023,11.482660294000027],[9.263050078999981,11.483889579999982],[9.267709732000014,11.486249923999992],[9.273539543000027,11.488630295000007],[9.27586841599998,11.489809990000026],[9.279369353999982,11.49100017500001],[9.282856940999977,11.493339538999976],[9.285174369999993,11.495679854999992],[9.287504195999986,11.496850014000017],[9.289833068999997,11.49802970899998],[9.294467925999982,11.502699851999978],[9.297968863999984,11.503890038000009],[9.301456450999979,11.506239891000007],[9.304956435999998,11.50743007699998],[9.308457374999989,11.508620262000022],[9.310787200999982,11.509799956999984],[9.313128471000027,11.509830475000001],[9.317799567999998,11.511039734000008],[9.321299553000017,11.512229918999992],[9.323641776999978,11.512260437000009],[9.325934410000002,11.516889572000025],[9.32708072700001,11.519209862000025],[9.329398154999978,11.521539688000018],[9.330545425000025,11.523859978000019],[9.330520630000024,11.526160240000024],[9.330496788000005,11.52845954899999],[9.33161830900002,11.533080100999996],[9.332753180999987,11.536549567999998],[9.335070610000002,11.53888034800002],[9.337388039000018,11.541210175000003],[9.342022896000003,11.54586982699999],[9.346693992999974,11.547080040000026],[9.351376533999996,11.547140120999984],[9.354866028000004,11.54948043799999],[9.357183455999973,11.551810264999972],[9.359512328999983,11.55298995999999],[9.362976074000017,11.557640075999984],[9.364122391000024,11.559960364999995],[9.362553595999998,11.564279555999974]]]},"properties":{"fid":389,"cty_nm":"Nigeria","iso3cd":"NGA","adm1nm":"Kano","adm2nm":"Takai","adm1cd":"NGA020","adm2cd":"NGA020037"}},{"type":"Feature","id":390,"geometry":{"type":"Polygon","coordinates":[[[8.545748710999987,11.982689857000025],[8.541316031999997,11.985030173999974],[8.535331725999981,11.98950004599999],[8.532641410999986,11.989859581000019],[8.533084868999993,11.987090110999986],[8.533329009999989,11.98011016800001],[8.532287597999982,11.97657966600002],[8.531245232000003,11.973050117000014],[8.526914596999973,11.963580132000004],[8.521338463000006,11.95641040800001],[8.517967224000017,11.952799797000011],[8.512309073999972,11.947950363000018],[8.508897780999973,11.945509910999988],[8.502116203000014,11.939459800999998],[8.497541427999977,11.936980247000008],[8.491842270000006,11.933300018000011],[8.502442359999975,11.930150031999972],[8.509468078999987,11.92920970900002],[8.515248299000007,11.930569649000006],[8.521027564999997,11.93192005200001],[8.527891158999978,11.935640335000016],[8.534794807000026,11.938199997000027],[8.541698456000006,11.940750121999997],[8.546314240000015,11.942070006999984],[8.553258895999988,11.943460463999998],[8.56132698099998,11.946060181000007],[8.570558548000008,11.948690413999998],[8.574050903,11.948800086999995],[8.580872536000015,11.953689574999999],[8.586612700999979,11.956210135999982],[8.591597557,11.959779738999998],[8.589901924000003,11.962140083000008],[8.582794189000026,11.965410233],[8.572195052999973,11.968560218999983],[8.565087317999996,11.97181987800002],[8.55910396600001,11.976289748999989],[8.549627304000012,11.980640411000024],[8.545748710999987,11.982689857000025]]]},"properties":{"fid":390,"cty_nm":"Nigeria","iso3cd":"NGA","adm1nm":"Kano","adm2nm":"Tarauni","adm1cd":"NGA020","adm2cd":"NGA020038"}},{"type":"Feature","id":391,"geometry":{"type":"Polygon","coordinates":[[[8.438900948000025,11.980759621000004],[8.436540604000015,11.981610298000021],[8.431842803999984,11.982620239000028],[8.420038223000006,11.986900330000026],[8.411562919999994,11.995949745000019],[8.406580925000014,12.00510978699998],[8.399352073999978,12.01187038400002],[8.39328670499998,12.018659592000006],[8.38497352600001,12.023050307999995],[8.377785683000013,12.02865028399998],[8.371721267999988,12.035440445000006],[8.36686039,12.041110038999989],[8.363082885999972,12.049139976999982],[8.358263969000006,12.053649902000018],[8.354608536,12.058190346000004],[8.352198600999998,12.060440062999987],[8.348625183000024,12.062660216999973],[8.34505081200001,12.064869880999993],[8.341476440000008,12.067090033999989],[8.337862014999985,12.070469855999988],[8.334247588999972,12.073840141000005],[8.328345298999977,12.075980185999981],[8.324852942999996,12.075869560000001],[8.321319580000022,12.076919556000007],[8.31545829800001,12.077890395999987],[8.306103705999988,12.078749657000003],[8.302530289000003,12.08096981],[8.300039291000019,12.085550307999995],[8.294054985000002,12.09002018000001],[8.290481566999972,12.092229842999984],[8.284538268999995,12.095529555999974],[8.281004906000021,12.09657955199998],[8.277512549999983,12.096469878999983],[8.272774695999999,12.098649979000015],[8.269241333000025,12.099699973999975],[8.264543532999994,12.100709914999982],[8.25980567900001,12.102879524000002],[8.253903389000016,12.105019568999978],[8.251453400000003,12.108440399000017],[8.247920035999982,12.109490395000023],[8.239729881000017,12.110389709000003],[8.241016387999991,12.106929778999984],[8.243588448000025,12.100020409000024],[8.246202469000025,12.091950417000021],[8.245200157,12.087260246000028],[8.246608734000006,12.080309867999972],[8.24938487999998,12.067580222999993],[8.251037597999982,12.053649902000018],[8.250158310000018,12.045459746999995],[8.250402451000014,12.038470268000026],[8.250728606999985,12.029159546000017],[8.24936294600002,12.025779724000017],[8.253300667000019,12.02225017500001],[8.256916046000015,12.018870354],[8.26398181899998,12.016770362999978],[8.268720626999993,12.014599799999985],[8.280565261999982,12.009160042000019],[8.286467551999976,12.007019996999986],[8.292369843000017,12.00487995100002],[8.29477977800002,12.00263023399998],[8.297189713000023,12.000370025999985],[8.30080413799999,11.996999741000025],[8.306870461000017,11.990200043000016],[8.312852858999975,11.985730171],[8.317753792000019,11.97889995600002],[8.324901581000006,11.974470139000005],[8.329721451000012,11.969969748999972],[8.333335875999978,11.966589928000019],[8.339360236999994,11.96096038799999],[8.34538459800001,11.955329894999977],[8.350163459999976,11.951990127999977],[8.35389995600002,11.945119857999998],[8.358841896000001,11.937120438000022],[8.361332892999997,11.932539940000026],[8.372055053999986,11.925889969000025],[8.375628471000027,11.923680305000005],[8.38257312799999,11.925069808999979],[8.38951778400002,11.926460265999992],[8.394133567999972,11.927780150999979],[8.402241706999973,11.92920970900002],[8.410390854000013,11.92947959899999],[8.417457581000008,11.927379608000024],[8.418458939000004,11.932069778000027],[8.42403602600001,11.939249991999986],[8.430614471000013,11.951120376999995],[8.434985160999986,11.959420204000025],[8.438192367999989,11.967679976999989],[8.438900948000025,11.980759621000004]]]},"properties":{"fid":391,"cty_nm":"Nigeria","iso3cd":"NGA","adm1nm":"Kano","adm2nm":"Tofa","adm1cd":"NGA020","adm2cd":"NGA020039"}},{"type":"Feature","id":392,"geometry":{"type":"Polygon","coordinates":[[[8.090344429000027,12.361060142999975],[8.085212707999972,12.362919807000026],[8.075818061999996,12.364939690000028],[8.06642341600002,12.366970062000007],[8.047389029999977,12.378000258999975],[8.045435904999977,12.379566193000016],[8.041289329999984,12.382889748000025],[8.03500556900002,12.378903389000016],[8.02892112699999,12.375043869000024],[8.020247459000018,12.374560356000018],[8.007229805000009,12.368573189000017],[8.004938126000013,12.367734908999978],[7.996788978999973,12.367489814999999],[7.988574028000016,12.367429732999994],[7.98153686500001,12.365079879999996],[7.970984935999979,12.360400200000015],[7.963947772999973,12.358050346000027],[7.9557380680000165,12.355690002000017],[7.946351051000022,12.354470252999988],[7.940483093000012,12.354430198999978],[7.927585125000007,12.348580360000028],[7.92524290099999,12.346260071000017],[7.918582915999991,12.342455863999987],[7.913966656000014,12.339818954000009],[7.908850192999978,12.34095954899999],[7.904129981999972,12.340350150999996],[7.8959198000000015,12.337989806999985],[7.888883114000009,12.335639953999987],[7.885017394999977,12.333254813999986],[7.882990837000023,12.332004546999997],[7.87832784699998,12.33211040499998],[7.871300220000023,12.326299667],[7.865437030999999,12.322653769999988],[7.862488746999986,12.319871901999988],[7.859541893000028,12.317090033999989],[7.853964806000022,12.309920310999985],[7.849283217999982,12.302490234000004],[7.856822968000017,12.294859885999983],[7.8569860459999745,12.290200233000007],[7.86184596999999,12.284540176000007],[7.867869853999991,12.278900146000012],[7.871525764000012,12.274359703000016],[7.876427174000014,12.26753044100002],[7.880204201000026,12.259490013000004],[7.886147021999989,12.256190300000014],[7.892374991999986,12.244739531999983],[7.893743038000025,12.238960265999992],[7.89623403500002,12.234379767999997],[7.903462886999989,12.227620124999987],[7.907158852000009,12.221910476999994],[7.911979197999983,12.217410088000008],[7.919167995000009,12.211810112000023],[7.923945903999993,12.208470345000023],[7.931094169999994,12.204050064],[7.93591404,12.199540137999975],[7.938323020999974,12.197290420999991],[7.945429801999978,12.194020271],[7.9514141079999945,12.189559937000013],[7.957478999999978,12.182760239000004],[7.964626789000022,12.178330420999998],[7.96932506600001,12.177319527000009],[7.972939014000019,12.17393970500001],[7.9753890040000215,12.170530319000022],[7.980045795000024,12.170680045999973],[7.989318847999982,12.172140120999984],[7.992689132999999,12.175749779],[7.997345924000001,12.17590045899999],[8.000798224999983,12.177180290000024],[8.005454063000002,12.177330016999974],[8.008947372000023,12.177450179999994],[8.012520789999996,12.175230026000008],[8.01609516100001,12.173020362999978],[8.017380714000012,12.169569969000008],[8.017502784999976,12.16606998399999],[8.028102875000002,12.162919998000007],[8.034209250999993,12.154959679000001],[8.042439461000015,12.152899741999988],[8.047136307000017,12.151889800999982],[8.052713394000023,12.159059524999975],[8.055920601000025,12.167329788000018],[8.059250831999975,12.172100066999974],[8.066113471999984,12.175820351000027],[8.075386046999995,12.177289963000021],[8.081370354,12.172820091000006],[8.089600562999976,12.170760154999982],[8.097749710000016,12.171019553999997],[8.102243423000004,12.17582988700002],[8.105613708000021,12.17943954499998],[8.10902500200001,12.18187999700001],[8.111190796000017,12.186610222000013],[8.116848946000005,12.191459656000006],[8.120219231000021,12.195070267000006],[8.123670577999974,12.196339607000027],[8.127081870999973,12.198789596999973],[8.136273383999992,12.202580452000007],[8.133822441000007,12.206000328000016],[8.125389099000017,12.213879584999972],[8.122775078000018,12.221960067999987],[8.121449471000005,12.226570128999981],[8.121285439000019,12.231229782000014],[8.121082306000005,12.237050055999987],[8.12083816500001,12.244039536000002],[8.11938858000002,12.252149582000015],[8.113242148999973,12.261269568999978],[8.109627724000006,12.264650345000007],[8.108056067999996,12.276249886000016],[8.107730865000008,12.285570145000008],[8.10632228899999,12.292510032999985],[8.102463721999982,12.302880286999994],[8.099890709000022,12.309789658],[8.097277641000005,12.317859650000003],[8.095161437999991,12.321290015999978],[8.093541145000017,12.324729918999992],[8.091009139999983,12.330479621999984],[8.087312698000005,12.336179732999994],[8.083576202000017,12.343050002999973],[8.082289695999975,12.346509932999993],[8.082126616999972,12.351160048999986],[8.084292412000025,12.355899810999972],[8.086539268000024,12.358300208999992],[8.090344429000027,12.361060142999975]]]},"properties":{"fid":392,"cty_nm":"Nigeria","iso3cd":"NGA","adm1nm":"Kano","adm2nm":"Tsanyawa","adm1cd":"NGA020","adm2cd":"NGA020040"}},{"type":"Feature","id":393,"geometry":{"type":"Polygon","coordinates":[[[8.794062613999984,11.388669967999988],[8.792662620999977,11.396499634000008],[8.791132926999978,11.406940459999987],[8.786190986999998,11.414930344000027],[8.778961181999989,11.42168998699998],[8.776429176000022,11.427439690000028],[8.776226043999998,11.433259964000001],[8.773612975999981,11.441329956000004],[8.772204398999975,11.448280334000003],[8.76971340199998,11.452859879000016],[8.766057967999984,11.457400322000012],[8.760390282000003,11.462109565999981],[8.759032248999972,11.458339690999992],[8.756826401000012,11.454770087999975],[8.753537177999988,11.448829650999983],[8.751371383999981,11.444100380000009],[8.750329018000002,11.44056987800002],[8.747040749000007,11.434639930999992],[8.740218163000009,11.429750442999989],[8.72524738300001,11.424599648000026],[8.717423439000015,11.415019988999973],[8.710641861,11.408969878999983],[8.703901291000022,11.40176010099998],[8.694831847999978,11.394470215000013],[8.688091278000002,11.387260437000009],[8.678940773000022,11.382300376999979],[8.668666840000014,11.376130104000026],[8.662967681999987,11.372449874999973],[8.650365829000009,11.366209984000022],[8.640050888000019,11.361209868999993],[8.629735946999972,11.356209755000009],[8.624077796999984,11.351369857999998],[8.617394446999981,11.345740318000026],[8.610473633000026,11.340439795999998],[8.605939864999982,11.336790085000018],[8.599076271000001,11.333069801000022],[8.593296050999982,11.33172035199999],[8.585146903999998,11.33145046200002],[8.576957703000005,11.33234977699999],[8.56519317599998,11.33545970900002],[8.557003021000014,11.336359978000019],[8.54407596599998,11.339429854999992],[8.526328087000024,11.34700965899998],[8.515565872000025,11.354820250999978],[8.499103546000015,11.358940125000004],[8.48501205399998,11.36198043799999],[8.475535392999973,11.366330146999985],[8.467142104999994,11.373049735999984],[8.458830832999979,11.37744045300002],[8.45164203600001,11.383040428000015],[8.446741104000012,11.389869690000012],[8.439552306999985,11.395460129000014],[8.431159019000006,11.402179718000014],[8.421642302999999,11.407699584999989],[8.418062210000016,11.410079956000004],[8.414900779999982,11.400489806999985],[8.408160210000005,11.393269539000016],[8.400215149000019,11.387189864999982],[8.391104697999992,11.381059646999972],[8.383118629000023,11.376139641000009],[8.372884750000026,11.368809699999986],[8.364019394000024,11.355699539],[8.358280181999987,11.353179931999989],[8.350253104999979,11.349430084000005],[8.34114265400001,11.343299865999995],[8.336648941000021,11.338489531999983],[8.333319663999987,11.333720206999999],[8.328784943000016,11.330080032000012],[8.320716858000026,11.327480315999992],[8.316319465999982,11.323949814000002],[8.31052398700001,11.318989753999972],[8.304825783000013,11.315309524999975],[8.296757698000022,11.312709808000022],[8.293346405000023,11.310270308999975],[8.290125847000013,11.309079170000018],[8.282991408999976,11.306440353000028],[8.275274276999994,11.303959845999998],[8.276168822999978,11.301549910999995],[8.274085044999993,11.294489860999988],[8.274329185,11.287509918000012],[8.273490906000006,11.278160094999976],[8.276062964999994,11.271249770999987],[8.282047272,11.266779900000017],[8.288030623999987,11.262310028000002],[8.294095992999985,11.255519866999975],[8.297831535,11.248649596999996],[8.302815436999992,11.239489554999977],[8.30655193299998,11.232609749000005],[8.321091652000007,11.216770171999997],[8.329403877000004,11.21238040899999],[8.337553023999988,11.212650299000018],[8.345621108999978,11.215239525000015],[8.359346389999985,11.222680092000019],[8.36641311599999,11.220580100999996],[8.37339782700002,11.220809937000013],[8.382589339999981,11.224610328999972],[8.389492989000018,11.227160454],[8.399929999999983,11.228670120000004],[8.415022850000014,11.230330466999987],[8.423335075000011,11.225939750999999],[8.434016228000019,11.220459937999976],[8.441246033000027,11.213700293999977],[8.449720382999999,11.204649925000012],[8.45940017700002,11.194479941999987],[8.470081328999981,11.18900013000001],[8.476390838999976,11.175219535999986],[8.482618332000015,11.163769721999984],[8.489766121000002,11.159339905000024],[8.500406264999981,11.155019760000016],[8.506288528000027,11.152626990999977],[8.509972571999981,11.15307807900001],[8.512828827000021,11.152175903],[8.515387535000002,11.153741836999984],[8.520606041000008,11.15548419999999],[8.525130272000013,11.156993865999993],[8.527141571000016,11.157059668999977],[8.531605721000005,11.15666294099998],[8.539744376999977,11.163299560999974],[8.544320106999976,11.165780067000014],[8.549948691999987,11.168560981999974],[8.553510666000022,11.16958046000002],[8.562743187000024,11.172209740000028],[8.56711482999998,11.180509567000001],[8.572813033999978,11.184189795999998],[8.578431129000023,11.190199851999978],[8.588582992999989,11.199859618999994],[8.592995643999984,11.206999779],[8.60314846,11.216650008999977],[8.611053466999977,11.22389984099999],[8.620162010000001,11.23003005999999],[8.628148079000027,11.23495006600001],[8.639830588999985,11.234169959999974],[8.646978377999972,11.229740143000015],[8.649551391999978,11.222829819000026],[8.653409957999997,11.212470054999983],[8.656023026000014,11.204389572000025],[8.656268119999993,11.197409629999981],[8.659043311999994,11.184679985000002],[8.660573958999976,11.174240112000007],[8.662023544000022,11.166130065999994],[8.66114425699999,11.157939911000028],[8.662674904000028,11.147500037999976],[8.659507750999978,11.138070106999976],[8.660916327999985,11.131130219],[8.663610457999994,11.120719909999991],[8.664978027000018,11.114939690000028],[8.668674468999995,11.109230041999979],[8.672410964999983,11.102359772],[8.679680824000002,11.094440459999987],[8.68811512000002,11.086560249000001],[8.696427345000018,11.082169533000013],[8.701247215000024,11.077659606999987],[8.707352637999975,11.069700241000021],[8.710128784000005,11.056969643000002],[8.709291457999996,11.047619820000023],[8.709615707000012,11.038310050999996],[8.712391852999986,11.025580406000017],[8.717374801999995,11.016420363999998],[8.728055954000013,11.010939597999993],[8.73763561200002,11.006742476999989],[8.739900589000001,11.005499840000027],[8.744679451000025,11.002160071999981],[8.750703811999983,10.996529579000025],[8.756932258999996,10.985070228999973],[8.763200760000018,10.972459792999985],[8.766937256000006,10.965589523000006],[8.773042679000014,10.957630156999983],[8.781476973999986,10.949749946999987],[8.788697243000001,10.942250252000008],[8.789707184000008,10.947680472999991],[8.788258552999991,10.955789566000021],[8.786849975999985,10.96273994400002],[8.784114837999994,10.974309920999985],[8.78017425500002,10.987000464999994],[8.778440475000025,11.00325965899998],[8.778155326999979,11.011409759999992],[8.78011703499999,11.021960257999979],[8.784244537000006,11.037249565000025],[8.788454055999978,11.050209999000003],[8.792744636999998,11.060830115999977],[8.795992850999994,11.067930221999973],[8.801487923000025,11.077440261999982],[8.80590057400002,11.084569930999976],[8.810353279000026,11.090550423000025],[8.816011429000014,11.095390319999979],[8.820546149999984,11.099040031000015],[8.822860718000015,11.099499702000003],[8.816768646000014,11.107069969000008],[8.80645751999998,11.116833686999996],[8.801063537999994,11.122879981999972],[8.788893700000017,11.137630462999994],[8.77941703800002,11.141980171],[8.76600074800001,11.159029960999987],[8.756320953,11.169199944000013],[8.740698813999984,11.182680129999994],[8.733346939,11.192930221999973],[8.727119446000017,11.204380034999986],[8.72334194199999,11.21242046399999],[8.721689223999988,11.226349830999993],[8.72260856600002,11.23336982699999],[8.725775719000012,11.242799758999979],[8.728942871000015,11.252229691000025],[8.73098659499999,11.260450363000018],[8.735358238000003,11.268750190999981],[8.74326324499998,11.276000022999995],[8.749043465,11.277359961999991],[8.761726378999981,11.281270027000005],[8.770836830000007,11.287389754999992],[8.778375626000013,11.305120467999984],[8.78129863700002,11.321530342000017],[8.784301758000026,11.335619925999993],[8.78706169100002,11.356690406999974],[8.790269851999994,11.364950179999994],[8.792312621999997,11.373180389000026],[8.794397354000012,11.380240440000023],[8.794062613999984,11.388669967999988]]]},"properties":{"fid":393,"cty_nm":"Nigeria","iso3cd":"NGA","adm1nm":"Kano","adm2nm":"Tudun Wada","adm1cd":"NGA020","adm2cd":"NGA020041"}},{"type":"Feature","id":394,"geometry":{"type":"Polygon","coordinates":[[[8.656501769999977,12.093489647000013],[8.644837379000023,12.090970039000013],[8.637892722999993,12.089579581999999],[8.634482384000023,12.087140083000008],[8.631071091000024,12.084699630999978],[8.625290871000004,12.083339690999992],[8.618387222000024,12.080789566000021],[8.610360146000005,12.077030181999987],[8.601128577999987,12.074399948000007],[8.591610908999996,12.079910278],[8.580889701999979,12.086560249000001],[8.574824332999981,12.093350410000028],[8.568718909999973,12.101309775999994],[8.557793617000016,12.113769531000003],[8.546949386999984,12.123909949999984],[8.53867816899998,12.127140044999976],[8.531652451000014,12.12806987800002],[8.516518593,12.127579689000015],[8.51302528399998,12.127459525999996],[8.503874779,12.122500419999994],[8.497052193000002,12.117620467999984],[8.489432335000004,12.102219581999975],[8.481609343999992,12.092639922999979],[8.475951194999993,12.087789536000002],[8.47382640799998,12.081899642999986],[8.468290329000013,12.073559761000013],[8.462632179000025,12.06871032700002],[8.458097457999997,12.065070151999976],[8.448946953000018,12.060110092000002],[8.44208431200002,12.056389808999995],[8.438877106000007,12.04811954500002],[8.436874390000014,12.038729667999974],[8.433666228999982,12.03046989400002],[8.433870316000025,12.024649619999991],[8.436442375000013,12.017740249999974],[8.436849594000023,12.006099700999982],[8.437093735000019,11.999110222000013],[8.438705443999993,11.986339568999995],[8.438900948000025,11.980759621000004],[8.438192367999989,11.967679976999989],[8.471872329999997,11.97111034400001],[8.471587181000018,11.979260445000023],[8.468974113000002,11.987330437000026],[8.469975470999998,11.992030144000012],[8.46391010299999,11.998820304999981],[8.464911460999986,12.003520012000024],[8.467647552000017,12.007940292],[8.469324111999981,12.010649681000018],[8.476227759999972,12.013210297],[8.478474617000018,12.015609740999992],[8.482968330000006,12.020420074000015],[8.485175132999984,12.023989676999975],[8.490751266000018,12.03116989099999],[8.496450423999988,12.034850120999977],[8.499901771999987,12.03612995100002],[8.503313064999986,12.038570403999984],[8.510216712999977,12.041130065999994],[8.51603794099998,12.041319847000011],[8.521858215000009,12.041509627999972],[8.526637076999975,12.038169860999972],[8.533784866000019,12.033740044000012],[8.539769173000025,12.029270171999997],[8.544588089000001,12.02476978300001],[8.549366951000025,12.021419524999999],[8.556433678000019,12.019319533999976],[8.55992603300001,12.019439696999996],[8.563418388000002,12.019550322999976],[8.569239616000004,12.019740104999983],[8.575141906999988,12.017600060000007],[8.582086563000018,12.019000053000013],[8.587906836999991,12.01918983500002],[8.593728064999993,12.01937961599998],[8.60087585399998,12.014949799000021],[8.605629921000002,12.012310028000002],[8.60545158399998,12.017430305000005],[8.606452941999976,12.022120475999998],[8.608658790999982,12.025690079000015],[8.612070083999981,12.028129578000005],[8.615562438999973,12.028249741000025],[8.62130165100001,12.030759810999996],[8.627081870999973,12.032119750999982],[8.632862090999993,12.033470153999986],[8.640970229999994,12.034899712000026],[8.646750450000013,12.036259651000023],[8.653654098999993,12.038809775999994],[8.66276359599999,12.044939994999993],[8.66497039799998,12.04850959800001],[8.665930747999994,12.054369925999993],[8.66572761499998,12.060190201000012],[8.664360046000013,12.065970420999975],[8.662951469000006,12.07291984599999],[8.662788390999992,12.077569961999984],[8.661379813999986,12.084520339999983],[8.656501769999977,12.093489647000013]]]},"properties":{"fid":394,"cty_nm":"Nigeria","iso3cd":"NGA","adm1nm":"Kano","adm2nm":"Ungogo","adm1cd":"NGA020","adm2cd":"NGA020042"}},{"type":"Feature","id":395,"geometry":{"type":"Polygon","coordinates":[[[8.837242125999978,11.979829788000018],[8.832847594999976,11.980560303000004],[8.825902939000002,11.97916984599999],[8.82245063800002,11.977890015000014],[8.818999290000022,11.97661018399998],[8.813219070000002,11.975259780999977],[8.808684348999975,11.971610069000008],[8.805314064000015,11.96800994900002],[8.799493789999985,11.967820168000003],[8.793794632000015,11.964130402000023],[8.789259910999988,11.96049022699998],[8.784644126999979,11.959170341000004],[8.780068398000026,11.95668983500002],[8.77087783799999,11.952899933000026],[8.766139029999977,11.95506954199999],[8.759114264999994,11.956009864999999],[8.751925468000024,11.961600304000001],[8.747105598000019,11.96611022899998],[8.741081237999992,11.97173976900001],[8.736221312999987,11.977410315999975],[8.726622581000015,11.985250473000008],[8.720679282999981,11.988550185999998],[8.71598243699998,11.989569663999987],[8.711325644999988,11.989410399999997],[8.703216553000004,11.987979888999973],[8.693984984999986,11.985349654999993],[8.688245773000006,11.982830047999983],[8.682587624000007,11.977990149999982],[8.67801284799998,11.975509643999999],[8.67351818100002,11.970700264000016],[8.668983459000003,11.967049599000006],[8.660997391000024,11.962129592999986],[8.655176163000021,11.961939812000026],[8.650520325000002,11.961790085000018],[8.644658089000018,11.962759972000015],[8.636468886999978,11.963660240000024],[8.632935524000004,11.964710235999974],[8.62819671599999,11.966890335000016],[8.624582291000024,11.970270157000016],[8.619763374000001,11.974769591999973],[8.616107940999996,11.979310036000015],[8.613616943000011,11.983889579999982],[8.610245705000011,11.980290412999977],[8.607998848000022,11.977879524000002],[8.605792999000016,11.974309920999985],[8.602422714,11.970709800999998],[8.60021591200001,11.967140197999981],[8.594652176000011,11.960180283],[8.59941864000001,11.956620215999976],[8.602952002999984,11.955570221000016],[8.610017776000007,11.953470229999994],[8.617085456999973,11.951370239000028],[8.625355721000005,11.948149681000018],[8.627765656000008,11.945890426999995],[8.630216598999993,11.942480086999979],[8.630378722999978,11.937820434999992],[8.631746292000003,11.932040214999972],[8.631223679000016,11.927169800000001],[8.636647224,11.925209999000003],[8.641467094000006,11.920700072999978],[8.645162582000012,11.914990424999985],[8.650064467999982,11.908160210000005],[8.654883385000005,11.90365982100002],[8.659784317000003,11.896820068000011],[8.665849686000001,11.890029906999985],[8.672956467000006,11.886759757999982],[8.677695273999973,11.884590149000019],[8.682473183000013,11.881250380999973],[8.687334061000001,11.875579834000007],[8.695646285999999,11.871190071000001],[8.700424193999993,11.867850304000001],[8.706489562999991,11.86104965200002],[8.710227013000008,11.854180336000013],[8.715086937000024,11.84850978899999],[8.721152306000022,11.841719626999975],[8.726134300000012,11.83255004900002],[8.72870635999999,11.825650214999996],[8.735814095000023,11.822380065999994],[8.74283981299999,11.821439742999985],[8.746332169000027,11.821559906000005],[8.754440308000028,11.822990417000028],[8.766122817999985,11.822199821000027],[8.777764320000017,11.822580338000023],[8.792899132000002,11.82308006300002],[8.804622649999999,11.821129799000005],[8.818836212000008,11.814599991000023],[8.82847499799999,11.805589676000011],[8.832627295999998,11.797960280999973],[8.834500312999978,11.799960135999982],[8.837870597999995,11.803569793999998],[8.840035439000019,11.808300018000011],[8.842201233000026,11.813030243000014],[8.842038155000012,11.81768989599999],[8.841753960000005,11.825839996000013],[8.84150981900001,11.83281993899999],[8.843634604999977,11.838720321999972],[8.845758438000018,11.844619750999982],[8.851498604000028,11.847129822],[8.856074332999981,11.849619865000022],[8.862936973999979,11.853340149000019],[8.866144179999992,11.861599921999982],[8.868146895999985,11.870989798999972],[8.868944167999985,11.881500243999994],[8.87074375200001,11.896710396000003],[8.871786117999989,11.90023994400002],[8.869335175000003,11.90365982100002],[8.869091034000007,11.910650252999972],[8.867601395000008,11.919919967999988],[8.868480681999984,11.92811012300001],[8.863661766000007,11.932609558000024],[8.858556747000023,11.945269585000005],[8.860640525999997,11.952329636000002],[8.863766670000018,11.962920188999988],[8.86627864799999,11.969340323999972],[8.859908103999999,11.973279952999974],[8.853964806000022,11.976590156999976],[8.84922695199998,11.978759765999996],[8.84457015999999,11.978610038999989],[8.837242125999978,11.979829788000018]]]},"properties":{"fid":395,"cty_nm":"Nigeria","iso3cd":"NGA","adm1nm":"Kano","adm2nm":"Warawa","adm1cd":"NGA020","adm2cd":"NGA020043"}},{"type":"Feature","id":396,"geometry":{"type":"Polygon","coordinates":[[[8.946037292000028,11.893340110999986],[8.941962241999988,11.893210410999984],[8.931484221999995,11.892869948999987],[8.925663948000022,11.892680168000027],[8.915023803999986,11.896989822000023],[8.911286354000026,11.903860092000002],[8.911042212999973,11.910849571000028],[8.907264709000003,11.918889998999987],[8.901281357000016,11.92335033400002],[8.893172263999986,11.921919822999996],[8.89100742300002,11.917189597999993],[8.885389327999974,11.911179543000003],[8.882101058999979,11.905240058999993],[8.877525330000026,11.90275955200002],[8.871786117999989,11.90023994400002],[8.87074375200001,11.896710396000003],[8.868944167999985,11.881500243999994],[8.868146895999985,11.870989798999972],[8.866144179999992,11.861599921999982],[8.862936973999979,11.853340149000019],[8.856074332999981,11.849619865000022],[8.851498604000028,11.847129822],[8.845758438000018,11.844619750999982],[8.843634604999977,11.838720321999972],[8.84150981900001,11.83281993899999],[8.841753960000005,11.825839996000013],[8.842038155000012,11.81768989599999],[8.842201233000026,11.813030243000014],[8.840035439000019,11.808300018000011],[8.837870597999995,11.803569793999998],[8.834500312999978,11.799960135999982],[8.832627295999998,11.797960280999973],[8.831129073999989,11.796349524999982],[8.824348450000002,11.790309906000005],[8.821059226999978,11.784370421999995],[8.81423664099998,11.779490470999974],[8.810907364000002,11.774709701999996],[8.807536125000013,11.771109581000019],[8.803042412000025,11.766300200999979],[8.79738521600001,11.761449814000002],[8.790603637999993,11.755399704000013],[8.782616614999995,11.750479697999992],[8.772301674000005,11.745479584000009],[8.765521048999972,11.739430427999991],[8.761930466000024,11.734620093999979],[8.762475967,11.726510048000023],[8.762598038000021,11.723019599999986],[8.761555671999986,11.71949005099998],[8.75714302099999,11.71234989200002],[8.757266044999994,11.708860397000024],[8.761922835999997,11.709010123999974],[8.763208388999999,11.705559730999994],[8.76894760099998,11.708080291999977],[8.77244091,11.708189963999985],[8.77934455899998,11.710749625999995],[8.784041404999982,11.709739684999988],[8.787859916999992,11.700539589000016],[8.792679786999997,11.69602966299999],[8.79858112300002,11.693889618000014],[8.810141563000002,11.696599960000015],[8.813674927000022,11.695549964999998],[8.818534850999981,11.689880371000015],[8.823558806999984,11.679559708],[8.827335358000028,11.671520233000024],[8.832196236000016,11.665849686000001],[8.838058472,11.664879799000005],[8.843878745999973,11.665069580000022],[8.84961795800001,11.667590141000005],[8.855398177999973,11.66893958999998],[8.859012603999986,11.665559769000026],[8.863913535999984,11.658729553],[8.868855476000022,11.650730133000025],[8.874797821000016,11.647430419999978],[8.879454613000007,11.647580146999985],[8.880374908000022,11.654600142999982],[8.876637458999994,11.66147995],[8.877557754999998,11.668499946999987],[8.883460044999993,11.666359901000021],[8.890729904000011,11.658439636000026],[8.894426345999989,11.652729987999976],[8.898081778999995,11.64818954499998],[8.900613785000019,11.642439841999987],[8.901900291000004,11.63899040199999],[8.903226851999989,11.634369849999985],[8.899896622000028,11.629599571000028],[8.895402907999994,11.624790191999978],[8.891991614999995,11.622349739000015],[8.888621329999978,11.618740081999988],[8.884005547000015,11.617429732999994],[8.878225326999996,11.616069793999998],[8.874937057000011,11.610139847000028],[8.87875461599998,11.600939750999999],[8.883493423000004,11.598759651000023],[8.891723633000026,11.596699715],[8.895256996,11.595649718999994],[8.90107727100002,11.595840453999983],[8.910349845999974,11.597310065999977],[8.917295455999977,11.598699570000008],[8.924198150999985,11.601260185000001],[8.928854941999987,11.601409912000008],[8.935839653000016,11.601630210999986],[8.939291953999998,11.602910042000019],[8.945072174000018,11.604269981000016],[8.950851440000008,11.60562038400002],[8.953956603999984,11.605719566000005],[8.951934814000026,11.607990265000012],[8.947033882000028,11.614819527000009],[8.946911811999996,11.618309974999988],[8.943012237999994,11.62983989700001],[8.94284915899999,11.634499549999987],[8.946138382000015,11.640430449999997],[8.948263167999983,11.646329879999996],[8.95516681700002,11.648889542000006],[8.966768264999985,11.650429726000027],[8.970178604000012,11.652870178],[8.972303391000025,11.658769608],[8.973101616000008,11.669280051999976],[8.97212123899999,11.672309874999996],[8.970488547999992,11.677359581000019],[8.96205425300002,11.685239792000004],[8.953538895000008,11.695449828999983],[8.941490172999977,11.706709862000025],[8.935302734000004,11.717000008000014],[8.928032874999985,11.72492027300001],[8.92674636800001,11.728380202999972],[8.920722007999984,11.734009743000001],[8.918190002000017,11.739749908000022],[8.914454460000002,11.746620178],[8.907101630999989,11.756879807000018],[8.908021926999993,11.763899803000015],[8.903079987000012,11.77190017700002],[8.899342536999995,11.778770447],[8.894360542000015,11.78792953499999],[8.896120070999984,11.804300307999995],[8.89940833999998,11.810239792000004],[8.905065535999995,11.815079689000015],[8.916219710999997,11.829429625999978],[8.92292022700002,11.837809563000008],[8.92749500299999,11.84029006999998],[8.933072089999996,11.847470283999996],[8.942100525,11.855919837999977],[8.95012760200001,11.859680175999983],[8.953456878999987,11.864450454999997],[8.957951546000004,11.86925983399999],[8.958911896000018,11.87512016300002],[8.957422255999973,11.88438987699999],[8.950111389000028,11.893480301000011],[8.946037292000028,11.893340110999986]]]},"properties":{"fid":396,"cty_nm":"Nigeria","iso3cd":"NGA","adm1nm":"Kano","adm2nm":"Wudil","adm1cd":"NGA020","adm2cd":"NGA020044"}}]}