{"type":"FeatureCollection","features":[{"type":"Feature","id":541,"geometry":{"type":"Polygon","coordinates":[[[6.004125595000005,7.529235840000013],[6.0040903089999915,7.5355720520000204],[6.001267910000024,7.542943477999984],[6.000304699000026,7.549401283000009],[5.998419762000026,7.554931163999981],[5.996539116000008,7.559537411000008],[5.990930079999998,7.567816734000019],[5.987190723000026,7.5733361239999795],[5.984383105999996,7.577937603000009],[5.98157596599998,7.582538605000025],[5.97876358000002,7.588063239999997],[5.975945949999982,7.594511032000014],[5.972216606000018,7.5981841089999875],[5.969409466000002,7.602785587000028],[5.968466759000023,7.6055498119999925],[5.964732647000005,7.610146046000011],[5.960998534999987,7.614742278999984],[5.957258701000001,7.620261669000001],[5.9544563289999815,7.623939514000028],[5.947909354999979,7.634060383000019],[5.944175243000018,7.638656615999992],[5.940000533999978,7.645110129999978],[5.937654017999989,7.644160270999976],[5.9293298719999825,7.6404209140000034],[5.921943188,7.634840011999984],[5.917333126000017,7.630197525000028],[5.914587498000003,7.623718739000026],[5.903569220999998,7.6042671199999745],[5.900828837999995,7.596865176999984],[5.8934574130000215,7.588513851000016],[5.88051796000002,7.581055640999978],[5.868490219000023,7.5763716700000145],[5.854602813999975,7.572601318000011],[5.8434920309999825,7.569769859000019],[5.834235668000019,7.566948414000024],[5.819416046000015,7.564096451000012],[5.809232711999982,7.561269760000016],[5.786094188999982,7.5537548070000184],[5.772196769999994,7.551831245000017],[5.75273084600002,7.5507998470000075],[5.736963272000025,7.551635741999974],[5.721206665000011,7.550625324000009],[5.711934566000025,7.550573826000004],[5.697079181999982,7.554184914000018],[5.684082984999975,7.556883335000009],[5.671086788000025,7.559581279999975],[5.6618099209999855,7.560453414999984],[5.653470516000027,7.559483527999987],[5.646053314000028,7.559442520000005],[5.635854243999972,7.559386253000014],[5.62749910399998,7.561186313999997],[5.618211745999986,7.563905239000007],[5.616414070000019,7.553738117000023],[5.61369943599999,7.541719436999983],[5.612797736999994,7.537097931000005],[5.613771439000004,7.528792857999974],[5.612900256999978,7.518630981000001],[5.612029552000024,7.508469105000017],[5.612071037000021,7.501082419999989],[5.611185073999991,7.493690490999995],[5.610309124000025,7.484452248000025],[5.614950179999994,7.483554362999996],[5.623289585000009,7.484524249999993],[5.634405613000013,7.486432551999997],[5.643677234999984,7.486483573999976],[5.6566581729999825,7.486555576000001],[5.668726920999973,7.483852386000024],[5.6780090330000235,7.482057095000016],[5.686358451999979,7.481180191000021],[5.702115536000008,7.482190608999986],[5.716950417000021,7.482273102000022],[5.727144717999977,7.483253002000026],[5.7373485570000184,7.482386111999972],[5.744760989999975,7.4833502769999996],[5.775306702000023,7.4927535059999855],[5.801237105999974,7.49843692799999],[5.813270091999982,7.502197265999996],[5.820687293999981,7.5022382739999784],[5.823482990000002,7.495887756000002],[5.827208996000024,7.49673414199998],[5.836475371999995,7.497708796999973],[5.845742226000027,7.498683453000012],[5.857790469999998,7.499673842999982],[5.870770930999981,7.499745845999996],[5.8819074630000046,7.497960567000007],[5.8930387500000165,7.49709892300001],[5.908790587999988,7.499032973999988],[5.929183482999974,7.500069140999983],[5.9458727840000165,7.500161648000017],[5.951171875,7.501221656999974],[5.952970982000011,7.5070819850000134],[5.9530282019999845,7.511744022000016],[5.954218863999984,7.515233039999998],[5.959945201999972,7.514019965999978],[5.962800026000025,7.512831210999991],[5.965109825000013,7.513978004000023],[5.967428207000012,7.515707016000022],[5.9691858290000255,7.518608093000012],[5.970964908999974,7.523255824999978],[5.973297118999994,7.526152133999972],[5.975643158000025,7.530212878999976],[5.979086875999997,7.5301852229999895],[5.982531070999983,7.530157088999999],[5.987115860000017,7.529537200999982],[5.989405154999986,7.5289349560000005],[5.9945487979999825,7.5271439549999855],[6.002026080999997,7.5282487869999954],[6.004125595000005,7.529235840000013]]]},"properties":{"fid":541,"cty_nm":"Nigeria","iso3cd":"NGA","adm1nm":"Ondo","adm2nm":"Akoko North East","adm1cd":"NGA029","adm2cd":"NGA029001"}},{"type":"Feature","id":542,"geometry":{"type":"Polygon","coordinates":[[[5.940000533999978,7.645110129999978],[5.937628269000015,7.648777008000025],[5.936639786000001,7.659852027999989],[5.935671329000002,7.667233467000017],[5.933786392000002,7.6727633479999895],[5.93189096499998,7.680139542000006],[5.929975033000005,7.691209316000027],[5.929021835000015,7.695821285000022],[5.927141666000011,7.700427531999992],[5.923391819000017,7.707793235999986],[5.922439097999984,7.712404728000024],[5.921491145999994,7.716093063000017],[5.922403336000002,7.7188682560000075],[5.923309802999995,7.722566604999997],[5.925133227999993,7.728116989],[5.926039695999975,7.73181533799999],[5.927884102000007,7.733672141999989],[5.929718018000017,7.7373762130000046],[5.93062448500001,7.741074561999994],[5.93060398099999,7.7447681429999875],[5.928739070999995,7.746604443000024],[5.921306609999988,7.749332905000017],[5.919446945000004,7.750246048000008],[5.914815902999976,7.749297141999989],[5.908330917000001,7.748338223000019],[5.9036998749999725,7.747388839999985],[5.89814710600001,7.745511532000023],[5.889812946000006,7.743618487999981],[5.883337975000018,7.740812301999995],[5.876858233999997,7.738929749000022],[5.870383263000008,7.7361240390000034],[5.864830016999974,7.734246254000027],[5.857433318999995,7.730512142000009],[5.850026130999993,7.728624344000025],[5.842608451999979,7.728582859000028],[5.837035178999997,7.730399132000002],[5.832389354999975,7.732220172999973],[5.827743053000006,7.734040736999987],[5.822185040000022,7.733086586000013],[5.819413661999988,7.731224537000003],[5.816439151999987,7.727849006999975],[5.801024437000024,7.733303546999991],[5.7802419660000055,7.745772838999983],[5.773028373999978,7.747318744999973],[5.7676057819999755,7.737181186999976],[5.7561230659999865,7.7284817699999735],[5.742552279999984,7.719782828999996],[5.728285788999983,7.710387706999995],[5.7164549830000055,7.700992584000005],[5.707059860000015,7.690553664999982],[5.6994042399999785,7.682898045000002],[5.694880962000013,7.671763419999991],[5.6943244930000105,7.664528370000028],[5.693140984000024,7.658888339999976],[5.692097187000002,7.651581286999999],[5.691401004999989,7.6428818699999965],[5.691401004999989,7.638010501999986],[5.688617228999988,7.632442950999973],[5.680962086000022,7.623744010999985],[5.6757426259999875,7.623744010999985],[5.669479369999976,7.626179695000019],[5.659388064999973,7.628963469999974],[5.6550564770000165,7.628722668000023],[5.653100967,7.625963688000013],[5.646656512999982,7.617617607],[5.642978668000012,7.612056731999985],[5.642061710000007,7.610205172999997],[5.63838386499998,7.604644774999997],[5.63470602000001,7.599083899999982],[5.631032944000026,7.592600345999983],[5.629199504999974,7.588896750999993],[5.624599456999988,7.582407950999993],[5.621859073999985,7.575005530999988],[5.620030402999987,7.570378779999999],[5.618211745999986,7.563905239000007],[5.62749910399998,7.561186313999997],[5.635854243999972,7.559386253000014],[5.646053314000028,7.559442520000005],[5.653470516000027,7.559483527999987],[5.6618099209999855,7.560453414999984],[5.671086788000025,7.559581279999975],[5.684082984999975,7.556883335000009],[5.697079181999982,7.554184914000018],[5.711934566000025,7.550573826000004],[5.721206665000011,7.550625324000009],[5.736963272000025,7.551635741999974],[5.75273084600002,7.5507998470000075],[5.772196769999994,7.551831245000017],[5.786094188999982,7.5537548070000184],[5.809232711999982,7.561269760000016],[5.819416046000015,7.564096451000012],[5.834235668000019,7.566948414000024],[5.8434920309999825,7.569769859000019],[5.854602813999975,7.572601318000011],[5.868490219000023,7.5763716700000145],[5.88051796000002,7.581055640999978],[5.8934574130000215,7.588513851000016],[5.900828837999995,7.596865176999984],[5.903569220999998,7.6042671199999745],[5.914587498000003,7.623718739000026],[5.917333126000017,7.630197525000028],[5.921943188,7.634840011999984],[5.9293298719999825,7.6404209140000034],[5.937654017999989,7.644160270999976],[5.940000533999978,7.645110129999978]]]},"properties":{"fid":542,"cty_nm":"Nigeria","iso3cd":"NGA","adm1nm":"Ondo","adm2nm":"Akoko North West","adm1cd":"NGA029","adm2cd":"NGA029002"}},{"type":"Feature","id":543,"geometry":{"type":"Polygon","coordinates":[[[5.950448036000012,7.344475268999986],[5.954996108999978,7.3450140950000105],[5.957695006999984,7.344322205000026],[5.964760780000006,7.345518111999979],[5.968785763000028,7.346066952000001],[5.971662997999999,7.346627235000028],[5.975113868999983,7.347181797000019],[5.978566170000022,7.347735881999995],[5.98087596900001,7.348884106000014],[5.9866948129999855,7.355247974000008],[5.986731051999982,7.35816192599998],[5.987339973000019,7.361072062999995],[5.986794949,7.363408089000018],[5.981091021999987,7.366368770999998],[5.978241920000016,7.368141174000016],[5.975996017,7.372240067000007],[5.974884986999996,7.3751640319999865],[5.974919795999995,7.378077984000015],[5.974970817999974,7.382157802999984],[5.977316856000016,7.386219025000003],[5.978499888999977,7.389123917000006],[5.979677200000026,7.3914461140000185],[5.978558064000026,7.393786906999992],[5.975708961000009,7.395558833999985],[5.974051952000025,7.4008188249999876],[5.974661826999977,7.403728007999973],[5.970127106000007,7.408429146000003],[5.9690079690000175,7.410768985999994],[5.968483924999987,7.414854049999974],[5.971411228000022,7.419494152000027],[5.972601891000011,7.422980784999993],[5.973793983000007,7.426468849000003],[5.974402904999977,7.4293789860000174],[5.975586890999978,7.432283878000021],[5.97733688400001,7.434600830000022],[5.979661942000007,7.4369139670000095],[5.981406212000024,7.438648224000019],[5.984870910999973,7.440369128999976],[5.987182140000016,7.441515922999997],[5.987216949000015,7.4444298739999795],[5.987259864999999,7.447926998000014],[5.9867148399999905,7.45026397700002],[5.984490870999991,7.456110001000013],[5.978772162999974,7.457905768999979],[5.975343226999996,7.459099770000023],[5.971339225999998,7.4602990149999755],[5.966173172000026,7.460340023000015],[5.963303089000021,7.460363864999977],[5.957714081000006,7.472651004999989],[5.956608771999981,7.476157188000002],[5.95492982899998,7.4796690939999735],[5.953258038000001,7.483763217999979],[5.948134899000024,7.487301826000021],[5.948815823000018,7.496039866999979],[5.951171875,7.501221656999974],[5.9458727840000165,7.500161648000017],[5.929183482999974,7.500069140999983],[5.908790587999988,7.499032973999988],[5.8930387500000165,7.49709892300001],[5.8819074630000046,7.497960567000007],[5.870770930999981,7.499745845999996],[5.857790469999998,7.499673842999982],[5.845742226000027,7.498683453000012],[5.836475371999995,7.497708796999973],[5.827208996000024,7.49673414199998],[5.823482990000002,7.495887756000002],[5.825400828999989,7.488413810999987],[5.825431347000006,7.482873917000006],[5.8264355659999865,7.4690294270000095],[5.827414035999993,7.45980119699999],[5.827465533999998,7.450567722000017],[5.830308914,7.439503193000007],[5.834985732999996,7.432142257999999],[5.837823867999987,7.422000884999989],[5.845338820999984,7.404498577000027],[5.848161697000023,7.3971271510000065],[5.846866131000013,7.39451074599998],[5.857459068000026,7.392561913000009],[5.865814209000007,7.390761375000011],[5.874174117999985,7.388037682000004],[5.881611824000004,7.384385586000008],[5.885366916999999,7.376096249],[5.89190339999999,7.367822170000011],[5.9002895360000025,7.360481739000022],[5.910519122999972,7.354998111999976],[5.9225931170000194,7.35137176500001],[5.932807446000027,7.348658085000011],[5.942094802999975,7.3459396360000255],[5.950448036000012,7.344475268999986]]]},"properties":{"fid":543,"cty_nm":"Nigeria","iso3cd":"NGA","adm1nm":"Ondo","adm2nm":"Akoko South East","adm1cd":"NGA029","adm2cd":"NGA029003"}},{"type":"Feature","id":544,"geometry":{"type":"Polygon","coordinates":[[[5.823482990000002,7.495887756000002],[5.820687293999981,7.5022382739999784],[5.813270091999982,7.502197265999996],[5.801237105999974,7.49843692799999],[5.775306702000023,7.4927535059999855],[5.744760989999975,7.4833502769999996],[5.7373485570000184,7.482386111999972],[5.727144717999977,7.483253002000026],[5.716950417000021,7.482273102000022],[5.702115536000008,7.482190608999986],[5.686358451999979,7.481180191000021],[5.6780090330000235,7.482057095000016],[5.668726920999973,7.483852386000024],[5.6566581729999825,7.486555576000001],[5.643677234999984,7.486483573999976],[5.634405613000013,7.486432551999997],[5.623289585000009,7.484524249999993],[5.614950179999994,7.483554362999996],[5.610309124000025,7.484452248000025],[5.607496738000009,7.480200291000017],[5.603910923000001,7.467796325999984],[5.601191044000018,7.456700802],[5.5993728639999745,7.450227261000009],[5.592938899999979,7.440034866000019],[5.588349342000015,7.431698799000003],[5.582811832000004,7.427051543999994],[5.580973147999998,7.424271583999996],[5.575445651999985,7.417777060999981],[5.571773052000026,7.411293030000024],[5.567173003999983,7.404804230000025],[5.561655997999992,7.396463394000023],[5.557071685999972,7.387204170000018],[5.552476882999997,7.379792212999973],[5.546017170000027,7.3742160799999965],[5.542344570000012,7.3677320479999935],[5.536838054999976,7.357544899000004],[5.533149718999994,7.353830813999991],[5.53040409099998,7.347352027999989],[5.525809288000005,7.339939593999986],[5.521214484999973,7.332527636999998],[5.508306026000014,7.319529057000011],[5.504433631999973,7.316193103999979],[5.512040137999975,7.314932822999992],[5.519457816999989,7.314973830999975],[5.524098873000014,7.314075946999992],[5.537079333999998,7.3141479490000165],[5.549132824000026,7.314214705999973],[5.557482242999981,7.3133378030000245],[5.566759585999989,7.312465668000016],[5.577896118000012,7.310680865999984],[5.5899496079999835,7.3107476229999975],[5.606638907999979,7.310840129999974],[5.619624615000021,7.309988498999985],[5.629828453000016,7.309122086000002],[5.640027523000015,7.3091783520000035],[5.648377418999985,7.308300971999984],[5.6558051110000065,7.306495666999979],[5.665092468000012,7.303777217999993],[5.6678843500000085,7.3019456860000105],[5.669749260000003,7.300109385999974],[5.677166462000002,7.300150394000013],[5.683651446999988,7.301109790999988],[5.6910643580000055,7.302073956000015],[5.696621895000021,7.303028106999989],[5.703096866999999,7.305834292999975],[5.709566592999977,7.309563636999997],[5.715098857999976,7.315134525000019],[5.718792439000026,7.317924975999972],[5.722480297000004,7.321638584000027],[5.72802829699998,7.324439525999992],[5.733581065999999,7.326316833000021],[5.739133835000018,7.328194617999998],[5.743754387000024,7.330990314000019],[5.747457981000025,7.331933975000027],[5.75391721699998,7.337510108999993],[5.756678581000017,7.341218948000005],[5.7640752789999965,7.344953060000023],[5.773336887000028,7.346851349000019],[5.780734062000022,7.35058546099998],[5.787208556999985,7.353391647000024],[5.793673515000023,7.358044146999987],[5.799210548000019,7.36269187900001],[5.806577205999986,7.371966362000023],[5.81579732900002,7.381250857999987],[5.820407391000003,7.3858933449999995],[5.823184013000002,7.386831760000007],[5.831497668999987,7.392418384999985],[5.8379673960000105,7.396147728000017],[5.846866131000013,7.39451074599998],[5.848161697000023,7.3971271510000065],[5.845338820999984,7.404498577000027],[5.837823867999987,7.422000884999989],[5.834985732999996,7.432142257999999],[5.830308914,7.439503193000007],[5.827465533999998,7.450567722000017],[5.827414035999993,7.45980119699999],[5.8264355659999865,7.4690294270000095],[5.825431347000006,7.482873917000006],[5.825400828999989,7.488413810999987],[5.823482990000002,7.495887756000002]]]},"properties":{"fid":544,"cty_nm":"Nigeria","iso3cd":"NGA","adm1nm":"Ondo","adm2nm":"Akoko South West","adm1cd":"NGA029","adm2cd":"NGA029004"}},{"type":"Feature","id":545,"geometry":{"type":"Polygon","coordinates":[[[5.388226031999977,7.283186913000009],[5.381466389000025,7.285584927000002],[5.377747536000015,7.287411212999984],[5.372174262999977,7.289227009000001],[5.367527961999997,7.291048049999972],[5.362881660000028,7.292869091],[5.35823011399998,7.295613289000016],[5.35634517699998,7.3011431689999995],[5.355397224000001,7.3048315049999815],[5.354439259000003,7.3103661540000076],[5.354403495999975,7.3168296810000015],[5.354377747000001,7.321446418999983],[5.355263709999974,7.328837872000008],[5.355233192000014,7.334378242000014],[5.354249476999996,7.3445296290000215],[5.353306770000017,7.3472943310000005],[5.351400851999983,7.356517315000019],[5.350442885999996,7.362051963999988],[5.349479674999998,7.368510722999986],[5.348521709000011,7.374045372000012],[5.346626281999988,7.381421565999972],[5.344746112999985,7.386028290000013],[5.342865943999982,7.390634536999983],[5.340048313000011,7.397082329],[5.337236404000009,7.402606963999972],[5.333496571000012,7.4081263539999895],[5.331616879000023,7.412732601000016],[5.3288092610000035,7.417334079999989],[5.3269190789999925,7.423787117000018],[5.325028895999992,7.430240153999989],[5.322216511000022,7.4357647900000075],[5.3203310970000075,7.441294669999991],[5.314757824000026,7.443110466000007],[5.3119812009999805,7.442171573999985],[5.3082776069999795,7.441227912999977],[5.3062539100000095,7.440543651999974],[5.299021244000016,7.438406466999993],[5.294395446999999,7.436533928000017],[5.286978245,7.436492919999978],[5.279565810999998,7.4355282779999925],[5.26842403400002,7.438236712999981],[5.259157657999992,7.4372620579999875],[5.251750469000001,7.435374260000003],[5.245270252000012,7.433491706999973],[5.235998630999973,7.433440207999979],[5.2248673440000175,7.434301853000022],[5.220231055999989,7.434276103999991],[5.217449665000004,7.434260844999983],[5.20816755300001,7.43605613699998],[5.200745105999999,7.436938285999986],[5.192399979000015,7.436892032999992],[5.192420959000003,7.433198929000014],[5.19337892499999,7.427663802999973],[5.1943416600000205,7.4212059970000155],[5.194372654000006,7.41566562700001],[5.194418906999999,7.407355784999993],[5.194439411000019,7.403662204999989],[5.194454670000027,7.4008927350000135],[5.1935634609999966,7.394423962000019],[5.191771029999984,7.383333682999989],[5.189952373999972,7.376860141999998],[5.188128947999985,7.3713102340000205],[5.186305522999987,7.365759373000003],[5.184471606999978,7.362056255000027],[5.181474686000001,7.3572220799999855],[5.181623935999994,7.354749202999983],[5.1826944349999735,7.348196029999997],[5.184569359000022,7.344512463000001],[5.186444283000014,7.340829848999988],[5.195859908999978,7.315027713999996],[5.196823119999976,7.3085694310000235],[5.198728560999996,7.299346447000005],[5.199671267999975,7.296581745000026],[5.201587200000006,7.285511971000005],[5.204425334999996,7.275370597999995],[5.206315517000007,7.268917561000023],[5.212918758000001,7.248640537000028],[5.216663836999999,7.242197513999997],[5.2222728730000085,7.233918189999997],[5.226012706999995,7.2283987999999795],[5.232543944999975,7.2210483549999935],[5.239080429000012,7.2127737999999795],[5.243747234000011,7.207259654999973],[5.249341011000013,7.201750754999978],[5.254924774000017,7.198088169000016],[5.26143073999998,7.195353984999997],[5.26792573900002,7.19446659099998],[5.273504257000013,7.191727637999975],[5.280025481999985,7.186223507000022],[5.29398488999999,7.177067280000017],[5.303282260999993,7.172502040999973],[5.30979824100001,7.167921066000019],[5.316319465999982,7.162417412000025],[5.32005357700001,7.157821178000006],[5.323798656000008,7.1513786319999895],[5.331277847000024,7.140339374999996],[5.336881638000023,7.132983684999999],[5.3415589329999875,7.1256227490000015],[5.346235751999984,7.118261813999993],[5.349980830999982,7.1118187899999725],[5.355579852999995,7.105386257000021],[5.36025142699998,7.098948479000001],[5.36515522000002,7.092512130999978],[5.369559288000005,7.09253692599998],[5.37234067899999,7.092552184999988],[5.376054764000003,7.0916495320000195],[5.382555485000012,7.089838504999989],[5.389993190999974,7.086186408999993],[5.399280547999979,7.083467960000007],[5.406713486000001,7.080739020999999],[5.41321420700001,7.078927994000026],[5.422516823000024,7.073439597999993],[5.433663367999998,7.069808006000017],[5.440164089000007,7.067996978999986],[5.4448103899999865,7.066175938000015],[5.4497251509999955,7.064806938000004],[5.4522123340000235,7.068987370000002],[5.454978466,7.071772575000011],[5.460525990000008,7.074573516999976],[5.466073989999984,7.077374458000008],[5.472543716000018,7.081103801999973],[5.476242065000008,7.08297061899998],[5.479935646000001,7.085761547000004],[5.482701777999978,7.088546753000003],[5.487311840000018,7.093189240000015],[5.490979670999991,7.100596428000017],[5.490021228999979,7.106131076999986],[5.486292361999972,7.109804153000027],[5.476994514000012,7.114369392000015],[5.466780185999994,7.117082595999989],[5.457498074,7.118877887999986],[5.446376800999985,7.1178932189999955],[5.43989181500001,7.116933823000011],[5.433406353000009,7.11597442599998],[5.427817822000009,7.120560168999987],[5.426844597000013,7.128865242000018],[5.427741050999998,7.134410381000009],[5.425855636999984,7.139940261999982],[5.423012256999982,7.151004313999977],[5.420153617999972,7.16483926799998],[5.419211388000008,7.167603970000016],[5.419195651999985,7.170373917000006],[5.419144630000005,7.1796073909999905],[5.420025349000014,7.187922478000019],[5.42092704800001,7.192544460000022],[5.422745227999997,7.1990180020000025],[5.423646926999993,7.203639506999991],[5.424548625999989,7.208261489999984],[5.420804024000006,7.21470403699999],[5.4179964069999755,7.219305514999974],[5.416126727999995,7.222065449000013],[5.418882370000006,7.226697445000013],[5.418836117000012,7.235007285999984],[5.4187898640000185,7.243317604000026],[5.41875410099999,7.249780654999995],[5.409415722000006,7.2617325780000215],[5.407550812000011,7.263568878000001],[5.40382671399999,7.266318321000028],[5.400097370000026,7.269991398000002],[5.398232936999989,7.271827697999981],[5.3945083620000105,7.274577141000009],[5.392638682999973,7.277336596999987],[5.391695975999994,7.280101775999981],[5.3907585140000265,7.281942844000014],[5.388226031999977,7.283186913000009]]]},"properties":{"fid":545,"cty_nm":"Nigeria","iso3cd":"NGA","adm1nm":"Ondo","adm2nm":"Akure North","adm1cd":"NGA029","adm2cd":"NGA029005"}},{"type":"Feature","id":546,"geometry":{"type":"Polygon","coordinates":[[[5.36515522000002,7.092512130999978],[5.36025142699998,7.098948479000001],[5.355579852999995,7.105386257000021],[5.349980830999982,7.1118187899999725],[5.346235751999984,7.118261813999993],[5.3415589329999875,7.1256227490000015],[5.336881638000023,7.132983684999999],[5.331277847000024,7.140339374999996],[5.323798656000008,7.1513786319999895],[5.32005357700001,7.157821178000006],[5.316319465999982,7.162417412000025],[5.30979824100001,7.167921066000019],[5.303282260999993,7.172502040999973],[5.29398488999999,7.177067280000017],[5.280025481999985,7.186223507000022],[5.273504257000013,7.191727637999975],[5.26792573900002,7.19446659099998],[5.26143073999998,7.195353984999997],[5.254924774000017,7.198088169000016],[5.249341011000013,7.201750754999978],[5.243747234000011,7.207259654999973],[5.239080429000012,7.2127737999999795],[5.232543944999975,7.2210483549999935],[5.226012706999995,7.2283987999999795],[5.2222728730000085,7.233918189999997],[5.216663836999999,7.242197513999997],[5.212918758000001,7.248640537000028],[5.206315517000007,7.268917561000023],[5.204425334999996,7.275370597999995],[5.201587200000006,7.285511971000005],[5.199671267999975,7.296581745000026],[5.198728560999996,7.299346447000005],[5.196823119999976,7.3085694310000235],[5.195859908999978,7.315027713999996],[5.186444283000014,7.340829848999988],[5.184569359000022,7.344512463000001],[5.1826944349999735,7.348196029999997],[5.181623935999994,7.354749202999983],[5.1771159169999805,7.3509349820000125],[5.173432826999999,7.346297741000001],[5.166968345999976,7.341645240999981],[5.163280009999994,7.337931156000025],[5.1577424999999835,7.333283901000016],[5.152204989999973,7.328636168999992],[5.147584438000024,7.325840949999986],[5.142959118000022,7.32396841000002],[5.135572432999993,7.3183870319999755],[5.128175258999988,7.3146529200000145],[5.118934154999977,7.309061526999983],[5.112459660000013,7.306255817000022],[5.107843876000004,7.302536487999987],[5.104150772000025,7.299746036999977],[5.099545479000028,7.2941803929999764],[5.094930171999977,7.290461063000009],[5.090314864999982,7.28674221],[5.0866265299999895,7.2830281259999765],[5.083865643000024,7.2793197629999895],[5.082979679000005,7.271927833999996],[5.083937644999992,7.266392708000012],[5.083983897999985,7.258082866999985],[5.084004402000005,7.254389763000006],[5.0830974579999975,7.250690937000002],[5.086837291999984,7.245171546999984],[5.091498851999972,7.240580559000023],[5.097103118999996,7.233224869000026],[5.103624344000025,7.227720737000027],[5.109228133999977,7.220365046999973],[5.114827633000004,7.213932514000021],[5.118561745000022,7.209336280999992],[5.121364116999985,7.2056584360000215],[5.129749774999993,7.198318004999976],[5.136265755000011,7.19373750699998],[5.141859531000023,7.188228130000027],[5.146521091000011,7.183637142000009],[5.152120113000024,7.177204609],[5.158651829000007,7.169854164000014],[5.165162563000024,7.1661963459999924],[5.173532963000014,7.161626339000009],[5.180043696999974,7.157968998000001],[5.1856222150000235,7.1552295679999816],[5.1902785300000005,7.151562214000023],[5.197716712999977,7.1479096410000125],[5.204227447999983,7.144252300000005],[5.2070140839999794,7.143344402000025],[5.21168613399999,7.136906624000005],[5.218212128000005,7.130479336000008],[5.223806380999974,7.124970436000012],[5.229400157999976,7.119461059999992],[5.234051704000024,7.116716861999976],[5.239630222000017,7.113977432000013],[5.247068404999993,7.110325336000017],[5.254500866000001,7.107596397000009],[5.261923790000026,7.106714248999992],[5.2712006570000085,7.105842112999994],[5.28047227899998,7.1058936119999885],[5.284181117999992,7.105914116000008],[5.291604042000017,7.105031967000002],[5.300880909,7.1041598319999935],[5.311089992999996,7.102369785000008],[5.318512917000021,7.101487636999991],[5.325940608999986,7.099681853999982],[5.333368301000007,7.097876548999977],[5.340795994000018,7.096070766000025],[5.345442294999998,7.094249724999997],[5.350083351000023,7.0933523179999725],[5.353792191000025,7.093372821999992],[5.358428000999993,7.093398571000023],[5.36515522000002,7.092512130999978]]]},"properties":{"fid":546,"cty_nm":"Nigeria","iso3cd":"NGA","adm1nm":"Ondo","adm2nm":"Akure South","adm1cd":"NGA029","adm2cd":"NGA029006"}},{"type":"Feature","id":547,"geometry":{"type":"Polygon","coordinates":[[[5.0156188010000164,6.292353153000022],[5.010605811999994,6.292759418000003],[5.002569198999993,6.29404544800002],[5.000326632999986,6.295477389999974],[4.998461722999991,6.29731369000001],[4.995665072999998,6.300068377999992],[4.993790149999995,6.303751469000019],[4.990987777999976,6.3074293139999895],[4.989118098999995,6.310188770000025],[4.984456539000007,6.314779757999986],[4.9797844889999965,6.3212175369999954],[4.9779095650000045,6.324900626999977],[4.973248005000016,6.329491614999995],[4.971378325999979,6.33225107200002],[4.966706276000025,6.338688849999983],[4.96390438100002,6.34236669500001],[4.961102486000016,6.3460450169999945],[4.956430435000016,6.352482318999989],[4.950805663999972,6.36353158999998],[4.94323921199998,6.390266895000025],[4.939489364999986,6.397633075999977],[4.938551903000018,6.399474621000024],[4.936651229999995,6.407774447999998],[4.934755801999984,6.415151118999972],[4.9310112,6.421593665999978],[4.9299912449999965,6.43820857999998],[4.92903852500001,6.442820072000018],[4.927163601000018,6.446503161999999],[4.923429489,6.451099396000018],[4.915980816000001,6.456598282000016],[4.909490585000015,6.456562041999973],[4.905781746000002,6.45654153800001],[4.899302006000028,6.4546589849999805],[4.890050411000004,6.450914382999997],[4.8863520620000145,6.449047088999976],[4.880799293999985,6.447169781000014],[4.87617874099999,6.444374084000003],[4.870631218000028,6.441573143000028],[4.865088463000006,6.437849045000007],[4.867875099000003,6.436941147000027],[4.869740008999997,6.435104846999991],[4.873479366000026,6.4295849800000155],[4.874422073000005,6.42682027799998],[4.873515606000012,6.42312192899999],[4.873536109999975,6.419428348999986],[4.873551368999983,6.4166584010000065],[4.873571873000003,6.412965298000017],[4.872670174000007,6.408343315000025],[4.871763706000024,6.404644965999978],[4.869935036000015,6.400018214999989],[4.8690180780000105,6.398166179999976],[4.867184162000001,6.394462584999985],[4.864423274999979,6.390753745999973],[4.862579346000018,6.388896941999974],[4.860734939999986,6.387040137999975],[4.857974051999975,6.3833312990000195],[4.855207919999998,6.380545616000006],[4.852447032999976,6.376837254000009],[4.851530075000028,6.374985218000006],[4.850613117000023,6.373133659000018],[4.849711418000027,6.368511677000015],[4.849737167000001,6.363894938999977],[4.8497734069999865,6.357431888999997],[4.853507519000004,6.3528356549999785],[4.856299400000012,6.351004123999985],[4.8581643100000065,6.349167824000006],[4.86096096,6.346413136000024],[4.86561250699998,6.3436689380000075],[4.869351864000009,6.33814954799999],[4.8703098299999965,6.332614899000021],[4.870325564999973,6.3298449519999735],[4.869423865999977,6.325222968999981],[4.868517398999984,6.321524619999991],[4.8666887279999855,6.316897391999987],[4.864854813000022,6.313193797999986],[4.860254764999979,6.3067049979999865],[4.858415604000015,6.303924560999974],[4.856571674000008,6.302067756999975],[4.853810786999986,6.298358916999973],[4.850122451999994,6.294645308999975],[4.846434593000026,6.2909312250000085],[4.8436732289999895,6.287222385000007],[4.840912342000024,6.283513545999995],[4.839078426000015,6.279809951999994],[4.837244510999994,6.276106357999993],[4.834488868999983,6.271474361000003],[4.8335976600000095,6.265006065000023],[4.832690716000002,6.261307240000008],[4.833633422999981,6.258542537999972],[4.834576130000016,6.255777835999993],[4.8346071240000015,6.2502379420000125],[4.834632874000022,6.245621203999974],[4.835580348999997,6.241932868999982],[4.8374657630000115,6.236402988000009],[4.839350700000011,6.2308735849999834],[4.8412308690000145,6.226267338000014],[4.844032764000019,6.222589015999972],[4.846840381999982,6.217988014000014],[4.849652767000009,6.212463378999985],[4.853392123999981,6.206943989000024],[4.8608508109999775,6.199598311999978],[4.86644983299999,6.193165779000026],[4.872048855000003,6.186733246000017],[4.877637863000018,6.18214750300001],[4.883236884999974,6.175714970000001],[4.886970996999992,6.171118735999983],[4.89349222200002,6.165614604999973],[4.9000287060000005,6.157340526999974],[4.903763293999987,6.152744770000027],[4.914013386000022,6.143568039000002],[4.918670177000024,6.139900207999972],[4.9214773179999725,6.135298728999999],[4.9252119060000155,6.130702971999995],[4.928951262999988,6.125183105000019],[4.931758403999993,6.120582103999993],[4.965347767000026,6.0829105380000215],[4.970187187000022,6.07814454999999],[5.007336140000007,6.041242123000018],[5.022016525000026,6.025845527999991],[5.024065971000027,6.024079799999981],[5.041731834000018,6.005086421999977],[5.052999020000016,6.027666092000004],[5.062687874000005,6.048982142999989],[5.0759296420000055,6.078048706000004],[5.087879181000005,6.101302147000013],[5.101120949000006,6.124878883000008],[5.119040488999985,6.149993419999987],[5.1269559859999845,6.163946629000009],[5.1350507739999784,6.169816970999989],[5.133446217000028,6.172210693000011],[5.137675762000015,6.173091887999988],[5.1371469499999876,6.176264285999991],[5.132036208999978,6.180846213999985],[5.135737419000009,6.182256221999978],[5.1359133720000045,6.1866621969999755],[5.133265017999975,6.188217640000005],[5.131330966999997,6.188953400000003],[5.12868738200001,6.1896586419999835],[5.12868738200001,6.193888187000027],[5.127111911999975,6.197025299000018],[5.1223950390000255,6.201276301999997],[5.122467995000022,6.205872059000001],[5.119923592000021,6.207008839000025],[5.117625237000027,6.206946372999994],[5.115489959999991,6.206108570000026],[5.11385965300002,6.199817181000014],[5.112825870999984,6.195474148000017],[5.1099395749999985,6.195427895000023],[5.104825496999979,6.200029373000007],[5.103156090000027,6.202176093999981],[5.099816798999996,6.202176093999981],[5.0982255939999845,6.198143481999978],[5.0958414080000125,6.197087764999992],[5.0924229620000006,6.198280334000003],[5.089201926999976,6.201057434000006],[5.088472366000019,6.2043399809999755],[5.086137771999972,6.207841873000007],[5.087235927999984,6.214525700000024],[5.085182667000026,6.21608829500002],[5.081807613000024,6.218033314000024],[5.07562255900001,6.213434219000021],[5.074545860000001,6.217686175999972],[5.077929974000028,6.220148086999984],[5.078811169000005,6.222615718999975],[5.075851440000008,6.226736545999984],[5.073736191000023,6.2288517950000255],[5.072933674000012,6.231186390000005],[5.0733475690000205,6.234776020000027],[5.0733475690000205,6.239534854999988],[5.0694704059999935,6.242530822999981],[5.06629800799999,6.245526790999975],[5.063478470000007,6.248346805999972],[5.060573100999989,6.248004912999988],[5.0574860570000055,6.247641563000002],[5.053448199999991,6.246833324000022],[5.049714087999973,6.251429557999984],[5.049030303999984,6.260269165000011],[5.047968863999984,6.264913558999979],[5.041041850999989,6.2742753030000245],[5.037746905999995,6.277426719999994],[5.035061358999997,6.278010368000025],[5.029640197999981,6.279189110000004],[5.02153301200002,6.285357475000012],[5.0156188010000164,6.292353153000022]]]},"properties":{"fid":547,"cty_nm":"Nigeria","iso3cd":"NGA","adm1nm":"Ondo","adm2nm":"Ese-Odo","adm1cd":"NGA029","adm2cd":"NGA029007"}},{"type":"Feature","id":548,"geometry":{"type":"Polygon","coordinates":[[[5.0830974579999975,7.250690937000002],[5.076617718000023,7.248808383999972],[5.0719819070000085,7.248782634999998],[5.0636320109999815,7.249660015000018],[5.05527687099999,7.251460552000026],[5.050635815000021,7.2523579599999834],[5.046922207000023,7.25326061200002],[5.041353703000027,7.2541532519999805],[5.036707401000001,7.255974293000008],[5.034899712000026,7.247653961000026],[5.033091067999976,7.239333629999976],[5.03218698500001,7.2351746560000265],[5.032220364000011,7.231300353999984],[5.033153056999993,7.228253841000026],[5.033188820000021,7.221790313999975],[5.034136772000011,7.2181024550000075],[5.035094737999998,7.212567329000024],[5.03513574599998,7.2051806449999845],[5.03517675400002,7.197793961000002],[5.036139965000018,7.191335677999973],[5.036170959000003,7.185795783999993],[5.036227225999994,7.17563915300002],[5.0353360180000095,7.169170855999994],[5.034439564000024,7.163625717000002],[5.034475803000021,7.157162189000019],[5.031724929999996,7.151607037000019],[5.029896258999997,7.146979809000015],[5.02712488200001,7.145117760000005],[5.023457527000005,7.137710571000014],[5.019784451000021,7.131227016000025],[5.016111851000005,7.124742985000012],[5.013350487000025,7.12103414500001],[5.008760929000005,7.112698555000009],[5.004166125999973,7.105286121000006],[5.002332686999978,7.101582527000005],[4.9986543659999825,7.096022129000005],[4.994976521000012,7.090461731000005],[4.993153095000025,7.084911346000013],[4.992261886999984,7.078442574000007],[4.992308139999977,7.0701327319999905],[4.992343903000005,7.0636692049999965],[4.993307114000004,7.057210922000024],[4.995223044999989,7.046141623999972],[4.994326591000004,7.0405964849999805],[4.9952898029999915,7.034138202999998],[4.998122691999981,7.02492046399999],[4.998158932000024,7.018456936000007],[5.00097608599998,7.01200914399999],[5.004746914000009,7.000949382999977],[5.006657599999983,6.990803242000027],[5.006719111999985,6.979723454000009],[5.004936695000026,6.96678590800002],[5.002222060999998,6.954767226999991],[4.998605727999973,6.938127040999973],[4.996802806999995,6.9288835529999915],[4.994072437,6.919634819000009],[4.9895443920000275,6.900218963999976],[4.988069057000018,6.8987336160000154],[4.991435050999996,6.893765926000015],[4.992403029999991,6.886384486999987],[4.99337148699999,6.8790030480000155],[4.992464541999993,6.875304222000011],[4.993458748000023,6.863306045999991],[4.995369433999997,6.853159903999995],[4.996327399999984,6.847625256000015],[4.997295855999994,6.840243339999972],[4.9973468779999735,6.831010342000013],[5.00110721599998,6.821797371000002],[5.002070426999978,6.815339087999973],[5.002090930999998,6.811645984999984],[5.0012149809999755,6.802407264999999],[5.002203941000005,6.791332721999993],[5.013401984999973,6.778467178000028],[5.017136574000006,6.773871422000013],[5.040393353000013,6.760149956000021],[5.046898842000019,6.757415771000012],[5.046924590999993,6.75279903400002],[5.049747466999975,6.745428085000015],[5.0516324039999745,6.7398982049999745],[5.053517817999989,6.734368324000002],[5.062835693000011,6.726109982000025],[5.067487239999991,6.723365306999995],[5.0721383090000245,6.720621108999978],[5.0767946240000015,6.716953753999974],[5.078197478999982,6.71488380400001],[5.082357882999986,6.716984271999991],[5.088838099999975,6.7188668250000205],[5.105563163999989,6.712496281000028],[5.109793663000005,6.708925723999982],[5.112084389000017,6.706992148999973],[5.12232971200001,6.698738574999993],[5.126022815999988,6.701529026000003],[5.131524563000028,6.712639808999995],[5.135191916999986,6.720046996999997],[5.137937545999989,6.726525783999989],[5.140693665000015,6.731158257000004],[5.145293713000001,6.737647057000004],[5.150810718999992,6.7459878920000165],[5.156352996999999,6.74971198999998],[5.166505814000004,6.758078575000013],[5.172970295000027,6.7627310749999765],[5.1803674700000215,6.766465186999994],[5.185914992999983,6.769266129000016],[5.190535544999989,6.77206182499998],[5.197015761999978,6.773944855000025],[5.201615810000021,6.780433655000024],[5.202527523000015,6.783208847000026],[5.202496528999973,6.788748741000006],[5.204325198999982,6.793375491999996],[5.205232142999989,6.797074318],[5.206138610999972,6.80077266699999],[5.2070450780000215,6.8044710159999795],[5.208868504000009,6.810021399999982],[5.211624621999988,6.814653396999972],[5.213458537999998,6.818356990999973],[5.215297222000004,6.821137427999986],[5.218970298999977,6.827620982999974],[5.223565102000009,6.835033416999977],[5.2263259889999745,6.838742255999989],[5.232769965999978,6.847088337000002],[5.236447811000005,6.8526487350000025],[5.243793487999994,6.865616798000019],[5.254822253999976,6.883221626000022],[5.272408009000003,6.888858794999976],[5.459748745000013,6.885982990000002],[5.537059784000007,6.884796618999985],[5.536655425999982,6.890323162000016],[5.535692691999998,6.896780967999973],[5.535676002999992,6.899732113000027],[5.535651207000001,6.904167652000012],[5.534693241000014,6.909702777999996],[5.533725262000019,6.917084217000024],[5.529964924000012,6.926297187999978],[5.524350642999991,6.935499667999977],[5.5196785929999805,6.941936969999972],[5.517793654999991,6.947466850000012],[5.51216840699999,6.958516121000002],[5.508413791999999,6.96680545800001],[5.5056014059999825,6.972330092999982],[5.500929355999972,6.978767871999992],[5.499064922000002,6.980604172000028],[5.492533207000008,6.987955092999982],[5.488788605000025,6.994397639999988],[5.486898422000024,7.000850677000017],[5.484086036999997,7.006375312999978],[5.481263161000015,7.013746738000009],[5.478466511000022,7.016500950000022],[5.475602627000001,7.031259060000025],[5.477426051999998,7.036809444000028],[5.478327750999995,7.041430950000006],[5.478302002000021,7.046047687999987],[5.475494862000005,7.050649166000028],[5.469911098000011,7.054311274999975],[5.464332581000008,7.057050704999995],[5.461540699000011,7.05888176000002],[5.458759308000026,7.058866501000011],[5.455972671999973,7.059774398999991],[5.45224857300002,7.062523842000019],[5.4497251509999955,7.064806938000004],[5.4448103899999865,7.066175938000015],[5.440164089000007,7.067996978999986],[5.433663367999998,7.069808006000017],[5.422516823000024,7.073439597999993],[5.41321420700001,7.078927994000026],[5.406713486000001,7.080739020999999],[5.399280547999979,7.083467960000007],[5.389993190999974,7.086186408999993],[5.382555485000012,7.089838504999989],[5.376054764000003,7.0916495320000195],[5.37234067899999,7.092552184999988],[5.369559288000005,7.09253692599998],[5.36515522000002,7.092512130999978],[5.358428000999993,7.093398571000023],[5.353792191000025,7.093372821999992],[5.350083351000023,7.0933523179999725],[5.345442294999998,7.094249724999997],[5.340795994000018,7.096070766000025],[5.333368301000007,7.097876548999977],[5.325940608999986,7.099681853999982],[5.318512917000021,7.101487636999991],[5.311089992999996,7.102369785000008],[5.300880909,7.1041598319999935],[5.291604042000017,7.105031967000002],[5.284181117999992,7.105914116000008],[5.28047227899998,7.1058936119999885],[5.2712006570000085,7.105842112999994],[5.261923790000026,7.106714248999992],[5.254500866000001,7.107596397000009],[5.247068404999993,7.110325336000017],[5.239630222000017,7.113977432000013],[5.234051704000024,7.116716861999976],[5.229400157999976,7.119461059999992],[5.223806380999974,7.124970436000012],[5.218212128000005,7.130479336000008],[5.21168613399999,7.136906624000005],[5.2070140839999794,7.143344402000025],[5.204227447999983,7.144252300000005],[5.197716712999977,7.1479096410000125],[5.1902785300000005,7.151562214000023],[5.1856222150000235,7.1552295679999816],[5.180043696999974,7.157968998000001],[5.173532963000014,7.161626339000009],[5.165162563000024,7.1661963459999924],[5.158651829000007,7.169854164000014],[5.152120113000024,7.177204609],[5.146521091000011,7.183637142000009],[5.141859531000023,7.188228130000027],[5.136265755000011,7.19373750699998],[5.129749774999993,7.198318004999976],[5.121364116999985,7.2056584360000215],[5.118561745000022,7.209336280999992],[5.114827633000004,7.213932514000021],[5.109228133999977,7.220365046999973],[5.103624344000025,7.227720737000027],[5.097103118999996,7.233224869000026],[5.091498851999972,7.240580559000023],[5.086837291999984,7.245171546999984],[5.0830974579999975,7.250690937000002]]]},"properties":{"fid":548,"cty_nm":"Nigeria","iso3cd":"NGA","adm1nm":"Ondo","adm2nm":"Idanre","adm1cd":"NGA029","adm2cd":"NGA029008"}},{"type":"Feature","id":549,"geometry":{"type":"Polygon","coordinates":[[[5.084746360999986,7.456950665000022],[5.078227996999999,7.459343909999973],[5.070805549999989,7.460226058999979],[5.065242290000015,7.4601950649999935],[5.058757304999972,7.459235668000019],[5.0531992909999985,7.458281994000004],[5.048568249000027,7.457332611000027],[5.045802116000004,7.454547405000028],[5.043031215999974,7.452685356000018],[5.038420676999976,7.448042869999995],[5.0328779220000115,7.444318770999985],[5.022725105000006,7.435952186999998],[5.019958972999973,7.433166503999985],[5.018115044000012,7.431309699999986],[5.016275882999992,7.428529738999998],[5.013514996000026,7.424820899999986],[5.010754108000015,7.421112060999974],[5.0079932209999924,7.417403220999972],[5.006159305999972,7.413699627000028],[5.005761623000012,7.409947395000017],[5.0052781109999955,7.405384540999989],[5.006231307999997,7.400773048000019],[5.006267071000025,7.394309997999983],[5.006279945000017,7.392001628999992],[5.012778281999999,7.390652180000018],[5.017424107000011,7.388831615000015],[5.022075653000002,7.386086940999974],[5.025799751000022,7.383337498000003],[5.030450820999988,7.380593299999987],[5.03232574499998,7.3769102100000055],[5.035132884999996,7.37230920799999],[5.036080836999986,7.368620872000008],[5.038903713000025,7.361249446999977],[5.040793896000025,7.354796410000006],[5.042684077999979,7.348343371999988],[5.04270982700001,7.343726634999996],[5.0427508349999925,7.336340426999982],[5.041870116999974,7.328024863999985],[5.040973662999988,7.322479724999994],[5.041931628999976,7.3169450760000245],[5.042894839999974,7.310486793999985],[5.0429410930000245,7.302176952000025],[5.042059897999991,7.293861865999986],[5.042090893000022,7.288321972000006],[5.040272236000021,7.281848431000014],[5.0403084750000176,7.275384902999974],[5.038495064000017,7.26798772799998],[5.038526058000002,7.262447834],[5.036707401000001,7.255974293000008],[5.041353703000027,7.2541532519999805],[5.046922207000023,7.25326061200002],[5.050635815000021,7.2523579599999834],[5.05527687099999,7.251460552000026],[5.0636320109999815,7.249660015000018],[5.0719819070000085,7.248782634999998],[5.076617718000023,7.248808383999972],[5.0830974579999975,7.250690937000002],[5.084004402000005,7.254389763000006],[5.083983897999985,7.258082866999985],[5.083937644999992,7.266392708000012],[5.082979679000005,7.271927833999996],[5.083865643000024,7.2793197629999895],[5.0866265299999895,7.2830281259999765],[5.090314864999982,7.28674221],[5.094930171999977,7.290461063000009],[5.099545479000028,7.2941803929999764],[5.104150772000025,7.299746036999977],[5.107843876000004,7.302536487999987],[5.112459660000013,7.306255817000022],[5.118934154999977,7.309061526999983],[5.128175258999988,7.3146529200000145],[5.135572432999993,7.3183870319999755],[5.142959118000022,7.32396841000002],[5.147584438000024,7.325840949999986],[5.152204989999973,7.328636168999992],[5.1577424999999835,7.333283901000016],[5.163280009999994,7.337931156000025],[5.166968345999976,7.341645240999981],[5.173432826999999,7.346297741000001],[5.1771159169999805,7.3509349820000125],[5.181623935999994,7.354749202999983],[5.181474686000001,7.3572220799999855],[5.184471606999978,7.362056255000027],[5.186305522999987,7.365759373000003],[5.188128947999985,7.3713102340000205],[5.189952373999972,7.376860141999998],[5.191771029999984,7.383333682999989],[5.1935634609999966,7.394423962000019],[5.194454670000027,7.4008927350000135],[5.194439411000019,7.403662204999989],[5.194418906999999,7.407355784999993],[5.194372654000006,7.41566562700001],[5.1943416600000205,7.4212059970000155],[5.19337892499999,7.427663802999973],[5.192420959000003,7.433198929000014],[5.192399979000015,7.436892032999992],[5.187743663999981,7.440559864000022],[5.181248187999984,7.441447257999982],[5.1738309859999845,7.44140625],[5.167345523999984,7.440446854000015],[5.1599230769999735,7.441329001999975],[5.15064096499998,7.443124293999972],[5.145077705000006,7.443093299999987],[5.138582229999997,7.4439811710000185],[5.1320867539999995,7.444868088000021],[5.126518725999972,7.445760726999993],[5.12001800500002,7.447571754000023],[5.114449977999982,7.448463917000026],[5.107954501999984,7.449351788000001],[5.102385997999988,7.450243950000015],[5.095885753999994,7.452054976999989],[5.089379786999984,7.454788684999983],[5.084746360999986,7.456950665000022]]]},"properties":{"fid":549,"cty_nm":"Nigeria","iso3cd":"NGA","adm1nm":"Ondo","adm2nm":"Ifedore","adm1cd":"NGA029","adm2cd":"NGA029009"}},{"type":"Feature","id":550,"geometry":{"type":"Polygon","coordinates":[[[5.036707401000001,7.255974293000008],[5.038526058000002,7.262447834],[5.038495064000017,7.26798772799998],[5.0403084750000176,7.275384902999974],[5.040272236000021,7.281848431000014],[5.042090893000022,7.288321972000006],[5.042059897999991,7.293861865999986],[5.0429410930000245,7.302176952000025],[5.042894839999974,7.310486793999985],[5.041931628999976,7.3169450760000245],[5.040973662999988,7.322479724999994],[5.041870116999974,7.328024863999985],[5.0427508349999925,7.336340426999982],[5.04270982700001,7.343726634999996],[5.042684077999979,7.348343371999988],[5.040793896000025,7.354796410000006],[5.038903713000025,7.361249446999977],[5.036080836999986,7.368620872000008],[5.035132884999996,7.37230920799999],[5.03232574499998,7.3769102100000055],[5.030450820999988,7.380593299999987],[5.025799751000022,7.383337498000003],[5.022075653000002,7.386086940999974],[5.017424107000011,7.388831615000015],[5.012778281999999,7.390652180000018],[5.006279945000017,7.392001628999992],[5.003516674000025,7.388754367999979],[4.999823092999975,7.385963917000026],[4.997051715999987,7.384101868000016],[4.993363380000005,7.380388260000018],[4.989670277000016,7.3775973319999935],[4.9850392339999985,7.376648425999974],[4.979481696999983,7.375694275000001],[4.974850655000012,7.374745368999982],[4.969287394999981,7.374714374999996],[4.964656830000024,7.373765468999977],[4.960947990000022,7.373744488],[4.95723915100001,7.37372398399998],[4.952613831000008,7.371851920999973],[4.94798278799999,7.37090301500001],[4.943352221999987,7.369954108999991],[4.935929298000019,7.370836257999997],[4.930361270999981,7.371728420000011],[4.919224739000015,7.373513699],[4.914588928000001,7.37348794899998],[4.909025669000016,7.373456954999995],[4.902530193000018,7.374344349000012],[4.89603471800001,7.375231742999972],[4.8913888929999985,7.377052784],[4.888607024999999,7.3770375249999915],[4.878397464999978,7.378827571999977],[4.875616073999993,7.378812313000026],[4.87098550799999,7.377863407000007],[4.860786437999991,7.377806663999991],[4.853374003999988,7.37684249900002],[4.848743438999975,7.375893115999986],[4.841331004999972,7.374928951000015],[4.834250927000028,7.374184131999982],[4.832064151999987,7.373954296000022],[4.821870326999999,7.372974396000018],[4.814457892999997,7.372009753999976],[4.806123733999982,7.370117187000005],[4.801503180999987,7.367321490999984],[4.795955181000011,7.364520550000009],[4.787631035000004,7.36078119299998],[4.778379916999995,7.357036113999982],[4.771920680999983,7.351460456999973],[4.769159317000003,7.347751616999972],[4.76825285000001,7.344053267999982],[4.768293857999993,7.336666584],[4.767402649000019,7.330197811000005],[4.767417908000027,7.327427864000015],[4.764630795000016,7.32310295100001],[4.7653779980000195,7.32086181599999],[4.761931896000021,7.313547133999975],[4.760108471000024,7.3079967499999725],[4.756430625999997,7.302436351999972],[4.758367061999991,7.287673472999984],[4.7583928110000215,7.283056735999992],[4.758433819000004,7.2756700520000095],[4.756640910999977,7.26457977299998],[4.755644797999992,7.259994029999973],[4.754833221000013,7.256259440999997],[4.753009319,7.250709056999995],[4.750253676999989,7.246077060999994],[4.750294684999972,7.238690376000022],[4.749408721999998,7.231298446999972],[4.747580051,7.226671695999983],[4.746673106999992,7.222973346999993],[4.743917464999981,7.218340873999978],[4.742083548999972,7.214637279999977],[4.739322662000006,7.21092891699999],[4.736561774999984,7.2072200779999775],[4.726418971999976,7.197007179000025],[4.720866203000014,7.195129394999981],[4.720881462000023,7.192359447000001],[4.719058037000025,7.186809062999998],[4.718166827999994,7.180340767000018],[4.716338157999985,7.175713539000014],[4.715431690000003,7.172015190000025],[4.711748600000021,7.167377949000013],[4.708982467999988,7.164592743000014],[4.706211090000011,7.162730694000004],[4.703434467000022,7.161791800999993],[4.698793410999997,7.1626896860000215],[4.691360474000021,7.165418148000015],[4.687646866000023,7.166321277999998],[4.683927535999999,7.168147087000023],[4.675593375999995,7.166254519999995],[4.671884536999983,7.166234015999976],[4.669123650000017,7.1625251770000204],[4.668217181999978,7.158826827999974],[4.669154166999988,7.156985282999983],[4.6701073649999785,7.152373791000002],[4.671987057000024,7.147767067000018],[4.674789428999986,7.144089221999991],[4.6738724709999815,7.142237663000003],[4.672955512999977,7.14038562799999],[4.669262408999998,7.13759517699998],[4.665574074000006,7.133881092000024],[4.662802696000028,7.132019043000014],[4.659104346999982,7.130151748999992],[4.656338215000005,7.127366542999994],[4.652644634000012,7.124576091999984],[4.648024082000006,7.12178039600002],[4.6443257330000165,7.119913101000009],[4.639710426000022,7.116194247999999],[4.635089874000016,7.113398551999978],[4.630479813000022,7.108756065000023],[4.626796721999995,7.104118824000011],[4.624968051999986,7.099492073000022],[4.621295452000027,7.093008041000019],[4.61853408799999,7.0892992020000065],[4.616705417999981,7.084672451000017],[4.621336460000009,7.0856213569999795],[4.625972271000023,7.08564710600001],[4.630603312999995,7.086596011999973],[4.636166096000011,7.086627007000004],[4.641729354999995,7.086658000999989],[4.651000977000024,7.086709023000026],[4.655626773999984,7.088581562000002],[4.661174297000002,7.091382027000009],[4.665794849000008,7.0941781999999876],[4.672254561999978,7.099753856999996],[4.679646492000018,7.104411602000027],[4.688897610000026,7.108156204000011],[4.696304798000028,7.1100440029999845],[4.7000083919999724,7.110988140000018],[4.705561160999991,7.1128654479999796],[4.711119175000022,7.11381959900001],[4.721313000000009,7.114799500000004],[4.729652405000024,7.115768908999996],[4.7352004050000005,7.118569851000018],[4.7435345650000045,7.120462894000013],[4.749082564999981,7.1232633590000205],[4.754635334,7.125141143999997],[4.759250640999994,7.128859997000006],[4.761996269000008,7.135338783000009],[4.761975764999988,7.139032364000002],[4.761023045000002,7.143643855999983],[4.760981560000005,7.151030540000022],[4.759101868000016,7.155636786999992],[4.759076117999996,7.160253524999973],[4.758128166000006,7.163941383000008],[4.7571649550000075,7.17039966599998],[4.756212233999975,7.175011158000018],[4.755259513999988,7.179622649999999],[4.756145477000018,7.187014579999982],[4.758901118999972,7.191646575999982],[4.760730266999985,7.196273326999972],[4.763485908999996,7.200905322999972],[4.766252040999973,7.2036910059999855],[4.770867348000024,7.2074103360000095],[4.776410102999989,7.2111339570000155],[4.781025409999984,7.214853286999983],[4.786578178000013,7.216730595000001],[4.793985367000005,7.218618392999986],[4.8032622339999875,7.217746257999977],[4.813456058999975,7.218726157999981],[4.821831702999987,7.2132325169999945],[4.827425479999988,7.207723617999989],[4.833024979000015,7.201290606999976],[4.840483188999997,7.1939454079999905],[4.845129489999977,7.1921243670000194],[4.850718497999992,7.1875386240000125],[4.856594562999987,7.183926105000012],[4.861859798000012,7.184830189000024],[4.867417811999985,7.185784339999998],[4.873903274999975,7.186743735999983],[4.884097098999973,7.187723636999976],[4.892441749999989,7.187769890000027],[4.900791645000027,7.1868925090000175],[4.906354426999997,7.186923503999992],[4.910990715000025,7.186949253000023],[4.9184079170000246,7.186990261000005],[4.924893379000025,7.18794965699999],[4.937868594999998,7.188944816999992],[4.947140693999984,7.188996314999997],[4.956407070000012,7.18997096999999],[4.968455315000028,7.190960883999992],[4.980498791000002,7.192874431999996],[4.990676880000024,7.196624278999991],[5.000860691000014,7.199450492999972],[5.007340430999989,7.201333523000017],[5.0119609829999945,7.204129218999981],[5.014732360999972,7.205991267999991],[5.022109032000003,7.213418961000002],[5.0257816309999725,7.219902515000001],[5.029454708000003,7.226386547000004],[5.032220364000011,7.231300353999984],[5.03218698500001,7.2351746560000265],[5.033091067999976,7.239333629999976],[5.034899712000026,7.247653961000026],[5.036707401000001,7.255974293000008]]]},"properties":{"fid":550,"cty_nm":"Nigeria","iso3cd":"NGA","adm1nm":"Ondo","adm2nm":"Ile-Oluji-Okeigbo","adm1cd":"NGA029","adm2cd":"NGA029011"}},{"type":"Feature","id":551,"geometry":{"type":"Polygon","coordinates":[[[5.12232971200001,6.698738574999993],[5.112084389000017,6.706992148999973],[5.109793663000005,6.708925723999982],[5.105563163999989,6.712496281000028],[5.088838099999975,6.7188668250000205],[5.082357882999986,6.716984271999991],[5.078197478999982,6.71488380400001],[5.073112010999978,6.712316513000019],[5.071267605000003,6.710459232000005],[5.05559301400001,6.694675446000019],[5.0509777070000155,6.69095659300001],[5.044512748999978,6.686303615999975],[5.038965225000027,6.683503151000025],[5.033427715000016,6.678855419000001],[5.027900696000017,6.6723613739999905],[5.023326397000005,6.661255836000009],[5.0214872359999845,6.658475398999997],[5.018746852999982,6.651073456000006],[5.008568287000003,6.647323608000022],[4.998348712999984,6.65096044500001],[4.980691433000004,6.658249377999994],[4.963064670999984,6.659998416999997],[4.951932907000014,6.660860061999983],[4.944510460000004,6.66174221],[4.938020229000017,6.661706448000018],[4.9268889429999945,6.662568092000015],[4.915778160000002,6.659736633000023],[4.909303188000024,6.656930446999979],[4.902822970999978,6.655047894000006],[4.897270203000005,6.653170108999973],[4.8815493579999725,6.645696163000025],[4.876938820000021,6.641054153000027],[4.875115395000023,6.6355037690000245],[4.87236976600002,6.629024981999976],[4.870561599999974,6.620704650999983],[4.868738173999986,6.615154743000005],[4.866007804999981,6.605905532999998],[4.866976260999991,6.598524094000027],[4.867969990000006,6.586525917000017],[4.868943691000027,6.578221321000001],[4.869911671000011,6.570839405000015],[4.869025706999992,6.56344795199999],[4.869061946999977,6.556984424999996],[4.870004176999998,6.554219723000017],[4.869102955000017,6.549597740000024],[4.868216990999997,6.542206286999999],[4.868247509000014,6.536665916000004],[4.865497112000014,6.531110764000005],[4.8627409929999885,6.526478767000015],[4.857218741999986,6.51906108899999],[4.852603435999981,6.515342235999981],[4.8489203450000105,6.51070499399998],[4.8433880810000005,6.505134106000014],[4.839704989999973,6.500496864000013],[4.836032391000003,6.494012832999999],[4.834208965000016,6.488462925000022],[4.831463337000002,6.481984137999973],[4.8296499250000124,6.474586964000025],[4.8278212550000035,6.469960212999979],[4.827836514000012,6.467190265999989],[4.828789711000013,6.462578773000018],[4.831596850999972,6.457977294999978],[4.837195872999985,6.451544762000026],[4.840930462000017,6.446948528000007],[4.851180553000006,6.437771796999982],[4.854925632000004,6.431329249999976],[4.85862874999998,6.432272910999984],[4.862322329999984,6.435063361999994],[4.865088463000006,6.437849045000007],[4.870631218000028,6.441573143000028],[4.87617874099999,6.444374084000003],[4.880799293999985,6.447169781000014],[4.8863520620000145,6.449047088999976],[4.890050411000004,6.450914382999997],[4.899302006000028,6.4546589849999805],[4.905781746000002,6.45654153800001],[4.909490585000015,6.456562041999973],[4.915980816000001,6.456598282000016],[4.923429489,6.451099396000018],[4.927163601000018,6.446503161999999],[4.92903852500001,6.442820072000018],[4.9299912449999965,6.43820857999998],[4.9310112,6.421593665999978],[4.934755801999984,6.415151118999972],[4.936651229999995,6.407774447999998],[4.938551903000018,6.399474621000024],[4.939489364999986,6.397633075999977],[4.94323921199998,6.390266895000025],[4.950805663999972,6.36353158999998],[4.956430435000016,6.352482318999989],[4.961102486000016,6.3460450169999945],[4.96390438100002,6.34236669500001],[4.966706276000025,6.338688849999983],[4.971378325999979,6.33225107200002],[4.973248005000016,6.329491614999995],[4.9779095650000045,6.324900626999977],[4.9797844889999965,6.3212175369999954],[4.984456539000007,6.314779757999986],[4.989118098999995,6.310188770000025],[4.990987777999976,6.3074293139999895],[4.993790149999995,6.303751469000019],[4.995665072999998,6.300068377999992],[4.998461722999991,6.29731369000001],[5.000326632999986,6.295477389999974],[5.002569198999993,6.29404544800002],[5.010605811999994,6.292759418000003],[5.0156188010000164,6.292353153000022],[5.013073443999986,6.298575400999994],[5.012897015000021,6.302100182000004],[5.015364647000013,6.308973788999992],[5.019684315000006,6.3158984180000175],[5.021523476000027,6.3186788560000196],[5.030136108000022,6.323132992000012],[5.035301208000021,6.328475952000019],[5.034945010999991,6.332928658000014],[5.031738758000017,6.337559699999986],[5.028711319000024,6.341834068000026],[5.027820587000008,6.345218181999996],[5.028176785000028,6.350917338999977],[5.028355121999994,6.358041763000017],[5.02870988799998,6.360269546999973],[5.029245376999995,6.363563060999979],[5.032392979000008,6.364906787999985],[5.039219378999974,6.364097118000018],[5.043849944999977,6.366590976999987],[5.047234058000015,6.372112274000017],[5.048124789999974,6.375318049999976],[5.048082829000009,6.377921103999995],[5.049193381999999,6.38244199799999],[5.052824973999975,6.384150981999994],[5.057386398000006,6.381373404999977],[5.06255102199998,6.377811431999987],[5.066113471999984,6.376564502999997],[5.071278571999983,6.376564502999997],[5.0757312769999885,6.3772768970000016],[5.079293251000024,6.3811955450000255],[5.083274840999991,6.385502814999995],[5.086036205000028,6.389211654999997],[5.091582297999992,6.392238140000018],[5.098885058999997,6.397403240000017],[5.103693485000008,6.402212142999986],[5.106899737999981,6.409514426999976],[5.109570980000001,6.412541866000026],[5.109749317000023,6.414679526999976],[5.108502387999977,6.417172908999987],[5.107255936000001,6.4191322330000276],[5.103871821999974,6.422159672000021],[5.103693485000008,6.4248313900000085],[5.104406357000016,6.427859306000016],[5.104584217000024,6.4317774770000256],[5.107612132999975,6.433380603999979],[5.107789992999983,6.435873985000001],[5.10511875200001,6.437298774999988],[5.102803230000006,6.438723563999986],[5.102981091000004,6.4422855380000215],[5.1060090070000115,6.446025847999977],[5.110461712000017,6.449053763999984],[5.1140236850000065,6.453328133000014],[5.117407798999977,6.459027767000009],[5.123463630999993,6.4627680780000105],[5.128806591,6.468467235999981],[5.133615494000026,6.472563744000013],[5.135752678000017,6.477016449000018],[5.1394929890000185,6.480044365000026],[5.143589496999994,6.486455917000001],[5.145370483000022,6.488771439000004],[5.1473298070000055,6.489305495999986],[5.148576260000027,6.492155551999986],[5.151069640999992,6.4939365390000034],[5.153385162000006,6.4980330469999785],[5.153741360000026,6.501060485999972],[5.152138709999974,6.503554344000008],[5.150179385999991,6.504622935999976],[5.150179385999991,6.508897305000005],[5.150357245999999,6.511746883000001],[5.153028964999976,6.515487194000002],[5.154809951999994,6.5188713069999835],[5.154809951999994,6.529023170000016],[5.155166149000024,6.533119677999991],[5.157125473000008,6.536147593999999],[5.1603312490000235,6.539175510000007],[5.161221980999983,6.54380607600001],[5.162290573000007,6.546477794999987],[5.160687446999987,6.549861908000025],[5.162290573000007,6.552176952000025],[5.164249896999991,6.554492474000028],[5.1619343759999765,6.559301376000008],[5.1621122359999845,6.561973094999985],[5.154583453999976,6.567800045000013],[5.147155762000011,6.5696053500000176],[5.140639781999994,6.574186325000028],[5.138774871999999,6.576022625000007],[5.136910439000019,6.577858924999987],[5.13317108199999,6.5833783150000045],[5.132228374000022,6.586143493999998],[5.128054141999996,6.588160991999985],[5.127551079,6.593504429000006],[5.125671387000011,6.598110675999976],[5.123801231000016,6.600870609000026],[5.120984077000003,6.607318400999986],[5.119108676999986,6.611001492000014],[5.117228984999997,6.615607737999994],[5.114416598999981,6.6211323740000125],[5.112531185000023,6.626662253999996],[5.111583709999991,6.63035011300002],[5.111542702000008,6.637736797000002],[5.112433909999993,6.644205569999997],[5.1123976709999965,6.6506686210000225],[5.11236715299998,6.656208515000003],[5.113263130000007,6.661753653999995],[5.114149569999995,6.669145583999978],[5.115957736999974,6.677465916000017],[5.117775917000017,6.683939457000008],[5.119599342000015,6.689489841000011],[5.1223502159999725,6.6950454710000145],[5.12232971200001,6.698738574999993]]]},"properties":{"fid":551,"cty_nm":"Nigeria","iso3cd":"NGA","adm1nm":"Ondo","adm2nm":"Irele","adm1cd":"NGA029","adm2cd":"NGA029012"}},{"type":"Feature","id":552,"geometry":{"type":"Polygon","coordinates":[[[4.9140763280000215,6.9570651050000265],[4.911337376000006,6.957957267999973],[4.902055264000012,6.959752560000027],[4.890933990000008,6.9587678909999795],[4.878890990999992,6.956854342999975],[4.876109122999992,6.956839085000013],[4.868707180000001,6.954027653000026],[4.858528614000022,6.950277804999985],[4.852975845000003,6.948400497000023],[4.837239264999994,6.943696498999998],[4.831691741999975,6.940895556999976],[4.824310303000004,6.934391499000014],[4.813220023999975,6.927866458999972],[4.793800353999984,6.918525219000003],[4.788258075999977,6.914801120999982],[4.779001713000014,6.911979674999998],[4.767900944000019,6.907301426000004],[4.760493755000027,6.905413628000019],[4.7521696090000205,6.901673793999976],[4.743845463000014,6.8979344370000035],[4.734594345000005,6.89418983500002],[4.727197170000011,6.890455245999988],[4.719789982000009,6.888567448000003],[4.712398528999984,6.883909701999983],[4.703162193000026,6.877395153000009],[4.694838047000019,6.873655319000022],[4.686514378000027,6.869915961999993],[4.6837377549999815,6.868977070000028],[4.6809563639999965,6.86896181100002],[4.66890811899998,6.867971897000018],[4.663350105000006,6.867017268999973],[4.655004978000022,6.8669710159999795],[4.643878937000011,6.8669095039999775],[4.633669853000015,6.8687000269999885],[4.6290287969999895,6.869597435000003],[4.6253252029999885,6.868653773999995],[4.621631621999995,6.865862846000027],[4.615156651000007,6.863057136999998],[4.607754707000026,6.8602461809999795],[4.603124142000013,6.859296798999992],[4.593857287999981,6.858322143999999],[4.583673476999991,6.855495930000018],[4.574411869000016,6.853597641000022],[4.566077709000012,6.8517050739999945],[4.560534953999991,6.847980499000016],[4.55675983399999,6.846883773999991],[4.554055214000016,6.846098423000001],[4.5512785910000275,6.845159530999979],[4.548316001999979,6.844217300000025],[4.547595500999989,6.840522288999978],[4.542057990999979,6.835874557000011],[4.537437438999973,6.83307886099999],[4.533739089999983,6.831212043999983],[4.529113293000023,6.829339504000018],[4.524497985999972,6.825620651000008],[4.5198779109999805,6.822824477999973],[4.515257358999975,6.820029259000023],[4.502296924999996,6.8162636760000055],[4.498598576000006,6.814396380999995],[4.493051051999998,6.811595916999977],[4.487508296999977,6.807871819000013],[4.476412772999993,6.802269936000016],[4.472719669000014,6.799479485000006],[4.467176913999992,6.795755385999996],[4.454247952000003,6.786449908999998],[4.44502210600001,6.778088570000023],[4.439479828000003,6.774364471000013],[4.433931828000027,6.77156352999998],[4.425607680999974,6.767824173000008],[4.4228415489999975,6.7650389670000095],[4.418231487000014,6.760396480999987],[4.415485859,6.753917693999995],[4.414579391000018,6.750219345000005],[4.413682938000022,6.744674206000013],[4.410926818999997,6.740042210000013],[4.407243729000015,6.735404968000012],[4.403565883999988,6.729844092999997],[4.398033618999989,6.7242732049999745],[4.3925013539999895,6.718702316000019],[4.389735222000013,6.715917110000021],[4.388823509000019,6.713141918000019],[4.388854503999994,6.707602023999982],[4.388885021000021,6.702062130000002],[4.388916015999996,6.696522236000021],[4.388951777999978,6.690058707999981],[4.388982773000009,6.6845188140000005],[4.3899407389999965,6.678984164999974],[4.38903904,6.674362183000028],[4.387210369000002,6.669734955000024],[4.384439467999982,6.667872906000014],[4.379813671000022,6.666000843000006],[4.376120089999972,6.663210391999996],[4.376151085000004,6.657670021000001],[4.376176833999978,6.653053284000009],[4.376202583000008,6.648437022999985],[4.377055168000027,6.6451172829999905],[4.379962444,6.639224051999975],[4.3827695850000055,6.634622573999991],[4.387431622000008,6.630032062999987],[4.390223503000016,6.6282005310000045],[4.393937111000014,6.627297877999979],[4.403224468000019,6.624578953000025],[4.406943321000028,6.622753143000011],[4.4106626509999955,6.620926856999972],[4.413454055999978,6.619095802000004],[4.4181056020000256,6.616351128000019],[4.424611092000021,6.6136174200000255],[4.426470757000004,6.6127042769999775],[4.454317092999986,6.607318400999986],[4.4580516820000184,6.602722168000014],[4.459931849999975,6.598115920999987],[4.460884571000008,6.593504429000006],[4.462774754000009,6.587051391999978],[4.465224743000022,6.582136631000026],[4.464685916999997,6.576904774000013],[4.466570853999997,6.571375369999998],[4.467523574999973,6.5667638780000175],[4.470346451000012,6.559392451999997],[4.47317409499999,6.551097869999978],[4.475064754000016,6.544644833000007],[4.476944446999994,6.54003858599998],[4.478824615000008,6.535431861999996],[4.482574462999992,6.528065680999987],[4.486324309999986,6.520699977999982],[4.489141941000014,6.514251709000007],[4.491026878000014,6.508722304999992],[4.496610641000018,6.5050597189999735],[4.499382018999995,6.506921767999984],[4.500288485999988,6.510620116999974],[4.502101897999978,6.51801681500001],[4.503003596999974,6.522638798000003],[4.503899574000002,6.528183936999994],[4.506645203000005,6.534662723999986],[4.507658004999996,6.538268565999999],[4.508463860000006,6.541136264999977],[4.510282039999993,6.547609806000025],[4.512100696999994,6.554083347000017],[4.514861584000016,6.557792187000018],[4.518534183999975,6.564276217999975],[4.522202015000005,6.571683407000023],[4.523108481999998,6.575381756000013],[4.526437283000007,6.58088636399998],[4.52861022899998,6.586492538000016],[4.5322980880000046,6.590206622999972],[4.535043716000018,6.5966854100000205],[4.537799834999987,6.601317406000021],[4.542405127999984,6.6068830489999755],[4.547004700000002,6.613371848999975],[4.551615238000011,6.6180143359999875],[4.555293082999981,6.6235747339999875],[4.560433864999993,6.628088473999981],[4.561747550999996,6.63007402400001],[4.5645084380000185,6.633782864000011],[4.567274569999995,6.636568545999978],[4.572822094000003,6.639369010999985],[4.578370093999979,6.6421699520000175],[4.582542418999992,6.642193317000022],[4.585761547000004,6.646827697999981],[4.588522910999984,6.650536536999994],[4.593132973000024,6.655179024000006],[4.59589385999999,6.6588873860000035],[4.599571705000017,6.664448261000018],[4.602333068999997,6.66815710100002],[4.608766555999978,6.67834949500002],[4.611532688000011,6.681135177999977],[4.615180016000011,6.692235470000014],[4.618837357000018,6.701489449000007],[4.620660782000016,6.70703983300001],[4.622479439000017,6.7135133740000015],[4.625225066999974,6.719991683999979],[4.62889766699999,6.726475715999982],[4.633477211000013,6.736658095999985],[4.6381025310000155,6.738530636000007],[4.643676281000012,6.7367148399999905],[4.649234294999985,6.737668991000021],[4.664084435000007,6.7349810599999955],[4.6761479379999855,6.733201027000007],[4.68821716299999,6.730497836999973],[4.700270176000004,6.730564593999986],[4.713235377999979,6.73340654399999],[4.715110302000028,6.729723454000009],[4.719777107000027,6.724209309000003],[4.724449158000027,6.717771529999993],[4.728183746000013,6.713175297000021],[4.732855319999999,6.706737995000026],[4.735667706000015,6.701213359999997],[4.737558364999984,6.694760323000025],[4.739443301999984,6.689230441999996],[4.742250442999989,6.684628963000023],[4.744141102000015,6.678175925999994],[4.746020794000003,6.673569679000025],[4.747906208000018,6.668040275999999],[4.75164556499999,6.662520409000024],[4.757244587000002,6.656088351999983],[4.762838839999972,6.65057897600002],[4.765651225999989,6.6450543400000015],[4.769390583000018,6.639534949999984],[4.777781487000027,6.631270884999992],[4.783375262999982,6.625761985999986],[4.788047313999982,6.619324206999977],[4.788990021000018,6.616559504999998],[4.791797160999977,6.611958027000014],[4.797396182999989,6.605525494000005],[4.80208873700002,6.5953946110000174],[4.811422348000008,6.584365844999979],[4.816052914000011,6.585315228000013],[4.819751263000001,6.58718204500002],[4.827163696000014,6.588146687000005],[4.835503100999972,6.589116095999998],[4.845707417000028,6.58824920699999],[4.854057312000009,6.587372302999995],[4.861479759000019,6.586490153999989],[4.867969990000006,6.586525917000017],[4.866976260999991,6.598524094000027],[4.866007804999981,6.605905532999998],[4.868738173999986,6.615154743000005],[4.870561599999974,6.620704650999983],[4.87236976600002,6.629024981999976],[4.875115395000023,6.6355037690000245],[4.876938820000021,6.641054153000027],[4.8815493579999725,6.645696163000025],[4.897270203000005,6.653170108999973],[4.902822970999978,6.655047894000006],[4.909303188000024,6.656930446999979],[4.915778160000002,6.659736633000023],[4.9268889429999945,6.662568092000015],[4.938020229000017,6.661706448000018],[4.944510460000004,6.66174221],[4.951932907000014,6.660860061999983],[4.963064670999984,6.659998416999997],[4.980691433000004,6.658249377999994],[4.998348712999984,6.65096044500001],[5.008568287000003,6.647323608000022],[5.018746852999982,6.651073456000006],[5.0214872359999845,6.658475398999997],[5.023326397000005,6.661255836000009],[5.027900696000017,6.6723613739999905],[5.033427715000016,6.678855419000001],[5.038965225000027,6.683503151000025],[5.044512748999978,6.686303615999975],[5.0509777070000155,6.69095659300001],[5.05559301400001,6.694675446000019],[5.071267605000003,6.710459232000005],[5.073112010999978,6.712316513000019],[5.078197478999982,6.71488380400001],[5.0767946240000015,6.716953753999974],[5.0721383090000245,6.720621108999978],[5.067487239999991,6.723365306999995],[5.062835693000011,6.726109982000025],[5.053517817999989,6.734368324000002],[5.0516324039999745,6.7398982049999745],[5.049747466999975,6.745428085000015],[5.046924590999993,6.75279903400002],[5.046898842000019,6.757415771000012],[5.040393353000013,6.760149956000021],[5.017136574000006,6.773871422000013],[5.013401984999973,6.778467178000028],[5.002203941000005,6.791332721999993],[5.0012149809999755,6.802407264999999],[5.002090930999998,6.811645984999984],[5.002070426999978,6.815339087999973],[5.00110721599998,6.821797371000002],[4.9973468779999735,6.831010342000013],[4.997295855999994,6.840243339999972],[4.996327399999984,6.847625256000015],[4.995369433999997,6.853159903999995],[4.993458748000023,6.863306045999991],[4.992464541999993,6.875304222000011],[4.99337148699999,6.8790030480000155],[4.992403029999991,6.886384486999987],[4.991435050999996,6.893765926000015],[4.988069057000018,6.8987336160000154],[4.982111454000005,6.902947902999983],[4.974668502999975,6.907523631999993],[4.970939159000011,6.911196232000009],[4.964412689000028,6.9176235200000065],[4.958824158000027,6.922209263000013],[4.954152107000027,6.9286470409999765],[4.952271938000024,6.933253288000003],[4.943896769999981,6.9387474060000045],[4.938307762000022,6.943333149000011],[4.92901039100002,6.947898387999999],[4.920634747000008,6.9533920289999855],[4.9140763280000215,6.9570651050000265]]]},"properties":{"fid":552,"cty_nm":"Nigeria","iso3cd":"NGA","adm1nm":"Ondo","adm2nm":"Odigbo","adm1cd":"NGA029","adm2cd":"NGA029013"}},{"type":"Feature","id":553,"geometry":{"type":"Polygon","coordinates":[[[4.867969990000006,6.586525917000017],[4.861479759000019,6.586490153999989],[4.854057312000009,6.587372302999995],[4.845707417000028,6.58824920699999],[4.835503100999972,6.589116095999998],[4.827163696000014,6.588146687000005],[4.819751263000001,6.58718204500002],[4.816052914000011,6.585315228000013],[4.811422348000008,6.584365844999979],[4.80208873700002,6.5953946110000174],[4.797396182999989,6.605525494000005],[4.791797160999977,6.611958027000014],[4.788990021000018,6.616559504999998],[4.788047313999982,6.619324206999977],[4.783375262999982,6.625761985999986],[4.777781487000027,6.631270884999992],[4.769390583000018,6.639534949999984],[4.765651225999989,6.6450543400000015],[4.762838839999972,6.65057897600002],[4.757244587000002,6.656088351999983],[4.75164556499999,6.662520409000024],[4.747906208000018,6.668040275999999],[4.746020794000003,6.673569679000025],[4.744141102000015,6.678175925999994],[4.742250442999989,6.684628963000023],[4.739443301999984,6.689230441999996],[4.737558364999984,6.694760323000025],[4.735667706000015,6.701213359999997],[4.732855319999999,6.706737995000026],[4.728183746000013,6.713175297000021],[4.724449158000027,6.717771529999993],[4.719777107000027,6.724209309000003],[4.715110302000028,6.729723454000009],[4.713235377999979,6.73340654399999],[4.700270176000004,6.730564593999986],[4.68821716299999,6.730497836999973],[4.6761479379999855,6.733201027000007],[4.664084435000007,6.7349810599999955],[4.649234294999985,6.737668991000021],[4.643676281000012,6.7367148399999905],[4.6381025310000155,6.738530636000007],[4.633477211000013,6.736658095999985],[4.62889766699999,6.726475715999982],[4.625225066999974,6.719991683999979],[4.622479439000017,6.7135133740000015],[4.620660782000016,6.70703983300001],[4.618837357000018,6.701489449000007],[4.615180016000011,6.692235470000014],[4.611532688000011,6.681135177999977],[4.608766555999978,6.67834949500002],[4.602333068999997,6.66815710100002],[4.599571705000017,6.664448261000018],[4.59589385999999,6.6588873860000035],[4.593132973000024,6.655179024000006],[4.588522910999984,6.650536536999994],[4.585761547000004,6.646827697999981],[4.582542418999992,6.642193317000022],[4.586719512999991,6.641293049000012],[4.589511394999988,6.6394615169999724],[4.592308521000007,6.636706828999991],[4.595120907000023,6.631182670999976],[4.596985340000003,6.629345893999982],[4.598875998999972,6.622892857000011],[4.600756167999975,6.618286609999984],[4.600776671999995,6.614593506000006],[4.600807190000012,6.609053135000011],[4.599905967999973,6.604431628999976],[4.599009513999988,6.598886489999984],[4.598113060000003,6.593341350999992],[4.59720659300001,6.5896430020000025],[4.596299648000013,6.585944175999998],[4.595387936000009,6.583168983000007],[4.594476223000015,6.5803942680000205],[4.592652798000017,6.574843884000018],[4.589912415000015,6.567441463000023],[4.589021205999984,6.560973166999986],[4.589046478,6.556356429999994],[4.589077472999975,6.5508165360000135],[4.589108467000017,6.545276641999976],[4.588255881999999,6.536082744999987],[4.588248729999975,6.532358645999977],[4.5947947500000055,6.523147583000025],[4.597601891000011,6.518546103999995],[4.5994820590000245,6.513939857000025],[4.604174613999987,6.503808975000027],[4.606054305999976,6.499202250999986],[4.60522079499998,6.492155075000028],[4.608882427000026,6.490907669000023],[4.6098198889999935,6.489066123999976],[4.618190288999983,6.484495639999977],[4.620065211999986,6.480813026000021],[4.621007442000007,6.478047848000017],[4.623804569000015,6.475293158999989],[4.624757289999991,6.470681667000008],[4.626627444999997,6.467922210999973],[4.629419326999994,6.46609067899999],[4.634997367999972,6.463351726999974],[4.638726711000004,6.459679127000015],[4.641533852000009,6.455077647999985],[4.642476558999988,6.452312946000006],[4.643414021000012,6.450471401000016],[4.64715385400001,6.444952010999998],[4.649034023000013,6.440345287000014],[4.652773379999985,6.434825896999996],[4.65557527499999,6.431148052000026],[4.658377647000009,6.427470206999999],[4.661174774000017,6.424715519000017],[4.6649036410000235,6.421042919000001],[4.670492648999982,6.41645669899998],[4.677003383999988,6.4127993579999725],[4.6825871469999925,6.409137249000025],[4.687243462000026,6.405469417999996],[4.69096755999999,6.402719975000025],[4.695619105999981,6.399975777000009],[4.700270176000004,6.397231101999978],[4.705843925000011,6.395415306000018],[4.70956277800002,6.393589496999994],[4.716990470999974,6.391783713999985],[4.722548485000004,6.392737865000015],[4.726252079000005,6.393682002999981],[4.7308878900000195,6.393707752000012],[4.737378120000017,6.393743514999983],[4.74572324799999,6.3937897679999764],[4.752213477999987,6.3938255310000045],[4.757766247000006,6.395703315999981],[4.764251231999992,6.396662235000008],[4.770731448999982,6.398544787999981],[4.779070853999997,6.399514674999978],[4.786478042999988,6.401402473000019],[4.806855679000023,6.405208587999994],[4.816112040999997,6.408030032999989],[4.826295852999976,6.410856723999984],[4.835546969999996,6.4146013260000245],[4.8401675220000016,6.417397021999989],[4.842933655000024,6.420182227999987],[4.848471164999978,6.424829960000011],[4.853086471999973,6.42854881300002],[4.854925632000004,6.431329249999976],[4.851180553000006,6.437771796999982],[4.840930462000017,6.446948528000007],[4.837195872999985,6.451544762000026],[4.831596850999972,6.457977294999978],[4.828789711000013,6.462578773000018],[4.827836514000012,6.467190265999989],[4.8278212550000035,6.469960212999979],[4.8296499250000124,6.474586964000025],[4.831463337000002,6.481984137999973],[4.834208965000016,6.488462925000022],[4.836032391000003,6.494012832999999],[4.839704989999973,6.500496864000013],[4.8433880810000005,6.505134106000014],[4.8489203450000105,6.51070499399998],[4.852603435999981,6.515342235999981],[4.857218741999986,6.51906108899999],[4.8627409929999885,6.526478767000015],[4.865497112000014,6.531110764000005],[4.868247509000014,6.536665916000004],[4.868216990999997,6.542206286999999],[4.869102955000017,6.549597740000024],[4.870004176999998,6.554219723000017],[4.869061946999977,6.556984424999996],[4.869025706999992,6.56344795199999],[4.869911671000011,6.570839405000015],[4.868943691000027,6.578221321000001],[4.867969990000006,6.586525917000017]]]},"properties":{"fid":553,"cty_nm":"Nigeria","iso3cd":"NGA","adm1nm":"Ondo","adm2nm":"Okitipupa","adm1cd":"NGA029","adm2cd":"NGA029014"}},{"type":"Feature","id":554,"geometry":{"type":"Polygon","coordinates":[[[4.988069057000018,6.8987336160000154],[4.9895443920000275,6.900218963999976],[4.994072437,6.919634819000009],[4.996802806999995,6.9288835529999915],[4.998605727999973,6.938127040999973],[5.002222060999998,6.954767226999991],[5.004936695000026,6.96678590800002],[5.006719111999985,6.979723454000009],[5.006657599999983,6.990803242000027],[5.004746914000009,7.000949382999977],[5.00097608599998,7.01200914399999],[4.998158932000024,7.018456936000007],[4.998122691999981,7.02492046399999],[4.9952898029999915,7.034138202999998],[4.994326591000004,7.0405964849999805],[4.995223044999989,7.046141623999972],[4.993307114000004,7.057210922000024],[4.992343903000005,7.0636692049999965],[4.992308139999977,7.0701327319999905],[4.992261886999984,7.078442574000007],[4.993153095000025,7.084911346000013],[4.994976521000012,7.090461731000005],[4.9986543659999825,7.096022129000005],[5.002332686999978,7.101582527000005],[5.004166125999973,7.105286121000006],[5.008760929000005,7.112698555000009],[5.013350487000025,7.12103414500001],[5.016111851000005,7.124742985000012],[5.019784451000021,7.131227016000025],[5.023457527000005,7.137710571000014],[5.02712488200001,7.145117760000005],[5.029896258999997,7.146979809000015],[5.031724929999996,7.151607037000019],[5.034475803000021,7.157162189000019],[5.034439564000024,7.163625717000002],[5.0353360180000095,7.169170855999994],[5.036227225999994,7.17563915300002],[5.036170959000003,7.185795783999993],[5.036139965000018,7.191335677999973],[5.03517675400002,7.197793961000002],[5.03513574599998,7.2051806449999845],[5.035094737999998,7.212567329000024],[5.034136772000011,7.2181024550000075],[5.033188820000021,7.221790313999975],[5.033153056999993,7.228253841000026],[5.032220364000011,7.231300353999984],[5.029454708000003,7.226386547000004],[5.0257816309999725,7.219902515000001],[5.022109032000003,7.213418961000002],[5.014732360999972,7.205991267999991],[5.0119609829999945,7.204129218999981],[5.007340430999989,7.201333523000017],[5.000860691000014,7.199450492999972],[4.990676880000024,7.196624278999991],[4.980498791000002,7.192874431999996],[4.968455315000028,7.190960883999992],[4.956407070000012,7.18997096999999],[4.947140693999984,7.188996314999997],[4.937868594999998,7.188944816999992],[4.924893379000025,7.18794965699999],[4.9184079170000246,7.186990261000005],[4.910990715000025,7.186949253000023],[4.906354426999997,7.186923503999992],[4.900791645000027,7.1868925090000175],[4.892441749999989,7.187769890000027],[4.884097098999973,7.187723636999976],[4.873903274999975,7.186743735999983],[4.867417811999985,7.185784339999998],[4.861859798000012,7.184830189000024],[4.856594562999987,7.183926105000012],[4.861875533999978,7.182060241999977],[4.861896037999998,7.178366660999984],[4.861921787000028,7.173750401000007],[4.861025332999986,7.1682052610000255],[4.859217166999997,7.159884929999976],[4.8592324260000055,7.157114506000028],[4.859263419999991,7.15157461199999],[4.857434749999982,7.146947861000001],[4.855600833999972,7.143244267],[4.851922989000002,7.1376838680000105],[4.848239899000021,7.133046626999999],[4.844546318000027,7.130256175999989],[4.841785431000005,7.126547336999977],[4.842733382999995,7.122859000999995],[4.845530032999989,7.120104313000013],[4.850181580000026,7.117360114999997],[4.853895186999978,7.116457462000028],[4.858541489000004,7.114636421],[4.865047455000024,7.111902236999981],[4.872490405999997,7.107326983999997],[4.879928588999974,7.103674411999975],[4.8919920920000095,7.101894855000012],[4.8984928130000185,7.100083827999981],[4.90871238699998,7.096446990999993],[4.919859409000026,7.092815399000017],[4.927302360999988,7.088240147000022],[4.932906628000012,7.08088398000001],[4.933859347999999,7.076272487999972],[4.932041168000012,7.069798945999992],[4.9330091479999965,7.062417507000021],[4.931185722000009,7.056867123000018],[4.92937755600002,7.048546790999978],[4.928506851000009,7.038384914000005],[4.92579221699998,7.026366234000022],[4.923067092999986,7.0161943439999845],[4.9212689400000045,7.006027222],[4.9176068310000005,6.99769687700001],[4.916720390000023,6.990304947000027],[4.915891170999998,6.972756386000015],[4.91592693299998,6.966292857999974],[4.9140763280000215,6.9570651050000265],[4.920634747000008,6.9533920289999855],[4.92901039100002,6.947898387999999],[4.938307762000022,6.943333149000011],[4.943896769999981,6.9387474060000045],[4.952271938000024,6.933253288000003],[4.954152107000027,6.9286470409999765],[4.958824158000027,6.922209263000013],[4.964412689000028,6.9176235200000065],[4.970939159000011,6.911196232000009],[4.974668502999975,6.907523631999993],[4.982111454000005,6.902947902999983],[4.988069057000018,6.8987336160000154]]]},"properties":{"fid":554,"cty_nm":"Nigeria","iso3cd":"NGA","adm1nm":"Ondo","adm2nm":"Ondo East","adm1cd":"NGA029","adm2cd":"NGA029015"}},{"type":"Feature","id":555,"geometry":{"type":"Polygon","coordinates":[[[4.856594562999987,7.183926105000012],[4.850718497999992,7.1875386240000125],[4.845129489999977,7.1921243670000194],[4.840483188999997,7.1939454079999905],[4.833024979000015,7.201290606999976],[4.827425479999988,7.207723617999989],[4.821831702999987,7.2132325169999945],[4.813456058999975,7.218726157999981],[4.8032622339999875,7.217746257999977],[4.793985367000005,7.218618392999986],[4.786578178000013,7.216730595000001],[4.781025409999984,7.214853286999983],[4.776410102999989,7.2111339570000155],[4.770867348000024,7.2074103360000095],[4.766252040999973,7.2036910059999855],[4.763485908999996,7.200905322999972],[4.760730266999985,7.196273326999972],[4.758901118999972,7.191646575999982],[4.756145477000018,7.187014579999982],[4.755259513999988,7.179622649999999],[4.756212233999975,7.175011158000018],[4.7571649550000075,7.17039966599998],[4.758128166000006,7.163941383000008],[4.759076117999996,7.160253524999973],[4.759101868000016,7.155636786999992],[4.760981560000005,7.151030540000022],[4.761023045000002,7.143643855999983],[4.761975764999988,7.139032364000002],[4.761996269000008,7.135338783000009],[4.759250640999994,7.128859997000006],[4.754635334,7.125141143999997],[4.749082564999981,7.1232633590000205],[4.7435345650000045,7.120462894000013],[4.7352004050000005,7.118569851000018],[4.729652405000024,7.115768908999996],[4.721313000000009,7.114799500000004],[4.711119175000022,7.11381959900001],[4.705561160999991,7.1128654479999796],[4.7000083919999724,7.110988140000018],[4.696304798000028,7.1100440029999845],[4.688897610000026,7.108156204000011],[4.679646492000018,7.104411602000027],[4.672254561999978,7.099753856999996],[4.665794849000008,7.0941781999999876],[4.661174297000002,7.091382027000009],[4.655626773999984,7.088581562000002],[4.651000977000024,7.086709023000026],[4.641729354999995,7.086658000999989],[4.636166096000011,7.086627007000004],[4.630603312999995,7.086596011999973],[4.625972271000023,7.08564710600001],[4.621336460000009,7.0856213569999795],[4.616705417999981,7.084672451000017],[4.613949776000027,7.080040455000017],[4.6139855380000085,7.073576926999976],[4.614006042000028,7.069883822999998],[4.613094330000024,7.067108630999996],[4.613145827999972,7.057875156000023],[4.612259864999999,7.050483226999972],[4.612295628000027,7.044020176000004],[4.611404418999996,7.037551403000009],[4.610748290999993,7.035215377999975],[4.609585761999995,7.031077862000018],[4.6068248749999725,7.027369498999974],[4.602209567999978,7.023650169000007],[4.595739841000011,7.019920825999975],[4.590197085999989,7.016196728000011],[4.5847840310000265,7.013978957999996],[4.581135749999987,7.0112109180000175],[4.579163074000007,7.009602546999986],[4.574287890999983,7.006175994999978],[4.572642325999993,7.005019188000006],[4.568953991000001,7.0013055800000075],[4.564349173999972,6.995739936999996],[4.561608791000026,6.988337516999991],[4.560707091999973,6.983715533999998],[4.558888911999986,6.977241993000007],[4.558002471999998,6.969850539999982],[4.557106018000013,6.9643049239999755],[4.556210040999986,6.958760261999998],[4.557173251999984,6.952301979000026],[4.557203770000001,6.946762084999989],[4.557229518999975,6.942145347999997],[4.556328296999993,6.937523365000004],[4.556405067000014,6.923673629999996],[4.557368279000002,6.917215347000024],[4.556487559999994,6.908900260999985],[4.5574502939999775,6.902441978000013],[4.557476043999998,6.897825241000021],[4.557501792999972,6.893208503999972],[4.557522296999991,6.889515399999993],[4.554771422999977,6.88395976999999],[4.553870200999995,6.879338264000012],[4.552041530999986,6.874711036999997],[4.550238609000019,6.8654675480000265],[4.549336910000022,6.860845566000023],[4.549398422000024,6.849765778000005],[4.548316001999979,6.844217300000025],[4.5512785910000275,6.845159530999979],[4.554055214000016,6.846098423000001],[4.55675983399999,6.846883773999991],[4.560534953999991,6.847980499000016],[4.566077709000012,6.8517050739999945],[4.574411869000016,6.853597641000022],[4.583673476999991,6.855495930000018],[4.593857287999981,6.858322143999999],[4.603124142000013,6.859296798999992],[4.607754707000026,6.8602461809999795],[4.615156651000007,6.863057136999998],[4.621631621999995,6.865862846000027],[4.6253252029999885,6.868653773999995],[4.6290287969999895,6.869597435000003],[4.633669853000015,6.8687000269999885],[4.643878937000011,6.8669095039999775],[4.655004978000022,6.8669710159999795],[4.663350105000006,6.867017268999973],[4.66890811899998,6.867971897000018],[4.6809563639999965,6.86896181100002],[4.6837377549999815,6.868977070000028],[4.686514378000027,6.869915961999993],[4.694838047000019,6.873655319000022],[4.703162193000026,6.877395153000009],[4.712398528999984,6.883909701999983],[4.719789982000009,6.888567448000003],[4.727197170000011,6.890455245999988],[4.734594345000005,6.89418983500002],[4.743845463000014,6.8979344370000035],[4.7521696090000205,6.901673793999976],[4.760493755000027,6.905413628000019],[4.767900944000019,6.907301426000004],[4.779001713000014,6.911979674999998],[4.788258075999977,6.914801120999982],[4.793800353999984,6.918525219000003],[4.813220023999975,6.927866458999972],[4.824310303000004,6.934391499000014],[4.831691741999975,6.940895556999976],[4.837239264999994,6.943696498999998],[4.852975845000003,6.948400497000023],[4.858528614000022,6.950277804999985],[4.868707180000001,6.954027653000026],[4.876109122999992,6.956839085000013],[4.878890990999992,6.956854342999975],[4.890933990000008,6.9587678909999795],[4.902055264000012,6.959752560000027],[4.911337376000006,6.957957267999973],[4.9140763280000215,6.9570651050000265],[4.91592693299998,6.966292857999974],[4.915891170999998,6.972756386000015],[4.916720390000023,6.990304947000027],[4.9176068310000005,6.99769687700001],[4.9212689400000045,7.006027222],[4.923067092999986,7.0161943439999845],[4.92579221699998,7.026366234000022],[4.928506851000009,7.038384914000005],[4.92937755600002,7.048546790999978],[4.931185722000009,7.056867123000018],[4.9330091479999965,7.062417507000021],[4.932041168000012,7.069798945999992],[4.933859347999999,7.076272487999972],[4.932906628000012,7.08088398000001],[4.927302360999988,7.088240147000022],[4.919859409000026,7.092815399000017],[4.90871238699998,7.096446990999993],[4.8984928130000185,7.100083827999981],[4.8919920920000095,7.101894855000012],[4.879928588999974,7.103674411999975],[4.872490405999997,7.107326983999997],[4.865047455000024,7.111902236999981],[4.858541489000004,7.114636421],[4.853895186999978,7.116457462000028],[4.850181580000026,7.117360114999997],[4.845530032999989,7.120104313000013],[4.842733382999995,7.122859000999995],[4.841785431000005,7.126547336999977],[4.844546318000027,7.130256175999989],[4.848239899000021,7.133046626999999],[4.851922989000002,7.1376838680000105],[4.855600833999972,7.143244267],[4.857434749999982,7.146947861000001],[4.859263419999991,7.15157461199999],[4.8592324260000055,7.157114506000028],[4.859217166999997,7.159884929999976],[4.861025332999986,7.1682052610000255],[4.861921787000028,7.173750401000007],[4.861896037999998,7.178366660999984],[4.861875533999978,7.182060241999977],[4.856594562999987,7.183926105000012]]]},"properties":{"fid":555,"cty_nm":"Nigeria","iso3cd":"NGA","adm1nm":"Ondo","adm2nm":"Ondo West","adm1cd":"NGA029","adm2cd":"NGA029016"}},{"type":"Feature","id":556,"geometry":{"type":"Polygon","coordinates":[[[5.846866131000013,7.39451074599998],[5.8379673960000105,7.396147728000017],[5.831497668999987,7.392418384999985],[5.823184013000002,7.386831760000007],[5.820407391000003,7.3858933449999995],[5.81579732900002,7.381250857999987],[5.806577205999986,7.371966362000023],[5.799210548000019,7.36269187900001],[5.793673515000023,7.358044146999987],[5.787208556999985,7.353391647000024],[5.780734062000022,7.35058546099998],[5.773336887000028,7.346851349000019],[5.7640752789999965,7.344953060000023],[5.756678581000017,7.341218948000005],[5.75391721699998,7.337510108999993],[5.747457981000025,7.331933975000027],[5.743754387000024,7.330990314000019],[5.739133835000018,7.328194617999998],[5.733581065999999,7.326316833000021],[5.72802829699998,7.324439525999992],[5.722480297000004,7.321638584000027],[5.718792439000026,7.317924975999972],[5.715098857999976,7.315134525000019],[5.709566592999977,7.309563636999997],[5.703096866999999,7.305834292999975],[5.696621895000021,7.303028106999989],[5.6910643580000055,7.302073956000015],[5.683651446999988,7.301109790999988],[5.677166462000002,7.300150394000013],[5.669749260000003,7.300109385999974],[5.669764519000012,7.297339438999984],[5.671654701000023,7.290885924999998],[5.67354011499998,7.285356521999972],[5.675430297999981,7.278903484000011],[5.6810345650000045,7.271547794000014],[5.682914734000008,7.266941546999988],[5.684794425999996,7.262334823999993],[5.688544272999991,7.254968642999984],[5.692294120999975,7.247602463000021],[5.695106506000002,7.242078304000017],[5.696986675000005,7.2374715810000225],[5.7025804520000065,7.231962204000013],[5.710961342000019,7.225545405999981],[5.715622902000007,7.220954418000019],[5.716575622999983,7.216342925999982],[5.7175440789999925,7.2089614870000105],[5.718481541000017,7.20711994200002],[5.726898193000011,7.194239616000004],[5.734346389999985,7.188740252999992],[5.740836619999982,7.188776492999978],[5.747337340999991,7.186965941999972],[5.749196529000017,7.186052798999981],[5.75756216000002,7.182405472000028],[5.761291027000027,7.178732872000012],[5.761337280000021,7.170423030999984],[5.7585763929999985,7.166714190999983],[5.75488328900002,7.163923264000005],[5.741938591000007,7.157388210000022],[5.738240242000018,7.155520916],[5.734551907000025,7.151807308000002],[5.729009151000014,7.148083209999982],[5.7234616279999955,7.145282269000006],[5.715142727,7.140619277999974],[5.709594727000024,7.137818336000009],[5.70495891600001,7.137793063999993],[5.702187537999976,7.135930538000025],[5.693873881999991,7.130344390999994],[5.689268588999994,7.124778747999983],[5.687450409000007,7.118305206000002],[5.690257549000023,7.113704204999976],[5.693054675999974,7.110949516000005],[5.697721004000016,7.105435370999999],[5.7005491259999985,7.097140312000022],[5.699667931000022,7.088825225999983],[5.69320869400002,7.083249568999975],[5.685801506000018,7.08136177099999],[5.678389072000016,7.080397129000005],[5.674680233000004,7.080376624999985],[5.660777569000004,7.079376221000018],[5.656152248000012,7.077504158000011],[5.651526450999995,7.0756316179999885],[5.647843361000014,7.070994376999977],[5.644165515999987,7.065433978999977],[5.642336844999988,7.060806750999973],[5.641429900999981,7.057108401999983],[5.641455650000012,7.052491664999991],[5.640564442000027,7.046023369000011],[5.639667987999985,7.040478230000019],[5.6387562749999915,7.037703037000028],[5.637860298000021,7.03215789799998],[5.637911320000001,7.022924423000006],[5.637030601999982,7.014609337000024],[5.633347511000011,7.009972571999981],[5.628732204000016,7.006253242000014],[5.622262001000024,7.002523898999982],[5.617636681000022,7.000651360000006],[5.611156463999976,6.998768805999987],[5.605598927000017,6.997815132000028],[5.597264289999998,6.995922088999976],[5.591706276000025,6.994967937000013],[5.5870909689999735,6.991248607999978],[5.584334850000005,6.986616610999988],[5.582511425000007,6.981066704],[5.579765796999993,6.974587439999993],[5.578864574000022,6.969965935000005],[5.578905582000004,6.962579249999976],[5.57799387,6.959804057999975],[5.57801437400002,6.956110953999996],[5.5780606270000135,6.947800636000011],[5.578127384000027,6.935797691000005],[5.577277184000025,6.921942234000028],[5.576416492000021,6.9099340440000105],[5.5764679910000154,6.90070056899998],[5.5709767339999985,6.887742995999986],[5.568215846999976,6.884034156999974],[5.565518855999983,6.876023293000003],[5.567853451000019,6.872621058999982],[5.570152283000027,6.869271277999985],[5.57208919499999,6.854508399999986],[5.571213245000024,6.845269680000001],[5.566607952000027,6.83970403699999],[5.563836574999982,6.83784198799998],[5.559206008999979,6.836893082000017],[5.553647995000006,6.835938930999987],[5.549027443,6.8331432339999765],[5.546266555999978,6.829434395000021],[5.543510914000024,6.824802399000021],[5.543556690000003,6.816492557999993],[5.54357767099998,6.812798977],[5.544519901000001,6.810034275000021],[5.545835017999991,6.804292201999999],[5.547423840000022,6.802810191999981],[5.549863814999981,6.797205925000014],[5.5510973930000205,6.794373511999993],[5.555774688999975,6.7870125769999845],[5.559535026999981,6.777799605999974],[5.561419963999981,6.77226972599999],[5.561877728000013,6.767142772999989],[5.563216209000018,6.762380123000014],[5.561532973999988,6.751956462999999],[5.562521935000007,6.7408819199999925],[5.561655997999992,6.729796410000006],[5.564489364999986,6.720578670999998],[5.571025847999977,6.7123045920000095],[5.573838233999993,6.706779956999981],[5.576634883999986,6.704025745000024],[5.582198143000028,6.704056262999984],[5.585875987999998,6.709617137999999],[5.589559077999979,6.714253901999996],[5.596013545999995,6.720753193000007],[5.605238913999983,6.729115008999997],[5.612620831000015,6.735619068000005],[5.620002269999986,6.742123604000028],[5.629253387000006,6.7458682060000115],[5.636665821000008,6.746832847999997],[5.64037466000002,6.7468533520000165],[5.649687289999974,6.739518165999982],[5.654348850000019,6.734927176999975],[5.659932613000024,6.731264591000013],[5.667370796,6.7276120189999915],[5.702557564000017,6.736117363000005],[5.711441993999983,6.751975060000007],[5.714492797999981,6.757421017000013],[5.719102858999975,6.762063502999979],[5.7236595150000085,6.766651153999987],[5.726479530000006,6.769490718999975],[5.743122577999998,6.777893543000005],[5.751592635999998,6.78164005299999],[5.757921219000025,6.78443908700001],[5.767152308999982,6.791876792999972],[5.77083540000001,6.796514033999983],[5.778134823000016,6.817791939000017],[5.777176856999972,6.823326587999986],[5.775301456000022,6.8270096780000245],[5.773421763999977,6.831616402000009],[5.771552085999986,6.834375857999987],[5.769666672000028,6.839905739000017],[5.771480082999972,6.847302436999996],[5.774225711999975,6.853781222999999],[5.778835773000026,6.858423710000011],[5.782503604999988,6.865830898000013],[5.785634517999995,6.869615077999981],[5.787108421000028,6.871396542000014],[5.787062167999977,6.879706382999984],[5.787943363000011,6.888021945999981],[5.787907599999983,6.894484997000006],[5.789725780000026,6.900958537999998],[5.793403624999996,6.906519413000012],[5.797993659999975,6.914855003000014],[5.799103259999981,6.918805121999981],[5.799811840000018,6.921328544999994],[5.79884862900002,6.927786826999977],[5.797895907999987,6.932398319000015],[5.796005725999976,6.938851356999976],[5.795052527999985,6.943462849000014],[5.793172358999982,6.948069095999983],[5.792204379999987,6.955450535000011],[5.788464546,6.960970401999987],[5.785642146999976,6.968341350999992],[5.7883567810000045,6.980360030999975],[5.789242743999978,6.987751961000015],[5.7892174720000185,6.992368698000007],[5.791040897000016,6.997919082999999],[5.793781281000008,7.00532102599999],[5.793755530999988,7.0099654200000145],[5.793735027000025,7.013630867000018],[5.7940092090000235,7.015619754999989],[5.79258108099998,7.021655082999985],[5.796177864000015,7.024290561999976],[5.797366619000002,7.027501583000003],[5.798359871000002,7.030014515000005],[5.799312115000021,7.032424450000008],[5.801023960000009,7.036755561999996],[5.802832126999988,7.045075417000021],[5.804257870000015,7.048537253999996],[5.809593200999984,7.051245213000016],[5.810224055999981,7.05590295799999],[5.811988831000008,7.059385776999989],[5.813187121999988,7.063457012000015],[5.814392090000013,7.068109988999993],[5.815583229000026,7.071598053000002],[5.821990013000004,7.079123019999997],[5.82374095900002,7.0814409260000275],[5.8294878010000275,7.081976891000011],[5.835264205999977,7.084845066000014],[5.838154793000001,7.086569785999984],[5.841046810000023,7.088294983000026],[5.84624910399998,7.091166972999986],[5.849707126999988,7.092305183000008],[5.852578162999976,7.093998908999993],[5.85492277100002,7.096343040000022],[5.85323715200002,7.099270821000005],[5.850976944000024,7.102203846000009],[5.848143101000005,7.105142117000014],[5.845868111000016,7.106908798000006],[5.843033790999982,7.109847069000011],[5.841958046000002,7.115684986000019],[5.842559814000026,7.118010997999988],[5.844311236999999,7.120328902999972],[5.846621990000017,7.121476173000019],[5.8506541250000055,7.122609137999973],[5.854692935999992,7.124323844999992],[5.8575768470000185,7.125466824],[5.860455036000019,7.126026153999987],[5.8627791399999865,7.128338814000017],[5.865139008000028,7.133565902999976],[5.866331100000025,7.137053013000013],[5.86752891499998,7.1411237720000145],[5.867571831000021,7.144620895000003],[5.868175029999975,7.146947861000001],[5.871696949000011,7.153330803000017],[5.8729100229999744,7.158567904999984],[5.872960090999982,7.1626482010000245],[5.874718189000021,7.165547848000017],[5.877064227999995,7.169610023000018],[5.8788218500000085,7.172510147000025],[5.882308959999989,7.175979137000013],[5.886943816999974,7.179438113999993],[5.889834881000013,7.18116283400002],[5.893875121999997,7.18287897099998],[5.893909930999996,7.185792923000008],[5.890465259999985,7.189054966000015],[5.883665085000018,7.19287204699998],[5.8843250269999885,7.199862003000021],[5.888974189999999,7.204486846999998],[5.893616199000007,7.208528995999984],[5.895940780999979,7.210842133000028],[5.899414062000005,7.213146209999991],[5.903481006999982,7.217193126999973],[5.904098987999987,7.220685005000007],[5.901270866000004,7.2242059710000035],[5.897339821000003,7.231233120000013],[5.898544787999981,7.23588705100002],[5.898660183000004,7.245212078000009],[5.8981289860000174,7.248713969999983],[5.895890236000014,7.253396033999991],[5.896522044999983,7.258053780000012],[5.900001049000025,7.260940075000008],[5.902900219000003,7.263247966999984],[5.904650210999989,7.265564918999985],[5.905289173000028,7.270805836000022],[5.907061100000021,7.2748718259999805],[5.909392834000016,7.277768134999974],[5.912299156000017,7.280659199000013],[5.91407108300001,7.284725189000028],[5.916991234000022,7.288781165999978],[5.9216327670000055,7.292823791999979],[5.923961163000001,7.296279906999985],[5.924582004999991,7.299211979000006],[5.924044132000006,7.302131175999989],[5.922924995000017,7.3044710159999795],[5.921224117000008,7.306233883000004],[5.919545174000007,7.309745788999976],[5.9178662300000155,7.313257217],[5.916747093000026,7.31559801100002],[5.916209220999974,7.318517208000003],[5.917385100999979,7.320837975000018],[5.918569088000027,7.323742867000021],[5.9180240630000185,7.326079844999981],[5.917542933999982,7.333662032999996],[5.919308186000023,7.337144851999994],[5.923339843999997,7.338276862999976],[5.927371978999986,7.339409827999987],[5.933119773999977,7.339945793000027],[5.937151909000022,7.341079234999995],[5.940609931999973,7.342216968999992],[5.9452099800000155,7.3427619930000105],[5.950448036000012,7.344475268999986],[5.942094802999975,7.3459396360000255],[5.932807446000027,7.348658085000011],[5.9225931170000194,7.35137176500001],[5.910519122999972,7.354998111999976],[5.9002895360000025,7.360481739000022],[5.89190339999999,7.367822170000011],[5.885366916999999,7.376096249],[5.881611824000004,7.384385586000008],[5.874174117999985,7.388037682000004],[5.865814209000007,7.390761375000011],[5.857459068000026,7.392561913000009],[5.846866131000013,7.39451074599998]]]},"properties":{"fid":556,"cty_nm":"Nigeria","iso3cd":"NGA","adm1nm":"Ondo","adm2nm":"Ose","adm1cd":"NGA029","adm2cd":"NGA029017"}},{"type":"Feature","id":557,"geometry":{"type":"Polygon","coordinates":[[[5.669749260000003,7.300109385999974],[5.6678843500000085,7.3019456860000105],[5.665092468000012,7.303777217999993],[5.6558051110000065,7.306495666999979],[5.648377418999985,7.308300971999984],[5.640027523000015,7.3091783520000035],[5.629828453000016,7.309122086000002],[5.619624615000021,7.309988498999985],[5.606638907999979,7.310840129999974],[5.5899496079999835,7.3107476229999975],[5.577896118000012,7.310680865999984],[5.566759585999989,7.312465668000016],[5.557482242999981,7.3133378030000245],[5.549132824000026,7.314214705999973],[5.537079333999998,7.3141479490000165],[5.524098873000014,7.314075946999992],[5.519457816999989,7.314973830999975],[5.512040137999975,7.314932822999992],[5.504433631999973,7.316193103999979],[5.496288300000003,7.3129987720000145],[5.4898185729999796,7.309269427999993],[5.481499671999984,7.3046064380000075],[5.473170279999977,7.301790236999977],[5.465752602000009,7.301749228999995],[5.45833540000001,7.301708221000013],[5.454043865000017,7.300614356999972],[5.450928211000019,7.299820423000028],[5.445370196999988,7.298866271999998],[5.438889979999999,7.296983719000025],[5.435851097000011,7.2960338589999765],[5.426857471000005,7.293223381000018],[5.417595862999974,7.29132556899998],[5.412964821000003,7.290376663000018],[5.404620170999976,7.290330410000024],[5.398140430000012,7.288447856999994],[5.388226031999977,7.283186913000009],[5.3907585140000265,7.281942844000014],[5.391695975999994,7.280101775999981],[5.392638682999973,7.277336596999987],[5.3945083620000105,7.274577141000009],[5.398232936999989,7.271827697999981],[5.400097370000026,7.269991398000002],[5.40382671399999,7.266318321000028],[5.407550812000011,7.263568878000001],[5.409415722000006,7.2617325780000215],[5.41875410099999,7.249780654999995],[5.4187898640000185,7.243317604000026],[5.418836117000012,7.235007285999984],[5.418882370000006,7.226697445000013],[5.416126727999995,7.222065449000013],[5.4179964069999755,7.219305514999974],[5.420804024000006,7.21470403699999],[5.424548625999989,7.208261489999984],[5.423646926999993,7.203639506999991],[5.422745227999997,7.1990180020000025],[5.42092704800001,7.192544460000022],[5.420025349000014,7.187922478000019],[5.419144630000005,7.1796073909999905],[5.419195651999985,7.170373917000006],[5.419211388000008,7.167603970000016],[5.420153617999972,7.16483926799998],[5.423012256999982,7.151004313999977],[5.425855636999984,7.139940261999982],[5.427741050999998,7.134410381000009],[5.426844597000013,7.128865242000018],[5.427817822000009,7.120560168999987],[5.433406353000009,7.11597442599998],[5.43989181500001,7.116933823000011],[5.446376800999985,7.1178932189999955],[5.457498074,7.118877887999986],[5.466780185999994,7.117082595999989],[5.476994514000012,7.114369392000015],[5.486292361999972,7.109804153000027],[5.490021228999979,7.106131076999986],[5.490979670999991,7.100596428000017],[5.487311840000018,7.093189240000015],[5.482701777999978,7.088546753000003],[5.479935646000001,7.085761547000004],[5.476242065000008,7.08297061899998],[5.472543716000018,7.081103801999973],[5.466073989999984,7.077374458000008],[5.460525990000008,7.074573516999976],[5.454978466,7.071772575000011],[5.4522123340000235,7.068987370000002],[5.4497251509999955,7.064806938000004],[5.45224857300002,7.062523842000019],[5.455972671999973,7.059774398999991],[5.458759308000026,7.058866501000011],[5.461540699000011,7.05888176000002],[5.464332581000008,7.057050704999995],[5.469911098000011,7.054311274999975],[5.475494862000005,7.050649166000028],[5.478302002000021,7.046047687999987],[5.478327750999995,7.041430950000006],[5.477426051999998,7.036809444000028],[5.475602627000001,7.031259060000025],[5.478466511000022,7.016500950000022],[5.481263161000015,7.013746738000009],[5.484086036999997,7.006375312999978],[5.486898422000024,7.000850677000017],[5.488788605000025,6.994397639999988],[5.492533207000008,6.987955092999982],[5.499064922000002,6.980604172000028],[5.500929355999972,6.978767871999992],[5.5056014059999825,6.972330092999982],[5.508413791999999,6.96680545800001],[5.51216840699999,6.958516121000002],[5.517793654999991,6.947466850000012],[5.5196785929999805,6.941936969999972],[5.524350642999991,6.935499667999977],[5.529964924000012,6.926297187999978],[5.533725262000019,6.917084217000024],[5.534693241000014,6.909702777999996],[5.535651207000001,6.904167652000012],[5.535676002999992,6.899732113000027],[5.535692691999998,6.896780967999973],[5.536655425999982,6.890323162000016],[5.537059784000007,6.884796618999985],[5.547441483,6.883792877000019],[5.555240153999989,6.883038998000018],[5.56175136600001,6.87938165700001],[5.565518855999983,6.876023293000003],[5.568215846999976,6.884034156999974],[5.5709767339999985,6.887742995999986],[5.5764679910000154,6.90070056899998],[5.576416492000021,6.9099340440000105],[5.577277184000025,6.921942234000028],[5.578127384000027,6.935797691000005],[5.5780606270000135,6.947800636000011],[5.57801437400002,6.956110953999996],[5.57799387,6.959804057999975],[5.578905582000004,6.962579249999976],[5.578864574000022,6.969965935000005],[5.579765796999993,6.974587439999993],[5.582511425000007,6.981066704],[5.584334850000005,6.986616610999988],[5.5870909689999735,6.991248607999978],[5.591706276000025,6.994967937000013],[5.597264289999998,6.995922088999976],[5.605598927000017,6.997815132000028],[5.611156463999976,6.998768805999987],[5.617636681000022,7.000651360000006],[5.622262001000024,7.002523898999982],[5.628732204000016,7.006253242000014],[5.633347511000011,7.009972571999981],[5.637030601999982,7.014609337000024],[5.637911320000001,7.022924423000006],[5.637860298000021,7.03215789799998],[5.6387562749999915,7.037703037000028],[5.639667987999985,7.040478230000019],[5.640564442000027,7.046023369000011],[5.641455650000012,7.052491664999991],[5.641429900999981,7.057108401999983],[5.642336844999988,7.060806750999973],[5.644165515999987,7.065433978999977],[5.647843361000014,7.070994376999977],[5.651526450999995,7.0756316179999885],[5.656152248000012,7.077504158000011],[5.660777569000004,7.079376221000018],[5.674680233000004,7.080376624999985],[5.678389072000016,7.080397129000005],[5.685801506000018,7.08136177099999],[5.69320869400002,7.083249568999975],[5.699667931000022,7.088825225999983],[5.7005491259999985,7.097140312000022],[5.697721004000016,7.105435370999999],[5.693054675999974,7.110949516000005],[5.690257549000023,7.113704204999976],[5.687450409000007,7.118305206000002],[5.689268588999994,7.124778747999983],[5.693873881999991,7.130344390999994],[5.702187537999976,7.135930538000025],[5.70495891600001,7.137793063999993],[5.709594727000024,7.137818336000009],[5.715142727,7.140619277999974],[5.7234616279999955,7.145282269000006],[5.729009151000014,7.148083209999982],[5.734551907000025,7.151807308000002],[5.738240242000018,7.155520916],[5.741938591000007,7.157388210000022],[5.75488328900002,7.163923264000005],[5.7585763929999985,7.166714190999983],[5.761337280000021,7.170423030999984],[5.761291027000027,7.178732872000012],[5.75756216000002,7.182405472000028],[5.749196529000017,7.186052798999981],[5.747337340999991,7.186965941999972],[5.740836619999982,7.188776492999978],[5.734346389999985,7.188740252999992],[5.726898193000011,7.194239616000004],[5.718481541000017,7.20711994200002],[5.7175440789999925,7.2089614870000105],[5.716575622999983,7.216342925999982],[5.715622902000007,7.220954418000019],[5.710961342000019,7.225545405999981],[5.7025804520000065,7.231962204000013],[5.696986675000005,7.2374715810000225],[5.695106506000002,7.242078304000017],[5.692294120999975,7.247602463000021],[5.688544272999991,7.254968642999984],[5.684794425999996,7.262334823999993],[5.682914734000008,7.266941546999988],[5.6810345650000045,7.271547794000014],[5.675430297999981,7.278903484000011],[5.67354011499998,7.285356521999972],[5.671654701000023,7.290885924999998],[5.669764519000012,7.297339438999984],[5.669749260000003,7.300109385999974]]]},"properties":{"fid":557,"cty_nm":"Nigeria","iso3cd":"NGA","adm1nm":"Ondo","adm2nm":"Owo","adm1cd":"NGA029","adm2cd":"NGA029018"}},{"type":"Feature","id":768,"geometry":{"type":"Polygon","coordinates":[[[4.586972236999998,6.494270802000017],[4.564331055000025,6.498971461999986],[4.565273762000004,6.496206283999982],[4.5652942660000235,6.492513180000003],[4.566236973000002,6.4897480010000095],[4.566262721999976,6.485131740999975],[4.566283225999996,6.481438159999982],[4.566308975000027,6.47682142299999],[4.565402031000019,6.473123074],[4.564495564000026,6.46942472500001],[4.563593863999984,6.464802742000018],[4.562682151999979,6.462027550000016],[4.561780929999998,6.457406043999981],[4.5599622729999965,6.45093250299999],[4.5562996859999885,6.442601680999985],[4.554461001999982,6.439821242999983],[4.549860953999996,6.433332442999983],[4.546183109000026,6.427772044999983],[4.542505263999999,6.4222111700000255],[4.541588305999994,6.420359612000027],[4.539754390999974,6.41665601699998],[4.5370035170000165,6.411100388000023],[4.53516483300001,6.408320426999978],[4.531466007000006,6.406453133000014],[4.527757645000008,6.406432628999994],[4.523116588999983,6.407330036000019],[4.520026207000001,6.411092757999995],[4.516804218000004,6.410594462999995],[4.512881278999998,6.413736819999997],[4.507308006000017,6.415552616000014],[4.503599167000004,6.415532111999994],[4.500823020999974,6.414593696999987],[4.496197224000014,6.412721157000021],[4.489712237999981,6.41176176099998],[4.479822635999994,6.4090499879999925],[4.4786214829999835,6.405237198000009],[4.475855826999975,6.402451514999996],[4.474944115000028,6.399676322999994],[4.473125458000027,6.393202782000003],[4.474683285000026,6.388328075000004],[4.477510929000005,6.387575149999975],[4.480064391999974,6.386895657000025],[4.482433318999995,6.386790752000024],[4.487063884999998,6.387739657999987],[4.491689682000015,6.389612198000009],[4.4953880310000045,6.391479491999974],[4.499086379999994,6.393346785999995],[4.504639626000028,6.395224094000014],[4.509270190999985,6.396172999999976],[4.514828205000015,6.3971271510000065],[4.517614841000011,6.396219254000016],[4.521328926000024,6.39531660099999],[4.52411556200002,6.3944087030000105],[4.531543254999974,6.392602920999991],[4.5352621079999835,6.390777110999977],[4.53990840900002,6.388956070000006],[4.546409129999972,6.387145519000001],[4.555455685000027,6.385736941999994],[4.560848236000027,6.38256454499998],[4.567193030999988,6.38256454499998],[4.575757979999992,6.38097858399999],[4.582102298999985,6.378123282999979],[4.585908889999985,6.375902653000026],[4.590033054000003,6.371778964999976],[4.594156741999996,6.369241237999972],[4.596694468999999,6.3682894710000255],[4.598449706999986,6.366196156000001],[4.59754800799999,6.361574650000023],[4.597568512000009,6.357881068999973],[4.597594260999983,6.353264331999981],[4.597625256000015,6.347724438],[4.595837592999999,6.335711001999982],[4.594925880000005,6.332935809999981],[4.593091964999985,6.32923221599998],[4.590335846000016,6.324600219999979],[4.5875854490000165,6.319044589999976],[4.58482408499998,6.3153357510000205],[4.582063198000014,6.311627387999977],[4.578468322999981,6.308424473000002],[4.575613976,6.304204464000009],[4.571910381000009,6.303260803000001],[4.567274569999995,6.303235054000027],[4.563560485999972,6.304137706999995],[4.559841633000019,6.305963992999978],[4.55612278000001,6.307790279000017],[4.551476478999973,6.309611319999988],[4.548674582999979,6.313289165000015],[4.545877457000017,6.316043377000028],[4.543090819999975,6.316951275000008],[4.535632132999979,6.324296951000008],[4.530975818999991,6.327964783000027],[4.528173446999972,6.331642627999997],[4.518845080999995,6.341747761000022],[4.513251304999983,6.3472571369999855],[4.497422217999997,6.359172821000016],[4.490937233000011,6.358213901999989],[4.486311435999994,6.356341362000023],[4.481680869999991,6.355392456000004],[4.478904247000003,6.354453563999982],[4.470110416000011,6.349720477999995],[4.465037822999989,6.346990108],[4.463188171000013,6.346056460999989],[4.460481167000012,6.343330383000023],[4.456810159999975,6.340274765000004],[4.455397339000001,6.338602987000002],[4.483238448000009,6.326054182000007],[4.5608637540000245,6.276253069000006],[4.585686290000012,6.256633619000013],[4.5921964610000146,6.251784224999994],[4.59867776599998,6.246956332000025],[4.614920407,6.235122092999973],[4.615154204000021,6.234951750999983],[4.625360666000006,6.225092141999994],[4.683695420999982,6.168739808999987],[4.692079131000014,6.160641006999981],[4.709020167999995,6.1485812849999775],[4.719838093000021,6.140880390000007],[4.727176181000004,6.1356566659999885],[4.746183934999976,6.123113209999985],[4.747251629999994,6.122408624999991],[4.74958516800001,6.120868694000023],[4.763191716999984,6.106514532000006],[4.763467449000018,6.106223650000004],[4.767225764999978,6.102258832000018],[4.793862316999991,6.07415873299999],[4.803717904999985,6.063761629999988],[4.848035365999976,6.028069715000015],[4.853775279999979,6.024807512999985],[4.862614657999984,6.019783774000018],[4.872499466000022,6.014165877999972],[4.88653094,5.9976251659999775],[4.909058995000009,5.971068436999985],[4.948610305999978,5.924444197000014],[4.9599553009999795,5.909663647000002],[4.971789080999997,5.894246295000016],[4.97236398199999,5.894415778999985],[4.983859062000022,5.898479939000026],[5.012680053999986,5.942235470000014],[5.016400814000008,5.948643208000021],[5.018467425999972,5.9531908039999735],[5.026321887999984,5.9715867040000035],[5.031282901999987,5.982541561000005],[5.039689540999973,6.000184536000006],[5.041731834000018,6.005086421999977],[5.024065971000027,6.024079799999981],[5.022016525000026,6.025845527999991],[5.007336140000007,6.041242123000018],[4.970187187000022,6.07814454999999],[4.965347767000026,6.0829105380000215],[4.931758403999993,6.120582103999993],[4.928951262999988,6.125183105000019],[4.9252119060000155,6.130702971999995],[4.9214773179999725,6.135298728999999],[4.918670177000024,6.139900207999972],[4.914013386000022,6.143568039000002],[4.903763293999987,6.152744770000027],[4.9000287060000005,6.157340526999974],[4.89349222200002,6.165614604999973],[4.886970996999992,6.171118735999983],[4.883236884999974,6.175714970000001],[4.877637863000018,6.18214750300001],[4.872048855000003,6.186733246000017],[4.86644983299999,6.193165779000026],[4.8608508109999775,6.199598311999978],[4.853392123999981,6.206943989000024],[4.849652767000009,6.212463378999985],[4.846840381999982,6.217988014000014],[4.844032764000019,6.222589015999972],[4.8412308690000145,6.226267338000014],[4.839350700000011,6.2308735849999834],[4.8374657630000115,6.236402988000009],[4.835580348999997,6.241932868999982],[4.834632874000022,6.245621203999974],[4.8346071240000015,6.2502379420000125],[4.834576130000016,6.255777835999993],[4.833633422999981,6.258542537999972],[4.832690716000002,6.261307240000008],[4.8335976600000095,6.265006065000023],[4.834488868999983,6.271474361000003],[4.837244510999994,6.276106357999993],[4.839078426000015,6.279809951999994],[4.840912342000024,6.283513545999995],[4.8436732289999895,6.287222385000007],[4.846434593000026,6.2909312250000085],[4.850122451999994,6.294645308999975],[4.853810786999986,6.298358916999973],[4.856571674000008,6.302067756999975],[4.858415604000015,6.303924560999974],[4.860254764999979,6.3067049979999865],[4.864854813000022,6.313193797999986],[4.8666887279999855,6.316897391999987],[4.868517398999984,6.321524619999991],[4.869423865999977,6.325222968999981],[4.870325564999973,6.3298449519999735],[4.8703098299999965,6.332614899000021],[4.869351864000009,6.33814954799999],[4.86561250699998,6.3436689380000075],[4.86096096,6.346413136000024],[4.8581643100000065,6.349167824000006],[4.856299400000012,6.351004123999985],[4.853507519000004,6.3528356549999785],[4.8497734069999865,6.357431888999997],[4.849737167000001,6.363894938999977],[4.849711418000027,6.368511677000015],[4.850613117000023,6.373133659000018],[4.851530075000028,6.374985218000006],[4.852447032999976,6.376837254000009],[4.855207919999998,6.380545616000006],[4.857974051999975,6.3833312990000195],[4.860734939999986,6.387040137999975],[4.862579346000018,6.388896941999974],[4.864423274999979,6.390753745999973],[4.867184162000001,6.394462584999985],[4.8690180780000105,6.398166179999976],[4.869935036000015,6.400018214999989],[4.871763706000024,6.404644965999978],[4.872670174000007,6.408343315000025],[4.873571873000003,6.412965298000017],[4.873551368999983,6.4166584010000065],[4.873536109999975,6.419428348999986],[4.873515606000012,6.42312192899999],[4.874422073000005,6.42682027799998],[4.873479366000026,6.4295849800000155],[4.869740008999997,6.435104846999991],[4.867875099000003,6.436941147000027],[4.865088463000006,6.437849045000007],[4.862322329999984,6.435063361999994],[4.85862874999998,6.432272910999984],[4.854925632000004,6.431329249999976],[4.853086471999973,6.42854881300002],[4.848471164999978,6.424829960000011],[4.842933655000024,6.420182227999987],[4.8401675220000016,6.417397021999989],[4.835546969999996,6.4146013260000245],[4.826295852999976,6.410856723999984],[4.816112040999997,6.408030032999989],[4.806855679000023,6.405208587999994],[4.786478042999988,6.401402473000019],[4.779070853999997,6.399514674999978],[4.770731448999982,6.398544787999981],[4.764251231999992,6.396662235000008],[4.757766247000006,6.395703315999981],[4.752213477999987,6.3938255310000045],[4.74572324799999,6.3937897679999764],[4.737378120000017,6.393743514999983],[4.7308878900000195,6.393707752000012],[4.726252079000005,6.393682002999981],[4.722548485000004,6.392737865000015],[4.716990470999974,6.391783713999985],[4.70956277800002,6.393589496999994],[4.705843925000011,6.395415306000018],[4.700270176000004,6.397231101999978],[4.695619105999981,6.399975777000009],[4.69096755999999,6.402719975000025],[4.687243462000026,6.405469417999996],[4.6825871469999925,6.409137249000025],[4.677003383999988,6.4127993579999725],[4.670492648999982,6.41645669899998],[4.6649036410000235,6.421042919000001],[4.661174774000017,6.424715519000017],[4.658377647000009,6.427470206999999],[4.65557527499999,6.431148052000026],[4.652773379999985,6.434825896999996],[4.649034023000013,6.440345287000014],[4.64715385400001,6.444952010999998],[4.643414021000012,6.450471401000016],[4.642476558999988,6.452312946000006],[4.641533852000009,6.455077647999985],[4.638726711000004,6.459679127000015],[4.634997367999972,6.463351726999974],[4.629419326999994,6.46609067899999],[4.626627444999997,6.467922210999973],[4.624757289999991,6.470681667000008],[4.623804569000015,6.475293158999989],[4.621007442000007,6.478047848000017],[4.620065211999986,6.480813026000021],[4.618190288999983,6.484495639999977],[4.6098198889999935,6.489066123999976],[4.608882427000026,6.490907669000023],[4.60522079499998,6.492155075000028],[4.6033191679999845,6.4908771510000065],[4.586972236999998,6.494270802000017]]]},"properties":{"fid":768,"cty_nm":"Nigeria","iso3cd":"NGA","adm1nm":"Ondo","adm2nm":"Ilaje","adm1cd":"NGA029","adm2cd":"NGA029010"}}]}