{"type":"FeatureCollection","features":[{"type":"Feature","id":124,"geometry":{"type":"Polygon","coordinates":[[[13.334794043999977,10.815339087999973],[13.330949782999994,10.81540966],[13.326820374000022,10.814399718999994],[13.320469855999988,10.814160346999984],[13.316340446000027,10.813150405999977],[13.311100006000004,10.812529563999988],[13.305859565999981,10.811900138999988],[13.299900055000023,10.812749863000022],[13.296170234999977,10.812820434999992],[13.292039870999986,10.811809540000013],[13.284580231000007,10.811960220000003],[13.280839920000005,10.81202983899999],[13.276000022999995,10.812490463000017],[13.270759582999972,10.811860084999978],[13.262900351999974,10.810930251999991],[13.256540298000004,10.810689926000009],[13.252409935000003,10.809679985000002],[13.240900039999985,10.812450409000007],[13.231920242000001,10.811900138999988],[13.228190422000011,10.811969756999986],[13.220729828000003,10.812120438000022],[13.209529877000023,10.812339783000027],[13.203570366000008,10.813190459999987],[13.198329925999985,10.812560081000015],[13.19165992699999,10.814880371000015],[13.185700417000021,10.81571960399998],[13.179820060999987,10.820210456999973],[13.175060271999996,10.824310303000004],[13.169099807999999,10.825149536000026],[13.16203022000002,10.82637977600001],[13.158300399999973,10.82645988500002],[13.151949882999986,10.82621955899998],[13.145600318999982,10.825980185999981],[13.13852977800002,10.827210426000022],[13.131059646999972,10.827360152999972],[13.124710083000025,10.82711982699999],[13.118359565999981,10.82688045499998],[13.110890387999973,10.827030181999987],[13.103819847000011,10.828260422000028],[13.100090027000022,10.828330040000026],[13.088890075999984,10.828550339000003],[13.080630301999975,10.82653045699999],[13.072059631000002,10.827059745999975],[13.064990044000012,10.828289986000016],[13.059029579000025,10.829139709000003],[13.054189682000015,10.82960033400002],[13.04784011800001,10.82936000799998],[13.042200089000005,10.827650070000004],[13.038069725000014,10.826640128999998],[13.032830237999974,10.826009750000026],[13.028699874999973,10.824999809000019],[13.021949768000013,10.823679923999975],[13.014800072000014,10.821269988999973],[13.011529922000022,10.818209647999993],[13.006779671000004,10.81305027000002],[13.004079819000026,10.809100150999996],[13.003999710000016,10.805459976000009],[13.005990027999985,10.793760299999974],[13.004799843,10.790510177999977],[13.00535011300002,10.78176021600001],[13.005279540999993,10.778120041000022],[13.004799843,10.77338981600002],[13.003930092000019,10.767580032000012],[13.004170418000001,10.761389731999998],[13.00368976599998,10.756660461000024],[13.003930092000019,10.75047016100001],[13.00384998300001,10.746829987000012],[13.00448989900002,10.741720199999975],[13.004650115999993,10.731880187999991],[13.004090308999992,10.723520279000013],[13.002109528000005,10.718090056999984],[13.001629829000024,10.713370322999992],[12.995920180999974,10.708020209999972],[12.991390228,10.705920219000006],[12.985360146000005,10.703129767999997],[12.979000091999978,10.702890395999987],[12.973050117000014,10.703729629999998],[12.964469909999991,10.704270362999978],[12.958120345999987,10.704030036999995],[12.954380034999986,10.704099654999993],[12.950249671999984,10.703089713999987],[12.939060211000026,10.70331001300002],[12.934209823999993,10.703769684000008],[12.930480003000014,10.703840255999978],[12.924519539000016,10.704689980000012],[12.919679642000006,10.705149651],[12.916339874000016,10.706310271999996],[12.912610054000027,10.706379889999994],[12.90888023399998,10.70645046200002],[12.90141010299999,10.706600189000028],[12.897680283,10.706669807000026],[12.89395046200002,10.706749915999978],[12.888710021999998,10.706119537000006],[12.884579658999996,10.705109596],[12.880450248999978,10.704099654999993],[12.874810218999983,10.702389717000017],[12.869569778000027,10.701760292000017],[12.864720345000023,10.702219963000005],[12.858770370000002,10.703069686999982],[12.854319572000009,10.704609871000002],[12.850589752000019,10.704689980000012],[12.845350266000025,10.704059600999983],[12.837169646999996,10.705679893000024],[12.833829879999996,10.706839560999981],[12.828590393000013,10.706210135999982],[12.82334995299999,10.705590248000021],[12.816599845999974,10.704259872000023],[12.810239792000004,10.704019546999973],[12.804610251999975,10.702309608000007],[12.799360275000026,10.70168971999999],[12.791899681000018,10.701829910000015],[12.786660193999978,10.701210021999998],[12.776969909999991,10.702130318000002],[12.773240089000012,10.702199936],[12.767990112000007,10.701580047999983],[12.763150214999996,10.702039719000027],[12.755290031000015,10.701100349],[12.751159668000014,10.700090407999994],[12.746319771000003,10.700550078999981],[12.737019539000016,10.70254993399999],[12.72994995099998,10.703780173999974],[12.722889899999984,10.705010414000014],[12.716930389000026,10.705860137999991],[12.709859848000008,10.707090377999975],[12.705410003999987,10.708629608000024],[12.697230338999987,10.710249900999997],[12.692790031000015,10.711790085000018],[12.689049721000004,10.711870192999982],[12.685720444000026,10.713029860999995],[12.682379722999997,10.714179993000016],[12.677940368999998,10.715729712999973],[12.674200057999997,10.715800285],[12.67086982699999,10.716959953000014],[12.667140007,10.717029572000001],[12.658559798999988,10.717570304999981],[12.647359848000008,10.717789649999986],[12.637669562999974,10.71870994599999],[12.633939742999985,10.718779563999988],[12.629810333000023,10.717769622999981],[12.624569893,10.717140197999981],[12.61670970900002,10.716199874999973],[12.610349654999993,10.715970039000013],[12.60511016800001,10.715339660999973],[12.600270271,10.715800285],[12.596529960999987,10.715869903999987],[12.590579987000012,10.716719626999975],[12.58572959899999,10.717180251999991],[12.58168029799998,10.719809532],[12.576519965999978,10.722820281999986],[12.569060325999999,10.722970008999994],[12.565320014999998,10.723039626999991],[12.558259964000001,10.724269866999975],[12.553409575999979,10.72472953800002],[12.545949936,10.724880219],[12.543399810999972,10.728210449000017],[12.540860176000024,10.73153019],[12.536490440000023,10.736720085000002],[12.536649704000013,10.744000434999975],[12.535619736000001,10.748020171999997],[12.530460358000028,10.751040459000023],[12.527910233,10.754369736000001],[12.527279854000028,10.759480476000022],[12.525130272000013,10.763890265999976],[12.52299022699998,10.768300055999987],[12.520689963999985,10.765430449999997],[12.517270087999975,10.762949944000013],[12.513540267999986,10.763030051999976],[12.50790023799999,10.761320114],[12.50004005400001,10.760379790999991],[12.49631023400002,10.760450363000018],[12.491459845999998,10.760910034000005],[12.485429764000003,10.758119582999996],[12.482410431000005,10.756719589],[12.476690292,10.751370430000009],[12.471369743000025,10.747099875999993],[12.467559814000026,10.743539810000016],[12.463749886000016,10.739970206999999],[12.461449623000021,10.737099648000026],[12.457630156999983,10.733530045000009],[12.455329894999977,10.730669975000012],[12.451519965999978,10.727100371999995],[12.449219703999972,10.724229813000022],[12.446909903999995,10.721360206999975],[12.442310333000023,10.715629578000005],[12.434690475000025,10.708499908000022],[12.430879592999986,10.704930305000005],[12.426670074000015,10.70028019],[12.423250198000005,10.697790145999988],[12.417539596999973,10.692440033000025],[12.414839744999995,10.688489914000002],[12.409830092999982,10.681670188999988],[12.407529830999977,10.678799629000025],[12.401740073999974,10.66981029499999],[12.397450446999983,10.66152000400001],[12.392780303999984,10.656609534999973],[12.395070076000025,10.655010222999977],[12.400230408000027,10.652000427000019],[12.403169632000015,10.649760246000028],[12.407219886999997,10.64713001299998],[12.411979674999998,10.643030167000006],[12.420089722,10.637769698999989],[12.424139976999982,10.635140418999981],[12.42708015400001,10.63290023799999],[12.437080383000023,10.629420279999977],[12.44303989399998,10.628580092999982],[12.450499535000006,10.628430367000021],[12.456859588999976,10.628669738999974],[12.462809563000008,10.627820014999998],[12.472029685999985,10.622179985000002],[12.47751045199999,10.616609573000005],[12.480759621000004,10.611809730999994],[12.484809874999996,10.609180449999997],[12.491089821000003,10.60577964800001],[12.495539665000024,10.604240417000028],[12.499589920000005,10.60161018399998],[12.502530098000022,10.59937000299999],[12.506580353000004,10.59673976900001],[12.52143001600001,10.592800140000008],[12.52888965599999,10.592659949999984],[12.535960197000009,10.59142971],[12.54001045199999,10.588800429999992],[12.543660164000016,10.585080146999985],[12.546919822999996,10.580289841000024],[12.554149628000005,10.569219589],[12.556300163000003,10.564809798999988],[12.561220169000023,10.55086994200002],[12.56297016100001,10.545370101999993],[12.565750121999997,10.535849571000028],[12.567890166999973,10.531439781000017],[12.57114982600001,10.526639938000017],[12.574009895000017,10.520759582999972],[12.579810142999975,10.512630462999994],[12.582269669000027,10.505669593999983],[12.584420204000025,10.501250266999989],[12.588069915999995,10.497540474000004],[12.590220450999993,10.493129730000021],[12.594189643999982,10.486860275000026],[12.601099968000028,10.478349686000001],[12.603240013000004,10.47393989599999],[12.604280472000028,10.469909668000014],[12.606820106999976,10.46658039099998],[12.609999657000003,10.458140372999992],[12.61285972600001,10.452260017000015],[12.612779617000001,10.448619843000017],[12.618984221999995,10.450528145000021],[12.62593936899998,10.452800750999984],[12.628249168000025,10.451651572999992],[12.636307715999976,10.442479133999996],[12.639759063999975,10.437894820999986],[12.644362450000017,10.438298224999983],[12.65249538400002,10.439009666000004],[12.657156944000008,10.445864676999975],[12.658714293999992,10.451472281999997],[12.660461425999983,10.452784538000003],[12.662249565000025,10.45711994200002],[12.665322303999972,10.459575653000002],[12.667663574000017,10.46529102300002],[12.67001056700002,10.472150802999977],[12.67133426700002,10.477229118000025],[12.672492026999976,10.48167324100001],[12.673680305000005,10.484930038000016],[12.677118301000007,10.48923015600002],[12.679362297000011,10.492037772999993],[12.682852744999991,10.496149063000018],[12.686341286000015,10.499573708000014],[12.689855576000014,10.508717536999995],[12.69218635599998,10.512145996000015],[12.694521903999998,10.516716957000028],[12.695695876999991,10.520147323999993],[12.69803142500001,10.524718285000006],[12.702697753999985,10.53271675100001],[12.705028534000007,10.53614425699999],[12.709679603999973,10.540708542000004],[12.713172912999994,10.545278548999988],[12.716671943999984,10.550991058000022],[12.721327782000003,10.556701659999987],[12.722500801000024,10.56013107299998],[12.725994109999988,10.56470012699998],[12.72832489000001,10.568127632000028],[12.731818198999974,10.572695732],[12.735306739999999,10.576120376999995],[12.741104125999982,10.578395844],[12.744581223000012,10.579531669999994],[12.76080131499998,10.582926750000013],[12.765425682,10.581771850999985],[12.770044326999994,10.579472542000019],[12.774668694000013,10.578318595999974],[12.776977538999972,10.577169417999983],[12.780449867000016,10.577160834999972],[12.78855228399999,10.57714271499998],[12.798963547000028,10.575974464000012],[12.810500144999992,10.576191902000005],[12.816324233999978,10.575935363999974],[12.824420928999984,10.574771881000004],[12.832522391999987,10.57475376100001],[12.842464446999998,10.572097778],[12.844958304999977,10.574209213000017],[12.847569465999982,10.574719429000027],[12.855609893999997,10.574701308999977],[12.863772391999987,10.574682236000001],[12.875340461999997,10.573511123999992],[12.888055801000007,10.57005024],[12.898456572999976,10.566594124000005],[12.908863068000016,10.564281463999976],[12.918111801000009,10.561971663999998],[12.927354813000022,10.558518409999976],[12.934288025,10.556214333000014],[12.940070151999976,10.555056572000012],[12.958557128999985,10.548149109000008],[12.965485573000024,10.544701576000023],[12.973566054999992,10.540105820000008],[12.98280429800002,10.535508155999992],[12.986265182000011,10.53321170800001],[12.992031096999995,10.528621674000021],[13.002415656999972,10.521733283999993],[13.010480880999978,10.513706206999984],[13.015078544999994,10.50683021499998],[13.01968193099998,10.501098633000026],[13.025425911000013,10.491932868999982],[13.031181334999985,10.485054015999992],[13.034632682999984,10.480469703999972],[13.040392875999999,10.474736214000018],[13.044996261999984,10.469004631000018],[13.051918983000007,10.464411735999988],[13.058853149000015,10.46210765799998],[13.065786361999983,10.459803581000017],[13.071567534999986,10.458645821000005],[13.078501700999993,10.456341742999996],[13.08081245400001,10.455192565999994],[13.087750434999975,10.45403289799998],[13.098151207,10.450575829000002],[13.107394218000024,10.447122573999991],[13.109699249000016,10.444828986999994],[13.114328383999975,10.444817543],[13.122425078999981,10.443655967999973],[13.128200531000005,10.441353798000023],[13.132820128999981,10.439055442999972],[13.13974857300002,10.435606956000015],[13.14321517899998,10.434454917999972],[13.147834778000004,10.432155609000006],[13.155920981999998,10.42870521499998],[13.159387589000005,10.427553176999993],[13.167489052000008,10.427534103000028],[13.172119140999996,10.427523613000005],[13.176753044000009,10.428657531999988],[13.181388855000023,10.429789543000027],[13.190652847000024,10.430913925000027],[13.195287704000009,10.432046889999981],[13.199922561999983,10.43318080900002],[13.203394890000027,10.433173179999983],[13.20687198600001,10.434309005999978],[13.211980820000008,10.435908317999974],[13.21383285600001,10.437726021000003],[13.215010644000017,10.442299843],[13.215053558000022,10.451453209000022],[13.215069771999993,10.454884529000026],[13.215101242999992,10.461750031000008],[13.216285706999997,10.467468262000011],[13.218642235999994,10.476615906000006],[13.219491005000009,10.48151302299999],[13.221010207999996,10.488052368000012],[13.22220993000002,10.497202872999992],[13.22456169100002,10.50520706200001],[13.225771903999998,10.516645432000018],[13.228113173999986,10.52236080199998],[13.230464934999986,10.53036499000001],[13.233980179000014,10.53950977300002],[13.23633670800001,10.548658370999988],[13.237525940000012,10.555520058000013],[13.238741875000017,10.56810379000001],[13.24226665499998,10.57953739200002],[13.245723724000015,10.58697414400001],[13.248111725000001,10.592109680000021],[13.252783775000012,10.60125160199999],[13.258192061999978,10.611833572000023],[13.260960579000027,10.617251395999972],[13.262662888000023,10.620168686],[13.265626907000012,10.625249863000022],[13.270303726000009,10.635537148000026],[13.27381896999998,10.64468193099998],[13.27696132699998,10.651845932000015],[13.279350281000006,10.65729427299999],[13.28083705900002,10.660684586000002],[13.283183097999995,10.667544365000026],[13.287850380000009,10.675542830999973],[13.291349410999999,10.681255340999996],[13.296010017000015,10.688109397999995],[13.300666809000006,10.693820000000017],[13.304164886000024,10.699533463000023],[13.306909560999998,10.705180168000027],[13.308753966999973,10.711173057999986],[13.311245917999997,10.713460922000024],[13.312346457999979,10.71667671199998],[13.314743996000004,10.723249435000014],[13.315702438000017,10.72587680800001],[13.317065238999987,10.729727744999991],[13.319385528999987,10.737255096000013],[13.322932243000025,10.753265381000006],[13.322958946000028,10.758986472999993],[13.325304985000002,10.765846252000017],[13.328001975999996,10.775186539000003],[13.32883453400001,10.778423309000004],[13.332361220999985,10.789856911000015],[13.33588123300001,10.800146102999975],[13.335226058999979,10.807643890000008],[13.334781647,10.812734604000013],[13.334794043999977,10.815339087999973]]]},"properties":{"fid":124,"cty_nm":"Nigeria","iso3cd":"NGA","adm1nm":"Borno","adm2nm":"Askira/Uba","adm1cd":"NGA008","adm2cd":"NGA008002"}},{"type":"Feature","id":125,"geometry":{"type":"Polygon","coordinates":[[[11.80766010299999,10.619099617000018],[11.804780005999987,10.624010085999998],[11.80373954800001,10.628040313999975],[11.80311012300001,10.633150101000012],[11.801360129999978,10.638649939999993],[11.801119803999995,10.644840240000008],[11.801600456000017,10.64957046500001],[11.804300307999995,10.653519630000005],[11.805489539999996,10.656769752999992],[11.806679726000027,10.660030365000011],[11.808259964000001,10.664369582999996],[11.812470436000012,10.669019698999989],[11.814060211000026,10.673359871000002],[11.816760063000004,10.677309990000026],[11.818349838000017,10.681650161999983],[11.818820000000017,10.686369895999974],[11.821599960000015,10.693969727000024],[11.822079658999996,10.698690413999998],[11.81890010799998,10.707130431999985],[11.814530373000025,10.71230983700002],[11.811200142000018,10.713470459000007],[11.805950165000013,10.712849617000018],[11.799519539000016,10.70897007000002],[11.793880462999994,10.707260131999988],[11.788169860999972,10.701910019000024],[11.782770157000016,10.694000243999994],[11.78046989400002,10.691129683999975],[11.778880119000007,10.686800002999973],[11.774669646999996,10.682140349999997],[11.771650313999999,10.680749892999984],[11.768280028999982,10.68033981299999],[11.768239974999972,10.678259850000018],[11.767049788999998,10.675009726999974],[11.763239860999988,10.671440125000004],[11.760219574000018,10.670049667],[11.753470420999975,10.668720244999975],[11.74783039099998,10.667010306999998],[11.740626335000002,10.660897255000009],[11.731470107999996,10.653129578000005],[11.727259635999985,10.648480414999995],[11.723050117000014,10.643830299000001],[11.720749855000008,10.640959740000028],[11.716939926000009,10.637390137000011],[11.713529586999982,10.634909629999981],[11.710109710999973,10.63243007699998],[11.703680038000016,10.628549576000012],[11.69764995600002,10.625760077999985],[11.688590050000016,10.621560096999985],[11.68556976299999,10.620169639999972],[11.678819655999973,10.618840218000003],[11.674699782999994,10.617830276000007],[11.669449805999989,10.61721038799999],[11.666440009999974,10.615810393999993],[11.661190033000025,10.61518001600001],[11.655559540000013,10.613470077999978],[11.652540207000015,10.612079619999975],[11.649519919999989,10.610679625999978],[11.6457901,10.610750198000005],[11.640150070000004,10.609040259999972],[11.640003203999981,10.600985526999978],[11.638505936000001,10.589349747000028],[11.638753891000022,10.587132454000027],[11.639218330000006,10.582985877999988],[11.638772011000015,10.576595306000002],[11.63831329300001,10.570783614999982],[11.639074326000014,10.562100410000028],[11.642770767000002,10.551745415000028],[11.648750305000021,10.543184279999991],[11.650200843999983,10.529296875],[11.647495269999979,10.51995277399999],[11.643630981000001,10.510582924000005],[11.640370368999982,10.500066757000013],[11.64057636299998,10.490210532999981],[11.638523102000022,10.477401733000022],[11.636904716000004,10.471563339],[11.635866164999982,10.465739250000013],[11.636035918999994,10.457622528000002],[11.635082244999978,10.447739601000023],[11.63527584100001,10.438463210999998],[11.63609790800001,10.426881789999982],[11.635131836000028,10.41757869700001],[11.634141922000026,10.409435271999996],[11.634939194000026,10.39901256600001],[11.635479927000006,10.394550322999976],[11.624470711000015,10.381444930999976],[11.602020263999975,10.356588364000004],[11.567541122000023,10.339750289999984],[11.54348659499999,10.326118468999994],[11.533864974999972,10.311686516000009],[11.533062934999975,10.300460815000008],[11.538676262000024,10.294847488000016],[11.54749584199999,10.286027907999994],[11.561126709000007,10.274802207999983],[11.573154449000015,10.261171341000022],[11.581172943000013,10.245134354000015],[11.585983275999979,10.224287032999996],[11.59720897699998,10.201836586000013],[11.61805629700001,10.193016052000019],[11.637300491000019,10.186601639000003],[11.661355018999984,10.177781105000008],[11.67661762199998,10.174118041999975],[11.687814713000023,10.184196471999996],[11.711870192999982,10.193016052000019],[11.720689773999993,10.198628426000028],[11.726303100999985,10.213863372999981],[11.74233913400002,10.229900359999988],[11.751423836000015,10.239304543000003],[11.756199836999997,10.239415168999983],[11.761790276,10.242850304000001],[11.769659995999973,10.24378967299998],[11.783869743000025,10.244959831000017],[11.789429665,10.243229865999979],[11.78950977300002,10.246669768999993],[11.790699958999994,10.249930382000002],[11.793399810999972,10.253879546999997],[11.796099663000007,10.25782966600002],[11.799909592000006,10.26140022300001],[11.803720473999988,10.264969826000026],[11.80601978300001,10.267829894999977],[11.810230255000022,10.27248954800001],[11.813329696999972,10.27752018000001],[11.816820145000008,10.28365039800002],[11.818010329999993,10.286899566999978],[11.814439773999993,10.294249535000006],[11.810070037999992,10.299440383999979],[11.806570052999973,10.310429573000022],[11.806650161999983,10.314069748000009],[11.80601978300001,10.31917953499999],[11.806889533999993,10.324990273000026],[11.806650161999983,10.331190108999976],[11.806409836,10.33738040899999],[11.806570052999973,10.344659804999992],[11.807040214999972,10.349390029999995],[11.80609035499998,10.357049942000003],[11.804340362999994,10.362549781999974],[11.801480292999997,10.368430138000008],[11.799019814000019,10.375399589999972],[11.797989845000018,10.379429817000016],[11.797349929999996,10.384539603999997],[11.797430038000016,10.388179778999984],[11.795680045999973,10.393679619000011],[11.795040131000007,10.398790358999975],[11.794010162000006,10.402810096999985],[11.791230202000008,10.412340164],[11.789480208999976,10.417830466999987],[11.785510063000004,10.424099921999982],[11.783370018000028,10.428509711999993],[11.780110358999991,10.433309554999994],[11.777959823999993,10.437720298999977],[11.775500297999997,10.444689750999999],[11.773360251999975,10.44909954100001],[11.772009850000018,10.455690383999979],[11.771769523999978,10.461879730000021],[11.76961994200002,10.466290474000004],[11.768980026000008,10.471400260999985],[11.767950057999997,10.47542953499999],[11.766920089999985,10.479459763000023],[11.766280173999974,10.484569550000003],[11.764929771000027,10.491149902000018],[11.763580321999996,10.497730255000022],[11.763339996000013,10.503930092000019],[11.760959624999998,10.514530181999987],[11.760800361999998,10.524370192999982],[11.760160445999986,10.52947998000002],[11.762860298000021,10.550550461],[11.763569831999973,10.56618976599998],[11.768250464999994,10.575570106999976],[11.770950316999972,10.579520226],[11.775879859999975,10.582699776000027],[11.781590461999997,10.58804988899999],[11.785400390999996,10.59162044499999],[11.789299964999998,10.598830222999993],[11.793190002000017,10.606030464000014],[11.796279906999985,10.611069679000025],[11.800089835999984,10.614640236000014],[11.802399634999972,10.617509842000004],[11.80766010299999,10.619099617000018]]]},"properties":{"fid":125,"cty_nm":"Nigeria","iso3cd":"NGA","adm1nm":"Borno","adm2nm":"Bayo","adm1cd":"NGA008","adm2cd":"NGA008004"}},{"type":"Feature","id":126,"geometry":{"type":"Polygon","coordinates":[[[12.508669853000015,10.81820011100001],[12.504320145000008,10.820019721999984],[12.499469756999986,10.820480347],[12.495340347000024,10.819459914999982],[12.48898982999998,10.819230080000011],[12.482640265999976,10.818989753999972],[12.47406005900001,10.819519996999986],[12.467709540999977,10.819279671000004],[12.462860106999983,10.819740294999974],[12.455789566000021,10.820969581999975],[12.451350212000023,10.822520256000018],[12.448410034000005,10.824760437000009],[12.441419601000007,10.829629898000007],[12.438879966999991,10.832960129000014],[12.433710098000006,10.835969924999972],[12.430459976000009,10.840769767999973],[12.427200316999972,10.845569610999974],[12.425060271999996,10.849980354000024],[12.422590255999978,10.856949805999989],[12.420840263000002,10.862440108999976],[12.417980193999995,10.868330001999993],[12.412899971000002,10.874979972999995],[12.410360335999997,10.878310204000002],[12.407899857000018,10.885279654999977],[12.405750275000003,10.889690399000017],[12.40361022899998,10.894100189000028],[12.398520469999994,10.900759697000012],[12.395580291999977,10.902999878000003],[12.389710426000022,10.907489777000023],[12.384940147000009,10.911580086000015],[12.379779815999996,10.914600371999995],[12.376119614000004,10.91831016499998],[12.373189926000009,10.92055988300001],[12.370249747999992,10.922800064],[12.366589546,10.926509856999985],[12.360320091000006,10.92990970599999],[12.355870246999984,10.931460381000022],[12.350709914999982,10.93447017699998],[12.345549582999979,10.937490463000017],[12.340379714999983,10.940500258999975],[12.334899902000018,10.946069717],[12.332360268000002,10.949399948000007],[12.328709602000004,10.953109740999992],[12.32394027700002,10.957209587000023],[12.31917953499999,10.961310387000026],[12.315520287000027,10.965029716000004],[12.311869621000028,10.968740463000017],[12.308529854000028,10.969900130999974],[12.305600165999977,10.972140312000022],[12.298609734000024,10.97700977300002],[12.296059608000007,10.980340004000027],[12.289790154000002,10.983739852999975],[12.283909798000025,10.988229751999995],[12.273269653,10.996809959000018],[12.269929886,10.997969626999975],[12.264769553999997,11.000980377000019],[12.260720252999988,11.003609657000027],[12.256270409000024,11.005160332000003],[12.253330231000007,11.00739955900002],[12.249279976000025,11.010029793000001],[12.245229720999987,11.012660026999981],[12.242289543000027,11.014900207999972],[12.239359856000021,11.017140387999973],[12.235300064,11.019769669000027],[12.229749679999998,11.021699904999991],[12.224579811000012,11.024720192000018],[12.220140457000014,11.026260375999982],[12.217200278999996,11.028499603],[12.21092033399998,11.031900405999977],[12.208379745000002,11.035229683000011],[12.202899933000026,11.040800095000009],[12.198129654000013,11.044899939999993],[12.193369865000022,11.048999786000024],[12.190429687000005,11.051239967000015],[12.187490463000017,11.053489684999988],[12.181220054999983,11.056889533999993],[12.170889853999995,11.062919616999977],[12.153820037999992,11.067620277000003],[12.150480270000003,11.068779945000017],[12.146030425999982,11.07032966600002],[12.143730163999976,11.067460059999974],[12.139129638999975,11.06171989400002],[12.128560065999977,11.056830406000017],[12.124084472999982,11.055700301999991],[12.116570473000024,11.054880142000002],[12.112440108999976,11.053870200999995],[12.106809616000021,11.052160263000019],[12.09893989599999,11.05121994000001],[12.09409999799999,11.051679610999997],[12.088859558000024,11.05105972299998],[12.08290004700001,11.051899909999975],[12.076230049000003,11.054220199999975],[12.069959641000025,11.05762004899998],[12.064399718999994,11.059550285],[12.057720184000004,11.061869621000028],[12.054389953999987,11.063019752999992],[12.047320366000008,11.064249991999986],[12.040969849000021,11.064020157000016],[12.035730361999981,11.063389777999987],[12.028980255000022,11.062069893],[12.022150039999985,11.057100295999987],[12.019450188000008,11.05315017700002],[12.015950202999989,11.047030448999976],[12.012860298000021,11.041990279999993],[12.009369849999985,11.035869597999977],[12.007828711999991,11.033950806000007],[12.00475978899999,11.030130385999996],[12.001660346999984,11.025090218000003],[11.991020203000005,11.016559600999983],[11.986419678000004,11.010829925999985],[11.979909897000027,11.003310204000002],[11.975299834999987,10.997570037999992],[11.968469620000008,10.992609978000019],[11.964659691000008,10.989040375000002],[11.955929755999989,10.982290267999986],[11.94869995099998,10.976240157999996],[11.936550140000008,10.967020035000019],[11.933529854000028,10.965620041000022],[11.930520058000013,10.964220047000026],[11.926389694000022,10.96321010600002],[11.920749664000027,10.961500167999986],[11.915109633999975,10.95979023000001],[11.910980225000003,10.958780289000003],[11.905340195000008,10.957070351000027],[11.900099753999996,10.956439971999998],[11.895970345000023,10.955430030999992],[11.890330315000028,10.953720093000015],[11.885089874000016,10.953100204000009],[11.879449844000021,10.951390265999976],[11.870800018000011,10.948280334000003],[11.86588001299998,10.945099830999993],[11.860239982999985,10.943389893000017],[11.85459995299999,10.941679954999984],[11.848250388999986,10.941439629000001],[11.841500282000027,10.940119743000025],[11.83475017500001,10.938790320999999],[11.829110146000005,10.937080383000023],[11.822360038999989,10.935759544000007],[11.816320419000022,10.932959557000004],[11.809570312000005,10.931639671000028],[11.80354023000001,10.928839684000025],[11.79901027699998,10.926750183000024],[11.789239882999993,10.924030303999984],[11.780590056999984,10.920920372000012],[11.773440360999984,10.918510437000009],[11.760259627999972,10.913310050999996],[11.756130219,10.91230010999999],[11.748979567999982,10.909890174999987],[11.74485015900001,10.90888023399998],[11.741829871999983,10.907480239999984],[11.736200333,10.905770302000008],[11.727140426999995,10.901579857000002],[11.715470314000015,10.897069930999976],[11.705699921000019,10.894350051999993],[11.699669837999977,10.891559600999983],[11.694029807999982,10.889849663000007],[11.688389777999987,10.888139724999974],[11.683859825000013,10.886039734000008],[11.680130005000024,10.886119843000017],[11.667429923999975,10.885640143999979],[11.64748954800001,10.879110335999997],[11.64256954199999,10.875929831999997],[11.639550208999992,10.87452983899999],[11.633119582999996,10.870650291000004],[11.626689911000028,10.866769791000024],[11.623200417000021,10.86065006299998],[11.624939918999985,10.85515022300001],[11.634160042000019,10.849510193000015],[11.638600349,10.847970008999994],[11.642649651,10.845339775000014],[11.643690108999976,10.84130954699998],[11.64575004599999,10.833259582999972],[11.651229858000022,10.827690125000004],[11.657589911999992,10.827930449999997],[11.661720275999983,10.828940391999993],[11.667360305999978,10.830650330000026],[11.675219535999986,10.831589699000006],[11.680859565999981,10.833299636999982],[11.684989928999983,10.834309577999989],[11.690150260999985,10.831290244999991],[11.694600105000006,10.829750061000027],[11.701189994999993,10.823789596999973],[11.70444011699999,10.818989753999972],[11.711750031000008,10.811570168000003],[11.716199874999973,10.810020447],[11.722080231000007,10.805540085000018],[11.72770976999999,10.807250022999995],[11.732159615,10.805700301999991],[11.736209868999993,10.803070068000011],[11.73836040499998,10.798660278],[11.739709854000012,10.792079925999985],[11.738120078999998,10.787739753999972],[11.737250328000016,10.781929970000022],[11.73526000999999,10.776510239000004],[11.732560158000013,10.77256011999998],[11.730179786999997,10.766050339000003],[11.725410461000024,10.759718894999992],[11.722880363000002,10.756360054000027],[11.722399712000026,10.751629829000024],[11.721130371000015,10.744739531999983],[11.726070403999984,10.743459701999996],[11.728440284999976,10.73731041000002],[11.734319686999982,10.732830047999983],[11.739800452999987,10.727259635999985],[11.746470450999993,10.724940300000014],[11.750519752999992,10.722310065999977],[11.753780365000011,10.717510222999977],[11.756320000000017,10.71418952900001],[11.757349968000028,10.710160255000005],[11.759499549999987,10.705750464999994],[11.766010284000004,10.69614982600001],[11.76846981,10.689189911000028],[11.768280028999982,10.68033981299999],[11.771650313999999,10.680749892999984],[11.774669646999996,10.682140349999997],[11.778880119000007,10.686800002999973],[11.78046989400002,10.691129683999975],[11.782770157000016,10.694000243999994],[11.788169860999972,10.701910019000024],[11.793880462999994,10.707260131999988],[11.799519539000016,10.70897007000002],[11.805950165000013,10.712849617000018],[11.811200142000018,10.713470459000007],[11.814530373000025,10.71230983700002],[11.81890010799998,10.707130431999985],[11.822079658999996,10.698690413999998],[11.821599960000015,10.693969727000024],[11.818820000000017,10.686369895999974],[11.818349838000017,10.681650161999983],[11.816760063000004,10.677309990000026],[11.814060211000026,10.673359871000002],[11.812470436000012,10.669019698999989],[11.808259964000001,10.664369582999996],[11.806679726000027,10.660030365000011],[11.805489539999996,10.656769752999992],[11.804300307999995,10.653519630000005],[11.801600456000017,10.64957046500001],[11.801119803999995,10.644840240000008],[11.801360129999978,10.638649939999993],[11.80311012300001,10.633150101000012],[11.80373954800001,10.628040313999975],[11.804780005999987,10.624010085999998],[11.80766010299999,10.619099617000018],[11.81017971,10.614800452999987],[11.816450119000024,10.611399651],[11.824319838999998,10.612339973000019],[11.82987022399999,10.610409736999998],[11.835040091999986,10.607399939999993],[11.840200423999988,10.604379654000013],[11.844960212999979,10.600279807999982],[11.850449561999994,10.594710350000014],[11.856960297,10.585109710999973],[11.867280005999987,10.579079627999988],[11.871339798000008,10.57645988500002],[11.87539005299999,10.573829650999983],[11.879440308000028,10.571200370999975],[11.882769585000005,10.570039748999989],[11.89167022700002,10.566949844000021],[11.899049758999979,10.563159943000016],[11.902389525999979,10.562009810999996],[11.906439781000017,10.559379578000005],[11.91160011300002,10.556360245000008],[11.920180320999975,10.555830001999993],[11.923910141000022,10.555760383999996],[11.929470062000007,10.553830146999985],[11.93470954899999,10.554450035000002],[11.948929786999997,10.555629730000021],[11.95790004700001,10.556179999999983],[11.963939666999977,10.558979987999976],[11.968540191999978,10.564709662999974],[11.976240157999996,10.575489998000023],[11.979339600000003,10.580519675999994],[11.984419822999996,10.590979575999995],[11.98624038700001,10.606240273000026],[11.990130423999972,10.613450049999983],[11.992830276000007,10.617400169000007],[11.997039794999978,10.622050285],[11.999340056999984,10.62491989099999],[12.001649857000018,10.62779045100001],[12.005060195999988,10.63027000400001],[12.007360457999994,10.63313961],[12.010780334000003,10.635620116999974],[12.023320198000022,10.645939827000007],[12.02633953100002,10.64733028400002],[12.029760361000001,10.649820327999976],[12.032770157000016,10.651209831000017],[12.04063987699999,10.652150154000026],[12.044369698000025,10.652079581999999],[12.048419952000017,10.649450301999991],[12.052470206999999,10.646820068000011],[12.056119919000025,10.643110275000026],[12.059379578000005,10.638310432000026],[12.062640190000025,10.633509635999985],[12.065500258999975,10.62763023399998],[12.068750380999973,10.62283039099998],[12.069789886000024,10.618800163000003],[12.07304000900001,10.614000320000002],[12.076700211000002,10.610289573999978],[12.0832901,10.60433006300002],[12.086939812000026,10.600620269999979],[12.090990067000007,10.597990035999999],[12.095760344999974,10.593890190000025],[12.101639748000025,10.589409827999987],[12.106080055000007,10.587860106999983],[12.110139847000028,10.585229873999992],[12.11783981299999,10.578889847000028],[12.127929687000005,10.579059600999983],[12.133170128000017,10.579680442999972],[12.139920234999977,10.581009864999999],[12.14151000999999,10.585350037000012],[12.142379760999972,10.59115982100002],[12.151189804000012,10.60153961200001],[12.153490067000007,10.604410171999973],[12.159850120999977,10.604649543999983],[12.163180350999994,10.603489876000026],[12.166119576000028,10.601249694999979],[12.167469977999986,10.594670296000004],[12.170330047999983,10.588780402999987],[12.172479629999998,10.584369659000004],[12.174220085000002,10.578880309999988],[12.17708015400001,10.572990417000028],[12.179630280000026,10.56966018700001],[12.18470954899999,10.56301021600001],[12.187250136999978,10.559679985000002],[12.190509796000015,10.554880142000002],[12.195269585000005,10.55078983300001],[12.198929786999997,10.547069550000003],[12.202980041999979,10.544440269000006],[12.208860397000024,10.539959908000014],[12.213299751000022,10.53841018700001],[12.23538017300001,10.540530204999982],[12.243720054999983,10.546190261999982],[12.246419907000018,10.550140381000006],[12.247610092000002,10.553400039999985],[12.249910354999997,10.556269645999976],[12.25109958600001,10.559519767999973],[12.254520415999991,10.562000275000003],[12.257610321000016,10.567040442999996],[12.262220382999999,10.572770118999983],[12.26642990099998,10.577429771000027],[12.269840240000008,10.579910278],[12.273650169000007,10.583479881000017],[12.277460098000006,10.587039947999983],[12.282779693999998,10.59130954699998],[12.28660011300002,10.594869614000004],[12.29001045199999,10.597359657000027],[12.296839713999987,10.602319717],[12.300250053000013,10.604800223999973],[12.305179596000016,10.607979774],[12.310500144999992,10.612250328000016],[12.31882953600001,10.617910385000016],[12.325980185999981,10.620320320000019],[12.330510139000012,10.622420310999985],[12.336540221999996,10.625209808000022],[12.344479561000014,10.629790306000018],[12.353540420999991,10.633979796999995],[12.356240273000026,10.637929916000019],[12.362990378999996,10.639260292000017],[12.366399764999983,10.641739845000018],[12.370530127999984,10.642749786000024],[12.375060081000015,10.64484977699999],[12.378870010000014,10.648409843000024],[12.382280349999974,10.650890349999997],[12.391329765000023,10.655090331999986],[12.392780303999984,10.656609534999973],[12.397450446999983,10.66152000400001],[12.401740073999974,10.66981029499999],[12.407529830999977,10.678799629000025],[12.409830092999982,10.681670188999988],[12.414839744999995,10.688489914000002],[12.417539596999973,10.692440033000025],[12.423250198000005,10.697790145999988],[12.426670074000015,10.70028019],[12.430879592999986,10.704930305000005],[12.434690475000025,10.708499908000022],[12.442310333000023,10.715629578000005],[12.446909903999995,10.721360206999975],[12.449219703999972,10.724229813000022],[12.451519965999978,10.727100371999995],[12.455329894999977,10.730669975000012],[12.457630156999983,10.733530045000009],[12.461449623000021,10.737099648000026],[12.463749886000016,10.739970206999999],[12.467559814000026,10.743539810000016],[12.471369743000025,10.747099875999993],[12.476690292,10.751370430000009],[12.482410431000005,10.756719589],[12.485429764000003,10.758119582999996],[12.491459845999998,10.760910034000005],[12.49631023400002,10.760450363000018],[12.50004005400001,10.760379790999991],[12.50790023799999,10.761320114],[12.513540267999986,10.763030051999976],[12.517270087999975,10.762949944000013],[12.520689963999985,10.765430449999997],[12.52299022699998,10.768300055999987],[12.521639823999976,10.77488040899999],[12.520600318999982,10.778909682999995],[12.517740249999974,10.784790038999972],[12.517109871000002,10.78989982600001],[12.514249801999995,10.795789719000027],[12.51171016699999,10.799110412999994],[12.508850097999982,10.805000305000021],[12.507100105000006,10.810489655000026],[12.507570267000006,10.815219878999983],[12.508669853000015,10.81820011100001]]]},"properties":{"fid":126,"cty_nm":"Nigeria","iso3cd":"NGA","adm1nm":"Borno","adm2nm":"Biu","adm1cd":"NGA008","adm2cd":"NGA008005"}},{"type":"Feature","id":127,"geometry":{"type":"Polygon","coordinates":[[[13.011529922000022,10.818209647999993],[13.008130074000007,10.823579788000018],[13.00527000400001,10.829469680999978],[13.002730369999995,10.832790375000002],[12.999469756999986,10.837590218000003],[12.997320175000027,10.842000008000014],[12.994070052999973,10.846799850000025],[12.991530418000025,10.850130080999975],[12.988980292999997,10.853460311999982],[12.986840248000021,10.857870101999993],[12.983579636000002,10.862669944999993],[12.979929923999975,10.866379737999978],[12.976670264999996,10.871179580999978],[12.973420142999998,10.875980377000019],[12.970239638999999,10.884420395000006],[12.967769622999981,10.891380309999988],[12.966739655000026,10.895409583999992],[12.965709686000025,10.899439812000026],[12.96356010400001,10.90384960199998],[12.961420058999977,10.908260344999974],[12.960069655999973,10.914839744999995],[12.957530022000014,10.918169975000012],[12.954270362999978,10.922969818000013],[12.951410294000027,10.92885017399999],[12.94847011600001,10.93109035499998],[12.946330069999988,10.935509681999974],[12.943389893000017,10.937749863000022],[12.940839767,10.941080092999982],[12.938300132999984,10.944399834000023],[12.935359955000024,10.946649551000007],[12.931710242999998,10.950360298000021],[12.928059577999989,10.954070091000006],[12.925120354,10.956319808999979],[12.922579765000023,10.959639548999974],[12.918919562999974,10.963359833000027],[12.911620140000025,10.970780373000025],[12.907250404000024,10.975970268000026],[12.904700278999996,10.979299545000003],[12.898429871000019,10.98270034799998],[12.895090102999973,10.983849524999982],[12.891360282999983,10.983929633999992],[12.886520385999972,10.984390259000008],[12.879850388000023,10.986700057999997],[12.876110077000021,10.986780167000006],[12.872380256999975,10.986849785000004],[12.866419791999988,10.98770046200002],[12.861579894999977,10.988160133000008],[12.855230330999973,10.987919807000026],[12.848870277000003,10.987680435000016],[12.845140457000014,10.987750053000013],[12.83990001699999,10.987119674999974],[12.833939552000004,10.98797035199999],[12.830209732000014,10.988039969999988],[12.824970244999975,10.987420082000028],[12.818619727999987,10.987179755999989],[12.814089775000014,10.985079765000023],[12.810359955000024,10.985159873999976],[12.806940079000015,10.98266983000002],[12.799079894999977,10.981739998000023],[12.794549942000003,10.979640007],[12.790820122000014,10.979709624999998],[12.785180092000019,10.977999687000022],[12.779939651000007,10.977379799000005],[12.774700165000013,10.976750374000005],[12.767239571000005,10.976900101000012],[12.760490417000028,10.97558021499998],[12.756750107000016,10.975649834000023],[12.751509666000004,10.975020409000024],[12.744759559999977,10.973699570000008],[12.739119529999982,10.971989631999975],[12.73499012000002,10.970979691000025],[12.729749679999998,10.970350266000025],[12.724510193000015,10.969730377000019],[12.720299721000004,10.965080261000026],[12.712840079999978,10.965220450999993],[12.707989693000002,10.96568012199998],[12.704979896999987,10.964289665000024],[12.700449944000013,10.962189674000001],[12.697429656999986,10.960789680000005],[12.692910193999978,10.958700179999994],[12.689889907999998,10.957300185999998],[12.685359955000024,10.955200194999975],[12.679719924999972,10.953490256999999],[12.675600051999993,10.952480315999992],[12.671779633000028,10.948920250000015],[12.66765022300001,10.947899817999996],[12.664640426999995,10.946510315000012],[12.661620140000025,10.945110321000016],[12.656700134000005,10.941929817000016],[12.653679848000024,10.94052982300002],[12.650659560999998,10.939129829000024],[12.646129608000024,10.937040329000013],[12.641209602000004,10.933859825000013],[12.637800217000006,10.931380272000013],[12.631360054000027,10.927499770999987],[12.626839637999979,10.92539978000002],[12.623419762000026,10.92292022700002],[12.618499756000006,10.91973972300002],[12.613180161000002,10.915470122999977],[12.609769820999986,10.912989616000004],[12.606349944999977,10.910510063000004],[12.598409652999976,10.905929565000008],[12.595390319999979,10.904529572000001],[12.59158039099998,10.900970459000007],[12.586660385000016,10.897789955000007],[12.583640098999979,10.896389961000011],[12.58022975900002,10.89391040800001],[12.574910164000016,10.889639853999995],[12.569190025000012,10.884289742000021],[12.566889763000006,10.881420134999985],[12.563469886999997,10.878939629000001],[12.559659957999997,10.875370025999985],[12.557359695000002,10.872509955999988],[12.552749634000008,10.866769791000024],[12.54893970500001,10.863200188000008],[12.544340133999981,10.85746955899998],[12.538619994999976,10.852120399],[12.535519599999986,10.847080231000007],[12.532819748000009,10.843130111999983],[12.529410362000021,10.840640068000027],[12.527110100000016,10.83777999900002],[12.523300171000017,10.834210396000003],[12.517580032000012,10.828860282999983],[12.513770103000013,10.825289725999994],[12.508669853000015,10.81820011100001],[12.507570267000006,10.815219878999983],[12.507100105000006,10.810489655000026],[12.508850097999982,10.805000305000021],[12.51171016699999,10.799110412999994],[12.514249801999995,10.795789719000027],[12.517109871000002,10.78989982600001],[12.517740249999974,10.784790038999972],[12.520600318999982,10.778909682999995],[12.521639823999976,10.77488040899999],[12.52299022699998,10.768300055999987],[12.525130272000013,10.763890265999976],[12.527279854000028,10.759480476000022],[12.527910233,10.754369736000001],[12.530460358000028,10.751040459000023],[12.535619736000001,10.748020171999997],[12.536649704000013,10.744000434999975],[12.536490440000023,10.736720085000002],[12.540860176000024,10.73153019],[12.543399810999972,10.728210449000017],[12.545949936,10.724880219],[12.553409575999979,10.72472953800002],[12.558259964000001,10.724269866999975],[12.565320014999998,10.723039626999991],[12.569060325999999,10.722970008999994],[12.576519965999978,10.722820281999986],[12.58168029799998,10.719809532],[12.58572959899999,10.717180251999991],[12.590579987000012,10.716719626999975],[12.596529960999987,10.715869903999987],[12.600270271,10.715800285],[12.60511016800001,10.715339660999973],[12.610349654999993,10.715970039000013],[12.61670970900002,10.716199874999973],[12.624569893,10.717140197999981],[12.629810333000023,10.717769622999981],[12.633939742999985,10.718779563999988],[12.637669562999974,10.71870994599999],[12.647359848000008,10.717789649999986],[12.658559798999988,10.717570304999981],[12.667140007,10.717029572000001],[12.67086982699999,10.716959953000014],[12.674200057999997,10.715800285],[12.677940368999998,10.715729712999973],[12.682379722999997,10.714179993000016],[12.685720444000026,10.713029860999995],[12.689049721000004,10.711870192999982],[12.692790031000015,10.711790085000018],[12.697230338999987,10.710249900999997],[12.705410003999987,10.708629608000024],[12.709859848000008,10.707090377999975],[12.716930389000026,10.705860137999991],[12.722889899999984,10.705010414000014],[12.72994995099998,10.703780173999974],[12.737019539000016,10.70254993399999],[12.746319771000003,10.700550078999981],[12.751159668000014,10.700090407999994],[12.755290031000015,10.701100349],[12.763150214999996,10.702039719000027],[12.767990112000007,10.701580047999983],[12.773240089000012,10.702199936],[12.776969909999991,10.702130318000002],[12.786660193999978,10.701210021999998],[12.791899681000018,10.701829910000015],[12.799360275000026,10.70168971999999],[12.804610251999975,10.702309608000007],[12.810239792000004,10.704019546999973],[12.816599845999974,10.704259872000023],[12.82334995299999,10.705590248000021],[12.828590393000013,10.706210135999982],[12.833829879999996,10.706839560999981],[12.837169646999996,10.705679893000024],[12.845350266000025,10.704059600999983],[12.850589752000019,10.704689980000012],[12.854319572000009,10.704609871000002],[12.858770370000002,10.703069686999982],[12.864720345000023,10.702219963000005],[12.869569778000027,10.701760292000017],[12.874810218999983,10.702389717000017],[12.880450248999978,10.704099654999993],[12.884579658999996,10.705109596],[12.888710021999998,10.706119537000006],[12.89395046200002,10.706749915999978],[12.897680283,10.706669807000026],[12.90141010299999,10.706600189000028],[12.90888023399998,10.70645046200002],[12.912610054000027,10.706379889999994],[12.916339874000016,10.706310271999996],[12.919679642000006,10.705149651],[12.924519539000016,10.704689980000012],[12.930480003000014,10.703840255999978],[12.934209823999993,10.703769684000008],[12.939060211000026,10.70331001300002],[12.950249671999984,10.703089713999987],[12.954380034999986,10.704099654999993],[12.958120345999987,10.704030036999995],[12.964469909999991,10.704270362999978],[12.973050117000014,10.703729629999998],[12.979000091999978,10.702890395999987],[12.985360146000005,10.703129767999997],[12.991390228,10.705920219000006],[12.995920180999974,10.708020209999972],[13.001629829000024,10.713370322999992],[13.002109528000005,10.718090056999984],[13.004090308999992,10.723520279000013],[13.004650115999993,10.731880187999991],[13.00448989900002,10.741720199999975],[13.00384998300001,10.746829987000012],[13.003930092000019,10.75047016100001],[13.00368976599998,10.756660461000024],[13.004170418000001,10.761389731999998],[13.003930092000019,10.767580032000012],[13.004799843,10.77338981600002],[13.005279540999993,10.778120041000022],[13.00535011300002,10.78176021600001],[13.004799843,10.790510177999977],[13.005990027999985,10.793760299999974],[13.003999710000016,10.805459976000009],[13.004079819000026,10.809100150999996],[13.006779671000004,10.81305027000002],[13.011529922000022,10.818209647999993]]]},"properties":{"fid":127,"cty_nm":"Nigeria","iso3cd":"NGA","adm1nm":"Borno","adm2nm":"Chibok","adm1cd":"NGA008","adm2cd":"NGA008006"}},{"type":"Feature","id":130,"geometry":{"type":"Polygon","coordinates":[[[12.996319771000003,12.800660133000008],[12.991220473999988,12.801340102999973],[12.986370087000012,12.801799774000017],[12.98081016499998,12.803730011000027],[12.974860191000005,12.804570198000022],[12.970410346999984,12.806119919000025],[12.966679573000022,12.806189537000023],[12.962940215999993,12.806260108999993],[12.958100318999982,12.80671977999998],[12.951350212000023,12.805399894999994],[12.946109772,12.804770469999994],[12.940150260999985,12.805620192999982],[12.933079720000023,12.806850433000022],[12.927519797999992,12.808779716000004],[12.92276000999999,12.812879561999978],[12.920220374999985,12.816209792999985],[12.918869971999982,12.822790145999988],[12.91639995600002,12.82975959800001],[12.915840149000019,12.838509559999977],[12.918230057000017,12.845020293999994],[12.92020988500002,12.850440025000012],[12.922909736999998,12.854390143999979],[12.924099921999982,12.857649803000015],[12.927200316999972,12.862680435000016],[12.928469657999983,12.869580268999982],[12.929659843000024,12.87283039099998],[12.930210113999976,12.881199836999997],[12.929260253999985,12.888859749000005],[12.929420471000014,12.896140098999979],[12.928059577999989,12.902729987999976],[12.925600051999993,12.909689903000015],[12.923139572000025,12.916660309000008],[12.921389579999982,12.922160148999978],[12.918609618999994,12.931679726000027],[12.915109633999975,12.942669867999996],[12.913370132000011,12.948169708000023],[12.910579681000002,12.957690238999987],[12.906609534999973,12.963959693999982],[12.901610373999972,12.974260329999993],[12.897239684999988,12.979439735000028],[12.889530181999987,12.985779761999993],[12.881119727999987,12.99359989200002],[12.871979712999973,13.002880096000013],[12.869119644000023,13.00876045199999],[12.863080024999988,13.023079871999983],[12.85982990299999,13.027879714999983],[12.856249809000019,13.035240172999977],[12.855219841000007,13.039259910999988],[12.852760315000012,13.046230315999992],[12.850609779000024,13.050640106000003],[12.839099884000007,13.036299706000023],[12.837829590000013,13.029410362000021],[12.833140372999992,13.020030022000014],[12.827429771000027,13.014679908999994],[12.815520287000027,12.99925994900002],[12.810910224999986,12.99351978300001],[12.806699752999975,12.988869667000017],[12.803999900999997,12.984919547999993],[12.798290253000005,12.979570389000003],[12.791700363000018,12.968409538000003],[12.781379700000002,12.957320213000003],[12.77637004899998,12.950499535000006],[12.770970345000023,12.942589759999976],[12.767880439999999,12.937560081000015],[12.764780045000009,12.932519913000021],[12.761289596999973,12.926400184999977],[12.75667953499999,12.920660019000024],[12.753270149000002,12.918180466000024],[12.750969886999997,12.915309906000005],[12.746359825000013,12.909580231000007],[12.744059563000008,12.906709670999987],[12.73793983500002,12.90027046199998],[12.734930038000016,12.898880005000024],[12.730319977000022,12.893139839000014],[12.724599838000017,12.887789725999994],[12.720789909000018,12.884220122999977],[12.714360236999994,12.880339622000008],[12.70825004599999,12.873909949999984],[12.703249931000016,12.867090225000027],[12.700550078999981,12.863140106000003],[12.697050095000009,12.857009887999993],[12.694270134000021,12.849419593999983],[12.687290191999978,12.837180138000008],[12.68490982100002,12.830670356999974],[12.680299758999979,12.824930191000021],[12.677599907000001,12.820980071999998],[12.672599792000028,12.814160346999984],[12.665769576999992,12.809189795999998],[12.659339905000024,12.805319785999984],[12.650289536000002,12.801119803999995],[12.646550178999973,12.801199913000005],[12.640520095999989,12.798399925000012],[12.630040168999983,12.797149658000023],[12.624790191999978,12.796529770000006],[12.616539955000007,12.79450035100001],[12.614549636999982,12.78907966600002],[12.614310264999972,12.778160094999976],[12.608599663000007,12.772809982000012],[12.604069709999976,12.77070999099999],[12.598429679999981,12.769000053000013],[12.592399596999996,12.766209602000004],[12.588270186999978,12.765199660999997],[12.576990127999977,12.761779784999987],[12.568650246000004,12.756110191000005],[12.555950165000013,12.755640029999995],[12.548089980999976,12.754699706999986],[12.540220261000002,12.753760338000006],[12.533470153999986,12.75244045300002],[12.52783012399999,12.750729561000014],[12.523309708,12.748629569999991],[12.519499779,12.745059966999975],[12.51607990299999,12.742580413999974],[12.513380051000013,12.738630295000007],[12.511079788000018,12.735759734999988],[12.50767040300002,12.733280181999987],[12.502739905999988,12.730099677999988],[12.497819901000014,12.726920128000017],[12.494009972000015,12.723349571000028],[12.48797035199999,12.720560073999991],[12.480830192999974,12.718150138999988],[12.472960472000011,12.71720981599998],[12.478369713000006,12.708000183000024],[12.483197211999993,12.698068619000026],[12.485520362999978,12.693289757000002],[12.486066817999983,12.688881874000003],[12.486140250999995,12.685622215000024],[12.486365318000026,12.681637764000016],[12.486693381999999,12.675826072999996],[12.486959457000012,12.671129226999994],[12.487190247000001,12.667039870999986],[12.486140250999995,12.660806655999977],[12.483685492999996,12.654907227000024],[12.482896804999996,12.650889397000014],[12.482228279000026,12.647484779000024],[12.477259635999985,12.639920234999977],[12.471940040999982,12.635660171999973],[12.468429565000008,12.634739876000026],[12.465005874999974,12.631110191000005],[12.46006011999998,12.628000258999975],[12.455641747000016,12.624208450000026],[12.452483176999976,12.621498108000026],[12.451426506000018,12.618350028999998],[12.444549560999974,12.612159728999984],[12.442959785000028,12.607819557000028],[12.441219330000024,12.603056907999985],[12.440500258999975,12.597669601000007],[12.438119888000017,12.591170310999985],[12.43606471999999,12.585552215999996],[12.435112000000004,12.583685875000015],[12.433899879000023,12.581310271999996],[12.437089920000005,12.578080177000004],[12.439229964999981,12.573659897000027],[12.444000243999994,12.569560050999996],[12.448690413999998,12.561820029999978],[12.452500342999997,12.548270226],[12.456080437000026,12.540920258000028],[12.459329604999994,12.536120415000028],[12.464019774999997,12.52838039400001],[12.467599869000026,12.521030425999982],[12.479669570999988,12.509499549999987],[12.488880156999983,12.503860474000021],[12.493330001999993,12.50232029],[12.502220153999986,12.499230384999976],[12.510009765999996,12.496520041999986],[12.517390250999995,12.492739676999975],[12.52334976200001,12.491889953999987],[12.529310226000007,12.491049766999993],[12.534150124000007,12.490590096000005],[12.54312038400002,12.491140366000025],[12.546859740999992,12.491069793999998],[12.552809715000024,12.49022007000002],[12.564009666000004,12.489999770999987],[12.572190284999976,12.488380431999985],[12.582989693000002,12.487079619999975],[12.588950157,12.486229896999987],[12.598950386000013,12.482760428999995],[12.605939864999982,12.477890015000014],[12.61293029799998,12.473019599999986],[12.618410110000013,12.467450142000018],[12.623820304999981,12.458230018999984],[12.631119727999987,12.450810432000026],[12.636210441999992,12.444149971000002],[12.642080307000015,12.43966960900002],[12.64795970900002,12.43517971],[12.654239655000026,12.431779860999995],[12.660909652999976,12.429459571999985],[12.667969703999972,12.428230285999973],[12.671310425000001,12.42708015400001],[12.677269936000016,12.426230431000022],[12.683939934000023,12.423910141000022],[12.689889907999998,12.423069954000027],[12.700300217000006,12.420680045999973],[12.708080291999977,12.417980193999995],[12.71364021300002,12.416049956999984],[12.725549698000009,12.414360046000013],[12.733730315999992,12.412739753999972],[12.739290236999977,12.41081047099999],[12.743740081999988,12.409259796000015],[12.750089645000003,12.409500121999997],[12.757559775999994,12.409359931999973],[12.765819550000003,12.411379813999986],[12.770259856999985,12.409830092999982],[12.778450012000008,12.40822029100002],[12.785120010000014,12.40590000200001],[12.793689728000004,12.405369758999996],[12.804889678999984,12.40515041399999],[12.810850142999982,12.404299735999984],[12.815690040999982,12.403840064999997],[12.835390091000022,12.399450301999991],[12.842060088999972,12.39713001299998],[12.848730086999979,12.394820213000003],[12.858019829,12.392809867999972],[12.867239951999977,12.387169837999977],[12.867309569999975,12.39081001300002],[12.867070198000022,12.397009850000018],[12.868659972999978,12.40133953100002],[12.869930266999972,12.408240318000026],[12.871199607999984,12.415129662000027],[12.872389793000025,12.41839027399999],[12.87287044499999,12.42311000799998],[12.874460220000003,12.427450179999994],[12.875650405999977,12.430700301999991],[12.877229691000025,12.435040474000004],[12.87841987600001,12.438300132999984],[12.880009651000023,12.442640304999998],[12.883500099000003,12.448760032999985],[12.888509750000026,12.455579757999999],[12.889699936,12.458829879999996],[12.892000198000005,12.461700439000026],[12.894300461,12.464570045000016],[12.897000312999978,12.468520163999983],[12.900569915999995,12.478280067000014],[12.90256023400002,12.483710288999987],[12.905659676000028,12.488739967000015],[12.907239914000002,12.493080139000028],[12.912320136999995,12.503540038999972],[12.916609763999986,12.511839866999992],[12.917799950000017,12.51508998899999],[12.920180320999975,12.521599770000023],[12.923279761999993,12.526639938000017],[12.92605972299998,12.534230232000027],[12.927650452000023,12.538570403999984],[12.92994976,12.541440009999974],[12.931139945999973,12.544690132000028],[12.932089806000022,12.554140091000022],[12.93447017699998,12.560649871999999],[12.935660362000021,12.563899993999996],[12.936220169000023,12.572270392999997],[12.938520432000018,12.575130462999994],[12.940899849000004,12.581640244000027],[12.944080353000004,12.590319632999979],[12.946860313000002,12.59790992699999],[12.947730063999984,12.603719710999997],[12.948200225999983,12.608449936],[12.949390411000024,12.611700057999997],[12.949469566000005,12.615340232999984],[12.950739860999988,12.622240067000007],[12.952329636000002,12.626569748000009],[12.95503044100002,12.630530356999998],[12.956219673000021,12.633779526000012],[12.957810402000007,12.638119698000025],[12.960109710999973,12.640990256999999],[12.962490081999988,12.647500037999976],[12.965189934000023,12.651450157],[12.969479561000014,12.65974044799998],[12.970669745999999,12.662989616000004],[12.975350380000009,12.672369957],[12.978050231999987,12.676320076000025],[12.981149673000004,12.681360245000008],[12.984640120999984,12.687479972999995],[12.987019539000016,12.693989753999972],[12.989410399999997,12.700499535000006],[12.989879608000024,12.70522022199998],[12.991069793999998,12.708479881000017],[12.991149902000018,12.712120056000003],[12.992019653,12.71792984000001],[12.993689537000023,12.72591018700001],[12.994560241999977,12.731719971000018],[12.99512004899998,12.740079879999996],[12.998769760000016,12.753479958000014],[13.001939773999993,12.762160300999994],[13.002659798000025,12.777810096999985],[13.001460075000011,12.79166984599999],[13.000829696999972,12.796779633000028],[12.996319771000003,12.800660133000008]]]},"properties":{"fid":130,"cty_nm":"Nigeria","iso3cd":"NGA","adm1nm":"Borno","adm2nm":"Gubio","adm1cd":"NGA008","adm2cd":"NGA008009"}},{"type":"Feature","id":128,"geometry":{"type":"Polygon","coordinates":[[[12.705329894999977,11.27346038799999],[12.699689864999982,11.271750450000013],[12.693650246000004,11.26895046200002],[12.690239905999988,11.266469954999991],[12.687219620000008,11.265069961999984],[12.683409691000008,11.261509895000017],[12.677769661000013,11.259799956999984],[12.67133998899999,11.255920409999987],[12.660059928999999,11.252499580000006],[12.655139922999979,11.249320029999978],[12.650609970000005,11.247220039000013],[12.64496994000001,11.24551010099998],[12.639730453000027,11.244879722999997],[12.633379935999983,11.24464988699998],[12.630040168999983,11.245800018000011],[12.618530272999976,11.248579978999999],[12.61297035199999,11.25051021600001],[12.608519553999997,11.252050399999973],[12.604069709999976,11.253600120999977],[12.598910332000003,11.256609916999992],[12.594860077000021,11.259240149999982],[12.591919899000004,11.261480330999973],[12.586039543000027,11.265970229999994],[12.58238983199999,11.269680022999978],[12.576510428999995,11.274169921999999],[12.569919586000026,11.280119895999974],[12.566980361999981,11.282369614000004],[12.560469626999975,11.291959763000023],[12.554269791000024,11.29901027699998],[12.549900055000023,11.304189682000015],[12.546959877000006,11.306429863000005],[12.542909622000025,11.309060096999985],[12.53997993500002,11.311300277999976],[12.52900981900001,11.322440147000009],[12.527979850999998,11.326470374999985],[12.524330139000028,11.330180168000027],[12.52066993699998,11.333900452000023],[12.515509604999977,11.336910247999981],[12.511859893999997,11.340629578000005],[12.507809639000016,11.343259810999996],[12.50263977100002,11.346269608],[12.493749619000027,11.349360466000007],[12.489299774000017,11.350899695999999],[12.484849929999996,11.352450370999975],[12.47747039799998,11.356229782000014],[12.47453022000002,11.358480453000027],[12.46642971,11.363730431000022],[12.450539589000016,11.371689795999998],[12.443160057,11.375479697999992],[12.43982029,11.376640319999979],[12.434659957999997,11.379650115999993],[12.43171977999998,11.381899834000023],[12.427669524999999,11.384519576999992],[12.422510147000025,11.387539864000018],[12.416950225999983,11.389470099999983],[12.412179947000027,11.393569946000014],[12.404800415000011,11.397359848000008],[12.398920058999977,11.401840209999989],[12.394869803999995,11.404470444000026],[12.388589858999978,11.407870292999974],[12.383429526999976,11.410889626000028],[12.379779815999996,11.414600371999995],[12.373579978999999,11.421640395999987],[12.368100165999977,11.427209854000012],[12.364130020000005,11.433480262999979],[12.361590385,11.436809540000013],[12.35832977299998,11.441610335999997],[12.355790137999975,11.44493007699998],[12.353650092999999,11.449350357000014],[12.351499557000011,11.453760147000025],[12.349749565000025,11.459250450000013],[12.347290038999972,11.466219901999978],[12.34370994599999,11.473580360000028],[12.341569901000014,11.477990149999982],[12.338310241999977,11.482789992999983],[12.333230018999984,11.489439963999985],[12.328860282999983,11.494629859999975],[12.324412345999974,11.498019218000024],[12.323539734000008,11.490360259999989],[12.319977759999972,11.48591518400002],[12.316713332999996,11.481695175000027],[12.313726425000027,11.47822761499998],[12.311639786,11.475804329000027],[12.308507919000022,11.472167968999997],[12.303609848000008,11.466719626999975],[12.291859627000008,11.458569527000009],[12.288049698000009,11.455010414000014],[12.283519744999978,11.452910422999992],[12.27970981599998,11.449339866999992],[12.274789810000016,11.446160315999975],[12.271369934000006,11.443679809999992],[12.266449927999986,11.440500258999975],[12.263030051999976,11.438019752999992],[12.259220122999977,11.434450149999975],[12.255809784000007,11.431969643000002],[12.250866889999998,11.427345275999983],[12.248189926000009,11.424839973000019],[12.245649338000021,11.422116280000012],[12.24359035499998,11.418860435],[12.237150192000001,11.415220261000002],[12.233730315999992,11.412739753999972],[12.231430053999986,11.409870147999982],[12.227219581999975,11.405220031999988],[12.221509932999993,11.399869919000025],[12.218810081000015,11.395919800000001],[12.216500282000027,11.393050194000011],[12.214200020000021,11.390179633999992],[12.211500167999986,11.386230468999997],[12.209119797000028,11.379719733999991],[12.207139969000025,11.374300002999973],[12.202770233000024,11.362360001000013],[12.201899529000002,11.356550217000006],[12.200309752999999,11.352210044999993],[12.199830055000007,11.347490311000001],[12.198960304000025,11.341679573000022],[12.198800086999995,11.33440017700002],[12.197930336000013,11.328590393000013],[12.197059631000002,11.322779654999977],[12.19657993300001,11.318059920999985],[12.194199561999994,11.311550140000008],[12.191499710000016,11.307600020999985],[12.189200400999994,11.304730414999995],[12.186900138999988,11.301859856000021],[12.183152199000006,11.300872803000004],[12.182114601000023,11.299046515999976],[12.178560257000015,11.296199799000021],[12.172129631000018,11.292320250999978],[12.167200089000005,11.289139748000025],[12.16203022000002,11.288559914000018],[12.159498214999985,11.286197662000006],[12.153229712999973,11.28176021600001],[12.148300171000017,11.27857971200001],[12.143779755000025,11.27649021100001],[12.137740135000001,11.273690224000006],[12.133930206000002,11.270130156999983],[12.125670432999982,11.268099785000004],[12.12185955000001,11.264539719000027],[12.117730140999981,11.26352977800002],[12.110899925000012,11.258560181000007],[12.107489585999986,11.256079673999977],[12.104789734000008,11.25212955500001],[12.102410315999975,11.245619773999977],[12.10184955599999,11.237250328000016],[12.102809906000005,11.229590416000008],[12.105979918999992,11.22115039800002],[12.106940269000006,11.21347999599999],[12.108690261999982,11.207989693000002],[12.109720229999994,11.203960418999998],[12.110750198000005,11.199930191000021],[12.111789703,11.195910454],[12.112819672,11.191880226000023],[12.114170074000015,11.18529987300002],[12.114410399999997,11.179100037000012],[12.113929749000022,11.174380301999975],[12.114569663999987,11.16926956200001],[12.115209579000009,11.164159774999973],[12.114649772999996,11.155790329000013],[12.117110251999975,11.148830413999974],[12.121009827000023,11.13891983000002],[12.12736034400001,11.139160156000003],[12.129899979000015,11.135829925999985],[12.133480071999998,11.128470420999975],[12.134110451000026,11.123359680000021],[12.13514995600002,11.119339943],[12.135069847000011,11.115699768000013],[12.136019707000003,11.108030319000022],[12.137049675000014,11.104000091999978],[12.139120101999993,11.09595012699998],[12.141659736999998,11.092630385999996],[12.14531993899999,11.08891010299999],[12.149680138000008,11.081069946000014],[12.148587227000007,11.077669144000026],[12.14657306700002,11.075771331999988],[12.146030425999982,11.07032966600002],[12.150480270000003,11.068779945000017],[12.153820037999992,11.067620277000003],[12.170889853999995,11.062919616999977],[12.181220054999983,11.056889533999993],[12.187490463000017,11.053489684999988],[12.190429687000005,11.051239967000015],[12.193369865000022,11.048999786000024],[12.198129654000013,11.044899939999993],[12.202899933000026,11.040800095000009],[12.208379745000002,11.035229683000011],[12.21092033399998,11.031900405999977],[12.217200278999996,11.028499603],[12.220140457000014,11.026260375999982],[12.224579811000012,11.024720192000018],[12.229749679999998,11.021699904999991],[12.235300064,11.019769669000027],[12.239359856000021,11.017140387999973],[12.242289543000027,11.014900207999972],[12.245229720999987,11.012660026999981],[12.249279976000025,11.010029793000001],[12.253330231000007,11.00739955900002],[12.256270409000024,11.005160332000003],[12.260720252999988,11.003609657000027],[12.264769553999997,11.000980377000019],[12.269929886,10.997969626999975],[12.273269653,10.996809959000018],[12.283909798000025,10.988229751999995],[12.289790154000002,10.983739852999975],[12.296059608000007,10.980340004000027],[12.298609734000024,10.97700977300002],[12.305600165999977,10.972140312000022],[12.308529854000028,10.969900130999974],[12.311869621000028,10.968740463000017],[12.315520287000027,10.965029716000004],[12.31917953499999,10.961310387000026],[12.32394027700002,10.957209587000023],[12.328709602000004,10.953109740999992],[12.332360268000002,10.949399948000007],[12.334899902000018,10.946069717],[12.340379714999983,10.940500258999975],[12.345549582999979,10.937490463000017],[12.350709914999982,10.93447017699998],[12.355870246999984,10.931460381000022],[12.360320091000006,10.92990970599999],[12.366589546,10.926509856999985],[12.370249747999992,10.922800064],[12.373189926000009,10.92055988300001],[12.376119614000004,10.91831016499998],[12.379779815999996,10.914600371999995],[12.384940147000009,10.911580086000015],[12.389710426000022,10.907489777000023],[12.395580291999977,10.902999878000003],[12.398520469999994,10.900759697000012],[12.40361022899998,10.894100189000028],[12.405750275000003,10.889690399000017],[12.407899857000018,10.885279654999977],[12.410360335999997,10.878310204000002],[12.412899971000002,10.874979972999995],[12.417980193999995,10.868330001999993],[12.420840263000002,10.862440108999976],[12.422590255999978,10.856949805999989],[12.425060271999996,10.849980354000024],[12.427200316999972,10.845569610999974],[12.430459976000009,10.840769767999973],[12.433710098000006,10.835969924999972],[12.438879966999991,10.832960129000014],[12.441419601000007,10.829629898000007],[12.448410034000005,10.824760437000009],[12.451350212000023,10.822520256000018],[12.455789566000021,10.820969581999975],[12.462860106999983,10.819740294999974],[12.467709540999977,10.819279671000004],[12.47406005900001,10.819519996999986],[12.482640265999976,10.818989753999972],[12.48898982999998,10.819230080000011],[12.495340347000024,10.819459914999982],[12.499469756999986,10.820480347],[12.504320145000008,10.820019721999984],[12.508669853000015,10.81820011100001],[12.513770103000013,10.825289725999994],[12.517580032000012,10.828860282999983],[12.523300171000017,10.834210396000003],[12.527110100000016,10.83777999900002],[12.529410362000021,10.840640068000027],[12.532819748000009,10.843130111999983],[12.535519599999986,10.847080231000007],[12.538619994999976,10.852120399],[12.544340133999981,10.85746955899998],[12.54893970500001,10.863200188000008],[12.552749634000008,10.866769791000024],[12.557359695000002,10.872509955999988],[12.559659957999997,10.875370025999985],[12.563469886999997,10.878939629000001],[12.566889763000006,10.881420134999985],[12.569190025000012,10.884289742000021],[12.574910164000016,10.889639853999995],[12.58022975900002,10.89391040800001],[12.583640098999979,10.896389961000011],[12.586660385000016,10.897789955000007],[12.59158039099998,10.900970459000007],[12.595390319999979,10.904529572000001],[12.598409652999976,10.905929565000008],[12.606349944999977,10.910510063000004],[12.609769820999986,10.912989616000004],[12.613180161000002,10.915470122999977],[12.618499756000006,10.91973972300002],[12.623419762000026,10.92292022700002],[12.626839637999979,10.92539978000002],[12.631360054000027,10.927499770999987],[12.637800217000006,10.931380272000013],[12.641209602000004,10.933859825000013],[12.646129608000024,10.937040329000013],[12.650659560999998,10.939129829000024],[12.653679848000024,10.94052982300002],[12.656700134000005,10.941929817000016],[12.661620140000025,10.945110321000016],[12.664640426999995,10.946510315000012],[12.66765022300001,10.947899817999996],[12.671779633000028,10.948920250000015],[12.675600051999993,10.952480315999992],[12.679719924999972,10.953490256999999],[12.685359955000024,10.955200194999975],[12.689889907999998,10.957300185999998],[12.692910193999978,10.958700179999994],[12.697429656999986,10.960789680000005],[12.700449944000013,10.962189674000001],[12.704979896999987,10.964289665000024],[12.707989693000002,10.96568012199998],[12.712840079999978,10.965220450999993],[12.720299721000004,10.965080261000026],[12.724510193000015,10.969730377000019],[12.729749679999998,10.970350266000025],[12.73499012000002,10.970979691000025],[12.739119529999982,10.971989631999975],[12.744759559999977,10.973699570000008],[12.751509666000004,10.975020409000024],[12.756750107000016,10.975649834000023],[12.760490417000028,10.97558021499998],[12.767239571000005,10.976900101000012],[12.774700165000013,10.976750374000005],[12.779939651000007,10.977379799000005],[12.785180092000019,10.977999687000022],[12.790820122000014,10.979709624999998],[12.794549942000003,10.979640007],[12.799079894999977,10.981739998000023],[12.806940079000015,10.98266983000002],[12.810359955000024,10.985159873999976],[12.814089775000014,10.985079765000023],[12.818619727999987,10.987179755999989],[12.824970244999975,10.987420082000028],[12.830209732000014,10.988039969999988],[12.833939552000004,10.98797035199999],[12.83990001699999,10.987119674999974],[12.845140457000014,10.987750053000013],[12.848870277000003,10.987680435000016],[12.855230330999973,10.987919807000026],[12.861579894999977,10.988160133000008],[12.866419791999988,10.98770046200002],[12.872380256999975,10.986849785000004],[12.876110077000021,10.986780167000006],[12.879850388000023,10.986700057999997],[12.886520385999972,10.984390259000008],[12.891360282999983,10.983929633999992],[12.895090102999973,10.983849524999982],[12.898429871000019,10.98270034799998],[12.904700278999996,10.979299545000003],[12.907250404000024,10.975970268000026],[12.911620140000025,10.970780373000025],[12.918919562999974,10.963359833000027],[12.922579765000023,10.959639548999974],[12.925120354,10.956319808999979],[12.928059577999989,10.954070091000006],[12.931710242999998,10.950360298000021],[12.935359955000024,10.946649551000007],[12.938300132999984,10.944399834000023],[12.940839767,10.941080092999982],[12.943389893000017,10.937749863000022],[12.946330069999988,10.935509681999974],[12.94847011600001,10.93109035499998],[12.951410294000027,10.92885017399999],[12.954270362999978,10.922969818000013],[12.957530022000014,10.918169975000012],[12.960069655999973,10.914839744999995],[12.961420058999977,10.908260344999974],[12.96356010400001,10.90384960199998],[12.965709686000025,10.899439812000026],[12.966739655000026,10.895409583999992],[12.967769622999981,10.891380309999988],[12.970239638999999,10.884420395000006],[12.973420142999998,10.875980377000019],[12.976670264999996,10.871179580999978],[12.979929923999975,10.866379737999978],[12.983579636000002,10.862669944999993],[12.986840248000021,10.857870101999993],[12.988980292999997,10.853460311999982],[12.991530418000025,10.850130080999975],[12.994070052999973,10.846799850000025],[12.997320175000027,10.842000008000014],[12.999469756999986,10.837590218000003],[13.002730369999995,10.832790375000002],[13.00527000400001,10.829469680999978],[13.008130074000007,10.823579788000018],[13.011529922000022,10.818209647999993],[13.014800072000014,10.821269988999973],[13.021949768000013,10.823679923999975],[13.028699874999973,10.824999809000019],[13.032830237999974,10.826009750000026],[13.038069725000014,10.826640128999998],[13.042200089000005,10.827650070000004],[13.04784011800001,10.82936000799998],[13.054189682000015,10.82960033400002],[13.059029579000025,10.829139709000003],[13.064990044000012,10.828289986000016],[13.072059631000002,10.827059745999975],[13.080630301999975,10.82653045699999],[13.088890075999984,10.828550339000003],[13.100090027000022,10.828330040000026],[13.103819847000011,10.828260422000028],[13.110890387999973,10.827030181999987],[13.118359565999981,10.82688045499998],[13.124710083000025,10.82711982699999],[13.131059646999972,10.827360152999972],[13.13852977800002,10.827210426000022],[13.145600318999982,10.825980185999981],[13.151949882999986,10.82621955899998],[13.158300399999973,10.82645988500002],[13.16203022000002,10.82637977600001],[13.169099807999999,10.825149536000026],[13.175060271999996,10.824310303000004],[13.179820060999987,10.820210456999973],[13.185700417000021,10.81571960399998],[13.19165992699999,10.814880371000015],[13.198329925999985,10.812560081000015],[13.203570366000008,10.813190459999987],[13.209529877000023,10.812339783000027],[13.220729828000003,10.812120438000022],[13.228190422000011,10.811969756999986],[13.231920242000001,10.811900138999988],[13.240900039999985,10.812450409000007],[13.252409935000003,10.809679985000002],[13.256540298000004,10.810689926000009],[13.262900351999974,10.810930251999991],[13.270759582999972,10.811860084999978],[13.276000022999995,10.812490463000017],[13.280839920000005,10.81202983899999],[13.284580231000007,10.811960220000003],[13.292039870999986,10.811809540000013],[13.296170234999977,10.812820434999992],[13.299900055000023,10.812749863000022],[13.305859565999981,10.811900138999988],[13.311100006000004,10.812529563999988],[13.316340446000027,10.813150405999977],[13.320469855999988,10.814160346999984],[13.326820374000022,10.814399718999994],[13.330949782999994,10.81540966],[13.334794043999977,10.815339087999973],[13.334808350000003,10.818455696000001],[13.334827422999979,10.822620391999976],[13.334856032999994,10.828753471000027],[13.335112572000014,10.83353805500002],[13.335284232999982,10.836737632999984],[13.335600853000017,10.84168529499999],[13.33637619000001,10.84707546200002],[13.336160660000019,10.850271224999972],[13.336210251000011,10.85277557400002],[13.33624744399998,10.857552527999985],[13.336301804000016,10.859646796999982],[13.336180687000024,10.864831923999986],[13.336198807000017,10.868795395000006],[13.336047172999997,10.874662398999988],[13.335932732000003,10.879064560000018],[13.33571529400001,10.881416321000017],[13.334700584000018,10.885858536],[13.334440230999974,10.890000342999997],[13.335309982000012,10.895810127000004],[13.335390091000022,10.899450301999991],[13.335635185000001,10.903167725000003],[13.335940360999984,10.907810211000026],[13.336173057999986,10.91114425699999],[13.336411476000023,10.914562224999997],[13.336970328999996,10.920900345000007],[13.339447021000012,10.924373627000023],[13.340912818999982,10.926430702000005],[13.337209701999996,10.931819915999995],[13.336179732999994,10.935850142999982],[13.335539817999972,10.94095993000002],[13.333789824999997,10.94645976999999],[13.33164978000002,10.950869560000001],[13.328789711000013,10.956749915999978],[13.326640128999998,10.961170197000001],[13.324500084000022,10.965579987000012],[13.322750091999978,10.971079825999993],[13.319890021999981,10.976960182000028],[13.317350388000023,10.980279922000022],[13.316309928999999,10.984310149999999],[13.313770293999994,10.987640381000006],[13.312740325999982,10.991660118000027],[13.313929557999984,10.994919777000007],[13.320039748999989,11.001350403000004],[13.323459624999998,11.003840446000027],[13.326560019999988,11.008870124999987],[13.328539847999991,11.014300346000027],[13.330519675999994,11.019720077999978],[13.337189674000001,11.034520149000002],[13.34107971200001,11.041729927000006],[13.342670440999996,11.04607009900002],[13.344659804999992,11.05148982999998],[13.348150252999972,11.057609558000024],[13.353549956999984,11.065520287000027],[13.355930328,11.072030067000014],[13.35719966900001,11.078920363999998],[13.35766983000002,11.083640098999979],[13.357910156000003,11.094559668999977],[13.356960297,11.102230071999998],[13.354410171999973,11.105560303000004],[13.351869582999996,11.108880043],[13.350919723999993,11.11655044600002],[13.350680350999994,11.122750282000027],[13.349650382999982,11.12677001999998],[13.34972000099998,11.130410193999978],[13.349880219,11.13768958999998],[13.35114955900002,11.144590377999975],[13.350520134000021,11.149700165000013],[13.349880219,11.154809951999994],[13.350359916999992,11.159529685999985],[13.35011959100001,11.165730476000022],[13.35019016299998,11.169369698000025],[13.349160193999978,11.173399925000012],[13.34972000099998,11.18175983399999],[13.348679543000003,11.185790062000024],[13.348050117000014,11.190899849000004],[13.347089767,11.198559761000013],[13.344949722000024,11.202980041999979],[13.343910216999973,11.206999779],[13.344790459000023,11.212809563000008],[13.344149589999972,11.217920303000028],[13.341290474000004,11.223810195999988],[13.337800026000025,11.234800339000003],[13.336759567000001,11.238829613000007],[13.336839676000011,11.242469787999994],[13.336600304000001,11.248660088000008],[13.334850311000025,11.25415992699999],[13.333900452000023,11.261819838999998],[13.331760406,11.26624012000002],[13.331830024999988,11.269880295000007],[13.331669807000026,11.27970981599998],[13.332859993,11.282970427999999],[13.328809738000018,11.285590172000013],[13.319919586000026,11.28868007699998],[13.316579819000026,11.289839744999995],[13.310310363999974,11.293239594],[13.306260108999993,11.29586982699999],[13.301409721000027,11.296330452000007],[13.298080443999993,11.29749012000002],[13.293629646,11.299030303999984],[13.290300369000022,11.300189971999998],[13.285849571000028,11.30173015600002],[13.282509803999972,11.302889823999976],[13.27845954899999,11.305520058000013],[13.273300171000017,11.308540343999994],[13.267419814999982,11.313019752999992],[13.260749816999976,11.315340042000003],[13.254790306000018,11.316180228999997],[13.249230384999976,11.318110466000007],[13.245900154000026,11.319270134000021],[13.238510131999988,11.323060036000015],[13.234459877000006,11.325690269000006],[13.229700089000005,11.32979011499998],[13.222310065999977,11.333569527000009],[13.219369888000017,11.335820198000022],[13.214209557000004,11.33882999399998],[13.210949898000024,11.34362983699998],[13.208809852999991,11.348039626999991],[13.20475959800001,11.350669860999972],[13.198880196000005,11.355159759999992],[13.195940017999988,11.357399939999993],[13.189029693999998,11.365909575999979],[13.185770035000019,11.370710373000009],[13.180290221999996,11.376279830999977],[13.177749634000008,11.379610061999983],[13.17481041000002,11.381850242999974],[13.172269820999986,11.385180472999991],[13.16679000900001,11.390749931000016],[13.163849830999993,11.392990112000007],[13.160590172000013,11.397789955000007],[13.15845012699998,11.402199745000019],[13.155909538000003,11.405529976000025],[13.151860236999994,11.408160210000005],[13.143440247000001,11.415969849000021],[13.137559891000024,11.420459746999995],[13.130570411999997,11.425330162000023],[13.123180389000026,11.429109573000005],[13.116909980999992,11.432519913000021],[13.113969802999975,11.434760094000012],[13.110639572000025,11.435919762000026],[13.105790137999975,11.436380385999996],[13.099840164,11.437219620000008],[13.091970444000026,11.436280251000028],[13.088239670000007,11.436360358999991],[13.083399772999996,11.436820029999978],[13.078149795999991,11.436189651000007],[13.072520256000018,11.434479712999973],[13.069499968999992,11.433079720000023],[13.063460350000014,11.430290221999996],[13.059650421000015,11.426719665999997],[13.056949615000008,11.422769546999973],[13.052740097000026,11.41812038400002],[13.052980423000008,11.411919593999983],[13.053139686999998,11.40209007300001],[13.051560402000007,11.397749900999997],[13.050680161000002,11.39194011699999],[13.048700333,11.386509895000017],[13.042030334000003,11.371720314000015],[13.039329528999986,11.367759705000026],[13.036230086999979,11.362730026000008],[13.033539771999983,11.358770370000002],[13.02892971,11.353039742000021],[13.027739525000015,11.349780082999985],[13.025750159999973,11.344360352000024],[13.023369789000014,11.337849617000018],[13.022179603999973,11.334600448999993],[13.017180442999972,11.327779770000006],[13.011460304000025,11.322429656999986],[13.005829811000012,11.32071971900001],[13.002809524999975,11.319319725000014],[12.996379852000018,11.315440178000017],[12.989549636999982,11.310469626999975],[12.983510017000015,11.307680129999994],[12.978269576999992,11.307060241999977],[12.974140166999973,11.306039810000016],[12.971119880999993,11.304650306999974],[12.968110084999978,11.303250312999978],[12.965800285,11.300379753000016],[12.964610100000016,11.297129631000018],[12.96158981299999,11.295729637000022],[12.956270217999986,11.291460036999979],[12.95094966900001,11.287199973999975],[12.943810462999977,11.284790038999972],[12.938170432999982,11.283080100999996],[12.92609977699999,11.277489661999994],[12.923800468000024,11.274620056000003],[12.918560028000002,11.274000167999986],[12.914429665,11.27299022699998],[12.90695953400001,11.273130417000004],[12.899100304000001,11.272190093999995],[12.896080016999974,11.270799636999982],[12.889249801999995,11.265830040000026],[12.885840416000008,11.263349532999996],[12.882419586000026,11.260869979999995],[12.879719733999991,11.256919860999972],[12.871390342999973,11.251250266999989],[12.869079590000013,11.248390197999981],[12.865269661000013,11.244819640999992],[12.86297035199999,11.241950035000002],[12.859080315000028,11.234749793999981],[12.852649688999975,11.230870246999984],[12.848839759999976,11.227299689999995],[12.844949722000024,11.220089911999992],[12.845580100999996,11.214980125000011],[12.84319972999998,11.208470345000023],[12.841609955000024,11.20413017300001],[12.83891010299999,11.200180053999986],[12.835499762999973,11.197699547000013],[12.832480431000022,11.196299553000017],[12.828350066999974,11.19528961200001],[12.82231998399999,11.192500113999984],[12.815250397,11.193730354000024],[12.809370041000022,11.198209763000023],[12.80834007300001,11.20223999000001],[12.805480003000014,11.208120345999987],[12.802619934000006,11.214010239000004],[12.802700043000016,11.21765041399999],[12.80016040800001,11.220970153999986],[12.796099663000007,11.223600388000023],[12.792050361999998,11.226229667999974],[12.778309821999983,11.229780197000025],[12.773870467999984,11.231320380999989],[12.769820213000003,11.233949660999997],[12.763540267999986,11.237350463999974],[12.760600090000025,11.239589690999992],[12.757269859000019,11.240750312999978],[12.754329681000002,11.243000031000008],[12.749560356000018,11.247099875999993],[12.746230125000011,11.248250008000014],[12.740349770000023,11.252739905999988],[12.736300468000024,11.255370140000025],[12.732959746999995,11.256529807999982],[12.725259780999977,11.262869835000004],[12.722319603000017,11.265110015999994],[12.717160224999986,11.268130301999975],[12.710880280000026,11.271530150999979],[12.70715045899999,11.271599770000023],[12.705329894999977,11.27346038799999]]]},"properties":{"fid":128,"cty_nm":"Nigeria","iso3cd":"NGA","adm1nm":"Borno","adm2nm":"Damboa","adm1cd":"NGA008","adm2cd":"NGA008007"}},{"type":"Feature","id":129,"geometry":{"type":"Polygon","coordinates":[[[14.320910454,12.039799689999995],[14.316780090000009,12.040379524000002],[14.312649727000007,12.039369582999996],[14.308520316999989,12.038359641999989],[14.304080009000018,12.039910315999975],[14.293669700999999,12.042289734000008],[14.289219855999988,12.043840407999994],[14.282159804999992,12.045069694999995],[14.276909827999987,12.044449805999989],[14.271670341000004,12.043820380999989],[14.266039847999991,12.042110443000013],[14.261190413999998,12.042570114],[14.258170128000017,12.041170120000004],[14.252140044999976,12.038379668999994],[14.246500014999981,12.036669731000018],[14.240460396000003,12.033869743000025],[14.237449646000016,12.032480239999984],[14.232210158999976,12.031849861000012],[14.224340439000002,12.030909538000003],[14.220210075000011,12.029899596999996],[14.21568965900002,12.027810096999985],[14.211560249000001,12.026789665000024],[14.207429886,12.025779724000017],[14.202190399000017,12.025159836],[14.198060036000015,12.024149894999994],[14.191630363000002,12.020270347999997],[14.18780994399998,12.016699791000008],[14.184800148000022,12.015299797000011],[14.182490348999977,12.012430191000021],[14.179800033999982,12.008480071999998],[14.176380156999983,12.005999565000025],[14.172570228999973,12.002429962000008],[14.170269965999978,11.999569893],[14.16796016699999,11.99670028700001],[14.166769981000016,11.993439674000001],[14.165189742999985,11.989100456000017],[14.155420303000028,11.986379623000005],[14.151289940000026,11.985369681999998],[14.147159575999979,11.984359740999992],[14.143429755999989,11.984430313000018],[14.135959624999998,11.984580040000026],[14.132229805000009,11.984649658000023],[14.122619628999985,11.989210129000014],[14.117460251000011,11.992230414999995],[14.113409995999973,11.994859695000002],[14.109749793999981,11.998570442000016],[14.106809616000021,12.000809668999977],[14.103870391999976,12.00306034099998],[14.100219727000024,12.006770134000021],[14.096249580000006,12.013039589000016],[14.091560363999974,12.020779609999977],[14.089420318999998,12.025190353000028],[14.08726978300001,12.029600142999982],[14.086239814999999,12.033630371000015],[14.080519675999994,12.045390128999998],[14.077980041999979,12.048720360000004],[14.074399948000007,12.056079865000015],[14.070110321000016,12.06490039800002],[14.067250252000008,12.070779800000025],[14.065110206999975,12.07518958999998],[14.062640190000025,12.082159995999973],[14.060500144999992,12.086569785999984],[14.058360100000016,12.090990067000007],[14.056209564000028,12.095399857000018],[14.054070473000024,12.099809646999972],[14.050809860000015,12.104610443000013],[14.048660278,12.109020233000024],[14.046119690000012,12.112350463999974],[14.038809775999994,12.119779586999982],[14.035160065000014,12.123490333999996],[14.02927970899998,12.127969742000005],[14.026740073999974,12.131299973000012],[14.019829749999985,12.139809608000007],[14.016889572000025,12.14206028000001],[14.011810303000004,12.148710251000011],[14.005929947000027,12.153200149999975],[13.99822998000002,12.159540176000007],[13.994569778000027,12.163249968999992],[13.988699913000005,12.167739868000012],[13.984009743000001,12.158359528000005],[13.982029914999998,12.152939795999998],[13.980839729000024,12.149680138000008],[13.97813987699999,12.145730018999984],[13.974639893000017,12.139610290999997],[13.971549987999992,12.134570122000014],[13.967260361000001,12.126279830999977],[13.965669632000015,12.12193965900002],[13.964480400000014,12.118689537000023],[13.963290214999972,12.115429877999986],[13.960590362999994,12.11147975900002],[13.953519820999986,12.112709999000003],[13.949080466999987,12.114259720000007],[13.945340156999976,12.114330291999977],[13.941610335999997,12.114399909999975],[13.937159538000003,12.115949630999978],[13.931599617000018,12.117879867999989],[13.928270339999983,12.119039536000002],[13.922710418999998,12.120969772000024],[13.916430472999991,12.124369621000028],[13.909370421999995,12.125599861000012],[13.902620316000025,12.124270438999986],[13.898489951999977,12.123259544000007],[13.89346981,12.114769936000016],[13.89190006299998,12.112099648000026],[13.888090133999981,12.108539581000002],[13.886899948000007,12.105279922000022],[13.881099700999982,12.096289635000005],[13.875060081000015,12.093500136999978],[13.871649741999988,12.091019630000005],[13.869350433000022,12.088150024000015],[13.865929603999973,12.085670471000014],[13.862520217999986,12.083180427999991],[13.859100341999977,12.080699921000019],[13.853859901000021,12.080080032000012],[13.850839614999984,12.078680038000016],[13.836790085000018,12.067669867999996],[13.835599898999988,12.064410210000005],[13.835439682000015,12.057129859999975],[13.835359573000005,12.053489684999988],[13.836709976000009,12.046910286000013],[13.836629867999989,12.043270111000027],[13.83615970599999,12.038550376999979],[13.836400031999972,12.03234958600001],[13.836560249000001,12.022509575000015],[13.83561039,12.013070106999976],[13.834019661000013,12.00872993500002],[13.833939552000004,12.005089759999976],[13.835289955000007,11.99849986999999],[13.837439537000023,11.994090079999978],[13.839179993000016,11.98859977699999],[13.840220450999993,11.984569550000003],[13.843319893,11.972490311000001],[13.845459937999976,11.968079567000018],[13.845379829000024,11.964440346000004],[13.84642028799999,11.960410118000027],[13.845939636000026,11.955690383999979],[13.84657955199998,11.950579643000026],[13.844590186999994,11.945150375000026],[13.84340000200001,11.941900252999972],[13.840229987999976,11.933219909999991],[13.839750289999984,11.92850017500001],[13.841420174000007,11.919360160999986],[13.840550423000025,11.913550376999979],[13.840069771000003,11.908829689000015],[13.838800429999992,11.901929854999992],[13.835229873999992,11.892169952000017],[13.83475017500001,11.887439728000004],[13.833479881000017,11.880550384999992],[13.832289695999975,11.877300262000006],[13.832209587000023,11.873660088000008],[13.828720093000015,11.867529869000009],[13.828249931000016,11.862810135000018],[13.826580047999983,11.854829788000018],[13.825389862000009,11.85157966600002],[13.825309752999999,11.847940445000006],[13.822529793000001,11.840339660999973],[13.822449683999992,11.836700439000026],[13.821180344000027,11.829810142999975],[13.818799973000012,11.823300361999998],[13.817210197000009,11.818960189999984],[13.814829825999993,11.812450409000007],[13.813639641000009,11.80920028700001],[13.810469626999975,11.800519942999983],[13.810390471999995,11.796879767999997],[13.798480034000022,11.781459808000022],[13.792840004000027,11.77974986999999],[13.783470153999986,11.77810955000001],[13.779339789999995,11.777099609000004],[13.773300171000017,11.774310112000023],[13.772109984999986,11.771050452999987],[13.767589568999995,11.768959999000003],[13.762269973999992,11.764690399000017],[13.759249687000022,11.76329040500002],[13.763299942000003,11.760660171999973],[13.767350196999985,11.758029937999993],[13.770689963999985,11.756879807000018],[13.775850295999987,11.753860474000021],[13.778790474000004,11.751620292999974],[13.782839775000014,11.748990058999993],[13.785779952999974,11.746749878000003],[13.790539742000021,11.742650031999972],[13.793479918999992,11.740409850999981],[13.798640250999995,11.737389565],[13.801580429000012,11.735150336999993],[13.804920197000001,11.733989715999996],[13.811189651000007,11.730589866999992],[13.814530373000025,11.729430198999978],[13.818260193000015,11.729359627000008],[13.823820114,11.727430344000027],[13.82715988199999,11.726269721999984],[13.831999779,11.725810050999996],[13.836839676000011,11.725350380000009],[13.840579987000012,11.725279807999982],[13.849149704000013,11.724740027999985],[13.854000091999978,11.724280356999998],[13.85813045499998,11.725299834999987],[13.867500305000021,11.726929665],[13.871629714999983,11.727939606000007],[13.875760077999985,11.728949547000013],[13.882109641999989,11.729189872999996],[13.885840416000008,11.729120254999998],[13.892200469999977,11.729359627000008],[13.895529747000012,11.728199958999994],[13.899979590999976,11.726659774999973],[13.908160210000005,11.725040435999972],[13.916339874000016,11.723420142999998],[13.923089980999976,11.724749565000025],[13.928730011000027,11.726460456999973],[13.934760094000012,11.72924995400001],[13.940320014999998,11.727319717],[13.944769859000019,11.72577953299998],[13.947710036999979,11.723529815999996],[13.951040267999986,11.722379683999975],[13.95691966999999,11.717889786],[13.96026039100002,11.716730117999987],[13.964309691999972,11.714099884000007],[13.969470023999975,11.711090087999992],[13.973919867999996,11.709540366999988],[13.978759765999996,11.709079741999972],[13.982099532999996,11.707929610999997],[13.98655033099999,11.706379889999994],[13.990989684999988,11.704839705999973],[13.99472999599999,11.704770087999975],[14.000679970000022,11.703920363999998],[14.004019737000021,11.702759743000001],[14.008859633999975,11.702300072000014],[14.014499664000027,11.70401000999999],[14.02276039100002,11.706029892000004],[14.025779724000017,11.707429886],[14.035940170000003,11.711239814999999],[14.044599532999996,11.714340209999989],[14.050310135000018,11.719699859999992],[14.051509856999985,11.722949981999989],[14.052379608000024,11.728759765999996],[14.051110268000002,11.738980292999997],[14.051980018999984,11.744790077000005],[14.054679871000019,11.748740196000028],[14.056980133000025,11.751609802000019],[14.061189651000007,11.756259918000012],[14.065790176000007,11.762000084000022],[14.066980361999981,11.765250206000019],[14.069680214000016,11.769209862000025],[14.071990013000004,11.772069930999976],[14.074290276,11.774939537000023],[14.079609871000002,11.779210090999982],[14.084210396000003,11.78493976599998],[14.089139938000017,11.788120269999979],[14.093350410000028,11.792779922000022],[14.097160339000027,11.79633998899999],[14.100170134999985,11.797739982999985],[14.105099677999988,11.800919533000013],[14.108119965000014,11.802319527000009],[14.112640381000006,11.804409980999992],[14.116370200999995,11.804340362999994],[14.122730255000022,11.804579735000004],[14.127969742000005,11.805199623000021],[14.135430336000013,11.805060387000026],[14.141389847000028,11.80420970900002],[14.146229743999982,11.803750037999976],[14.152190207999979,11.802909850999981],[14.155920029000015,11.802829741999972],[14.16156005900001,11.804539680000005],[14.167599677999988,11.807339667999997],[14.171730041999979,11.808349609000004],[14.17586040499998,11.80935955000001],[14.178870200999995,11.810759544000007],[14.182999611000014,11.811770438999986],[14.188639641000009,11.813480377000019],[14.195389748000025,11.814800262000006],[14.198410034000005,11.816200256000002],[14.202540397999996,11.817210197000009],[14.205559730999994,11.818610191000005],[14.209690093999995,11.819620132000011],[14.21269989000001,11.821020126000008],[14.217229842999984,11.823109627000008],[14.222470283999996,11.82374000499999],[14.230730057000017,11.825759887999993],[14.236370087000012,11.827469826000026],[14.242010117000007,11.829179764000003],[14.24693012199998,11.832360268000002],[14.25527000400001,11.838020325000002],[14.265749931000016,11.839280127999984],[14.272500037999976,11.840600014000017],[14.275520325000002,11.842000008000014],[14.279250144999992,11.841919899000004],[14.28337955500001,11.84292984000001],[14.287509918000012,11.843950271999972],[14.29458046000002,11.842709540999977],[14.301719665999997,11.845120430000009],[14.305930138000008,11.849769591999973],[14.306409836,11.854499816999976],[14.307279586999982,11.860309600999983],[14.307760239000004,11.865030289000003],[14.308230400000014,11.869759559999977],[14.308790207000015,11.878120421999995],[14.309659957999997,11.883930206000002],[14.310930251999991,11.890830040000026],[14.31140041399999,11.895549774000017],[14.313469886999997,11.904609680000021],[14.314339637999979,11.910420418000001],[14.314100266000025,11.916620254999998],[14.313469886999997,11.921730041999979],[14.313619614000004,11.92901039100002],[14.312589645000003,11.933039665000024],[14.313070297000024,11.937760352999987],[14.312430382000002,11.942870140000025],[14.314100266000025,11.950849532999996],[14.314649582000015,11.959219932999986],[14.314809798999988,11.966500282000027],[14.315679550000027,11.972310065999977],[14.31575965899998,11.975950241000021],[14.316240311000001,11.980669975000012],[14.317110061999983,11.98647975900002],[14.318059920999985,11.995929718000014],[14.318929672000024,12.001740455999993],[14.319089889999987,12.009019851999994],[14.317740440000023,12.015600204000009],[14.318770409000024,12.02869033799999],[14.320440292,12.036669731000018],[14.320910454,12.039799689999995]]]},"properties":{"fid":129,"cty_nm":"Nigeria","iso3cd":"NGA","adm1nm":"Borno","adm2nm":"Dikwa","adm1cd":"NGA008","adm2cd":"NGA008008"}},{"type":"Feature","id":131,"geometry":{"type":"Polygon","coordinates":[[[13.570099830999993,12.667590141000005],[13.561559676999991,12.674969673000021],[13.557200432000002,12.681509972000015],[13.550649642999986,12.69242000600002],[13.544110298000021,12.707690238999987],[13.541930198999978,12.720769882000013],[13.539750099000003,12.727319717],[13.537570000000017,12.738220215000013],[13.531020163999983,12.746950149999975],[13.526659966000011,12.755669593999983],[13.522299766999993,12.762220382999999],[13.517939567999974,12.770939827000007],[13.515749931000016,12.777480125000011],[13.513569831999973,12.784029960999987],[13.511389731999998,12.79493045800001],[13.50702953299998,12.803660392999973],[13.50267028799999,12.821109772],[13.498299599000006,12.82983016999998],[13.491760253999985,12.840740203999985],[13.487400055000023,12.849459647999993],[13.483039856000005,12.853830338000023],[13.474309920999985,12.862549781999974],[13.467769622999981,12.87127018000001],[13.463410377999992,12.875639915000022],[13.461219787999994,12.880000113999984],[13.454680442999972,12.884360313000002],[13.450320244000011,12.88871955899998],[13.448140143999979,12.890910148999978],[13.439410210000005,12.897450446999983],[13.421959877000006,12.903989792000004],[13.411060333000023,12.90616989099999],[13.402330398999993,12.912719727000024],[13.397970199999975,12.91489982600001],[13.39142990099998,12.919260025000028],[13.389249801999995,12.919260025000028],[13.384880065999994,12.92362022399999],[13.378339767,12.930170058999977],[13.373979567999982,12.93235015900001],[13.371800423000025,12.93235015900001],[13.365249634000008,12.941069603000017],[13.358710288999987,12.945440292],[13.354350090000025,12.956339835999984],[13.345620155000006,12.965069771000003],[13.341259955999988,12.978150368000001],[13.34344005600002,12.989060402000007],[13.339079857000002,12.99123954800001],[13.339079857000002,12.997779846000014],[13.341259955999988,13.006509780999977],[13.339079857000002,13.017410278],[13.341259955999988,13.028320312999995],[13.34344005600002,13.041410445999986],[13.34344005600002,13.047949791000008],[13.339079857000002,13.056670188999988],[13.339079857000002,13.069760323000025],[13.339079857000002,13.071940422000011],[13.339079857000002,13.076299667],[13.339079857000002,13.087209701999996],[13.339079857000002,13.09375],[13.339079857000002,13.10247993500002],[13.339079857000002,13.113389969000025],[13.341259955999988,13.119930266999972],[13.34344005600002,13.139559745999975],[13.345620155000006,13.159190178000017],[13.345620155000006,13.172280311999998],[13.345620155000006,13.183179854999992],[13.34344005600002,13.189729691000025],[13.34344005600002,13.200630187999991],[13.336899757000026,13.200630187999991],[13.330349921999982,13.202810286999977],[13.321439742999985,13.203800200999979],[13.320890426999995,13.195440292],[13.319700241000021,13.192179679999981],[13.318820000000017,13.186369895999974],[13.316840172000013,13.180950165000013],[13.31556987800002,13.174059867999972],[13.311280251000028,13.16576004000001],[13.306679726000027,13.160030365000011],[13.303979873999992,13.156080245999988],[13.297860146000005,13.149640083000008],[13.293660164000016,13.144989967000015],[13.284520149000002,13.137160300999994],[13.282219886999997,13.134289742000021],[13.279919624000001,13.131420134999985],[13.275309563000008,13.125679970000022],[13.27190017700002,13.123200417000021],[13.268799781999974,13.11816978500002],[13.264280319000022,13.116069793999998],[13.248319626000011,13.103269576999992],[13.235369681999998,13.091879844999994],[13.227430344000027,13.087300301000028],[13.22402000400001,13.084819793999998],[13.21949005099998,13.082719802999975],[13.215359687999978,13.081709862000025],[13.209719657999983,13.079999923999992],[13.199959755000009,13.077280045000009],[13.190270424000005,13.078200340000024],[13.180179596000016,13.078029633000028],[13.16516971599998,13.074680328],[13.155480384999976,13.075599669999974],[13.149530411,13.07645034799998],[13.143969535999986,13.078379631000018],[13.136500359000024,13.078519820999986],[13.131660461000024,13.078980446000003],[13.125699997000027,13.07983016999998],[13.120140075999984,13.081760406],[13.116009711999993,13.080750464999994],[13.111169814999982,13.081210135999982],[13.106719971000018,13.082750320000002],[13.098540306000018,13.084369659000004],[13.088529586999982,13.087840079999978],[13.083689690000028,13.088299751000022],[13.075909615,13.091010094000012],[13.065500258999975,13.093390465000027],[13.05994033799999,13.095319748000009],[13.049139976999982,13.096630096000013],[13.038740157999996,13.09902000400001],[13.031669616999977,13.100250243999994],[13.024600028999998,13.101479530000006],[13.014200211000002,13.103870391999976],[13.00934982299998,13.10433006300002],[13.00117015799998,13.105950355999994],[12.99744033799999,13.106019973999992],[12.982589722,13.109959602000004],[12.975520134000021,13.111189841999987],[12.967340469000021,13.112799644000006],[12.961389542000006,13.113650322000012],[12.95503044100002,13.113409995999973],[12.946769714000027,13.111390114000017],[12.933270454000024,13.108739852999975],[12.924220085000002,13.104550361999998],[12.918580055000007,13.102840424000021],[12.909529685999985,13.098649979000015],[12.899680138000008,13.092289924999989],[12.892140387999973,13.088789940000026],[12.885709763000023,13.084910392999973],[12.877369880999993,13.079250335999973],[12.866330146999985,13.069629668999994],[12.86061000799998,13.064279555999974],[12.854499816999976,13.057849884000007],[12.850609779000024,13.050640106000003],[12.852760315000012,13.046230315999992],[12.855219841000007,13.039259910999988],[12.856249809000019,13.035240172999977],[12.85982990299999,13.027879714999983],[12.863080024999988,13.023079871999983],[12.869119644000023,13.00876045199999],[12.871979712999973,13.002880096000013],[12.881119727999987,12.99359989200002],[12.889530181999987,12.985779761999993],[12.897239684999988,12.979439735000028],[12.901610373999972,12.974260329999993],[12.906609534999973,12.963959693999982],[12.910579681000002,12.957690238999987],[12.913370132000011,12.948169708000023],[12.915109633999975,12.942669867999996],[12.918609618999994,12.931679726000027],[12.921389579999982,12.922160148999978],[12.923139572000025,12.916660309000008],[12.925600051999993,12.909689903000015],[12.928059577999989,12.902729987999976],[12.929420471000014,12.896140098999979],[12.929260253999985,12.888859749000005],[12.930210113999976,12.881199836999997],[12.929659843000024,12.87283039099998],[12.928469657999983,12.869580268999982],[12.927200316999972,12.862680435000016],[12.924099921999982,12.857649803000015],[12.922909736999998,12.854390143999979],[12.92020988500002,12.850440025000012],[12.918230057000017,12.845020293999994],[12.915840149000019,12.838509559999977],[12.91639995600002,12.82975959800001],[12.918869971999982,12.822790145999988],[12.920220374999985,12.816209792999985],[12.92276000999999,12.812879561999978],[12.927519797999992,12.808779716000004],[12.933079720000023,12.806850433000022],[12.940150260999985,12.805620192999982],[12.946109772,12.804770469999994],[12.951350212000023,12.805399894999994],[12.958100318999982,12.80671977999998],[12.962940215999993,12.806260108999993],[12.966679573000022,12.806189537000023],[12.970410346999984,12.806119919000025],[12.974860191000005,12.804570198000022],[12.98081016499998,12.803730011000027],[12.986370087000012,12.801799774000017],[12.991220473999988,12.801340102999973],[12.996319771000003,12.800660133000008],[12.999159813000006,12.805919646999996],[13.001460075000011,12.808779716000004],[13.003049850000025,12.813119888000017],[13.006540298000004,12.819239616000004],[13.008130074000007,12.823579788000018],[13.010109901000021,12.82901000999999],[13.012410164000016,12.831870078999998],[13.014399529000002,12.837300301000028],[13.016699791000008,12.840169907000018],[13.019000053000013,12.843029976000025],[13.023209571999985,12.847689629000001],[13.025910377999992,12.851639748000025],[13.030839920000005,12.854820250999978],[13.039489746000015,12.857930183000008],[13.042510032999985,12.859319686999982],[13.049260139000012,12.86065006299998],[13.053790091999986,12.862739562999991],[13.060540199000002,12.86406993899999],[13.064660071999981,12.865079879999996],[13.074749946999987,12.865240097000026],[13.080710410999984,12.864399909999975],[13.08777999900002,12.86316966999999],[13.095159530999979,12.859379767999997],[13.099610328999972,12.857839583999976],[13.104769707000003,12.854820250999978],[13.110329627999988,12.852890015000014],[13.113269806000005,12.850649834000023],[13.11882972699999,12.848719597000013],[13.125499724999997,12.846400260999985],[13.129949570000008,12.844860077000021],[13.135510445000023,12.84292984000001],[13.140669822999996,12.839909553999973],[13.144639969000025,12.833640098999979],[13.146789550999983,12.829230309000025],[13.147820473000024,12.825209617999974],[13.14885044099998,12.821180344000027],[13.148770332000026,12.817540168999983],[13.149009705000026,12.811340331999986],[13.148929596000016,12.807700157],[13.147740364000015,12.804450035000002],[13.14465045899999,12.799409866000019],[13.143059730999994,12.795069694999995],[13.142580032000012,12.790349960000015],[13.14505004900002,12.78337955500001],[13.151240348999977,12.77633953100002],[13.15680027000002,12.774410247999981],[13.166009902999974,12.768770217999986],[13.170860290999997,12.768309593000026],[13.175700188000008,12.767849921999982],[13.181659697999976,12.767000198000005],[13.186499595999976,12.766539573999978],[13.189439773999993,12.764300346000027],[13.193490027999985,12.76167011299998],[13.196430206000002,12.759429931999989],[13.197460175000003,12.755399704000013],[13.197699547000013,12.749210358000028],[13.199850082000012,12.744790077000005],[13.201199531999976,12.738209724],[13.202949524000019,12.732720374999985],[13.204700469999977,12.727219581999975],[13.20573043799999,12.723190308000028],[13.20596981,12.717000008000014],[13.207719802999975,12.711500167999986],[13.207240104999983,12.706780433999995],[13.207480431000022,12.700579643000026],[13.208829879999996,12.694000243999994],[13.209859848000008,12.689970016000018],[13.212010383999996,12.685560226000007],[13.214150428999972,12.681150435999996],[13.218919754000012,12.677049636999982],[13.223290442999996,12.671859740999992],[13.229880332999983,12.665909767000016],[13.234250068999984,12.660719872000016],[13.23789978000002,12.657010077999985],[13.243700026999988,12.648889542000006],[13.246959686000025,12.644089699000006],[13.250610352000024,12.640370368999982],[13.259830475000001,12.634730338999987],[13.264989852999975,12.631710052000017],[13.268320083999981,12.630559920999985],[13.274600028999998,12.627160071999981],[13.281270027000005,12.624839783000027],[13.288020134000021,12.626159668000014],[13.292149543999983,12.627180098999986],[13.300009726999974,12.628109931999973],[13.304140091000022,12.62911987299998],[13.307869911000012,12.629050254999981],[13.313110352000024,12.629679679999981],[13.319470405999994,12.62992000600002],[13.324310303000004,12.629460334999976],[13.330269814000019,12.628609657000027],[13.336219787999994,12.627759932999993],[13.34138965599999,12.624750136999978],[13.345829964000018,12.623209953000014],[13.348380088999988,12.619879722999997],[13.35313987699999,12.615779877000023],[13.356080055000007,12.613539695999975],[13.358619690000012,12.610210418999998],[13.361960410999984,12.609049797000011],[13.366009711999993,12.606419562999974],[13.370059966999975,12.603790283000023],[13.374509810999996,12.602250099000003],[13.380379677000008,12.597760201000028],[13.383319855000025,12.59552001999998],[13.386659622000025,12.594360352000024],[13.389989852999975,12.59319972999998],[13.394040108000013,12.590579987000012],[13.396980285999973,12.588330268999982],[13.400959968999985,12.582059860000015],[13.403820037999992,12.57618045800001],[13.408260344999974,12.57464027399999],[13.411999702000003,12.57456016499998],[13.415730476000022,12.574489594],[13.423589705999973,12.575429916000019],[13.429940224000006,12.575670242000001],[13.434069632999979,12.576680183000008],[13.443050384999992,12.577230453000027],[13.449399948000007,12.577469826000026],[13.452420234999977,12.578869820000023],[13.457659721000027,12.579489707999983],[13.462900161999983,12.580120087000012],[13.467029572000001,12.581130028000018],[13.472270012000024,12.581749915999978],[13.47751045199999,12.582380295000007],[13.480529784999987,12.583780289000003],[13.484660148999978,12.58479023000001],[13.48958015400001,12.58796977999998],[13.494899750000002,12.592229842999984],[13.499830245999988,12.595410346999984],[13.502840042000003,12.59681034099998],[13.508480071999998,12.598520279000013],[13.513400078000018,12.601699828999983],[13.520110129999978,12.604269981000016],[13.523969650000026,12.606590271000016],[13.530799865999995,12.611559867999972],[13.534609794999994,12.615119934000006],[13.539529800000025,12.618300438000006],[13.542940139999985,12.620789527999989],[13.54563999200002,12.624739647000013],[13.547949791000008,12.627610206999975],[13.549139976999982,12.630860328999972],[13.559140205000006,12.644499779],[13.561840056999984,12.64846038799999],[13.565259932999993,12.65093994099999],[13.566450119000024,12.654190062999987],[13.568110466000007,12.662170409999987],[13.570099830999993,12.667590141000005]]]},"properties":{"fid":131,"cty_nm":"Nigeria","iso3cd":"NGA","adm1nm":"Borno","adm2nm":"Guzamala","adm1cd":"NGA008","adm2cd":"NGA008010"}},{"type":"Feature","id":132,"geometry":{"type":"Polygon","coordinates":[[[12.612779617000001,10.448619843000017],[12.61285972600001,10.452260017000015],[12.609999657000003,10.458140372999992],[12.606820106999976,10.46658039099998],[12.604280472000028,10.469909668000014],[12.603240013000004,10.47393989599999],[12.601099968000028,10.478349686000001],[12.594189643999982,10.486860275000026],[12.590220450999993,10.493129730000021],[12.588069915999995,10.497540474000004],[12.584420204000025,10.501250266999989],[12.582269669000027,10.505669593999983],[12.579810142999975,10.512630462999994],[12.574009895000017,10.520759582999972],[12.57114982600001,10.526639938000017],[12.567890166999973,10.531439781000017],[12.565750121999997,10.535849571000028],[12.56297016100001,10.545370101999993],[12.561220169000023,10.55086994200002],[12.556300163000003,10.564809798999988],[12.554149628000005,10.569219589],[12.546919822999996,10.580289841000024],[12.543660164000016,10.585080146999985],[12.54001045199999,10.588800429999992],[12.535960197000009,10.59142971],[12.52888965599999,10.592659949999984],[12.52143001600001,10.592800140000008],[12.506580353000004,10.59673976900001],[12.502530098000022,10.59937000299999],[12.499589920000005,10.60161018399998],[12.495539665000024,10.604240417000028],[12.491089821000003,10.60577964800001],[12.484809874999996,10.609180449999997],[12.480759621000004,10.611809730999994],[12.47751045199999,10.616609573000005],[12.472029685999985,10.622179985000002],[12.462809563000008,10.627820014999998],[12.456859588999976,10.628669738999974],[12.450499535000006,10.628430367000021],[12.44303989399998,10.628580092999982],[12.437080383000023,10.629420279999977],[12.42708015400001,10.63290023799999],[12.424139976999982,10.635140418999981],[12.420089722,10.637769698999989],[12.411979674999998,10.643030167000006],[12.407219886999997,10.64713001299998],[12.403169632000015,10.649760246000028],[12.400230408000027,10.652000427000019],[12.395070076000025,10.655010222999977],[12.392780303999984,10.656609534999973],[12.391329765000023,10.655090331999986],[12.382280349999974,10.650890349999997],[12.378870010000014,10.648409843000024],[12.375060081000015,10.64484977699999],[12.370530127999984,10.642749786000024],[12.366399764999983,10.641739845000018],[12.362990378999996,10.639260292000017],[12.356240273000026,10.637929916000019],[12.353540420999991,10.633979796999995],[12.344479561000014,10.629790306000018],[12.336540221999996,10.625209808000022],[12.330510139000012,10.622420310999985],[12.325980185999981,10.620320320000019],[12.31882953600001,10.617910385000016],[12.310500144999992,10.612250328000016],[12.305179596000016,10.607979774],[12.300250053000013,10.604800223999973],[12.296839713999987,10.602319717],[12.29001045199999,10.597359657000027],[12.28660011300002,10.594869614000004],[12.282779693999998,10.59130954699998],[12.277460098000006,10.587039947999983],[12.273650169000007,10.583479881000017],[12.269840240000008,10.579910278],[12.26642990099998,10.577429771000027],[12.262220382999999,10.572770118999983],[12.257610321000016,10.567040442999996],[12.254520415999991,10.562000275000003],[12.25109958600001,10.559519767999973],[12.249910354999997,10.556269645999976],[12.247610092000002,10.553400039999985],[12.246419907000018,10.550140381000006],[12.243720054999983,10.546190261999982],[12.23538017300001,10.540530204999982],[12.213299751000022,10.53841018700001],[12.208860397000024,10.539959908000014],[12.202980041999979,10.544440269000006],[12.198929786999997,10.547069550000003],[12.195269585000005,10.55078983300001],[12.190509796000015,10.554880142000002],[12.187250136999978,10.559679985000002],[12.18470954899999,10.56301021600001],[12.179630280000026,10.56966018700001],[12.17708015400001,10.572990417000028],[12.174220085000002,10.578880309999988],[12.172479629999998,10.584369659000004],[12.170330047999983,10.588780402999987],[12.167469977999986,10.594670296000004],[12.166119576000028,10.601249694999979],[12.163180350999994,10.603489876000026],[12.159850120999977,10.604649543999983],[12.153490067000007,10.604410171999973],[12.151189804000012,10.60153961200001],[12.142379760999972,10.59115982100002],[12.14151000999999,10.585350037000012],[12.139920234999977,10.581009864999999],[12.133170128000017,10.579680442999972],[12.127929687000005,10.579059600999983],[12.11783981299999,10.578889847000028],[12.110139847000028,10.585229873999992],[12.106080055000007,10.587860106999983],[12.101639748000025,10.589409827999987],[12.095760344999974,10.593890190000025],[12.090990067000007,10.597990035999999],[12.086939812000026,10.600620269999979],[12.0832901,10.60433006300002],[12.076700211000002,10.610289573999978],[12.07304000900001,10.614000320000002],[12.069789886000024,10.618800163000003],[12.068750380999973,10.62283039099998],[12.065500258999975,10.62763023399998],[12.062640190000025,10.633509635999985],[12.059379578000005,10.638310432000026],[12.056119919000025,10.643110275000026],[12.052470206999999,10.646820068000011],[12.048419952000017,10.649450301999991],[12.044369698000025,10.652079581999999],[12.04063987699999,10.652150154000026],[12.032770157000016,10.651209831000017],[12.029760361000001,10.649820327999976],[12.02633953100002,10.64733028400002],[12.023320198000022,10.645939827000007],[12.010780334000003,10.635620116999974],[12.007360457999994,10.63313961],[12.005060195999988,10.63027000400001],[12.001649857000018,10.62779045100001],[11.999340056999984,10.62491989099999],[11.997039794999978,10.622050285],[11.992830276000007,10.617400169000007],[11.990130423999972,10.613450049999983],[11.98624038700001,10.606240273000026],[11.984419822999996,10.590979575999995],[11.979339600000003,10.580519675999994],[11.976240157999996,10.575489998000023],[11.968540191999978,10.564709662999974],[11.963939666999977,10.558979987999976],[11.95790004700001,10.556179999999983],[11.96568012199998,10.553480148000006],[11.970849991000023,10.550459862000025],[11.976719855999988,10.545980453000027],[11.979660034000005,10.543740273000026],[11.98219966900001,10.540410042000019],[11.986570357999994,10.535220145999972],[11.989109993,10.531900405999977],[11.991660118000027,10.528570175000027],[11.994910240000024,10.523770332000026],[11.997059821999983,10.519359588999976],[12.001029968000012,10.513090133999981],[12.002059937000013,10.509059906000005],[12.003809928999999,10.503569603000017],[12.004449844000021,10.49845981599998],[12.005080222999993,10.493350028999998],[12.007149695999999,10.485289573999978],[12.007390021999981,10.479100227000004],[12.008740424999985,10.472519874999989],[12.008190155000023,10.464150428999972],[12.008419990999982,10.457960129000014],[12.009059906000005,10.452839851000022],[12.009300231999987,10.446649551000007],[12.010330199999999,10.442620277000003],[12.01097011600001,10.437509536999983],[12.010490417000028,10.432789802999991],[12.010729790000028,10.426589965999995],[12.009860038999989,10.420780181999987],[12.008990288000007,10.41497039799998],[12.006999968999992,10.40954971299999],[12.005020141999978,10.404129981999972],[12.003829956000004,10.400870322999992],[12.000729561000014,10.39583015400001],[11.998749733000011,10.390410422999992],[11.992630005000024,10.383979796999995],[11.99104023000001,10.379639626000028],[11.98565006299998,10.371729850999998],[11.982549667,10.366689682000015],[11.97826004000001,10.358400345000007],[11.974539757000002,10.353469849000021],[11.979220390000023,10.350740432999999],[11.982159615,10.348489760999996],[11.987319946000014,10.345479964999981],[11.990969657999983,10.341770171999997],[11.998279572000001,10.334340096000005],[12.003439903000015,10.331319808999979],[12.008130074000007,10.323579788000018],[12.015830040000026,10.317239760999996],[12.021309852999991,10.311670303000028],[12.024970054999983,10.307959557000004],[12.027509688999999,10.304630280000026],[12.034420012999988,10.296119690000012],[12.041410445999986,10.291250229000013],[12.046170234999977,10.287150382999982],[12.05943965900002,10.278880119000007],[12.071269988999973,10.273539543000027],[12.079770087999975,10.269370078999998],[12.088350295999987,10.268839835999984],[12.093979836000017,10.270549774000017],[12.100339889999987,10.2707901],[12.104069709999976,10.27070999099999],[12.11042022700002,10.270950316999972],[12.122489928999983,10.276539802999991],[12.12551021600001,10.277939795999998],[12.131939887999977,10.281820297000024],[12.13687038400002,10.284999846999995],[12.142109871000002,10.285619736000001],[12.14544010200001,10.28446960399998],[12.153309821999983,10.28540992699999],[12.157440185999974,10.286419867999996],[12.16156005900001,10.287429809999992],[12.16831016499998,10.288749694999979],[12.173950194999975,10.290459633000012],[12.178079604999994,10.291469574000018],[12.182209968999985,10.292480468999997],[12.188570023000011,10.292719841000007],[12.200079917999972,10.289950370999975],[12.203809738000018,10.289870262000022],[12.20755004900002,10.289799689999995],[12.214220047000026,10.287480354000024],[12.217550277999976,10.286330222999993],[12.220890044999976,10.285169601000007],[12.226449966000018,10.283240318000026],[12.230179786999997,10.283160210000005],[12.233519553999997,10.282010077999985],[12.237569808999979,10.279379844999994],[12.240509986999996,10.27713012700002],[12.244581223000012,10.275525092999999],[12.259664536000002,10.267983436999998],[12.263949394000008,10.263086319000024],[12.265130997000028,10.268271446000028],[12.269797325000013,10.276269913000021],[12.27096557599998,10.278555869999991],[12.279109955000024,10.28769016299998],[12.286091805000012,10.295683860999986],[12.289585113999976,10.300251961000015],[12.29540824899999,10.308249473999979],[12.302369118000001,10.311664581000002],[12.312801361000027,10.315073013000017],[12.319760323000025,10.315629958999978],[12.329026221999982,10.319613457000003],[12.335970879000001,10.319597244000022],[12.344072342000004,10.31957817099999],[12.361422538999989,10.317250252000008],[12.371844291999992,10.318370818999995],[12.375273704999984,10.317938804999983],[12.38109874700001,10.317205429000012],[12.385727882000026,10.317191123999976],[12.389260292000017,10.317184447999978],[12.393369674999974,10.318189620999988],[12.396072387999993,10.318355559999986],[12.402350425999998,10.318739891000007],[12.411195754999994,10.318281173999992],[12.421607017999975,10.317112923000025],[12.42391681700002,10.315962791000004],[12.430861472999993,10.315947532999985],[12.43549060800001,10.315937041999973],[12.443597794000027,10.317062378000003],[12.44939518000001,10.319337845000007],[12.452873230000023,10.320473671000002],[12.459561348000022,10.323360443000013],[12.465571404000002,10.327488899000002],[12.46794414499999,10.328350066999974],[12.471858978,10.330116271999998],[12.476078986999994,10.333006859000022],[12.478819847000011,10.332539558000008],[12.483349799999985,10.33463001299998],[12.487361908000025,10.336944580000022],[12.493460654999978,10.337542534000022],[12.499253273000022,10.338674545000003],[12.507370949000006,10.342087746000004],[12.513174057000015,10.345507622000014],[12.519930839999972,10.35049438499999],[12.52223396300002,10.350791931000003],[12.526562690999981,10.354643822000014],[12.531629561999978,10.356989860999988],[12.537542342999984,10.359181404000026],[12.544513702000017,10.364886284000022],[12.549159050000014,10.368308066999987],[12.554962158000023,10.371727942999996],[12.557991028000004,10.374835013999984],[12.559620857000027,10.37650680500002],[12.560812950000013,10.38544368700002],[12.561985970000023,10.388874053999984],[12.560849189999999,10.393453598000008],[12.562070846999973,10.407180786000026],[12.564443588000017,10.419760703999998],[12.566774367999983,10.423188209999978],[12.574902533999989,10.428890228],[12.581878662000008,10.435740470999974],[12.586519241000019,10.438016891000018],[12.591164589000016,10.441438674999972],[12.595649718999994,10.44359874700001],[12.599282265,10.444852829000013],[12.602759360999983,10.445988655000008],[12.607394218000024,10.447122573999991],[12.612779617000001,10.448619843000017]]]},"properties":{"fid":132,"cty_nm":"Nigeria","iso3cd":"NGA","adm1nm":"Borno","adm2nm":"Hawul","adm1cd":"NGA008","adm2cd":"NGA008012"}},{"type":"Feature","id":133,"geometry":{"type":"Polygon","coordinates":[[[13.149491309999974,12.155835152000009],[13.14229011499998,12.155980109999973],[13.138239860999988,12.15861034400001],[13.134189606000007,12.161239624000018],[13.129739760999996,12.162779807999982],[13.123780251000028,12.163619994999976],[13.11964988699998,12.162610054000027],[13.11289978000002,12.161290168999983],[13.10416984599999,12.154540062000024],[13.098369597999977,12.145549774000017],[13.092260361000001,12.139120101999993],[13.089960098000006,12.136249541999973],[13.086460113999976,12.130129813999986],[13.084079741999972,12.123620033000009],[13.07940006299998,12.114239693000002],[13.074629784000024,12.101229667999974],[13.074239730999977,12.083029747000012],[13.074159622000025,12.079389572000025],[13.074319838999998,12.069549560999974],[13.07598972300002,12.060409546000017],[13.075119971999982,12.05459976200001],[13.074959755000009,12.047320366000008],[13.073690413999998,12.040430069000024],[13.072420120000004,12.033539771999983],[13.07083034499999,12.029199600000027],[13.069169998000007,12.021220206999999],[13.068690300000014,12.016489982999985],[13.068929672000024,12.010299683000028],[13.069169998000007,12.004099845999974],[13.069009780999977,11.996820449999973],[13.069250107000016,11.990630150000015],[13.070280075000028,11.986599921999982],[13.070210456999973,11.982959746999995],[13.071240424999985,11.978930472999991],[13.07330989799999,11.97087955500001],[13.075289725999994,11.959190368999998],[13.076959610000017,11.950050353999984],[13.078709602000004,11.944560050999996],[13.079270362999978,11.935799599000006],[13.08030033099999,11.931779860999995],[13.080860137999991,11.924579619999975],[13.085379601,11.925120354],[13.088720321999972,11.92397022199998],[13.092450142000018,11.923890114000017],[13.095789909000018,11.922730446000003],[13.101739882999993,11.921890259000008],[13.112150192000001,11.91950035100001],[13.115480423000008,11.918339729000024],[13.119529724000017,11.915710449000017],[13.124699593000003,11.912699698999972],[13.132479667999974,11.909999846999995],[13.139470099999983,11.905119895999974],[13.142410278,11.902879714999983],[13.14748954800001,11.896220206999999],[13.152179718000014,11.88848972300002],[13.15431976299999,11.884070396000027],[13.156470298999977,11.879659652999976],[13.160039901999994,11.872309685000005],[13.163700103999986,11.86859035499998],[13.170610427999975,11.860079765000023],[13.172750473000008,11.855669975000012],[13.172670363999998,11.852029800000025],[13.172200202999989,11.847310065999977],[13.172829627999988,11.842189788999974],[13.177439690000028,11.830820083999981],[13.182920455999977,11.825240135000001],[13.189749717999973,11.813090323999972],[13.191900252999972,11.808679580999978],[13.191820145000008,11.805040358999975],[13.19285011300002,11.801010131999988],[13.191260338000006,11.796680449999997],[13.186739922000015,11.79458046000002],[13.182530402999987,11.789930344000027],[13.17284011800001,11.790849686000001],[13.170860290999997,11.785420418000001],[13.161490440000023,11.783789635000005],[13.15695953400001,11.781689643999982],[13.153229712999973,11.78176021600001],[13.149490356000001,11.781840323999972],[13.146320343000014,11.790280342000017],[13.143770217999986,11.793600082000012],[13.137820244000011,11.794449805999989],[13.13368988000002,11.793439864999982],[13.125189781000017,11.797610282999983],[13.117730140999981,11.79776000999999],[13.11104965200002,11.800069808999979],[13.105099677999988,11.800919533000013],[13.101369857999998,11.800990104999983],[13.092470169000023,11.804080009000018],[13.088740348999977,11.804149628000005],[13.083889961000011,11.804610251999975],[13.080880164999996,11.803219795000018],[13.074919700999999,11.804059982000012],[13.07118988000002,11.804140091000022],[13.067449570000008,11.80420970900002],[13.062609672999997,11.80467033399998],[13.059989928999983,11.80436039],[13.060469626999975,11.791959763000023],[13.058799743999998,11.783989905999988],[13.057530402999987,11.77709007300001],[13.052129745000002,11.76918983500002],[13.047530173999974,11.76344966900001],[13.040699958999994,11.75848960899998],[13.036890029999995,11.75492000600002],[13.03125,11.753210067999987],[13.028229712999973,11.751810073999991],[13.025210381000022,11.750410079999995],[13.020689963999985,11.748319626000011],[13.016400336999993,11.740030289000003],[13.012749671999984,11.726619719999974],[13.011480330999973,11.719730377000019],[13.012120246999984,11.714619636999998],[13.013859749000005,11.709119797000028],[13.017120361000025,11.704319954000027],[13.021889686999998,11.700220107999996],[13.027050018000011,11.697210311999982],[13.032210350000014,11.694199561999994],[13.037770271,11.692270279000013],[13.044839858999978,11.691029549000007],[13.05381011999998,11.691590308999992],[13.062789916999975,11.692139626000028],[13.068030356999998,11.692760468000017],[13.071760177999977,11.69268989599999],[13.075889587000006,11.693699836999997],[13.080019950999997,11.694709778000004],[13.084549904000028,11.696809769000026],[13.088680266999972,11.697819709999976],[13.094710350000014,11.700610160999986],[13.100749968999992,11.703410148999978],[13.105270385999972,11.70549964899999],[13.109800339000003,11.707599640000012],[13.115440368999998,11.709309577999989],[13.119569778000027,11.710320473000024],[13.126790046999986,11.716369628999985],[13.13282966600002,11.719160079999995],[13.135840416000008,11.720560073999991],[13.14838981600002,11.730879784000024],[13.15141010299999,11.73227024099998],[13.155929565000008,11.734370232000003],[13.160460472000011,11.73647022199998],[13.16388034800002,11.738949776000027],[13.169509887999993,11.740659714000003],[13.17586994200002,11.740900039999985],[13.185560226000007,11.739979743999982],[13.192939758000023,11.736189841999987],[13.196599960000015,11.732480049000003],[13.200570106999976,11.726209641000025],[13.204540253000005,11.719940185999974],[13.205570221000016,11.715909957999997],[13.205100060000007,11.711190224000006],[13.205019950999997,11.70755004900002],[13.207159995999973,11.703140259000008],[13.211529731999974,11.697950363000018],[13.214469909999991,11.695710182000028],[13.218919754000012,11.694169998000007],[13.229319572000009,11.691780090000009],[13.234169959999974,11.691320419000022],[13.240119934000006,11.690469742000005],[13.246080398999993,11.68962955500001],[13.253540038999972,11.689479828000003],[13.257280349999974,11.689410210000005],[13.262120246999984,11.688949584999989],[13.266960143999995,11.688489914000002],[13.272210121,11.689109802000019],[13.278240203999985,11.691909790000011],[13.282449722000024,11.696559906000005],[13.285860061999983,11.699040412999977],[13.287449836999997,11.703379631000018],[13.289440155000023,11.708800316000008],[13.289910315999975,11.713529586999982],[13.289669990999982,11.719719886999997],[13.287210463999998,11.726690292],[13.281410216999973,11.734820366000008],[13.27814960500001,11.739609717999997],[13.27338981600002,11.743709564000028],[13.269339560999981,11.746339798000008],[13.264889717000017,11.747890471999995],[13.260439872999996,11.749429702999976],[13.255279540999993,11.752449989000013],[13.251230239999984,11.755069733000028],[13.245030402999987,11.762109755999973],[13.24209976200001,11.764360427999975],[13.236300468000024,11.772480011000027],[13.23081970200002,11.778050423000025],[13.226840019000008,11.78431987800002],[13.225810050999996,11.788350105000006],[13.223270415999991,11.791680336000013],[13.223819733000028,11.800040244999991],[13.225810050999996,11.805459976000009],[13.229700089000005,11.812669754000012],[13.239620209000009,11.822669983000026],[13.244870186000014,11.823300361999998],[13.248990058999993,11.824310303000004],[13.25574016600001,11.825630187999991],[13.260270118999983,11.827730179000014],[13.264320374000022,11.825099944999977],[13.269960403000027,11.82680988300001],[13.276709557000004,11.828129767999997],[13.28155994399998,11.82767009700001],[13.285289764000026,11.827599524999982],[13.289019585000005,11.827529906999985],[13.293199539,11.827300072000014],[13.299180030999992,11.831330299000001],[13.304109573000005,11.834509850000018],[13.307129859999975,11.835909843000024],[13.311650276000023,11.83800983399999],[13.315460205000022,11.841569901000014],[13.320389748000025,11.844759941000007],[13.321969986,11.849089622000008],[13.323639870000022,11.857069969000008],[13.327130318000002,11.863200188000008],[13.328009604999977,11.869009972000015],[13.325229644999979,11.878529549000007],[13.322759627999972,11.88549995400001],[13.320619582999996,11.889909744000022],[13.317359924000016,11.894709587000023],[13.314100266000025,11.899499892999984],[13.311240196000028,11.905389786],[13.308699607999984,11.908709525999996],[13.306949615000008,11.914210319999995],[13.301870345999987,11.92086982699999],[13.297100066999974,11.924969673000021],[13.289719581999975,11.928750037999976],[13.278200149999975,11.93152999900002],[13.274149894999994,11.934160233],[13.267880439999999,11.937560081000015],[13.264940261999982,11.939800262000006],[13.261679648999973,11.944600105000006],[13.25286960599999,11.951330185000018],[13.24849986999999,11.956509589999996],[13.244919777000007,11.96387004899998],[13.24135017399999,11.971220016000018],[13.241109848000008,11.977410315999975],[13.244600295999987,11.983539581000002],[13.25,11.991439818999993],[13.252699851999978,11.995389938000017],[13.255399704000013,11.999349594000023],[13.256589889999987,12.00259971600002],[13.258179665,12.006939887999977],[13.25864982600001,12.01167011299998],[13.258419990999982,12.017860412999994],[13.257459641000025,12.025529860999995],[13.255319595000003,12.029939651000007],[13.253170012999988,12.03435039499999],[13.251029968000012,12.038760185000001],[13.246660233,12.043950080999991],[13.244190215999993,12.050909995999973],[13.24244976,12.056409836],[13.237279892000004,12.05943012199998],[13.229579925999985,12.065770149000002],[13.223299979999979,12.069169998000007],[13.218139647999976,12.072179794000022],[13.214090347000024,12.074810028000002],[13.210040091999986,12.077440261999982],[13.20083046000002,12.083089828000027],[13.19312000299999,12.089429854999992],[13.183589934999986,12.097629546999997],[13.17811012300001,12.103199958999994],[13.175970077999978,12.107609749000005],[13.17016983000002,12.115739822000023],[13.166990279999993,12.124170303000028],[13.164850235000017,12.128589630000022],[13.16230010999999,12.131910323999989],[13.159440040999982,12.137800217000006],[13.157299995000017,12.142210007000017],[13.149491309999974,12.155835152000009]]]},"properties":{"fid":133,"cty_nm":"Nigeria","iso3cd":"NGA","adm1nm":"Borno","adm2nm":"Jere","adm1cd":"NGA008","adm2cd":"NGA008013"}},{"type":"Feature","id":134,"geometry":{"type":"Polygon","coordinates":[[[12.663060187999974,11.839469909999991],[12.659090042000003,11.845740318000026],[12.656949997000027,11.85015010799998],[12.652580261000026,11.855340004000027],[12.648209571999985,11.860520362999978],[12.643449782999994,11.864620209000009],[12.640899658000023,11.867950439000026],[12.63875961299999,11.87236022899998],[12.63438987699999,11.877550125000027],[12.631850242999974,11.880869865000022],[12.624139786,11.887220382999999],[12.617159843000024,11.892089843999997],[12.602780342000017,11.900750159999973],[12.598329544000023,11.902290343999994],[12.594280243000014,11.904919624000001],[12.585780144000012,11.909090042000003],[12.581339835999984,11.910639763000006],[12.575380325000026,11.91147995],[12.569419860999972,11.912329673999977],[12.566089630000022,11.913490294999974],[12.562749863000022,11.914640426999995],[12.557909966000011,11.915100097999982],[12.553059577999989,11.915559769000026],[12.547109604000013,11.916410445999986],[12.538530349999974,11.916939735000028],[12.533289909000018,11.916319847000011],[12.523599624999974,11.917229652000003],[12.519869803999995,11.917309761000013],[12.515020370000002,11.917770385999972],[12.511289596999973,11.917840004000027],[12.507559775999994,11.917909622000025],[12.500089645000003,11.918060303000004],[12.493020058000013,11.919289589000016],[12.488180161000002,11.919750213999976],[12.484840393000013,11.92090988199999],[12.477379799000005,11.921059608000007],[12.472530365000011,11.921520233000024],[12.467690468,11.921979904000011],[12.463959693999982,11.922050475999981],[12.455380439999999,11.922579765000023],[12.450139998999987,11.921959877000006],[12.44417953499999,11.922800064],[12.437829970999985,11.922559738000018],[12.432990073999974,11.923020362999978],[12.425120354,11.922080040000026],[12.417659759999992,11.922229766999976],[12.413929939000013,11.922300339000003],[12.40907955199998,11.92276000999999],[12.402729987999976,11.922519684000008],[12.397879601,11.922980309000025],[12.390819550000003,11.924220085000002],[12.38597011600001,11.924670219000006],[12.382240294999974,11.924750328000016],[12.377389907999998,11.925209999000003],[12.369930266999972,11.925350189000028],[12.363969802999975,11.926199913000005],[12.359129906000021,11.926659583999992],[12.354280472000028,11.927120209000009],[12.350549698000009,11.927189827000007],[12.341970444000026,11.92772007000002],[12.334910392999973,11.928959845999998],[12.326330185000018,11.929490089000012],[12.317749977000005,11.930020332000026],[12.314020157000016,11.93010044099998],[12.307669639999972,11.929860114999997],[12.302820205999978,11.930319785999984],[12.299090385,11.930390358000011],[12.294239998000023,11.930850028999998],[12.288999557000011,11.930219650000026],[12.285269737000021,11.930299758999979],[12.281140327000003,11.929289817999972],[12.277409553999973,11.92936039],[12.270660399999997,11.928030014],[12.263910294000027,11.926710129000014],[12.25977992999998,11.925700188000008],[12.255490302999988,11.925184249999973],[12.24969005600002,11.925530433999995],[12.246589660999973,11.924671172999979],[12.246520041999986,11.916859627000008],[12.245960235999974,11.90849018099999],[12.246199607999984,11.902299880999976],[12.245650291000004,11.893930435000016],[12.245889664000003,11.887740135000001],[12.246450423999988,11.878979683000011],[12.246290207000015,11.87170028700001],[12.24763965599999,11.865119934000006],[12.248200417000021,11.856369971999982],[12.249150276000023,11.848710059999974],[12.250499724999997,11.842120170999976],[12.251460075000011,11.834460257999979],[12.252409935000003,11.826789856000005],[12.25216960900002,11.815870285000017],[12.248439788999974,11.798830032000012],[12.243359565999981,11.788370132000011],[12.240659714000003,11.784410476999994],[12.238624572999981,11.782062531000008],[12.236522675000003,11.779637336999997],[12.234149933000026,11.776900291000004],[12.230438231999983,11.77256107300002],[12.226045608999982,11.767425537000008],[12.223726273000011,11.764714240999979],[12.220773697000027,11.761261939999997],[12.219455718999995,11.758671761000016],[12.217823028999987,11.755461692999972],[12.213205338000023,11.747261046999995],[12.209859848000008,11.741319655999973],[12.207579613000007,11.733719826000026],[12.202870368999982,11.729080199999999],[12.198980330999973,11.721870421999995],[12.196040154000002,11.706999779],[12.193659781999997,11.700489998000023],[12.191280365000011,11.69398021699999],[12.188420296000004,11.682749747999992],[12.186840056999984,11.678409575999979],[12.180959701999996,11.665780067000014],[12.178979873999992,11.660349845999974],[12.176989554999977,11.654930115000013],[12.175009726999974,11.649510383999996],[12.174929619000011,11.645870209000009],[12.174100876000011,11.639993667999988],[12.170964240999979,11.636941910000019],[12.168669700999999,11.634710311999982],[12.168979644999979,11.629599571000028],[12.181679726000027,11.630080222999993],[12.188039779999997,11.63031005900001],[12.191769599999986,11.630240440000023],[12.198840141000005,11.629010201000028],[12.202960013999984,11.630020141999978],[12.207090377999975,11.631030082999985],[12.211939812000026,11.630570411999997],[12.218689918999985,11.631899834000023],[12.225440025000012,11.63321971900001],[12.229570389000003,11.634229660000017],[12.234410286000013,11.633769988999973],[12.239649772999996,11.634400368000001],[12.249340056999984,11.633480071999998],[12.261179923999975,11.628149985999983],[12.269989967000015,11.621419907000018],[12.276900291000004,11.612910270999976],[12.279450417000021,11.609580040000026],[12.285639763000006,11.602540015999978],[12.291119576000028,11.59696960399998],[12.294380187999991,11.592169762000026],[12.299139976999982,11.588069915999995],[12.300889969000025,11.582570076000025],[12.30471038799999,11.569029807999982],[12.30605983700002,11.562439918999985],[12.307809829999997,11.556949615000008],[12.309160233,11.550370215999976],[12.313449859999992,11.541540145999988],[12.315910339000027,11.534569739999995],[12.316940308000028,11.530550002999973],[12.318690300000014,11.525050163000003],[12.32114982600001,11.518079757999999],[12.322899817999996,11.512590407999994],[12.322429656999986,11.50786018399998],[12.322660445999986,11.501669884000023],[12.324412345999974,11.498019218000024],[12.328860282999983,11.494629859999975],[12.333230018999984,11.489439963999985],[12.338310241999977,11.482789992999983],[12.341569901000014,11.477990149999982],[12.34370994599999,11.473580360000028],[12.347290038999972,11.466219901999978],[12.349749565000025,11.459250450000013],[12.351499557000011,11.453760147000025],[12.353650092999999,11.449350357000014],[12.355790137999975,11.44493007699998],[12.35832977299998,11.441610335999997],[12.361590385,11.436809540000013],[12.364130020000005,11.433480262999979],[12.368100165999977,11.427209854000012],[12.373579978999999,11.421640395999987],[12.379779815999996,11.414600371999995],[12.383429526999976,11.410889626000028],[12.388589858999978,11.407870292999974],[12.394869803999995,11.404470444000026],[12.398920058999977,11.401840209999989],[12.404800415000011,11.397359848000008],[12.412179947000027,11.393569946000014],[12.416950225999983,11.389470099999983],[12.422510147000025,11.387539864000018],[12.427669524999999,11.384519576999992],[12.43171977999998,11.381899834000023],[12.434659957999997,11.379650115999993],[12.43982029,11.376640319999979],[12.443160057,11.375479697999992],[12.450539589000016,11.371689795999998],[12.46642971,11.363730431000022],[12.47453022000002,11.358480453000027],[12.47747039799998,11.356229782000014],[12.484849929999996,11.352450370999975],[12.489299774000017,11.350899695999999],[12.493749619000027,11.349360466000007],[12.50263977100002,11.346269608],[12.507809639000016,11.343259810999996],[12.511859893999997,11.340629578000005],[12.515509604999977,11.336910247999981],[12.52066993699998,11.333900452000023],[12.524330139000028,11.330180168000027],[12.527979850999998,11.326470374999985],[12.52900981900001,11.322440147000009],[12.53997993500002,11.311300277999976],[12.542909622000025,11.309060096999985],[12.546959877000006,11.306429863000005],[12.549900055000023,11.304189682000015],[12.554269791000024,11.29901027699998],[12.560469626999975,11.291959763000023],[12.566980361999981,11.282369614000004],[12.569919586000026,11.280119895999974],[12.576510428999995,11.274169921999999],[12.58238983199999,11.269680022999978],[12.586039543000027,11.265970229999994],[12.591919899000004,11.261480330999973],[12.594860077000021,11.259240149999982],[12.598910332000003,11.256609916999992],[12.604069709999976,11.253600120999977],[12.608519553999997,11.252050399999973],[12.61297035199999,11.25051021600001],[12.618530272999976,11.248579978999999],[12.630040168999983,11.245800018000011],[12.633379935999983,11.24464988699998],[12.639730453000027,11.244879722999997],[12.64496994000001,11.24551010099998],[12.650609970000005,11.247220039000013],[12.655139922999979,11.249320029999978],[12.660059928999999,11.252499580000006],[12.67133998899999,11.255920409999987],[12.677769661000013,11.259799956999984],[12.683409691000008,11.261509895000017],[12.687219620000008,11.265069961999984],[12.690239905999988,11.266469954999991],[12.693650246000004,11.26895046200002],[12.699689864999982,11.271750450000013],[12.705329894999977,11.27346038799999],[12.705639839000014,11.288020134000021],[12.705400467000004,11.294210433999979],[12.703650475000018,11.299710274000006],[12.701189994999993,11.306679726000027],[12.699440002000017,11.312170029000015],[12.698410034000005,11.316200256000002],[12.695229530000006,11.32464027399999],[12.690939903000015,11.333459854000012],[12.683629989999986,11.340889930999992],[12.679269791000024,11.34607029],[12.674900055000023,11.351260185000001],[12.672349929999996,11.354590416000008],[12.667670250000015,11.362330437000026],[12.665920258000028,11.367819785999984],[12.664890289000027,11.371850014000017],[12.665120124999987,11.382769585000005],[12.66606998399999,11.39221954300001],[12.666629790999991,11.400580406000017],[12.665989876000026,11.405690192999998],[12.666150092999999,11.412969589],[12.66709995299999,11.422419547999993],[12.668370246999984,11.429320335],[12.668849944999977,11.43404006999998],[12.669400214999996,11.44241046899998],[12.669159889000014,11.448599815000023],[12.66749000499999,11.45773982999998],[12.666859627000008,11.462849617000018],[12.665900229999977,11.47052001999998],[12.664159774999973,11.476010323000025],[12.660900115999993,11.48081016499998],[12.657640457000014,11.48561000799998],[12.654069901000014,11.492959976000009],[12.650489806999985,11.500320434999992],[12.646120070999984,11.505499840000027],[12.640720366999972,11.514710426000022],[12.639049530000023,11.52385044099998],[12.637220382999999,11.542819977000022],[12.638099669999974,11.548629760999972],[12.636349677999988,11.554129601],[12.635709763000023,11.55924034100002],[12.635080338000023,11.564350128000001],[12.635230063999984,11.571629524000002],[12.633879662000027,11.578209877000006],[12.632929801999978,11.585880280000026],[12.631899834000023,11.58990001699999],[12.627759932999993,11.606010437000009],[12.625699997000027,11.614060402000007],[12.621089934999986,11.625439643999982],[12.619339943,11.630940436999992],[12.617270469999994,11.63899040199999],[12.616720199999975,11.647740364000015],[12.616160392999973,11.656490325999982],[12.615519523999978,11.66160011300002],[12.616399764999983,11.667409897000027],[12.616950035000002,11.675780296000028],[12.61647033700001,11.688170432999982],[12.619409560999998,11.703040122999994],[12.621789932000013,11.709549904000028],[12.624890327000003,11.71459007300001],[12.628700256000002,11.718150138999988],[12.636320114,11.725290298000004],[12.647199630999978,11.727620124999987],[12.65132999399998,11.728630065999994],[12.656970023999975,11.730340004000027],[12.659990311000001,11.731739998000023],[12.668640137000011,11.734849929999996],[12.671660422999992,11.736249923999992],[12.678090096000005,11.740119934000006],[12.68262004899998,11.742219924999972],[12.686429976999989,11.745789527999989],[12.689209937999976,11.753379822],[12.69237995100002,11.76206016499998],[12.691749572999981,11.767169952000017],[12.688890457000014,11.773050307999995],[12.686100006000004,11.782569884999987],[12.683639525999979,11.78954029099998],[12.682609558000024,11.793569564999984],[12.681579590000013,11.797590255999978],[12.680540085000018,11.801619529999982],[12.67990970599999,11.806730270000003],[12.677760123999974,11.811140060000014],[12.676010131999988,11.816639899999984],[12.66520976999999,11.83506011999998],[12.663060187999974,11.839469909999991]]]},"properties":{"fid":134,"cty_nm":"Nigeria","iso3cd":"NGA","adm1nm":"Borno","adm2nm":"Kaga","adm1cd":"NGA008","adm2cd":"NGA008014"}},{"type":"Feature","id":137,"geometry":{"type":"Polygon","coordinates":[[[13.466210364999995,12.277319907999981],[13.460410118000027,12.275360106999983],[13.456279755000025,12.274350165999977],[13.451040267999986,12.273719787999994],[13.444680214000016,12.273480414999995],[13.439840317000005,12.273940085999982],[13.433090209999989,12.272620200999995],[13.428560257000015,12.270520209999972],[13.423640250999995,12.267339705999973],[13.419509887999993,12.266329765000023],[13.410779952999974,12.259579658999996],[13.407759666000004,12.258190155000023],[13.404740333999996,12.256790161000026],[13.40132999399998,12.254309653999996],[13.396800041000006,12.252209662999974],[13.39116001100001,12.250499724999997],[13.385919570999988,12.24987983699998],[13.379170418000001,12.248550415000011],[13.373929976999989,12.247929573000022],[13.370200157,12.248000144999992],[13.364950179999994,12.24736976600002],[13.358599663000007,12.247139930999992],[13.354149817999996,12.248680115000013],[13.349309920999985,12.249139786],[13.343350410000028,12.249979972999995],[13.336680412000021,12.252300262000006],[13.333740234000004,12.254540442999996],[13.32936954500002,12.259730338999987],[13.324290276,12.266380309999988],[13.319919586000026,12.271570205999978],[13.31737995100002,12.274889945999973],[13.31301021600001,12.28007984200002],[13.309749603,12.284879683999975],[13.302920341000004,12.297030448999976],[13.298709868999993,12.309490203999985],[13.293629646,12.316149712000026],[13.291480063999984,12.32056045500002],[13.284179687000005,12.327989577999972],[13.279729842999984,12.329529761999993],[13.27527999900002,12.331080437000026],[13.265990256999999,12.333080291999977],[13.261139870000022,12.333539963000021],[13.254079819000026,12.334770203000005],[13.249629974000015,12.336310387000026],[13.245900154000026,12.336389542000006],[13.240340232999984,12.338319778000027],[13.242079735000004,12.33281993899999],[13.242010117000007,12.329179764000003],[13.241530418000025,12.324460030000012],[13.245340347000024,12.310910224999986],[13.245189666999977,12.303629875000013],[13.245109558000024,12.299989700000026],[13.244870186000014,12.289070128999981],[13.24551010099998,12.283960342],[13.245429993000016,12.280320168000003],[13.247570037999992,12.27589988699998],[13.249239922000015,12.266770362999978],[13.250909804999992,12.25763034800002],[13.252659798000025,12.25212955500001],[13.254799843,12.247719765],[13.257189750999999,12.237110137999991],[13.25813961,12.229450225999983],[13.259180069000024,12.225419998000007],[13.260919570999988,12.21992015799998],[13.261480330999973,12.211170197000001],[13.263230324000006,12.205679893000024],[13.264180183000008,12.198010445000023],[13.264419556000007,12.191809653999996],[13.265460013999984,12.187789916999975],[13.266090393000013,12.182680129999994],[13.268549919000009,12.175709724],[13.270620345999987,12.167659759999992],[13.271260261999998,12.162549973000012],[13.272210121,12.154879569999991],[13.277850150999996,12.139470099999983],[13.281740189000004,12.129570006999984],[13.27904987300002,12.108499526999992],[13.276749611000014,12.105629921000002],[13.273650169000007,12.100589752000019],[13.269280433999995,12.088660240000024],[13.26690006299998,12.08215045899999],[13.265310286999977,12.077810286999977],[13.259599686000001,12.072460175000003],[13.254989624000018,12.066729545999976],[13.252690314999995,12.063859939999986],[13.249279976000025,12.061380385999996],[13.245459557000004,12.057809829999997],[13.24244976,12.056409836],[13.244190215999993,12.050909995999973],[13.246660233,12.043950080999991],[13.251029968000012,12.038760185000001],[13.253170012999988,12.03435039499999],[13.255319595000003,12.029939651000007],[13.257459641000025,12.025529860999995],[13.258419990999982,12.017860412999994],[13.25864982600001,12.01167011299998],[13.258179665,12.006939887999977],[13.256589889999987,12.00259971600002],[13.255399704000013,11.999349594000023],[13.252699851999978,11.995389938000017],[13.25,11.991439818999993],[13.244600295999987,11.983539581000002],[13.241109848000008,11.977410315999975],[13.24135017399999,11.971220016000018],[13.244919777000007,11.96387004899998],[13.24849986999999,11.956509589999996],[13.25286960599999,11.951330185000018],[13.261679648999973,11.944600105000006],[13.264940261999982,11.939800262000006],[13.267880439999999,11.937560081000015],[13.274149894999994,11.934160233],[13.278200149999975,11.93152999900002],[13.289719581999975,11.928750037999976],[13.297100066999974,11.924969673000021],[13.301870345999987,11.92086982699999],[13.306949615000008,11.914210319999995],[13.308699607999984,11.908709525999996],[13.311240196000028,11.905389786],[13.314100266000025,11.899499892999984],[13.317359924000016,11.894709587000023],[13.320619582999996,11.889909744000022],[13.322759627999972,11.88549995400001],[13.325229644999979,11.878529549000007],[13.328009604999977,11.869009972000015],[13.327130318000002,11.863200188000008],[13.323639870000022,11.857069969000008],[13.321969986,11.849089622000008],[13.320389748000025,11.844759941000007],[13.315460205000022,11.841569901000014],[13.311650276000023,11.83800983399999],[13.307129859999975,11.835909843000024],[13.304109573000005,11.834509850000018],[13.299180030999992,11.831330299000001],[13.293199539,11.827300072000014],[13.288940430000025,11.823889731999998],[13.285129546999997,11.820320128999981],[13.281000136999978,11.819310187999974],[13.276080132000004,11.816129683999975],[13.271149634999972,11.812950134000005],[13.268139839000014,11.811550140000008],[13.264719963000005,11.809069632999979],[13.259400368000001,11.804800033999982],[13.252180098999986,11.798760414000014],[13.250590323999972,11.794420242000001],[13.250109672999997,11.789690017999988],[13.252260207999996,11.785280227999976],[13.255909920000022,11.781570434999992],[13.263620376999995,11.775219917000015],[13.267350196999985,11.775150299000018],[13.272589684000025,11.775779724000017],[13.278229712999973,11.777480125000011],[13.283470153999986,11.77810955000001],[13.286490440000023,11.779509544000007],[13.291330338000023,11.77904987300002],[13.294349669999974,11.780449867000016],[13.298080443999993,11.780369758999996],[13.302209854000012,11.781379700000002],[13.306739806999985,11.783479691000025],[13.310870170999976,11.784489631999975],[13.314599991000023,11.784420012999988],[13.317620277000003,11.785820006999984],[13.326990127999977,11.787449836999997],[13.335639953999987,11.790559769000026],[13.34088039400001,11.791179656999986],[13.346130371000015,11.791810036000015],[13.350970268000026,11.791350365000028],[13.356209755000009,11.791979790000028],[13.363679886,11.79183006300002],[13.371139525999979,11.791680336000013],[13.375989914000002,11.791219710999997],[13.380829811000012,11.79076004000001],[13.390520095999989,11.789839744999995],[13.394249915999978,11.789770126000008],[13.39869976,11.788229941999987],[13.403539658,11.787770271],[13.409500121999997,11.786919593999983],[13.415459633000012,11.786080360000028],[13.423640250999995,11.784460067999987],[13.432290077000005,11.787570000000017],[13.440549850000025,11.789589881999973],[13.443570136999995,11.790989876000026],[13.449919700999999,11.791230202000008],[13.454770087999975,11.790769576999992],[13.462229729,11.790619849999985],[13.46595954899999,11.790550231999987],[13.469699859999992,11.790470122999977],[13.473429679999981,11.790399551000007],[13.479390143999979,11.78954982800002],[13.483119965000014,11.789480208999976],[13.490189552000004,11.788249968999992],[13.49654006999998,11.788490294999974],[13.501779555999974,11.78911018399998],[13.507419586000026,11.790820122000014],[13.514570235999997,11.793230057000017],[13.518300055999987,11.793160439000019],[13.522029877000023,11.79308033000001],[13.52838039400001,11.79331970200002],[13.53474044799998,11.793560028000002],[13.541090011999984,11.793800353999984],[13.546330452000007,11.794429778999984],[13.55086040499998,11.796520233000024],[13.555379867999989,11.79862022399999],[13.56332015999999,11.803199768000013],[13.566740035999999,11.805680274999986],[13.569760323000025,11.807080268999982],[13.575400351999974,11.808790207000015],[13.578809738000018,11.811269760000016],[13.585240364000015,11.815150260999985],[13.588259697000012,11.816550254999981],[13.591670035999982,11.819029807999982],[13.595800399999973,11.820039748999989],[13.603670120000004,11.820980071999998],[13.611530303999984,11.821909903999995],[13.615260123999974,11.821840285999997],[13.61859989200002,11.820679665],[13.624950409000007,11.820919990999982],[13.63018989599999,11.821550369000022],[13.633210182000028,11.822939872999996],[13.636940002000017,11.822870254999998],[13.641070366000008,11.823880196000005],[13.644410133000008,11.822719574000018],[13.651869773999977,11.822580338000023],[13.65822029100002,11.822819709999976],[13.663459778000004,11.823439597999993],[13.669019698999989,11.821510315000012],[13.675299644000006,11.818110466000007],[13.679750442999989,11.816570281999986],[13.68490982100002,11.813549995000017],[13.688960075000011,11.810919762000026],[13.696350097999982,11.807140349999997],[13.702219963000005,11.802650452000023],[13.706270217999986,11.800020217999986],[13.710320473000024,11.797389984000006],[13.713660240000024,11.796239852999975],[13.718429565000008,11.792140007],[13.722080231000007,11.788419723999993],[13.729780197000025,11.782079696999972],[13.732720374999985,11.779840469000021],[13.736769675999994,11.777210235999974],[13.740110397000024,11.776049613999987],[13.744159697999976,11.77342033399998],[13.747099875999993,11.771180152999989],[13.752260207999996,11.768159866000019],[13.756310462999977,11.765540122999994],[13.759249687000022,11.76329040500002],[13.762269973999992,11.764690399000017],[13.767589568999995,11.768959999000003],[13.772109984999986,11.771050452999987],[13.773300171000017,11.774310112000023],[13.779339789999995,11.777099609000004],[13.783470153999986,11.77810955000001],[13.792840004000027,11.77974986999999],[13.798480034000022,11.781459808000022],[13.810390471999995,11.796879767999997],[13.810469626999975,11.800519942999983],[13.813639641000009,11.80920028700001],[13.814829825999993,11.812450409000007],[13.817210197000009,11.818960189999984],[13.818799973000012,11.823300361999998],[13.821180344000027,11.829810142999975],[13.822449683999992,11.836700439000026],[13.822529793000001,11.840339660999973],[13.825309752999999,11.847940445000006],[13.825389862000009,11.85157966600002],[13.826580047999983,11.854829788000018],[13.828249931000016,11.862810135000018],[13.828720093000015,11.867529869000009],[13.832209587000023,11.873660088000008],[13.832289695999975,11.877300262000006],[13.833479881000017,11.880550384999992],[13.83475017500001,11.887439728000004],[13.835229873999992,11.892169952000017],[13.838800429999992,11.901929854999992],[13.840069771000003,11.908829689000015],[13.840550423000025,11.913550376999979],[13.841420174000007,11.919360160999986],[13.839750289999984,11.92850017500001],[13.840229987999976,11.933219909999991],[13.84340000200001,11.941900252999972],[13.844590186999994,11.945150375000026],[13.84657955199998,11.950579643000026],[13.845939636000026,11.955690383999979],[13.84642028799999,11.960410118000027],[13.845379829000024,11.964440346000004],[13.845459937999976,11.968079567000018],[13.843319893,11.972490311000001],[13.840220450999993,11.984569550000003],[13.839179993000016,11.98859977699999],[13.837439537000023,11.994090079999978],[13.835289955000007,11.99849986999999],[13.833939552000004,12.005089759999976],[13.834019661000013,12.00872993500002],[13.83561039,12.013070106999976],[13.836560249000001,12.022509575000015],[13.836400031999972,12.03234958600001],[13.83615970599999,12.038550376999979],[13.836629867999989,12.043270111000027],[13.836709976000009,12.046910286000013],[13.835359573000005,12.053489684999988],[13.835439682000015,12.057129859999975],[13.835599898999988,12.064410210000005],[13.836790085000018,12.067669867999996],[13.850839614999984,12.078680038000016],[13.853859901000021,12.080080032000012],[13.859100341999977,12.080699921000019],[13.862520217999986,12.083180427999991],[13.865929603999973,12.085670471000014],[13.869350433000022,12.088150024000015],[13.871649741999988,12.091019630000005],[13.875060081000015,12.093500136999978],[13.881099700999982,12.096289635000005],[13.886899948000007,12.105279922000022],[13.888090133999981,12.108539581000002],[13.89190006299998,12.112099648000026],[13.89346981,12.114769936000016],[13.889430045999973,12.119070052999973],[13.886179923999975,12.123869895999974],[13.886260032999985,12.127510071000017],[13.885700225999983,12.136260032999985],[13.88117027300001,12.151280402999987],[13.877519608,12.154990196000028],[13.87306976299999,12.156539916999975],[13.870129584999972,12.158780098000022],[13.866789817999972,12.15993976599998],[13.863860129999978,12.162179947000027],[13.857660294000027,12.169219971000018],[13.851389885000003,12.172619820000023],[13.848369597999977,12.171230315999992],[13.842020035000019,12.17098999000001],[13.836059569999975,12.171830177000004],[13.830100060000007,12.17267990099998],[13.820810317999985,12.174679755999989],[13.817480086999979,12.175840377999975],[13.813030243000014,12.177379608000024],[13.809690475000025,12.17854023000001],[13.805640220999976,12.18117046399999],[13.801190376000022,12.182709693999982],[13.797860146000005,12.183870316000025],[13.793410300999994,12.185420035999982],[13.788960456999973,12.186960220000003],[13.78085994700001,12.192219733999991],[13.777529716000004,12.193380355999977],[13.773480414999995,12.196009635999985],[13.769029617000001,12.197549820000006],[13.763469696000016,12.199480057000017],[13.760129929000016,12.200639724999974],[13.757120132000011,12.199239730999977],[13.75329971299999,12.195670128000017],[13.749890327000003,12.193189620999988],[13.746789932000013,12.188150405999977],[13.742190360999984,12.182419777000007],[13.739170074000015,12.18101978300001],[13.735360146000005,12.177450179999994],[13.731940269000006,12.174969673000021],[13.72852992999998,12.17249012000002],[13.726229667999974,12.169619560000001],[13.719320297000024,12.161020279000013],[13.714240073999974,12.150560379000012],[13.711540221999996,12.146599770000023],[13.710350037000012,12.143349648000026],[13.707650184999977,12.139399529000002],[13.703840255999978,12.135829925999985],[13.698909759999992,12.132650375000026],[13.68986034400001,12.12845993000002],[13.684220314000015,12.126749991999986],[13.680089951000014,12.12574005099998],[13.676360129999978,12.125809668999977],[13.672229766999976,12.124799728000028],[13.667389870000022,12.125260352999987],[13.659919738999974,12.125410079999995],[13.649120331000006,12.126709937999976],[13.639039992999983,12.12654018400002],[13.633790015999978,12.125920296000004],[13.628950119000024,12.126379966999991],[13.624110222000013,12.126839637999979],[13.614100456000017,12.13031005900001],[13.605919837999977,12.131930350999994],[13.599639893000017,12.135330199999999],[13.593370438000022,12.138730049000003],[13.589320182999984,12.141360282999983],[13.585670471000014,12.145070076000025],[13.582730292999997,12.147319793999998],[13.580180168000027,12.150639533999993],[13.574709891999987,12.15620994599999],[13.571049689999995,12.159930228999997],[13.567079544000023,12.166199683999992],[13.559769630000005,12.17362022399999],[13.555720328999996,12.176250458000027],[13.551670074000015,12.178879737999978],[13.54539966599998,12.182279586999982],[13.540229796999995,12.18529987300002],[13.533960342,12.188699722000024],[13.530309676999991,12.19241046899998],[13.523630142000002,12.194729805000009],[13.51846981,12.197739601000023],[13.515529633000028,12.199990273000026],[13.512280464000014,12.204779625000015],[13.500519752999992,12.213749886000016],[13.497980117999987,12.217080115999977],[13.496230125000011,12.222579956000004],[13.494090079999978,12.226989746000015],[13.49193954499998,12.231399536000026],[13.490909575999979,12.235429764000003],[13.488840102999973,12.243479729],[13.486700057999997,12.247890471999995],[13.483440399000017,12.252690314999995],[13.477640151999992,12.260820389000003],[13.474390029999995,12.265620232000003],[13.471130371000015,12.270409583999992],[13.466210364999995,12.277319907999981]]]},"properties":{"fid":137,"cty_nm":"Nigeria","iso3cd":"NGA","adm1nm":"Borno","adm2nm":"Mafa","adm1cd":"NGA008","adm2cd":"NGA008019"}},{"type":"Feature","id":135,"geometry":{"type":"Polygon","coordinates":[[[13.149491309999974,12.155835152000009],[13.144669533000013,12.162489891000007],[13.141409873999976,12.167280197000025],[13.138870239000028,12.170610427999975],[13.134900092999999,12.176879883000026],[13.132439612999974,12.183850287999974],[13.129579544000023,12.189729691000025],[13.125599861000012,12.196000099000003],[13.123820304999981,12.199680328],[13.121549605999974,12.198630332999983],[13.11592006699999,12.196920395000006],[13.111390114000017,12.194820403999984],[13.106860160999986,12.19272995],[13.100830078000001,12.189929962000008],[13.096699715,12.188920021000001],[13.089150428999972,12.185429573000022],[13.083120345999987,12.182629584999972],[13.078590393000013,12.180540085000018],[13.071450233000007,12.178130150000015],[13.060810088999972,12.169599532999996],[13.056679726000027,12.16858959199999],[13.052149772999996,12.166489601000023],[13.046509743000001,12.16477966299999],[13.042699814000002,12.161210059999974],[13.038089752000019,12.155480384999976],[13.03349018099999,12.149740219000023],[13.031499863000022,12.144319533999976],[13.030240058999993,12.137419700999999],[13.025230408000027,12.130599975999985],[13.020950316999972,12.122309685000005],[13.018959999000003,12.116889953999987],[13.017769814000019,12.113630295000007],[13.011179923999975,12.10247039799998],[13.008079528999986,12.09743976599998],[13.007209778000004,12.091629981999972],[13.007450103999986,12.085430144999975],[13.006899834000023,12.077070235999997],[13.005709647999993,12.073809623999978],[13.003009796000015,12.069860457999994],[13.001020432000018,12.064439773999993],[12.999039649999986,12.05900955200002],[12.996729850999998,12.056150435999996],[12.992130280000026,12.050410270999976],[12.98902988399999,12.045370101999993],[12.985219954999991,12.041810036000015],[12.982130051000013,12.036769866999975],[12.978309631000002,12.033200264000016],[12.974820136999995,12.027079581999999],[12.970930098999986,12.019869803999995],[12.969340323999972,12.015529633000028],[12.96926021600001,12.011890411000024],[12.96568965900002,12.00212955500001],[12.965220450999993,11.99740982100002],[12.964659691000008,11.989040375000002],[12.969510077999985,11.971469878999983],[12.969750404000024,11.965270041999986],[12.969269752999992,11.960550307999995],[12.97142028799999,11.956130028000018],[12.974280356999998,11.950249671999984],[12.97642040300002,11.945839881999973],[12.97959995299999,11.937399863999985],[12.981739998000023,11.932990073999974],[12.98270034799998,11.925319672],[12.982620239000028,11.921680449999997],[12.981030464000014,11.917340278999973],[12.977939606000007,11.912309646999972],[12.97181987800002,11.905870438000022],[12.968409538000003,11.903389930999992],[12.96277046199998,11.901679993000016],[12.958239554999977,11.899580001999993],[12.95522975900002,11.89818954499998],[12.951410294000027,11.89461994200002],[12.94307994799999,11.88895988500002],[12.938549995000017,11.886859893999997],[12.926159858999995,11.883830069999988],[12.920920372000012,11.883199692000005],[12.91265964500002,11.881179809999992],[12.907019615000024,11.879469872000016],[12.894949913000005,11.873880385999996],[12.890430449999997,11.87178039600002],[12.88549995400001,11.86859989200002],[12.878359794999994,11.866189957000017],[12.871999741000025,11.865949630999978],[12.864139556999987,11.865019797999992],[12.85326004000001,11.862680435000016],[12.847229958000014,11.859889984000006],[12.843489647000013,11.859959602000004],[12.837860106999983,11.858249664000027],[12.827770233000024,11.858079910000015],[12.819910048999986,11.857150078000018],[12.813549995000017,11.856909751999979],[12.809820175000027,11.856980324000006],[12.800849915000015,11.856430053999986],[12.793780326999979,11.857660294000027],[12.790049553000017,11.857729912000025],[12.786310195999988,11.857810019999988],[12.778450012000008,11.856869698000025],[12.770589828000027,11.855930328],[12.765350341999977,11.855310439999982],[12.761619568000015,11.85538005799998],[12.757880210999986,11.855449677000024],[12.753760338000006,11.854439735000028],[12.750020027000005,11.85451984399998],[12.745889664000003,11.853500365999992],[12.742159843000024,11.853580475000001],[12.73581028000001,11.853340149000019],[12.730569838999998,11.85270976999999],[12.726829528999986,11.852789879],[12.71634960199998,11.851530075000028],[12.708089828000027,11.849510193000015],[12.700630187999991,11.849659920000022],[12.695389748000025,11.849029540999993],[12.691650390999996,11.849109650000003],[12.687919616999977,11.849180221999973],[12.679659843000024,11.847160339000027],[12.674420356999974,11.846529960999987],[12.669890404,11.844440459999987],[12.666879654000013,11.84304046599999],[12.663060187999974,11.839469909999991],[12.66520976999999,11.83506011999998],[12.676010131999988,11.816639899999984],[12.677760123999974,11.811140060000014],[12.67990970599999,11.806730270000003],[12.680540085000018,11.801619529999982],[12.681579590000013,11.797590255999978],[12.682609558000024,11.793569564999984],[12.683639525999979,11.78954029099998],[12.686100006000004,11.782569884999987],[12.688890457000014,11.773050307999995],[12.691749572999981,11.767169952000017],[12.69237995100002,11.76206016499998],[12.689209937999976,11.753379822],[12.686429976999989,11.745789527999989],[12.68262004899998,11.742219924999972],[12.678090096000005,11.740119934000006],[12.671660422999992,11.736249923999992],[12.668640137000011,11.734849929999996],[12.659990311000001,11.731739998000023],[12.656970023999975,11.730340004000027],[12.65132999399998,11.728630065999994],[12.647199630999978,11.727620124999987],[12.636320114,11.725290298000004],[12.628700256000002,11.718150138999988],[12.624890327000003,11.71459007300001],[12.621789932000013,11.709549904000028],[12.619409560999998,11.703040122999994],[12.61647033700001,11.688170432999982],[12.616950035000002,11.675780296000028],[12.616399764999983,11.667409897000027],[12.615519523999978,11.66160011300002],[12.616160392999973,11.656490325999982],[12.616720199999975,11.647740364000015],[12.617270469999994,11.63899040199999],[12.619339943,11.630940436999992],[12.621089934999986,11.625439643999982],[12.625699997000027,11.614060402000007],[12.627759932999993,11.606010437000009],[12.631899834000023,11.58990001699999],[12.632929801999978,11.585880280000026],[12.633879662000027,11.578209877000006],[12.635230063999984,11.571629524000002],[12.635080338000023,11.564350128000001],[12.635709763000023,11.55924034100002],[12.636349677999988,11.554129601],[12.638099669999974,11.548629760999972],[12.637220382999999,11.542819977000022],[12.639049530000023,11.52385044099998],[12.640720366999972,11.514710426000022],[12.646120070999984,11.505499840000027],[12.650489806999985,11.500320434999992],[12.654069901000014,11.492959976000009],[12.657640457000014,11.48561000799998],[12.660900115999993,11.48081016499998],[12.664159774999973,11.476010323000025],[12.665900229999977,11.47052001999998],[12.666859627000008,11.462849617000018],[12.66749000499999,11.45773982999998],[12.669159889000014,11.448599815000023],[12.669400214999996,11.44241046899998],[12.668849944999977,11.43404006999998],[12.668370246999984,11.429320335],[12.66709995299999,11.422419547999993],[12.666150092999999,11.412969589],[12.665989876000026,11.405690192999998],[12.666629790999991,11.400580406000017],[12.66606998399999,11.39221954300001],[12.665120124999987,11.382769585000005],[12.664890289000027,11.371850014000017],[12.665920258000028,11.367819785999984],[12.667670250000015,11.362330437000026],[12.672349929999996,11.354590416000008],[12.674900055000023,11.351260185000001],[12.679269791000024,11.34607029],[12.683629989999986,11.340889930999992],[12.690939903000015,11.333459854000012],[12.695229530000006,11.32464027399999],[12.698410034000005,11.316200256000002],[12.699440002000017,11.312170029000015],[12.701189994999993,11.306679726000027],[12.703650475000018,11.299710274000006],[12.705400467000004,11.294210433999979],[12.705639839000014,11.288020134000021],[12.705329894999977,11.27346038799999],[12.70715045899999,11.271599770000023],[12.710880280000026,11.271530150999979],[12.717160224999986,11.268130301999975],[12.722319603000017,11.265110015999994],[12.725259780999977,11.262869835000004],[12.732959746999995,11.256529807999982],[12.736300468000024,11.255370140000025],[12.740349770000023,11.252739905999988],[12.746230125000011,11.248250008000014],[12.749560356000018,11.247099875999993],[12.754329681000002,11.243000031000008],[12.757269859000019,11.240750312999978],[12.760600090000025,11.239589690999992],[12.763540267999986,11.237350463999974],[12.769820213000003,11.233949660999997],[12.773870467999984,11.231320380999989],[12.778309821999983,11.229780197000025],[12.792050361999998,11.226229667999974],[12.796099663000007,11.223600388000023],[12.80016040800001,11.220970153999986],[12.802700043000016,11.21765041399999],[12.802619934000006,11.214010239000004],[12.805480003000014,11.208120345999987],[12.80834007300001,11.20223999000001],[12.809370041000022,11.198209763000023],[12.815250397,11.193730354000024],[12.82231998399999,11.192500113999984],[12.828350066999974,11.19528961200001],[12.832480431000022,11.196299553000017],[12.835499762999973,11.197699547000013],[12.83891010299999,11.200180053999986],[12.841609955000024,11.20413017300001],[12.84319972999998,11.208470345000023],[12.845580100999996,11.214980125000011],[12.844949722000024,11.220089911999992],[12.848839759999976,11.227299689999995],[12.852649688999975,11.230870246999984],[12.859080315000028,11.234749793999981],[12.86297035199999,11.241950035000002],[12.865269661000013,11.244819640999992],[12.869079590000013,11.248390197999981],[12.871390342999973,11.251250266999989],[12.879719733999991,11.256919860999972],[12.882419586000026,11.260869979999995],[12.885840416000008,11.263349532999996],[12.889249801999995,11.265830040000026],[12.896080016999974,11.270799636999982],[12.899100304000001,11.272190093999995],[12.90695953400001,11.273130417000004],[12.914429665,11.27299022699998],[12.918560028000002,11.274000167999986],[12.923800468000024,11.274620056000003],[12.92609977699999,11.277489661999994],[12.938170432999982,11.283080100999996],[12.943810462999977,11.284790038999972],[12.95094966900001,11.287199973999975],[12.956270217999986,11.291460036999979],[12.96158981299999,11.295729637000022],[12.964610100000016,11.297129631000018],[12.965800285,11.300379753000016],[12.968110084999978,11.303250312999978],[12.971119880999993,11.304650306999974],[12.974140166999973,11.306039810000016],[12.978269576999992,11.307060241999977],[12.983510017000015,11.307680129999994],[12.989549636999982,11.310469626999975],[12.996379852000018,11.315440178000017],[13.002809524999975,11.319319725000014],[13.005829811000012,11.32071971900001],[13.011460304000025,11.322429656999986],[13.017180442999972,11.327779770000006],[13.022179603999973,11.334600448999993],[13.023369789000014,11.337849617000018],[13.025750159999973,11.344360352000024],[13.027739525000015,11.349780082999985],[13.02892971,11.353039742000021],[13.033539771999983,11.358770370000002],[13.036230086999979,11.362730026000008],[13.039329528999986,11.367759705000026],[13.042030334000003,11.371720314000015],[13.048700333,11.386509895000017],[13.050680161000002,11.39194011699999],[13.051560402000007,11.397749900999997],[13.053139686999998,11.40209007300001],[13.052980423000008,11.411919593999983],[13.052740097000026,11.41812038400002],[13.056949615000008,11.422769546999973],[13.059650421000015,11.426719665999997],[13.063460350000014,11.430290221999996],[13.069499968999992,11.433079720000023],[13.072520256000018,11.434479712999973],[13.078149795999991,11.436189651000007],[13.083399772999996,11.436820029999978],[13.088239670000007,11.436360358999991],[13.091970444000026,11.436280251000028],[13.099840164,11.437219620000008],[13.105790137999975,11.436380385999996],[13.110639572000025,11.435919762000026],[13.113969802999975,11.434760094000012],[13.116909980999992,11.432519913000021],[13.123180389000026,11.429109573000005],[13.130570411999997,11.425330162000023],[13.137559891000024,11.420459746999995],[13.143440247000001,11.415969849000021],[13.151860236999994,11.408160210000005],[13.155909538000003,11.405529976000025],[13.15845012699998,11.402199745000019],[13.160590172000013,11.397789955000007],[13.163849830999993,11.392990112000007],[13.16679000900001,11.390749931000016],[13.172269820999986,11.385180472999991],[13.17481041000002,11.381850242999974],[13.177749634000008,11.379610061999983],[13.180290221999996,11.376279830999977],[13.185770035000019,11.370710373000009],[13.189029693999998,11.365909575999979],[13.195940017999988,11.357399939999993],[13.198880196000005,11.355159759999992],[13.20475959800001,11.350669860999972],[13.208809852999991,11.348039626999991],[13.210949898000024,11.34362983699998],[13.214209557000004,11.33882999399998],[13.219369888000017,11.335820198000022],[13.222310065999977,11.333569527000009],[13.229700089000005,11.32979011499998],[13.234459877000006,11.325690269000006],[13.238510131999988,11.323060036000015],[13.245900154000026,11.319270134000021],[13.249230384999976,11.318110466000007],[13.254790306000018,11.316180228999997],[13.260749816999976,11.315340042000003],[13.267419814999982,11.313019752999992],[13.273300171000017,11.308540343999994],[13.27845954899999,11.305520058000013],[13.282509803999972,11.302889823999976],[13.285849571000028,11.30173015600002],[13.290300369000022,11.300189971999998],[13.293629646,11.299030303999984],[13.298080443999993,11.29749012000002],[13.301409721000027,11.296330452000007],[13.306260108999993,11.29586982699999],[13.310310363999974,11.293239594],[13.316579819000026,11.289839744999995],[13.319919586000026,11.28868007699998],[13.328809738000018,11.285590172000013],[13.332859993,11.282970427999999],[13.33596038799999,11.288000107000016],[13.338979720999987,11.289400101000012],[13.341279983999982,11.292269707000003],[13.34430027000002,11.293669700999999],[13.349220275999983,11.296850204000009],[13.353030204999982,11.300410270999976],[13.356840133999981,11.303979873999992],[13.358429908999994,11.308320045000016],[13.36042022700002,11.313739777000023],[13.363590240000008,11.322420120000004],[13.36518001600001,11.326760292000017],[13.367959976000009,11.334349631999999],[13.372240067000007,11.342639922999979],[13.373439788999974,11.345899582000015],[13.375419616999977,11.351320267000006],[13.378520012000024,11.356360435],[13.380499840000027,11.361780167000006],[13.382800101999976,11.364649772999996],[13.38399982499999,11.367899894999994],[13.385979652000003,11.373330115999977],[13.385339736999981,11.378439903000015],[13.38541984599999,11.382080078000001],[13.387089729000024,11.390060425000001],[13.388279914999998,11.393309593000026],[13.390580177000004,11.396180152999989],[13.393679619000011,11.401220321999972],[13.394869803999995,11.404470444000026],[13.396059990000026,11.407730103000006],[13.406060218999983,11.421369552999977],[13.407329559000004,11.428259850000018],[13.409399985999983,11.437319756000022],[13.40923976900001,11.447159767000016],[13.409000397,11.453359604000013],[13.410269737000021,11.460249900999997],[13.411849975999985,11.46459007300001],[13.414950370999975,11.469630241000004],[13.422650336999993,11.480400084999985],[13.425350189000028,11.484350204000009],[13.428370475999998,11.485750198000005],[13.430589676000011,11.484979629999998],[13.432900428999972,11.487850189000028],[13.4375,11.493579865000015],[13.440199851999978,11.497529983999982],[13.445119857999998,11.500720023999975],[13.447429656999986,11.503580092999982],[13.450440406999974,11.504980086999979],[13.456480026000008,11.507780075000028],[13.46061039,11.508790015999978],[13.463629722999997,11.510180472999991],[13.46926021600001,11.511890411000024],[13.473389626000028,11.512909889000014],[13.479029654999977,11.514610290999997],[13.484669684999972,11.516320228999973],[13.491820335,11.518730163999976],[13.496339798000008,11.52083015400001],[13.500949859999992,11.526570320000019],[13.50475978899999,11.530130385999996],[13.508170128000017,11.532609939999986],[13.517700194999975,11.541529654999977],[13.526679993000016,11.542079925999985],[13.529689788999974,11.543479918999992],[13.534540176000007,11.543020248000005],[13.539380074000007,11.542559623999978],[13.543829917999972,11.541020392999997],[13.552729607000003,11.53792953499999],[13.558679580999978,11.537079811000012],[13.567970275999983,11.535079956000004],[13.573530197000025,11.533149718999994],[13.576869965000014,11.53199005099998],[13.580200194999975,11.530830383000023],[13.584650039999985,11.529290199000002],[13.587989806999985,11.528129578000005],[13.591320037999992,11.526969909999991],[13.596170425000025,11.526510239000004],[13.602519988999973,11.526749611000014],[13.606969832999994,11.525210381000022],[13.61363983199999,11.522890091000022],[13.619199752999975,11.520959854000012],[13.627380371000015,11.519350051999993],[13.634050369000022,11.517029761999993],[13.637390137000011,11.515870093999979],[13.644060135000018,11.513549805000025],[13.649299622000001,11.514180183000008],[13.655260085999998,11.51333046000002],[13.659700394000026,11.511790276],[13.66454982800002,11.511329650999983],[13.672809600999983,11.513349532999996],[13.676619529999982,11.516920089999985],[13.680430412000021,11.520489693000002],[13.682020186999978,11.524829865000015],[13.683600425999998,11.529159546000017],[13.682649611999977,11.53682994799999],[13.682410240000024,11.543029784999987],[13.682490348999977,11.546669959999974],[13.680029869000009,11.553629875000013],[13.675660133000008,11.558819771000003],[13.67311954500002,11.56215000200001],[13.670260428999995,11.568030356999998],[13.666680336000013,11.575380325000026],[13.664930344000027,11.580880164999996],[13.663979530000006,11.588540077000005],[13.663740157999996,11.594739914000002],[13.662710189999984,11.598770141999978],[13.664290428000015,11.603110313000002],[13.666680336000013,11.609609604000013],[13.66674995400001,11.613249779],[13.668740273000026,11.618679999999983],[13.670330047999983,11.623020171999997],[13.673419952000017,11.628049850000025],[13.676119803999995,11.632010460000004],[13.679619789000014,11.638130187999991],[13.68231010400001,11.642080307000015],[13.685009955999988,11.646030425999982],[13.687319756000022,11.648900031999972],[13.689620018000028,11.651769638000019],[13.698280334000003,11.654879569999991],[13.705100060000007,11.659839630000022],[13.708120345999987,11.661239624000018],[13.715350150999996,11.667289734000008],[13.720430373999989,11.677749634000008],[13.720589637999979,11.685029983999982],[13.720669745999999,11.68867015799998],[13.720740318000026,11.692310333000023],[13.721300125000027,11.700670242000001],[13.72177982300002,11.705400467000004],[13.722649574000002,11.711210251000011],[13.725740432999999,11.716250419999994],[13.725819587999979,11.719880104000026],[13.727410315999975,11.724220275999983],[13.732020378000016,11.729960441999992],[13.738530158999993,11.737480163999976],[13.743129730000021,11.743220328999996],[13.748450278999996,11.747480392],[13.750439643999982,11.752900124000007],[13.753529549000007,11.757940292],[13.759249687000022,11.76329040500002],[13.756310462999977,11.765540122999994],[13.752260207999996,11.768159866000019],[13.747099875999993,11.771180152999989],[13.744159697999976,11.77342033399998],[13.740110397000024,11.776049613999987],[13.736769675999994,11.777210235999974],[13.732720374999985,11.779840469000021],[13.729780197000025,11.782079696999972],[13.722080231000007,11.788419723999993],[13.718429565000008,11.792140007],[13.713660240000024,11.796239852999975],[13.710320473000024,11.797389984000006],[13.706270217999986,11.800020217999986],[13.702219963000005,11.802650452000023],[13.696350097999982,11.807140349999997],[13.688960075000011,11.810919762000026],[13.68490982100002,11.813549995000017],[13.679750442999989,11.816570281999986],[13.675299644000006,11.818110466000007],[13.669019698999989,11.821510315000012],[13.663459778000004,11.823439597999993],[13.65822029100002,11.822819709999976],[13.651869773999977,11.822580338000023],[13.644410133000008,11.822719574000018],[13.641070366000008,11.823880196000005],[13.636940002000017,11.822870254999998],[13.633210182000028,11.822939872999996],[13.63018989599999,11.821550369000022],[13.624950409000007,11.820919990999982],[13.61859989200002,11.820679665],[13.615260123999974,11.821840285999997],[13.611530303999984,11.821909903999995],[13.603670120000004,11.820980071999998],[13.595800399999973,11.820039748999989],[13.591670035999982,11.819029807999982],[13.588259697000012,11.816550254999981],[13.585240364000015,11.815150260999985],[13.578809738000018,11.811269760000016],[13.575400351999974,11.808790207000015],[13.569760323000025,11.807080268999982],[13.566740035999999,11.805680274999986],[13.56332015999999,11.803199768000013],[13.555379867999989,11.79862022399999],[13.55086040499998,11.796520233000024],[13.546330452000007,11.794429778999984],[13.541090011999984,11.793800353999984],[13.53474044799998,11.793560028000002],[13.52838039400001,11.79331970200002],[13.522029877000023,11.79308033000001],[13.518300055999987,11.793160439000019],[13.514570235999997,11.793230057000017],[13.507419586000026,11.790820122000014],[13.501779555999974,11.78911018399998],[13.49654006999998,11.788490294999974],[13.490189552000004,11.788249968999992],[13.483119965000014,11.789480208999976],[13.479390143999979,11.78954982800002],[13.473429679999981,11.790399551000007],[13.469699859999992,11.790470122999977],[13.46595954899999,11.790550231999987],[13.462229729,11.790619849999985],[13.454770087999975,11.790769576999992],[13.449919700999999,11.791230202000008],[13.443570136999995,11.790989876000026],[13.440549850000025,11.789589881999973],[13.432290077000005,11.787570000000017],[13.423640250999995,11.784460067999987],[13.415459633000012,11.786080360000028],[13.409500121999997,11.786919593999983],[13.403539658,11.787770271],[13.39869976,11.788229941999987],[13.394249915999978,11.789770126000008],[13.390520095999989,11.789839744999995],[13.380829811000012,11.79076004000001],[13.375989914000002,11.791219710999997],[13.371139525999979,11.791680336000013],[13.363679886,11.79183006300002],[13.356209755000009,11.791979790000028],[13.350970268000026,11.791350365000028],[13.346130371000015,11.791810036000015],[13.34088039400001,11.791179656999986],[13.335639953999987,11.790559769000026],[13.326990127999977,11.787449836999997],[13.317620277000003,11.785820006999984],[13.314599991000023,11.784420012999988],[13.310870170999976,11.784489631999975],[13.306739806999985,11.783479691000025],[13.302209854000012,11.781379700000002],[13.298080443999993,11.780369758999996],[13.294349669999974,11.780449867000016],[13.291330338000023,11.77904987300002],[13.286490440000023,11.779509544000007],[13.283470153999986,11.77810955000001],[13.278229712999973,11.777480125000011],[13.272589684000025,11.775779724000017],[13.267350196999985,11.775150299000018],[13.263620376999995,11.775219917000015],[13.255909920000022,11.781570434999992],[13.252260207999996,11.785280227999976],[13.250109672999997,11.789690017999988],[13.250590323999972,11.794420242000001],[13.252180098999986,11.798760414000014],[13.259400368000001,11.804800033999982],[13.264719963000005,11.809069632999979],[13.268139839000014,11.811550140000008],[13.271149634999972,11.812950134000005],[13.276080132000004,11.816129683999975],[13.281000136999978,11.819310187999974],[13.285129546999997,11.820320128999981],[13.288940430000025,11.823889731999998],[13.293199539,11.827300072000014],[13.289019585000005,11.827529906999985],[13.285289764000026,11.827599524999982],[13.28155994399998,11.82767009700001],[13.276709557000004,11.828129767999997],[13.269960403000027,11.82680988300001],[13.264320374000022,11.825099944999977],[13.260270118999983,11.827730179000014],[13.25574016600001,11.825630187999991],[13.248990058999993,11.824310303000004],[13.244870186000014,11.823300361999998],[13.239620209000009,11.822669983000026],[13.229700089000005,11.812669754000012],[13.225810050999996,11.805459976000009],[13.223819733000028,11.800040244999991],[13.223270415999991,11.791680336000013],[13.225810050999996,11.788350105000006],[13.226840019000008,11.78431987800002],[13.23081970200002,11.778050423000025],[13.236300468000024,11.772480011000027],[13.24209976200001,11.764360427999975],[13.245030402999987,11.762109755999973],[13.251230239999984,11.755069733000028],[13.255279540999993,11.752449989000013],[13.260439872999996,11.749429702999976],[13.264889717000017,11.747890471999995],[13.269339560999981,11.746339798000008],[13.27338981600002,11.743709564000028],[13.27814960500001,11.739609717999997],[13.281410216999973,11.734820366000008],[13.287210463999998,11.726690292],[13.289669990999982,11.719719886999997],[13.289910315999975,11.713529586999982],[13.289440155000023,11.708800316000008],[13.287449836999997,11.703379631000018],[13.285860061999983,11.699040412999977],[13.282449722000024,11.696559906000005],[13.278240203999985,11.691909790000011],[13.272210121,11.689109802000019],[13.266960143999995,11.688489914000002],[13.262120246999984,11.688949584999989],[13.257280349999974,11.689410210000005],[13.253540038999972,11.689479828000003],[13.246080398999993,11.68962955500001],[13.240119934000006,11.690469742000005],[13.234169959999974,11.691320419000022],[13.229319572000009,11.691780090000009],[13.218919754000012,11.694169998000007],[13.214469909999991,11.695710182000028],[13.211529731999974,11.697950363000018],[13.207159995999973,11.703140259000008],[13.205019950999997,11.70755004900002],[13.205100060000007,11.711190224000006],[13.205570221000016,11.715909957999997],[13.204540253000005,11.719940185999974],[13.200570106999976,11.726209641000025],[13.196599960000015,11.732480049000003],[13.192939758000023,11.736189841999987],[13.185560226000007,11.739979743999982],[13.17586994200002,11.740900039999985],[13.169509887999993,11.740659714000003],[13.16388034800002,11.738949776000027],[13.160460472000011,11.73647022199998],[13.155929565000008,11.734370232000003],[13.15141010299999,11.73227024099998],[13.14838981600002,11.730879784000024],[13.135840416000008,11.720560073999991],[13.13282966600002,11.719160079999995],[13.126790046999986,11.716369628999985],[13.119569778000027,11.710320473000024],[13.115440368999998,11.709309577999989],[13.109800339000003,11.707599640000012],[13.105270385999972,11.70549964899999],[13.100749968999992,11.703410148999978],[13.094710350000014,11.700610160999986],[13.088680266999972,11.697819709999976],[13.084549904000028,11.696809769000026],[13.080019950999997,11.694709778000004],[13.075889587000006,11.693699836999997],[13.071760177999977,11.69268989599999],[13.068030356999998,11.692760468000017],[13.062789916999975,11.692139626000028],[13.05381011999998,11.691590308999992],[13.044839858999978,11.691029549000007],[13.037770271,11.692270279000013],[13.032210350000014,11.694199561999994],[13.027050018000011,11.697210311999982],[13.021889686999998,11.700220107999996],[13.017120361000025,11.704319954000027],[13.013859749000005,11.709119797000028],[13.012120246999984,11.714619636999998],[13.011480330999973,11.719730377000019],[13.012749671999984,11.726619719999974],[13.016400336999993,11.740030289000003],[13.020689963999985,11.748319626000011],[13.025210381000022,11.750410079999995],[13.028229712999973,11.751810073999991],[13.03125,11.753210067999987],[13.036890029999995,11.75492000600002],[13.040699958999994,11.75848960899998],[13.047530173999974,11.76344966900001],[13.052129745000002,11.76918983500002],[13.057530402999987,11.77709007300001],[13.058799743999998,11.783989905999988],[13.060469626999975,11.791959763000023],[13.059989928999983,11.80436039],[13.064829825999993,11.821009635999985],[13.066419601000007,11.825349807999999],[13.068010329999993,11.829689980000012],[13.071100235000017,11.834730148000006],[13.075309752999999,11.839380263999999],[13.077610015999994,11.84224986999999],[13.083490372000028,11.854880332999983],[13.086270332000026,11.862469673000021],[13.087849617000018,11.866809844999977],[13.088410377999992,11.875169754000012],[13.088649750000002,11.886090278999973],[13.089119911000012,11.890819550000003],[13.088089943,11.894840240000008],[13.085309982000012,11.904370308000011],[13.084269523999978,11.908390044999976],[13.082920074000015,11.91497993500002],[13.081170082000028,11.920470238000007],[13.080860137999991,11.924579619999975],[13.08030033099999,11.931779860999995],[13.079270362999978,11.935799599000006],[13.078709602000004,11.944560050999996],[13.076959610000017,11.950050353999984],[13.075289725999994,11.959190368999998],[13.07330989799999,11.97087955500001],[13.071240424999985,11.978930472999991],[13.070210456999973,11.982959746999995],[13.070280075000028,11.986599921999982],[13.069250107000016,11.990630150000015],[13.069009780999977,11.996820449999973],[13.069169998000007,12.004099845999974],[13.068929672000024,12.010299683000028],[13.068690300000014,12.016489982999985],[13.069169998000007,12.021220206999999],[13.07083034499999,12.029199600000027],[13.072420120000004,12.033539771999983],[13.073690413999998,12.040430069000024],[13.074959755000009,12.047320366000008],[13.075119971999982,12.05459976200001],[13.07598972300002,12.060409546000017],[13.074319838999998,12.069549560999974],[13.074159622000025,12.079389572000025],[13.074239730999977,12.083029747000012],[13.074629784000024,12.101229667999974],[13.07940006299998,12.114239693000002],[13.084079741999972,12.123620033000009],[13.086460113999976,12.130129813999986],[13.089960098000006,12.136249541999973],[13.092260361000001,12.139120101999993],[13.098369597999977,12.145549774000017],[13.10416984599999,12.154540062000024],[13.11289978000002,12.161290168999983],[13.11964988699998,12.162610054000027],[13.123780251000028,12.163619994999976],[13.129739760999996,12.162779807999982],[13.134189606000007,12.161239624000018],[13.138239860999988,12.15861034400001],[13.14229011499998,12.155980109999973],[13.149491309999974,12.155835152000009]]]},"properties":{"fid":135,"cty_nm":"Nigeria","iso3cd":"NGA","adm1nm":"Borno","adm2nm":"Konduga","adm1cd":"NGA008","adm2cd":"NGA008016"}},{"type":"Feature","id":136,"geometry":{"type":"Polygon","coordinates":[[[11.95790004700001,10.556179999999983],[11.948929786999997,10.555629730000021],[11.93470954899999,10.554450035000002],[11.929470062000007,10.553830146999985],[11.923910141000022,10.555760383999996],[11.920180320999975,10.555830001999993],[11.91160011300002,10.556360245000008],[11.906439781000017,10.559379578000005],[11.902389525999979,10.562009810999996],[11.899049758999979,10.563159943000016],[11.89167022700002,10.566949844000021],[11.882769585000005,10.570039748999989],[11.879440308000028,10.571200370999975],[11.87539005299999,10.573829650999983],[11.871339798000008,10.57645988500002],[11.867280005999987,10.579079627999988],[11.856960297,10.585109710999973],[11.850449561999994,10.594710350000014],[11.844960212999979,10.600279807999982],[11.840200423999988,10.604379654000013],[11.835040091999986,10.607399939999993],[11.82987022399999,10.610409736999998],[11.824319838999998,10.612339973000019],[11.816450119000024,10.611399651],[11.81017971,10.614800452999987],[11.80766010299999,10.619099617000018],[11.802399634999972,10.617509842000004],[11.800089835999984,10.614640236000014],[11.796279906999985,10.611069679000025],[11.793190002000017,10.606030464000014],[11.789299964999998,10.598830222999993],[11.785400390999996,10.59162044499999],[11.781590461999997,10.58804988899999],[11.775879859999975,10.582699776000027],[11.770950316999972,10.579520226],[11.768250464999994,10.575570106999976],[11.763569831999973,10.56618976599998],[11.762860298000021,10.550550461],[11.760160445999986,10.52947998000002],[11.760800361999998,10.524370192999982],[11.760959624999998,10.514530181999987],[11.763339996000013,10.503930092000019],[11.763580321999996,10.497730255000022],[11.764929771000027,10.491149902000018],[11.766280173999974,10.484569550000003],[11.766920089999985,10.479459763000023],[11.767950057999997,10.47542953499999],[11.768980026000008,10.471400260999985],[11.76961994200002,10.466290474000004],[11.771769523999978,10.461879730000021],[11.772009850000018,10.455690383999979],[11.773360251999975,10.44909954100001],[11.775500297999997,10.444689750999999],[11.777959823999993,10.437720298999977],[11.780110358999991,10.433309554999994],[11.783370018000028,10.428509711999993],[11.785510063000004,10.424099921999982],[11.789480208999976,10.417830466999987],[11.791230202000008,10.412340164],[11.794010162000006,10.402810096999985],[11.795040131000007,10.398790358999975],[11.795680045999973,10.393679619000011],[11.797430038000016,10.388179778999984],[11.797349929999996,10.384539603999997],[11.797989845000018,10.379429817000016],[11.799019814000019,10.375399589999972],[11.801480292999997,10.368430138000008],[11.804340362999994,10.362549781999974],[11.80609035499998,10.357049942000003],[11.807040214999972,10.349390029999995],[11.806570052999973,10.344659804999992],[11.806409836,10.33738040899999],[11.806650161999983,10.331190108999976],[11.806889533999993,10.324990273000026],[11.80601978300001,10.31917953499999],[11.806650161999983,10.314069748000009],[11.806570052999973,10.310429573000022],[11.810070037999992,10.299440383999979],[11.814439773999993,10.294249535000006],[11.818010329999993,10.286899566999978],[11.816820145000008,10.28365039800002],[11.813329696999972,10.27752018000001],[11.810230255000022,10.27248954800001],[11.80601978300001,10.267829894999977],[11.803720473999988,10.264969826000026],[11.799909592000006,10.26140022300001],[11.796099663000007,10.25782966600002],[11.793399810999972,10.253879546999997],[11.790699958999994,10.249930382000002],[11.78950977300002,10.246669768999993],[11.789429665,10.243229865999979],[11.795390128999998,10.242190360999984],[11.801739693000002,10.242429732999994],[11.806659697999976,10.245610236999994],[11.811900138999988,10.246230125000011],[11.816029549000007,10.247240067000007],[11.819049834999987,10.248640060000014],[11.825090407999994,10.251440048000006],[11.834460257999979,10.25306987800002],[11.840100287999974,10.254779815999996],[11.845339775000014,10.255410193999978],[11.850259780999977,10.258589744999995],[11.856300353999984,10.261380196000005],[11.862010001999977,10.266730309000025],[11.869560241999977,10.270230292999997],[11.874079703999996,10.272319793999998],[11.877889632999995,10.275890349999997],[11.882100105000006,10.28054046599999],[11.885910034000005,10.284110069000008],[11.890839577000008,10.287289618999978],[11.897029877000023,10.297360420000018],[11.905289649999986,10.299389839000014],[11.911720275999983,10.303270339999983],[11.915530204999982,10.306830406000017],[11.920539856000005,10.313650130999974],[11.925849915000015,10.317919731000018],[11.929269791000024,10.32040023799999],[11.93943023700001,10.32421016699999],[11.963649750000002,10.339019774999997],[11.974539757000002,10.353469849000021],[11.97826004000001,10.358400345000007],[11.982549667,10.366689682000015],[11.98565006299998,10.371729850999998],[11.99104023000001,10.379639626000028],[11.992630005000024,10.383979796999995],[11.998749733000011,10.390410422999992],[12.000729561000014,10.39583015400001],[12.003829956000004,10.400870322999992],[12.005020141999978,10.404129981999972],[12.006999968999992,10.40954971299999],[12.008990288000007,10.41497039799998],[12.009860038999989,10.420780181999987],[12.010729790000028,10.426589965999995],[12.010490417000028,10.432789802999991],[12.01097011600001,10.437509536999983],[12.010330199999999,10.442620277000003],[12.009300231999987,10.446649551000007],[12.009059906000005,10.452839851000022],[12.008419990999982,10.457960129000014],[12.008190155000023,10.464150428999972],[12.008740424999985,10.472519874999989],[12.007390021999981,10.479100227000004],[12.007149695999999,10.485289573999978],[12.005080222999993,10.493350028999998],[12.004449844000021,10.49845981599998],[12.003809928999999,10.503569603000017],[12.002059937000013,10.509059906000005],[12.001029968000012,10.513090133999981],[11.997059821999983,10.519359588999976],[11.994910240000024,10.523770332000026],[11.991660118000027,10.528570175000027],[11.989109993,10.531900405999977],[11.986570357999994,10.535220145999972],[11.98219966900001,10.540410042000019],[11.979660034000005,10.543740273000026],[11.976719855999988,10.545980453000027],[11.970849991000023,10.550459862000025],[11.96568012199998,10.553480148000006],[11.95790004700001,10.556179999999983]]]},"properties":{"fid":136,"cty_nm":"Nigeria","iso3cd":"NGA","adm1nm":"Borno","adm2nm":"Kwaya Kusar","adm1cd":"NGA008","adm2cd":"NGA008018"}},{"type":"Feature","id":138,"geometry":{"type":"Polygon","coordinates":[[[12.867239951999977,12.387169837999977],[12.858019829,12.392809867999972],[12.848730086999979,12.394820213000003],[12.842060088999972,12.39713001299998],[12.835390091000022,12.399450301999991],[12.815690040999982,12.403840064999997],[12.810850142999982,12.404299735999984],[12.804889678999984,12.40515041399999],[12.793689728000004,12.405369758999996],[12.785120010000014,12.40590000200001],[12.778450012000008,12.40822029100002],[12.770259856999985,12.409830092999982],[12.765819550000003,12.411379813999986],[12.757559775999994,12.409359931999973],[12.750089645000003,12.409500121999997],[12.743740081999988,12.409259796000015],[12.739290236999977,12.41081047099999],[12.733730315999992,12.412739753999972],[12.725549698000009,12.414360046000013],[12.71364021300002,12.416049956999984],[12.708080291999977,12.417980193999995],[12.700300217000006,12.420680045999973],[12.689889907999998,12.423069954000027],[12.683939934000023,12.423910141000022],[12.677269936000016,12.426230431000022],[12.671310425000001,12.42708015400001],[12.667969703999972,12.428230285999973],[12.660909652999976,12.429459571999985],[12.654239655000026,12.431779860999995],[12.64795970900002,12.43517971],[12.642080307000015,12.43966960900002],[12.636210441999992,12.444149971000002],[12.631119727999987,12.450810432000026],[12.623820304999981,12.458230018999984],[12.618410110000013,12.467450142000018],[12.61293029799998,12.473019599999986],[12.605939864999982,12.477890015000014],[12.598950386000013,12.482760428999995],[12.588950157,12.486229896999987],[12.582989693000002,12.487079619999975],[12.572190284999976,12.488380431999985],[12.564009666000004,12.489999770999987],[12.552809715000024,12.49022007000002],[12.546859740999992,12.491069793999998],[12.54312038400002,12.491140366000025],[12.534150124000007,12.490590096000005],[12.529310226000007,12.491049766999993],[12.52334976200001,12.491889953999987],[12.517390250999995,12.492739676999975],[12.510009765999996,12.496520041999986],[12.502220153999986,12.499230384999976],[12.493330001999993,12.50232029],[12.488880156999983,12.503860474000021],[12.479669570999988,12.509499549999987],[12.467599869000026,12.521030425999982],[12.464019774999997,12.52838039400001],[12.459329604999994,12.536120415000028],[12.456080437000026,12.540920258000028],[12.452500342999997,12.548270226],[12.448690413999998,12.561820029999978],[12.444000243999994,12.569560050999996],[12.439229964999981,12.573659897000027],[12.437089920000005,12.578080177000004],[12.433899879000023,12.581310271999996],[12.431511879000027,12.578156471],[12.429726601000027,12.574008941999978],[12.428620337999973,12.571440697000014],[12.427169800000001,12.568070411999997],[12.424435615999982,12.563282012999991],[12.422634125000002,12.560127258000023],[12.42082977299998,12.556967735],[12.419352531000015,12.554381370999977],[12.415559769000026,12.551879883000026],[12.412240027999985,12.546629906000021],[12.40931987800002,12.543629646],[12.406200409000007,12.53950977300002],[12.404439926000009,12.536319733000028],[12.402480125000011,12.53199958800002],[12.400529860999995,12.527689934000023],[12.398770332000026,12.524499892999984],[12.39811039,12.519479751999995],[12.395082473999992,12.515708922999977],[12.388899803000015,12.508009910999988],[12.385880470000018,12.506609916999992],[12.376749991999986,12.498780251000028],[12.37051010099998,12.493200301999991],[12.368009567000001,12.492030144000012],[12.36380004900002,12.487380028000018],[12.360121726999978,12.485160828000005],[12.356522559999974,12.482988358],[12.352919579000002,12.480814934000023],[12.350848197999994,12.48062801399999],[12.345399857000018,12.479909897000027],[12.343202591000022,12.47661113700002],[12.34053039600002,12.47259998300001],[12.33764266999998,12.471016883999994],[12.334659575999979,12.469380378999972],[12.331842422000022,12.468075752000004],[12.325610160999986,12.465189934000023],[12.322039603999997,12.462860106999983],[12.318401337000012,12.460733414000003],[12.315559387000008,12.45907211299999],[12.311920165999993,12.459870337999973],[12.308030127999984,12.458189963999985],[12.304140091000022,12.456500053000013],[12.30043983500002,12.455949782999994],[12.297719954999991,12.454070091000006],[12.291099547999977,12.45051956200001],[12.287010193000015,12.447710036999979],[12.283153534000007,12.442832947],[12.280616759999987,12.441782950999993],[12.278630256999975,12.44095993000002],[12.275952339000014,12.438990593000028],[12.272006035000004,12.435992241000008],[12.269373894000012,12.433993339999972],[12.265500068999984,12.431050301000028],[12.265379906000021,12.426910399999997],[12.261099815000023,12.422969818000013],[12.260620116999974,12.420269965999978],[12.262880325000026,12.413619994999976],[12.264630318000002,12.408120155000006],[12.267809867999972,12.399689674000001],[12.269160270999976,12.393099785000004],[12.270359039000027,12.388415337000026],[12.272461890999978,12.386264800999982],[12.274535178999997,12.379438400000026],[12.276667594999992,12.377512932000002],[12.277580261000026,12.368180274999986],[12.281550406999997,12.361909866000019],[12.285840033999989,12.353079795999975],[12.290840149000019,12.342789649999986],[12.298390387999973,12.329159736999998],[12.30156993899999,12.320730208999976],[12.304030418000025,12.313759803999972],[12.304269791000024,12.307559966999975],[12.305780411,12.291150092999999],[12.30601978300001,12.284950256000002],[12.30547046700002,12.276590347000024],[12.303640366000025,12.261329650999983],[12.303560257000015,12.257690430000025],[12.304120064000017,12.248929976999989],[12.303170204000025,12.239489554999977],[12.30420017199998,12.235460280999973],[12.30405044600002,12.228179931999989],[12.303170204000025,12.222370147999982],[12.303090096000005,12.218729972999995],[12.30062961599998,12.208580016999974],[12.299360275000026,12.20168971999999],[12.296509743000001,12.190449715],[12.291589736999981,12.170160294000027],[12.288809775999994,12.162570000000017],[12.28388977100002,12.142270087999975],[12.274200439000026,12.108960152000009],[12.27173995999999,12.098810195999988],[12.269680022999978,12.089739798999972],[12.268409728999984,12.082850456000017],[12.264840126000024,12.073089600000003],[12.26278019,12.064020157000016],[12.257539748999989,12.046279906999985],[12.25372981999999,12.025600433000022],[12.252059937000013,12.017620087000012],[12.251205443999993,12.012550353999984],[12.250635147000025,12.009166718000017],[12.24991989099999,12.00492000600002],[12.249360084999978,11.996549605999974],[12.248410224999986,11.987099648000026],[12.248180389000026,11.97618007699998],[12.248809814000026,11.97107029],[12.247859955000024,11.961620331000006],[12.245559691999972,11.941639899999984],[12.24468994099999,11.935830115999977],[12.246589660999973,11.924671172999979],[12.24969005600002,11.925530433999995],[12.255490302999988,11.925184249999973],[12.25977992999998,11.925700188000008],[12.263910294000027,11.926710129000014],[12.270660399999997,11.928030014],[12.277409553999973,11.92936039],[12.281140327000003,11.929289817999972],[12.285269737000021,11.930299758999979],[12.288999557000011,11.930219650000026],[12.294239998000023,11.930850028999998],[12.299090385,11.930390358000011],[12.302820205999978,11.930319785999984],[12.307669639999972,11.929860114999997],[12.314020157000016,11.93010044099998],[12.317749977000005,11.930020332000026],[12.326330185000018,11.929490089000012],[12.334910392999973,11.928959845999998],[12.341970444000026,11.92772007000002],[12.350549698000009,11.927189827000007],[12.354280472000028,11.927120209000009],[12.359129906000021,11.926659583999992],[12.363969802999975,11.926199913000005],[12.369930266999972,11.925350189000028],[12.377389907999998,11.925209999000003],[12.382240294999974,11.924750328000016],[12.38597011600001,11.924670219000006],[12.390819550000003,11.924220085000002],[12.397879601,11.922980309000025],[12.402729987999976,11.922519684000008],[12.40907955199998,11.92276000999999],[12.413929939000013,11.922300339000003],[12.417659759999992,11.922229766999976],[12.425120354,11.922080040000026],[12.432990073999974,11.923020362999978],[12.437829970999985,11.922559738000018],[12.44417953499999,11.922800064],[12.450139998999987,11.921959877000006],[12.455380439999999,11.922579765000023],[12.463959693999982,11.922050475999981],[12.467690468,11.921979904000011],[12.472530365000011,11.921520233000024],[12.477379799000005,11.921059608000007],[12.484840393000013,11.92090988199999],[12.488180161000002,11.919750213999976],[12.493020058000013,11.919289589000016],[12.500089645000003,11.918060303000004],[12.507559775999994,11.917909622000025],[12.511289596999973,11.917840004000027],[12.515020370000002,11.917770385999972],[12.519869803999995,11.917309761000013],[12.523599624999974,11.917229652000003],[12.533289909000018,11.916319847000011],[12.538530349999974,11.916939735000028],[12.547109604000013,11.916410445999986],[12.553059577999989,11.915559769000026],[12.557909966000011,11.915100097999982],[12.562749863000022,11.914640426999995],[12.566089630000022,11.913490294999974],[12.569419860999972,11.912329673999977],[12.575380325000026,11.91147995],[12.581339835999984,11.910639763000006],[12.585780144000012,11.909090042000003],[12.594280243000014,11.904919624000001],[12.598329544000023,11.902290343999994],[12.602780342000017,11.900750159999973],[12.617159843000024,11.892089843999997],[12.624139786,11.887220382999999],[12.631850242999974,11.880869865000022],[12.63438987699999,11.877550125000027],[12.63875961299999,11.87236022899998],[12.640899658000023,11.867950439000026],[12.643449782999994,11.864620209000009],[12.648209571999985,11.860520362999978],[12.652580261000026,11.855340004000027],[12.656949997000027,11.85015010799998],[12.659090042000003,11.845740318000026],[12.663060187999974,11.839469909999991],[12.666879654000013,11.84304046599999],[12.669890404,11.844440459999987],[12.674420356999974,11.846529960999987],[12.679659843000024,11.847160339000027],[12.687919616999977,11.849180221999973],[12.691650390999996,11.849109650000003],[12.695389748000025,11.849029540999993],[12.700630187999991,11.849659920000022],[12.708089828000027,11.849510193000015],[12.71634960199998,11.851530075000028],[12.726829528999986,11.852789879],[12.730569838999998,11.85270976999999],[12.73581028000001,11.853340149000019],[12.742159843000024,11.853580475000001],[12.745889664000003,11.853500365999992],[12.750020027000005,11.85451984399998],[12.753760338000006,11.854439735000028],[12.757880210999986,11.855449677000024],[12.761619568000015,11.85538005799998],[12.765350341999977,11.855310439999982],[12.770589828000027,11.855930328],[12.778450012000008,11.856869698000025],[12.786310195999988,11.857810019999988],[12.790049553000017,11.857729912000025],[12.793780326999979,11.857660294000027],[12.800849915000015,11.856430053999986],[12.809820175000027,11.856980324000006],[12.813549995000017,11.856909751999979],[12.819910048999986,11.857150078000018],[12.827770233000024,11.858079910000015],[12.837860106999983,11.858249664000027],[12.843489647000013,11.859959602000004],[12.847229958000014,11.859889984000006],[12.85326004000001,11.862680435000016],[12.864139556999987,11.865019797999992],[12.871999741000025,11.865949630999978],[12.878359794999994,11.866189957000017],[12.88549995400001,11.86859989200002],[12.890430449999997,11.87178039600002],[12.894949913000005,11.873880385999996],[12.907019615000024,11.879469872000016],[12.91265964500002,11.881179809999992],[12.920920372000012,11.883199692000005],[12.926159858999995,11.883830069999988],[12.938549995000017,11.886859893999997],[12.94307994799999,11.88895988500002],[12.951410294000027,11.89461994200002],[12.95522975900002,11.89818954499998],[12.958239554999977,11.899580001999993],[12.96277046199998,11.901679993000016],[12.968409538000003,11.903389930999992],[12.97181987800002,11.905870438000022],[12.977939606000007,11.912309646999972],[12.981030464000014,11.917340278999973],[12.982620239000028,11.921680449999997],[12.98270034799998,11.925319672],[12.981739998000023,11.932990073999974],[12.97959995299999,11.937399863999985],[12.97642040300002,11.945839881999973],[12.974280356999998,11.950249671999984],[12.97142028799999,11.956130028000018],[12.969269752999992,11.960550307999995],[12.969750404000024,11.965270041999986],[12.969510077999985,11.971469878999983],[12.964659691000008,11.989040375000002],[12.965220450999993,11.99740982100002],[12.96568965900002,12.00212955500001],[12.96926021600001,12.011890411000024],[12.969340323999972,12.015529633000028],[12.970930098999986,12.019869803999995],[12.974820136999995,12.027079581999999],[12.978309631000002,12.033200264000016],[12.982130051000013,12.036769866999975],[12.985219954999991,12.041810036000015],[12.98902988399999,12.045370101999993],[12.992130280000026,12.050410270999976],[12.996729850999998,12.056150435999996],[12.999039649999986,12.05900955200002],[13.001020432000018,12.064439773999993],[13.003009796000015,12.069860457999994],[13.005709647999993,12.073809623999978],[13.006899834000023,12.077070235999997],[13.007450103999986,12.085430144999975],[13.007209778000004,12.091629981999972],[13.008079528999986,12.09743976599998],[13.011179923999975,12.10247039799998],[13.017769814000019,12.113630295000007],[13.018959999000003,12.116889953999987],[13.020950316999972,12.122309685000005],[13.025230408000027,12.130599975999985],[13.030240058999993,12.137419700999999],[13.031499863000022,12.144319533999976],[13.03349018099999,12.149740219000023],[13.038089752000019,12.155480384999976],[13.042699814000002,12.161210059999974],[13.046509743000001,12.16477966299999],[13.052149772999996,12.166489601000023],[13.056679726000027,12.16858959199999],[13.060810088999972,12.169599532999996],[13.071450233000007,12.178130150000015],[13.078590393000013,12.180540085000018],[13.083120345999987,12.182629584999972],[13.089150428999972,12.185429573000022],[13.096699715,12.188920021000001],[13.100830078000001,12.189929962000008],[13.106860160999986,12.19272995],[13.111390114000017,12.194820403999984],[13.11592006699999,12.196920395000006],[13.121549605999974,12.198630332999983],[13.123820304999981,12.199680328],[13.122739792000004,12.20188045499998],[13.113610268000002,12.211170197000001],[13.108449936,12.214179993000016],[13.101460456999973,12.219050406999997],[13.091529846000014,12.226169586000026],[13.085969924999972,12.22809982299998],[13.083029747000012,12.230340004000027],[13.076760292000017,12.233739852999975],[13.073419570999988,12.234900475000018],[13.070480347,12.237139701999979],[13.065320014999998,12.240159988000016],[13.06237983699998,12.242400169000007],[13.059049605999974,12.24355983700002],[13.051659583999992,12.247340201999975],[13.046500206000019,12.250359534999973],[13.042840004000027,12.254070281999986],[13.035849571000028,12.258939742999985],[13.029979706000006,12.263429642000006],[13.025930404999997,12.266059874999996],[13.020449638000002,12.271630286999994],[13.013460158999976,12.276499747999992],[13.009799956999984,12.280209540999977],[13.005749702000003,12.282839775000014],[12.99987983699998,12.287329673999977],[12.994000434999975,12.291810036000015],[12.989950179999994,12.294440269000006],[12.985899925000012,12.297069550000003],[12.979299545000003,12.303030014],[12.976369857999998,12.305270194999991],[12.968660354999997,12.311610222000013],[12.963500022999995,12.31462955500001],[12.954999923999992,12.318799973000012],[12.943559646999972,12.325220107999996],[12.937999724999997,12.327150345000007],[12.932840347000024,12.330160141000022],[12.928389548999974,12.331709862000025],[12.921719551000024,12.334019661000013],[12.915049553000017,12.336339951000014],[12.909890174999987,12.339349747000028],[12.903300285,12.345310211000026],[12.898929596000016,12.350489616000004],[12.894880295000007,12.353119849999985],[12.89194011699999,12.355369568000015],[12.886059761000013,12.359849929999996],[12.882800101999976,12.364649772999996],[12.881130219,12.373789787000021],[12.873430251999991,12.380129813999986],[12.867239951999977,12.387169837999977]]]},"properties":{"fid":138,"cty_nm":"Nigeria","iso3cd":"NGA","adm1nm":"Borno","adm2nm":"Magumeri","adm1cd":"NGA008","adm2cd":"NGA008020"}},{"type":"Feature","id":139,"geometry":{"type":"Polygon","coordinates":[[[13.059989928999983,11.80436039],[13.062609672999997,11.80467033399998],[13.067449570000008,11.80420970900002],[13.07118988000002,11.804140091000022],[13.074919700999999,11.804059982000012],[13.080880164999996,11.803219795000018],[13.083889961000011,11.804610251999975],[13.088740348999977,11.804149628000005],[13.092470169000023,11.804080009000018],[13.101369857999998,11.800990104999983],[13.105099677999988,11.800919533000013],[13.11104965200002,11.800069808999979],[13.117730140999981,11.79776000999999],[13.125189781000017,11.797610282999983],[13.13368988000002,11.793439864999982],[13.137820244000011,11.794449805999989],[13.143770217999986,11.793600082000012],[13.146320343000014,11.790280342000017],[13.149490356000001,11.781840323999972],[13.153229712999973,11.78176021600001],[13.15695953400001,11.781689643999982],[13.161490440000023,11.783789635000005],[13.170860290999997,11.785420418000001],[13.17284011800001,11.790849686000001],[13.182530402999987,11.789930344000027],[13.186739922000015,11.79458046000002],[13.191260338000006,11.796680449999997],[13.19285011300002,11.801010131999988],[13.191820145000008,11.805040358999975],[13.191900252999972,11.808679580999978],[13.189749717999973,11.813090323999972],[13.182920455999977,11.825240135000001],[13.177439690000028,11.830820083999981],[13.172829627999988,11.842189788999974],[13.172200202999989,11.847310065999977],[13.172670363999998,11.852029800000025],[13.172750473000008,11.855669975000012],[13.170610427999975,11.860079765000023],[13.163700103999986,11.86859035499998],[13.160039901999994,11.872309685000005],[13.156470298999977,11.879659652999976],[13.15431976299999,11.884070396000027],[13.152179718000014,11.88848972300002],[13.14748954800001,11.896220206999999],[13.142410278,11.902879714999983],[13.139470099999983,11.905119895999974],[13.132479667999974,11.909999846999995],[13.124699593000003,11.912699698999972],[13.119529724000017,11.915710449000017],[13.115480423000008,11.918339729000024],[13.112150192000001,11.91950035100001],[13.101739882999993,11.921890259000008],[13.095789909000018,11.922730446000003],[13.092450142000018,11.923890114000017],[13.088720321999972,11.92397022199998],[13.085379601,11.925120354],[13.080860137999991,11.924579619999975],[13.081170082000028,11.920470238000007],[13.082920074000015,11.91497993500002],[13.084269523999978,11.908390044999976],[13.085309982000012,11.904370308000011],[13.088089943,11.894840240000008],[13.089119911000012,11.890819550000003],[13.088649750000002,11.886090278999973],[13.088410377999992,11.875169754000012],[13.087849617000018,11.866809844999977],[13.086270332000026,11.862469673000021],[13.083490372000028,11.854880332999983],[13.077610015999994,11.84224986999999],[13.075309752999999,11.839380263999999],[13.071100235000017,11.834730148000006],[13.068010329999993,11.829689980000012],[13.066419601000007,11.825349807999999],[13.064829825999993,11.821009635999985],[13.059989928999983,11.80436039]]]},"properties":{"fid":139,"cty_nm":"Nigeria","iso3cd":"NGA","adm1nm":"Borno","adm2nm":"Maiduguri","adm1cd":"NGA008","adm2cd":"NGA008021"}},{"type":"Feature","id":140,"geometry":{"type":"Polygon","coordinates":[[[14.166709259000015,12.706048767000027],[14.166654790999985,12.706044651000013],[14.15292648000002,12.705002755999999],[14.15276527399999,12.704970360000004],[14.147839546,12.705400467000004],[14.142600060000007,12.704770087999975],[14.133620262000022,12.704219818000013],[14.126870155000006,12.702890395999987],[14.121230125000011,12.70118045800001],[14.115989684999988,12.700559616000021],[14.11147022199998,12.698459624999998],[14.103610038999989,12.697529793000001],[14.093520163999983,12.697360038999989],[14.086770058000013,12.696040154000002],[14.076290131000007,12.694789886000024],[14.066920279999977,12.693149566999978],[14.05793952900001,12.692600249999998],[14.047860146000005,12.692429543000003],[14.040390015000014,12.692580222999993],[14.011249541999973,12.691690445000006],[13.99472999599999,12.687649727000007],[13.975990294999974,12.684379578000005],[13.956529617000001,12.682570456999997],[13.937870025999985,12.68293952900001],[13.919919967999988,12.681839943],[13.913960456999973,12.682680129999994],[13.902770041999986,12.682900428999972],[13.892359734000024,12.685290337000026],[13.87448978399999,12.687829970999985],[13.868539810000016,12.68867015799998],[13.859959602000004,12.689209937999976],[13.85138034800002,12.68974018099999],[13.843520163999983,12.688799857999982],[13.831930161000002,12.687939643999982],[13.821439742999985,12.686690331000023],[13.813179970000022,12.684659957999997],[13.806039810000016,12.682259559999977],[13.799289703,12.680930138000008],[13.796270370000002,12.679530144000012],[13.790630340999996,12.677820205999978],[13.782810211000026,12.66722011600001],[13.75601005599998,12.648280144000012],[13.754420279999977,12.643939971999998],[13.751720427999999,12.639989852999975],[13.749420165999993,12.637120246999984],[13.74822998000002,12.633870124999987],[13.745929718000014,12.630999565000025],[13.742440224000006,12.62487983699998],[13.735919952000017,12.617360114999997],[13.733619690000012,12.614489554999977],[13.731320380999989,12.611619948999987],[13.730130196000005,12.60836982699999],[13.728940009999974,12.60511016800001],[13.728070258999992,12.599300384999992],[13.728699683999992,12.594189643999982],[13.731800078999981,12.58211040499998],[13.730529784999987,12.575220107999996],[13.728469849000021,12.566160201999992],[13.727990149999982,12.561429976999989],[13.727910042000019,12.557789802999991],[13.72782993300001,12.554149628000005],[13.727760315000012,12.550510406],[13.72727966299999,12.545780181999987],[13.727519988999973,12.539589881999973],[13.726169586000026,12.529060363999974],[13.725299834999987,12.523249625999995],[13.723230361999981,12.514180183000008],[13.722760201000028,12.509460449000017],[13.721409798000025,12.498920440999996],[13.723079681000002,12.489789963000021],[13.722999572999981,12.486149787999977],[13.724349975999985,12.47955989799999],[13.722760201000028,12.47523021699999],[13.72189044999999,12.469420432999982],[13.716890335000016,12.462590218000003],[13.713470459000007,12.460109710999973],[13.708950043000016,12.458020209999972],[13.704420089999985,12.455920219000006],[13.701399803000015,12.454520226],[13.698390007,12.453129767999997],[13.692350388000023,12.450329780999994],[13.689330100999996,12.448929786999997],[13.685199737999994,12.44791984599999],[13.679570198000022,12.446209908000014],[13.67543983500002,12.445199966000018],[13.669079780999994,12.444959641000025],[13.65931987800002,12.442239760999996],[13.656299590999993,12.440839767],[13.652879714999983,12.438360214],[13.646059990000026,12.433400154000026],[13.642640114000017,12.430919646999996],[13.638830185000018,12.42735004399998],[13.633910178999997,12.42416953999998],[13.630410193999978,12.418049811999992],[13.628109931999973,12.415180206000002],[13.625089645000003,12.413780212000006],[13.620169639999972,12.410599708999996],[13.61604023000001,12.409589767],[13.613019942999983,12.408189773999993],[13.609999657000003,12.406789779999997],[13.605879784000024,12.40577983899999],[13.602860451000026,12.404390335000016],[13.597620010000014,12.403759955999988],[13.593879700000002,12.403829574999975],[13.589360236999994,12.401740073999974],[13.584910392999973,12.403280257999995],[13.581569672,12.404439926000009],[13.578240395000023,12.405599594000023],[13.570460319999995,12.408300399999973],[13.566720008999994,12.408370018000028],[13.562279701000023,12.409919738999974],[13.558540343999994,12.409990311000001],[13.554809569999975,12.410070419000022],[13.54916953999998,12.408359528000005],[13.546150207999972,12.40695953400001],[13.540120124999987,12.404159546000017],[13.536709785000028,12.401679993000016],[13.531069756000022,12.399970054999983],[13.524709701999996,12.399729729],[13.520979881000017,12.39980983700002],[13.515740395000023,12.399180412000021],[13.51049995400001,12.398550033999982],[13.50263977100002,12.397620200999995],[13.495889664000003,12.396289824999997],[13.492070198000022,12.39272975900002],[13.488659858999995,12.390239715999996],[13.486359596,12.387379646],[13.485170363999998,12.38411998700002],[13.483980179000014,12.380869865000022],[13.481200218000026,12.373279572000001],[13.481829643000026,12.36816978500002],[13.481360435,12.363439560000018],[13.481280326999979,12.359800339000003],[13.481200218000026,12.356160164000016],[13.478420258000028,12.348569870000006],[13.475009918000012,12.346079825999993],[13.471590042000003,12.343600272999993],[13.469289779999997,12.340729712999973],[13.466589928000019,12.336779594000006],[13.464610100000016,12.331359862999989],[13.464529991000006,12.327719688000002],[13.463339806000022,12.324460030000012],[13.463259697000012,12.320819855000025],[13.463100433000022,12.313540459000023],[13.462630272000013,12.308819771000003],[13.462470054999983,12.301540375000002],[13.464449882999986,12.289850235000017],[13.46549034100002,12.285820006999984],[13.465009688999999,12.281100272999993],[13.466210364999995,12.277319907999981],[13.471130371000015,12.270409583999992],[13.474390029999995,12.265620232000003],[13.477640151999992,12.260820389000003],[13.483440399000017,12.252690314999995],[13.486700057999997,12.247890471999995],[13.488840102999973,12.243479729],[13.490909575999979,12.235429764000003],[13.49193954499998,12.231399536000026],[13.494090079999978,12.226989746000015],[13.496230125000011,12.222579956000004],[13.497980117999987,12.217080115999977],[13.500519752999992,12.213749886000016],[13.512280464000014,12.204779625000015],[13.515529633000028,12.199990273000026],[13.51846981,12.197739601000023],[13.523630142000002,12.194729805000009],[13.530309676999991,12.19241046899998],[13.533960342,12.188699722000024],[13.540229796999995,12.18529987300002],[13.54539966599998,12.182279586999982],[13.551670074000015,12.178879737999978],[13.555720328999996,12.176250458000027],[13.559769630000005,12.17362022399999],[13.567079544000023,12.166199683999992],[13.571049689999995,12.159930228999997],[13.574709891999987,12.15620994599999],[13.580180168000027,12.150639533999993],[13.582730292999997,12.147319793999998],[13.585670471000014,12.145070076000025],[13.589320182999984,12.141360282999983],[13.593370438000022,12.138730049000003],[13.599639893000017,12.135330199999999],[13.605919837999977,12.131930350999994],[13.614100456000017,12.13031005900001],[13.624110222000013,12.126839637999979],[13.628950119000024,12.126379966999991],[13.633790015999978,12.125920296000004],[13.639039992999983,12.12654018400002],[13.649120331000006,12.126709937999976],[13.659919738999974,12.125410079999995],[13.667389870000022,12.125260352999987],[13.672229766999976,12.124799728000028],[13.676360129999978,12.125809668999977],[13.680089951000014,12.12574005099998],[13.684220314000015,12.126749991999986],[13.68986034400001,12.12845993000002],[13.698909759999992,12.132650375000026],[13.703840255999978,12.135829925999985],[13.707650184999977,12.139399529000002],[13.710350037000012,12.143349648000026],[13.711540221999996,12.146599770000023],[13.714240073999974,12.150560379000012],[13.719320297000024,12.161020279000013],[13.726229667999974,12.169619560000001],[13.72852992999998,12.17249012000002],[13.731940269000006,12.174969673000021],[13.735360146000005,12.177450179999994],[13.739170074000015,12.18101978300001],[13.742190360999984,12.182419777000007],[13.746789932000013,12.188150405999977],[13.749890327000003,12.193189620999988],[13.75329971299999,12.195670128000017],[13.757120132000011,12.199239730999977],[13.760129929000016,12.200639724999974],[13.763469696000016,12.199480057000017],[13.769029617000001,12.197549820000006],[13.773480414999995,12.196009635999985],[13.777529716000004,12.193380355999977],[13.78085994700001,12.192219733999991],[13.788960456999973,12.186960220000003],[13.793410300999994,12.185420035999982],[13.797860146000005,12.183870316000025],[13.801190376000022,12.182709693999982],[13.805640220999976,12.18117046399999],[13.809690475000025,12.17854023000001],[13.813030243000014,12.177379608000024],[13.817480086999979,12.175840377999975],[13.820810317999985,12.174679755999989],[13.830100060000007,12.17267990099998],[13.836059569999975,12.171830177000004],[13.842020035000019,12.17098999000001],[13.848369597999977,12.171230315999992],[13.851389885000003,12.172619820000023],[13.857660294000027,12.169219971000018],[13.863860129999978,12.162179947000027],[13.866789817999972,12.15993976599998],[13.870129584999972,12.158780098000022],[13.87306976299999,12.156539916999975],[13.877519608,12.154990196000028],[13.88117027300001,12.151280402999987],[13.885700225999983,12.136260032999985],[13.886260032999985,12.127510071000017],[13.886179923999975,12.123869895999974],[13.889430045999973,12.119070052999973],[13.89346981,12.114769936000016],[13.898489951999977,12.123259544000007],[13.902620316000025,12.124270438999986],[13.909370421999995,12.125599861000012],[13.916430472999991,12.124369621000028],[13.922710418999998,12.120969772000024],[13.928270339999983,12.119039536000002],[13.931599617000018,12.117879867999989],[13.937159538000003,12.115949630999978],[13.941610335999997,12.114399909999975],[13.945340156999976,12.114330291999977],[13.949080466999987,12.114259720000007],[13.953519820999986,12.112709999000003],[13.960590362999994,12.11147975900002],[13.963290214999972,12.115429877999986],[13.964480400000014,12.118689537000023],[13.965669632000015,12.12193965900002],[13.967260361000001,12.126279830999977],[13.971549987999992,12.134570122000014],[13.974639893000017,12.139610290999997],[13.97813987699999,12.145730018999984],[13.980839729000024,12.149680138000008],[13.982029914999998,12.152939795999998],[13.984009743000001,12.158359528000005],[13.988699913000005,12.167739868000012],[13.989890098999979,12.17098999000001],[13.992270469999994,12.177499770999987],[13.994250297999997,12.182920455999977],[13.996239661999994,12.188349723999977],[14.000519752999992,12.196640015000014],[14.001709937999976,12.199890137000011],[14.00329971299999,12.204230309000025],[14.004890441999976,12.208569527000009],[14.00648021699999,12.212909697999976],[14.009969710999997,12.219030379999992],[14.013859749000005,12.226240157999996],[14.015449524000019,12.23058033000001],[14.021719932999986,12.244290352000007],[14.024020194999991,12.247159957999997],[14.025609970000005,12.25150013000001],[14.027199745000019,12.255840302000024],[14.029580115999977,12.262350082000012],[14.032679557999984,12.267379760999972],[14.035380363000002,12.271340370000019],[14.038470268000026,12.27637004899998],[14.041170120000004,12.280329703999996],[14.046970366999972,12.289319992000003],[14.049269675999994,12.29218006100001],[14.051250458000027,12.297610282999983],[14.053239822000023,12.303030014],[14.054430007999997,12.30628967299998],[14.056409836,12.311710358000028],[14.057600020999985,12.314959525999996],[14.059189795999998,12.319299698000009],[14.060779572000001,12.323639870000022],[14.062769890000027,12.329059600999983],[14.063960075000011,12.332320213000003],[14.067049979999979,12.337360381999986],[14.06824016600001,12.34060955000001],[14.071740149999982,12.346730232000027],[14.072930336000013,12.349989891000007],[14.074509621000004,12.354319572000009],[14.076820374000022,12.357190132000028],[14.079199791000008,12.363699913000005],[14.080389976999982,12.366950035000002],[14.082369803999995,12.372380256999975],[14.085869789000014,12.378499985000019],[14.087059974999988,12.381750107000016],[14.087530135999998,12.386480330999973],[14.089920043999996,12.392990112000007],[14.094599723999977,12.402359961999991],[14.095789909000018,12.405619621000028],[14.096980094999992,12.408869743000025],[14.098569870000006,12.413209914999982],[14.10356998399999,12.420029639999996],[14.105159759999992,12.424369812000009],[14.107859612000027,12.428319930999976],[14.11174964899999,12.43552970899998],[14.114130020000005,12.442040442999996],[14.11651039100002,12.448550223999973],[14.118100165999977,12.452879906000021],[14.11968994099999,12.457220077999978],[14.121669768999993,12.462650299000018],[14.124050140000008,12.469160079999995],[14.126040459000023,12.474579811000012],[14.129929543000003,12.481789589000016],[14.131910323999989,12.487210274000006],[14.134209633000012,12.490079879999996],[14.137390137000011,12.498749733000011],[14.138580321999996,12.502010344999974],[14.142869948999987,12.510299683000028],[14.144060135000018,12.513549805000025],[14.146039963000021,12.518980026000008],[14.147629737999978,12.523320198000022],[14.14881992300002,12.526570320000019],[14.151120186000014,12.529439926000009],[14.152310370999999,12.532690048000006],[14.153900146000012,12.53703022000002],[14.15659999799999,12.540980338999987],[14.159299850000025,12.544939994999993],[14.160490035999999,12.54819011699999],[14.163590430999989,12.553230285999973],[14.16477966299999,12.556480408000027],[14.166760445000023,12.561909676000028],[14.169139862000009,12.568409920000022],[14.171130179999977,12.573840141000005],[14.174877166999977,12.580776215000014],[14.175244200000009,12.58104913599999],[14.193483479000008,12.583167344000003],[14.193502673000012,12.583169675000022],[14.191944589999991,12.590318665999973],[14.190046118999987,12.599028867000015],[14.188147518999983,12.607739046999995],[14.186248792000015,12.616449208999995],[14.184349935,12.625159352000026],[14.182450951000021,12.633869474999983],[14.180551837999985,12.642579579000028],[14.178652596000006,12.65128966399999],[14.176753225000027,12.659999729999981],[14.174853724999991,12.668709777000004],[14.172954097000002,12.67741980400001],[14.172739552999985,12.678403446000004],[14.171054339000023,12.68612981199999],[14.169154451999987,12.694839801],[14.167254436000007,12.703549769999995],[14.166709259000015,12.706048767000027]]]},"properties":{"fid":140,"cty_nm":"Nigeria","iso3cd":"NGA","adm1nm":"Borno","adm2nm":"Marte","adm1cd":"NGA008","adm2cd":"NGA008022"}},{"type":"Feature","id":141,"geometry":{"type":"Polygon","coordinates":[[[13.403820037999992,12.57618045800001],[13.400959968999985,12.582059860000015],[13.396980285999973,12.588330268999982],[13.394040108000013,12.590579987000012],[13.389989852999975,12.59319972999998],[13.386659622000025,12.594360352000024],[13.383319855000025,12.59552001999998],[13.380379677000008,12.597760201000028],[13.374509810999996,12.602250099000003],[13.370059966999975,12.603790283000023],[13.366009711999993,12.606419562999974],[13.361960410999984,12.609049797000011],[13.358619690000012,12.610210418999998],[13.356080055000007,12.613539695999975],[13.35313987699999,12.615779877000023],[13.348380088999988,12.619879722999997],[13.345829964000018,12.623209953000014],[13.34138965599999,12.624750136999978],[13.336219787999994,12.627759932999993],[13.330269814000019,12.628609657000027],[13.324310303000004,12.629460334999976],[13.319470405999994,12.62992000600002],[13.313110352000024,12.629679679999981],[13.307869911000012,12.629050254999981],[13.304140091000022,12.62911987299998],[13.300009726999974,12.628109931999973],[13.292149543999983,12.627180098999986],[13.288020134000021,12.626159668000014],[13.281270027000005,12.624839783000027],[13.274600028999998,12.627160071999981],[13.268320083999981,12.630559920999985],[13.264989852999975,12.631710052000017],[13.259830475000001,12.634730338999987],[13.250610352000024,12.640370368999982],[13.246959686000025,12.644089699000006],[13.243700026999988,12.648889542000006],[13.23789978000002,12.657010077999985],[13.234250068999984,12.660719872000016],[13.229880332999983,12.665909767000016],[13.223290442999996,12.671859740999992],[13.218919754000012,12.677049636999982],[13.214150428999972,12.681150435999996],[13.212010383999996,12.685560226000007],[13.209859848000008,12.689970016000018],[13.208829879999996,12.694000243999994],[13.207480431000022,12.700579643000026],[13.207240104999983,12.706780433999995],[13.207719802999975,12.711500167999986],[13.20596981,12.717000008000014],[13.20573043799999,12.723190308000028],[13.204700469999977,12.727219581999975],[13.202949524000019,12.732720374999985],[13.201199531999976,12.738209724],[13.199850082000012,12.744790077000005],[13.197699547000013,12.749210358000028],[13.197460175000003,12.755399704000013],[13.196430206000002,12.759429931999989],[13.193490027999985,12.76167011299998],[13.189439773999993,12.764300346000027],[13.186499595999976,12.766539573999978],[13.181659697999976,12.767000198000005],[13.175700188000008,12.767849921999982],[13.170860290999997,12.768309593000026],[13.166009902999974,12.768770217999986],[13.15680027000002,12.774410247999981],[13.151240348999977,12.77633953100002],[13.14505004900002,12.78337955500001],[13.142580032000012,12.790349960000015],[13.143059730999994,12.795069694999995],[13.14465045899999,12.799409866000019],[13.147740364000015,12.804450035000002],[13.148929596000016,12.807700157],[13.149009705000026,12.811340331999986],[13.148770332000026,12.817540168999983],[13.14885044099998,12.821180344000027],[13.147820473000024,12.825209617999974],[13.146789550999983,12.829230309000025],[13.144639969000025,12.833640098999979],[13.140669822999996,12.839909553999973],[13.135510445000023,12.84292984000001],[13.129949570000008,12.844860077000021],[13.125499724999997,12.846400260999985],[13.11882972699999,12.848719597000013],[13.113269806000005,12.850649834000023],[13.110329627999988,12.852890015000014],[13.104769707000003,12.854820250999978],[13.099610328999972,12.857839583999976],[13.095159530999979,12.859379767999997],[13.08777999900002,12.86316966999999],[13.080710410999984,12.864399909999975],[13.074749946999987,12.865240097000026],[13.064660071999981,12.865079879999996],[13.060540199000002,12.86406993899999],[13.053790091999986,12.862739562999991],[13.049260139000012,12.86065006299998],[13.042510032999985,12.859319686999982],[13.039489746000015,12.857930183000008],[13.030839920000005,12.854820250999978],[13.025910377999992,12.851639748000025],[13.023209571999985,12.847689629000001],[13.019000053000013,12.843029976000025],[13.016699791000008,12.840169907000018],[13.014399529000002,12.837300301000028],[13.012410164000016,12.831870078999998],[13.010109901000021,12.82901000999999],[13.008130074000007,12.823579788000018],[13.006540298000004,12.819239616000004],[13.003049850000025,12.813119888000017],[13.001460075000011,12.808779716000004],[12.999159813000006,12.805919646999996],[12.996319771000003,12.800660133000008],[13.000829696999972,12.796779633000028],[13.001460075000011,12.79166984599999],[13.002659798000025,12.777810096999985],[13.001939773999993,12.762160300999994],[12.998769760000016,12.753479958000014],[12.99512004899998,12.740079879999996],[12.994560241999977,12.731719971000018],[12.993689537000023,12.72591018700001],[12.992019653,12.71792984000001],[12.991149902000018,12.712120056000003],[12.991069793999998,12.708479881000017],[12.989879608000024,12.70522022199998],[12.989410399999997,12.700499535000006],[12.987019539000016,12.693989753999972],[12.984640120999984,12.687479972999995],[12.981149673000004,12.681360245000008],[12.978050231999987,12.676320076000025],[12.975350380000009,12.672369957],[12.970669745999999,12.662989616000004],[12.969479561000014,12.65974044799998],[12.965189934000023,12.651450157],[12.962490081999988,12.647500037999976],[12.960109710999973,12.640990256999999],[12.957810402000007,12.638119698000025],[12.956219673000021,12.633779526000012],[12.95503044100002,12.630530356999998],[12.952329636000002,12.626569748000009],[12.950739860999988,12.622240067000007],[12.949469566000005,12.615340232999984],[12.949390411000024,12.611700057999997],[12.948200225999983,12.608449936],[12.947730063999984,12.603719710999997],[12.946860313000002,12.59790992699999],[12.944080353000004,12.590319632999979],[12.940899849000004,12.581640244000027],[12.938520432000018,12.575130462999994],[12.936220169000023,12.572270392999997],[12.935660362000021,12.563899993999996],[12.93447017699998,12.560649871999999],[12.932089806000022,12.554140091000022],[12.931139945999973,12.544690132000028],[12.92994976,12.541440009999974],[12.927650452000023,12.538570403999984],[12.92605972299998,12.534230232000027],[12.923279761999993,12.526639938000017],[12.920180320999975,12.521599770000023],[12.917799950000017,12.51508998899999],[12.916609763999986,12.511839866999992],[12.912320136999995,12.503540038999972],[12.907239914000002,12.493080139000028],[12.905659676000028,12.488739967000015],[12.90256023400002,12.483710288999987],[12.900569915999995,12.478280067000014],[12.897000312999978,12.468520163999983],[12.894300461,12.464570045000016],[12.892000198000005,12.461700439000026],[12.889699936,12.458829879999996],[12.888509750000026,12.455579757999999],[12.883500099000003,12.448760032999985],[12.880009651000023,12.442640304999998],[12.87841987600001,12.438300132999984],[12.877229691000025,12.435040474000004],[12.875650405999977,12.430700301999991],[12.874460220000003,12.427450179999994],[12.87287044499999,12.42311000799998],[12.872389793000025,12.41839027399999],[12.871199607999984,12.415129662000027],[12.869930266999972,12.408240318000026],[12.868659972999978,12.40133953100002],[12.867070198000022,12.397009850000018],[12.867309569999975,12.39081001300002],[12.867239951999977,12.387169837999977],[12.873430251999991,12.380129813999986],[12.881130219,12.373789787000021],[12.882800101999976,12.364649772999996],[12.886059761000013,12.359849929999996],[12.89194011699999,12.355369568000015],[12.894880295000007,12.353119849999985],[12.898929596000016,12.350489616000004],[12.903300285,12.345310211000026],[12.909890174999987,12.339349747000028],[12.915049553000017,12.336339951000014],[12.921719551000024,12.334019661000013],[12.928389548999974,12.331709862000025],[12.932840347000024,12.330160141000022],[12.937999724999997,12.327150345000007],[12.943559646999972,12.325220107999996],[12.954999923999992,12.318799973000012],[12.963500022999995,12.31462955500001],[12.968660354999997,12.311610222000013],[12.976369857999998,12.305270194999991],[12.979299545000003,12.303030014],[12.985899925000012,12.297069550000003],[12.989950179999994,12.294440269000006],[12.994000434999975,12.291810036000015],[12.99987983699998,12.287329673999977],[13.005749702000003,12.282839775000014],[13.009799956999984,12.280209540999977],[13.013460158999976,12.276499747999992],[13.020449638000002,12.271630286999994],[13.025930404999997,12.266059874999996],[13.029979706000006,12.263429642000006],[13.035849571000028,12.258939742999985],[13.042840004000027,12.254070281999986],[13.046500206000019,12.250359534999973],[13.051659583999992,12.247340201999975],[13.059049605999974,12.24355983700002],[13.06237983699998,12.242400169000007],[13.065320014999998,12.240159988000016],[13.070480347,12.237139701999979],[13.073419570999988,12.234900475000018],[13.076760292000017,12.233739852999975],[13.083029747000012,12.230340004000027],[13.085969924999972,12.22809982299998],[13.091529846000014,12.226169586000026],[13.101460456999973,12.219050406999997],[13.108449936,12.214179993000016],[13.113610268000002,12.211170197000001],[13.122739792000004,12.20188045499998],[13.123820304999981,12.199680328],[13.125599861000012,12.196000099000003],[13.129579544000023,12.189729691000025],[13.132439612999974,12.183850287999974],[13.134900092999999,12.176879883000026],[13.138870239000028,12.170610427999975],[13.141409873999976,12.167280197000025],[13.144669533000013,12.162489891000007],[13.149491309999974,12.155835152000009],[13.157299995000017,12.142210007000017],[13.159440040999982,12.137800217000006],[13.16230010999999,12.131910323999989],[13.164850235000017,12.128589630000022],[13.166990279999993,12.124170303000028],[13.17016983000002,12.115739822000023],[13.175970077999978,12.107609749000005],[13.17811012300001,12.103199958999994],[13.183589934999986,12.097629546999997],[13.19312000299999,12.089429854999992],[13.20083046000002,12.083089828000027],[13.210040091999986,12.077440261999982],[13.214090347000024,12.074810028000002],[13.218139647999976,12.072179794000022],[13.223299979999979,12.069169998000007],[13.229579925999985,12.065770149000002],[13.237279892000004,12.05943012199998],[13.24244976,12.056409836],[13.245459557000004,12.057809829999997],[13.249279976000025,12.061380385999996],[13.252690314999995,12.063859939999986],[13.254989624000018,12.066729545999976],[13.259599686000001,12.072460175000003],[13.265310286999977,12.077810286999977],[13.26690006299998,12.08215045899999],[13.269280433999995,12.088660240000024],[13.273650169000007,12.100589752000019],[13.276749611000014,12.105629921000002],[13.27904987300002,12.108499526999992],[13.281740189000004,12.129570006999984],[13.277850150999996,12.139470099999983],[13.272210121,12.154879569999991],[13.271260261999998,12.162549973000012],[13.270620345999987,12.167659759999992],[13.268549919000009,12.175709724],[13.266090393000013,12.182680129999994],[13.265460013999984,12.187789916999975],[13.264419556000007,12.191809653999996],[13.264180183000008,12.198010445000023],[13.263230324000006,12.205679893000024],[13.261480330999973,12.211170197000001],[13.260919570999988,12.21992015799998],[13.259180069000024,12.225419998000007],[13.25813961,12.229450225999983],[13.257189750999999,12.237110137999991],[13.254799843,12.247719765],[13.252659798000025,12.25212955500001],[13.250909804999992,12.25763034800002],[13.249239922000015,12.266770362999978],[13.247570037999992,12.27589988699998],[13.245429993000016,12.280320168000003],[13.24551010099998,12.283960342],[13.244870186000014,12.289070128999981],[13.245109558000024,12.299989700000026],[13.245189666999977,12.303629875000013],[13.245340347000024,12.310910224999986],[13.241530418000025,12.324460030000012],[13.242010117000007,12.329179764000003],[13.242079735000004,12.33281993899999],[13.240340232999984,12.338319778000027],[13.239700316999972,12.343429565000008],[13.238670349000017,12.347459792999985],[13.238430022999978,12.353650092999999],[13.237469673000021,12.36131954199999],[13.238109588999976,12.373319626000011],[13.237469673000021,12.378430367000021],[13.237230301000011,12.384630202999972],[13.236989974999972,12.390819550000003],[13.236359596,12.395930290000024],[13.236269950999997,12.409410476999994],[13.237549781999974,12.416299820000006],[13.239130020000005,12.42063999200002],[13.242630005000024,12.426770209999972],[13.247309685000005,12.436140060000014],[13.254220008999994,12.444749832000014],[13.256520271,12.447609901000021],[13.258819580000022,12.450480460999984],[13.263030051999976,12.455129623000005],[13.265729904000011,12.459090232999984],[13.268030167000006,12.461950301999991],[13.271530150999979,12.468079567000018],[13.274620056000003,12.473110199000018],[13.276929854999992,12.475979805000009],[13.279620170999976,12.479929923999975],[13.282320023000011,12.483889579999982],[13.286140441999976,12.487449646000016],[13.28884029400001,12.491410255000005],[13.29265022300001,12.494970321999972],[13.296460152000009,12.498539924999989],[13.300270081000008,12.502109528000005],[13.303680419999978,12.504590033999989],[13.306699752999975,12.505990027999985],[13.311619758999996,12.509169579000002],[13.315440178000017,12.512729644999979],[13.318849564000004,12.515210152000009],[13.32758998899999,12.521960257999979],[13.330289841000024,12.525919913999985],[13.339420318999998,12.533749580000006],[13.342829703999996,12.536230086999979],[13.347040176000007,12.540880202999972],[13.350449561999994,12.543359755999973],[13.354980468999997,12.545459746999995],[13.358389853999995,12.547940254000025],[13.360699653999973,12.550809860000015],[13.363789558000008,12.555850028999998],[13.366809844999977,12.557239531999983],[13.369509697000012,12.561200142000018],[13.372920035999982,12.563679695000019],[13.376740455999993,12.567250252000008],[13.379039764000026,12.570110321000016],[13.38395976999999,12.573289870999986],[13.391819954000027,12.574230193999995],[13.397459984000022,12.575940132000028],[13.403820037999992,12.57618045800001]]]},"properties":{"fid":141,"cty_nm":"Nigeria","iso3cd":"NGA","adm1nm":"Borno","adm2nm":"Nganzai","adm1cd":"NGA008","adm2cd":"NGA008026"}},{"type":"Feature","id":142,"geometry":{"type":"Polygon","coordinates":[[[12.263949394000008,10.263086319000024],[12.259664536000002,10.267983436999998],[12.244581223000012,10.275525092999999],[12.240509986999996,10.27713012700002],[12.237569808999979,10.279379844999994],[12.233519553999997,10.282010077999985],[12.230179786999997,10.283160210000005],[12.226449966000018,10.283240318000026],[12.220890044999976,10.285169601000007],[12.217550277999976,10.286330222999993],[12.214220047000026,10.287480354000024],[12.20755004900002,10.289799689999995],[12.203809738000018,10.289870262000022],[12.200079917999972,10.289950370999975],[12.188570023000011,10.292719841000007],[12.182209968999985,10.292480468999997],[12.178079604999994,10.291469574000018],[12.173950194999975,10.290459633000012],[12.16831016499998,10.288749694999979],[12.16156005900001,10.287429809999992],[12.157440185999974,10.286419867999996],[12.153309821999983,10.28540992699999],[12.14544010200001,10.28446960399998],[12.142109871000002,10.285619736000001],[12.13687038400002,10.284999846999995],[12.131939887999977,10.281820297000024],[12.12551021600001,10.277939795999998],[12.122489928999983,10.276539802999991],[12.11042022700002,10.270950316999972],[12.104069709999976,10.27070999099999],[12.100339889999987,10.2707901],[12.093979836000017,10.270549774000017],[12.088350295999987,10.268839835999984],[12.079770087999975,10.269370078999998],[12.071269988999973,10.273539543000027],[12.05943965900002,10.278880119000007],[12.046170234999977,10.287150382999982],[12.041410445999986,10.291250229000013],[12.034420012999988,10.296119690000012],[12.027509688999999,10.304630280000026],[12.024970054999983,10.307959557000004],[12.021309852999991,10.311670303000028],[12.015830040000026,10.317239760999996],[12.008130074000007,10.323579788000018],[12.003439903000015,10.331319808999979],[11.998279572000001,10.334340096000005],[11.990969657999983,10.341770171999997],[11.987319946000014,10.345479964999981],[11.982159615,10.348489760999996],[11.979220390000023,10.350740432999999],[11.974539757000002,10.353469849000021],[11.963649750000002,10.339019774999997],[11.93943023700001,10.32421016699999],[11.929269791000024,10.32040023799999],[11.925849915000015,10.317919731000018],[11.920539856000005,10.313650130999974],[11.915530204999982,10.306830406000017],[11.911720275999983,10.303270339999983],[11.905289649999986,10.299389839000014],[11.897029877000023,10.297360420000018],[11.890839577000008,10.287289618999978],[11.885910034000005,10.284110069000008],[11.882100105000006,10.28054046599999],[11.877889632999995,10.275890349999997],[11.874079703999996,10.272319793999998],[11.869560241999977,10.270230292999997],[11.862010001999977,10.266730309000025],[11.856300353999984,10.261380196000005],[11.850259780999977,10.258589744999995],[11.845339775000014,10.255410193999978],[11.840100287999974,10.254779815999996],[11.834460257999979,10.25306987800002],[11.825090407999994,10.251440048000006],[11.819049834999987,10.248640060000014],[11.816029549000007,10.247240067000007],[11.811900138999988,10.246230125000011],[11.806659697999976,10.245610236999994],[11.801739693000002,10.242429732999994],[11.795390128999998,10.242190360999984],[11.789429665,10.243229865999979],[11.783869743000025,10.244959831000017],[11.769659995999973,10.24378967299998],[11.761790276,10.242850304000001],[11.756199836999997,10.239415168999983],[11.751423836000015,10.239304543000003],[11.74233913400002,10.229900359999988],[11.726303100999985,10.213863372999981],[11.720689773999993,10.198628426000028],[11.711870192999982,10.193016052000019],[11.687814713000023,10.184196471999996],[11.67661762199998,10.174118041999975],[11.681400299000018,10.172970771999985],[11.698238372999981,10.167357444999993],[11.72309494000001,10.16655635799998],[11.739933968000003,10.16415023799999],[11.748753548000025,10.155330658000025],[11.757574080999973,10.140897751000011],[11.75997924799998,10.13368129700001],[11.774412154999993,10.119248389999996],[11.799268723000012,10.093589783000027],[11.806796073999976,10.087003707999997],[11.807842255000025,10.08486938499999],[11.811083794000012,10.074794768999993],[11.817014694000022,10.068552017000002],[11.822365761000015,10.062295914000003],[11.82860374500001,10.053877831000023],[11.831230163999976,10.052479743999982],[11.833379745000002,10.048069954000027],[11.838540077000005,10.045049667],[11.843390465000027,10.044589996000013],[11.847430228999997,10.044971465999993],[11.853217125000015,10.044958114999986],[11.855256080999993,10.04420471200001],[11.857408523999993,10.044871329999978],[11.861324309999986,10.046083450000026],[11.865954398999975,10.046072960000004],[11.871735573000024,10.044915199000002],[11.878675461,10.043755530999988],[11.88676643399998,10.041448592999984],[11.89139080000001,10.040293694000013],[11.905262946999983,10.03682994799999],[11.91219711299999,10.034525871000028],[11.915733337000006,10.033517838000023],[11.919665337000026,10.032396317000007],[11.925272941999992,10.032337188999975],[11.929002761999982,10.032297133999975],[11.935350417999985,10.032230377000019],[11.938810348999993,10.031222343000024],[11.943425178999973,10.02987766299998],[11.952673912000023,10.027567863000002],[11.965399741999988,10.02639484399998],[11.976968764999981,10.025223731999972],[11.987380028000018,10.024054526999976],[11.995476723000024,10.022892952000007],[12.003088950999995,10.022182465000014],[12.003838539000014,10.024144173000025],[12.005903244000024,10.025157927999999],[12.015172957999994,10.027424811999992],[12.022128104999979,10.029697418000012],[12.02792453799998,10.031971930999987],[12.036038399000006,10.034241676000022],[12.042993545999991,10.036514281999985],[12.048785210000005,10.037645339999983],[12.053415298000004,10.037634850000018],[12.061516761999997,10.037616730000025],[12.068455696000001,10.036456107999982],[12.078872681000007,10.03643226600002],[12.084664345000022,10.037563324000018],[12.092793465,10.043265342999973],[12.098601341000006,10.047828674000016],[12.104419708000023,10.054680824000002],[12.106760979,10.06039619400002],[12.106798172000026,10.068405150999979],[12.106830596999998,10.075269698999989],[12.109187125999995,10.084418297000013],[12.116184234999992,10.095843315000025],[12.12316608399999,10.103837012999975],[12.127832413000021,10.111834525999996],[12.129011154000011,10.116409302000022],[12.132510185000001,10.122121811],[12.134851455999978,10.127837181000018],[12.138344765,10.132406235000019],[12.14183807400002,10.136975287999974],[12.14533710500001,10.142687797999997],[12.149992942999972,10.148398398999973],[12.158131599,10.156388283000013],[12.163945198000022,10.162096023999993],[12.170931816000007,10.171233176999976],[12.174425125000027,10.175802230999977],[12.182559013000002,10.182648658999994],[12.188366889999998,10.18721198999998],[12.194185257000015,10.194063186999983],[12.196505547000015,10.19520187400002],[12.209258079999984,10.199749946999987],[12.220864296000002,10.206587791000004],[12.225503921999973,10.208866118999993],[12.231296539000027,10.209997176999991],[12.23709392500001,10.212271690000023],[12.24289703400001,10.215690612999992],[12.248704910000015,10.220253943999978],[12.249873160999982,10.222539901999994],[12.253376961000015,10.229396819999977],[12.258043289,10.237395287000027],[12.260396003999972,10.245399475],[12.261573791999979,10.249973296999997],[12.262747764999972,10.253402709999989],[12.263936995999984,10.260265349999997],[12.263949394000008,10.263086319000024]]]},"properties":{"fid":142,"cty_nm":"Nigeria","iso3cd":"NGA","adm1nm":"Borno","adm2nm":"Shani","adm1cd":"NGA008","adm2cd":"NGA008027"}},{"type":"Feature","id":708,"geometry":{"type":"Polygon","coordinates":[[[13.845770099999982,13.409040032000007],[13.841869999999972,13.415239999999983],[13.83836592199998,13.420260084999995],[13.838365753999994,13.420260326000005],[13.836944580000022,13.419547081000019],[13.832050322999976,13.417719841000007],[13.827919959999974,13.4167099],[13.82227992999998,13.414999962000024],[13.817040442999996,13.414380074000007],[13.814020157000016,13.412980080000011],[13.808779716000004,13.412349700999982],[13.804650306999974,13.411339759999976],[13.79901027699998,13.409629822],[13.794879912999988,13.408619880999993],[13.789640426999995,13.407999991999986],[13.784000397,13.40629005400001],[13.777250289999984,13.404959679000001],[13.773520469999994,13.405039787000021],[13.769000053000013,13.402939795999998],[13.762639998999987,13.402700423999988],[13.759619713000006,13.401300429999992],[13.753990172999977,13.399589538999976],[13.746839523000006,13.397179603999973],[13.742309569999975,13.395090102999973],[13.738180161000002,13.394080162000023],[13.731040000999997,13.39167022700002],[13.726909637000006,13.390660286000013],[13.721980094999992,13.387479782000014],[13.715950012000008,13.384679794000022],[13.712530135999998,13.382200241000021],[13.709520339999983,13.380800247000025],[13.706500053000013,13.379409790000011],[13.701970099999983,13.377309798999988],[13.698960304000025,13.375909804999992],[13.695940017999988,13.374509810999996],[13.692520141999978,13.372030257999995],[13.686880111999983,13.370320320000019],[13.683469772000024,13.36783981299999],[13.679340362999994,13.366829871999983],[13.674420356999974,13.363650322000012],[13.671400070000004,13.362250328000016],[13.666870116999974,13.360159873999976],[13.662739753999972,13.359140395999987],[13.659330367999985,13.356659889000014],[13.643850326999996,13.34858989700001],[13.635190009999974,13.345479964999981],[13.632169723999993,13.344090461999997],[13.628760338000006,13.341600417999985],[13.624230384999976,13.339509964000001],[13.616689682000015,13.336009978999982],[13.612159728999984,13.333919524999999],[13.597470283999996,13.328020095999989],[13.573880196000005,13.325200080999991],[13.555859565999981,13.320460319999995],[13.538619994999976,13.317890166999973],[13.529649733999975,13.317330360000028],[13.518059730999994,13.316470145999972],[13.499710083000025,13.314279555999974],[13.492560387000026,13.311869621000028],[13.487719535999986,13.312330245999988],[13.475729941999987,13.310379981999972],[13.463740348999977,13.308429718000014],[13.459210396000003,13.306340218000003],[13.456589699000006,13.30601978300001],[13.452139853999995,13.307570456999997],[13.448809623999978,13.308730125000011],[13.445070267000006,13.308799743999998],[13.440230369999995,13.309260368000025],[13.436889647999976,13.310420035999982],[13.433159827999987,13.310489655000026],[13.426810264999972,13.310250282000027],[13.421959877000006,13.310709953000014],[13.41489982600001,13.311940192999998],[13.409259796000015,13.310230255000022],[13.402509688999999,13.308910369999978],[13.398380280000026,13.307900428999972],[13.39163017300001,13.306570052999973],[13.385990143000015,13.304860114999997],[13.378049850000025,13.300290108000013],[13.373840331999986,13.29563045499998],[13.37154006999998,13.292770385999972],[13.368840218000003,13.288809775999994],[13.366140366000025,13.284859657000027],[13.360030173999974,13.278429985000002],[13.35542011299998,13.272689818999993],[13.351929665,13.266570091000006],[13.347720145999972,13.261919975000012],[13.346130371000015,13.257579802999999],[13.342639922999979,13.251460075000011],[13.338029860999995,13.245719909999991],[13.335330009000018,13.241769791000024],[13.333749770999987,13.237429619000011],[13.322790145999988,13.214340209999989],[13.322310447999996,13.209609984999986],[13.321439742999985,13.203800200999979],[13.330349921999982,13.202810286999977],[13.336899757000026,13.200630187999991],[13.34344005600002,13.200630187999991],[13.34344005600002,13.189729691000025],[13.345620155000006,13.183179854999992],[13.345620155000006,13.172280311999998],[13.345620155000006,13.159190178000017],[13.34344005600002,13.139559745999975],[13.341259955999988,13.119930266999972],[13.339079857000002,13.113389969000025],[13.339079857000002,13.10247993500002],[13.339079857000002,13.09375],[13.339079857000002,13.087209701999996],[13.339079857000002,13.076299667],[13.339079857000002,13.071940422000011],[13.339079857000002,13.069760323000025],[13.339079857000002,13.056670188999988],[13.34344005600002,13.047949791000008],[13.34344005600002,13.041410445999986],[13.341259955999988,13.028320312999995],[13.339079857000002,13.017410278],[13.341259955999988,13.006509780999977],[13.339079857000002,12.997779846000014],[13.339079857000002,12.99123954800001],[13.34344005600002,12.989060402000007],[13.341259955999988,12.978150368000001],[13.345620155000006,12.965069771000003],[13.354350090000025,12.956339835999984],[13.358710288999987,12.945440292],[13.365249634000008,12.941069603000017],[13.371800423000025,12.93235015900001],[13.373979567999982,12.93235015900001],[13.378339767,12.930170058999977],[13.384880065999994,12.92362022399999],[13.389249801999995,12.919260025000028],[13.39142990099998,12.919260025000028],[13.397970199999975,12.91489982600001],[13.402330398999993,12.912719727000024],[13.411060333000023,12.90616989099999],[13.421959877000006,12.903989792000004],[13.439410210000005,12.897450446999983],[13.448140143999979,12.890910148999978],[13.450320244000011,12.88871955899998],[13.454680442999972,12.884360313000002],[13.461219787999994,12.880000113999984],[13.463410377999992,12.875639915000022],[13.467769622999981,12.87127018000001],[13.474309920999985,12.862549781999974],[13.483039856000005,12.853830338000023],[13.487400055000023,12.849459647999993],[13.491760253999985,12.840740203999985],[13.498299599000006,12.82983016999998],[13.50267028799999,12.821109772],[13.50702953299998,12.803660392999973],[13.511389731999998,12.79493045800001],[13.513569831999973,12.784029960999987],[13.515749931000016,12.777480125000011],[13.517939567999974,12.770939827000007],[13.522299766999993,12.762220382999999],[13.526659966000011,12.755669593999983],[13.531020163999983,12.746950149999975],[13.537570000000017,12.738220215000013],[13.539750099000003,12.727319717],[13.541930198999978,12.720769882000013],[13.544110298000021,12.707690238999987],[13.550649642999986,12.69242000600002],[13.557200432000002,12.681509972000015],[13.561559676999991,12.674969673000021],[13.570099830999993,12.667590141000005],[13.574700355999994,12.673330307000015],[13.578200340000024,12.679450035000002],[13.588120461000017,12.689450264000016],[13.59265041399999,12.691550254999981],[13.596460342,12.695119857999998],[13.600979805000009,12.697210311999982],[13.604000091999978,12.698610305999978],[13.60813045499998,12.699620246999984],[13.61266040800001,12.701720238000007],[13.620920180999974,12.70374012000002],[13.626560211000026,12.705450057999997],[13.631799698000009,12.706069946000014],[13.637040137999975,12.706700324999986],[13.642990112000007,12.705849648000026],[13.647839546,12.705400467000004],[13.654190062999987,12.705630301999975],[13.671819686999982,12.709289550999983],[13.679679871000019,12.710229873999992],[13.686039924999989,12.710470199999975],[13.690879822,12.710009575000015],[13.696519851999994,12.71172046700002],[13.701359749000005,12.711259842000004],[13.714070320000019,12.711739539999996],[13.721220016000018,12.714150428999972],[13.731300353999984,12.714309691999972],[13.737259864999999,12.713470459000007],[13.742899894999994,12.715180396999983],[13.747420310999985,12.717280388000006],[13.760999679999998,12.723560333000023],[13.773070335,12.729149817999996],[13.799440383999979,12.739560127000004],[13.811429976999989,12.74151039100002],[13.84064960500001,12.746029854000028],[13.869159697999976,12.752030373000025],[13.875590323999972,12.755909920000022],[13.886549950000017,12.761879921000002],[13.89480972299998,12.763899803000015],[13.904580115999977,12.766619681999998],[13.908709525999996,12.767640114000017],[13.913949966000018,12.768260001999977],[13.921810149999999,12.769200324999986],[13.928170204000025,12.769439696999996],[13.936420440999996,12.771459579000009],[13.94206047099999,12.773170471000014],[13.945480347,12.775650024000015],[13.951109885999983,12.777359961999991],[13.955639839000014,12.779459953000014],[13.962389945999973,12.78077983899999],[13.973270415999991,12.783120155000006],[13.978509902999974,12.783740044000012],[13.983750342999997,12.784370421999995],[13.987879753000016,12.785380363000002],[13.995739936999996,12.786319733000028],[13.999870299999998,12.787329673999977],[14.009240149999982,12.788969994000013],[14.014490127999977,12.789589881999973],[14.018219948000024,12.789520263999975],[14.025369644000023,12.791930198999978],[14.032119750999982,12.793250084000022],[14.036250113999984,12.794260025000028],[14.048950194999975,12.79473972300002],[14.05904006999998,12.794910431000005],[14.072139740000011,12.796469688000002],[14.077380179999977,12.797089577000008],[14.083020209999972,12.798800468000024],[14.093899727000007,12.80113983199999],[14.102160454,12.803159714000003],[14.107799530000023,12.80486965199998],[14.114549636999982,12.806200026999988],[14.120189666999977,12.807909966000011],[14.12654018400002,12.808139800999982],[14.131779671000004,12.80877018000001],[14.135000864000006,12.808490790999997],[14.144062025999972,12.809521127999972],[14.14412532199998,12.809527972000012],[14.14254241399999,12.816777609999974],[14.140640577,12.825487307999992],[14.138738610000019,12.834196986999984],[14.136836511000013,12.842906645000028],[14.134934281000028,12.851616284999977],[14.133031920999997,12.860325903999978],[14.131129428999998,12.86903550400001],[14.12922680600002,12.877745085000015],[14.127324051000016,12.886454646000004],[14.125421164999977,12.895164186999978],[14.123518147000027,12.903873708999981],[14.121614997999984,12.912583211000026],[14.119711716999973,12.921292692999998],[14.117808303999993,12.930002156],[14.116306466000026,12.936873633000005],[14.115904758,12.938711598999987],[14.114001081000026,12.947421022000015],[14.112097272000028,12.956130426000016],[14.110193330000016,12.96483981],[14.108289255999978,12.973549174000027],[14.106385048999982,12.982258519000027],[14.104480710000018,12.990967843000021],[14.102576237999983,12.99967714799999],[14.10067163299999,13.008386432999998],[14.098766894999983,13.01709569899998],[14.096862024000018,13.025804944000015],[14.094957019999981,13.034514170000023],[14.093051882999987,13.043223376000014],[14.091146611999989,13.05193256199999],[14.089241209000022,13.060641728000007],[14.087335671000005,13.069350874000008],[14.085429999999974,13.078059999999994],[14.083332999999982,13.083332999999982],[14.077607764999982,13.08646432400002],[14.072119999999984,13.093680000000006],[14.067650000000015,13.09735999999998],[14.065999999999974,13.101729999999975],[14.061290252999981,13.10839009],[14.056580252999993,13.115050090000011],[14.051870000000008,13.121710000000007],[14.048350000000028,13.12378000000001],[14.045990000000018,13.128150000000005],[14.042045270000017,13.13377759399998],[14.038100358999998,13.139405125999986],[14.034155269999985,13.145032593999986],[14.027620048000017,13.155255013999977],[14.025030000000015,13.159850000000006],[14.020205116999989,13.165825046999998],[14.015379999999993,13.171800000000019],[14.011140210999997,13.17792340599999],[14.006900211000016,13.184046739999985],[14.002659999999992,13.190170000000023],[13.998090465000018,13.196420169000021],[13.993520697000008,13.202670253999997],[13.988950697000007,13.20892025400002],[13.984380465000015,13.215170168999975],[13.979809999999986,13.221420000000023],[13.976969999999994,13.227620000000002],[13.974390000000028,13.228999999999985],[13.966850000000022,13.239100000000008],[13.964140041999997,13.242890015],[13.961430000000007,13.246680000000026],[13.956150619000027,13.253846226999997],[13.952344175999997,13.259012704999975],[13.950870927999972,13.26101233999998],[13.945590928000001,13.26817834000002],[13.940310619000002,13.275344227000005],[13.935029999999983,13.282510000000002],[13.931969999999978,13.287339999999972],[13.926636126000005,13.294687907000025],[13.921301930000027,13.302035697000008],[13.915967412999976,13.309383372000013],[13.910632575000022,13.316730930000006],[13.905297414000017,13.324078371999974],[13.899961931999997,13.331425697999975],[13.894626126999981,13.33877290700002],[13.889290000000017,13.346119999999985],[13.886810054000023,13.351405012999976],[13.884329999999977,13.356690000000015],[13.88339000000002,13.356690000000015],[13.87018999999998,13.373449999999991],[13.868060040999978,13.378160009999988],[13.865929999999992,13.382870000000025],[13.861220000000003,13.38630999999998],[13.856740000000002,13.394119999999987],[13.853205064000008,13.398480025000026],[13.849670000000003,13.402840000000026],[13.845770099999982,13.409040032000007]]]},"properties":{"fid":708,"cty_nm":"Nigeria","iso3cd":"NGA","adm1nm":"Borno","adm2nm":"Kukawa","adm1cd":"NGA008","adm2cd":"NGA008017"}},{"type":"Feature","id":706,"geometry":{"type":"Polygon","coordinates":[[[12.809119873999975,13.406414513000016],[12.803938469999991,13.407158777000006],[12.801018236999994,13.407682672000021],[12.800853361000009,13.40771225100002],[12.800784545999988,13.407724597000026],[12.800391616000013,13.407845096000017],[12.799988207000013,13.407855573999996],[12.799605754000027,13.407824139000013],[12.799322844000017,13.407745552999984],[12.799039934000007,13.407656488999976],[12.79862080800001,13.407446925999977],[12.793548809000015,13.404604931999984],[12.785342287999981,13.39935562300002],[12.784503217000008,13.398751901000026],[12.784247402999995,13.398465390000013],[12.783971123000015,13.398045853999974],[12.783735773999979,13.397677482000006],[12.783561820999978,13.397043062000023],[12.78370507699998,13.39601980499998],[12.783919960999981,13.395068175999995],[12.784093913999982,13.394403059000012],[12.784226938000018,13.393952825999975],[12.784482751999974,13.393257011000003],[12.784932985000012,13.392059800000027],[12.78527065999998,13.391660730000012],[12.785628799999984,13.391425380999976],[12.78606880000001,13.391190031999997],[12.786730139999975,13.390876320000018],[12.786866941000028,13.390811427000017],[12.787624150999989,13.390473751999991],[12.788432523999973,13.390115611999988],[12.790417643000012,13.388816076000012],[12.795323137000025,13.385239791999993],[12.795538021000027,13.385076071000015],[12.795885928000018,13.382231417000014],[12.795885928000018,13.381965369999989],[12.795824532999973,13.381648159999997],[12.79460685700002,13.378793272999985],[12.794310112000005,13.378537458999972],[12.793923833000008,13.378216411999972],[12.793450576999987,13.37802455100001],[12.793028483,13.377871062999986],[12.79255522699998,13.377717573999973],[12.792197086999977,13.377666411000007],[12.781312189999994,13.37646408400002],[12.780902887000025,13.37647687499998],[12.780455211999993,13.376540827999975],[12.776745903999995,13.37843385399998],[12.77647730000001,13.378612923999981],[12.77637497500001,13.378855948000023],[12.776349392999975,13.379188505999991],[12.776426137999977,13.379572226999983],[12.776745904999984,13.380083855999999],[12.777526138999974,13.381298974000003],[12.777948232000028,13.38191292800002],[12.778306371999975,13.382309439999972],[12.778715675,13.382629208000026],[12.779406374000018,13.382961765999994],[12.78096229900001,13.38391194899998],[12.781081957000026,13.38398502299998],[12.781670329999997,13.384381535999978],[12.781734282999992,13.384867583000016],[12.781337770999983,13.385647816000017],[12.780941258999974,13.386031537000008],[12.780506375000016,13.386389677000011],[12.780135443999995,13.386658281999985],[12.77347148299998,13.391301311000007],[12.772947063999993,13.391595498000015],[12.772461017000012,13.391761777],[12.771987760000002,13.391774568000017],[12.770324968000011,13.391748985999982],[12.767127288999973,13.391685032999987],[12.766666824000026,13.39156991599998],[12.765554032000011,13.390482706],[12.763558680000017,13.388474563999978],[12.763034260999973,13.387592003999998],[12.762765656,13.386837351999986],[12.762676121000027,13.385993165000002],[12.762612167999976,13.384893164000005],[12.762497051000025,13.381447665999985],[12.762497051000025,13.377946208000026],[12.762688911999987,13.377674404999993],[12.762800830999993,13.377370626000015],[12.762896760999979,13.377018881000026],[12.763040656999976,13.376459287999978],[12.763072632999979,13.375835740000014],[12.763024668000014,13.375340100000017],[12.762736877000009,13.374204925000015],[12.762289201999977,13.372542131999978],[12.761297921999983,13.369728174999977],[12.761106059999975,13.369184570000016],[12.760754317000021,13.368720906000021],[12.760500220999972,13.36858833399998],[12.760018850999984,13.368337184999973],[12.759251408000011,13.368033405999995],[12.75880373299998,13.367825556000014],[12.758356058000004,13.367569742],[12.757844428999988,13.367106078999996],[12.757236870999975,13.366530496999985],[12.75661332300001,13.365890960999991],[12.756005764000008,13.365219448999994],[12.755446171000017,13.364579913],[12.75512640300002,13.364132238000025],[12.754854599999987,13.363748516999976],[12.754614774000004,13.363348807000023],[12.754119134000007,13.36267729399998],[12.753048041,13.361254271000007],[12.752999946999978,13.361190373999989],[12.752280469000027,13.360374965999995],[12.751752851999981,13.359831360999976],[12.751145294000025,13.359271766999996],[12.750505757999974,13.358696184999985],[12.750010117999977,13.358264498999972],[12.74951447799998,13.357928742000013],[12.748842964999994,13.357497056],[12.747867672999973,13.357049381000024],[12.746780462999993,13.356601705999992],[12.745757206000007,13.356233972999974],[12.745133657999986,13.356026123999982],[12.744824246999997,13.35594017599999],[12.744558075999976,13.355866240000012],[12.743678714999987,13.355530483999985],[12.742975225999999,13.355194727000026],[12.74244760900001,13.354874960000018],[12.741872027,13.354235424000024],[12.738402545999975,13.350254314999972],[12.738002836000021,13.349790650999978],[12.73777899800001,13.349422918000016],[12.737683068000024,13.348559545],[12.73777899800001,13.348031928000012],[12.737890917000016,13.347600241999999],[12.738146730999972,13.34707262500001],[12.738226672999986,13.346608961000015],[12.738258649999977,13.346065355999997],[12.738114755000026,13.345601692999992],[12.737331324000024,13.34389093499999],[12.736595857999987,13.343027561999975],[12.736084229000028,13.342755759],[12.735652542000025,13.342595874999972],[12.73517289099999,13.342372038000008],[12.73478916900001,13.342116223000005],[12.734533354999996,13.341764479000005],[12.733765912000024,13.338598777000016],[12.733733936000021,13.338167091000003],[12.733813876999989,13.337799357999984],[12.734133644999986,13.337479589999987],[12.734469402000002,13.337223775999973],[12.73494905299998,13.337047902999984],[12.735380739999982,13.336935985000025],[12.735860392000006,13.337031915000011],[12.736372019999976,13.337319706000017],[12.736771729999987,13.337623485999984],[12.737139463000005,13.337799357999984],[12.737299667999991,13.337858692999987],[12.737571149000019,13.33795924200001],[12.737922894000008,13.338087148999989],[12.738498476000018,13.338199067999994],[12.739074056999982,13.338071160000027],[12.739425803000017,13.33791127699999],[12.739921443000014,13.337527555000008],[12.741951969000013,13.335608948000015],[12.742207783000026,13.335353134000002],[12.742335690000004,13.335097319999988],[12.742319701999975,13.334713598000008],[12.741440339999997,13.328174346000026],[12.741312433000019,13.327518822000002],[12.741136559999973,13.32729498499998],[12.740449060000003,13.326767367999992],[12.739569698000025,13.326527542000008],[12.738626382999996,13.326527542000008],[12.737635103000002,13.326671438000005],[12.736659810999981,13.326815333000013],[12.735780449999993,13.326847310000005],[12.734693239000023,13.326831321999975],[12.733236417,13.326805150999974],[12.73202317800002,13.326783356000021],[12.73107986299999,13.326671438000005],[12.730040616999986,13.326383647],[12.729225208999992,13.325935972000025],[12.72813861200001,13.325177617000008],[12.72769032399998,13.324864749000028],[12.72693886899998,13.324465040000007],[12.726011543000027,13.324097306999988],[12.721294967000006,13.32337782899998],[12.720399616999998,13.323249922000002],[12.719552233000002,13.323281898999994],[12.716946124999993,13.324193236999974],[12.715448880999986,13.32478039199998],[12.715315309000005,13.324832773000026],[12.714963564000016,13.325008645000025],[12.714451935999989,13.325088586999982],[12.713908329999981,13.325104575000012],[12.710710651999989,13.324209225000004],[12.710326930999997,13.324065329999996],[12.709975186000008,13.323777538999991],[12.709863267999992,13.323409805999972],[12.709543499999995,13.32149119899998],[12.709575475999998,13.320995558999982],[12.709623442000009,13.320547884000007],[12.709895243999995,13.319972301999996],[12.710310941999978,13.31928480099998],[12.71075861700001,13.318757183999992],[12.71166995599998,13.317781892000028],[12.712469375000012,13.316998461000026],[12.713076934000014,13.316454856000007],[12.713892342000008,13.315879273999997],[12.714403971000024,13.315687412999978],[12.714995541000008,13.315527529000008],[12.715683042000023,13.315415610000002],[12.71709002,13.315511540999978],[12.717117600999984,13.31551387899998],[12.718033334999973,13.315591482999992],[12.718608916999983,13.315719390000027],[12.719056592000015,13.315799331999983],[12.71952025600001,13.315815320000013],[12.72009583800002,13.315639448000013],[12.720655432000001,13.315319680000016],[12.720943223000006,13.315063866000003],[12.721247000999995,13.314552236999987],[12.721502815999997,13.313960667000003],[12.721582758000011,13.313337118999982],[12.721630722999976,13.312585664999972],[12.721566769999981,13.311706302999994],[12.721342932000027,13.310970837000013],[12.721039152999992,13.310411244000022],[12.720687408000003,13.30996356899999],[12.720335664000004,13.309611824000001],[12.719280430000026,13.308668508999972],[12.718672871000024,13.30830077600001],[12.717761532999987,13.307805136000013],[12.716834205999987,13.307405426000003],[12.715571123000018,13.306877809000014],[12.715027518,13.30681385600002],[12.714595830000007,13.306797867],[12.710534779999989,13.307773159000021],[12.710103092999987,13.308012985000005],[12.709303674000012,13.308540601999994],[12.708632161000025,13.309100195999974],[12.708376347000012,13.309451939999974],[12.708088556000007,13.309851649999985],[12.707784776999972,13.310427231999995],[12.70757692799998,13.310970837000013],[12.707480997000005,13.311594384999978],[12.707465876000015,13.312078282000016],[12.707465008999975,13.312106013000005],[12.707528962000026,13.31261764200002],[12.707704835000015,13.313081305000026],[12.70792867199998,13.313576945000023],[12.70799262600002,13.31423246899999],[12.707912684000007,13.314616191000027],[12.707784776999972,13.315047876999984],[12.707608903999983,13.315623458999994],[12.70700134499998,13.31671067000002],[12.706425763000027,13.317366193999987],[12.705082738999977,13.318757183999992],[12.703308026999991,13.32056387199998],[12.702828375000024,13.320835675000012],[12.701837094999973,13.321203407999974],[12.701341454999977,13.321299338000017],[12.70084581499998,13.321331315000009],[12.699678661999997,13.32131532699998],[12.699262964000013,13.321171430999982],[12.698895230999995,13.320947594000017],[12.698399590999998,13.320595848999972],[12.692515862999983,13.32005224400001],[12.688950451999972,13.320707767999977],[12.684313818000021,13.321443234000014],[12.683930096999973,13.321411257000022],[12.683322538000027,13.321251372999996],[12.682970794000028,13.320995558999982],[12.682842886000003,13.320132186000023],[12.683498410000027,13.31816561300002],[12.684393759999978,13.315943226999991],[12.685337075000007,13.313832758999979],[12.686056553000014,13.312889444000007],[12.686440274000006,13.312409792999972],[12.687015857000006,13.311786245000008],[12.688774579999972,13.309611824000001],[12.690693187000022,13.306637982999973],[12.691620512999975,13.30513507500001],[12.692116152999972,13.304303677999997],[12.692355979000013,13.303776061000008],[12.692483885999991,13.303088560999981],[12.692483885000001,13.302608909000014],[12.691652490000024,13.30062634799998],[12.69134871099999,13.299922858999992],[12.690980978000027,13.299123440000017],[12.690629232999981,13.298531868999987],[12.690293477000012,13.298068205999982],[12.68968591800001,13.297540588999993],[12.689238242999977,13.297252797999988],[12.688694638000015,13.297060937000026],[12.687895217999994,13.296965006999983],[12.686568181999974,13.294806574000006],[12.68466056699998,13.290253380000024],[12.681138123999972,13.28625628200001],[12.67995214299998,13.284819527000025],[12.679485376999992,13.284250655999983],[12.679047782999987,13.283638025000016],[12.678610189999972,13.282996221000019],[12.678121544000021,13.282266898999978],[12.677888160999998,13.281873065000013],[12.677662070999986,13.281471936999992],[12.67758184500002,13.281202087999986],[12.677479740000024,13.280837426999994],[12.677457860999993,13.28056028399999],[12.677465154000004,13.280093518000001],[12.677596431999973,13.279123518999995],[12.677647483999976,13.278540061000001],[12.677684003000024,13.277980107000019],[12.67771312299999,13.277533596000012],[12.677683951000006,13.277081415999987],[12.677669363999996,13.276869912999985],[12.67754537899998,13.27662194300001],[12.677158838000025,13.276388559999987],[12.676371169999982,13.275987433000012],[12.675962749999997,13.275841567999976],[12.670769973999995,13.274018262000027],[12.670346967,13.273952623000014],[12.669938546000026,13.273989088999997],[12.66950095300001,13.274229766000019],[12.66880809700001,13.27476217100002],[12.66795478900002,13.275673824000023],[12.667356745000006,13.276330213999984],[12.667035843000008,13.276731342000005],[12.666897272000028,13.277066830000024],[12.666751406000003,13.277489837000019],[12.666758700999992,13.277920137000024],[12.666809752999995,13.278408782999975],[12.666933738000012,13.27888284300002],[12.666999377000025,13.281661561000021],[12.66640862600002,13.284673662999978],[12.666291934000014,13.285249828000019],[12.666182536000008,13.285738474000027],[12.66583975399999,13.286125013999992],[12.664351936999992,13.287518019999993],[12.663841411000021,13.287948319999998],[12.66327983299999,13.288371327999982],[12.662659908000023,13.288772455000014],[12.662375472999997,13.288947491999977],[12.661551337999981,13.289392378999992],[12.65763487700002,13.291339670000013],[12.656825329000014,13.291631398999982],[12.656161645999987,13.291602226000009],[12.655483376000007,13.291405309000027],[12.654717586999993,13.290894782999999],[12.654469072999973,13.290492930000028],[12.654374806000021,13.290340497999978],[12.654134129,13.289917490999983],[12.653944505000027,13.289538242999981],[12.653747587999987,13.289071476999993],[12.653448566000009,13.288626589999978],[12.653215182999986,13.288298395000027],[12.65142105000001,13.287510726999983],[12.650983456000006,13.287357568999994],[12.650472931000024,13.287284637000027],[12.649984285000016,13.287255463999998],[12.649561278000022,13.28731381],[12.647146066000005,13.288287975999992],[12.645637523000005,13.288896439999974],[12.645363468000028,13.289718010000001],[12.64259628000002,13.298013572999992],[12.642275347000009,13.298975675999998],[12.643442262999997,13.301965897999992],[12.643850682999982,13.302323265999974],[12.644995719000008,13.303665218999981],[12.646111582999993,13.305262434999975],[12.646169928000006,13.30553957699999],[12.646089702999973,13.305831306000016],[12.645827146999977,13.306035516999998],[12.645506244999979,13.30623972699999],[12.645075944999974,13.306363712000007],[12.644580005000023,13.306465817000003],[12.644018426999992,13.30641476400001],[12.643624593000027,13.30623243399998],[12.643187000000012,13.306020929999988],[12.642450384000028,13.305277020999995],[12.641378280000026,13.303621458999999],[12.64126158800002,13.303337023999973],[12.64121335599998,13.302462795999986],[12.641203243000007,13.30227950599999],[12.641174069999977,13.30160123600001],[12.641137603999994,13.300930259999973],[12.64107925799999,13.300288455999976],[12.640911513999981,13.298924623000005],[12.640714596999999,13.298020263000012],[12.640517679000027,13.297575376999987],[12.640342642000007,13.297232595000025],[12.639314297999988,13.295803122999985],[12.638883996999994,13.29524154500001],[12.638417231000005,13.294731018999983],[12.63796505099998,13.294278839000015],[12.637505578000003,13.293914178000023],[12.636706593999975,13.293099926000025],[12.636360541999977,13.292747261999978],[12.635944827999992,13.29227320199999],[12.635499940999978,13.291733503999978],[12.635120694000022,13.291237565000017],[12.634850844000027,13.290785384999992],[12.634617461000005,13.290318618000015],[12.634471597000015,13.28988831800001],[12.634267385999976,13.289253808000012],[12.634114228999977,13.288626589999978],[12.634063867000009,13.287770432999991],[12.63404859000002,13.287510726999983],[12.634055882999974,13.287014788000022],[12.633822500000008,13.286402156999998],[12.633457838000027,13.28578223300002],[12.632473253,13.284608024000022],[12.630190474000017,13.282274191999988],[12.629701828000009,13.281829304999974],[12.628746416000013,13.281070810000017],[12.627309649999972,13.280086224999991],[12.626835590999974,13.279779909000013],[12.62642717,13.279590284999983],[12.625727020999989,13.279291263000005],[12.625209201000018,13.279087053000012],[12.624844541000016,13.27899953399998],[12.624100632000022,13.278897428999983],[12.62302852800002,13.278795323999987],[12.62143860499998,13.278912015999992],[12.613873700999989,13.279640389000008],[12.613095491000024,13.279846384999985],[12.612358480000012,13.280290422999997],[12.611852947999978,13.281148609000013],[12.611875300000008,13.281785642999978],[12.611920004000012,13.282389148999982],[12.611844168999994,13.282714151999983],[12.61176353899998,13.28305971200001],[12.61155556,13.283573896999997],[12.611249965000013,13.284075945999973],[12.610900714000024,13.284381541000016],[12.61020221199999,13.284577994000017],[12.609372740000026,13.284687135000013],[12.608543268000005,13.284708964000004],[12.607888421999974,13.284708964000004],[12.607495513999993,13.284577994000017],[12.607124435000003,13.284294228000022],[12.606709699000021,13.283595724999998],[12.606556900999976,13.283290130000012],[12.606299605000004,13.282979231000013],[12.606033024999988,13.282657111999981],[12.603582723999978,13.281337443999973],[12.60308818599998,13.281194473000028],[12.595574630999977,13.281668591000027],[12.595162637999977,13.281771589000016],[12.594756366000013,13.282046251999986],[12.594458814999996,13.28254979899998],[12.594241373999978,13.283024736000016],[12.593617661999986,13.284987428000022],[12.593457441999988,13.285508142000026],[12.593445454000005,13.28568316899998],[12.593428831999972,13.285925857999985],[12.593108391999976,13.287350668999977],[12.592839452000021,13.288083101999973],[12.592330182000012,13.289187474000016],[12.59210988000001,13.289645243999985],[12.591875271999982,13.289925628999981],[12.591589166000006,13.29020029100002],[12.591394612999977,13.290354788999991],[12.591068452000002,13.29039484399999],[12.590713678999975,13.290291845000013],[12.590364629000021,13.290000016000022],[12.589203036000015,13.288821256999995],[12.588796764999984,13.288277654000012],[12.588625100999991,13.287894272000017],[12.588613656999996,13.287310613999978],[12.588779896999995,13.286807033000002],[12.58879562200002,13.28678630600001],[12.589182731999983,13.286276024000017],[12.589439081000023,13.285726704000012],[12.58956725500002,13.285342180999976],[12.589439081000023,13.284719617999997],[12.589164419999975,13.284390025999983],[12.588633411999979,13.284206919999974],[12.586777676999986,13.283692141000017],[12.586252452999986,13.283692141000017],[12.585670955000012,13.283748414999991],[12.584770570999979,13.283973511],[12.58403900899998,13.284254880999981],[12.583326204000002,13.284648799000024],[12.583265971000003,13.284683670999982],[12.582613400000014,13.28506147500002],[12.581900596000025,13.285417876999986],[12.581037728000013,13.285492909000027],[12.580399956000008,13.285417876999986],[12.579968521000012,13.285249055000008],[12.579068136999979,13.284892652999986],[12.578824283000017,13.284686314999988],[12.578561670999989,13.284067300999993],[12.578542912999978,13.28320443299998],[12.57886179899998,13.282716725],[12.579199442999993,13.282397838999998],[12.580006036999976,13.28215398399999],[12.585483375000024,13.280859682000028],[12.586308727000016,13.280840924000017],[12.58820328600001,13.279265252000016],[12.58957830899999,13.277681977999976],[12.590416934000018,13.276345418999995],[12.591236449999997,13.269984990000012],[12.591294869000023,13.269531589999985],[12.591229350999981,13.269033657000023],[12.590744522000023,13.26713364699998],[12.590613485999995,13.266753644999994],[12.59036451999998,13.266465368000013],[12.58997141399999,13.26626881499999],[12.58829416399999,13.265862605999985],[12.587874852000027,13.265862605999985],[12.587547264000023,13.265875709],[12.587298297000018,13.266137780000008],[12.587141055000018,13.266452264000009],[12.586472775000004,13.268863311000018],[12.586433465000027,13.26912538099998],[12.586630017000005,13.269426762000023],[12.586892088000013,13.269649522000009],[12.587285193000014,13.270068835000018],[12.58771760899998,13.270868149000023],[12.587887954999985,13.271274358000028],[12.58797967999999,13.271641256999999],[12.587992783000004,13.27187712],[12.587756920000004,13.272217811000019],[12.587075536999976,13.27297781499999],[12.586813467000013,13.273266093000018],[12.586449002999984,13.273617842000021],[12.584559662000004,13.275441275999981],[12.583239247999984,13.275872089000018],[12.581467232000023,13.276450247000014],[12.58069412399999,13.276673007],[12.580287914999985,13.276751628],[12.579776878000018,13.276764732000004],[12.579344461999995,13.27672542099998],[12.578610664999985,13.276450247000014],[12.57812583499998,13.276227487000028],[12.57781135099998,13.275991624000028],[12.577601694000009,13.275637829000004],[12.577444452000009,13.275297137999985],[12.57726100299999,13.274838514999999],[12.57718238199999,13.274445409000009],[12.576592724000022,13.270527458000004],[12.576710655,13.27001642099998],[12.576933414999985,13.269728143000009],[12.577453363000018,13.269851039999992],[12.57765410899998,13.269898489000013],[12.57846652699999,13.269990213000028],[12.579292048000013,13.269806764000009],[12.579947222999976,13.269295726999985],[12.58045826099999,13.26857503399998],[12.580681020999975,13.267723305000004],[12.581611371000008,13.258367394000004],[12.581611371000008,13.257830150000018],[12.581506542,13.257528768999975],[12.581375507000018,13.257188078000013],[12.581074125999976,13.256794972000023],[12.580602399999975,13.256428073999984],[12.580052051999985,13.256166002999976],[12.579357565999999,13.255890829999998],[12.578649976000008,13.255681173000028],[12.577824453999995,13.255510828000013],[12.576907208000023,13.255366689000027],[12.575989961999994,13.255183240000008],[12.575271407000002,13.255015576000005],[12.575203751000004,13.25499979],[12.57422098699999,13.25473771999998],[12.57188856099998,13.25403012999999],[12.57141683499998,13.253833577000023],[12.57102372899999,13.253571507000004],[12.570552002999989,13.253204609000022],[12.56989682699998,13.252549433000013],[12.569815647999974,13.252429286999984],[12.569569238999975,13.252064603000008],[12.56942509999999,13.251763222000022],[12.569228547000023,13.25130459899998],[12.568979581000008,13.250950804000013],[12.568403025999999,13.250217007000003],[12.56782647099999,13.249758384000017],[12.567315434000022,13.249496313000009],[12.566136116999985,13.248959069000023],[12.565769218000014,13.248880448000023],[12.565349905999994,13.248932862000004],[12.564904387000013,13.24907700099999],[12.562951962999989,13.250544595000008],[12.562401614999999,13.251081838999994],[12.56182505999999,13.251841843000022],[12.561300920000008,13.252929434999999],[12.561169885000027,13.253427368000018],[12.56101264199998,13.254331510999975],[12.560894711000003,13.255157032999989],[12.560999539000022,13.255995658000018],[12.561169885000027,13.256847386000004],[12.561484369000027,13.257568079999999],[12.561916784999994,13.258301877000008],[12.56237540799998,13.258996362999994],[12.562925756000027,13.259703952999985],[12.563214033000008,13.26050326699999],[12.563410585999975,13.261433617000023],[12.563410585999975,13.26225913899998],[12.563361448000023,13.262578537000024],[12.563148516000012,13.262807848000023],[12.561346781999987,13.264265615],[12.561133849999976,13.264413029000025],[12.560839020999992,13.264380270000004],[12.552059665000002,13.262676812999985],[12.551748455999984,13.262594916000012],[12.55142086799998,13.262447501999986],[12.551175177000005,13.262332845999993],[12.549422581999977,13.259826798000006],[12.549291546999996,13.259417314000018],[12.549291546999996,13.258942310999998],[12.549340685000004,13.258516446999977],[12.549619135,13.258156100000008],[12.550880348000021,13.25679660999998],[12.560151086000019,13.248901740999997],[12.560773503000007,13.248508635999997],[12.561061768000002,13.248401870999999],[12.561215747000006,13.248344841999995],[12.561657991000004,13.248295703999986],[12.56219851100002,13.248181047999992],[12.56259161600002,13.248050013000011],[12.56298472200001,13.247869838999975],[12.565343354999982,13.246051727000008],[12.56547439000002,13.245724139000004],[12.56539576099999,13.245033950999982],[12.565326975000005,13.244430165999972],[12.565228698999988,13.243922404999978],[12.565195940000024,13.243496541000013],[12.565163181000003,13.242808605999983],[12.565163181000003,13.242202569000028],[12.565261458000009,13.241318080999974],[12.56565456300001,13.240007730000002],[12.566064047999987,13.239401692000001],[12.566604568000002,13.239172380000014],[12.567210606000003,13.238943069000015],[12.567610210999987,13.238918850000005],[12.567751126000019,13.238910309999994],[12.568176989999984,13.238943069000015],[12.568995959999995,13.238959448000003],[12.56953648000001,13.238779275000013],[12.569945964999988,13.238599100999977],[12.570437346999995,13.238271514000019],[12.570879590000004,13.237698234999982],[12.571256317000007,13.237190472999998],[12.571567523999988,13.236715471000025],[12.571698560000016,13.235978397999986],[12.571682181000028,13.235224946000017],[12.571616662999986,13.234438735000026],[12.571518387000026,13.234062009000013],[12.571256317000007,13.233444506000012],[12.570961486999977,13.23280570899999],[12.570388207999997,13.231773807000025],[12.569945964999988,13.231167770000013],[12.569438203999994,13.230676388000006],[12.568635613000026,13.229972073999988],[12.566702845000009,13.228841895000016],[12.56586749500002,13.228530686999989],[12.564704557000027,13.228235858000005],[12.563623517999986,13.228104823000024],[12.562153583999986,13.228083898000023],[12.55902090799998,13.228039304999982],[12.555433820000019,13.227990166999973],[12.555317086999992,13.227676654999982],[12.554288553999982,13.224914309999974],[12.554287262999992,13.224910840000007],[12.554309234000016,13.224893264000002],[12.555024334999985,13.224321181999983],[12.555482958000027,13.223698764999995],[12.555843304999996,13.222879794999983],[12.556072616999984,13.22201168700002],[12.556154514000013,13.221127200000012],[12.55613813299999,13.22017719500002],[12.554713127000014,13.212265946999992],[12.554532952999978,13.211496114999989],[12.554139847999977,13.210628007000025],[12.551142418999973,13.205321083000001],[12.550880348000021,13.204862460000015],[12.550520001999985,13.20458401000002],[12.549881203999973,13.20414176700001],[12.549242408999987,13.203896075999978],[12.548587232999978,13.203830557999993],[12.547735504000002,13.203863317000014],[12.547031189999984,13.203994351999995],[12.546425152999973,13.204272801999991],[12.546032045999993,13.204518493000023],[12.54568807999999,13.204927978],[12.545409629999995,13.205419359000018],[12.545000145000017,13.206156432],[12.544770491999998,13.206587033000005],[12.544738074999998,13.206647814000007],[12.544525142999987,13.207286610999972],[12.544230314000004,13.207876268999996],[12.54342772299998,13.209088344000008],[12.542756167999983,13.210054727999989],[12.54198633599998,13.211152147999996],[12.541691506999996,13.21144697699998],[12.541003573000012,13.21174180600002],[12.540217362000021,13.21192198],[12.539332874000024,13.212167670999975],[12.538726837000013,13.212511638000024],[12.538382868999975,13.21328146899998],[12.538219074999972,13.214084060000005],[12.538186316999997,13.215034064999998],[12.538186316999997,13.215967690000014],[12.537940626000022,13.21790045900002],[12.537808072000018,13.218651594999983],[12.537793211000007,13.21873580800002],[12.537514761000011,13.219178052000018],[12.537138034999998,13.219276327999978],[12.536531997999987,13.219210810999982],[12.535663890000023,13.218473738],[12.535270783999977,13.21799873499998],[12.534468193999999,13.216950454000028],[12.532994047999978,13.21480475300001],[12.532666459999973,13.213920266000002],[12.532535424999992,13.213461643000016],[12.532388009999977,13.212560775999975],[12.53240439000001,13.21210215299999],[12.532437148999975,13.211725426999976],[12.532486286999983,13.211234045000026],[12.532699218999994,13.210333177999985],[12.532813874999988,13.209923693000007],[12.532944910000026,13.209514207999973],[12.533960432000015,13.206975402000012],[12.534697504999997,13.205402979999974],[12.535188887000004,13.204551251999987],[12.53564750999999,13.203765040999997],[12.53604061599998,13.20309348500001],[12.53777683200002,13.200915026000018],[12.538399249000008,13.20017795299998],[12.539054424000028,13.199490018000006],[12.539725980000014,13.198933119000003],[12.541298401999995,13.197819320000008],[12.542035474999977,13.197327938],[12.542854444,13.196836555999994],[12.543771690000028,13.196558105999998],[12.544721695000021,13.196377933000008],[12.546621705000007,13.19614862100002],[12.55006137800001,13.19585379199998],[12.55102776299998,13.195952068999986],[12.551781215000005,13.196296035999978],[12.552420010999981,13.196787417999985],[12.553107946000011,13.197344316999988],[12.553746741999987,13.19790121699998],[12.554434677000017,13.198507253999992],[12.55459847100002,13.199391741999989],[12.554434677000017,13.200292608999973],[12.553992433000019,13.201160716999993],[12.553902865999987,13.201329101999988],[12.553582948999974,13.201930548000007],[12.553632085999993,13.202765897000006],[12.554107089000013,13.203339175999986],[12.554860540999982,13.203715901999999],[12.555794166999988,13.203634005000026],[12.556662275000008,13.203388313999994],[12.557546761000026,13.203011587999981],[12.558218318000002,13.202421930000014],[12.559168322000005,13.200915026000018],[12.559577806999982,13.200210712],[12.560052809000013,13.199309845000016],[12.560495054,13.198392598999988],[12.560904537999988,13.197131384999977],[12.561002814999995,13.196427071000016],[12.559610566000003,13.194543441000008],[12.558889872999998,13.194052059],[12.55812817200001,13.193579804000024],[12.558070902999987,13.193544298000006],[12.556695033999972,13.19239773999999],[12.556056237000007,13.191857219999974],[12.555417440999975,13.19121842300001],[12.55355019000001,13.189318413000024],[12.552403631999994,13.187909784999988],[12.551470005999988,13.186337363000007],[12.551076900999988,13.185420116999978],[12.550896727999998,13.184617527],[12.550749312999983,13.182668379000006],[12.550798450999991,13.180850265999993],[12.550896727999998,13.178131285999996],[12.551093279999975,13.172742464999999],[12.551257073999977,13.171874356999979],[12.551813974000027,13.171415733999993],[12.552551047000009,13.170842455000013],[12.553091567000024,13.170318313999985],[12.553271740000014,13.16949934500002],[12.553337257999999,13.168532959999993],[12.553042428000026,13.167632093000009],[12.550978625000027,13.162112236999974],[12.548488956000028,13.159000151999976],[12.547178605,13.158164802999977],[12.546376013999975,13.157640662000006],[12.544918902999996,13.156626121999977],[12.544342348999976,13.156122946999972],[12.540306466000004,13.152233823000017],[12.540065361000018,13.151929822],[12.539971014999992,13.151594371999977],[12.539960532999999,13.151279886999987],[12.54001294699998,13.150829127000009],[12.540442741999982,13.149592154999993],[12.540715294999984,13.149183325000024],[12.541092676000005,13.148743046999982],[12.541753094,13.148302768000008],[12.542068039000014,13.147987822999994],[12.542266751999989,13.147789111000009],[12.542612684000005,13.14742221199998],[12.542874755000014,13.146981933999996],[12.543105377000018,13.14654165600001],[12.543346481000015,13.146080412000003],[12.543398894999996,13.145713514000022],[12.543346481000015,13.144906337000009],[12.543231170000013,13.144497506999983],[12.543105377000018,13.144099159999996],[12.542832824000016,13.143763709999973],[12.542455442000005,13.143396811999992],[12.541973233000022,13.143113776000007],[12.541595852,13.142946051000024],[12.541187021999974,13.142778325999984],[12.539383977,13.142138874000011],[12.539038044999984,13.142034045999992],[12.538597766999999,13.141992114999994],[12.538209902999995,13.141981632000011],[12.537402725999982,13.142180805999999],[12.535662579000018,13.142862187999981],[12.533566016999998,13.144162057000017],[12.533199118000027,13.14439267900002],[12.53320960100001,13.144728128999986],[12.533607947999997,13.145074061999992],[12.534037742999999,13.145336132000011],[12.534425920999979,13.145548706],[12.534478020999984,13.145577236999998],[12.534855402999995,13.145797376000019],[12.535159404000012,13.146059445999981],[12.535379542999976,13.146447310999974],[12.535536784999977,13.147338349999984],[12.535578717000021,13.147705248000022],[12.535557750999999,13.14862773599998],[12.535054575999993,13.150357400000019],[12.534750573999986,13.15110168000001],[12.534436089999986,13.151520991999973],[12.534058709000021,13.151783062999982],[12.533754707000014,13.151793544999975],[12.527842399999997,13.151416164000011],[12.527610492999997,13.151345584000012],[12.523502516000008,13.15009533],[12.523250927999982,13.150325951000013],[12.521154366000019,13.152139477999981],[12.51978111699998,13.153261138999994],[12.519246494000015,13.153680452000003],[12.518575594000026,13.15407879899999],[12.518030486999976,13.15434086900001],[12.51727572499999,13.154571491000013],[12.516803998,13.154665835999992],[12.516311305999977,13.154634387999977],[12.515671854000004,13.154466662999994],[12.51518964500002,13.154246523999973],[12.514686470000015,13.153837694000003],[12.514214743000025,13.153418380999994],[12.512705218000008,13.151783062999982],[12.512233492000007,13.151216991000013],[12.509581340000011,13.14758993700002],[12.509445062999987,13.147327867000001],[12.50406737999998,13.145619167999996],[12.503469859999996,13.145440959999974],[12.503029581000021,13.145168407000028],[12.502033713999992,13.144266884999979],[12.50024115299999,13.140136657000028],[12.498574385999973,13.135849185999973],[12.498333280999987,13.135262149000027],[12.498102658999983,13.134748490999982],[12.497651898000015,13.133867935000012],[12.497442241999977,13.133511519000024],[12.49631009799998,13.132452754999974],[12.493186219999984,13.12960142999998],[12.491504055999997,13.127787194000007],[12.49064937899999,13.126865414999997],[12.49011475499998,13.12615258400001],[12.489401923999992,13.125177682000015],[12.489160819000006,13.124611609999988],[12.489139853999973,13.124014090000003],[12.489150337000012,13.123259328000017],[12.489967996000019,13.117902609999987],[12.490230065999981,13.116791432000014],[12.490523585000005,13.116351153999972],[12.490942898000014,13.116172946000006],[12.493961947999992,13.115271424000014],[12.494439879000026,13.114471518000016],[12.49495781500002,13.113604656999996],[12.492410490999987,13.107839108999997],[12.492054075999988,13.107335933999991],[12.491058209000016,13.106140892999974],[12.490895669999986,13.106022284000005],[12.490670345000012,13.10585785699999],[12.49069500600001,13.105781614000023],[12.492043593000005,13.10161231799998],[12.493008012000018,13.101465559000019],[12.493469256000026,13.101182522999977],[12.493699877999973,13.100962384000013],[12.495269801999996,13.099010307000015],[12.495293264999987,13.098981132000006],[12.495156989000009,13.097890919000008],[12.493186219999984,13.095794356999988],[12.491058209000016,13.094903317999979],[12.490701793000028,13.094924283000012],[12.49033489499999,13.094829937999975],[12.49007282399998,13.094683179000015],[12.489894616000015,13.094567868000013],[12.489643028999978,13.09433724600001],[12.488898748999986,13.093215584999996],[12.488888266000004,13.092471305000004],[12.489339027000028,13.091653645000008],[12.489590614999997,13.091433505999987],[12.490219583999988,13.091098056000021],[12.490995311999995,13.09081501999998],[12.49279835599998,13.09046908800002],[12.493378388999986,13.09037241599998],[12.493678912000007,13.090322328000013],[12.49447560599998,13.090018326999996],[12.495167470000013,13.089536117000023],[12.495597266999994,13.089179702000024],[12.495880302999979,13.088896665999982],[12.496257684,13.088267696999992],[12.49647782300002,13.087712108000005],[12.496582650999983,13.087366175],[12.496467339999981,13.086873482999977],[12.496027061999996,13.086108237000019],[12.495744026000011,13.085793753000019],[12.495419059000028,13.085636511000018],[12.495062641999994,13.085605062000013],[12.494695745000001,13.085699407999982],[12.491383176,13.086999275999972],[12.491047725999977,13.087187966999977],[12.490628413000024,13.087512934000017],[12.490376825999988,13.08778548700002],[12.49008330700002,13.088099972000009],[12.489955409000004,13.088192989999982],[12.489852685000017,13.088267696999992],[12.48960109799998,13.088372525000011],[12.489339027000028,13.088403973000027],[12.484978177000016,13.088498318999996],[12.479149732999986,13.086842033999972],[12.478793316999997,13.086663826000006],[12.478531246999978,13.086286444999985],[12.478321590999997,13.085867133000022],[12.47823772800001,13.085311542999989],[12.478206279999995,13.084902714000009],[12.478185313999973,13.084483401],[12.478153865000024,13.083403670999985],[12.47839497000001,13.08222959599999],[12.478573177999976,13.081684489999986],[12.478772350999975,13.081118418000017],[12.47896104199998,13.080604760000028],[12.479233594999982,13.080017723000026],[12.479495665999991,13.079462133999982],[12.479820632999974,13.07878075100001],[12.480512497999996,13.077638123999975],[12.480837466000025,13.077113983000004],[12.480918764000023,13.076986541999986],[12.481225329999972,13.076505979999979],[12.481613193999976,13.076034253999978],[12.482336508000003,13.074985971999979],[12.482567130000007,13.074608591000015],[12.482745337999972,13.074231209999994],[12.482923545999995,13.073759483000003],[12.48299692400002,13.072669270999995],[12.482818716999986,13.072040302000005],[12.479348905999984,13.063874189999979],[12.478982008000003,13.063276669999993],[12.478824766000002,13.063025082000024],[12.478552212000011,13.062804943000003],[12.478164348000007,13.062563839000006],[12.477713586999982,13.062406596000017],[12.474107500000002,13.061714730999995],[12.472377834999975,13.062490459000003],[12.471948038999983,13.063381498000012],[12.461066879999976,13.071662920999984],[12.460312117,13.07216609599999],[12.45946300899999,13.072627339000007],[12.457764794000013,13.073528861],[12.456968099999983,13.073927207999986],[12.456150439999988,13.074252175000026],[12.455248917999995,13.074524729000018],[12.454253051000023,13.07479728200002],[12.45234517900002,13.075216593999983],[12.449766407000027,13.075719768999988],[12.448707642999977,13.075887494000028],[12.44594017999998,13.076013288000013],[12.445070106999992,13.076013288000013],[12.444252446999997,13.075772183000026],[12.443932685999982,13.075638427000001],[12.442648577,13.07510128299998],[12.441904297000008,13.074692454000001],[12.440174633000026,13.073916725000004],[12.439315041999976,13.073560310000005],[12.438424003000023,13.073235343000022],[12.43751199799999,13.073067617999982],[12.43667337300002,13.072931341000015],[12.43578233400001,13.07295230699998],[12.434912261000022,13.073078099999975],[12.43394784200001,13.073371619],[12.430876377999994,13.074996455000019],[12.430142531000001,13.075517371999979],[12.428853194999988,13.076432601000022],[12.428360501999975,13.076684188000002],[12.427909741000008,13.076673705000019],[12.427343668999981,13.076201979000018],[12.427018701999998,13.075856046000013],[12.42671470099998,13.075468182000009],[12.426473595999994,13.075206111],[12.426117180000006,13.074902109999982],[12.425792213000022,13.074776315999998],[12.425268071999994,13.074619073999997],[12.424754414999995,13.074577142999999],[12.423748064999984,13.074556176999977],[12.422867508000024,13.074566660000016],[12.422406264000017,13.074577142999999],[12.421609570999976,13.074598107999975],[12.420603221000022,13.074713418999977],[12.420100045000027,13.074849696000001],[12.419722664000005,13.074996455000019],[12.418999349999979,13.07558349300001],[12.418653416999973,13.075960873999975],[12.418422795000026,13.076296323999998],[12.418160725000007,13.076673705000019],[12.417234410999981,13.077639858999987],[12.417185823000011,13.077690538000013],[12.416850372999988,13.078036471000019],[12.416452026000002,13.078319507000003],[12.409816406000004,13.082250562000013],[12.409386610000013,13.082439253000018],[12.408904400999972,13.082638426000017],[12.408506053999986,13.082774702999984],[12.407971431000021,13.082942428000024],[12.407489220999992,13.083078704000002],[12.406734459000006,13.083288359999983],[12.406231284,13.083393188999992],[12.405874868000012,13.083414154000025],[12.405424106999988,13.083361739999987],[12.401262429999974,13.081768352999973],[12.400811669000007,13.081590145000007],[12.397520066000027,13.080248344999973],[12.397069305000002,13.080007239999986],[12.396828200000016,13.079818548999981],[12.396809539999992,13.079792424999994],[12.396566129999997,13.079451651],[12.396387921999974,13.079063786999996],[12.395968609000022,13.078361438000002],[12.395727505000025,13.077963091000015],[12.39552833099998,13.077659089999997],[12.394511497999986,13.076768050999988],[12.393767218999983,13.076222943999994],[12.393571006000002,13.076125736999984],[12.393650055000023,13.072369576000028],[12.393569946000014,13.068730354000024],[12.394209862000025,13.063619614000004],[12.39523982999998,13.059599875999993],[12.395879745000002,13.054490089000012],[12.396178245999977,13.047179222000011],[12.396869659000004,13.041020392999997],[12.397910118000027,13.036873817000014],[12.398989676999975,13.032569884999987],[12.400552749999974,13.029518127000017],[12.400856971999985,13.026571273999991],[12.401488303999997,13.024231911000015],[12.402077674999987,13.019856452999989],[12.402661324000007,13.015519142000016],[12.402869225000018,13.012589456],[12.40310955000001,13.009189606000007],[12.401829720000023,13.000860214],[12.401388167999983,12.997862816000008],[12.400489806999985,12.991760253999985],[12.399270058000013,12.986229896999987],[12.399653435000005,12.982920647000014],[12.399291991999974,12.980071067999972],[12.395649909999975,12.975099564000004],[12.394780158999993,12.969289779999997],[12.393974303999983,12.967090606999989],[12.393190383999979,12.964949607999984],[12.391731262000008,12.960965156999976],[12.391120910999973,12.958376884000018],[12.389860152999972,12.953029633000028],[12.388464928000019,12.948946953000018],[12.386759757999982,12.943960189999984],[12.380889893000017,12.93132972699999],[12.378899574000002,12.925909995999973],[12.377710342,12.922650336999993],[12.374620438000022,12.91761016800001],[12.370409966000011,12.912960052000017],[12.368100165999977,12.91009998300001],[12.365409850999981,12.906140327000003],[12.362709999000003,12.902190207999979],[12.360719680999978,12.896769523999978],[12.359370232000003,12.886230468999997],[12.359887123000021,12.879947662000006],[12.360544204999997,12.871949196000003],[12.360816001999979,12.868649483000013],[12.36143970500001,12.861060142999975],[12.362079619999975,12.855950355999994],[12.364452362000009,12.849178314000028],[12.366689682000015,12.84457015999999],[12.368067741000004,12.841733932000011],[12.370260239000004,12.837220192000018],[12.371274948000007,12.832563400000026],[12.372951508000028,12.830821990999993],[12.374447823000025,12.827468871999997],[12.376347542000019,12.824977875000002],[12.378520012000024,12.822130202999972],[12.380130768000015,12.819586754],[12.382490157999996,12.815859794999994],[12.386884688999999,12.810447693000015],[12.389399529000002,12.80735015900001],[12.392660141000022,12.802550316000008],[12.394359588999976,12.800680161000002],[12.398046494000027,12.797699927999986],[12.402190207999979,12.794349669999974],[12.407279968000012,12.78769016299998],[12.412759780999977,12.782119750999982],[12.415300369000022,12.778800010999987],[12.419670105000023,12.773610114999997],[12.42292022700002,12.768810271999996],[12.426580429000012,12.765099524999982],[12.429120064000017,12.761770248000005],[12.431659697999976,12.758440017999988],[12.434054375000017,12.753799437999987],[12.43656635299999,12.751741408999976],[12.441510201000028,12.747690201000012],[12.444545746000017,12.74409198799998],[12.446003914000016,12.74263477300002],[12.447554588000003,12.741221428000017],[12.450612067999998,12.738380431999985],[12.453584670999987,12.735395432000018],[12.456130028000018,12.732839583999976],[12.458740234000004,12.730059623999978],[12.461307525999985,12.728424071999996],[12.464940071000001,12.726110457999994],[12.471139907999998,12.719070434999992],[12.472960472000011,12.71720981599998],[12.480830192999974,12.718150138999988],[12.48797035199999,12.720560073999991],[12.494009972000015,12.723349571000028],[12.497819901000014,12.726920128000017],[12.502739905999988,12.730099677999988],[12.50767040300002,12.733280181999987],[12.511079788000018,12.735759734999988],[12.513380051000013,12.738630295000007],[12.51607990299999,12.742580413999974],[12.519499779,12.745059966999975],[12.523309708,12.748629569999991],[12.52783012399999,12.750729561000014],[12.533470153999986,12.75244045300002],[12.540220261000002,12.753760338000006],[12.548089980999976,12.754699706999986],[12.555950165000013,12.755640029999995],[12.568650246000004,12.756110191000005],[12.576990127999977,12.761779784999987],[12.588270186999978,12.765199660999997],[12.592399596999996,12.766209602000004],[12.598429679999981,12.769000053000013],[12.604069709999976,12.77070999099999],[12.608599663000007,12.772809982000012],[12.614310264999972,12.778160094999976],[12.614549636999982,12.78907966600002],[12.616539955000007,12.79450035100001],[12.624790191999978,12.796529770000006],[12.630040168999983,12.797149658000023],[12.640520095999989,12.798399925000012],[12.646550178999973,12.801199913000005],[12.650289536000002,12.801119803999995],[12.659339905000024,12.805319785999984],[12.665769576999992,12.809189795999998],[12.672599792000028,12.814160346999984],[12.677599907000001,12.820980071999998],[12.680299758999979,12.824930191000021],[12.68490982100002,12.830670356999974],[12.687290191999978,12.837180138000008],[12.694270134000021,12.849419593999983],[12.697050095000009,12.857009887999993],[12.700550078999981,12.863140106000003],[12.703249931000016,12.867090225000027],[12.70825004599999,12.873909949999984],[12.714360236999994,12.880339622000008],[12.720789909000018,12.884220122999977],[12.724599838000017,12.887789725999994],[12.730319977000022,12.893139839000014],[12.734930038000016,12.898880005000024],[12.73793983500002,12.90027046199998],[12.744059563000008,12.906709670999987],[12.746359825000013,12.909580231000007],[12.750969886999997,12.915309906000005],[12.753270149000002,12.918180466000024],[12.75667953499999,12.920660019000024],[12.761289596999973,12.926400184999977],[12.764780045000009,12.932519913000021],[12.767880439999999,12.937560081000015],[12.770970345000023,12.942589759999976],[12.77637004899998,12.950499535000006],[12.781379700000002,12.957320213000003],[12.791700363000018,12.968409538000003],[12.798290253000005,12.979570389000003],[12.803999900999997,12.984919547999993],[12.806699752999975,12.988869667000017],[12.810910224999986,12.99351978300001],[12.815520287000027,12.99925994900002],[12.827429771000027,13.014679908999994],[12.833140372999992,13.020030022000014],[12.837829590000013,13.029410362000021],[12.839099884000007,13.036299706000023],[12.850609779000024,13.050640106000003],[12.854499816999976,13.057849884000007],[12.86061000799998,13.064279555999974],[12.866330146999985,13.069629668999994],[12.877369880999993,13.079250335999973],[12.885709763000023,13.084910392999973],[12.892140387999973,13.088789940000026],[12.899680138000008,13.092289924999989],[12.909529685999985,13.098649979000015],[12.918580055000007,13.102840424000021],[12.924220085000002,13.104550361999998],[12.933270454000024,13.108739852999975],[12.946769714000027,13.111390114000017],[12.95503044100002,13.113409995999973],[12.961389542000006,13.113650322000012],[12.967340469000021,13.112799644000006],[12.975520134000021,13.111189841999987],[12.982589722,13.109959602000004],[12.99744033799999,13.106019973999992],[13.00117015799998,13.105950355999994],[13.00934982299998,13.10433006300002],[13.014200211000002,13.103870391999976],[13.024600028999998,13.101479530000006],[13.031669616999977,13.100250243999994],[13.038740157999996,13.09902000400001],[13.049139976999982,13.096630096000013],[13.05994033799999,13.095319748000009],[13.065500258999975,13.093390465000027],[13.075909615,13.091010094000012],[13.083689690000028,13.088299751000022],[13.088529586999982,13.087840079999978],[13.098540306000018,13.084369659000004],[13.106719971000018,13.082750320000002],[13.111169814999982,13.081210135999982],[13.116009711999993,13.080750464999994],[13.120140075999984,13.081760406],[13.120300293000014,13.089039802999991],[13.115369797000028,13.102970122999977],[13.112830162000023,13.106300353999984],[13.110289573999978,13.109629631000018],[13.108149529000002,13.114040375000002],[13.10416984599999,13.120309829999997],[13.102029800000025,13.124719620000008],[13.097020149000002,13.135020256000018],[13.090829848999988,13.14206028000001],[13.086460113999976,13.147239684999988],[13.082810402000007,13.150959968999985],[13.079150200000015,13.154669762000026],[13.076210021999998,13.156909943000016],[13.07326984399998,13.15915966],[13.069620132000011,13.162870407000014],[13.065970420999975,13.166580199999999],[13.062310218999983,13.170299530000023],[13.059370041000022,13.172539711000013],[13.055720328999996,13.176250458000027],[13.052069663999987,13.179969787999994],[13.049530028999982,13.183289527999989],[13.046270370000002,13.188090323999972],[13.04261016800001,13.191800117000014],[13.040470122999977,13.19622039799998],[13.035070419000022,13.205430030999992],[13.030300140000008,13.209529877000023],[13.025620461000017,13.217269896999994],[13.021960257999979,13.220979691000025],[13.012510299999974,13.232819557000028],[13.010370254999998,13.237230301000011],[13.007109641999989,13.242030144000012],[13.00012016300002,13.24689960500001],[12.997969626999975,13.251310348999993],[12.992890358000011,13.257969855999988],[12.989950179999994,13.260210036999979],[12.987409592000006,13.263540267999986],[12.981140137000011,13.26694011699999],[12.97747993500002,13.270649909999975],[12.972000121999997,13.276220321999972],[12.969860077000021,13.280639647999976],[12.96549034100002,13.285820006999984],[12.960009575000015,13.291390418999981],[12.955240249999974,13.295490265000012],[12.947859763999986,13.299280167000006],[12.943799973000012,13.301910399999997],[12.934269905000008,13.31009960199998],[12.925780296000028,13.314279555999974],[12.91950035100001,13.317680359000008],[12.914660454,13.318140029999995],[12.909810065999977,13.318599700999982],[12.89647007000002,13.323229790000028],[12.890589713999987,13.327710152000009],[12.873359680000021,13.342260361000001],[12.86859035499998,13.346360206999975],[12.863109588999976,13.351929665],[12.857950211000002,13.354940413999998],[12.851280212000006,13.357259750000026],[12.847940445000006,13.358420372000012],[12.843890190000025,13.36104011499998],[12.833640098999979,13.370710373000009],[12.82680988300001,13.382869719999974],[12.822050095000009,13.386969566000005],[12.817999840000027,13.389590263000002],[12.816196441999978,13.390970229999994],[12.81617270800001,13.390996588000007],[12.809119873999975,13.406414513000016]]]},"properties":{"fid":706,"cty_nm":"Nigeria","iso3cd":"NGA","adm1nm":"Borno","adm2nm":"Mobbar","adm1cd":"NGA008","adm2cd":"NGA008023"}},{"type":"Feature","id":707,"geometry":{"type":"Polygon","coordinates":[[[13.338896003999992,13.714215212999989],[13.338129676999984,13.71435255900002],[13.33735657599999,13.714538676000018],[13.332932717999995,13.714839326999993],[13.332302783999978,13.714810693000004],[13.33198781499999,13.714595943000006],[13.331916233000015,13.714152125999988],[13.331830333000028,13.713421974000028],[13.332002133000003,13.712906573999987],[13.33247458400001,13.712133472000005],[13.332975668000017,13.711403320999977],[13.333548335999978,13.710744752999972],[13.333700670999974,13.71046293500001],[13.334407337000016,13.70915560100002],[13.334707987999991,13.708382498999981],[13.334865471,13.70765234800001],[13.334822520999978,13.705018076999977],[13.334307119000016,13.69823196499999],[13.33400647000002,13.697816780999972],[13.332589116999998,13.696657129000016],[13.332428850999975,13.696548147999977],[13.331873282999993,13.696170361999975],[13.324142269999982,13.692347805999987],[13.321788955999978,13.694423422],[13.321125199999983,13.69483188700002],[13.320155095000018,13.69483188700002],[13.315613736999978,13.695082363999973],[13.312912632999996,13.697514120999983],[13.310402352999972,13.697508428999981],[13.309890499999995,13.697507267999981],[13.309109267999986,13.69727426899999],[13.308773475999999,13.696938477000003],[13.308485652999991,13.696623242999976],[13.307642745999999,13.69553363],[13.30749883499999,13.695184132000009],[13.30692319000002,13.691812501000015],[13.306943749000027,13.691442443000028],[13.307224717999986,13.69101071],[13.308232095999983,13.689640128000008],[13.308800887000018,13.689085042999977],[13.309212061999972,13.688900014000012],[13.309726029999979,13.68892742600002],[13.310119512000028,13.689085674000012],[13.310356497999976,13.689180983000028],[13.310527820999994,13.68935230599999],[13.31095886899999,13.689391367999974],[13.311128821000011,13.689133697999978],[13.31123846700001,13.688733488000025],[13.311222020000002,13.688267490999976],[13.31099724500001,13.687423211999999],[13.309390923000024,13.68400772199999],[13.309018125000023,13.683722640999974],[13.308299939999984,13.683777464000002],[13.308136364999996,13.683811306999985],[13.30766398999998,13.683909040000003],[13.307230886000013,13.68392548700001],[13.306627830000025,13.683870663999983],[13.30622213800001,13.683750052999983],[13.305257703999985,13.68336062100002],[13.304199159000007,13.682933186000014],[13.301222255000027,13.679928870000026],[13.301880133999987,13.678267725000012],[13.302379025999983,13.677741421999997],[13.302757854999982,13.677598332999992],[13.303165739999997,13.677729908999993],[13.303227142000026,13.678019376000009],[13.303560468,13.676286960000027],[13.303025391999995,13.673800175999986],[13.301516107999987,13.673830328999998],[13.299999147999984,13.675433909999981],[13.297157657000014,13.675299592999977],[13.296516225000005,13.675030959000026],[13.295304629999976,13.674340185999995],[13.295118231000004,13.674148304000028],[13.295271737000007,13.673298542999987],[13.295474582999987,13.672827063],[13.295765146000008,13.672339136000005],[13.296094085999982,13.671900549999975],[13.296905470000013,13.671516786999973],[13.297894321000001,13.671387056000015],[13.29881451099999,13.67091859499999],[13.299600855999984,13.670483595999997],[13.301056430000017,13.668643214999975],[13.301257197999973,13.668308599999989],[13.300705084000015,13.667271294999978],[13.299885277999977,13.665748797999981],[13.29946701,13.665698604999989],[13.299182588000008,13.665916105000008],[13.297844128999998,13.667438602000004],[13.295836440000016,13.669011291000004],[13.295535287000007,13.669228791000023],[13.294832595999992,13.669546674999992],[13.292958753999983,13.670165712000028],[13.292406638999978,13.670048597000005],[13.292105486000025,13.669680519999986],[13.291715038000007,13.666203166000003],[13.291698306,13.66586853299998],[13.291871200000003,13.665031951999993],[13.294051889000002,13.664741936999974],[13.29458116699999,13.665101666999988],[13.294826564000005,13.665538920000017],[13.29507196100002,13.665788779000025],[13.295593988000007,13.665860167999995],[13.295995548000008,13.665770931999987],[13.296406030000014,13.665347064000002],[13.296535421999977,13.665016892999972],[13.296593425000026,13.664753648999977],[13.296488434000025,13.663479395000024],[13.296216544999993,13.662754357999972],[13.295084545000009,13.660791005000021],[13.293580154999972,13.658623368000008],[13.292201509999984,13.657448966999993],[13.291758983000022,13.657585129999973],[13.291503678000026,13.65770427199999],[13.285835919000021,13.65928716000002],[13.278406034999989,13.65329717200001],[13.276666567000007,13.651894808000009],[13.273689730000001,13.649141059999977],[13.274428710999985,13.64562044600001],[13.274540254999977,13.645195182999998],[13.274602999000024,13.644762948999983],[13.274596026999973,13.644330715000024],[13.274540254999977,13.643515047999983],[13.27443568199999,13.643110700000022],[13.27382916099998,13.640963473999989],[13.273585158000003,13.640482440000028],[13.270085456999993,13.638990535000005],[13.269388305999996,13.638760476000016],[13.268844527999988,13.638739561000023],[13.268593553000017,13.638976592000006],[13.268858470999987,13.63919968099998],[13.267045876999987,13.639143908999984],[13.263620075000006,13.636947882000015],[13.262239715000021,13.635804553000014],[13.261532080999984,13.634625866000022],[13.259904258000006,13.631914449000021],[13.258907330999989,13.628533263999998],[13.25938749400001,13.626418280999985],[13.259640212000022,13.622305088000019],[13.259265492999987,13.621329075999995],[13.255954024000005,13.618784473000005],[13.25551830400002,13.618540470000028],[13.24916551199999,13.617956606000007],[13.248660077000011,13.617930462000004],[13.248233072000005,13.617947890999972],[13.247814780999988,13.618200608999985],[13.247474920000002,13.618470754999976],[13.247143773000005,13.618836758999976],[13.24662962299999,13.618958760999988],[13.24614924299999,13.618728918999977],[13.245277803000022,13.618140697000001],[13.24454797300001,13.617487117999985],[13.244264755000017,13.617171220999978],[13.24394885800001,13.616789965999999],[13.243709212999988,13.616419604999976],[13.243469566999977,13.615548165000007],[13.242881345,13.61309724199998],[13.243142777000003,13.612737773999982],[13.24858246399998,13.609152617999996],[13.249222427999996,13.609057303999975],[13.249444627000003,13.609073174999992],[13.249794310000027,13.60909815299999],[13.250202796999986,13.609016455000017],[13.250897225000017,13.608825828000022],[13.251155933000007,13.608689665999975],[13.252422244000002,13.607341657999996],[13.252517556999976,13.607028485],[13.252626486999986,13.605517082000006],[13.252272464999976,13.60535368699999],[13.251782279999986,13.605176675999985],[13.251414641999986,13.60510859499999],[13.250838903999977,13.605126872000028],[13.250556818999996,13.605135827000026],[13.250121099000012,13.60535368699999],[13.24954921699998,13.605380920000016],[13.248773092000022,13.60512221099998],[13.248350988000027,13.604836270000021],[13.248010582000006,13.60450947999999],[13.247942501000011,13.604169074000026],[13.247928885000022,13.603719738999985],[13.248187593000011,13.60278021800002],[13.249154346000012,13.600315679000005],[13.249385822000022,13.59990719199999],[13.251700583000002,13.597674128999984],[13.252299698000002,13.597115862999999],[13.252640104000022,13.596884386999989],[13.253157520999991,13.596829921999984],[13.253634089000002,13.596966083999973],[13.254219587000023,13.597674128999984],[13.254664812999977,13.599268036000012],[13.254900399000007,13.600111434999974],[13.255717372999982,13.60329763499999],[13.255758221999997,13.603733354999974],[13.256044163000013,13.604060145000005],[13.256439033999982,13.60426438799999],[13.256901985000013,13.60426438799999],[13.257215159999987,13.60400568],[13.258168296000008,13.602889147999974],[13.262389330000019,13.59564530900002],[13.261504274999993,13.594474311999988],[13.261191101000009,13.594474311999988],[13.260660067999993,13.594365383000024],[13.257967457000007,13.593621371999973],[13.257555566000008,13.593507559999978],[13.257228775999977,13.593221619000019],[13.256901986000003,13.592881212999998],[13.255104642999981,13.590716230999988],[13.253484309999976,13.588646562000008],[13.253048590999981,13.587938517999987],[13.253034974000002,13.587393867999992],[13.253021358000012,13.586821986000018],[13.253348147999986,13.585896081999977],[13.253532101000019,13.585454594999987],[13.253620473000012,13.585242503000018],[13.253743018000023,13.584371062999992],[13.253525158999992,13.583703867999986],[13.252013756999986,13.580231727000012],[13.251523571999996,13.579864088000022],[13.24564135700001,13.582873276999976],[13.244987777000006,13.583322613000007],[13.244606523000016,13.583703867999986],[13.244524824999985,13.584330215000023],[13.244524824999985,13.585106339999982],[13.24434781399998,13.585868849999997],[13.24336744499999,13.588932503000024],[13.24285002800002,13.589436304000003],[13.241992204999974,13.589776710000024],[13.241393089999974,13.589191212000003],[13.240875673000005,13.588687411000024],[13.24034463999999,13.588387854000018],[13.23950043299999,13.588033832000008],[13.238315820000025,13.587965750000023],[13.232842091999999,13.587870436999992],[13.230009914999982,13.587747890999992],[13.229084010000008,13.585283350999987],[13.229655891999982,13.584616155999981],[13.229969066000024,13.583935343999997],[13.230295855999998,13.582355860000007],[13.230064379999988,13.581402722999997],[13.229587810999988,13.580476819000012],[13.229070394000018,13.579973017999976],[13.228498511999987,13.579632612000012],[13.227967478999972,13.579428369000027],[13.227354747999982,13.579128810999975],[13.226932644999977,13.578720324000017],[13.226810098999977,13.578189291000001],[13.226796481999997,13.577590176000001],[13.226946261000023,13.577072758999975],[13.227245817999972,13.576419180000016],[13.227858549000018,13.575643054000011],[13.228226187000018,13.57527541600001],[13.228675522999993,13.57494862599998],[13.231739177000009,13.57321936400001],[13.232610615999988,13.57277002799998],[13.233155265999983,13.572633865],[13.233468438999978,13.572579400999985],[13.23390415900002,13.572661098000026],[13.236178070999983,13.571707961000016],[13.239200875999984,13.566247848999978],[13.238040818000002,13.56439175600002],[13.237703090000025,13.563851391000014],[13.232814860000019,13.559725671000024],[13.228435536999996,13.557113055000002],[13.226733507000006,13.556108858000016],[13.226307999000028,13.555955675000007],[13.225950572999977,13.555887594000012],[13.225456984999994,13.556193958999984],[13.22523572099999,13.556432243000017],[13.224980415999994,13.556721588000016],[13.221306159999983,13.555625906999978],[13.219965811000009,13.550434715999984],[13.219412651000027,13.549987933000011],[13.218838215999995,13.549562424999976],[13.218306331999997,13.549562424999976],[13.217753172000016,13.549626251999996],[13.217242563000013,13.549881556000003],[13.216136243999983,13.550732571000026],[13.215583084000002,13.551583585999992],[13.215561809000008,13.55217929600002],[13.215817113000014,13.552477151999994],[13.21607241800001,13.552711181000006],[13.216412823999974,13.55322179000001],[13.216902156999993,13.554030253999997],[13.216859607000004,13.554519587000016],[13.216583027000013,13.554838717999985],[13.214668243000006,13.554732340999976],[13.214264011000012,13.554689789999998],[13.213710850999973,13.554519587000016],[13.213285343999985,13.554349383999977],[13.212647082999979,13.55381749999998],[13.212434329000018,13.553349442000012],[13.212476879999997,13.552881383999988],[13.212561981000022,13.552434601000016],[13.212540706000027,13.552051644000016],[13.211486723999997,13.549632633999977],[13.211255247999986,13.549305844000003],[13.210901225999976,13.549019902999987],[13.210356575999981,13.548733961999972],[13.209839159000012,13.548543334999977],[13.207538015000011,13.548910972999977],[13.207237095999972,13.548977692999983],[13.20668155300001,13.54967484399998],[13.206169583000019,13.550502712000025],[13.205766541999992,13.551134504999993],[13.205134747999978,13.551842550000003],[13.204372239000008,13.55262684500002],[13.203827590000003,13.5530081],[13.203468121000014,13.5530081],[13.200592371000027,13.552735774999974],[13.200547244000006,13.552651351000009],[13.198171661999993,13.548207031999993],[13.197978052999986,13.547844822000002],[13.197880016,13.547387316000027],[13.19803251799999,13.546929810999984],[13.198468237999975,13.546624807],[13.201082556000017,13.544881927999995],[13.20183417200002,13.54442442300001],[13.202302571000018,13.544435315999976],[13.202770969000028,13.544598710999992],[13.203243252999982,13.545376010999973],[13.203293832999975,13.545459257000005],[13.20345722799999,13.545818725999993],[13.203685980999978,13.546178193999992],[13.203958305000015,13.546526770000014],[13.207705492999992,13.548389471999997],[13.208119427999975,13.548378578999973],[13.208642291999979,13.548324114000025],[13.209110689999989,13.548215184000014],[13.209361229000024,13.547997323999994],[13.209409686000015,13.54714328099999],[13.209448372999987,13.546461411999985],[13.208871043999977,13.545143359999997],[13.208522469000002,13.544772998999974],[13.208195679000028,13.544369958000004],[13.207694601000014,13.543694592000008],[13.207476741999983,13.54333512400001],[13.20706280799999,13.542561721000027],[13.206670659999986,13.54169028199999],[13.206071545999976,13.536516111000026],[13.206136904000005,13.536036819999993],[13.206245834000015,13.535524849000012],[13.206387441999993,13.535110915000018],[13.206714232000024,13.53477323300001],[13.20757477799998,13.534598945000027],[13.209491945000025,13.532463919000008],[13.208858368999984,13.531526754000026],[13.206354762999979,13.527823504000025],[13.206060653000009,13.527496714999984],[13.20559225400001,13.52710456699998],[13.204688136000016,13.527071888000023],[13.203794910999989,13.527137245999995],[13.202934363999987,13.527246176000006],[13.202095604000021,13.527453143000002],[13.20134398800002,13.527877968999974],[13.200363617999983,13.528270116999977],[13.199862541000016,13.528389940000011],[13.199394142000017,13.528466191000007],[13.198762348999992,13.528204759000005],[13.195570701999998,13.526810456000021],[13.195309270999985,13.526516345999994],[13.195080517999997,13.525732049999988],[13.194982481000011,13.52463185800002],[13.194928016000006,13.523117732000003],[13.195026052999992,13.522780049999994],[13.195886599000005,13.521712536999985],[13.196267853999984,13.52136396100002],[13.196779823999975,13.520939134000002],[13.197422511000013,13.520536092999976],[13.197484330999998,13.520526280000013],[13.198108768999987,13.520427164000012],[13.198620740000024,13.520252875999972],[13.199306997999997,13.519871620999993],[13.200036828999998,13.519218041999977],[13.200603263999994,13.518553569000005],[13.201158807000013,13.517780167000012],[13.201442024000016,13.51689783400002],[13.200562960000013,13.515368459000001],[13.200181704999977,13.514736664999987],[13.199201335999987,13.51376718900002],[13.198384362000013,13.513494863999995],[13.19743667199998,13.513277003999974],[13.195661113000028,13.51295021499999],[13.195018428000026,13.513353255000027],[13.19413500600001,13.513919691000012],[13.193394282999975,13.514409875000013],[13.192664451999974,13.514932739000017],[13.190527042999975,13.516615365999996],[13.18984623099999,13.517330217999984],[13.18875693199999,13.518759923000005],[13.188297384000009,13.519542856999976],[13.187837836000028,13.520376852000027],[13.187037882000027,13.521976759999973],[13.18642515099998,13.523746871000014],[13.186271968000028,13.524665966999976],[13.186237928000025,13.525653143999989],[13.186323029999983,13.526538200000005],[13.18657833399999,13.527287092999984],[13.186656335999999,13.527570075000028],[13.187310206999996,13.529942258999995],[13.18751444999998,13.53081029499998],[13.18751444999998,13.531746410999972],[13.187344246999999,13.532767628999977],[13.186867678999988,13.533550563000006],[13.186271969000018,13.534333495999988],[13.185659238000028,13.534980268000027],[13.185012466999979,13.53561001899999],[13.184229533000007,13.536188708999987],[13.182595584000012,13.537278007999987],[13.181982853000022,13.537431190999996],[13.180110620999983,13.537329069000009],[13.179719153999997,13.537209926999992],[13.173183359000006,13.534622840999987],[13.172366384999975,13.533703745000025],[13.172077039999976,13.533176115999993],[13.171123903000023,13.532222978999982],[13.170511171999976,13.531661309000015],[13.169489954000028,13.531474086000003],[13.168621918999975,13.531423024999981],[13.16748155900001,13.531678329999977],[13.166902869000012,13.531967674999976],[13.16613216899998,13.532647955000016],[13.165387531000022,13.533206432999975],[13.163815375000013,13.533684916000027],[13.163552530000004,13.533764911999981],[13.163020645000017,13.533605346999991],[13.16270151499998,13.533286216000022],[13.162408977999974,13.532913897000014],[13.162222819000021,13.532568172000026],[13.162213638000026,13.532550645000015],[13.161345209999979,13.530892736999988],[13.158818758999985,13.52541432800001],[13.157010351999986,13.521106065000026],[13.15786136700001,13.520148672999994],[13.15807411999998,13.519537006000007],[13.15791455599998,13.51892533900002],[13.156558250999979,13.516531859999986],[13.156132742000011,13.516319106000026],[13.14448540799998,13.516396604000022],[13.143735971000012,13.516579605999993],[13.142149951000022,13.517311614999983],[13.141505085000006,13.517756049000013],[13.140947364999988,13.518505487000027],[13.140459358999976,13.519237496000017],[13.140084639999998,13.520021790999976],[13.139933226999972,13.520935712999972],[13.139867869,13.521992333000014],[13.141524964999974,13.533153563999974],[13.141865371999984,13.533630131999985],[13.142246625999974,13.534093084999995],[13.143431238999995,13.535522790000016],[13.143785261000005,13.535835963000011],[13.143417623000005,13.541010133999976],[13.143267843999979,13.541418620999991],[13.14322699600001,13.542262827999991],[13.14334783999999,13.543159797999976],[13.143994610999982,13.543840610000018],[13.144584149000025,13.544225090999987],[13.14477754500001,13.544351217999974],[13.148879437000005,13.547840380000025],[13.149253882999972,13.548248866999984],[13.149373024999989,13.548555232000012],[13.149253882999972,13.54899776000002],[13.148028421999982,13.550053018000028],[13.147517812999979,13.550035997999998],[13.144164814000021,13.549695591999978],[13.143790367000008,13.549576450000018],[13.143432941000015,13.549150942999972],[13.142326621999985,13.547687197000016],[13.142071316999989,13.547346790999995],[13.141816012999982,13.547006384999975],[13.141611769000008,13.546563857000024],[13.141492626999991,13.545985167000026],[13.141220302000022,13.545508599000016],[13.140250144999982,13.54387465000002],[13.139705495999976,13.543261918999974],[13.139365090000013,13.542955554000002],[13.139041704000022,13.542683228999977],[13.138309831000015,13.542172619999974],[13.137543918000006,13.54169605200002],[13.136778003000018,13.541355646],[13.13619931400001,13.54120246299999],[13.135807847000024,13.541134381999996],[13.134990872999992,13.541474788000016],[13.134224959999983,13.541900295999994],[13.134002609999982,13.542028764999998],[13.133459045999984,13.542342823000013],[13.132488889000001,13.542598128000009],[13.128199773999995,13.543585305000022],[13.127093455000022,13.543704446999982],[13.126463704000003,13.543534244],[13.126021175999995,13.543278939999993],[13.124965916999997,13.542223680999996],[13.124557429999982,13.541764133000015],[13.124097882000001,13.541185443000018],[13.123587272999998,13.540436549999981],[13.123297928,13.539959980999981],[13.122787318999997,13.538972804000025],[13.12268519700001,13.538632398000004],[13.122787318999997,13.538291991999984],[13.123042623999993,13.53807072799998],[13.123081706999983,13.53805676899998],[13.123519192000003,13.537900524999998],[13.124012780999976,13.537713301999986],[13.124744652999993,13.537389915999995],[13.125051019000011,13.537049509999974],[13.125953095,13.535909150000009],[13.126259458999982,13.535517684000013],[13.128279634000023,13.531675511999993],[13.128392651000013,13.531442415000015],[13.128505667000013,13.530615981999972],[13.128378524000027,13.529740102999995],[13.12815249099998,13.529422243999988],[13.12803947399999,13.529302164],[13.127735742000027,13.529288037000015],[13.12758740800001,13.529521133000003],[13.127537963000009,13.529930819000015],[13.127537963000009,13.530545345999997],[13.127382565000005,13.530736062000017],[13.127184785999987,13.530834950999974],[13.126824546000023,13.530799634000005],[13.126605575999974,13.530644236],[13.125722633999999,13.529944946],[13.125235250000003,13.52899843199998],[13.125178742000003,13.52877239899999],[13.125362393999978,13.527331436999987],[13.125482474000023,13.526879371000007],[13.125644935000025,13.526497940000013],[13.125814460000015,13.526257778999991],[13.126111127999991,13.525904603000015],[13.126845736000007,13.52558674300002],[13.12728367599999,13.525403090999987],[13.127679234000027,13.525212376000013],[13.127884075999987,13.524979278999979],[13.128046537999978,13.524633166000001],[13.128159553999978,13.524315306999995],[13.128131300000007,13.524018637999973],[13.127672169999983,13.523065061000011],[13.127389628999993,13.522605930999987],[13.127085896999972,13.522259818000009],[13.126845736000007,13.522069101999989],[13.126464305000013,13.521814815000027],[13.125962793999975,13.521574654000005],[13.12546834699998,13.521440446999975],[13.124811437999995,13.521341558000017],[13.124302863000025,13.521334493999973],[13.123815478999973,13.52139100300002],[13.122657059000005,13.521744178999995],[13.122247373999983,13.521885450000013],[13.120912364999981,13.522422279000011],[13.120545060999973,13.522577677000015],[13.12012831300001,13.522796646000018],[13.119753945000014,13.523100377999981],[13.119351323999979,13.52343236500002],[13.117083928,13.525600870000005],[13.115084947000014,13.527515089000019],[13.114392721000002,13.52824263299999],[13.11381351099999,13.52891366900002],[13.113276681999992,13.529605896000021],[13.112937631000023,13.530050899000003],[13.112506756000016,13.530743125000015],[13.112337232000016,13.531724956999994],[13.112249201999987,13.532309154000018],[13.112181834000012,13.532756232999986],[13.112057280999977,13.53293871400001],[13.108025112999997,13.538846191000005],[13.107644479999976,13.539403850999975],[13.107426437000015,13.539629970000021],[13.106820760000005,13.539904542999977],[13.10640890000002,13.539904542999977],[13.106102023999995,13.539864164999983],[13.103630861999989,13.539524986000004],[13.103000958999985,13.539096974000017],[13.102879823000023,13.538943535999977],[13.102694082000028,13.538685113999975],[13.102322601000026,13.537942150999982],[13.102274146000013,13.537651426000025],[13.102241843999991,13.537433382000017],[13.102241843999991,13.537134582000022],[13.102241843999991,13.53685193299998],[13.102241843999991,13.536553131999995],[13.102443735999998,13.535721335999995],[13.102572946999999,13.535390232999987],[13.102600141999972,13.535259129999986],[13.10281521799999,13.534222285999988],[13.102786014000003,13.533462289],[13.102620263000006,13.532541444999993],[13.10134949899998,13.529336909999984],[13.100833825999985,13.529189574999975],[13.100262902999987,13.529244826000024],[13.099728814000002,13.529263242000013],[13.099231557999985,13.52900540600001],[13.09829229799999,13.52845289999999],[13.097353037999994,13.527734641999984],[13.096634779999988,13.526905882999984],[13.096469028000001,13.526463878000015],[13.096469028000001,13.52519311399999],[13.096450611000023,13.524622190999992],[13.096229608999977,13.52410099399998],[13.091794826000012,13.517279384999995],[13.091544356999975,13.516955247999988],[13.091234954000015,13.516822647000026],[13.090925550000009,13.516852114000017],[13.090660346999982,13.517235185000004],[13.089437466999982,13.519106339000018],[13.084811149000018,13.52144896499999],[13.076768087999994,13.524852339000006],[13.076328096999987,13.525028335000002],[13.075397830999975,13.525355186000013],[13.073612723999986,13.52594603099999],[13.067943125999989,13.527052293999986],[13.067352281000012,13.527127721],[13.066912290000005,13.527127721],[13.066057450000017,13.526951724000014],[13.06590659599999,13.526750585999991],[13.065785354000013,13.52643535499999],[13.065780883999992,13.52642373499998],[13.065454034000027,13.526235168000028],[13.065001471000016,13.526096885000015],[13.064599193999982,13.526096885000015],[13.064259772000014,13.526147169000012],[13.063291791999973,13.52652430500001],[13.062952369000016,13.526813441999991],[13.062700946999996,13.527291145999982],[13.062487237000028,13.527718565999976],[13.062361524999972,13.528045415999998],[13.062336382000012,13.528372267000009],[13.06204724600002,13.533526446999986],[13.062097530000017,13.533777870999984],[13.067415134999976,13.537989213000003],[13.069778516999975,13.537071518000005],[13.070369362000008,13.536820094000007],[13.07057050100002,13.536530957000025],[13.07072135499999,13.53604068200002],[13.070683641000016,13.535663547000013],[13.070407074999991,13.53517327100002],[13.070205937000026,13.534808707000025],[13.070130510000013,13.53341330699999],[13.070381933000021,13.532948173000023],[13.070633355999973,13.532646465000028],[13.071048205000011,13.532395042000019],[13.07136248400002,13.532470468999975],[13.071626478999974,13.532671607999987],[13.073713293000026,13.534444142999973],[13.073927002999994,13.534645281999985],[13.074090429000023,13.535022416999993],[13.074115570999993,13.535726402000023],[13.07401500200001,13.536116108999977],[13.073839005000025,13.536505814999998],[13.071287057000006,13.539975458000015],[13.070027021999977,13.542421409999974],[13.069791087999988,13.542879399000014],[13.069250527999998,13.546751319999998],[13.069274010000015,13.546860901999992],[13.06932595500001,13.54710331299998],[13.069162528999982,13.547518162000017],[13.068898535000017,13.547794726999996],[13.067025430000001,13.549177556000018],[13.06654772600001,13.549491835000026],[13.066145447999986,13.549755829999981],[13.065642600999979,13.54985639900002],[13.064737476999994,13.549843828000007],[13.064234629999987,13.549780972000008],[13.063819781000007,13.549705544999995],[13.062876942999992,13.549491835000026],[13.062512378999998,13.549391265999986],[13.062248384999975,13.549265553999987],[13.062147815000003,13.549064416000022],[13.061916689999975,13.548708556999998],[13.059771864000027,13.545406205000006],[13.058677220999982,13.54392346200001],[13.057006205999983,13.541659994999975],[13.056603929000005,13.541220004000024],[13.05632736199999,13.540956010000002],[13.053762844000005,13.539020048999987],[13.050242916000002,13.537926357000003],[13.049903493999977,13.537926357000003],[13.049413217999984,13.53803949799999],[13.049111509999989,13.538328635000028],[13.048633805999998,13.539020048999987],[13.047753823999983,13.540226882000013],[13.046546991000014,13.541861133999987],[13.045579010999973,13.543155964999983],[13.045550261000017,13.543191561000015],[13.045315016000018,13.543482815000004],[13.044988165999996,13.543822236999972],[13.044472747999976,13.544035946999998],[13.044007614999998,13.544098802999997],[13.043693335,13.544035946999998],[13.043479624999975,13.543809666000016],[13.043529910000018,13.543344531999992],[13.04363859099999,13.54312717099998],[13.043768762000013,13.542866828000001],[13.044020186000012,13.542338839000024],[13.044158469000024,13.541722850999975],[13.04439732100002,13.540654302000007],[13.045302445000004,13.536116108999977],[13.045365300000014,13.53571383100001],[13.045340158999977,13.535449836999987],[13.045264732000021,13.535085272999993],[13.042414792999978,13.528411570999992],[13.035250194000014,13.531337956000016],[13.029974050000021,13.533961611999985],[13.029325343999972,13.534639149999975],[13.028979366999977,13.534956294999972],[13.028114426000002,13.53563383300002],[13.027062080000007,13.536123965999991],[13.026514283999973,13.536296955000012],[13.023602314000016,13.536743840999975],[13.023386077999987,13.536729426000022],[13.020848915999977,13.533889534000025],[13.01418442900001,13.525847675000023],[13.011798177000003,13.522205650999979],[13.010357313999975,13.519950386000005],[13.009205477000023,13.517293259999974],[13.00795019100002,13.51436327099998],[13.007651779000014,13.513666741000009],[13.007340327999998,13.512804688000017],[13.007206849,13.512454305000006],[13.006741062000003,13.511715303000017],[13.005816439,13.510811537999984],[13.005496645999983,13.510755921999987],[13.00516294800002,13.510721160999992],[13.005086955000024,13.510747981999998],[13.004808394000008,13.51084629799999],[13.001839872000005,13.511909960000025],[12.999886348000018,13.51274420599998],[13.00041470399998,13.513738348000004],[13.000804017999997,13.514767249999977],[13.00084572999998,13.515267796999979],[13.000824873999989,13.515677966999988],[13.000658025000007,13.516060329000027],[13.000518983999996,13.516359266999984],[13.000254806999976,13.51679724600001],[12.999983676999989,13.517158752],[12.999747307999996,13.517367313000022],[12.999198095999986,13.517714914999999],[12.998718404999977,13.517972140999973],[12.997807688000023,13.518451831999982],[12.996848306000004,13.518827241999986],[12.994957350999982,13.519341693000001],[12.994595844999992,13.519404262000023],[12.994303859000013,13.519404262000023],[12.993963209000015,13.519313884999974],[12.993254100999991,13.518924571000014],[12.992732697000008,13.518597824999972],[12.992564271999981,13.518504441000005],[12.99203054100002,13.518208510000022],[12.990841741999986,13.51758977899999],[12.990257770000028,13.517290840999976],[12.98924972399999,13.516811150000024],[12.985606854000025,13.515830912000013],[12.985127164000005,13.515761392000002],[12.984723944999985,13.515761392000002],[12.984390247000022,13.51588652800001],[12.984077404999994,13.516171562000011],[12.98384798799998,13.516484403999982],[12.983660283000006,13.517346456999974],[12.983557882000014,13.517872110999974],[12.983556002,13.51788176399998],[12.983416960999989,13.518264127000009],[12.98307631099999,13.518743818000019],[12.982728709000014,13.519070564000003],[12.982339394999997,13.519334741000023],[12.979593337999972,13.521197888000017],[12.979578538999988,13.521184860999995],[12.978432347000023,13.520175938000023],[12.978585291999991,13.519501590000004],[12.97848796400001,13.518973234999976],[12.978355874999977,13.518493544000023],[12.978133409000009,13.517867860000024],[12.977514677999977,13.516957143000013],[12.977149696000026,13.516567828999996],[12.976850758000012,13.516268890999982],[12.976530964000005,13.516011665000008],[12.97621117,13.515761392000002],[12.975863568000022,13.515531973999998],[12.97546730099998,13.515274749000014],[12.974612200000024,13.514996666999991],[12.974208981000004,13.514934099000016],[12.973680627000022,13.514975811],[12.97325655200001,13.515066187000002],[12.972846382,13.515233036999973],[12.972603059999983,13.515434646000017],[12.972318025999982,13.515747487999988],[12.972165082000004,13.516199369999981],[12.972032993000028,13.516623444999993],[12.971970424000006,13.517040566999981],[12.971928712000022,13.51745073799998],[12.971913727000015,13.517521580999983],[12.971852239999976,13.517812244000027],[12.971532446000026,13.518702104999988],[12.971330836999982,13.519042754999987],[12.971080562999987,13.51939035800001],[12.968584780000015,13.521274360999996],[12.965310368000019,13.521149223999998],[12.96514351899998,13.520947615000011],[12.965067046999991,13.520551349000016],[12.96503923900002,13.52023155500001],[12.965303415999983,13.519890905000011],[12.965696363999996,13.518300977000024],[12.965755299000023,13.518062518000022],[12.965963859999988,13.516595637000023],[12.965970810999977,13.516275843000017],[12.965915196000026,13.515949096999975],[12.965803962999985,13.515664062999974],[12.96559540200002,13.515365125000017],[12.965268655999978,13.515233036999973],[12.96478201299999,13.515163515999973],[12.964323177999972,13.515121803999989],[12.963864344000001,13.515239989000008],[12.962918865999995,13.515775296000015],[12.962314037999988,13.516303650999987],[12.961987292000003,13.516672109000012],[12.960443939000015,13.518681248999997],[12.96010144500002,13.519151251999972],[12.958838017000005,13.520885046999979],[12.958643359999996,13.521211791999974],[12.958448702999988,13.521392546000015],[12.958240142000022,13.521545489999994],[12.957934251999973,13.521705386999997],[12.957683977999977,13.521747100000027],[12.95745456100002,13.521677579000027],[12.95716952700002,13.521496825999975],[12.95682887700002,13.52123960099999],[12.956529939000006,13.52092675900002],[12.956265761999987,13.520627821000005],[12.95579997499999,13.519863095999995],[12.955382853000003,13.519167891999984],[12.955209051999987,13.518820290000008],[12.954972682000005,13.518264127000009],[12.954472135000003,13.516887622000013],[12.954319189999978,13.515844816000026],[12.954242717999989,13.515170468000008],[12.954110629000013,13.513641018999976],[12.954075869000008,13.512820678000026],[12.954089773000021,13.51204900099998],[12.954145389000018,13.511576262000005],[12.95443042300002,13.510498696000013],[12.954722408999999,13.509942533000014],[12.955452373000014,13.508767637999995],[12.95549812500002,13.508702915000015],[12.955737407000015,13.508364418999975],[12.956293570000014,13.507564934000015],[12.957280760000003,13.506077197000025],[12.957461512999998,13.505722643000013],[12.957593601999974,13.505430656999977],[12.959157811000011,13.501509705999979],[12.95920647600002,13.500897925999993],[12.958990961999973,13.500404331000027],[12.958406991000004,13.500147105999986],[12.95788558800001,13.499938543999974],[12.953575322000006,13.498596799999973],[12.953012205999983,13.498506424000027],[12.95248385100001,13.498499471999992],[12.95208063299998,13.498534231999997],[12.951698270000009,13.498638513000003],[12.951399332999983,13.498881833999974],[12.950982210000006,13.499222483999972],[12.949376287999996,13.501002206999999],[12.945712562999972,13.505750450999983],[12.945538759999977,13.506014628999992],[12.945427529000028,13.506369183000004],[12.945079926999995,13.507752638999989],[12.945059071000003,13.508065481000017],[12.939462676999995,13.506695928999989],[12.93901774599999,13.506577744000026],[12.938211308999996,13.506202334000022],[12.936104840999974,13.505194287999984],[12.93540963700002,13.504846686000008],[12.935006418,13.504610316000026],[12.925398696999991,13.494981739000025],[12.924863388999995,13.49421006199998],[12.924682636,13.493612186000007],[12.924501883000005,13.492903077999983],[12.924335034000023,13.491999313000008],[12.924307509000016,13.491730174999987],[12.92427246599999,13.491387533000022],[12.924077808999982,13.490469863999976],[12.923931815999993,13.490143117999992],[12.923674590000019,13.489844179999977],[12.919440796999993,13.487946271999988],[12.918981960999986,13.487807232000023],[12.918530078999993,13.487730758999987],[12.91534518200001,13.487824556000021],[12.904481755000006,13.487208771999974],[12.900932988000022,13.489063242999976],[12.901004177000004,13.489234096000018],[12.901021974000003,13.489821404999986],[12.900986380000006,13.490462105000006],[12.900908071999993,13.49083940600002],[12.900740778,13.491626043999986],[12.900530770999978,13.491907239999989],[12.900238896000019,13.492152841999996],[12.899904307999975,13.492238267999994],[12.899541245000023,13.492277421999972],[12.899014447000013,13.492288100999986],[12.89865850199999,13.492284541000004],[12.898103229000014,13.492220470999996],[12.897782878999976,13.492167079000012],[12.897458969000013,13.49209589100002],[12.896245197999974,13.491811134999978],[12.895923630000027,13.491709280999999],[12.895458560999998,13.491561973999978],[12.895159567999997,13.491444511999987],[12.894593616000009,13.491216708000024],[12.893700195000008,13.49088211999998],[12.89326950200001,13.490753980000022],[12.892863724999984,13.490697028999989],[12.89246506699999,13.490711266000005],[12.892080647,13.49076465799999],[12.891785212999991,13.490860763],[12.891532493,13.490988903000016],[12.891304687000002,13.491234505000023],[12.891130275000023,13.491583330000026],[12.891048408000017,13.491825372999983],[12.89095942199998,13.492352170999993],[12.890934506000008,13.492672520999974],[12.890945183999975,13.492953716999978],[12.891087561999996,13.493242032000012],[12.891279772000019,13.49348407399998],[12.891539611999974,13.49374035400001],[12.891920471999981,13.493946801999982],[12.892258620000007,13.494064263999974],[12.892454183999973,13.494137862999992],[12.892589648000012,13.494188844000007],[12.89281745300002,13.494327662999979],[12.892995424999981,13.494562585999972],[12.89313424300002,13.494833104000008],[12.893258823999986,13.495139215999984],[12.893347810000023,13.495509399000014],[12.893362047999972,13.495886700000028],[12.893365607000021,13.49622840699999],[12.893276620999984,13.496829952999974],[12.893187635000004,13.497057756999993],[12.893073732999994,13.497317597000006],[12.892888641000013,13.497595234000016],[12.892098444999988,13.498413905999996],[12.89043618400001,13.500058369999977],[12.890090917000009,13.500396517000013],[12.88974921099998,13.500656357000025],[12.889425301000017,13.500830769000004],[12.889119188999985,13.500905518000025],[12.888179494999974,13.500955350000027],[12.887720327000011,13.500905518000025],[12.887421706999987,13.500851007999984],[12.887271837000014,13.500823651000019],[12.886798429999999,13.500723986000025],[12.886300108,13.500634999999988],[12.883954433999975,13.500350244000003],[12.883388481999987,13.50039295800002],[12.882858123999995,13.50045346799999],[12.882406075000006,13.500546014000008],[12.881946905999996,13.500674154000023],[12.879718694000019,13.501318412999979],[12.878922439999997,13.501561809999998],[12.878903580999975,13.501567575000024],[12.878081349000013,13.501741987000003],[12.87706334699999,13.501948434999974],[12.876579262999996,13.501980469999978],[12.875678296999979,13.501833121999994],[12.873728147000008,13.501514182999983],[12.872596242999975,13.500674154000023],[12.870521686000018,13.497028020000016],[12.868219459999978,13.492981746999988],[12.867961401000002,13.492470077000007],[12.867916907999984,13.492185322000012],[12.867908009000018,13.491598012999987],[12.867903560000002,13.491255416000001],[12.867930256000022,13.490788238999983],[12.868054835999999,13.490245424000022],[12.86837518599998,13.48960917300002],[12.86892690000002,13.488794949999999],[12.869256149000023,13.488434556000016],[12.869576499000004,13.488194292999992],[12.869968038000025,13.487922885999978],[12.870350678000023,13.487647029000016],[12.870415060000028,13.487587756999972],[12.870630984999991,13.487388968999994],[12.870942436000007,13.487090865000027],[12.871209394999994,13.486766065999973],[12.87177000700001,13.486018582999975],[12.872415156999978,13.485102025000003],[12.873656513000014,13.48328225900002],[12.874439590999998,13.482116540999982],[12.874773289000018,13.481618217999994],[12.875071392999985,13.481106548000014],[12.875365047000003,13.480359064000027],[12.875405091000005,13.479976423999972],[12.875409540000021,13.479638276999992],[12.875405091000005,13.479357970000024],[12.875387294000006,13.478855199000009],[12.875342799999999,13.478414717000021],[12.875267162,13.47776066900002],[12.874630910999997,13.472808590999989],[12.874586417999978,13.472563879000006],[12.874497431999998,13.472430400000007],[12.874248270999999,13.472385906999989],[12.873789992000013,13.472510487000022],[12.87335840999998,13.472724054000025],[12.87079116000001,13.474081092999995],[12.870319532999986,13.474388094999995],[12.870021430000008,13.47464170500001],[12.869763369999987,13.474904213999991],[12.869591646999993,13.475121125999976],[12.869509758999982,13.475224563999973],[12.869171612000002,13.475669494999977],[12.868846813000005,13.476136671999996],[12.868392982999978,13.476741778000019],[12.868228359,13.476946446],[12.867000350000012,13.478285686999982],[12.865011509999988,13.480367962999992],[12.864624420999974,13.48075060299999],[12.86420618599999,13.481133243999977],[12.863227338000002,13.48189852500002],[12.862137258000018,13.48262821100002],[12.861363079,13.483055343999979],[12.860993785999995,13.483255563],[12.860660087999975,13.483366795999984],[12.860415375999992,13.483362345999979],[12.86012617199998,13.483348997999997],[12.86001048999998,13.483260012000017],[12.860001458,13.483228812999982],[12.859961547000012,13.483090939000022],[12.859262215000001,13.483436692999987],[12.85598386700002,13.485057531999985],[12.857100086999992,13.487887847000025],[12.857139017999998,13.48828828500001],[12.85694436099999,13.488544119999972],[12.856694087999983,13.488688722999996],[12.856260280000015,13.488694284000019],[12.855592883999975,13.488544119999972],[12.85518132300001,13.488371710000024],[12.854792008999993,13.488193737000017],[12.854508366000005,13.487987956999973],[12.854180229000008,13.487687628999993],[12.853968887000008,13.487409547000027],[12.853674120999983,13.48702023300001],[12.853529518000016,13.486642042000028],[12.853607381000018,13.486286097000004],[12.85370192900001,13.485952398999984],[12.853985572,13.485668755999995],[12.854196914,13.485401797000009],[12.85428589999998,13.48520714],[12.854235845999995,13.484701031999975],[12.853837141999975,13.483534577],[12.852216972999997,13.478794576999974],[12.85195001400001,13.47844419400002],[12.85153845299999,13.478210605000015],[12.851043468,13.478071564999993],[12.850453935000019,13.478032632999998],[12.84992557999999,13.478116058000012],[12.849564074,13.478271783000025],[12.849108020000017,13.478555427000003],[12.848607473000015,13.479083781999975],[12.848251527999992,13.479489780999984],[12.848017939999977,13.479773423999973],[12.847728734999976,13.479973642999994],[12.847472899000024,13.480084875999978],[12.847066900000016,13.480107121999993],[12.846610845999976,13.480040383000016],[12.846132545999978,13.47992358800002],[12.845726547000027,13.479812356000025],[12.845298301000014,13.479573205999998],[12.844947918000003,13.47931736999999],[12.844708767999975,13.479128274999994],[12.844480740999984,13.478911370999981],[12.844269398999984,13.478705590999994],[12.84400800200001,13.478416385999992],[12.843718797000008,13.478060441000025],[12.843586528999992,13.47770624200001],[12.843558830999996,13.477235377999989],[12.843643805999989,13.476932397999974],[12.843843834999973,13.476665691999983],[12.844088315000022,13.476387874000011],[12.844677290999982,13.475987814999996],[12.845199589999993,13.475665545000027],[12.845710775999976,13.475465515999986],[12.846410879000018,13.475243261000003],[12.850078085000007,13.474854315000016],[12.850967104000006,13.47478763800001],[12.855512217000012,13.474543158000017],[12.856612378000023,13.472131692999994],[12.858325458000024,13.468194774999972],[12.858415421000018,13.46798802799998],[12.858540439000024,13.467612972999973],[12.858540437999977,13.467265699999984],[12.85837374800002,13.466904535000026],[12.858179274999998,13.466543371],[12.857512510999982,13.466084970999987],[12.85721085099999,13.466052649999995],[12.857123564000005,13.466043297999988],[12.856317890000014,13.465612679000003],[12.855387198000017,13.46486256899999],[12.855206615999975,13.464487513999984],[12.855053816000009,13.464084677000017],[12.854109232999974,13.458820014000025],[12.85392865,13.457583720999992],[12.853692505000026,13.45423600700002],[12.853678613999989,13.453680369999972],[12.853803631999995,13.45284691400002],[12.85391476000001,13.452527422000003],[12.854803779000008,13.451332802000024],[12.854820001000007,13.451312807000022],[12.855401088999997,13.450596582999992],[12.855901162999999,13.449915927999996],[12.856220654000026,13.449221380999973],[12.85645679999999,13.44870741699998],[12.858540437999977,13.443595554000012],[12.858637676,13.443234389999986],[12.858651566999981,13.442887116999998],[12.858614515,13.442567071999974],[12.858562124000002,13.442336553000018],[12.858420668999997,13.442032686000005],[12.858027737999976,13.441372563000016],[12.857839131999981,13.441299215000015],[12.857587656000021,13.441503538999996],[12.85739904899998,13.441812645000027],[12.857297065000012,13.442016613000021],[12.857126617999995,13.442357508999976],[12.856890858999975,13.442682332000004],[12.856555558000025,13.443038589000025],[12.854779511000004,13.444877503999976],[12.854575187000023,13.445087066999974],[12.854349907000028,13.445239001000004],[12.854009367000003,13.445438086000024],[12.853705500999979,13.445527149999975],[12.85325494,13.445579540999972],[12.85284105300002,13.445574302000011],[12.852165212999978,13.445553345000008],[12.851934692999976,13.445443324999985],[12.851719891000016,13.445322825999995],[12.851164548999975,13.444856548000018],[12.850472991000004,13.444301205999977],[12.849130906000028,13.443418998000027],[12.848974614999975,13.443316260000017],[12.847345263000022,13.44245705100002],[12.84711474300002,13.442362747999994],[12.84683183300001,13.44229464],[12.846459858999992,13.442257966],[12.840880243000015,13.44172358100002],[12.840597333000005,13.441765492999991],[12.838983697000003,13.443153848000009],[12.838711264999972,13.443405324000025],[12.838543614999992,13.443651561000024],[12.83830261700001,13.444966568999973],[12.838281660999996,13.445249478999983],[12.838501701999974,13.445464281],[12.83883700299998,13.44566336600002],[12.839051804999997,13.445799582000006],[12.839277085999981,13.44603010100002],[12.839408062000018,13.446255381000014],[12.840277748999995,13.44880157199998],[12.840282988000013,13.448984940000003],[12.840146772000026,13.449225937999984],[12.839738124000007,13.449508847999994],[12.839439497,13.44968697600001],[12.839030848999982,13.449917496000012],[12.838480746000016,13.450142776000007],[12.837941120999972,13.45017421],[12.837521994999975,13.450111341000024],[12.837260040999979,13.449770801],[12.837066194999977,13.449466934999975],[12.836442745,13.448256707999974],[12.836238421000019,13.447790430999987],[12.835604493000005,13.44619775199999],[12.835499712,13.445904363000011],[12.835436843000025,13.445689560999995],[12.835363496000014,13.445322825999995],[12.83534253900001,13.444929894999973],[12.835332060999974,13.444458377999979],[12.835373973999992,13.444044491],[12.835892641999976,13.443279586000017],[12.835966696000014,13.443185696],[12.836186031000011,13.442907611999999],[12.836437505999982,13.442525159000013],[12.836521332000018,13.442336553000018],[12.836542287999976,13.442027446999987],[12.836547526999993,13.441629277000004],[12.836521332000018,13.441220628999986],[12.836212225999986,13.440235683000026],[12.835892641999976,13.439512691000004],[12.835683078999978,13.439119759999983],[12.835400169000025,13.43868491699999],[12.835049151000021,13.438187203999973],[12.834064205000004,13.436919348000004],[12.833697469000015,13.436515939000003],[12.829726250000022,13.435483841000007],[12.829390949000015,13.43546812400001],[12.829191863999995,13.435646252000026],[12.829092322000008,13.435923923000018],[12.829039931000011,13.436311615000022],[12.828971823000018,13.436646915999972],[12.828762260000019,13.436893153000028],[12.828573652999978,13.437076520000005],[12.827756356999998,13.437794273999998],[12.827620141000011,13.437862381999992],[12.827415816999974,13.437846664000006],[12.82713290700002,13.437804751999977],[12.826823801999979,13.43766853599999],[12.826451827000028,13.437474689999988],[12.82611652700001,13.43726512699999],[12.825749791000021,13.437003172999994],[12.825466881000011,13.436783132000016],[12.82519444899998,13.43652117800002],[12.823187883000003,13.434310288000006],[12.823187698000027,13.434264052000003],[12.823182643999985,13.433005757999979],[12.823177405000024,13.432722848000026],[12.823104058000013,13.432408502999976],[12.822894495000014,13.432151788999988],[12.822742561999974,13.431973659999983],[12.822532998999975,13.431806010000003],[12.82227104499998,13.431643597999994],[12.821988135000026,13.431533578000028],[12.821663311999998,13.43141307899998],[12.821296576999998,13.431318776000012],[12.82072027800001,13.43125590699998],[12.820201610000026,13.431271623999976],[12.819766765999987,13.431334493000008],[12.819415747999983,13.431392123000023],[12.819069968999997,13.431460231000017],[12.817943567999976,13.43177457500002],[12.817629222999983,13.43189507400001],[12.817362031000016,13.432047006999994],[12.817178662999993,13.432235613999978],[12.816969099999994,13.432413742999984],[12.816848601000004,13.432476611000027],[12.816633798999987,13.432492329000013],[12.814035217000026,13.432502806999992],[12.813542744000017,13.432434698999998],[12.813238877999993,13.432377068999983],[12.812699253000005,13.432088920000012],[12.812489690000007,13.431821726999999],[12.81235347400002,13.43153881699999],[12.812342995999984,13.431198277000021],[12.812374429999977,13.43079486800002],[12.812421582000013,13.430506718999993],[12.812489690000007,13.430234287000019],[12.812610188999997,13.429940898999973],[12.812919293999983,13.42933840500001],[12.81325459499999,13.428720193999993],[12.813474636000024,13.42833250199999],[12.814470061000009,13.426823647999981],[12.814616754999975,13.426661237000019],[12.814842035000026,13.42653549900001],[12.815182574999994,13.426441195999985],[12.821786954000004,13.425327891999984],[12.823510610000028,13.425301697000009],[12.823882584999978,13.425448390999975],[12.824170734000006,13.425752257],[12.824296472000015,13.425914669000008],[12.82434490999998,13.42596738100002],[12.824474599999974,13.42610851500001],[12.824616054999979,13.426171382999996],[12.824815139999998,13.426213296000014],[12.825077093000004,13.426150426999982],[12.827074192999987,13.423517537999999],[12.829158333999999,13.420769896000024],[12.829226441999992,13.420392682999989],[12.829179290000013,13.420135968000011],[12.828849229000014,13.41884715499998],[12.828775882000002,13.414870697000026],[12.828786359999981,13.414388701999997],[12.828833511000028,13.41396957500001],[12.828906857999982,13.413550449000013],[12.828980205999983,13.413204670000027],[12.829158333999999,13.412764588000016],[12.829388853000012,13.41221972400001],[12.829656046000025,13.411669620999987],[12.829944194999996,13.411098562000006],[12.830153758999984,13.410737066000024],[12.830840077000005,13.40979403199998],[12.831096791999983,13.409521600000005],[12.831238246999987,13.409301034999999],[12.83124899500001,13.409278345000018],[12.831332551000003,13.409101949999979],[12.831322071999978,13.408876669999984],[12.831233008000027,13.408578041999988],[12.831039162000025,13.40823750200002],[12.830803403999994,13.407886484000016],[12.83016423700002,13.406959168000014],[12.827886286000023,13.403863397999999],[12.827629571999978,13.403611921999982],[12.826351236999983,13.40305134099998],[12.825989741,13.402936081000007],[12.825643962000015,13.402941320000025],[12.82318492600001,13.403298898000003],[12.822833721999984,13.403349967999986],[12.820752875999972,13.40372436299998],[12.819514243000015,13.403947222999989],[12.819037487000003,13.404162025000005],[12.818791250000004,13.40430348000001],[12.81848738399998,13.404581151000002],[12.818304016000013,13.404795953000018],[12.818063019000022,13.405293665999977],[12.818042063000007,13.405550380000022],[12.818136365999976,13.405943310999987],[12.81839308100001,13.406425306000017],[12.818613121999988,13.406781562999981],[12.818953662000013,13.407033038999998],[12.818961681000019,13.407033694000006],[12.819529960000011,13.407080189999988],[12.819949086000008,13.407164016000024],[12.820441559000017,13.407279275000008],[12.820771621000006,13.407363100999987],[12.821201224999982,13.407604097999979],[12.821536525999988,13.407850334999978],[12.821877066000013,13.408133244999988],[12.824412779,13.410307461000002],[12.824858101000018,13.410773738999978],[12.825544418999982,13.411795358999996],[12.825649200999976,13.412010161000012],[12.825492028999975,13.412282592999986],[12.825156728000024,13.412518351000017],[12.824884295999993,13.412701718999983],[12.824040804999981,13.413068453999983],[12.823590244000002,13.413225626999974],[12.823123966000026,13.413340886000015],[12.822704839999972,13.41336708199998],[12.819163225000011,13.41213589900002],[12.818875075999983,13.412031117000026],[12.818712663999975,13.411889662000021],[12.81863931700002,13.411674860000005],[12.81867599100002,13.41137099399998],[12.818780772000025,13.41096234600002],[12.818847579000021,13.410744107000028],[12.818859357999997,13.410705630999985],[12.818964139999991,13.410386046999974],[12.819037487000003,13.41011361599999],[12.819037487000003,13.409715446000007],[12.819000813000002,13.409443013999976],[12.818885554000019,13.409065800000008],[12.818775533000007,13.408756695000022],[12.818623600000024,13.408358524999983],[12.818246386999988,13.40747312100001],[12.818089213999997,13.40714305900002],[12.817916324999999,13.406881106000014],[12.817638654000007,13.406598195000015],[12.817072833999987,13.40625765599998],[12.816664186000025,13.406179069000018],[12.816234581000003,13.406163352000021],[12.811194590000014,13.406231460000015],[12.810324904000026,13.406278611999994],[12.809664779999991,13.406336242000009],[12.809119873999975,13.406414513000016],[12.81617270800001,13.390996588000007],[12.816196441999978,13.390970229999994],[12.817999840000027,13.389590263000002],[12.822050095000009,13.386969566000005],[12.82680988300001,13.382869719999974],[12.833640098999979,13.370710373000009],[12.843890190000025,13.36104011499998],[12.847940445000006,13.358420372000012],[12.851280212000006,13.357259750000026],[12.857950211000002,13.354940413999998],[12.863109588999976,13.351929665],[12.86859035499998,13.346360206999975],[12.873359680000021,13.342260361000001],[12.890589713999987,13.327710152000009],[12.89647007000002,13.323229790000028],[12.909810065999977,13.318599700999982],[12.914660454,13.318140029999995],[12.91950035100001,13.317680359000008],[12.925780296000028,13.314279555999974],[12.934269905000008,13.31009960199998],[12.943799973000012,13.301910399999997],[12.947859763999986,13.299280167000006],[12.955240249999974,13.295490265000012],[12.960009575000015,13.291390418999981],[12.96549034100002,13.285820006999984],[12.969860077000021,13.280639647999976],[12.972000121999997,13.276220321999972],[12.97747993500002,13.270649909999975],[12.981140137000011,13.26694011699999],[12.987409592000006,13.263540267999986],[12.989950179999994,13.260210036999979],[12.992890358000011,13.257969855999988],[12.997969626999975,13.251310348999993],[13.00012016300002,13.24689960500001],[13.007109641999989,13.242030144000012],[13.010370254999998,13.237230301000011],[13.012510299999974,13.232819557000028],[13.021960257999979,13.220979691000025],[13.025620461000017,13.217269896999994],[13.030300140000008,13.209529877000023],[13.035070419000022,13.205430030999992],[13.040470122999977,13.19622039799998],[13.04261016800001,13.191800117000014],[13.046270370000002,13.188090323999972],[13.049530028999982,13.183289527999989],[13.052069663999987,13.179969787999994],[13.055720328999996,13.176250458000027],[13.059370041000022,13.172539711000013],[13.062310218999983,13.170299530000023],[13.065970420999975,13.166580199999999],[13.069620132000011,13.162870407000014],[13.07326984399998,13.15915966],[13.076210021999998,13.156909943000016],[13.079150200000015,13.154669762000026],[13.082810402000007,13.150959968999985],[13.086460113999976,13.147239684999988],[13.090829848999988,13.14206028000001],[13.097020149000002,13.135020256000018],[13.102029800000025,13.124719620000008],[13.10416984599999,13.120309829999997],[13.108149529000002,13.114040375000002],[13.110289573999978,13.109629631000018],[13.112830162000023,13.106300353999984],[13.115369797000028,13.102970122999977],[13.120300293000014,13.089039802999991],[13.120140075999984,13.081760406],[13.125699997000027,13.07983016999998],[13.131660461000024,13.078980446000003],[13.136500359000024,13.078519820999986],[13.143969535999986,13.078379631000018],[13.149530411,13.07645034799998],[13.155480384999976,13.075599669999974],[13.16516971599998,13.074680328],[13.180179596000016,13.078029633000028],[13.190270424000005,13.078200340000024],[13.199959755000009,13.077280045000009],[13.209719657999983,13.079999923999992],[13.215359687999978,13.081709862000025],[13.21949005099998,13.082719802999975],[13.22402000400001,13.084819793999998],[13.227430344000027,13.087300301000028],[13.235369681999998,13.091879844999994],[13.248319626000011,13.103269576999992],[13.264280319000022,13.116069793999998],[13.268799781999974,13.11816978500002],[13.27190017700002,13.123200417000021],[13.275309563000008,13.125679970000022],[13.279919624000001,13.131420134999985],[13.282219886999997,13.134289742000021],[13.284520149000002,13.137160300999994],[13.293660164000016,13.144989967000015],[13.297860146000005,13.149640083000008],[13.303979873999992,13.156080245999988],[13.306679726000027,13.160030365000011],[13.311280251000028,13.16576004000001],[13.31556987800002,13.174059867999972],[13.316840172000013,13.180950165000013],[13.318820000000017,13.186369895999974],[13.319700241000021,13.192179679999981],[13.320890426999995,13.195440292],[13.321439742999985,13.203800200999979],[13.322310447999996,13.209609984999986],[13.322790145999988,13.214340209999989],[13.333749770999987,13.237429619000011],[13.335330009000018,13.241769791000024],[13.338029860999995,13.245719909999991],[13.342639922999979,13.251460075000011],[13.346130371000015,13.257579802999999],[13.347720145999972,13.261919975000012],[13.351929665,13.266570091000006],[13.35542011299998,13.272689818999993],[13.360030173999974,13.278429985000002],[13.366140366000025,13.284859657000027],[13.368840218000003,13.288809775999994],[13.37154006999998,13.292770385999972],[13.373840331999986,13.29563045499998],[13.378049850000025,13.300290108000013],[13.385990143000015,13.304860114999997],[13.39163017300001,13.306570052999973],[13.398380280000026,13.307900428999972],[13.402509688999999,13.308910369999978],[13.409259796000015,13.310230255000022],[13.41489982600001,13.311940192999998],[13.421959877000006,13.310709953000014],[13.426810264999972,13.310250282000027],[13.433159827999987,13.310489655000026],[13.436889647999976,13.310420035999982],[13.440230369999995,13.309260368000025],[13.445070267000006,13.308799743999998],[13.448809623999978,13.308730125000011],[13.452139853999995,13.307570456999997],[13.456589699000006,13.30601978300001],[13.459210396000003,13.306340218000003],[13.463740348999977,13.308429718000014],[13.475729941999987,13.310379981999972],[13.487719535999986,13.312330245999988],[13.492560387000026,13.311869621000028],[13.499710083000025,13.314279555999974],[13.518059730999994,13.316470145999972],[13.529649733999975,13.317330360000028],[13.538619994999976,13.317890166999973],[13.555859565999981,13.320460319999995],[13.573880196000005,13.325200080999991],[13.597470283999996,13.328020095999989],[13.612159728999984,13.333919524999999],[13.616689682000015,13.336009978999982],[13.624230384999976,13.339509964000001],[13.628760338000006,13.341600417999985],[13.632169723999993,13.344090461999997],[13.635190009999974,13.345479964999981],[13.643850326999996,13.34858989700001],[13.659330367999985,13.356659889000014],[13.662739753999972,13.359140395999987],[13.666870116999974,13.360159873999976],[13.671400070000004,13.362250328000016],[13.674420356999974,13.363650322000012],[13.679340362999994,13.366829871999983],[13.683469772000024,13.36783981299999],[13.686880111999983,13.370320320000019],[13.692520141999978,13.372030257999995],[13.695940017999988,13.374509810999996],[13.698960304000025,13.375909804999992],[13.701970099999983,13.377309798999988],[13.706500053000013,13.379409790000011],[13.709520339999983,13.380800247000025],[13.712530135999998,13.382200241000021],[13.715950012000008,13.384679794000022],[13.721980094999992,13.387479782000014],[13.726909637000006,13.390660286000013],[13.731040000999997,13.39167022700002],[13.738180161000002,13.394080162000023],[13.742309569999975,13.395090102999973],[13.746839523000006,13.397179603999973],[13.753990172999977,13.399589538999976],[13.759619713000006,13.401300429999992],[13.762639998999987,13.402700423999988],[13.769000053000013,13.402939795999998],[13.773520469999994,13.405039787000021],[13.777250289999984,13.404959679000001],[13.784000397,13.40629005400001],[13.789640426999995,13.407999991999986],[13.794879912999988,13.408619880999993],[13.79901027699998,13.409629822],[13.804650306999974,13.411339759999976],[13.808779716000004,13.412349700999982],[13.814020157000016,13.412980080000011],[13.817040442999996,13.414380074000007],[13.82227992999998,13.414999962000024],[13.827919959999974,13.4167099],[13.832050322999976,13.417719841000007],[13.836944580000022,13.419547081000019],[13.838365753999994,13.420260326000005],[13.837062210999989,13.42212783399998],[13.832254147000015,13.429015573000015],[13.827445808999983,13.435903216999975],[13.822637197000006,13.442790764999984],[13.817828309999982,13.449678216999985],[13.813019148000024,13.456565574000024],[13.808209712000007,13.463452834999998],[13.80340000000001,13.470340000000022],[13.801385036999989,13.474710008999978],[13.79937000000001,13.47908000000001],[13.796540047000008,13.483095016999982],[13.793709999999976,13.487109999999973],[13.789110090000008,13.491815042999974],[13.784510000000012,13.496519999999975],[13.782735034999973,13.501230007000004],[13.780959999999993,13.50594000000001],[13.774360000000001,13.511669999999981],[13.762549999999976,13.528430000000014],[13.762202334999984,13.529610104000028],[13.76112999999998,13.53325000000001],[13.755470000000003,13.537840000000017],[13.751919999999984,13.544960000000003],[13.746723810999981,13.55227176599999],[13.741527304999977,13.559583418999978],[13.737075920999985,13.56584618300002],[13.736330479999992,13.566894961000003],[13.731133338000006,13.574206388999983],[13.725935876999984,13.58151770500001],[13.720738098000027,13.588828908999972],[13.715539999999976,13.596139999999991],[13.71388003300001,13.600850005999973],[13.712220000000002,13.605560000000025],[13.70798000000002,13.608540000000005],[13.702780000000018,13.614269999999976],[13.693089999999984,13.626430000000028],[13.688125156000012,13.633890052000027],[13.683159999999987,13.641349999999989],[13.667340000000024,13.660619999999994],[13.662140000000022,13.66658000000001],[13.66212999999999,13.669339999999977],[13.65745050800001,13.675764183000013],[13.652770761999989,13.682188274999987],[13.648090761999981,13.688612275000025],[13.643410507999988,13.695036184000003],[13.63873000000001,13.701459999999997],[13.637789999999995,13.701459999999997],[13.634550337999997,13.710679038000023],[13.63454999999999,13.710680000000025],[13.634544929000015,13.710679975000005],[13.634538227999997,13.710679942000013],[13.634522490999984,13.710679862999996],[13.625564998000016,13.710635163000006],[13.616579999999999,13.710590000000025],[13.61282,13.708739999999977],[13.607169999999996,13.709870000000024],[13.599640013999988,13.710305114999983],[13.592109999999991,13.710739999999987],[13.586940000000027,13.709349999999972],[13.581529999999987,13.710019999999986],[13.575178204999986,13.710070410000014],[13.57478666999998,13.710073517000012],[13.568043336000017,13.710126850999984],[13.561300000000017,13.71017999999998],[13.554939999999988,13.711310000000026],[13.548944988000017,13.710825073000024],[13.542950000000019,13.710339999999974],[13.534356536000018,13.710368404000008],[13.525763068999993,13.71039650900002],[13.517169600999978,13.710424315000012],[13.483300887999974,13.71053329199998],[13.47496000000001,13.710559999999987],[13.470134997000002,13.710425047000001],[13.465309999999988,13.710289999999986],[13.465319998999973,13.709369999999979],[13.45684,13.711180000000013],[13.450019988999998,13.71081009400001],[13.44319999999999,13.710440000000006],[13.437084986999992,13.709955076000028],[13.430970000000002,13.70947000000001],[13.416150000000016,13.709180000000003],[13.408849999999973,13.710300000000018],[13.400615027000015,13.711070136999979],[13.392380000000003,13.711839999999995],[13.384264975000008,13.711120133000009],[13.376149999999996,13.710399999999993],[13.370490000000018,13.713599999999985],[13.362500000000011,13.711720000000014],[13.353467049000017,13.714252961999989],[13.351806101000022,13.714177463999988],[13.346596764000026,13.714064216999986],[13.344445081000003,13.714026468999975],[13.342519890999995,13.714026468999975],[13.338896003999992,13.714215212999989]]]},"properties":{"fid":707,"cty_nm":"Nigeria","iso3cd":"NGA","adm1nm":"Borno","adm2nm":"Abadam","adm1cd":"NGA008","adm2cd":"NGA008001"}},{"type":"Feature","id":709,"geometry":{"type":"Polygon","coordinates":[[[14.14412532199998,12.809527972000012],[14.144062025999972,12.809521127999972],[14.135000864000006,12.808490790999997],[14.131779671000004,12.80877018000001],[14.12654018400002,12.808139800999982],[14.120189666999977,12.807909966000011],[14.114549636999982,12.806200026999988],[14.107799530000023,12.80486965199998],[14.102160454,12.803159714000003],[14.093899727000007,12.80113983199999],[14.083020209999972,12.798800468000024],[14.077380179999977,12.797089577000008],[14.072139740000011,12.796469688000002],[14.05904006999998,12.794910431000005],[14.048950194999975,12.79473972300002],[14.036250113999984,12.794260025000028],[14.032119750999982,12.793250084000022],[14.025369644000023,12.791930198999978],[14.018219948000024,12.789520263999975],[14.014490127999977,12.789589881999973],[14.009240149999982,12.788969994000013],[13.999870299999998,12.787329673999977],[13.995739936999996,12.786319733000028],[13.987879753000016,12.785380363000002],[13.983750342999997,12.784370421999995],[13.978509902999974,12.783740044000012],[13.973270415999991,12.783120155000006],[13.962389945999973,12.78077983899999],[13.955639839000014,12.779459953000014],[13.951109885999983,12.777359961999991],[13.945480347,12.775650024000015],[13.94206047099999,12.773170471000014],[13.936420440999996,12.771459579000009],[13.928170204000025,12.769439696999996],[13.921810149999999,12.769200324999986],[13.913949966000018,12.768260001999977],[13.908709525999996,12.767640114000017],[13.904580115999977,12.766619681999998],[13.89480972299998,12.763899803000015],[13.886549950000017,12.761879921000002],[13.875590323999972,12.755909920000022],[13.869159697999976,12.752030373000025],[13.84064960500001,12.746029854000028],[13.811429976999989,12.74151039100002],[13.799440383999979,12.739560127000004],[13.773070335,12.729149817999996],[13.760999679999998,12.723560333000023],[13.747420310999985,12.717280388000006],[13.742899894999994,12.715180396999983],[13.737259864999999,12.713470459000007],[13.731300353999984,12.714309691999972],[13.721220016000018,12.714150428999972],[13.714070320000019,12.711739539999996],[13.701359749000005,12.711259842000004],[13.696519851999994,12.71172046700002],[13.690879822,12.710009575000015],[13.686039924999989,12.710470199999975],[13.679679871000019,12.710229873999992],[13.671819686999982,12.709289550999983],[13.654190062999987,12.705630301999975],[13.647839546,12.705400467000004],[13.642990112000007,12.705849648000026],[13.637040137999975,12.706700324999986],[13.631799698000009,12.706069946000014],[13.626560211000026,12.705450057999997],[13.620920180999974,12.70374012000002],[13.61266040800001,12.701720238000007],[13.60813045499998,12.699620246999984],[13.604000091999978,12.698610305999978],[13.600979805000009,12.697210311999982],[13.596460342,12.695119857999998],[13.59265041399999,12.691550254999981],[13.588120461000017,12.689450264000016],[13.578200340000024,12.679450035000002],[13.574700355999994,12.673330307000015],[13.570099830999993,12.667590141000005],[13.568110466000007,12.662170409999987],[13.566450119000024,12.654190062999987],[13.565259932999993,12.65093994099999],[13.561840056999984,12.64846038799999],[13.559140205000006,12.644499779],[13.549139976999982,12.630860328999972],[13.547949791000008,12.627610206999975],[13.54563999200002,12.624739647000013],[13.542940139999985,12.620789527999989],[13.539529800000025,12.618300438000006],[13.534609794999994,12.615119934000006],[13.530799865999995,12.611559867999972],[13.523969650000026,12.606590271000016],[13.520110129999978,12.604269981000016],[13.513400078000018,12.601699828999983],[13.508480071999998,12.598520279000013],[13.502840042000003,12.59681034099998],[13.499830245999988,12.595410346999984],[13.494899750000002,12.592229842999984],[13.48958015400001,12.58796977999998],[13.484660148999978,12.58479023000001],[13.480529784999987,12.583780289000003],[13.47751045199999,12.582380295000007],[13.472270012000024,12.581749915999978],[13.467029572000001,12.581130028000018],[13.462900161999983,12.580120087000012],[13.457659721000027,12.579489707999983],[13.452420234999977,12.578869820000023],[13.449399948000007,12.577469826000026],[13.443050384999992,12.577230453000027],[13.434069632999979,12.576680183000008],[13.429940224000006,12.575670242000001],[13.423589705999973,12.575429916000019],[13.415730476000022,12.574489594],[13.411999702000003,12.57456016499998],[13.408260344999974,12.57464027399999],[13.403820037999992,12.57618045800001],[13.397459984000022,12.575940132000028],[13.391819954000027,12.574230193999995],[13.38395976999999,12.573289870999986],[13.379039764000026,12.570110321000016],[13.376740455999993,12.567250252000008],[13.372920035999982,12.563679695000019],[13.369509697000012,12.561200142000018],[13.366809844999977,12.557239531999983],[13.363789558000008,12.555850028999998],[13.360699653999973,12.550809860000015],[13.358389853999995,12.547940254000025],[13.354980468999997,12.545459746999995],[13.350449561999994,12.543359755999973],[13.347040176000007,12.540880202999972],[13.342829703999996,12.536230086999979],[13.339420318999998,12.533749580000006],[13.330289841000024,12.525919913999985],[13.32758998899999,12.521960257999979],[13.318849564000004,12.515210152000009],[13.315440178000017,12.512729644999979],[13.311619758999996,12.509169579000002],[13.306699752999975,12.505990027999985],[13.303680419999978,12.504590033999989],[13.300270081000008,12.502109528000005],[13.296460152000009,12.498539924999989],[13.29265022300001,12.494970321999972],[13.28884029400001,12.491410255000005],[13.286140441999976,12.487449646000016],[13.282320023000011,12.483889579999982],[13.279620170999976,12.479929923999975],[13.276929854999992,12.475979805000009],[13.274620056000003,12.473110199000018],[13.271530150999979,12.468079567000018],[13.268030167000006,12.461950301999991],[13.265729904000011,12.459090232999984],[13.263030051999976,12.455129623000005],[13.258819580000022,12.450480460999984],[13.256520271,12.447609901000021],[13.254220008999994,12.444749832000014],[13.247309685000005,12.436140060000014],[13.242630005000024,12.426770209999972],[13.239130020000005,12.42063999200002],[13.237549781999974,12.416299820000006],[13.236269950999997,12.409410476999994],[13.236359596,12.395930290000024],[13.236989974999972,12.390819550000003],[13.237230301000011,12.384630202999972],[13.237469673000021,12.378430367000021],[13.238109588999976,12.373319626000011],[13.237469673000021,12.36131954199999],[13.238430022999978,12.353650092999999],[13.238670349000017,12.347459792999985],[13.239700316999972,12.343429565000008],[13.240340232999984,12.338319778000027],[13.245900154000026,12.336389542000006],[13.249629974000015,12.336310387000026],[13.254079819000026,12.334770203000005],[13.261139870000022,12.333539963000021],[13.265990256999999,12.333080291999977],[13.27527999900002,12.331080437000026],[13.279729842999984,12.329529761999993],[13.284179687000005,12.327989577999972],[13.291480063999984,12.32056045500002],[13.293629646,12.316149712000026],[13.298709868999993,12.309490203999985],[13.302920341000004,12.297030448999976],[13.309749603,12.284879683999975],[13.31301021600001,12.28007984200002],[13.31737995100002,12.274889945999973],[13.319919586000026,12.271570205999978],[13.324290276,12.266380309999988],[13.32936954500002,12.259730338999987],[13.333740234000004,12.254540442999996],[13.336680412000021,12.252300262000006],[13.343350410000028,12.249979972999995],[13.349309920999985,12.249139786],[13.354149817999996,12.248680115000013],[13.358599663000007,12.247139930999992],[13.364950179999994,12.24736976600002],[13.370200157,12.248000144999992],[13.373929976999989,12.247929573000022],[13.379170418000001,12.248550415000011],[13.385919570999988,12.24987983699998],[13.39116001100001,12.250499724999997],[13.396800041000006,12.252209662999974],[13.40132999399998,12.254309653999996],[13.404740333999996,12.256790161000026],[13.407759666000004,12.258190155000023],[13.410779952999974,12.259579658999996],[13.419509887999993,12.266329765000023],[13.423640250999995,12.267339705999973],[13.428560257000015,12.270520209999972],[13.433090209999989,12.272620200999995],[13.439840317000005,12.273940085999982],[13.444680214000016,12.273480414999995],[13.451040267999986,12.273719787999994],[13.456279755000025,12.274350165999977],[13.460410118000027,12.275360106999983],[13.466210364999995,12.277319907999981],[13.465009688999999,12.281100272999993],[13.46549034100002,12.285820006999984],[13.464449882999986,12.289850235000017],[13.462470054999983,12.301540375000002],[13.462630272000013,12.308819771000003],[13.463100433000022,12.313540459000023],[13.463259697000012,12.320819855000025],[13.463339806000022,12.324460030000012],[13.464529991000006,12.327719688000002],[13.464610100000016,12.331359862999989],[13.466589928000019,12.336779594000006],[13.469289779999997,12.340729712999973],[13.471590042000003,12.343600272999993],[13.475009918000012,12.346079825999993],[13.478420258000028,12.348569870000006],[13.481200218000026,12.356160164000016],[13.481280326999979,12.359800339000003],[13.481360435,12.363439560000018],[13.481829643000026,12.36816978500002],[13.481200218000026,12.373279572000001],[13.483980179000014,12.380869865000022],[13.485170363999998,12.38411998700002],[13.486359596,12.387379646],[13.488659858999995,12.390239715999996],[13.492070198000022,12.39272975900002],[13.495889664000003,12.396289824999997],[13.50263977100002,12.397620200999995],[13.51049995400001,12.398550033999982],[13.515740395000023,12.399180412000021],[13.520979881000017,12.39980983700002],[13.524709701999996,12.399729729],[13.531069756000022,12.399970054999983],[13.536709785000028,12.401679993000016],[13.540120124999987,12.404159546000017],[13.546150207999972,12.40695953400001],[13.54916953999998,12.408359528000005],[13.554809569999975,12.410070419000022],[13.558540343999994,12.409990311000001],[13.562279701000023,12.409919738999974],[13.566720008999994,12.408370018000028],[13.570460319999995,12.408300399999973],[13.578240395000023,12.405599594000023],[13.581569672,12.404439926000009],[13.584910392999973,12.403280257999995],[13.589360236999994,12.401740073999974],[13.593879700000002,12.403829574999975],[13.597620010000014,12.403759955999988],[13.602860451000026,12.404390335000016],[13.605879784000024,12.40577983899999],[13.609999657000003,12.406789779999997],[13.613019942999983,12.408189773999993],[13.61604023000001,12.409589767],[13.620169639999972,12.410599708999996],[13.625089645000003,12.413780212000006],[13.628109931999973,12.415180206000002],[13.630410193999978,12.418049811999992],[13.633910178999997,12.42416953999998],[13.638830185000018,12.42735004399998],[13.642640114000017,12.430919646999996],[13.646059990000026,12.433400154000026],[13.652879714999983,12.438360214],[13.656299590999993,12.440839767],[13.65931987800002,12.442239760999996],[13.669079780999994,12.444959641000025],[13.67543983500002,12.445199966000018],[13.679570198000022,12.446209908000014],[13.685199737999994,12.44791984599999],[13.689330100999996,12.448929786999997],[13.692350388000023,12.450329780999994],[13.698390007,12.453129767999997],[13.701399803000015,12.454520226],[13.704420089999985,12.455920219000006],[13.708950043000016,12.458020209999972],[13.713470459000007,12.460109710999973],[13.716890335000016,12.462590218000003],[13.72189044999999,12.469420432999982],[13.722760201000028,12.47523021699999],[13.724349975999985,12.47955989799999],[13.722999572999981,12.486149787999977],[13.723079681000002,12.489789963000021],[13.721409798000025,12.498920440999996],[13.722760201000028,12.509460449000017],[13.723230361999981,12.514180183000008],[13.725299834999987,12.523249625999995],[13.726169586000026,12.529060363999974],[13.727519988999973,12.539589881999973],[13.72727966299999,12.545780181999987],[13.727760315000012,12.550510406],[13.72782993300001,12.554149628000005],[13.727910042000019,12.557789802999991],[13.727990149999982,12.561429976999989],[13.728469849000021,12.566160201999992],[13.730529784999987,12.575220107999996],[13.731800078999981,12.58211040499998],[13.728699683999992,12.594189643999982],[13.728070258999992,12.599300384999992],[13.728940009999974,12.60511016800001],[13.730130196000005,12.60836982699999],[13.731320380999989,12.611619948999987],[13.733619690000012,12.614489554999977],[13.735919952000017,12.617360114999997],[13.742440224000006,12.62487983699998],[13.745929718000014,12.630999565000025],[13.74822998000002,12.633870124999987],[13.749420165999993,12.637120246999984],[13.751720427999999,12.639989852999975],[13.754420279999977,12.643939971999998],[13.75601005599998,12.648280144000012],[13.782810211000026,12.66722011600001],[13.790630340999996,12.677820205999978],[13.796270370000002,12.679530144000012],[13.799289703,12.680930138000008],[13.806039810000016,12.682259559999977],[13.813179970000022,12.684659957999997],[13.821439742999985,12.686690331000023],[13.831930161000002,12.687939643999982],[13.843520163999983,12.688799857999982],[13.85138034800002,12.68974018099999],[13.859959602000004,12.689209937999976],[13.868539810000016,12.68867015799998],[13.87448978399999,12.687829970999985],[13.892359734000024,12.685290337000026],[13.902770041999986,12.682900428999972],[13.913960456999973,12.682680129999994],[13.919919967999988,12.681839943],[13.937870025999985,12.68293952900001],[13.956529617000001,12.682570456999997],[13.975990294999974,12.684379578000005],[13.99472999599999,12.687649727000007],[14.011249541999973,12.691690445000006],[14.040390015000014,12.692580222999993],[14.047860146000005,12.692429543000003],[14.05793952900001,12.692600249999998],[14.066920279999977,12.693149566999978],[14.076290131000007,12.694789886000024],[14.086770058000013,12.696040154000002],[14.093520163999983,12.697360038999989],[14.103610038999989,12.697529793000001],[14.11147022199998,12.698459624999998],[14.115989684999988,12.700559616000021],[14.121230125000011,12.70118045800001],[14.126870155000006,12.702890395999987],[14.133620262000022,12.704219818000013],[14.142600060000007,12.704770087999975],[14.147839546,12.705400467000004],[14.15276527399999,12.704970360000004],[14.15292648000002,12.705002755999999],[14.166654790999985,12.706044651000013],[14.166709259000015,12.706048767000027],[14.165354289999982,12.71225972000002],[14.163454015000013,12.720969651000019],[14.161553610999988,12.72967956299999],[14.159653075999984,12.738389455000004],[14.15775241199998,12.747099327],[14.155851617999986,12.755809181000018],[14.153950694000002,12.764519015000019],[14.152680388000022,12.770339009999987],[14.152049639999973,12.773228829000004],[14.15014845600001,12.78193862400002],[14.148247141000013,12.79064840000001],[14.146345696000026,12.799358155999983],[14.144444120000003,12.808067892999986],[14.14412532199998,12.809527972000012]]]},"properties":{"fid":709,"cty_nm":"Nigeria","iso3cd":"NGA","adm1nm":"Borno","adm2nm":"Monguno","adm1cd":"NGA008","adm2cd":"NGA008024"}},{"type":"Feature","id":710,"geometry":{"type":"Polygon","coordinates":[[[14.200833328999977,12.50388889300001],[14.203332730999989,12.538057064999975],[14.201435027000002,12.546767380000006],[14.199537195000005,12.55547767500002],[14.197639235999986,12.564187951999997],[14.195741148000025,12.572898209000016],[14.193842932999985,12.581608447000008],[14.193502673000012,12.583169675000022],[14.193483479000008,12.583167344000003],[14.175244200000009,12.58104913599999],[14.174877166999977,12.580776215000014],[14.171130179999977,12.573840141000005],[14.169139862000009,12.568409920000022],[14.166760445000023,12.561909676000028],[14.16477966299999,12.556480408000027],[14.163590430999989,12.553230285999973],[14.160490035999999,12.54819011699999],[14.159299850000025,12.544939994999993],[14.15659999799999,12.540980338999987],[14.153900146000012,12.53703022000002],[14.152310370999999,12.532690048000006],[14.151120186000014,12.529439926000009],[14.14881992300002,12.526570320000019],[14.147629737999978,12.523320198000022],[14.146039963000021,12.518980026000008],[14.144060135000018,12.513549805000025],[14.142869948999987,12.510299683000028],[14.138580321999996,12.502010344999974],[14.137390137000011,12.498749733000011],[14.134209633000012,12.490079879999996],[14.131910323999989,12.487210274000006],[14.129929543000003,12.481789589000016],[14.126040459000023,12.474579811000012],[14.124050140000008,12.469160079999995],[14.121669768999993,12.462650299000018],[14.11968994099999,12.457220077999978],[14.118100165999977,12.452879906000021],[14.11651039100002,12.448550223999973],[14.114130020000005,12.442040442999996],[14.11174964899999,12.43552970899998],[14.107859612000027,12.428319930999976],[14.105159759999992,12.424369812000009],[14.10356998399999,12.420029639999996],[14.098569870000006,12.413209914999982],[14.096980094999992,12.408869743000025],[14.095789909000018,12.405619621000028],[14.094599723999977,12.402359961999991],[14.089920043999996,12.392990112000007],[14.087530135999998,12.386480330999973],[14.087059974999988,12.381750107000016],[14.085869789000014,12.378499985000019],[14.082369803999995,12.372380256999975],[14.080389976999982,12.366950035000002],[14.079199791000008,12.363699913000005],[14.076820374000022,12.357190132000028],[14.074509621000004,12.354319572000009],[14.072930336000013,12.349989891000007],[14.071740149999982,12.346730232000027],[14.06824016600001,12.34060955000001],[14.067049979999979,12.337360381999986],[14.063960075000011,12.332320213000003],[14.062769890000027,12.329059600999983],[14.060779572000001,12.323639870000022],[14.059189795999998,12.319299698000009],[14.057600020999985,12.314959525999996],[14.056409836,12.311710358000028],[14.054430007999997,12.30628967299998],[14.053239822000023,12.303030014],[14.051250458000027,12.297610282999983],[14.049269675999994,12.29218006100001],[14.046970366999972,12.289319992000003],[14.041170120000004,12.280329703999996],[14.038470268000026,12.27637004899998],[14.035380363000002,12.271340370000019],[14.032679557999984,12.267379760999972],[14.029580115999977,12.262350082000012],[14.027199745000019,12.255840302000024],[14.025609970000005,12.25150013000001],[14.024020194999991,12.247159957999997],[14.021719932999986,12.244290352000007],[14.015449524000019,12.23058033000001],[14.013859749000005,12.226240157999996],[14.009969710999997,12.219030379999992],[14.00648021699999,12.212909697999976],[14.004890441999976,12.208569527000009],[14.00329971299999,12.204230309000025],[14.001709937999976,12.199890137000011],[14.000519752999992,12.196640015000014],[13.996239661999994,12.188349723999977],[13.994250297999997,12.182920455999977],[13.992270469999994,12.177499770999987],[13.989890098999979,12.17098999000001],[13.988699913000005,12.167739868000012],[13.994569778000027,12.163249968999992],[13.99822998000002,12.159540176000007],[14.005929947000027,12.153200149999975],[14.011810303000004,12.148710251000011],[14.016889572000025,12.14206028000001],[14.019829749999985,12.139809608000007],[14.026740073999974,12.131299973000012],[14.02927970899998,12.127969742000005],[14.035160065000014,12.123490333999996],[14.038809775999994,12.119779586999982],[14.046119690000012,12.112350463999974],[14.048660278,12.109020233000024],[14.050809860000015,12.104610443000013],[14.054070473000024,12.099809646999972],[14.056209564000028,12.095399857000018],[14.058360100000016,12.090990067000007],[14.060500144999992,12.086569785999984],[14.062640190000025,12.082159995999973],[14.065110206999975,12.07518958999998],[14.067250252000008,12.070779800000025],[14.070110321000016,12.06490039800002],[14.074399948000007,12.056079865000015],[14.077980041999979,12.048720360000004],[14.080519675999994,12.045390128999998],[14.086239814999999,12.033630371000015],[14.08726978300001,12.029600142999982],[14.089420318999998,12.025190353000028],[14.091560363999974,12.020779609999977],[14.096249580000006,12.013039589000016],[14.100219727000024,12.006770134000021],[14.103870391999976,12.00306034099998],[14.106809616000021,12.000809668999977],[14.109749793999981,11.998570442000016],[14.113409995999973,11.994859695000002],[14.117460251000011,11.992230414999995],[14.122619628999985,11.989210129000014],[14.132229805000009,11.984649658000023],[14.135959624999998,11.984580040000026],[14.143429755999989,11.984430313000018],[14.147159575999979,11.984359740999992],[14.151289940000026,11.985369681999998],[14.155420303000028,11.986379623000005],[14.165189742999985,11.989100456000017],[14.166769981000016,11.993439674000001],[14.16796016699999,11.99670028700001],[14.170269965999978,11.999569893],[14.172570228999973,12.002429962000008],[14.176380156999983,12.005999565000025],[14.179800033999982,12.008480071999998],[14.182490348999977,12.012430191000021],[14.184800148000022,12.015299797000011],[14.18780994399998,12.016699791000008],[14.191630363000002,12.020270347999997],[14.198060036000015,12.024149894999994],[14.202190399000017,12.025159836],[14.207429886,12.025779724000017],[14.211560249000001,12.026789665000024],[14.21568965900002,12.027810096999985],[14.220210075000011,12.029899596999996],[14.224340439000002,12.030909538000003],[14.232210158999976,12.031849861000012],[14.237449646000016,12.032480239999984],[14.240460396000003,12.033869743000025],[14.246500014999981,12.036669731000018],[14.252140044999976,12.038379668999994],[14.258170128000017,12.041170120000004],[14.261190413999998,12.042570114],[14.266039847999991,12.042110443000013],[14.271670341000004,12.043820380999989],[14.276909827999987,12.044449805999989],[14.282159804999992,12.045069694999995],[14.289219855999988,12.043840407999994],[14.293669700999999,12.042289734000008],[14.304080009000018,12.039910315999975],[14.308520316999989,12.038359641999989],[14.312649727000007,12.039369582999996],[14.316780090000009,12.040379524000002],[14.320910454,12.039799689999995],[14.321310042999983,12.042480468999997],[14.322580338000023,12.049369812000009],[14.323769568999978,12.052630423999972],[14.325429916000019,12.060609817999989],[14.326629638999975,12.063859939999986],[14.331709862000025,12.074319838999998],[14.334409714000003,12.078269958000021],[14.338299751000022,12.085479736000025],[14.339879989999986,12.089819907999981],[14.341870308000011,12.095239638999999],[14.344730377000019,12.106479644999979],[14.34599018099999,12.11336994200002],[14.347740172999977,12.124990463000017],[14.350279807999982,12.138779639999996],[14.352419853000015,12.151479720999987],[14.352899551000007,12.15620994599999],[14.354479790000028,12.160550117000014],[14.357179642000006,12.164500237000027],[14.359880447000023,12.168450355999994],[14.361069679000025,12.171710013999984],[14.362739562999991,12.179679871000019],[14.361789703,12.187350272999993],[14.361940383999979,12.194629668999994],[14.364480018999984,12.208419800000001],[14.366149902000018,12.216400146000012],[14.365909575999979,12.222590446000027],[14.367500305000021,12.226929665],[14.36797046700002,12.231659889000014],[14.368049622000001,12.235300064],[14.368530272999976,12.240019797999992],[14.369000434999975,12.244750022999995],[14.36797046700002,12.248769760000016],[14.367730140999981,12.254969597000013],[14.367810249000001,12.258609772],[14.36797046700002,12.265890120999984],[14.368439674000001,12.270609856000021],[14.369319915999995,12.276419639999972],[14.369400024000015,12.280059814000026],[14.369469643000002,12.283699989000013],[14.366379737999978,12.295780181999987],[14.365579604999994,12.31072998000002],[14.362719535999986,12.316610335999997],[14.362079619999975,12.321720122999977],[14.359620093999979,12.328689574999999],[14.357480049000003,12.333100318999982],[14.35643958999998,12.337129592999986],[14.35581016499998,12.342240333999996],[14.354450225999983,12.348819733000028],[14.354530334000003,12.352459908000014],[14.352789879,12.357959746999995],[14.352129935999983,12.359147071999985],[14.353366251000011,12.363521430999981],[14.353364268000007,12.363520893999976],[14.352050528000007,12.363338328999987],[14.35066316000001,12.363406799000018],[14.349530883,12.363655311000002],[14.348507498000004,12.364155294999989],[14.346898689,12.365192189000027],[14.338744668999993,12.370483905000015],[14.332015636999984,12.375168769000027],[14.331247904000008,12.375597535999987],[14.330371198000023,12.375810704999992],[14.328910751000024,12.375878880000016],[14.32748736100001,12.375731813000016],[14.326465821,12.375478069999986],[14.325481066000009,12.375116751999997],[14.320962026000018,12.372007160999999],[14.319723264999993,12.371154758999978],[14.317731326,12.367684008000026],[14.317433735999998,12.367165485999976],[14.317366694999976,12.366649947999974],[14.317326363000006,12.366339799000002],[14.317110780000007,12.365011412000001],[14.316784284999983,12.364221062000013],[14.316129995999972,12.363142787000015],[14.314855602000023,12.36188351200002],[14.311648648000016,12.359793935000027],[14.309862671000019,12.358748670000011],[14.308695671999999,12.358315057000027],[14.307637150000005,12.358276479999972],[14.306286219000015,12.358380705000002],[14.30453298399999,12.358770997000022],[14.30285246699998,12.359269126000015],[14.301610089999997,12.359732482000027],[14.300622665999981,12.360411811999995],[14.300036974000022,12.361020396000015],[14.299779535000027,12.361737487000028],[14.299887710999997,12.362240192000002],[14.300288115,12.36267187300001],[14.300762006000014,12.36292430399999],[14.30122419899999,12.363246822999997],[14.30138144099999,12.363356545999977],[14.301927487,12.363932148999993],[14.302363544999992,12.36468690800001],[14.302470679999999,12.36558437299999],[14.30228596500001,12.366409314999999],[14.301735435000012,12.367520419000016],[14.30085625700002,12.368666565000012],[14.299867935999998,12.369668876999981],[14.298697365999999,12.370563052000023],[14.297490571000026,12.37134946499998],[14.296430368000017,12.371920925999973],[14.295261123999978,12.372312662000013],[14.294165467000028,12.37248925900002],[14.293179905999978,12.372450812000011],[14.29215822499998,12.372268717999987],[14.291319365999982,12.371979432999979],[14.290663811000002,12.371403524000016],[14.290264089999994,12.370720618000007],[14.289901747999977,12.369714821999992],[14.289976987999978,12.368889604999993],[14.290198053999973,12.368136542999991],[14.290491644999975,12.367563108000013],[14.291113393999979,12.367134077999992],[14.292356788000006,12.366311901000017],[14.293490082000005,12.365704757000003],[14.294049884999993,12.365529465999998],[14.294513085999995,12.365384423000023],[14.295500159000028,12.364848666],[14.296304895999981,12.364240659000018],[14.296891082999991,12.363452646999974],[14.297368423000023,12.362413139000012],[14.297517028000016,12.361444557000027],[14.29762922399999,12.360439993],[14.297196637000013,12.358393282999998],[14.296615067000005,12.35745870400001],[14.295740992999981,12.356702804999998],[14.294210917999976,12.355550440000002],[14.293044252000016,12.355009100000018],[14.291877107000005,12.354647193000005],[14.291147329000012,12.354537631000028],[14.29056288999999,12.354679659999988],[14.289758362999976,12.355215876999978],[14.288953348999996,12.355931527999985],[14.28785504000001,12.357112947000019],[14.286390125000025,12.358867601999975],[14.285620133000009,12.360121645999982],[14.285215858000015,12.361125436000009],[14.285140314999978,12.362058312999977],[14.285174771000015,12.362812040999984],[14.285465540000018,12.363279341999998],[14.285829122999985,12.36381860900002],[14.285945231000028,12.364426686999991],[14.28597309600002,12.364572624999994],[14.28604298800002,12.365721209000014],[14.28585773499998,12.366725572999997],[14.285343739999973,12.367800848999991],[14.28472061399998,12.368732287],[14.283659224000019,12.369734343999994],[14.282305880000024,12.370699738999974],[14.280953113999999,12.371449804000008],[14.27941781300001,12.372199377000015],[14.277956107000023,12.372733813000025],[14.276640912000005,12.373089192999998],[14.275253196999984,12.373264935000009],[14.273865677999993,12.373368896999978],[14.272332334999987,12.373400686000025],[14.270908707999979,12.373360986000023],[14.269814231999987,12.373106838000012],[14.268501023999988,12.372744436000005],[14.266386097999998,12.371877443000017],[14.265548275000015,12.371229210000024],[14.264748306000001,12.370653956000012],[14.263945250999996,12.370076482000002],[14.26077484199999,12.368094083000017],[14.259826216000022,12.36791206800001],[14.258622161000005,12.367693465999992],[14.257490307000012,12.36776215399999],[14.256321845000002,12.367866624999976],[14.256087777999994,12.367965910999999],[14.255481216000021,12.368223199],[14.254421861000026,12.368471509000017],[14.253435819000003,12.368612353999993],[14.252449877999993,12.368717308999976],[14.251610364999976,12.368679113999974],[14.250442410999995,12.368604124],[14.249311166999973,12.368457455999987],[14.247267917999977,12.368092939000007],[14.246100688000013,12.367766721999999],[14.243475026999988,12.366826366999987],[14.24210033899999,12.366139497999995],[14.24209741499999,12.366137569999978],[14.241663113000016,12.365851181999972],[14.240910067000016,12.365370586999973],[14.239913592999983,12.364913235000017],[14.236704681999981,12.363708014999986],[14.232133755000007,12.36223574799999],[14.231331157999989,12.362066009999978],[14.230212054999981,12.361943224000015],[14.22743839399999,12.361720042999991],[14.224104662000002,12.361614863],[14.221889251999983,12.361895635999986],[14.220987408999974,12.362371549999978],[14.220255984000005,12.362824025000009],[14.219694484000001,12.36342053300001],[14.218203517999996,12.365593400000023],[14.217933828000014,12.366262516000006],[14.21763951600002,12.367027259999986],[14.217516126000021,12.367601096999977],[14.217876261000015,12.369252933999974],[14.217996663000008,12.369683924000014],[14.219088183999986,12.370907218000013],[14.219670701999974,12.37143523200001],[14.220302817999993,12.371652367000024],[14.22063575300001,12.371684501000004],[14.220813748000012,12.371701680000001],[14.221349228000008,12.371679288999985],[14.221786794000025,12.371848014000022],[14.222102393,12.372112087999994],[14.222441693000007,12.372591552000017],[14.222586087000025,12.37314223200002],[14.222560192999993,12.373668500999997],[14.222120356999994,12.374265361000027],[14.221680873000025,12.374742597000022],[14.220729742999993,12.375409763999983],[14.21980315799999,12.376005222999993],[14.213393395000026,12.379025184999989],[14.211298152999973,12.379760777000001],[14.209885573999998,12.380091619999973],[14.208667835000028,12.380375173000004],[14.20668778999999,12.381072184000004],[14.206645655999978,12.38108701599998],[14.204672069000026,12.381822910999972],[14.20260039599998,12.382797747999973],[14.20225886899999,12.38305991599998],[14.20035593900002,12.384561570000017],[14.198477179000008,12.386111130000018],[14.197890802000018,12.386851060000026],[14.197572068,12.387615702999994],[14.194214317999979,12.395237681000026],[14.190470401000027,12.401734001000023],[14.189586862999988,12.404099884999994],[14.18904858000002,12.405007405999982],[14.188511108,12.405651759000023],[14.187827445999972,12.406343521999986],[14.186924426000019,12.40713032399998],[14.186095830999989,12.407462780999992],[14.185097227000028,12.407675102999974],[14.184293787000001,12.407744461999982],[14.183271511999976,12.407741385999998],[14.182656298999973,12.407688595000025],[14.180959823000023,12.40754302099998],[14.178550777999988,12.407344340999998],[14.17750371599999,12.40748471500001],[14.176699751000001,12.407721519999996],[14.175870766999992,12.408173566000016],[14.175066119999997,12.408625683000025],[14.174504946000013,12.409054615000002],[14.17386976900002,12.409794336000004],[14.173502102999976,12.410606643999984],[14.173329231000025,12.411395620999997],[14.173301795999976,12.412376435999988],[14.173493952000001,12.413190449000012],[14.173759959999984,12.413741519999974],[14.174195974999975,12.414412729999981],[14.174705691999975,12.414868845],[14.175919781000005,12.415805588000012],[14.176600339999993,12.416118671999982],[14.178348244000006,12.420362909999994],[14.178484572999992,12.420693943000003],[14.177897907999977,12.421481668000013],[14.17710535499998,12.422691448000023],[14.176552673999993,12.423535077999986],[14.175915431000021,12.42492075299998],[14.17554601400002,12.426283316000024],[14.175494390999972,12.427216208000004],[14.175564625999982,12.428101622999975],[14.175781667000024,12.428748240000004],[14.176120792999996,12.429275608000012],[14.176533249999977,12.429707500000006],[14.177019411000003,12.429924297000014],[14.177603540999996,12.429949996000005],[14.178017502999978,12.429903404000015],[14.178577969000003,12.429713709999987],[14.178992832000006,12.42938002699998],[14.178995209999982,12.429376930999979],[14.179579438000019,12.428616224999985],[14.180360323999992,12.427996555999982],[14.181165324000006,12.42744872999998],[14.181799104999982,12.427163553000014],[14.182578337999985,12.427070207999975],[14.183186730999978,12.427119892000007],[14.184085880999987,12.427601089000007],[14.184765884,12.428105549000009],[14.185372491999999,12.428729407999981],[14.185808113000007,12.42954414799999],[14.185975826999993,12.430405930000006],[14.185949027999982,12.43119535400001],[14.185928986000022,12.431404923000002],[14.185873544000003,12.431984632000024],[14.18555434000001,12.432868874000008],[14.185357217999979,12.433633860999976],[14.185403816000019,12.434303883999974],[14.185523515,12.434950203000028],[14.185910982999985,12.435597325999993],[14.186226243000021,12.435981063999975],[14.186809497000013,12.436293834000026],[14.187466672000028,12.436319732000015],[14.188002876999974,12.436106021],[14.188490842000022,12.43574861899998],[14.189223045999995,12.435128779000024],[14.190004079999994,12.434461232999979],[14.19083357300002,12.433865604000005],[14.191306968999982,12.43355292299998],[14.191662913000016,12.433317819000024],[14.192345310999997,12.433056686999976],[14.192978432000018,12.432986802000016],[14.19346505599998,12.433060024999975],[14.19392652800002,12.433396340999991],[14.194290631000001,12.433732367000005],[14.194678488000022,12.434259859000008],[14.194895359999975,12.434978236999996],[14.194722825999975,12.435671532000015],[14.19442931499998,12.436125222999976],[14.193867959999977,12.436602040000025],[14.193111639999984,12.437150047999978],[14.192087252000022,12.437792951000006],[14.191063450999991,12.438244456999996],[14.19083324899998,12.438390234999986],[14.190160989999981,12.438815943999998],[14.189306692000002,12.439555041999995],[14.188622936999991,12.440246800000011],[14.18820695300002,12.440939360000016],[14.187912458000028,12.441704055999992],[14.187837123999998,12.442445485999997],[14.187956757999984,12.44311572800001],[14.188271138999994,12.443786553999985],[14.188829028999976,12.444434184999977],[14.189460397000005,12.444938490000027],[14.190213632999985,12.445395308999991],[14.191064245000007,12.445852418000015],[14.191769614000009,12.446045921000007],[14.193409312000028,12.446319529999982],[14.19352145900001,12.446338243000014],[14.194421800999976,12.446460548000005],[14.195346119000021,12.446702544000004],[14.196148205999975,12.447111644000017],[14.196779447999972,12.447663781000017],[14.19719115800001,12.448358810999991],[14.197238008,12.448957060999987],[14.197016485999995,12.449745909],[14.196381042999974,12.450557451000009],[14.195575924000025,12.451129243000025],[14.19484464499999,12.451438083000028],[14.194138373999976,12.451531676999991],[14.192969935000008,12.451504268000008],[14.191777375000015,12.451405007999995],[14.190730954000003,12.451282256000013],[14.189976736000006,12.451136451000025],[14.189295847999972,12.450895166999999],[14.188736903999995,12.450582473999987],[14.18820260199999,12.450174156000003],[14.187329051999995,12.449262406000003],[14.186455658,12.448302806000015],[14.18589623600002,12.447765011000001],[14.185581895999974,12.447462823000023],[14.184853007000015,12.447006064999982],[14.184172134999983,12.44676476799998],[14.183612459000017,12.446691305999991],[14.183003720999977,12.446737316999986],[14.182516177000025,12.446951162999994],[14.182101214,12.447308774000021],[14.18178362399999,12.447666678000019],[14.181612094000002,12.448025024000003],[14.18158632699999,12.44847950899998],[14.181731038999999,12.448910583999975],[14.182167653000022,12.449414316000002],[14.182531176999987,12.449910878000026],[14.183185750999996,12.450805005000007],[14.183669936000001,12.45166774400002],[14.183910982999976,12.452434050000022],[14.183957204000023,12.453223692999984],[14.183857733000025,12.453893273999995],[14.183660511000028,12.454682181999999],[14.181737731999988,12.462308226000005],[14.17957475899999,12.468856921999986],[14.178889618000028,12.469955357000003],[14.177910209000004,12.47172277300001],[14.17744303500001,12.473180730000024],[14.176654139999982,12.476288479000004],[14.17630875499998,12.477722880999977],[14.176208798000005,12.47853600000002],[14.176279718999979,12.479206095999984],[14.176423983000007,12.479780717999972],[14.176617394999994,12.480211945000008],[14.177078771000026,12.480596140999978],[14.177613790999999,12.480789167000012],[14.178295272000014,12.480863016],[14.180607904999988,12.480965747000027],[14.181289612,12.480967815999975],[14.182093203000022,12.480922405000001],[14.183287166000014,12.480615006999983],[14.18374258199998,12.480563127999972],[14.184310100999994,12.480498479999994],[14.18540570099998,12.480501790000005],[14.186354473999984,12.480743895999979],[14.18710772899999,12.481224653000027],[14.187909156999979,12.481873022999991],[14.188418576999993,12.482472664],[14.189097607999997,12.483335982000028],[14.189727651999988,12.48429484799999],[14.190260088000002,12.485325192000005],[14.190622394999991,12.486259328000017],[14.19083832299998,12.487288722000017],[14.190883299999996,12.488485072999993],[14.19075806799998,12.489609140000027],[14.19058458500001,12.490589516],[14.190431939000007,12.491526976999978],[14.190386008000019,12.49180905899999],[14.190285937999988,12.492670034000014],[14.190356004000023,12.493627215999993],[14.19054855500002,12.494345523999982],[14.190837606000002,12.495351212000003],[14.191610129000026,12.497482794000007],[14.192045649000022,12.498369299999979],[14.192457342000012,12.499088262999976],[14.19279673699998,12.499567765999984],[14.193209028000012,12.500095336000015],[14.193621693000011,12.50050328499998],[14.19420487299999,12.500887819000013],[14.194958348,12.501320709000026],[14.195760670000027,12.501705894999986],[14.196295898000017,12.501851038999973],[14.196758450000004,12.501876342999992],[14.197172748000014,12.501757956000006],[14.197580749999986,12.501619878999975],[14.197733359999972,12.501568232000011],[14.198416009000027,12.501283172],[14.19897632300001,12.501189141999987],[14.199463297000023,12.501190588999975],[14.199828086000025,12.501335218999998],[14.200046708999992,12.50150333900001],[14.200833328999977,12.50388889300001]]]},"properties":{"fid":710,"cty_nm":"Nigeria","iso3cd":"NGA","adm1nm":"Borno","adm2nm":"Ngala","adm1cd":"NGA008","adm2cd":"NGA008025"}},{"type":"Feature","id":711,"geometry":{"type":"Polygon","coordinates":[[[14.444341539999982,12.360958407999988],[14.444083577000015,12.362106315000005],[14.443423972999994,12.363289287999976],[14.442655301000002,12.364256705000003],[14.441557842000009,12.365331110999989],[14.440387209999983,12.366477137999993],[14.43965571199999,12.367121626000028],[14.438632315000007,12.36769373200002],[14.436768653000001,12.368551204000028],[14.435380410999983,12.369014876999984],[14.433773126000006,12.369478087000005],[14.431216511000002,12.370011079999983],[14.43001179700002,12.370008558999984],[14.428843824000012,12.369898444],[14.42767631999999,12.369572994999999],[14.426801731000012,12.368853385000023],[14.426110069000003,12.367954716999975],[14.425824868000007,12.36727301000002],[14.425674268000023,12.366913033999992],[14.425056175999998,12.36576329899998],[14.424256032000017,12.36439784800001],[14.42327360500002,12.362924344000021],[14.422254053000017,12.36173786400002],[14.420904620999977,12.361160783000003],[14.41962741499998,12.360942732000012],[14.418094040000028,12.361011236000024],[14.416195214000027,12.361258389],[14.41455184199998,12.361541966999994],[14.413272959999972,12.362077538999984],[14.412432136000007,12.36261405099998],[14.412065938000012,12.363006607999978],[14.411663678000025,12.363437823000027],[14.410310401999993,12.364583320999998],[14.408847757999979,12.365656796999986],[14.407641614,12.366300163999995],[14.406253338999989,12.366763687000002],[14.405084338999984,12.367120016000001],[14.40395216799999,12.367332868000005],[14.402893251000023,12.367438212000025],[14.399571702000003,12.36721557300001],[14.398476936000009,12.367033714000002],[14.391246654999975,12.364789744000007],[14.388809811999977,12.364033452000001],[14.38635492200001,12.362535192999985],[14.386330962999978,12.362520571000005],[14.386291187999973,12.362471760000005],[14.385129731999996,12.361046445],[14.384401480000008,12.360255258999985],[14.383891420999987,12.359823446999997],[14.382834633000016,12.35903151299999],[14.381667581999977,12.358562318999986],[14.380171909000012,12.35812826099999],[14.378748402999975,12.358053240999993],[14.377543414999991,12.35819404099999],[14.376373910999973,12.358765575999996],[14.375203379000027,12.359767760000011],[14.374544333000017,12.360591672999988],[14.374447506000024,12.360780945999977],[14.373920847000022,12.361810435999985],[14.373262048000015,12.362526682999999],[14.372238364999987,12.363170308999997],[14.370813462000001,12.363669453],[14.369388985,12.36398914900002],[14.367343742999992,12.364379170999996],[14.365079375999983,12.364804554999978],[14.362559379000004,12.365265208999972],[14.360806511000021,12.365512314],[14.359382799999992,12.365508965999993],[14.358251483999993,12.365362748999985],[14.357508197000016,12.365156255999977],[14.357339464000006,12.365109381000025],[14.355990260999988,12.364496094999993],[14.354568142999995,12.36384674300001],[14.353390676000004,12.363528041999984],[14.353366251000011,12.363521430999981],[14.352129935999983,12.359147071999985],[14.352789879,12.357959746999995],[14.354530334000003,12.352459908000014],[14.354450225999983,12.348819733000028],[14.35581016499998,12.342240333999996],[14.35643958999998,12.337129592999986],[14.357480049000003,12.333100318999982],[14.359620093999979,12.328689574999999],[14.362079619999975,12.321720122999977],[14.362719535999986,12.316610335999997],[14.365579604999994,12.31072998000002],[14.366379737999978,12.295780181999987],[14.369469643000002,12.283699989000013],[14.369400024000015,12.280059814000026],[14.369319915999995,12.276419639999972],[14.368439674000001,12.270609856000021],[14.36797046700002,12.265890120999984],[14.367810249000001,12.258609772],[14.367730140999981,12.254969597000013],[14.36797046700002,12.248769760000016],[14.369000434999975,12.244750022999995],[14.368530272999976,12.240019797999992],[14.368049622000001,12.235300064],[14.36797046700002,12.231659889000014],[14.367500305000021,12.226929665],[14.365909575999979,12.222590446000027],[14.366149902000018,12.216400146000012],[14.364480018999984,12.208419800000001],[14.361940383999979,12.194629668999994],[14.361789703,12.187350272999993],[14.362739562999991,12.179679871000019],[14.361069679000025,12.171710013999984],[14.359880447000023,12.168450355999994],[14.357179642000006,12.164500237000027],[14.354479790000028,12.160550117000014],[14.352899551000007,12.15620994599999],[14.352419853000015,12.151479720999987],[14.350279807999982,12.138779639999996],[14.347740172999977,12.124990463000017],[14.34599018099999,12.11336994200002],[14.344730377000019,12.106479644999979],[14.341870308000011,12.095239638999999],[14.339879989999986,12.089819907999981],[14.338299751000022,12.085479736000025],[14.334409714000003,12.078269958000021],[14.331709862000025,12.074319838999998],[14.326629638999975,12.063859939999986],[14.325429916000019,12.060609817999989],[14.323769568999978,12.052630423999972],[14.322580338000023,12.049369812000009],[14.321310042999983,12.042480468999997],[14.320910454,12.039799689999995],[14.320440292,12.036669731000018],[14.318770409000024,12.02869033799999],[14.317740440000023,12.015600204000009],[14.319089889999987,12.009019851999994],[14.318929672000024,12.001740455999993],[14.318059920999985,11.995929718000014],[14.317110061999983,11.98647975900002],[14.316240311000001,11.980669975000012],[14.31575965899998,11.975950241000021],[14.315679550000027,11.972310065999977],[14.314809798999988,11.966500282000027],[14.314649582000015,11.959219932999986],[14.314100266000025,11.950849532999996],[14.312430382000002,11.942870140000025],[14.313070297000024,11.937760352999987],[14.312589645000003,11.933039665000024],[14.313619614000004,11.92901039100002],[14.313469886999997,11.921730041999979],[14.314100266000025,11.916620254999998],[14.314339637999979,11.910420418000001],[14.313469886999997,11.904609680000021],[14.31140041399999,11.895549774000017],[14.310930251999991,11.890830040000026],[14.309659957999997,11.883930206000002],[14.308790207000015,11.878120421999995],[14.308230400000014,11.869759559999977],[14.307760239000004,11.865030289000003],[14.307279586999982,11.860309600999983],[14.306409836,11.854499816999976],[14.305930138000008,11.849769591999973],[14.308079720000023,11.845359802000019],[14.312129974000015,11.842729567999982],[14.316180228999997,11.840100287999974],[14.323960304000025,11.837400435999996],[14.327300072000014,11.836239814999999],[14.332460403000027,11.833230018999984],[14.339850425999998,11.82944011699999],[14.346520424000005,11.827130318000002],[14.352789879,11.823719977999986],[14.359069824000017,11.820320128999981],[14.36423015600002,11.817310333000023],[14.371219634999989,11.812439918999985],[14.381939887999977,11.807490348999977],[14.385270118999983,11.80632972699999],[14.388609885999983,11.805179596000016],[14.394169807000026,11.803250312999978],[14.399729729,11.801320076000025],[14.407509803999972,11.798609734000024],[14.414179801999978,11.79629993399999],[14.418629646,11.794750213999976],[14.429349898999988,11.789810181000007],[14.434519767999973,11.78678989399998],[14.440070151999976,11.784859657000027],[14.443409920000022,11.783709525999996],[14.446749687000022,11.782549857999982],[14.451189994999993,11.781000136999978],[14.454930305000005,11.780929565000008],[14.461600304000001,11.77861022899998],[14.46533012399999,11.778539658],[14.473110199000018,11.775839806000022],[14.478670120000004,11.773909569000011],[14.487569808999979,11.770819663999987],[14.495349884000007,11.768119812000009],[14.499799728000028,11.766570091000006],[14.505359650000003,11.764639853999995],[14.510919570999988,11.762709617999974],[14.518380164999996,11.762570380999989],[14.526559829999997,11.760950089000005],[14.531410216999973,11.760490417000028],[14.538869857999998,11.760339736999981],[14.544110298000021,11.76097011600001],[14.550780296000028,11.75864982600001],[14.556739806999985,11.757809639000016],[14.560079574999975,11.756649971000002],[14.563409804999992,11.755490302999988],[14.568260193000015,11.755029678000028],[14.571590424000021,11.753870010000014],[14.576439857000025,11.753410339000027],[14.579256066000028,11.752432563000013],[14.580578059999993,11.751438482000026],[14.584872944999972,11.753526423999972],[14.589881767000008,11.756156869999984],[14.592867989000013,11.756555945000002],[14.593705489000001,11.756736591999982],[14.594360552000012,11.757132323000008],[14.595191783000018,11.757794956999987],[14.59981796300002,11.761482817000001],[14.601562187000013,11.764392414999975],[14.602433152999993,11.766654750999976],[14.602104082999972,11.767515671000012],[14.602249167000025,11.76794656300001],[14.603084648999982,11.769562813999983],[14.604393684999991,11.77117972000002],[14.606157269999983,11.773107089999996],[14.606794107999974,11.773803069999985],[14.612214607999988,11.778871104000018],[14.612741363999987,11.779131495000001],[14.614180341000008,11.779842825000003],[14.615613200999974,11.784015339999996],[14.616066950999993,11.785336669999992],[14.615827489000026,11.785615510000014],[14.614096612000026,11.787631017000024],[14.614055876000009,11.787662637999972],[14.611142658999995,11.789924008000014],[14.609763638000004,11.791599868999981],[14.607540237000023,11.794301860000019],[14.60655224200002,11.79738709999998],[14.606513919999998,11.79871500500002],[14.606876483000008,11.799935790999996],[14.606722578000017,11.805678096000008],[14.606464232999997,11.808010635000016],[14.607592451000016,11.811207845000013],[14.608859078000023,11.814797288000022],[14.610457225999994,11.818244992000018],[14.610703634000004,11.824346750000018],[14.610080859999982,11.826750570999991],[14.60624668700001,11.832774909000022],[14.60595367000002,11.833851222000021],[14.605985017000023,11.83740443900001],[14.607106459000022,11.843040825999992],[14.60743340900001,11.843723200999989],[14.608197441000016,11.844513853000024],[14.610053241999992,11.846239163000007],[14.61194565400001,11.84785684000002],[14.615291995000007,11.852024718999985],[14.615440890999992,11.852345876000015],[14.616091204999975,11.853748554999981],[14.615940948999992,11.854549608000013],[14.615687380999987,11.855901444999972],[14.61528530999999,11.856798164999987],[14.614628674000016,11.857335631000012],[14.614527244999977,11.857378760000017],[14.613534881000021,11.857800718000021],[14.612477726000009,11.858122288999994],[14.611638587000016,11.858874841999977],[14.608427892000009,11.861777556999982],[14.60733314700002,11.862888648000023],[14.606894855999997,11.863605850999988],[14.604118735999975,11.868303645000026],[14.603899064000018,11.869021148000002],[14.604188921999992,11.870170051999992],[14.605134077000002,11.871750556999984],[14.605643252999982,11.872433188999992],[14.608948711999972,11.875445082999988],[14.610811038999998,11.877142013000025],[14.61761885499999,11.88185297199999],[14.61795947600001,11.882315577999975],[14.619655723999983,11.884619295999983],[14.624419623999984,11.891875568999978],[14.625110558000017,11.89295320399998],[14.626635078999982,11.897405656999979],[14.628194678,11.902898972999992],[14.631049655000027,11.905347953999978],[14.631798478999997,11.905990289999977],[14.633916069999998,11.906862439999998],[14.634858133000023,11.907250438000005],[14.640321898000025,11.909482678000018],[14.641086675999986,11.90991433900001],[14.643161650000025,11.911747393999974],[14.643561331,11.912681055000007],[14.643523247000019,11.913937178000026],[14.642975063999984,11.915084982999986],[14.636948078999978,11.925198419000026],[14.636345393999989,11.92619498800002],[14.636254055999984,11.926346019999983],[14.634791896000024,11.929538384000011],[14.634206811000013,11.930973245000018],[14.634387174999972,11.93237320999998],[14.634567635999986,11.933701392999978],[14.634930339999983,11.935029813000028],[14.63587593599999,11.936574329999985],[14.639225211999985,11.939593447999982],[14.643667198999992,11.943259943999976],[14.646177179000006,11.947139290999985],[14.64745009699999,11.949330212000007],[14.653165888999979,11.95475679399999],[14.653894088000015,11.955403720999982],[14.654439761999981,11.956265766000001],[14.655566072,11.959174281999992],[14.656147121999993,11.960897739000018],[14.656473602999995,11.962154306999992],[14.65636288799999,11.96323088600002],[14.655997232000004,11.964127700999995],[14.655412722999984,11.965131918999987],[14.654682491000017,11.966064173999996],[14.65249217500002,11.968537915000013],[14.651799158000017,11.968860070000005],[14.651033600999995,11.968895008999993],[14.648261463999972,11.970219496000027],[14.645121329000006,11.971939131],[14.644795939000005,11.97211732400001],[14.644503937000025,11.972404078000011],[14.644175011000016,11.973049688999993],[14.642893673000003,11.977211350999994],[14.641759389000015,11.980404152000006],[14.638468414999977,11.987972801000012],[14.635982614999989,11.99306601500001],[14.635069331000011,11.994464551000021],[14.633352735000017,11.999997082999982],[14.633543483999972,12.002993727999979],[14.633638330999986,12.004483747999984],[14.634289534000004,12.008217193999997],[14.632415029000015,12.019376620000003],[14.631739373000016,12.02136305900001],[14.631609695000009,12.021744318000003],[14.629822638000007,12.024396178000018],[14.628540809000015,12.026298317999988],[14.625656853999999,12.028878566000003],[14.623978408000028,12.029773567000007],[14.623321260000012,12.030382814999996],[14.623137856000028,12.03117215200001],[14.622731827999985,12.034724734999998],[14.622798871999976,12.036567312999978],[14.623047874000008,12.043410590000008],[14.624242612999979,12.04954942400002],[14.630030400999999,12.056806981000022],[14.630294407999997,12.057197891999976],[14.630758221999997,12.057884651999984],[14.63170498400001,12.058854940000003],[14.632870836999984,12.05961017200002],[14.636040922999996,12.06137295100001],[14.636915606999992,12.06173299400001],[14.643805948000022,12.062962157000015],[14.645264239000028,12.063215248999995],[14.646576953000022,12.063252808000016],[14.647161098000026,12.063132542999995],[14.647963018999974,12.062967441000012],[14.649057078999988,12.062897040999985],[14.652994665999984,12.063440328000013],[14.653358631000003,12.063979135000011],[14.653576457999975,12.064733101000002],[14.653938814000014,12.06652806400001],[14.652110047999997,12.070760832000019],[14.651928381000005,12.071023905000004],[14.650420670000017,12.073207222999997],[14.649881390000019,12.073988156999974],[14.647125190999986,12.075525443000004],[14.646414479999976,12.075921844999982],[14.642509147999988,12.078429167000024],[14.640501083000004,12.080185197999981],[14.640062078000028,12.081225443999983],[14.638706456000023,12.085925296000028],[14.636441235000007,12.089008894000017],[14.635965924999994,12.089905525000006],[14.63581898000001,12.090694914999972],[14.635853944000019,12.091807554000013],[14.636035175000018,12.092633264000028],[14.636871116000009,12.094751873999996],[14.637489265999989,12.096116504999998],[14.638289965000013,12.097337813000024],[14.638908898000011,12.09812820000002],[14.639455567000027,12.098416031],[14.640257529999985,12.098704192000014],[14.64127774299999,12.099423312999988],[14.642370663999998,12.100321975999975],[14.645866830999978,12.10413080799998],[14.648300747999997,12.107022781000012],[14.652640071000008,12.112178753000023],[14.655189442999983,12.115053143000011],[14.65577254499999,12.115412767999999],[14.655881319000002,12.115915364999978],[14.656927381999992,12.125032749000013],[14.656815987000016,12.126575885000022],[14.656557083999985,12.12937499200001],[14.656474249999974,12.129684146999978],[14.655987547999985,12.131500619000008],[14.65597068400001,12.131563560000018],[14.655129499999987,12.133321127999977],[14.654727212000012,12.134146097999974],[14.653923553000027,12.135078237000016],[14.654684773999975,12.138775864000024],[14.660296234999976,12.143376733000025],[14.660515400999998,12.143626691999998],[14.664958586000012,12.148694147000015],[14.667545308000001,12.15124546200002],[14.670789652999986,12.153007955000021],[14.671187735999979,12.153264993999983],[14.672794355999997,12.154302377000022],[14.674354730000005,12.156341105000024],[14.675598729,12.157966468999973],[14.67708755000001,12.163602953000009],[14.677350471000011,12.166987142999972],[14.677200260000006,12.167784972999982],[14.67650600799999,12.171472412000014],[14.676030459000003,12.172548555999981],[14.67540928699998,12.173373298000001],[14.673180413000011,12.176277760999994],[14.672559356000022,12.176994825999998],[14.671829073000026,12.177532309000014],[14.670807157000013,12.177889993000008],[14.669079523999983,12.178176484999994],[14.66887325099998,12.178210690000014],[14.668070574000012,12.178281506000019],[14.667158586000028,12.178244517999985],[14.666027756000005,12.178171372000008],[14.664896296999984,12.178600680999978],[14.664056277999975,12.179353349999985],[14.663799916000016,12.180142617000001],[14.663762124000016,12.181183380999983],[14.664016276999973,12.182152719999976],[14.664489188000005,12.183229993999987],[14.66507145899999,12.184379180999997],[14.665253645000007,12.18459479400002],[14.665800022999974,12.185241424000026],[14.666455896000002,12.185888236999972],[14.666929584000002,12.18635537900002],[14.667111146000025,12.187037508000003],[14.667146017999983,12.188329588999977],[14.666633289000004,12.189908128000013],[14.665610060000006,12.19127070799999],[14.660093576999998,12.197185804000014],[14.659144034000008,12.197938319000002],[14.658085540000002,12.198295907999977],[14.656699194999987,12.198258295000016],[14.655203538000023,12.19811286800001],[14.653817613000001,12.197752232000028],[14.652360848,12.197259375999977],[14.651449642999978,12.196576316999995],[14.651423651000016,12.196547665000026],[14.650210985000001,12.195210932000009],[14.649445915000001,12.194384492999973],[14.648242294,12.194131731000027],[14.646563630999992,12.194452592999994],[14.644994080000004,12.19502481500001],[14.644007971999997,12.195813121000015],[14.643240665000008,12.196673486000009],[14.640690769000003,12.193727206000005],[14.640436546999979,12.192865516999973],[14.639562404999992,12.191787680000004],[14.638651057000004,12.191248140000027],[14.637337623999997,12.191282306000005],[14.636315562999982,12.191675748000023],[14.635657693999974,12.192536236000024],[14.635570782999991,12.192686404000028],[14.634889730999987,12.193863145000023],[14.634122499,12.194651705000012],[14.633063988000004,12.195009196],[14.632188534000022,12.19490036000002],[14.630948941999975,12.194288577000009],[14.627522966000015,12.191807572000016],[14.626575462999995,12.191052604999982],[14.626138874999981,12.190190658000006],[14.62628601199998,12.189329500999975],[14.626870887999985,12.188504826999974],[14.627966463999996,12.187716729999977],[14.628207585999974,12.187578794999979],[14.628842739999982,12.187215453000022],[14.629610163999985,12.186283348000018],[14.630085924000014,12.185207290999983],[14.630014949999975,12.183771601999979],[14.62950579599999,12.182622444000003],[14.628740229000016,12.182226626999977],[14.62753623399999,12.182296784000016],[14.625602302999994,12.182581286000016],[14.623558720000005,12.183009184000014],[14.621660652000003,12.183724385000005],[14.618557235000026,12.185442823000017],[14.614361125000016,12.185903558000007],[14.614867681000021,12.188811337999994],[14.613239037000028,12.192036821999977],[14.613074886999982,12.192361917000028],[14.60676317399998,12.192460658000016],[14.600339539000004,12.194210020000014],[14.599785439000016,12.194058786000028],[14.599281958000006,12.193921366999973],[14.598187300999996,12.194027442999982],[14.597639132999973,12.194636768999999],[14.597382342999992,12.195569525999986],[14.597526706999986,12.196610538000016],[14.597963427000025,12.197328969000012],[14.598837791999983,12.198155706000023],[14.600040732000025,12.198839357999987],[14.601317022999979,12.199271883999984],[14.602447970000014,12.199309406999987],[14.60354296700001,12.198987977000002],[14.604373638000027,12.198646705999977],[14.604674658000022,12.198523035999983],[14.605513679000012,12.198596017],[14.606607716999974,12.198920588000021],[14.608248435999997,12.19964071999999],[14.608794800999988,12.200251621000007],[14.60915869500002,12.200898153000026],[14.608938684999998,12.201651524999988],[14.60831724000002,12.202476106000006],[14.608280100999991,12.202542273999995],[14.604110401000014,12.209971040000028],[14.603156759,12.21212962200002],[14.603048742999988,12.212374120999982],[14.602317046999985,12.213700983000024],[14.601513231000013,12.214453504000005],[14.60049081699998,12.214990366999984],[14.599542018000022,12.215096657000004],[14.598468645000025,12.21505524600002],[14.597608365999974,12.215022057999988],[14.595710657999973,12.215306395000027],[14.594250450000004,12.21580670100002],[14.592862880999974,12.21652244500001],[14.592058974999986,12.217310827000006],[14.59169257100001,12.218315193000024],[14.591910170000006,12.219176865999998],[14.592383396000002,12.21989536000001],[14.593148739000014,12.220470725999974],[14.594023983,12.220759136000027],[14.594971929999986,12.221227097999986],[14.595518577999997,12.221658577000028],[14.595955386000014,12.222341121999989],[14.59624575800001,12.223346456999991],[14.596171259000016,12.224351257000023],[14.595585444999983,12.225678313000003],[14.59489021600001,12.22696931500002],[14.594086010000012,12.227937149000013],[14.592953680999983,12.228725046000022],[14.591347277000011,12.229332786999976],[14.590033157999983,12.229689726999993],[14.588828997999997,12.229723818000025],[14.582663260999993,12.229247966000003],[14.577811681000014,12.228415100999996],[14.57742622500001,12.228456333999986],[14.572520033999979,12.228981159],[14.572080910000011,12.22977004500001],[14.571203579999974,12.23077358400002],[14.570253788999992,12.231454000999975],[14.568610659,12.232169218000024],[14.565069246000007,12.233419770000012],[14.558461752000028,12.235275487000024],[14.557184291999988,12.235488767999982],[14.556016476000025,12.235594552999999],[14.554958484999986,12.235485172999972],[14.554925088000005,12.235479790999989],[14.553608768000004,12.23526764799999],[14.552295238999989,12.23522962300001],[14.55112711999999,12.235514833000025],[14.550068161000013,12.235979663000023],[14.549008405999984,12.236911050000003],[14.548349840000014,12.23795076099998],[14.548019669999974,12.238991010000007],[14.547908128000017,12.240211064999983],[14.548198211999988,12.241288223000026],[14.548670804999972,12.242329792000021],[14.549399318999974,12.24308466399998],[14.550456911000026,12.243445291],[14.551588001000027,12.24380006299998],[14.551952201999995,12.243914296000014],[14.55355666700001,12.244562916999996],[14.554837270999997,12.24510204500001],[14.555383598999981,12.245713049000017],[14.555820039000025,12.246575101000019],[14.55600105000002,12.247436739000022],[14.556025411999997,12.247692786000016],[14.556072771000004,12.248190532000024],[14.555997930999979,12.249302982000017],[14.556105783000021,12.250272170000017],[14.556323048000024,12.251277422999976],[14.556686098,12.252390580999986],[14.557195175999993,12.25346808400002],[14.557886177,12.254868882999972],[14.55865064400001,12.255982684000003],[14.558772610000005,12.256166797999981],[14.559269449999988,12.256916803000024],[14.559669190000022,12.257922346999976],[14.559667522999973,12.258927246999974],[14.55937439600001,12.259644563999984],[14.558752899000012,12.260325463000015],[14.557986325999991,12.260467785999992],[14.557329888000027,12.260215501999994],[14.556892703000017,12.25978412400002],[14.556565415000023,12.259101697000006],[14.556019597999978,12.258167690999983],[14.555364069000007,12.257377064000025],[14.554452742000024,12.256801355999983],[14.553358660000015,12.25640479499998],[14.552227604999985,12.256295283999975],[14.551242032000005,12.25647312000001],[14.550292585000022,12.256866349000006],[14.549488978999989,12.257331592000014],[14.548903954000025,12.258012527999995],[14.548683478999976,12.258909399000004],[14.548499004000007,12.260093443000017],[14.545533502000012,12.265988880999998],[14.544837307000023,12.267372919000024],[14.544141905000004,12.26855611000002],[14.543811614999981,12.269632238999975],[14.543554369999981,12.270672599000022],[14.543478911000022,12.272108043999992],[14.543549982999991,12.273220729999991],[14.543949560999977,12.274298073000011],[14.544422563000012,12.275124312999992],[14.545114533000003,12.27595091500001],[14.54602534999998,12.276849658000003],[14.546740993000014,12.277461674999984],[14.547118582999985,12.277784587999975],[14.547628340000017,12.278467325999998],[14.547882331999972,12.279329087999997],[14.547808179000015,12.280010861999983],[14.547442004999994,12.280728042000021],[14.54678405499999,12.281337071999985],[14.545980368000016,12.281802301000027],[14.545525697000016,12.281945700999984],[14.544848408000007,12.282159315000001],[14.54371619699998,12.282659879999983],[14.542182102000027,12.283410994000008],[14.540720989000022,12.284162220999974],[14.538382666000018,12.285665635999976],[14.537834294999982,12.286203048999994],[14.537066257999982,12.287134870999978],[14.535981504999995,12.288010269999972],[14.535823644000004,12.288137663999976],[14.534654518000025,12.28885346300001],[14.533266916000002,12.289281770000002],[14.53209860200002,12.28953100000001],[14.530821117000016,12.289600592],[14.53068577099998,12.28959764299998],[14.529032879999988,12.289561632000016],[14.528047233999985,12.289703491000012],[14.526878271999976,12.290311588000009],[14.525891659000024,12.29099177400002],[14.525196752,12.291816019999999],[14.52435495200001,12.293142455999998],[14.524097336000011,12.293609139000012],[14.523622633999992,12.29446907900001],[14.522780947000001,12.29572373100001],[14.521976591999987,12.296511887000008],[14.521136060000003,12.297120532000008],[14.520076932999984,12.29751345599999],[14.519055017000028,12.297511660999987],[14.518142789000024,12.297402389000013],[14.517231019999997,12.297041890999992],[14.516064104000009,12.296501492999994],[14.514992692000021,12.296057441000016],[14.514933557999996,12.296032932999992],[14.51380248800001,12.29585148000001],[14.512525037999978,12.295885096000006],[14.511648718999993,12.296098867000012],[14.511173599000017,12.296456909000028],[14.510990053,12.29703080600001],[14.51102529000002,12.297712761000014],[14.51113318900002,12.298574291000023],[14.511387474999992,12.299220747999982],[14.511860746000025,12.299867596000013],[14.512516505999997,12.300514768000028],[14.512882651999973,12.300852028000008],[14.513609578,12.301521607999973],[14.514483739000013,12.30249216499999],[14.514920328000017,12.303246609999974],[14.515137536999987,12.304215999999997],[14.515135364999992,12.305400335000002],[14.514878232000001,12.306297104999999],[14.514328320000004,12.307624023000017],[14.51396195000001,12.308377041000028],[14.513559343999987,12.308986437999977],[14.512754656000027,12.30991812000002],[14.512736974000006,12.309936020999999],[14.511657641,12.311028721000014],[14.510852806999992,12.312032174000024],[14.510413356000015,12.312820944999999],[14.510229131000017,12.313753728999984],[14.510300665999978,12.314543415000003],[14.510627896000017,12.31522589299999],[14.511210490999986,12.315980604999993],[14.511829921000015,12.316555935999986],[14.512668947000009,12.316808657000024],[14.513581171999988,12.316953839000007],[14.514530362000016,12.316847860999985],[14.515260814999976,12.316597935000004],[14.515991728000017,12.316096785000013],[14.516796424999995,12.315165094999998],[14.517346721000024,12.314572038999984],[14.517527855000026,12.314376829000025],[14.518112760000008,12.313875413999995],[14.518843202000028,12.313625478000006],[14.519609686000024,12.313626827000007],[14.520339148000005,12.313915221000002],[14.520885985999996,12.314275070999997],[14.521468934999973,12.314850318000026],[14.522014996999985,12.315640832999975],[14.522378758000002,12.316323361000002],[14.522486893999996,12.317077219999987],[14.522448641999972,12.318046158000016],[14.52082924199999,12.325430480000023],[14.520535060999975,12.326626264000026],[14.519949739000026,12.327343015999986],[14.519121335000023,12.327915781999991],[14.517806330999974,12.328439833999994],[14.516588834000004,12.328868348000015],[14.515176834999977,12.329200807000007],[14.513667671999997,12.329437380999991],[14.512353534999988,12.329482887999973],[14.511939895000012,12.329482148000011],[14.510552802000007,12.329479664000019],[14.509270883,12.329393278999987],[14.507555453999998,12.329318410999974],[14.503138460000002,12.329489849000026],[14.500984679999988,12.329593585999987],[14.499597289999997,12.329770489999987],[14.498209420000023,12.33019860799999],[14.497113284000022,12.330770813000015],[14.496382021999977,12.331415463999974],[14.495649863999972,12.332526667000025],[14.495136848000016,12.333566495000014],[14.495003920999977,12.333896431000028],[14.494660054999997,12.334749944999999],[14.493927672999973,12.335968809000008],[14.492976822999992,12.336900152999988],[14.491880372000026,12.337615889999995],[14.490674961000025,12.338044307000018],[14.489814851999995,12.33820707000001],[14.489360388000023,12.33829307100001],[14.487680717999979,12.338577031],[14.486475507000023,12.338897764000023],[14.484868064000011,12.339576619000013],[14.48395423400001,12.340220890000012],[14.483295849000001,12.340901529999996],[14.48307549499998,12.341582999000025],[14.48311073100001,12.342229065000026],[14.483511137999983,12.34280404399999],[14.483984974999998,12.343163828999991],[14.48460524699999,12.34330855799999],[14.484773467000025,12.343346481000026],[14.485407964999979,12.343489518000013],[14.486137397999983,12.343813893000004],[14.486866623000026,12.344245933000025],[14.48744899899998,12.345108359999983],[14.487739073,12.346113791999983],[14.487590405999981,12.347477287000004],[14.48718648900001,12.348696745999973],[14.486527180999985,12.349843946000021],[14.485612758000002,12.350775328999987],[14.48469860900002,12.351563155000008],[14.483675504000018,12.352063659999999],[14.48290849099999,12.35227753800001],[14.481923155999993,12.352132111000003],[14.481120767999982,12.351771696000014],[14.480574194999974,12.35126821199998],[14.480210358000022,12.350657409999997],[14.479337451999982,12.349040748999982],[14.477773049999996,12.346381988000019],[14.477007545999982,12.345842188999995],[14.476131678000002,12.345732840999972],[14.475328316999992,12.345874849999973],[14.474560742999984,12.346375813999998],[14.47382909700002,12.347163954999985],[14.47317031,12.348024011000007],[14.47258438199998,12.348955984999975],[14.47196158600002,12.350067328000023],[14.471301344999972,12.351645151000014],[14.470933850999984,12.352864653999973],[14.470566136999992,12.354191820999972],[14.470377778999989,12.354606262999994],[14.469832794000013,12.355805384999996],[14.469027299999993,12.356988143000024],[14.468112211000005,12.358206571999972],[14.466978736999977,12.359101571999986],[14.46588241500001,12.359673642000018],[14.464713517000007,12.360030232999975],[14.463837169999977,12.36013617399999],[14.457198533999986,12.357539040000006],[14.456140780999988,12.357106266000017],[14.45147429399998,12.354154042999994],[14.450599386000022,12.353578061999997],[14.450017116000026,12.352715561000025],[14.44963035699999,12.351860916000021],[14.44939939599999,12.351350546999981],[14.448598487000027,12.350308158000018],[14.447723672999985,12.349696280999979],[14.446629088000009,12.349442839999995],[14.445643184999994,12.349584390000018],[14.44465690300001,12.349905379000006],[14.443852757999991,12.350406178000014],[14.443157515999985,12.351194306000025],[14.442790805000016,12.351983104999988],[14.442715442999997,12.35309549599998],[14.442859105000025,12.35420833400002],[14.443184987999985,12.355465100000004],[14.443620160000023,12.356829753999989],[14.444002241000021,12.358059634000028],[14.444055260000027,12.358230294999998],[14.444344041000022,12.35977409200001],[14.444341539999982,12.360958407999988]]]},"properties":{"fid":711,"cty_nm":"Nigeria","iso3cd":"NGA","adm1nm":"Borno","adm2nm":"Kala/Balge","adm1cd":"NGA008","adm2cd":"NGA008015"}},{"type":"Feature","id":727,"geometry":{"type":"Polygon","coordinates":[[[14.312129974000015,11.842729567999982],[14.308079720000023,11.845359802000019],[14.305930138000008,11.849769591999973],[14.301719665999997,11.845120430000009],[14.29458046000002,11.842709540999977],[14.287509918000012,11.843950271999972],[14.28337955500001,11.84292984000001],[14.279250144999992,11.841919899000004],[14.275520325000002,11.842000008000014],[14.272500037999976,11.840600014000017],[14.265749931000016,11.839280127999984],[14.25527000400001,11.838020325000002],[14.24693012199998,11.832360268000002],[14.242010117000007,11.829179764000003],[14.236370087000012,11.827469826000026],[14.230730057000017,11.825759887999993],[14.222470283999996,11.82374000499999],[14.217229842999984,11.823109627000008],[14.21269989000001,11.821020126000008],[14.209690093999995,11.819620132000011],[14.205559730999994,11.818610191000005],[14.202540397999996,11.817210197000009],[14.198410034000005,11.816200256000002],[14.195389748000025,11.814800262000006],[14.188639641000009,11.813480377000019],[14.182999611000014,11.811770438999986],[14.178870200999995,11.810759544000007],[14.17586040499998,11.80935955000001],[14.171730041999979,11.808349609000004],[14.167599677999988,11.807339667999997],[14.16156005900001,11.804539680000005],[14.155920029000015,11.802829741999972],[14.152190207999979,11.802909850999981],[14.146229743999982,11.803750037999976],[14.141389847000028,11.80420970900002],[14.135430336000013,11.805060387000026],[14.127969742000005,11.805199623000021],[14.122730255000022,11.804579735000004],[14.116370200999995,11.804340362999994],[14.112640381000006,11.804409980999992],[14.108119965000014,11.802319527000009],[14.105099677999988,11.800919533000013],[14.100170134999985,11.797739982999985],[14.097160339000027,11.79633998899999],[14.093350410000028,11.792779922000022],[14.089139938000017,11.788120269999979],[14.084210396000003,11.78493976599998],[14.079609871000002,11.779210090999982],[14.074290276,11.774939537000023],[14.071990013000004,11.772069930999976],[14.069680214000016,11.769209862000025],[14.066980361999981,11.765250206000019],[14.065790176000007,11.762000084000022],[14.061189651000007,11.756259918000012],[14.056980133000025,11.751609802000019],[14.054679871000019,11.748740196000028],[14.051980018999984,11.744790077000005],[14.051110268000002,11.738980292999997],[14.052379608000024,11.728759765999996],[14.051509856999985,11.722949981999989],[14.050310135000018,11.719699859999992],[14.044599532999996,11.714340209999989],[14.035940170000003,11.711239814999999],[14.025779724000017,11.707429886],[14.02276039100002,11.706029892000004],[14.014499664000027,11.70401000999999],[14.008859633999975,11.702300072000014],[14.004019737000021,11.702759743000001],[14.000679970000022,11.703920363999998],[13.99472999599999,11.704770087999975],[13.990989684999988,11.704839705999973],[13.98655033099999,11.706379889999994],[13.982099532999996,11.707929610999997],[13.978759765999996,11.709079741999972],[13.973919867999996,11.709540366999988],[13.969470023999975,11.711090087999992],[13.964309691999972,11.714099884000007],[13.96026039100002,11.716730117999987],[13.95691966999999,11.717889786],[13.951040267999986,11.722379683999975],[13.947710036999979,11.723529815999996],[13.944769859000019,11.72577953299998],[13.940320014999998,11.727319717],[13.934760094000012,11.72924995400001],[13.928730011000027,11.726460456999973],[13.923089980999976,11.724749565000025],[13.916339874000016,11.723420142999998],[13.908160210000005,11.725040435999972],[13.899979590999976,11.726659774999973],[13.895529747000012,11.728199958999994],[13.892200469999977,11.729359627000008],[13.885840416000008,11.729120254999998],[13.882109641999989,11.729189872999996],[13.875760077999985,11.728949547000013],[13.871629714999983,11.727939606000007],[13.867500305000021,11.726929665],[13.85813045499998,11.725299834999987],[13.854000091999978,11.724280356999998],[13.849149704000013,11.724740027999985],[13.840579987000012,11.725279807999982],[13.836839676000011,11.725350380000009],[13.831999779,11.725810050999996],[13.82715988199999,11.726269721999984],[13.823820114,11.727430344000027],[13.818260193000015,11.729359627000008],[13.814530373000025,11.729430198999978],[13.811189651000007,11.730589866999992],[13.804920197000001,11.733989715999996],[13.801580429000012,11.735150336999993],[13.798640250999995,11.737389565],[13.793479918999992,11.740409850999981],[13.790539742000021,11.742650031999972],[13.785779952999974,11.746749878000003],[13.782839775000014,11.748990058999993],[13.778790474000004,11.751620292999974],[13.775850295999987,11.753860474000021],[13.770689963999985,11.756879807000018],[13.767350196999985,11.758029937999993],[13.763299942000003,11.760660171999973],[13.759249687000022,11.76329040500002],[13.753529549000007,11.757940292],[13.750439643999982,11.752900124000007],[13.748450278999996,11.747480392],[13.743129730000021,11.743220328999996],[13.738530158999993,11.737480163999976],[13.732020378000016,11.729960441999992],[13.727410315999975,11.724220275999983],[13.725819587999979,11.719880104000026],[13.725740432999999,11.716250419999994],[13.722649574000002,11.711210251000011],[13.72177982300002,11.705400467000004],[13.721300125000027,11.700670242000001],[13.720740318000026,11.692310333000023],[13.720669745999999,11.68867015799998],[13.720589637999979,11.685029983999982],[13.720430373999989,11.677749634000008],[13.715350150999996,11.667289734000008],[13.708120345999987,11.661239624000018],[13.705100060000007,11.659839630000022],[13.698280334000003,11.654879569999991],[13.689620018000028,11.651769638000019],[13.687319756000022,11.648900031999972],[13.685009955999988,11.646030425999982],[13.68231010400001,11.642080307000015],[13.679619789000014,11.638130187999991],[13.676119803999995,11.632010460000004],[13.673419952000017,11.628049850000025],[13.670330047999983,11.623020171999997],[13.668740273000026,11.618679999999983],[13.66674995400001,11.613249779],[13.666680336000013,11.609609604000013],[13.664290428000015,11.603110313000002],[13.662710189999984,11.598770141999978],[13.663740157999996,11.594739914000002],[13.663979530000006,11.588540077000005],[13.664930344000027,11.580880164999996],[13.666680336000013,11.575380325000026],[13.670260428999995,11.568030356999998],[13.67311954500002,11.56215000200001],[13.675660133000008,11.558819771000003],[13.680029869000009,11.553629875000013],[13.682490348999977,11.546669959999974],[13.682410240000024,11.543029784999987],[13.682649611999977,11.53682994799999],[13.683600425999998,11.529159546000017],[13.682020186999978,11.524829865000015],[13.680430412000021,11.520489693000002],[13.676619529999982,11.516920089999985],[13.672809600999983,11.513349532999996],[13.66454982800002,11.511329650999983],[13.659700394000026,11.511790276],[13.655260085999998,11.51333046000002],[13.649299622000001,11.514180183000008],[13.644060135000018,11.513549805000025],[13.637390137000011,11.515870093999979],[13.634050369000022,11.517029761999993],[13.627380371000015,11.519350051999993],[13.619199752999975,11.520959854000012],[13.61363983199999,11.522890091000022],[13.606969832999994,11.525210381000022],[13.602519988999973,11.526749611000014],[13.596170425000025,11.526510239000004],[13.591320037999992,11.526969909999991],[13.587989806999985,11.528129578000005],[13.584650039999985,11.529290199000002],[13.580200194999975,11.530830383000023],[13.576869965000014,11.53199005099998],[13.573530197000025,11.533149718999994],[13.567970275999983,11.535079956000004],[13.558679580999978,11.537079811000012],[13.552729607000003,11.53792953499999],[13.543829917999972,11.541020392999997],[13.539380074000007,11.542559623999978],[13.534540176000007,11.543020248000005],[13.529689788999974,11.543479918999992],[13.526679993000016,11.542079925999985],[13.517700194999975,11.541529654999977],[13.508170128000017,11.532609939999986],[13.50475978899999,11.530130385999996],[13.500949859999992,11.526570320000019],[13.496339798000008,11.52083015400001],[13.491820335,11.518730163999976],[13.484669684999972,11.516320228999973],[13.479029654999977,11.514610290999997],[13.473389626000028,11.512909889000014],[13.46926021600001,11.511890411000024],[13.463629722999997,11.510180472999991],[13.46061039,11.508790015999978],[13.456480026000008,11.507780075000028],[13.450440406999974,11.504980086999979],[13.447429656999986,11.503580092999982],[13.445119857999998,11.500720023999975],[13.440199851999978,11.497529983999982],[13.4375,11.493579865000015],[13.432900428999972,11.487850189000028],[13.430589676000011,11.484979629999998],[13.432820320000019,11.484210013999984],[13.437979697999992,11.481189728000004],[13.443140029999995,11.478179931999989],[13.452349663000007,11.472530365000011],[13.458629608000024,11.469129561999978],[13.467129707000026,11.464960098000006],[13.474909781999997,11.462260246000028],[13.481980324000006,11.461020469999994],[13.490559577999989,11.46049022699998],[13.49650955200002,11.459650039999985],[13.512240410000004,11.461520194999991],[13.51891040800001,11.459210396000003],[13.52668952900001,11.456500053000013],[13.533359528000005,11.454190254000025],[13.537810325999999,11.452639579999982],[13.544079780999994,11.449239730999977],[13.547419547999993,11.44808006300002],[13.552579879999996,11.445070267000006],[13.558859825000013,11.441670418000001],[13.56219005600002,11.440509796000015],[13.56847000099998,11.43710994700001],[13.575139998999987,11.434789658],[13.580699921000019,11.432860373999972],[13.585140228,11.431320190000008],[13.588080406000017,11.429080009000018],[13.594360352000024,11.425680161000002],[13.600629807000018,11.422269820999986],[13.606909751999979,11.418869971999982],[13.610960007000017,11.416239738000002],[13.616519928000002,11.41431045500002],[13.622079848999988,11.412380219],[13.62802982300002,11.411540031000015],[13.634699821000027,11.409219742000005],[13.640979766999976,11.405819893],[13.645420074000015,11.40427970899998],[13.649479865999979,11.401650428999972],[13.653920174000007,11.400099753999996],[13.657970427999999,11.397480011000027],[13.664250374000005,11.394080162000023],[13.668299675000014,11.391449927999986],[13.673859596,11.389519690999975],[13.676799774000017,11.387269973999992],[13.68196010600002,11.384260177999977],[13.686010361000001,11.381629943999997],[13.69005966200001,11.378999710000016],[13.695219994000013,11.375989914000002],[13.701100349,11.371500014999981],[13.706259726999974,11.368490219000023],[13.711030005999987,11.364390372999992],[13.713569640999992,11.361060142999975],[13.718339920000005,11.356960297],[13.721989631999975,11.353249549999987],[13.725250243999994,11.348449706999986],[13.729220390000023,11.342180251999991],[13.733189583000012,11.335909843000024],[13.735730171,11.332579613000007],[13.739700316999972,11.326310158000013],[13.743679999999983,11.320039748999989],[13.748439788999974,11.315939903000015],[13.752809524999975,11.310759544000007],[13.757579802999999,11.306659697999976],[13.764169692999985,11.300700188000008],[13.768219948000024,11.298080443999993],[13.773779869000009,11.296150207999972],[13.780449867000016,11.293829917999972],[13.786720275999983,11.290430069000024],[13.790060042999983,11.28927040100001],[13.796409606999987,11.28950977300002],[13.804269791000024,11.290450095999972],[13.812529563999988,11.292469977999986],[13.822299956999984,11.295189857000025],[13.825320244000011,11.296589851000022],[13.829050064,11.296520233000024],[13.838820456999997,11.299240112000007],[13.842949867000016,11.300250053000013],[13.848190308000028,11.30086994200002],[13.857159615,11.301420211999982],[13.865420341000004,11.303449630999978],[13.871769905000008,11.303689957000017],[13.877019882000013,11.304309844999977],[13.880749702000003,11.30424022699998],[13.885990143000015,11.304860114999997],[13.890119552999977,11.305870056000003],[13.900600433000022,11.307129859999975],[13.903940201000012,11.305970192000018],[13.907670021000001,11.305890083000008],[13.91854953799998,11.308230400000014],[13.925219535999986,11.305910110000013],[13.93006992300002,11.305450439000026],[13.937129974000015,11.304220199999975],[13.941980361999981,11.303759575000015],[13.949440002000017,11.303620337999973],[13.956910133000008,11.303469657999983],[13.960639953999987,11.303400039999985],[13.96549034100002,11.302940368999998],[13.971440314999995,11.302089690999992],[13.973531432000016,11.301363813000023],[13.989312697000003,11.294585885000004],[13.988793429999987,11.29671394899998],[13.988620208999976,11.297423846000015],[13.988458981999997,11.297558009],[13.987333503000002,11.298494557000026],[13.986043162999977,11.299568291000014],[13.985510459000011,11.299398992000022],[13.984223690000022,11.299968782999997],[13.984027996000009,11.300470537000024],[13.982657191999976,11.304245981000008],[13.982508370999994,11.305202468999994],[13.982769114999996,11.306878114000028],[13.984287712000025,11.309323677999998],[13.986879268999985,11.309978535000027],[13.98993520099998,11.30955832799998],[13.99725801599999,11.307576730999983],[14.000168502000008,11.307146353000007],[14.002187762000005,11.306464122000023],[14.008131901000013,11.303613075999976],[14.011494866000021,11.30128922099999],[14.01609844799998,11.299103428000024],[14.020701055000018,11.297185517000003],[14.02268380999999,11.293666399000017],[14.023510471999998,11.29219919000002],[14.026910634999979,11.292651025999987],[14.027442248,11.293768311999997],[14.028093430000013,11.294709850000004],[14.029222283000024,11.295124539000028],[14.030294414000025,11.294717059999982],[14.031733029999998,11.294106769999985],[14.035238825000022,11.292619537000007],[14.035712113999978,11.292493787000012],[14.039168401999973,11.291575469000009],[14.041788106000013,11.290879393000012],[14.043932499999983,11.290005622000024],[14.045124923999992,11.289187484000024],[14.046893711999985,11.287961155999994],[14.047569431999989,11.287492669000017],[14.049417328000004,11.286324336999996],[14.051562439000008,11.28521565699998],[14.052931544999979,11.284926466000002],[14.054672111999992,11.284679900000015],[14.05594709899998,11.284291227999972],[14.056755497999973,11.284044793000021],[14.062807562999978,11.281782475],[14.065429713000015,11.280470053999977],[14.065717473000007,11.280330659000015],[14.068197370000007,11.27912935500001],[14.070293780999975,11.278475582999988],[14.070744772000012,11.278433929000016],[14.07123930199998,11.278421121999997],[14.07180655000002,11.278408540999976],[14.072169911000003,11.27848145500002],[14.073967254000024,11.28038197799998],[14.075733832000026,11.281914474000018],[14.077932128999976,11.281871866000017],[14.080114277000007,11.281699197000023],[14.082333467000012,11.281311295000023],[14.084552764000023,11.280887489000008],[14.087174166000011,11.279783018999979],[14.097624682999992,11.274898235000023],[14.100028056999975,11.27372120299998],[14.101776846000007,11.27257806],[14.103818823999973,11.270682126999986],[14.105715896999982,11.26860629700002],[14.111582070999987,11.264409596000007],[14.111910453000007,11.264174668999999],[14.115114102000007,11.262820449999992],[14.117225686999973,11.261893618999977],[14.118973903999972,11.260893918000022],[14.120678582999972,11.259503814000027],[14.121780387000001,11.258605332000002],[14.12360215199999,11.257318705999978],[14.125641934999976,11.256068598000013],[14.128518443000019,11.254641483],[14.133068508000008,11.252824440999973],[14.134633123000015,11.252398329000016],[14.136415124999985,11.252224063000028],[14.139323536000006,11.252268382000011],[14.142450408000002,11.252205634999996],[14.144050306999986,11.25213846600002],[14.14568751500002,11.251748392000025],[14.147798618000024,11.250928997000017],[14.150274536999973,11.249679957000012],[14.15216873700001,11.248429239000018],[14.154319715999975,11.24638967300001],[14.157817726000019,11.244611928999973],[14.158535820999987,11.245332107000024],[14.159674511999981,11.246361712999999],[14.16054928699998,11.24700819100002],[14.161017431000005,11.24727114000001],[14.161526582000022,11.247453701999973],[14.162056528999983,11.247495446000016],[14.16252578000001,11.247376014999986],[14.162934334,11.247095410999975],[14.163690626999994,11.246413277999977],[14.164181654999993,11.245810898000002],[14.16922798600001,11.242205841999976],[14.176116603000025,11.240358736000019],[14.179438683,11.239793678000012],[14.183483549000016,11.240761851999991],[14.187091977000023,11.241800559000012],[14.191814944999976,11.242985810999983],[14.192275719000008,11.242891355999973],[14.192614839999976,11.242964056000005],[14.19450208699999,11.244141561999982],[14.195082587999991,11.244573806999995],[14.195711366000012,11.245077961999982],[14.196991244999992,11.246780192000017],[14.198828021999987,11.24978233600001],[14.19889741899999,11.249895762999984],[14.199073769999984,11.250153275000002],[14.199718201999985,11.251094292999994],[14.204042534999985,11.256297931000006],[14.207800828000018,11.257975600000009],[14.208033102999991,11.258046825000008],[14.210754485999985,11.258881314999996],[14.212794335000012,11.259394687999986],[14.213759104000019,11.259637493000014],[14.216334822000022,11.26016804599999],[14.221810909999988,11.261378778999983],[14.228954551000015,11.26396950100002],[14.23959544500002,11.273268476999988],[14.240083701000003,11.273799065999981],[14.242133438999986,11.27602652500002],[14.243763557000023,11.278363526000021],[14.244787213999984,11.280878426000015],[14.245177812000009,11.283627766999984],[14.245263281000007,11.28422936200002],[14.246218876,11.289615276999996],[14.248024989999976,11.294225733000019],[14.249895805999984,11.297281116000022],[14.252133241000024,11.299200900000017],[14.255161518000023,11.299986144000002],[14.256794136999986,11.300285792000011],[14.258796183000015,11.300653243],[14.263823285,11.301921929000002],[14.276900043000012,11.307636737999985],[14.284528169999987,11.311064832999989],[14.289704389000008,11.313440071999992],[14.294880692999982,11.31581521999999],[14.301480057999981,11.318761913999992],[14.308079556999985,11.321708461000014],[14.313135242999977,11.323963393999975],[14.318191007999985,11.326218240000003],[14.320552202999977,11.327360204000001],[14.329144266000014,11.333780284],[14.33955202200002,11.341579998999975],[14.34318220199998,11.344549062999988],[14.346812456999999,11.347518082000022],[14.351169527000025,11.350787750999984],[14.355526696000027,11.354057355000009],[14.362242204999973,11.359993894000013],[14.366175234000025,11.363292349000005],[14.370108352999978,11.36659075],[14.373072263999973,11.369587954999986],[14.374703059000012,11.372343033999982],[14.376511069000003,11.377251915999977],[14.377408855999988,11.382577588000004],[14.37830550199999,11.388441612999998],[14.378778436999994,11.394005651999976],[14.37894798100001,11.399688683000022],[14.37892930999999,11.400356851000026],[14.378750759000013,11.406746740000017],[14.378977157000008,11.414164594999988],[14.37938948599998,11.419728497999984],[14.380171478000022,11.42260139199999],[14.381743151000023,11.424817958000006],[14.383983503000024,11.426258295000025],[14.387314531000015,11.428059802999996],[14.39240210700001,11.430762185999981],[14.394826247000026,11.43136537800001],[14.397311919999993,11.43154995399999],[14.399384517999977,11.431576421999978],[14.402890259999992,11.431621192000023],[14.405921164999995,11.432046076999995],[14.408587893999993,11.432649648999984],[14.410586033000016,11.434029484000007],[14.41294800899999,11.435410036000007],[14.418521318999979,11.437993319999975],[14.426276727000015,11.441059328999984],[14.431669317,11.443163474000016],[14.43633444400001,11.445206305],[14.440271852000024,11.447307491999993],[14.444085820999987,11.450544935999972],[14.44802034700001,11.454201287999979],[14.44824935600002,11.45446483400002],[14.452497870999991,11.45935405900002],[14.454104472999973,11.461031607999985],[14.455826542000011,11.462829724000017],[14.458855605999986,11.464450436999982],[14.46194727400001,11.465054327000018],[14.465100838000012,11.465000298999996],[14.469382096999993,11.464187256000002],[14.469468720000009,11.464170806000027],[14.474320949000003,11.463760847000003],[14.477707647999978,11.463898787999995],[14.478929499000003,11.463948555000002],[14.481959372000006,11.465210125999988],[14.486806211999976,11.467790868000009],[14.487977425999986,11.46838336799999],[14.492501633000018,11.470672100000002],[14.496076705000007,11.47235320499999],[14.502017314,11.473858856999982],[14.507837837000011,11.474706184000013],[14.512143792000018,11.474653591999981],[14.514423598999997,11.474437432000002],[14.517724122999994,11.474124495000012],[14.52051372699998,11.474188906999984],[14.525182554000025,11.474734904000002],[14.52906310200001,11.475219738000021],[14.537915780999981,11.476250801999981],[14.545192059999977,11.477069782000001],[14.552468380999983,11.477888581000002],[14.559835728999985,11.478707337999992],[14.567203118999998,11.479525910000007],[14.580796490000012,11.483011931000021],[14.58790806799999,11.48610606699998],[14.593833312000015,11.48951741899998],[14.599757350999994,11.493885760000012],[14.604494460000012,11.498996791000025],[14.608476653000025,11.504319425999995],[14.611274476000006,11.508470633999991],[14.613210024000011,11.512407982000013],[14.613882835000027,11.513851074000002],[14.616501104000008,11.519466921999992],[14.619792349000022,11.526525821000007],[14.623083758000007,11.53358467999999],[14.62637533100002,11.540643498000009],[14.629667068999993,11.547702275000006],[14.632958970999994,11.554761011999972],[14.635016683000003,11.55852024699999],[14.636178821999977,11.560555555999997],[14.63826085300002,11.564338727999996],[14.639111195999988,11.565891340999997],[14.640149232999988,11.567786657],[14.641359736000027,11.570013427999982],[14.645183325000005,11.578416733999973],[14.645473271000014,11.579422050000005],[14.64558470899999,11.580003917999989],[14.646678754999982,11.585716488000003],[14.646506110000018,11.587917618000006],[14.645656141000018,11.588371202000019],[14.644660316,11.589016026000024],[14.643640036000022,11.589804382000011],[14.64291112699999,11.590473455999984],[14.642060565999998,11.591381652999985],[14.641307013000016,11.59233782299998],[14.640626108999982,11.593413720000001],[14.640115175000005,11.594418043000019],[14.63955520799999,11.595805144999986],[14.63923841899998,11.596809709000013],[14.639043035999975,11.597766567999997],[14.638871735999999,11.598867021999979],[14.638846082999976,11.599943730999996],[14.63884488299999,11.600876905000007],[14.638988809000011,11.602193101000012],[14.639278294000007,11.603557334000016],[14.639689314000009,11.604778152999984],[14.640076374999978,11.605759665999983],[14.640754404000006,11.606956888000013],[14.641408382999998,11.607986585999981],[14.642329216999997,11.609112324000023],[14.643153342000005,11.609950808000008],[14.644001864000018,11.610693609999998],[14.645020283999997,11.611436619000017],[14.646232934000011,11.612132007000014],[14.647227455000007,11.612587846999986],[14.648270610999987,11.612971961000028],[14.649118437000027,11.614289009999993],[14.649102341999992,11.615838268000005],[14.649090844,11.616944937000028],[14.648968591000028,11.617662614999972],[14.648773763999998,11.618188784999973],[14.648480864000021,11.618600207999975],[14.648263170999996,11.618905989999973],[14.64773666299999,11.620030841000016],[14.64505068599999,11.625769263999985],[14.643881803999989,11.62993039700001],[14.642685587000017,11.634188834999975],[14.642343419999975,11.636030829999982],[14.641730450000011,11.640839500000027],[14.641163640000002,11.64749064099999],[14.641137800000024,11.648710911000023],[14.641306152000027,11.649931423999988],[14.641668727000024,11.65112825],[14.641934054999979,11.652444592999984],[14.642077891999975,11.653856494000024],[14.642074116000003,11.65680555199998],[14.63715276900001,11.661249897000005],[14.634966443999986,11.662467430999982],[14.633909921999987,11.662896782000018],[14.632853443999977,11.663290238000002],[14.632095271000026,11.66348848299998],[14.630667938999977,11.663861698000005],[14.629466422000007,11.663788368999974],[14.628701520999982,11.663966838000022],[14.626296471999979,11.66532758599999],[14.625312558000019,11.665900564000026],[14.624583050000012,11.666832781999972],[14.624326614999973,11.66798096299999],[14.624325118000002,11.66909358700002],[14.624323301999993,11.67044303199998],[14.62432284800002,11.670780466999986],[14.623993048999978,11.672323354000014],[14.62366377799998,11.673471439000025],[14.623006780000026,11.67461909299999],[14.622131631999991,11.675515221000012],[14.620527513000013,11.676912860000016],[14.617356331999986,11.679205681999974],[14.616336183999977,11.679599123000003],[14.615389160000007,11.67977731100001],[14.614048705000016,11.679874591999976],[14.613932431000023,11.679883029999985],[14.612184085000024,11.68020369300001],[14.61050846400002,11.680596227000024],[14.609414920999996,11.68138434399998],[14.608393798000009,11.682459685000026],[14.607919193999976,11.683320422000008],[14.607735553999987,11.684432792999985],[14.607696815999986,11.686083726999982],[14.605166895000025,11.691953108999996],[14.601156747000005,11.701256600000022],[14.600608840000007,11.702404347000027],[14.599952399000017,11.703049469000007],[14.599114020999991,11.70358666200002],[14.598239429999978,11.703980237999986],[14.597110121000014,11.704229888999976],[14.595799086999989,11.704228043],[14.593832640000016,11.704153480999992],[14.591866299999992,11.704007123999986],[14.590191409,11.703789388000018],[14.587964817999989,11.703127587999973],[14.587643297999989,11.703032023999981],[14.585422798000025,11.702382784000008],[14.583820757000012,11.702165116999993],[14.582655349999982,11.702199313999984],[14.581926735000025,11.702377705999993],[14.577700639999989,11.703484128000014],[14.576534517000027,11.703984879000018],[14.575514060999978,11.704485841000007],[14.571653767999976,11.706613145000006],[14.570447700999978,11.707277776000012],[14.567748650999988,11.709929637000016],[14.567310626999983,11.710575010000014],[14.566581645999975,11.710968707000006],[14.565634432000024,11.711182615999974],[14.56457801800002,11.711360465999974],[14.56330303599998,11.711573869999995],[14.562137477000022,11.711679763000006],[14.558094518000019,11.711996569999997],[14.557184227999983,11.711887492000017],[14.552906493000023,11.714791477000006],[14.552225889999988,11.715253511000014],[14.54798893200001,11.72285568000001],[14.547622981000018,11.723931821999997],[14.547657823000009,11.724900925999975],[14.547875117999979,11.725654973000019],[14.548274923000008,11.726158075],[14.548929439000005,11.72680514000001],[14.55342710299999,11.729967568999996],[14.553840653999998,11.730258348000007],[14.556753748000006,11.730621784999983],[14.561048124000024,11.732710070999985],[14.565960889999985,11.735337594999976],[14.569091585000024,11.736347271999989],[14.570219935000011,11.736815550000017],[14.570983849000015,11.737426841000001],[14.571820000999992,11.738433035000014],[14.572401150000019,11.739474737000023],[14.573308391000012,11.741629537999984],[14.573306790000004,11.742670368000006],[14.57323257500002,11.743009141000016],[14.573086708999995,11.74367497999998],[14.572939194000014,11.744859153999982],[14.573083558999997,11.745720747000007],[14.573773500000016,11.747085626],[14.575189987999977,11.749707759999978],[14.575880552000001,11.750677837000012],[14.576644681000005,11.751181441000028],[14.577007682999977,11.751263763999987],[14.577919072999975,11.751470454000014],[14.578829448000022,11.751615361999995],[14.580578059999993,11.751438482000026],[14.579256066000028,11.752432563000013],[14.576439857000025,11.753410339000027],[14.571590424000021,11.753870010000014],[14.568260193000015,11.755029678000028],[14.563409804999992,11.755490302999988],[14.560079574999975,11.756649971000002],[14.556739806999985,11.757809639000016],[14.550780296000028,11.75864982600001],[14.544110298000021,11.76097011600001],[14.538869857999998,11.760339736999981],[14.531410216999973,11.760490417000028],[14.526559829999997,11.760950089000005],[14.518380164999996,11.762570380999989],[14.510919570999988,11.762709617999974],[14.505359650000003,11.764639853999995],[14.499799728000028,11.766570091000006],[14.495349884000007,11.768119812000009],[14.487569808999979,11.770819663999987],[14.478670120000004,11.773909569000011],[14.473110199000018,11.775839806000022],[14.46533012399999,11.778539658],[14.461600304000001,11.77861022899998],[14.454930305000005,11.780929565000008],[14.451189994999993,11.781000136999978],[14.446749687000022,11.782549857999982],[14.443409920000022,11.783709525999996],[14.440070151999976,11.784859657000027],[14.434519767999973,11.78678989399998],[14.429349898999988,11.789810181000007],[14.418629646,11.794750213999976],[14.414179801999978,11.79629993399999],[14.407509803999972,11.798609734000024],[14.399729729,11.801320076000025],[14.394169807000026,11.803250312999978],[14.388609885999983,11.805179596000016],[14.385270118999983,11.80632972699999],[14.381939887999977,11.807490348999977],[14.371219634999989,11.812439918999985],[14.36423015600002,11.817310333000023],[14.359069824000017,11.820320128999981],[14.352789879,11.823719977999986],[14.346520424000005,11.827130318000002],[14.339850425999998,11.82944011699999],[14.332460403000027,11.833230018999984],[14.327300072000014,11.836239814999999],[14.323960304000025,11.837400435999996],[14.316180228999997,11.840100287999974],[14.312129974000015,11.842729567999982]]]},"properties":{"fid":727,"cty_nm":"Nigeria","iso3cd":"NGA","adm1nm":"Borno","adm2nm":"Bama","adm1cd":"NGA008","adm2cd":"NGA008003"}},{"type":"Feature","id":728,"geometry":{"type":"Polygon","coordinates":[[[13.490559577999989,11.46049022699998],[13.481980324000006,11.461020469999994],[13.474909781999997,11.462260246000028],[13.467129707000026,11.464960098000006],[13.458629608000024,11.469129561999978],[13.452349663000007,11.472530365000011],[13.443140029999995,11.478179931999989],[13.437979697999992,11.481189728000004],[13.432820320000019,11.484210013999984],[13.430589676000011,11.484979629999998],[13.428370475999998,11.485750198000005],[13.425350189000028,11.484350204000009],[13.422650336999993,11.480400084999985],[13.414950370999975,11.469630241000004],[13.411849975999985,11.46459007300001],[13.410269737000021,11.460249900999997],[13.409000397,11.453359604000013],[13.40923976900001,11.447159767000016],[13.409399985999983,11.437319756000022],[13.407329559000004,11.428259850000018],[13.406060218999983,11.421369552999977],[13.396059990000026,11.407730103000006],[13.394869803999995,11.404470444000026],[13.393679619000011,11.401220321999972],[13.390580177000004,11.396180152999989],[13.388279914999998,11.393309593000026],[13.387089729000024,11.390060425000001],[13.38541984599999,11.382080078000001],[13.385339736999981,11.378439903000015],[13.385979652000003,11.373330115999977],[13.38399982499999,11.367899894999994],[13.382800101999976,11.364649772999996],[13.380499840000027,11.361780167000006],[13.378520012000024,11.356360435],[13.375419616999977,11.351320267000006],[13.373439788999974,11.345899582000015],[13.372240067000007,11.342639922999979],[13.367959976000009,11.334349631999999],[13.36518001600001,11.326760292000017],[13.363590240000008,11.322420120000004],[13.36042022700002,11.313739777000023],[13.358429908999994,11.308320045000016],[13.356840133999981,11.303979873999992],[13.353030204999982,11.300410270999976],[13.349220275999983,11.296850204000009],[13.34430027000002,11.293669700999999],[13.341279983999982,11.292269707000003],[13.338979720999987,11.289400101000012],[13.33596038799999,11.288000107000016],[13.332859993,11.282970427999999],[13.331669807000026,11.27970981599998],[13.331830024999988,11.269880295000007],[13.331760406,11.26624012000002],[13.333900452000023,11.261819838999998],[13.334850311000025,11.25415992699999],[13.336600304000001,11.248660088000008],[13.336839676000011,11.242469787999994],[13.336759567000001,11.238829613000007],[13.337800026000025,11.234800339000003],[13.341290474000004,11.223810195999988],[13.344149589999972,11.217920303000028],[13.344790459000023,11.212809563000008],[13.343910216999973,11.206999779],[13.344949722000024,11.202980041999979],[13.347089767,11.198559761000013],[13.348050117000014,11.190899849000004],[13.348679543000003,11.185790062000024],[13.34972000099998,11.18175983399999],[13.349160193999978,11.173399925000012],[13.35019016299998,11.169369698000025],[13.35011959100001,11.165730476000022],[13.350359916999992,11.159529685999985],[13.349880219,11.154809951999994],[13.350520134000021,11.149700165000013],[13.35114955900002,11.144590377999975],[13.349880219,11.13768958999998],[13.34972000099998,11.130410193999978],[13.349650382999982,11.12677001999998],[13.350680350999994,11.122750282000027],[13.350919723999993,11.11655044600002],[13.351869582999996,11.108880043],[13.354410171999973,11.105560303000004],[13.356960297,11.102230071999998],[13.357910156000003,11.094559668999977],[13.35766983000002,11.083640098999979],[13.35719966900001,11.078920363999998],[13.355930328,11.072030067000014],[13.353549956999984,11.065520287000027],[13.348150252999972,11.057609558000024],[13.344659804999992,11.05148982999998],[13.342670440999996,11.04607009900002],[13.34107971200001,11.041729927000006],[13.337189674000001,11.034520149000002],[13.330519675999994,11.019720077999978],[13.328539847999991,11.014300346000027],[13.326560019999988,11.008870124999987],[13.323459624999998,11.003840446000027],[13.320039748999989,11.001350403000004],[13.313929557999984,10.994919777000007],[13.312740325999982,10.991660118000027],[13.313770293999994,10.987640381000006],[13.316309928999999,10.984310149999999],[13.317350388000023,10.980279922000022],[13.319890021999981,10.976960182000028],[13.322750091999978,10.971079825999993],[13.324500084000022,10.965579987000012],[13.326640128999998,10.961170197000001],[13.328789711000013,10.956749915999978],[13.33164978000002,10.950869560000001],[13.333789824999997,10.94645976999999],[13.335539817999972,10.94095993000002],[13.336179732999994,10.935850142999982],[13.337209701999996,10.931819915999995],[13.340912818999982,10.926430702000005],[13.343418121000013,10.928276062000009],[13.345744132999982,10.930559157999994],[13.350378990000024,10.931692123000005],[13.355003356999987,10.930537223999977],[13.358469963000005,10.929385185000001],[13.363089560999981,10.927086830000007],[13.367708205999975,10.924788475000014],[13.371174811999992,10.923634529000026],[13.378108978,10.921331405999979],[13.381580353000004,10.921323776000008],[13.388509750000026,10.917875289999984],[13.397752761999982,10.91442108199999],[13.401214600000003,10.912125586999991],[13.409305572999983,10.909818648999988],[13.413924216999987,10.907519341000011],[13.423168181999984,10.904066086],[13.428949355999976,10.902908324999999],[13.432421684000019,10.902900696000017],[13.441680908000023,10.902879714999983],[13.453254700000002,10.90285301199998],[13.46367073099998,10.902829170000018],[13.475245475999998,10.902802467000015],[13.483357430000012,10.905072211999993],[13.489154815999996,10.907347678999997],[13.49378967299998,10.908480644000008],[13.501902579999978,10.910750388999986],[13.506542206000006,10.913028716999975],[13.513497352999991,10.915300369000022],[13.518142699999999,10.918723106000016],[13.522777556999984,10.919856071000027],[13.527418136999984,10.922133445999975],[13.535530090000009,10.92440319100001],[13.541327476999982,10.926678658000014],[13.545968055999992,10.928956031999974],[13.549450874000001,10.931237221000004],[13.551781654000024,10.934663773000011],[13.556422234000024,10.936942101],[13.563386917000003,10.941502571000001],[13.565707207000003,10.94264125799998],[13.572668076000014,10.946058273000006],[13.577307700999995,10.948335648000011],[13.585414886000024,10.949460982999994],[13.590044021999972,10.949449539],[13.596988678000002,10.949434279999991],[13.603933333999976,10.949419021999972],[13.61319255799998,10.949398040999995],[13.621289252999986,10.948234558000024],[13.625918388000002,10.948224068000002],[13.630542755000022,10.947069167999985],[13.640954018000002,10.94590187099999],[13.651371002000019,10.945878029000028],[13.658308982999984,10.944717406999985],[13.664096831999984,10.944704055999978],[13.669883728000002,10.94469165800001],[13.688402176000011,10.944648743000016],[13.692224502999977,10.945583344],[13.692684267999994,10.94557967999998],[13.713029362999976,10.943946240000002],[13.713038919999974,10.943945826000004],[13.710905330000003,10.951345804000027],[13.710993988999974,10.952259932999993],[13.711240642000007,10.954803103000017],[13.711294607000013,10.95518780499998],[13.711488406,10.956569366999986],[13.71152004999999,10.956794950000017],[13.712120860000027,10.959124549000023],[13.713108137000006,10.96106361599999],[13.714912641000012,10.963444778999985],[13.715117857999985,10.963655344000017],[13.715570693000018,10.964036991],[13.71582115000001,10.964204079000012],[13.716103626000006,10.96433182200002],[13.71819925699998,10.965131303000021],[13.719661771000006,10.966792567000027],[13.720565353999973,10.967801146999989],[13.723428145000014,10.970455582999989],[13.724725272,10.971658305000005],[13.725738299,10.972559676000003],[13.727581405000024,10.974684611999976],[13.728122939999992,10.97544046500002],[13.728952408999987,10.976807569000016],[13.729565052999988,10.977922568999986],[13.731726808000019,10.981986622000022],[13.730864270999973,10.987715978999972],[13.730001700000003,10.993445330999975],[13.729780249999976,10.994269766999992],[13.729739783000014,10.995238500000028],[13.729844903000014,10.996136069999977],[13.729987111000014,10.996854369000005],[13.730238126000017,10.997609007999984],[13.730848811999977,10.999190510000005],[13.731532605999973,11.000664660999973],[13.733958114000018,11.003844415999993],[13.735541841999975,11.005920625999977],[13.739975317000017,11.005400770999984],[13.743318235999993,11.005091651999976],[13.748185278999983,11.00511174899998],[13.750184749000027,11.004631141000004],[13.752148377000026,11.004159147999985],[13.75989410599999,11.001965960000007],[13.761566072999983,11.001685694000003],[13.763272684000015,11.001749996000001],[13.766904522000004,11.001886835999983],[13.77450660400001,11.002094801999988],[13.779216228999985,11.002223641],[13.785861570999998,11.002609129000007],[13.78985209199999,11.002933702999997],[13.790037224999992,11.002948762000017],[13.790545434000023,11.003022557999998],[13.79206509300002,11.00446404500002],[13.793582722999986,11.006407921000005],[13.798458558999982,11.013245605999998],[13.797918717000016,11.014941969000006],[13.797317978000024,11.016829695000013],[13.79622010899999,11.018834959000003],[13.796885449000001,11.021011023000028],[13.796901217000027,11.021062595999979],[13.796912699000018,11.021076947999973],[13.798744414999987,11.023366608000003],[13.799722694000025,11.023980544999972],[13.800772607999988,11.024845964999997],[13.801783297999975,11.026428947999989],[13.802069972000027,11.027399005000007],[13.802103681000006,11.028045087999999],[13.801737817000003,11.028689590999988],[13.801154438000026,11.029225575999988],[13.802401409000026,11.031464011000025],[13.802777294999999,11.032138762999978],[13.806559284999992,11.036852850999992],[13.807953628000007,11.038499829999978],[13.810338683999987,11.044946419999974],[13.81199565999998,11.049922778999985],[13.81201272200002,11.049974021000025],[13.812656484000001,11.055235392999975],[13.814302164000026,11.056529292999983],[13.81505553400001,11.063656096999978],[13.816479393000009,11.066107819000024],[13.818073976999983,11.067596234000007],[13.818557020000014,11.068047115000013],[13.819034231999979,11.068220639999993],[13.819861070999991,11.067880553000009],[13.820646351999983,11.06706823799999],[13.821129226999972,11.06582559200001],[13.821653485000013,11.065098083999999],[13.823784348000004,11.064591408000013],[13.824392235999994,11.064679603000002],[13.825260112000024,11.064940466999985],[13.825779743999988,11.065371636000009],[13.82612457099998,11.066059613999983],[13.829436450999992,11.074483792000024],[13.82977557800001,11.07560933000002],[13.830122561999985,11.07676094300001],[13.830554303999975,11.077449254999976],[13.832070355999974,11.078613829000005],[13.833286879000013,11.078618533999986],[13.834460123999975,11.078580150999983],[13.834486949999985,11.078569672000015],[13.835330426999974,11.07824019100002],[13.836676613000009,11.078417042000012],[13.838800115000026,11.079798501000027],[13.839143465000006,11.080872698000007],[13.839525528000024,11.08314866500001],[13.839603286999989,11.085466376999989],[13.84304407899998,11.086247088999983],[13.848068335999983,11.087387089000003],[13.852306562000024,11.092467241999998],[13.853043363999973,11.092942112999992],[13.85594781399999,11.094669759999988],[13.85617645299999,11.094679312999972],[13.858206879000022,11.094764155999997],[13.859069218999991,11.096484033000024],[13.858005650999985,11.098232010999993],[13.857844774,11.09849641300002],[13.857228791000011,11.100468180000007],[13.856963913000016,11.101540055999976],[13.857308516999979,11.102313837999986],[13.858175371000016,11.102875024000014],[13.858914208999977,11.102834907999977],[13.859956372,11.103010515999983],[13.860475124000004,11.103699123000013],[13.86163949600001,11.10597803799999],[13.861463194999999,11.106621100999973],[13.860587499000019,11.10833439999999],[13.860835725000015,11.111553985],[13.861877919999984,11.111729588999992],[13.864000288,11.113497134999989],[13.865126079999982,11.114531349999993],[13.866289365,11.117110656000023],[13.866241102999993,11.118355018999978],[13.866143215000022,11.11881566400001],[13.865931287000024,11.119812971999977],[13.866361181999991,11.12101622199998],[13.867002478000018,11.122434989999988],[13.867352172999972,11.123208637999994],[13.870026000999985,11.128497287000016],[13.870371492000004,11.129056486000025],[13.872718571999997,11.128936553000017],[13.872893713999986,11.128593885999976],[13.872977604000027,11.128551894999987],[13.874765914000022,11.127656762000015],[13.879960525000001,11.132911852999996],[13.879368055999976,11.137097897999979],[13.879335232000017,11.137329814999987],[13.876631702999987,11.139722978000009],[13.875933592000024,11.14044992700002],[13.875582803999976,11.141264005999972],[13.875752018000014,11.14246627099999],[13.876955651999992,11.145904008999992],[13.876961279999989,11.145915413000012],[13.878292482000006,11.148612679999985],[13.880108201999974,11.151108557999976],[13.882488756999976,11.15364944800001],[13.887729680999996,11.158303808000028],[13.889493457000015,11.159054018999996],[13.895973937000008,11.161810446999993],[13.899928362000026,11.161953734999997],[13.900364582000009,11.16152617900002],[13.900399414999981,11.161550447000025],[13.902531968999995,11.163036173000023],[13.903396997000016,11.16415514800002],[13.906380862999981,11.168157217999976],[13.91126882499998,11.174397813999974],[13.911527201000013,11.17504249000001],[13.912771949999978,11.179252761999976],[13.913070917000027,11.180670068999973],[13.912721449000003,11.181140873000004],[13.912274404000016,11.181227465000006],[13.912069014999986,11.181267248999973],[13.91150382699999,11.181308109999975],[13.911240641999996,11.181950888000017],[13.911273372999972,11.184826364000003],[13.911398478000024,11.186243038999976],[13.911917007999989,11.187060325000004],[13.918367266000018,11.194079004999992],[13.919583031999991,11.194426728999986],[13.923113984999986,11.196325778000016],[13.923921045999975,11.196759837999991],[13.930638919999978,11.202062619000003],[13.931129714000008,11.202481017000025],[13.931245568000008,11.202579781999987],[13.934320577999983,11.205637806000027],[13.934881573999974,11.206755623999982],[13.935454631000027,11.20938471400001],[13.936164109000003,11.212639690999993],[13.936886918000027,11.217062616000021],[13.938218948999975,11.221316046000027],[13.941289372000028,11.225704398999994],[13.942663623999977,11.229118250999989],[13.943486553000014,11.23116253400002],[13.943131283000014,11.233221244999982],[13.94342074299999,11.234844216999988],[13.943812934999983,11.237043190000009],[13.945542190000026,11.239702960999978],[13.947215458000016,11.241826075000006],[13.950973617999978,11.244471530999988],[13.952855306999993,11.245193578999988],[13.95398366400002,11.24562655599999],[13.956296914999996,11.247122439000009],[13.958783677999975,11.248733356000002],[13.961616013000025,11.250974899000028],[13.962265549999984,11.251564389999999],[13.962510527999996,11.25191634700002],[13.962916592999989,11.252499734000025],[13.966806463000012,11.255934540999988],[13.97244548499998,11.258250882000027],[13.975230624000005,11.258858621000002],[13.976612304000014,11.259171164000009],[13.977700863999985,11.259417401999997],[13.978328835000013,11.260041612000009],[13.977911483000014,11.261547453999981],[13.977639803999978,11.262982021000028],[13.977904641999999,11.263485358000025],[13.979254855000022,11.26549970100001],[13.98041708300002,11.265838642999995],[13.981027292000022,11.266737705000025],[13.981068132000019,11.266797877999977],[13.98133180000002,11.267636159000006],[13.981451642000025,11.26801936999999],[13.981642346000001,11.268929175999972],[13.981711355000016,11.269982114000015],[13.981709334000016,11.270556307999982],[13.981659681999986,11.270891069000015],[13.981560369000022,11.27156064899998],[13.981339613999978,11.272301567],[13.981483190000006,11.272828410999978],[13.981868475999988,11.273547483000016],[13.982133497999996,11.274002967000001],[13.983652613999993,11.276257126000019],[13.984523018999994,11.276882156],[13.984983468999985,11.276907655999992],[13.985614262000013,11.276742336999973],[13.988325976999988,11.277612895000004],[13.989559895000014,11.278263075999973],[13.989580203999992,11.27938762399998],[13.989551366,11.280703404999997],[13.989428999999973,11.281037938999987],[13.989094057999978,11.28670703900002],[13.989125159000025,11.287227023000014],[13.989254358999972,11.289387191999992],[13.989530167999987,11.29369464299998],[13.989312697000003,11.294585885000004],[13.973531432000016,11.301363813000023],[13.971440314999995,11.302089690999992],[13.96549034100002,11.302940368999998],[13.960639953999987,11.303400039999985],[13.956910133000008,11.303469657999983],[13.949440002000017,11.303620337999973],[13.941980361999981,11.303759575000015],[13.937129974000015,11.304220199999975],[13.93006992300002,11.305450439000026],[13.925219535999986,11.305910110000013],[13.91854953799998,11.308230400000014],[13.907670021000001,11.305890083000008],[13.903940201000012,11.305970192000018],[13.900600433000022,11.307129859999975],[13.890119552999977,11.305870056000003],[13.885990143000015,11.304860114999997],[13.880749702000003,11.30424022699998],[13.877019882000013,11.304309844999977],[13.871769905000008,11.303689957000017],[13.865420341000004,11.303449630999978],[13.857159615,11.301420211999982],[13.848190308000028,11.30086994200002],[13.842949867000016,11.300250053000013],[13.838820456999997,11.299240112000007],[13.829050064,11.296520233000024],[13.825320244000011,11.296589851000022],[13.822299956999984,11.295189857000025],[13.812529563999988,11.292469977999986],[13.804269791000024,11.290450095999972],[13.796409606999987,11.28950977300002],[13.790060042999983,11.28927040100001],[13.786720275999983,11.290430069000024],[13.780449867000016,11.293829917999972],[13.773779869000009,11.296150207999972],[13.768219948000024,11.298080443999993],[13.764169692999985,11.300700188000008],[13.757579802999999,11.306659697999976],[13.752809524999975,11.310759544000007],[13.748439788999974,11.315939903000015],[13.743679999999983,11.320039748999989],[13.739700316999972,11.326310158000013],[13.735730171,11.332579613000007],[13.733189583000012,11.335909843000024],[13.729220390000023,11.342180251999991],[13.725250243999994,11.348449706999986],[13.721989631999975,11.353249549999987],[13.718339920000005,11.356960297],[13.713569640999992,11.361060142999975],[13.711030005999987,11.364390372999992],[13.706259726999974,11.368490219000023],[13.701100349,11.371500014999981],[13.695219994000013,11.375989914000002],[13.69005966200001,11.378999710000016],[13.686010361000001,11.381629943999997],[13.68196010600002,11.384260177999977],[13.676799774000017,11.387269973999992],[13.673859596,11.389519690999975],[13.668299675000014,11.391449927999986],[13.664250374000005,11.394080162000023],[13.657970427999999,11.397480011000027],[13.653920174000007,11.400099753999996],[13.649479865999979,11.401650428999972],[13.645420074000015,11.40427970899998],[13.640979766999976,11.405819893],[13.634699821000027,11.409219742000005],[13.62802982300002,11.411540031000015],[13.622079848999988,11.412380219],[13.616519928000002,11.41431045500002],[13.610960007000017,11.416239738000002],[13.606909751999979,11.418869971999982],[13.600629807000018,11.422269820999986],[13.594360352000024,11.425680161000002],[13.588080406000017,11.429080009000018],[13.585140228,11.431320190000008],[13.580699921000019,11.432860373999972],[13.575139998999987,11.434789658],[13.56847000099998,11.43710994700001],[13.56219005600002,11.440509796000015],[13.558859825000013,11.441670418000001],[13.552579879999996,11.445070267000006],[13.547419547999993,11.44808006300002],[13.544079780999994,11.449239730999977],[13.537810325999999,11.452639579999982],[13.533359528000005,11.454190254000025],[13.52668952900001,11.456500053000013],[13.51891040800001,11.459210396000003],[13.512240410000004,11.461520194999991],[13.49650955200002,11.459650039999985],[13.490559577999989,11.46049022699998]]]},"properties":{"fid":728,"cty_nm":"Nigeria","iso3cd":"NGA","adm1nm":"Borno","adm2nm":"Gwoza","adm1cd":"NGA008","adm2cd":"NGA008011"}}]}