{"type":"FeatureCollection","features":[{"type":"Feature","id":443,"geometry":{"type":"Polygon","coordinates":[[[6.7103347780000036,7.786450863000027],[6.703900336999993,7.798400878999985],[6.691030979000004,7.815866947000018],[6.679080485999975,7.825059414000009],[6.670807362000005,7.834251881],[6.660695552999982,7.844363688999977],[6.653341769999997,7.848040581000021],[6.636795043999996,7.848959922999995],[6.61565256099999,7.856313704999991],[6.602783203000001,7.8590712550000035],[6.584398270000008,7.869183064000026],[6.570580958999983,7.869692326000006],[6.569690228000013,7.866425514000014],[6.56417465200002,7.848040581000021],[6.561417102999997,7.839767456000004],[6.546709061000001,7.825059414000009],[6.539354801000002,7.81310892099998],[6.525566100999981,7.800239562999991],[6.518212317999996,7.793804646000012],[6.510858058999986,7.784612179000021],[6.498908042999972,7.777258395999979],[6.490634918000012,7.770823479000001],[6.4842000009999765,7.762550353999984],[6.4768462179999915,7.7607121469999925],[6.467653751,7.753357886999993],[6.459380626999973,7.744165420999991],[6.45386505099998,7.740488529000004],[6.446510792000026,7.734972954],[6.435480117999987,7.731296062000013],[6.430883884000025,7.727619171000015],[6.425368309000021,7.723942280000017],[6.418933391999985,7.713830470999994],[6.406983376000028,7.703718662000028],[6.398710251000011,7.698203087000024],[6.391355991000012,7.682576180000012],[6.38216352500001,7.671545029000015],[6.377567290999991,7.664190769000015],[6.371132851000027,7.658675671000026],[6.360101699999973,7.643967627999984],[6.344474316000003,7.63845205299998],[6.3104624750000085,7.632017136000002],[6.2985119819999795,7.626502037000023],[6.270015716999978,7.614551543999994],[6.24979209899999,7.619147778000013],[6.236922741000001,7.623744010999985],[6.222214699000006,7.6228246690000105],[6.204749106999998,7.617309569999975],[6.188202380999996,7.6062784189999775],[6.17165613200001,7.597085952999976],[6.13120937299999,7.581458569000006],[6.125701427000024,7.575399876000006],[6.128798962000019,7.567436218000012],[6.129910945999995,7.564511776000018],[6.130442141999993,7.561010838000016],[6.132105826999975,7.556334019000019],[6.133570670999973,7.552076817],[6.149594306999973,7.557558536999977],[6.173494339000001,7.571347236999998],[6.199233531999994,7.577781677000019],[6.215779780999981,7.573185443999989],[6.233245850000003,7.563073635000023],[6.247953414999984,7.552962303000015],[6.252549648000013,7.552962303000015],[6.256227016000025,7.548366069999986],[6.264500140999985,7.545608044000005],[6.273692607999976,7.541011809999986],[6.277369498999974,7.533658027999991],[6.282885075000024,7.53090000200001],[6.29023885700002,7.5299811360000035],[6.294835090999982,7.5253844260000164],[6.299431324000011,7.514353751999977],[6.320574283999974,7.502403259000005],[6.327008723999995,7.501484393999988],[6.339878081999984,7.500565052000013],[6.357344151000007,7.498726368000007],[6.366536617000008,7.496888161000015],[6.385840893000022,7.499645709999982],[6.399629592999986,7.515273094000008],[6.408822059999977,7.527223110000023],[6.409740924999994,7.54652738599998],[6.4134182930000065,7.568589211000017],[6.422610759999998,7.5823779109999805],[6.430883884000025,7.5934090609999885],[6.434560776000012,7.6099553110000215],[6.45386505099998,7.626502037000023],[6.493392466999978,7.653160094999976],[6.506261826000014,7.662352562000024],[6.5218892099999834,7.670625686999983],[6.53751659400001,7.680737495000017],[6.543032169000014,7.68625307100001],[6.55957841899999,7.699122428999999],[6.570609569999988,7.701879978000022],[6.57980203599999,7.714749813000026],[6.592671393999979,7.725780487000009],[6.607379435999974,7.727619171000015],[6.617490767999982,7.734972954],[6.631279468999992,7.746004104999997],[6.641391277000025,7.74876165400002],[6.651503085999991,7.757954121000012],[6.665291786000012,7.766227244999982],[6.677241802000026,7.772662163000007],[6.688272953000023,7.780935286999977],[6.709415912999987,7.783693314000004],[6.7103347780000036,7.786450863000027]]]},"properties":{"fid":443,"cty_nm":"Nigeria","iso3cd":"NGA","adm1nm":"Kogi","adm2nm":"Adavi","adm1cd":"NGA023","adm2cd":"NGA023001"}},{"type":"Feature","id":444,"geometry":{"type":"Polygon","coordinates":[[[6.755282878999992,7.730327128999988],[6.749862671000017,7.734972954],[6.724123478000024,7.759792805000018],[6.717689037000014,7.7735815049999815],[6.714931010999976,7.780935286999977],[6.7103347780000036,7.786450863000027],[6.709415912999987,7.783693314000004],[6.688272953000023,7.780935286999977],[6.677241802000026,7.772662163000007],[6.665291786000012,7.766227244999982],[6.651503085999991,7.757954121000012],[6.641391277000025,7.74876165400002],[6.631279468999992,7.746004104999997],[6.617490767999982,7.734972954],[6.607379435999974,7.727619171000015],[6.592671393999979,7.725780487000009],[6.57980203599999,7.714749813000026],[6.570609569999988,7.701879978000022],[6.55957841899999,7.699122428999999],[6.543032169000014,7.68625307100001],[6.53751659400001,7.680737495000017],[6.5218892099999834,7.670625686999983],[6.506261826000014,7.662352562000024],[6.493392466999978,7.653160094999976],[6.45386505099998,7.626502037000023],[6.434560776000012,7.6099553110000215],[6.430883884000025,7.5934090609999885],[6.422610759999998,7.5823779109999805],[6.4134182930000065,7.568589211000017],[6.409740924999994,7.54652738599998],[6.408822059999977,7.527223110000023],[6.411579609,7.526303767999991],[6.418933391999985,7.522626876999993],[6.4262876509999955,7.514353751999977],[6.436399460000018,7.505161284999986],[6.446510792000026,7.49045324299999],[6.455703259000018,7.484937667999986],[6.461218834000022,7.481260776999989],[6.467653751,7.472068309999997],[6.477765560000023,7.453683376000015],[6.486958027000014,7.435298443000022],[6.490634918000012,7.41231727600001],[6.4897155759999805,7.39852857599999],[6.487876891999974,7.3838205339999945],[6.4897155759999805,7.373708724999972],[6.488796234000006,7.357162475999985],[6.485763072999987,7.341996193],[6.4887890819999825,7.338909149000017],[6.492205142999978,7.336550235999994],[6.494472026999972,7.334198952000008],[6.497326851000025,7.333010197000021],[6.499551773000007,7.327163218999999],[6.499508858000013,7.323666096000011],[6.498898983000004,7.320755958999996],[6.498295783999993,7.318428992999998],[6.499925136999991,7.310838223000019],[6.499845982000011,7.304427147000013],[6.499228953999989,7.300933837999992],[6.499760150999975,7.297431946000017],[6.499695777999989,7.292187214000023],[6.501359939999986,7.287509918000012],[6.5036211010000216,7.284576893000008],[6.5058732030000215,7.2810611720000225],[6.5081119540000145,7.276380061999987],[6.508069037999974,7.272881985000026],[6.508032798999977,7.269968032999998],[6.511441230999992,7.267024993999996],[6.51488494900002,7.2669968609999955],[6.5258479120000175,7.271571159000018],[6.529881000999978,7.272704123999972],[6.537356853000006,7.273808955999982],[6.544260025000028,7.274919033000003],[6.556313037999985,7.274819851000018],[6.569521903999998,7.275294781000014],[6.632309914000018,7.292852879000009],[6.637670039999989,7.294764996000026],[6.669155121000017,7.2405180929999915],[6.674722195000015,7.233437061000018],[6.678113936999978,7.231635094000012],[6.683232783999983,7.230389118000005],[6.685318470000027,7.223532200000022],[6.6901574130000085,7.219573020999974],[6.693788528000027,7.243175983000015],[6.692869185999996,7.257883548999985],[6.691030979000004,7.276268481999978],[6.692869185999996,7.294653416000017],[6.699304104000021,7.3203926090000095],[6.7029809950000185,7.348889351000025],[6.708496571000012,7.369112491999999],[6.703900336999993,7.395771027000023],[6.7029809950000185,7.451844692000009],[6.706657887000006,7.4748258590000205],[6.709030627999994,7.488724708999996],[6.713092803999984,7.512515068000027],[6.7103347780000036,7.53825426100002],[6.699304104000021,7.574104786000021],[6.699304104000021,7.589732169999991],[6.709415912999987,7.617309569999975],[6.720446587000026,7.637532711000006],[6.7351546290000215,7.650402068999995],[6.744347095000023,7.670625686999983],[6.748943328999985,7.689010619999976],[6.752620219999983,7.707395554000016],[6.755282878999992,7.730327128999988]]]},"properties":{"fid":444,"cty_nm":"Nigeria","iso3cd":"NGA","adm1nm":"Kogi","adm2nm":"Ajaokuta","adm1cd":"NGA023","adm2cd":"NGA023002"}},{"type":"Feature","id":445,"geometry":{"type":"Polygon","coordinates":[[[7.752448082000001,7.647782802999984],[7.726819514999988,7.648407936000012],[7.717308521000007,7.6443314549999855],[7.704400539000005,7.642293452999979],[7.693530559999999,7.64093494399998],[7.677905082999985,7.637537956000017],[7.669073104999995,7.638217449000024],[7.657524109000008,7.637537956000017],[7.650730133000025,7.63346147499999],[7.633066654000004,7.630064963999985],[7.616082190999975,7.625988483000015],[7.605891704999976,7.622591972000009],[7.597060204000002,7.621232985999995],[7.58075523399998,7.606287002999977],[7.572602748999998,7.600172520000001],[7.565808773000015,7.5872645379999994],[7.556977271999983,7.574356555999998],[7.552221775000021,7.564166069000009],[7.539992809000012,7.553975582000021],[7.533199309999986,7.543784618000018],[7.526405334000003,7.5335941309999725],[7.524367331999997,7.52883863400001],[7.518932343000017,7.5261211399999866],[7.516214848000004,7.522724152000023],[7.506703854000023,7.518648148000011],[7.492436886000007,7.513213157999985],[7.483005047000006,7.507169246999979],[7.482089519999988,7.503295422000008],[7.4825062749999915,7.494540690999997],[7.477920531999985,7.482450485000015],[7.478754044000027,7.477030753999998],[7.477920531999985,7.461605549000012],[7.479170798999974,7.44909858699998],[7.4775033000000235,7.437008858000013],[7.47416830100002,7.414495944999999],[7.475001812000016,7.406157969999981],[7.474266528999976,7.4034881590000055],[7.4740066530000036,7.3982992169999875],[7.472360610999999,7.391715050000016],[7.471373081000024,7.3841428759999985],[7.471373081000024,7.374266623999972],[7.471043586999997,7.37031602899998],[7.463800907000007,7.357805729000006],[7.458862781999983,7.350234032000003],[7.451949119999995,7.343320370000015],[7.447010993999982,7.337394238000002],[7.441085338999983,7.331139565000001],[7.433842181999978,7.3278470039999775],[7.430879592999986,7.326859474000003],[7.418698311000014,7.325871944000028],[7.408493041999975,7.322579861000008],[7.404542445999994,7.314020157000016],[7.402566910000019,7.307106495000028],[7.401579379999987,7.30052232700001],[7.408923625999989,7.298598288999983],[7.419345856000007,7.295680045999973],[7.429351806999989,7.294846058000019],[7.43227005,7.293178558000022],[7.44019079200001,7.294429302000026],[7.450196742999992,7.292345047000026],[7.4564499859999955,7.289426804000016],[7.465621947999978,7.290677071000005],[7.473959922999995,7.292345047000026],[7.482714653000016,7.291094303000023],[7.492303370999991,7.288592815000015],[7.508562564999977,7.290260315000012],[7.51398181899998,7.291511059000015],[7.517734050999991,7.289426804000016],[7.53232574499998,7.289009571000008],[7.5444154740000045,7.290677071000005],[7.553170680999983,7.295680045999973],[7.5610914229999935,7.30318403199999],[7.5715141300000255,7.310688496000012],[7.581936358999997,7.3152742390000185],[7.586939335000011,7.318192481999972],[7.594443321000028,7.321110724999983],[7.597361565000028,7.322778224999979],[7.613204001999975,7.321944713999983],[7.624460220000003,7.32152795799999],[7.629879951000021,7.319859982000025],[7.6348824500000205,7.314857483000026],[7.644887923999988,7.308187008000004],[7.6578121190000275,7.30318403199999],[7.669901847999995,7.30318403199999],[7.688245773000006,7.299432277999983],[7.701586245999977,7.293595314000015],[7.7095074650000015,7.289009571000008],[7.723681926999973,7.289009571000008],[7.736605644000008,7.293178558000022],[7.745360850999987,7.296930789999976],[7.757033825000008,7.297764300999972],[7.762870312000018,7.298598288999983],[7.768290042999979,7.301933288999976],[7.779129505000014,7.300683021999987],[7.789968966999993,7.296514033999983],[7.797056198000007,7.293595314000015],[7.8108139039999855,7.290260315000012],[7.818734645999996,7.2869253160000085],[7.826447486999996,7.309020996000015],[7.838537692999978,7.335285187000011],[7.8485431670000025,7.360299110000028],[7.854796410000006,7.372806072000003],[7.861772536999979,7.384463310000001],[7.865427494000016,7.39281749700001],[7.866261005000013,7.404073714999981],[7.86045074499998,7.413370609000026],[7.848751545000027,7.420332909000024],[7.834993838999992,7.418664932000013],[7.812064647999989,7.414913177000017],[7.799140453000007,7.41616392100002],[7.792887210999993,7.414913177000017],[7.776211262000004,7.419498920000024],[7.768290042999979,7.427002906999974],[7.764121056000022,7.433673381999995],[7.7607860570000184,7.4516000749999876],[7.759535313000015,7.478698253999994],[7.758701324000015,7.492455958999983],[7.755366325000011,7.504962921000015],[7.7545323370000006,7.512884139999983],[7.755783081000004,7.530394076999983],[7.754949570000008,7.544568539000011],[7.752864837999994,7.56416273100001],[7.750780582000004,7.594179153000027],[7.752448082000001,7.623362063999991],[7.752448082000001,7.647782802999984]]]},"properties":{"fid":445,"cty_nm":"Nigeria","iso3cd":"NGA","adm1nm":"Kogi","adm2nm":"Ankpa","adm1cd":"NGA023","adm2cd":"NGA023003"}},{"type":"Feature","id":446,"geometry":{"type":"Polygon","coordinates":[[[7.445786952999981,8.044860840000013],[7.432442187999982,8.045692443999997],[7.40448522600002,8.042964934999986],[7.393178463000027,8.04186153400002],[7.305553912999983,8.02558135999999],[7.253840922999984,8.015047073000005],[7.195903300999987,7.993021488000011],[7.117855071999998,7.959024906000025],[7.072845459000007,7.942744731999994],[7.0354971890000115,7.92311334599998],[7.006289004999985,7.9025235180000095],[6.979474545000016,7.887680053999986],[6.96654653500002,7.8790612220000185],[6.963587760999985,7.879294872000003],[6.916706084999987,7.8645868300000075],[6.883613109999999,7.8572330470000225],[6.84960079199999,7.849878788000012],[6.825700283000003,7.8333325390000255],[6.799042224999994,7.823220730000003],[6.788011551000011,7.811270713999988],[6.769437789999984,7.8004360200000065],[6.76824760400001,7.793804646000012],[6.758135795999976,7.752438545000018],[6.755282878999992,7.730327128999988],[6.752620219999983,7.707395554000016],[6.748943328999985,7.689010619999976],[6.744347095000023,7.670625686999983],[6.7351546290000215,7.650402068999995],[6.720446587000026,7.637532711000006],[6.709415912999987,7.617309569999975],[6.699304104000021,7.589732169999991],[6.699304104000021,7.574104786000021],[6.7103347780000036,7.53825426100002],[6.713092803999984,7.512515068000027],[6.709030627999994,7.488724708999996],[6.718515873000001,7.4878621099999805],[6.724740505,7.4878621099999805],[6.729528904000006,7.486904621000008],[6.735753536000004,7.482116222000002],[6.739105225000003,7.4811587329999725],[6.754427432999989,7.480201244],[6.758737086999986,7.477328300000011],[6.765440463999994,7.468230247000008],[6.769270897000013,7.458653927],[6.774538039999982,7.451950549999992],[6.785072327000023,7.443810462999977],[6.794648646999974,7.441895008000017],[6.807577132999995,7.4447679520000065],[6.813199042999997,7.452984809999975],[6.8157172200000105,7.464878558999999],[6.814280510000003,7.475412845999983],[6.813323020999974,7.498875140999985],[6.812844276000021,7.515155315000015],[6.81619596500002,7.525210381000022],[6.81619596500002,7.53670215599999],[6.820026397999982,7.547236442999974],[6.820505142000002,7.553461074999973],[6.819068909000009,7.556812762999982],[6.820505142000002,7.562079906000008],[6.821463107999989,7.571177482999985],[6.825293541000008,7.58219051399999],[6.831996918000016,7.591288089999978],[6.841094494000004,7.60134363200001],[6.853544235000015,7.60900449799999],[6.876527785999997,7.620017528999995],[6.909087657999976,7.624327182999991],[6.9181852340000205,7.6272001269999805],[6.938774586000022,7.6329460140000265],[6.949308872000017,7.642522335000024],[6.9612793919999945,7.658323764999977],[6.96941947900001,7.6631116870000255],[6.972292422999999,7.671730518000004],[6.976601601000027,7.677955150999992],[6.9895300869999915,7.688968181999996],[7.001021862000016,7.695192813999995],[7.008683205000011,7.695192813999995],[7.033102988999985,7.695672034999973],[7.051777362999985,7.696150779999982],[7.084337233999975,7.696629524000002],[7.104447842000013,7.699023724000028],[7.114982128000008,7.702854156000001],[7.126952647999985,7.711951732999978],[7.136528968999983,7.715782165999997],[7.148020744000007,7.725358963000019],[7.160470008999994,7.741159916000015],[7.176750183000024,7.762707233000015],[7.180580615999986,7.768453120999993],[7.197339535000026,7.78090238599998],[7.206437111000014,7.7847328189999985],[7.217450142000018,7.7885637279999855],[7.235166549999974,7.791436671999975],[7.249052525000025,7.7947883609999735],[7.261023045000002,7.79957675899999],[7.274909019000006,7.802928447999989],[7.287837505000027,7.804843425999991],[7.2974138260000245,7.811547279000024],[7.314651489000028,7.820166110999992],[7.322312832000023,7.823517799000001],[7.33476209600002,7.832136631000026],[7.346732615999997,7.841712952000023],[7.349126816000023,7.846980094999992],[7.3472113610000065,7.859908581000013],[7.346253871999977,7.87475204499998],[7.350563049000016,7.900129794999998],[7.358703135999974,7.914015292999977],[7.371152877999975,7.926943778999998],[7.377856254999983,7.935562611000023],[7.385038376000011,7.948969841000007],[7.389826775000017,7.9609403609999845],[7.396530150999979,7.974826335999978],[7.409458637,7.9896698000000015],[7.418077469000025,8.007386208000014],[7.424780845999976,8.014568328999985],[7.430526733000022,8.022708893000015],[7.445786952999981,8.044860840000013]]]},"properties":{"fid":446,"cty_nm":"Nigeria","iso3cd":"NGA","adm1nm":"Kogi","adm2nm":"Bassa","adm1cd":"NGA023","adm2cd":"NGA023004"}},{"type":"Feature","id":447,"geometry":{"type":"Polygon","coordinates":[[[7.483005047000006,7.507169246999979],[7.483605384999976,7.517968655000004],[7.476811408999993,7.539029120999999],[7.472055911999973,7.550578594000001],[7.466620922000004,7.5600895879999825],[7.4543924330000095,7.574356555999998],[7.453712940000003,7.588623046999999],[7.44963693599999,7.599493026999994],[7.447598457000026,7.607645511999976],[7.444201946000021,7.619874476999996],[7.440125464999994,7.630064963999985],[7.442842960000007,7.653842925999982],[7.443522453000014,7.6674299239999755],[7.442163467,7.687811375000024],[7.436728476999974,7.7000398640000185],[7.4285764690000065,7.717024326000001],[7.412271499999974,7.7367258070000275],[7.402081012999986,7.7618627549999815],[7.388493537999977,7.786999225999978],[7.383058548000008,7.791075706000015],[7.376944064999975,7.801266193000004],[7.366753577999987,7.811456679999992],[7.355204104999984,7.827082157000007],[7.349126816000023,7.846980094999992],[7.346732615999997,7.841712952000023],[7.33476209600002,7.832136631000026],[7.322312832000023,7.823517799000001],[7.314651489000028,7.820166110999992],[7.2974138260000245,7.811547279000024],[7.287837505000027,7.804843425999991],[7.274909019000006,7.802928447999989],[7.261023045000002,7.79957675899999],[7.249052525000025,7.7947883609999735],[7.235166549999974,7.791436671999975],[7.217450142000018,7.7885637279999855],[7.206437111000014,7.7847328189999985],[7.197339535000026,7.78090238599998],[7.180580615999986,7.768453120999993],[7.176750183000024,7.762707233000015],[7.160470008999994,7.741159916000015],[7.148020744000007,7.725358963000019],[7.136528968999983,7.715782165999997],[7.126952647999985,7.711951732999978],[7.114982128000008,7.702854156000001],[7.104447842000013,7.699023724000028],[7.084337233999975,7.696629524000002],[7.051777362999985,7.696150779999982],[7.033102988999985,7.695672034999973],[7.008683205000011,7.695192813999995],[7.001021862000016,7.695192813999995],[6.9895300869999915,7.688968181999996],[6.976601601000027,7.677955150999992],[6.972292422999999,7.671730518000004],[6.96941947900001,7.6631116870000255],[6.9612793919999945,7.658323764999977],[6.949308872000017,7.642522335000024],[6.938774586000022,7.6329460140000265],[6.9181852340000205,7.6272001269999805],[6.909087657999976,7.624327182999991],[6.876527785999997,7.620017528999995],[6.853544235000015,7.60900449799999],[6.841094494000004,7.60134363200001],[6.831996918000016,7.591288089999978],[6.825293541000008,7.58219051399999],[6.821463107999989,7.571177482999985],[6.820505142000002,7.562079906000008],[6.819068909000009,7.556812762999982],[6.820505142000002,7.553461074999973],[6.820026397999982,7.547236442999974],[6.81619596500002,7.53670215599999],[6.81619596500002,7.525210381000022],[6.812844276000021,7.515155315000015],[6.813323020999974,7.498875140999985],[6.814280510000003,7.475412845999983],[6.8157172200000105,7.464878558999999],[6.813199042999997,7.452984809999975],[6.818110943000022,7.451950549999992],[6.822899342000028,7.448598861999983],[6.827208996000024,7.4428529740000045],[6.832954884000003,7.439501285999995],[6.837264060999985,7.435191631000009],[6.8444466590000275,7.428488254999991],[6.84779834699998,7.425136565999992],[6.849234581000019,7.421784401000025],[6.863599299999976,7.41268682499998],[6.871260643000028,7.408856392000018],[6.877006531000006,7.410771846999978],[6.886104106999994,7.413165569],[6.897595882000019,7.413165569],[6.915791034999984,7.419390678000013],[6.927282810000008,7.415559769000026],[6.933986663999974,7.410292625000011],[6.943084240000019,7.41268682499998],[6.9545760149999865,7.4160385129999895],[6.964631080999993,7.414602279999997],[6.967025279999973,7.413165569],[6.975644111999998,7.413644791000024],[6.9828267099999834,7.416996478999977],[6.992881775000001,7.4160385129999895],[7.002937316999976,7.412208080000028],[7.014429092,7.41268682499998],[7.020653724999988,7.417475223999986],[7.0283145899999795,7.432797431999973],[7.029751300999976,7.445725917999994],[7.035975932999975,7.453386783999974],[7.045073509000019,7.465357304000008],[7.053692340999987,7.475412845999983],[7.069493770999998,7.483074187999989],[7.082900524000024,7.487383366000017],[7.091998577000027,7.484989165999991],[7.100138187000027,7.47780704500002],[7.1006174089999945,7.472539901999994],[7.1006174089999945,7.45913267100002],[7.099659443000007,7.450513839999985],[7.100138187000027,7.4428529740000045],[7.104447842000013,7.436628342000006],[7.103011131000017,7.42944574400002],[7.106842040999993,7.422263622000003],[7.1073207860000025,7.417475223999986],[7.113545418000001,7.411729336000008],[7.118812561000027,7.406462192999982],[7.125037193000026,7.3944916730000045],[7.1293468480000115,7.384436130999973],[7.132698536000021,7.375817299000005],[7.137486458000012,7.369592667000006],[7.144462109000017,7.3617563249999876],[7.148083209999982,7.3558306689999995],[7.164544105999994,7.351550578999991],[7.179687977000015,7.350892067000018],[7.19680738400001,7.350563049000016],[7.2086591720000115,7.351550578999991],[7.2132682800000225,7.351880074000007],[7.234667301000002,7.3640608790000215],[7.241580485999975,7.372620583000014],[7.246848106000016,7.383484839999994],[7.247835635999991,7.3907275199999845],[7.250140190000025,7.402249813000026],[7.253761768000004,7.4075174330000095],[7.273185253000008,7.412455559000023],[7.278452872999992,7.411468028999991],[7.283061981000003,7.409163475000014],[7.286024569999995,7.40685892099998],[7.295901298999979,7.404554367000003],[7.304460526000014,7.401262282999994],[7.307423592000021,7.398957729000017],[7.3140082360000065,7.399286747000019],[7.330139637000002,7.402579307999986],[7.337711334000005,7.401920795000024],[7.352526188000013,7.398628712000004],[7.360756396999989,7.397311687000013],[7.365036487999987,7.397640705000015],[7.368987082999979,7.399286747000019],[7.375900268999999,7.399945258999992],[7.386435509000023,7.399286747000019],[7.394336699999997,7.400274754000009],[7.407176017999973,7.3982992169999875],[7.415406227000005,7.39698267],[7.424953460999973,7.398957729000017],[7.435488700999997,7.399286747000019],[7.443718909999973,7.398957729000017],[7.450632572000018,7.399286747000019],[7.463800907000007,7.402249813000026],[7.474266528999976,7.4034881590000055],[7.475001812000016,7.406157969999981],[7.47416830100002,7.414495944999999],[7.4775033000000235,7.437008858000013],[7.479170798999974,7.44909858699998],[7.477920531999985,7.461605549000012],[7.478754044000027,7.477030753999998],[7.477920531999985,7.482450485000015],[7.4825062749999915,7.494540690999997],[7.482089519999988,7.503295422000008],[7.483005047000006,7.507169246999979]]]},"properties":{"fid":447,"cty_nm":"Nigeria","iso3cd":"NGA","adm1nm":"Kogi","adm2nm":"Dekina","adm1cd":"NGA023","adm2cd":"NGA023005"}},{"type":"Feature","id":448,"geometry":{"type":"Polygon","coordinates":[[[6.732390404,7.039344787999994],[6.730309009999985,7.039454460000002],[6.72142028799999,7.0427465440000105],[6.713848113999973,7.046038628000019],[6.709897517999991,7.0476846689999775],[6.70594692200001,7.048343181999996],[6.692778587000021,7.049001694000026],[6.6868524550000075,7.049989223000011],[6.68383550599998,7.051613808000013],[6.67725896799999,7.034075737000023],[6.67725896799999,7.008402348000004],[6.678328513999986,6.993426322999994],[6.679260253999985,6.972002506000024],[6.679398536999997,6.968822478999982],[6.672980309000025,6.935661315999994],[6.652655601999982,6.907848358000024],[6.646236896999994,6.885384559999977],[6.634469985999999,6.866129397999998],[6.621633529999997,6.841525554999976],[6.614145279000013,6.830828666999992],[6.610790253000005,6.822104931000013],[6.613770008000017,6.814801215999978],[6.615943909000009,6.809521198000027],[6.61759710299998,6.80658102000001],[6.620317935999992,6.800127982999982],[6.623661040999991,6.795996188999993],[6.623610020000001,6.793598175],[6.6235489850000135,6.790752887999986],[6.627364159000024,6.781950950999999],[6.629514217000008,6.775506973000006],[6.631689071999972,6.769058228000006],[6.628021717000024,6.748887539000009],[6.626187801000015,6.7314677240000265],[6.621603488999995,6.722299098999997],[6.61793613399999,6.704879284000015],[6.628021717000024,6.674623488999998],[6.652776241000026,6.634282111999994],[6.660110949999989,6.608610629999987],[6.661944865999999,6.572853565000003],[6.661944865999999,6.552682876999995],[6.6647009850000245,6.5323562620000075],[6.683923244000027,6.543120860999977],[6.717042923000008,6.550093650999997],[6.743190288999983,6.557501792999972],[6.764108180999983,6.563602924000008],[6.793305873999998,6.572318553999992],[6.808122635000018,6.5801625249999915],[6.808993815999997,6.598030090000009],[6.808993815999997,6.615897179000001],[6.805071831000021,6.636815071000001],[6.802893161999975,6.656425475999981],[6.800714015999972,6.669934749999982],[6.7989706989999945,6.679522038000016],[6.8002781870000035,6.693467139999996],[6.806379317999983,6.703054427999973],[6.819452763000015,6.712641716000007],[6.83383369400002,6.722229003999985],[6.842113494999978,6.73050880400001],[6.853008269999975,6.744453906999979],[6.8599810599999955,6.753170012999988],[6.868260860000021,6.755348681999976],[6.878283978000013,6.760578156000008],[6.883077620999984,6.768422604000023],[6.8848209380000185,6.772780418000025],[6.896804809999992,6.792390823000005],[6.912057399999981,6.80067062400002],[6.923388004000003,6.801978110999983],[6.931231975999992,6.788033009000003],[6.932072639000012,6.767693520000023],[6.939578056000016,6.773591042000021],[6.949030875999995,6.788558006000017],[6.952182293000021,6.8082518580000055],[6.952182293000021,6.827945709000005],[6.96081733699998,6.840898991000017],[6.961418152000022,6.848509788999991],[6.963064194000026,6.859703063999973],[6.962735176000024,6.871225357000014],[6.960759639999992,6.890978335999989],[6.962076663999994,6.897562504000007],[6.961418152000022,6.905793189999997],[6.96043062199999,6.914352416999975],[6.961418152000022,6.928838252999981],[6.957467555999983,6.934763907999979],[6.950883389000012,6.944311142000004],[6.942323685000019,6.953858376000028],[6.936068535000004,6.957479954000007],[6.925533771999994,6.963405609000006],[6.921912669999983,6.968014717000017],[6.919278621999979,6.971306801000026],[6.901830195999992,6.982171058999995],[6.894587516999991,6.987767695999992],[6.892612456999984,6.994351864000009],[6.89524602900002,6.998302459999991],[6.901830195999992,7.001265525999997],[6.905780791999973,7.006203651000021],[6.906439304000003,7.01245880099998],[6.901171684000019,7.016080379000016],[6.892612456999984,7.016080379000016],[6.886686325000028,7.015092373000016],[6.883394241000019,7.015092373000016],[6.872529983999982,7.022006035000004],[6.869237899999973,7.021677017000002],[6.8672628400000235,7.01673841500002],[6.8639702799999895,7.011471271999994],[6.853106498999978,7.0134463310000115],[6.846851349000019,7.0134463310000115],[6.8356580729999905,7.017067908999991],[6.816563605999988,7.021018504999972],[6.802078246999997,7.022664546999977],[6.791213989000028,7.024639605999994],[6.784629821999999,7.02760267299999],[6.77574062299999,7.0305657389999965],[6.767839432000017,7.033528805000003],[6.758292197999992,7.036491393999995],[6.7480864519999955,7.0381374359999995],[6.736564159000011,7.039125442999989],[6.732390404,7.039344787999994]]]},"properties":{"fid":448,"cty_nm":"Nigeria","iso3cd":"NGA","adm1nm":"Kogi","adm2nm":"Ibaji","adm1cd":"NGA023","adm2cd":"NGA023006"}},{"type":"Feature","id":449,"geometry":{"type":"Polygon","coordinates":[[[6.732390404,7.039344787999994],[6.732613564000019,7.046038628000019],[6.733272075999992,7.048672676000024],[6.734259604999977,7.0522937769999885],[6.732284546000017,7.058548927000004],[6.733601093000004,7.063158035000015],[6.732284546000017,7.069083691000003],[6.732284546000017,7.07237625099998],[6.735247135000009,7.080935478000015],[6.7355766300000255,7.085874080999986],[6.736235141999998,7.088178158000005],[6.740514754999992,7.093775272000016],[6.744465350999974,7.096737861999998],[6.74709892300001,7.101346970000009],[6.747757434999983,7.105626583000003],[6.7474284169999805,7.109906673000012],[6.744465350999974,7.115503310999998],[6.741502285000024,7.119453906999979],[6.728991984999993,7.121758461000013],[6.720103263999988,7.12373352100002],[6.7157688140000005,7.1228213310000115],[6.7157688140000005,7.12072324799999],[6.711490153999989,7.104677200000026],[6.690095424999981,7.068306923000023],[6.68383550599998,7.051613808000013],[6.6868524550000075,7.049989223000011],[6.692778587000021,7.049001694000026],[6.70594692200001,7.048343181999996],[6.709897517999991,7.0476846689999775],[6.713848113999973,7.046038628000019],[6.72142028799999,7.0427465440000105],[6.730309009999985,7.039454460000002],[6.732390404,7.039344787999994]]]},"properties":{"fid":449,"cty_nm":"Nigeria","iso3cd":"NGA","adm1nm":"Kogi","adm2nm":"Idah","adm1cd":"NGA023","adm2cd":"NGA023007"}},{"type":"Feature","id":450,"geometry":{"type":"Polygon","coordinates":[[[7.307423592000021,7.183321476000003],[7.298863888000028,7.183321476000003],[7.286683083000014,7.182004929000016],[7.268905640000014,7.182992458000001],[7.263967036999986,7.183979987999976],[7.2511277199999995,7.191222668000023],[7.237959385000011,7.20965910000001],[7.2333502769999996,7.2139387130000046],[7.2211694719999855,7.22743654300001],[7.2165603639999745,7.2317161560000045],[7.213926314999981,7.235008240000013],[7.202404021999996,7.238958835999995],[7.189564705000009,7.241263389999972],[7.17804193500001,7.240605354000024],[7.165531634999979,7.239617348000024],[7.154009341999995,7.238629817999993],[7.146766662999994,7.238629817999993],[7.140840529999991,7.23830079999999],[7.136889934999999,7.239288330000022],[7.132610321000016,7.239617348000024],[7.125037193000026,7.240788936999991],[7.121206760000007,7.241268158000025],[7.113545418000001,7.241268158000025],[7.104447842000013,7.244141102000015],[7.099180697999998,7.247014046000004],[7.095829009999989,7.245577335000007],[7.091519355999992,7.247492790000024],[7.087688922999973,7.2484502789999965],[7.084815978999984,7.2484502789999965],[7.076675892000026,7.252280712000015],[7.0718879699999775,7.253238678000002],[7.064705371999992,7.252759932999993],[7.051298141000018,7.261857510000027],[7.047946453000009,7.263772487999972],[7.04411601999999,7.25994205500001],[7.043158531000017,7.2484502789999965],[7.045552253999972,7.241268158000025],[7.04411601999999,7.236001014999999],[7.042679309999983,7.224030495000022],[7.041243076000001,7.217326641],[7.037412642999982,7.211102009000001],[7.031666755999993,7.205834865999975],[7.019695759000001,7.201525688000004],[7.009161948999974,7.200088977999997],[6.998148918000027,7.199131489000024],[6.9900088310000115,7.1948218350000275],[6.9833054540000035,7.1948218350000275],[6.972771168000008,7.1948218350000275],[6.962716102999991,7.1948218350000275],[6.949308872000017,7.192428112000016],[6.942605495000009,7.193385600999989],[6.940403461000017,7.194247245999975],[6.931592464000005,7.197694778000027],[6.928719521000005,7.199131489000024],[6.9181852340000205,7.199610232999987],[6.912439345999985,7.203440666000006],[6.90190505999999,7.208707808999975],[6.890413283999976,7.217805386000009],[6.87556982000001,7.224987983999995],[6.864078044999985,7.229776382000011],[6.8444466590000275,7.23552226999999],[6.8391795160000015,7.235043049000012],[6.827687739999988,7.242225646999998],[6.8171534539999925,7.245577335000007],[6.811886311000023,7.24653482399998],[6.807577132999995,7.247014046000004],[6.7960853580000276,7.254674910999995],[6.790818214000012,7.261378765000018],[6.776453494999998,7.273349284999995],[6.770228863,7.280531406000023],[6.764961719999974,7.288192749000018],[6.752991199000007,7.289628983],[6.746766567000009,7.2886714940000275],[6.7438936230000195,7.2819681170000194],[6.7438936230000195,7.273828030000004],[6.741499423999983,7.264251709000007],[6.739105225000003,7.258984565999981],[6.737189769999986,7.245577335000007],[6.736232281000014,7.234564304000003],[6.729528904000006,7.224509238999985],[6.72234630600002,7.21397495299999],[6.719473361999974,7.206313609999995],[6.718515873000001,7.1948218350000275],[6.714206219000005,7.186682223999981],[6.710375785999986,7.175669192999976],[6.7034301759999835,7.170575618999976],[6.7072110180000095,7.159233093000012],[6.711490153999989,7.148535728000013],[6.7157688140000005,7.135699272000011],[6.7157688140000005,7.1228213310000115],[6.720103263999988,7.12373352100002],[6.728991984999993,7.121758461000013],[6.741502285000024,7.119453906999979],[6.744465350999974,7.115503310999998],[6.7474284169999805,7.109906673000012],[6.747757434999983,7.105626583000003],[6.74709892300001,7.101346970000009],[6.744465350999974,7.096737861999998],[6.740514754999992,7.093775272000016],[6.736235141999998,7.088178158000005],[6.7355766300000255,7.085874080999986],[6.735247135000009,7.080935478000015],[6.732284546000017,7.07237625099998],[6.732284546000017,7.069083691000003],[6.733601093000004,7.063158035000015],[6.732284546000017,7.058548927000004],[6.734259604999977,7.0522937769999885],[6.733272075999992,7.048672676000024],[6.732613564000019,7.046038628000019],[6.732390404,7.039344787999994],[6.736564159000011,7.039125442999989],[6.7480864519999955,7.0381374359999995],[6.758292197999992,7.036491393999995],[6.767839432000017,7.033528805000003],[6.77574062299999,7.0305657389999965],[6.784629821999999,7.02760267299999],[6.791213989000028,7.024639605999994],[6.802078246999997,7.022664546999977],[6.816563605999988,7.021018504999972],[6.8356580729999905,7.017067908999991],[6.846851349000019,7.0134463310000115],[6.853106498999978,7.0134463310000115],[6.8639702799999895,7.011471271999994],[6.8672628400000235,7.01673841500002],[6.869237899999973,7.021677017000002],[6.872529983999982,7.022006035000004],[6.883394241000019,7.015092373000016],[6.886686325000028,7.015092373000016],[6.892612456999984,7.016080379000016],[6.901171684000019,7.016080379000016],[6.906439304000003,7.01245880099998],[6.905780791999973,7.006203651000021],[6.901830195999992,7.001265525999997],[6.89524602900002,6.998302459999991],[6.892612456999984,6.994351864000009],[6.894587516999991,6.987767695999992],[6.901830195999992,6.982171058999995],[6.919278621999979,6.971306801000026],[6.921912669999983,6.968014717000017],[6.925533771999994,6.963405609000006],[6.936068535000004,6.957479954000007],[6.942323685000019,6.953858376000028],[6.950883389000012,6.944311142000004],[6.957467555999983,6.934763907999979],[6.961418152000022,6.928838252999981],[6.96043062199999,6.914352416999975],[6.961418152000022,6.905793189999997],[6.962076663999994,6.897562504000007],[6.960759639999992,6.890978335999989],[6.962735176000024,6.871225357000014],[6.963064194000026,6.859703063999973],[6.961418152000022,6.848509788999991],[6.96081733699998,6.840898991000017],[6.963210582999977,6.844488620999982],[6.9781780239999875,6.850002765999989],[6.986843109000006,6.844488620999982],[6.989994525999975,6.833460331000026],[6.989994525999975,6.823219299000016],[6.987630844000023,6.812978745000009],[6.986843109000006,6.806676388000028],[6.985267639000028,6.798799038000027],[6.986055373999989,6.788558006000017],[6.990782260999993,6.785407066000005],[7.004961491000017,6.785407066000005],[7.020716666999988,6.789345740999977],[7.030169963999981,6.785407066000005],[7.041985989000011,6.78304386100001],[7.055377959999987,6.786194801000022],[7.060104369999976,6.794860362999998],[7.074284077000016,6.798799038000027],[7.081373692,6.800374508000004],[7.093190192999998,6.819280623999987],[7.101067542999999,6.828733444000022],[7.112884044999987,6.837399005999998],[7.119973660000028,6.848427296000011],[7.134153366000021,6.854729652000003],[7.146757603000026,6.864182471999982],[7.152271747999976,6.8759989740000265],[7.1562104230000045,6.88308858900001],[7.170390128999998,6.883876324000028],[7.175904274000004,6.896480559999986],[7.187720775999992,6.901206969999976],[7.2098879810000085,6.90281915700001],[7.219230652000022,6.905933380000022],[7.234985827999992,6.910660267000026],[7.238136768000004,6.921688556999982],[7.242863655000008,6.927990437000005],[7.238924503000021,6.941382407999981],[7.238136768000004,6.957925320000015],[7.2412881849999735,6.971317290999991],[7.257830619999993,6.980770111000027],[7.293279648000009,6.994162082999992],[7.310143948000018,7.003999710000016],[7.312185763999992,7.0051903720000155],[7.327153205999991,7.024096488999987],[7.353936671999975,7.034337520999998],[7.366837024999995,7.039865970999983],[7.368657589000009,7.050318718000028],[7.368657589000009,7.0569028849999995],[7.365365505,7.068754673000001],[7.360756396999989,7.080935478000015],[7.353843212000015,7.088178158000005],[7.347588062,7.092787266000016],[7.337382316999992,7.096079350000025],[7.327176570999995,7.100359439999977],[7.313020229000017,7.102005481999981],[7.292938231999983,7.105626583000003],[7.288987636999991,7.10858964900001],[7.284708023000007,7.112540244999991],[7.283720016000018,7.116161823000027],[7.285366058000022,7.122087479000015],[7.288000107000016,7.126696587000026],[7.290304660999993,7.1352562899999725],[7.291950702999998,7.144145012000024],[7.293267249999985,7.148754119999978],[7.295571804000019,7.154679774999977],[7.297217846000024,7.16060590699999],[7.298205853000013,7.165215015000001],[7.301497935999976,7.173115730000006],[7.307423592000021,7.183321476000003]]]},"properties":{"fid":450,"cty_nm":"Nigeria","iso3cd":"NGA","adm1nm":"Kogi","adm2nm":"Igalamela-Odolu","adm1cd":"NGA023","adm2cd":"NGA023008"}},{"type":"Feature","id":451,"geometry":{"type":"Polygon","coordinates":[[[6.12269926099998,7.678083897000022],[6.117819309000026,7.686217307999982],[6.107246399000019,7.695163250000007],[6.098299979999979,7.7049231529999815],[6.096673489000011,7.710616112000025],[6.094233513000006,7.717936038999994],[6.087727070000028,7.732575417000021],[6.0836606029999984,7.744774817999996],[6.076341151999998,7.754534245000002],[6.070647716999986,7.765920639000001],[6.064954757999999,7.773240089000012],[6.057634829999984,7.784626484],[6.0462489129999994,7.800079346000018],[6.041368960999989,7.802519320999977],[6.036489010000025,7.814718722999999],[6.0291695590000245,7.8228516579999905],[6.021849631999999,7.840744495000024],[6.0283560749999765,7.852943896999989],[6.035676002999992,7.867583275000015],[6.0389289859999735,7.8765296939999985],[6.05112886400002,7.899302006000028],[6.056008339000016,7.918007851000027],[6.054381847000002,7.930207252999992],[6.057634829999984,7.939967154999977],[6.061701775000017,7.958672999999976],[6.06576824199999,7.969245910999973],[6.06983470900002,7.987951755999973],[6.076341151999998,8.00259113300001],[6.079594134999979,8.012351035999984],[6.0771541600000205,8.023736954000015],[6.0755276680000065,8.041629790999991],[6.0665812490000235,8.056268692000003],[6.063328265999985,8.067655563000017],[6.056008339000016,8.084734916999992],[6.05112886400002,8.096934319000013],[6.042182446000027,8.11645317099999],[6.0381159780000075,8.12865257300001],[6.0291695590000245,8.144918442000005],[6.027144909000015,8.154537200999982],[6.024289608000004,8.153864860999988],[6.016970157999992,8.148172379000016],[6.010463715000014,8.145731925999996],[6.003143786999999,8.141665459000023],[5.998264312999993,8.139225959999976],[5.990944386000024,8.135159492000014],[5.988504410000019,8.129466057000002],[5.9860644340000135,8.122960090999982],[5.983624458000008,8.115639686999998],[5.977118491999988,8.106693268000015],[5.971425055999987,8.104253769000024],[5.957599162999998,8.096120833999976],[5.9486527440000145,8.084734916999992],[5.943772792999994,8.070095062000007],[5.938893317999998,8.061148643000024],[5.934013366999977,8.055455208000012],[5.929946899000015,8.04732227300002],[5.920186995999984,8.031869888000017],[5.9120540619999815,8.011537551999993],[5.907987595000009,7.999338150000028],[5.896601676999978,7.9863252640000155],[5.890908240999977,7.981445312000005],[5.8860287670000275,7.970872401999998],[5.873828887999991,7.95541953999998],[5.8656959529999995,7.94566011400002],[5.860002995000002,7.9391536709999855],[5.85187006000001,7.933460711999999],[5.843737125000018,7.927767276999987],[5.834894657000007,7.923977852000007],[5.8323507310000196,7.922887801999991],[5.82828426399999,7.916381359000013],[5.826657771999976,7.904994965000014],[5.820151328999998,7.8960485459999745],[5.811204910000015,7.888729094999974],[5.8014454839999985,7.878969192999989],[5.789245605000019,7.861890315999972],[5.779486179000003,7.854570389000003],[5.770539761000009,7.843997478000006],[5.759966850000012,7.834238051999989],[5.751020907999987,7.829358101000025],[5.738821029999997,7.825291633999996],[5.737289428999986,7.821079253999983],[5.741160392999973,7.812342166999997],[5.746031760999983,7.805034637000006],[5.7557749750000085,7.795639515000005],[5.76795387300001,7.787636280000015],[5.791615486000012,7.782068729000002],[5.773028373999978,7.747318744999973],[5.7802419660000055,7.745772838999983],[5.801024437000024,7.733303546999991],[5.816439151999987,7.727849006999975],[5.819413661999988,7.731224537000003],[5.822185040000022,7.733086586000013],[5.827743053000006,7.734040736999987],[5.832389354999975,7.732220172999973],[5.837035178999997,7.730399132000002],[5.842608451999979,7.728582859000028],[5.850026130999993,7.728624344000025],[5.857433318999995,7.730512142000009],[5.864830016999974,7.734246254000027],[5.870383263000008,7.7361240390000034],[5.876858233999997,7.738929749000022],[5.883337975000018,7.740812301999995],[5.889812946000006,7.743618487999981],[5.89814710600001,7.745511532000023],[5.9036998749999725,7.747388839999985],[5.908330917000001,7.748338223000019],[5.914815902999976,7.749297141999989],[5.919446945000004,7.750246048000008],[5.921306609999988,7.749332905000017],[5.928739070999995,7.746604443000024],[5.93060398099999,7.7447681429999875],[5.93062448500001,7.741074561999994],[5.929718018000017,7.7373762130000046],[5.927884102000007,7.733672141999989],[5.926039695999975,7.73181533799999],[5.925133227999993,7.728116989],[5.923309802999995,7.722566604999997],[5.922403336000002,7.7188682560000075],[5.921491145999994,7.716093063000017],[5.922439097999984,7.712404728000024],[5.923391819000017,7.707793235999986],[5.927141666000011,7.700427531999992],[5.929021835000015,7.695821285000022],[5.929975033000005,7.691209316000027],[5.93189096499998,7.680139542000006],[5.933786392000002,7.6727633479999895],[5.935671329000002,7.667233467000017],[5.936639786000001,7.659852027999989],[5.937628269000015,7.648777008000025],[5.940000533999978,7.645110129999978],[5.944175243000018,7.638656615999992],[5.947909354999979,7.634060383000019],[5.9544563289999815,7.623939514000028],[5.957258701000001,7.620261669000001],[5.960998534999987,7.614742278999984],[5.964732647000005,7.610146046000011],[5.968466759000023,7.6055498119999925],[5.969409466000002,7.602785587000028],[5.972216606000018,7.5981841089999875],[5.975945949999982,7.594511032000014],[5.97876358000002,7.588063239999997],[5.98157596599998,7.582538605000025],[5.984383105999996,7.577937603000009],[5.987190723000026,7.5733361239999795],[5.990930079999998,7.567816734000019],[5.996539116000008,7.559537411000008],[5.998419762000026,7.554931163999981],[6.000304699000026,7.549401283000009],[6.001267910000024,7.542943477999984],[6.0040903089999915,7.5355720520000204],[6.004125595000005,7.529235840000013],[6.012996197000007,7.533405780999999],[6.017077922999988,7.538619041000004],[6.0211682319999795,7.54441499699999],[6.023499012000002,7.547309874999996],[6.022953986999994,7.549645901000019],[6.024734019999983,7.554296017000013],[6.025364876000026,7.558952808000015],[6.026548862000027,7.561859131000006],[6.028888225999992,7.565337181000018],[6.0329561230000195,7.5693840980000004],[6.0358619689999955,7.572275161999983],[6.040482998000016,7.574569225000005],[6.0433878900000195,7.577459811999972],[6.048503875999984,7.580123900999979],[6.098731041000008,7.588197230999981],[6.099113464000027,7.594314097999984],[6.104806423000014,7.605700492999972],[6.104806423000014,7.614646434999997],[6.10805988300001,7.621966362000023],[6.115379333000021,7.634979247999979],[6.121885776999989,7.647178650000001],[6.121072292000008,7.669950961999973],[6.12269926099998,7.678083897000022]]]},"properties":{"fid":451,"cty_nm":"Nigeria","iso3cd":"NGA","adm1nm":"Kogi","adm2nm":"Ijumu","adm1cd":"NGA023","adm2cd":"NGA023009"}},{"type":"Feature","id":452,"geometry":{"type":"Polygon","coordinates":[[[6.315334796999991,7.833265781000023],[6.3233318329999975,7.843444347000002],[6.3233318329999975,7.855394363000016],[6.325170517000004,7.875617981000005],[6.324251174999972,7.887567997000019],[6.327008723999995,7.894002913999998],[6.329766749999976,7.903195380999989],[6.327008723999995,7.916064738999978],[6.319654942,7.928934097000024],[6.308623791000002,7.939965248000021],[6.301270008000017,7.941803455000013],[6.293915749000007,7.943642139000019],[6.292996883000001,7.953753947999985],[6.287481307999997,7.961107731000027],[6.280127047999997,7.964784622000025],[6.270015716999978,7.969380855999987],[6.2599039080000125,7.980412005999995],[6.248872757000015,7.996958732999985],[6.243357182000011,8.010746955999991],[6.242438316000005,8.020858765000014],[6.241518973999973,8.033728600000018],[6.2378420829999754,8.038324355999976],[6.230487822999976,8.045678139000017],[6.22773027400001,8.05211353300001],[6.220376014999999,8.068659781999997],[6.221295356999974,8.076013564999982],[6.226810931999978,8.080610275000026],[6.22773027400001,8.087964058000011],[6.229568481000001,8.095317840999996],[6.238760947999992,8.099914550999983],[6.251630782999996,8.100833893000015],[6.268177031999983,8.099914550999983],[6.286561966000022,8.095317840999996],[6.294835090999982,8.087964058000011],[6.311381816999983,8.075094223000008],[6.329766749999976,8.061306000000002],[6.338959217000024,8.042001723999988],[6.3490705489999755,8.033728600000018],[6.360101699999973,8.027293204999978],[6.365617274999977,8.019020081000008],[6.377567290999991,8.007989882999993],[6.387679100000014,8.001554489],[6.403306483999984,7.976735114999997],[6.410660267000026,7.96846198999998],[6.418933391999985,7.961107731000027],[6.430883884000025,7.9546732900000166],[6.444672584999978,7.945480824000015],[6.456622600999992,7.939965248000021],[6.4639768600000025,7.942722796999988],[6.468573092999975,7.947319031000006],[6.468573092999975,7.955592154999977],[6.466734409000026,7.967542648000006],[6.462138175999996,7.975815773000022],[6.463057518000028,7.993281363999984],[6.4639768600000025,8.006151198999987],[6.451107024999999,8.023616790999995],[6.4455919270000095,8.035567284000024],[6.447430134000001,8.049355506999973],[6.447430134000001,8.063144684000008],[6.452945709000005,8.076932907000014],[6.457541943000024,8.093479156],[6.470411301000013,8.110944748000009],[6.479603767000015,8.125653267000018],[6.4842000009999765,8.136684418000016],[6.491554259999987,8.144957541999986],[6.496150494000005,8.163342476000025],[6.491554259999987,8.177130698999974],[6.486958027000014,8.188161849999972],[6.481442451000021,8.19735431700002],[6.473169326999994,8.217577934000019],[6.461218834000022,8.229528426999991],[6.450188159999982,8.242397308000022],[6.443753242000014,8.254347800999994],[6.434560776000012,8.266298294000023],[6.424448966999989,8.28284454300001],[6.412498950999975,8.299390792999986],[6.403306483999984,8.313179970000022],[6.399629592999986,8.322372437000013],[6.395952224999974,8.328806876999977],[6.390437125999995,8.335241317999987],[6.385840893000022,8.340757370000006],[6.378486633000023,8.349949836999997],[6.366536617000008,8.360980034000022],[6.360101699999973,8.364657401999978],[6.3545861239999795,8.373849869000026],[6.346313000000009,8.386719703999972],[6.326089382000021,8.403265953000016],[6.314139366000006,8.412458420000007],[6.300350665999986,8.42808532700002],[6.268177031999983,8.449228286999983],[6.241518973999973,8.459340096000005],[6.214860439000006,8.46393585200002],[6.192798615000015,8.464855193999995],[6.179009914000005,8.459340096000005],[6.163383006999993,8.451066970999989],[6.1376438140000005,8.444631576999996],[6.113124846999995,8.441468239000017],[6.111312865999992,8.431200981000018],[6.097486973000002,8.414121627999975],[6.082657814000015,8.401763915999993],[6.0820341109999845,8.390535354999997],[6.078780650999988,8.377522468999985],[6.077967644000012,8.369389533999993],[6.079594134999979,8.36369705200002],[6.087030411000001,8.354029654999977],[6.086100578000014,8.343363762000024],[6.089353560999996,8.336857796000004],[6.089353560999996,8.329538345000003],[6.089353560999996,8.324658393999982],[6.085287094000023,8.307579040999997],[6.0836606029999984,8.301072121000004],[6.0771541600000205,8.292126655999994],[6.073087692000001,8.28236675300002],[6.070647716999986,8.275047302000019],[6.068207740999981,8.268540382000026],[6.0665812490000235,8.264473914999996],[6.0665812490000235,8.259593963999976],[6.071461200999977,8.24495506300002],[6.073087692000001,8.232755660999999],[6.073087692000001,8.227875709999978],[6.063328265999985,8.220555305000005],[6.0551953319999825,8.210796356000003],[6.0551953319999825,8.192903519000026],[6.058448315000021,8.181517600999996],[6.068207740999981,8.167691230999992],[6.071461200999977,8.162811278999982],[6.064141273000018,8.159558296],[6.058448315000021,8.159558296],[6.048688889000005,8.160371779999991],[6.0381159780000075,8.157117844000027],[6.027144909000015,8.154537200999982],[6.0291695590000245,8.144918442000005],[6.0381159780000075,8.12865257300001],[6.042182446000027,8.11645317099999],[6.05112886400002,8.096934319000013],[6.056008339000016,8.084734916999992],[6.063328265999985,8.067655563000017],[6.0665812490000235,8.056268692000003],[6.0755276680000065,8.041629790999991],[6.0771541600000205,8.023736954000015],[6.079594134999979,8.012351035999984],[6.076341151999998,8.00259113300001],[6.06983470900002,7.987951755999973],[6.06576824199999,7.969245910999973],[6.061701775000017,7.958672999999976],[6.057634829999984,7.939967154999977],[6.054381847000002,7.930207252999992],[6.056008339000016,7.918007851000027],[6.05112886400002,7.899302006000028],[6.0389289859999735,7.8765296939999985],[6.035676002999992,7.867583275000015],[6.0283560749999765,7.852943896999989],[6.021849631999999,7.840744495000024],[6.0291695590000245,7.8228516579999905],[6.036489010000025,7.814718722999999],[6.041368960999989,7.802519320999977],[6.0462489129999994,7.800079346000018],[6.057634829999984,7.784626484],[6.064954757999999,7.773240089000012],[6.070647716999986,7.765920639000001],[6.076341151999998,7.754534245000002],[6.0836606029999984,7.744774817999996],[6.087727070000028,7.732575417000021],[6.094233513000006,7.717936038999994],[6.096673489000011,7.710616112000025],[6.098299979999979,7.7049231529999815],[6.107246399000019,7.695163250000007],[6.117819309000026,7.686217307999982],[6.12269926099998,7.678083897000022],[6.127532004999978,7.683495044999972],[6.133047581000028,7.692687510999974],[6.151432514000021,7.700961113000005],[6.159705638999981,7.705557345999978],[6.172575473999984,7.714749813000026],[6.186364174000005,7.718426704000024],[6.203829765000023,7.720264912000005],[6.222214699000006,7.719346045999998],[6.23416471500002,7.718426704000024],[6.244276523999986,7.71291112900002],[6.258984565999981,7.706476211999984],[6.268177031999983,7.706476211999984],[6.270015716999978,7.716588020000017],[6.271853924000027,7.729457378000006],[6.269096375000004,7.745084763000023],[6.268177031999983,7.753357886999993],[6.269096375000004,7.763469696000016],[6.269096375000004,7.775419711999973],[6.268177031999983,7.782773971999973],[6.271853924000027,7.7919664379999745],[6.277369498999974,7.8011589050000225],[6.294835090999982,7.8140282630000115],[6.300350665999986,7.822301388000028],[6.313220023999975,7.830574989000013],[6.315334796999991,7.833265781000023]]]},"properties":{"fid":452,"cty_nm":"Nigeria","iso3cd":"NGA","adm1nm":"Kogi","adm2nm":"Kabba/Bunu","adm1cd":"NGA023","adm2cd":"NGA023010"}},{"type":"Feature","id":453,"geometry":{"type":"Polygon","coordinates":[[[6.963587760999985,7.879294872000003],[6.9626684190000105,7.887567997000019],[6.959910392999973,7.89676046400001],[6.954395293999994,7.905033587999981],[6.952556609999988,7.917903422999984],[6.957152843000017,7.929853438999999],[6.960829735000004,7.942722796999988],[6.963587760999985,7.960188388999995],[6.978295326000023,7.985927581999988],[6.979214667999997,8.000635147000025],[6.972780227999976,8.019939422999983],[6.970941544000027,8.030051231000016],[6.977376461000006,8.050274849000004],[6.987028598999984,8.077852248999989],[6.987028598999984,8.092559814000026],[6.983351230999972,8.115541457999996],[6.997139930999992,8.153230667000003],[7.002655505999996,8.167018890000008],[7.000817299000005,8.181727409000018],[6.992543696999974,8.195515633000014],[6.979674338999985,8.211143493999998],[6.972320556999989,8.224931717000004],[6.970481872999983,8.245155334000003],[6.9649662969999895,8.265378951999992],[6.9594507219999855,8.275490761000015],[6.953016280999975,8.283763884999985],[6.941065788000003,8.292956351999976],[6.934631347999982,8.301229476999993],[6.934631347999982,8.310421943999984],[6.941985129999978,8.322372437000013],[6.951177597000026,8.346272468999985],[6.955773829999998,8.359142302999999],[6.9576125140000045,8.374769211],[6.969562531000008,8.391315459999987],[6.984174728000028,8.459377288999974],[6.827889918999972,8.45755004900002],[6.827260970999987,8.45251846299999],[6.824781417999986,8.432682037000006],[6.832135201000028,8.425327300999982],[6.832135201000028,8.417054176000022],[6.824781417999986,8.40418529499999],[6.833054543000003,8.40142726900001],[6.837650775999975,8.396831512000006],[6.836731434000001,8.391315459999987],[6.832135201000028,8.386719703999972],[6.8275389670000095,8.379364967000015],[6.826619624999978,8.374769211],[6.82294273399998,8.367415428000015],[6.8146696090000205,8.356384277000018],[6.810992718000023,8.351787566999974],[6.80731535000001,8.342595099999983],[6.801800250999975,8.338918686],[6.790769099999977,8.330645560999983],[6.77973794899998,8.331564903000015],[6.772384166999984,8.335241317999987],[6.770545482999978,8.330645560999983],[6.769626616999972,8.31777572599998],[6.766868590999991,8.308583259999978],[6.760434151000027,8.305825233000007],[6.751241207000021,8.304905890999976],[6.7494029999999725,8.299390792999986],[6.761353015999987,8.292956351999976],[6.763191699999993,8.281925200999979],[6.761353015999987,8.272732734999977],[6.755837917000008,8.268136024],[6.7494029999999725,8.263540267999986],[6.743887423999979,8.265378951999992],[6.730098724000015,8.283763884999985],[6.719986915999982,8.274571418999983],[6.721825599999988,8.258943557999999],[6.724583149000011,8.249751091000007],[6.718148708000001,8.243316649999997],[6.714471339999989,8.229528426999991],[6.712633132999997,8.201951027000007],[6.699763775000008,8.189081192000003],[6.691258430000005,8.183006287000012],[6.700223445999995,8.164261818],[6.70757722899998,8.14955329899999],[6.717689037000014,8.133007050000003],[6.729639053000028,8.121056556999974],[6.745266437999987,8.101752281000017],[6.761812686999974,8.088883399999986],[6.7792782779999925,8.044759750000026],[6.7792782779999925,8.025455475000001],[6.777440071000001,7.997877598000002],[6.778359412999976,7.990523815000017],[6.782955646999994,7.967542648000006],[6.784793853999986,7.953753947999985],[6.79030942899999,7.9362883570000236],[6.792148112999996,7.915145397000003],[6.79030942899999,7.885729790000028],[6.784793853999986,7.863667487999976],[6.77468204500002,7.829655646999981],[6.769437789999984,7.8004360200000065],[6.788011551000011,7.811270713999988],[6.799042224999994,7.823220730000003],[6.825700283000003,7.8333325390000255],[6.84960079199999,7.849878788000012],[6.883613109999999,7.8572330470000225],[6.916706084999987,7.8645868300000075],[6.963587760999985,7.879294872000003]]]},"properties":{"fid":453,"cty_nm":"Nigeria","iso3cd":"NGA","adm1nm":"Kogi","adm2nm":"Kogi","adm1cd":"NGA023","adm2cd":"NGA023011"}},{"type":"Feature","id":454,"geometry":{"type":"Polygon","coordinates":[[[6.3840966220000155,8.644262314000002],[6.379865645999985,8.648704528999986],[6.375269413000012,8.66157436399999],[6.358722687000011,8.684555053999986],[6.343095779000009,8.69742488899999],[6.323791503999985,8.713051796000002],[6.302649020999979,8.727760315000012],[6.267717360999995,8.73879146600001],[6.246574878999979,8.73879146600001],[6.2245125769999845,8.735114097999997],[6.208536148000007,8.732375144999992],[6.183696746999999,8.686576843000012],[6.169870376999995,8.662991524000006],[6.162550925999994,8.637779235999972],[6.154417991999992,8.617446899000015],[6.147911549000014,8.596301079],[6.139778614000022,8.580847740000024],[6.133272170999987,8.567834854000012],[6.125139235999995,8.55563545199999],[6.123512268000013,8.538556099000004],[6.1194458009999835,8.51090431199998],[6.117005824999978,8.483251571999972],[6.113752841999997,8.461293221000005],[6.113752841999997,8.445026397999982],[6.113124846999995,8.441468239000017],[6.1376438140000005,8.444631576999996],[6.163383006999993,8.451066970999989],[6.179009914000005,8.459340096000005],[6.192798615000015,8.464855193999995],[6.214860439000006,8.46393585200002],[6.241518973999973,8.459340096000005],[6.268177031999983,8.449228286999983],[6.300350665999986,8.42808532700002],[6.314139366000006,8.412458420000007],[6.326089382000021,8.403265953000016],[6.346313000000009,8.386719703999972],[6.3545861239999795,8.373849869000026],[6.360101699999973,8.364657401999978],[6.366536617000008,8.360980034000022],[6.378486633000023,8.349949836999997],[6.385840893000022,8.340757370000006],[6.390437125999995,8.335241317999987],[6.395952224999974,8.328806876999977],[6.399629592999986,8.322372437000013],[6.403306483999984,8.313179970000022],[6.412498950999975,8.299390792999986],[6.424448966999989,8.28284454300001],[6.434560776000012,8.266298294000023],[6.443753242000014,8.254347800999994],[6.450188159999982,8.242397308000022],[6.461218834000022,8.229528426999991],[6.473169326999994,8.217577934000019],[6.481442451000021,8.19735431700002],[6.486958027000014,8.188161849999972],[6.491554259999987,8.177130698999974],[6.496150494000005,8.163342476000025],[6.491554259999987,8.144957541999986],[6.4842000009999765,8.136684418000016],[6.479603767000015,8.125653267000018],[6.470411301000013,8.110944748000009],[6.457541943000024,8.093479156],[6.452945709000005,8.076932907000014],[6.447430134000001,8.063144684000008],[6.447430134000001,8.049355506999973],[6.4455919270000095,8.035567284000024],[6.451107024999999,8.023616790999995],[6.4639768600000025,8.006151198999987],[6.463057518000028,7.993281363999984],[6.462138175999996,7.975815773000022],[6.466734409000026,7.967542648000006],[6.468573092999975,7.955592154999977],[6.468573092999975,7.947319031000006],[6.4639768600000025,7.942722796999988],[6.456622600999992,7.939965248000021],[6.444672584999978,7.945480824000015],[6.430883884000025,7.9546732900000166],[6.418933391999985,7.961107731000027],[6.410660267000026,7.96846198999998],[6.403306483999984,7.976735114999997],[6.387679100000014,8.001554489],[6.377567290999991,8.007989882999993],[6.365617274999977,8.019020081000008],[6.360101699999973,8.027293204999978],[6.3490705489999755,8.033728600000018],[6.338959217000024,8.042001723999988],[6.329766749999976,8.061306000000002],[6.311381816999983,8.075094223000008],[6.294835090999982,8.087964058000011],[6.286561966000022,8.095317840999996],[6.268177031999983,8.099914550999983],[6.251630782999996,8.100833893000015],[6.238760947999992,8.099914550999983],[6.229568481000001,8.095317840999996],[6.22773027400001,8.087964058000011],[6.226810931999978,8.080610275000026],[6.221295356999974,8.076013564999982],[6.220376014999999,8.068659781999997],[6.22773027400001,8.05211353300001],[6.230487822999976,8.045678139000017],[6.2378420829999754,8.038324355999976],[6.241518973999973,8.033728600000018],[6.242438316000005,8.020858765000014],[6.243357182000011,8.010746955999991],[6.248872757000015,7.996958732999985],[6.2599039080000125,7.980412005999995],[6.270015716999978,7.969380855999987],[6.280127047999997,7.964784622000025],[6.287481307999997,7.961107731000027],[6.292996883000001,7.953753947999985],[6.293915749000007,7.943642139000019],[6.301270008000017,7.941803455000013],[6.308623791000002,7.939965248000021],[6.319654942,7.928934097000024],[6.327008723999995,7.916064738999978],[6.329766749999976,7.903195380999989],[6.327008723999995,7.894002913999998],[6.324251174999972,7.887567997000019],[6.325170517000004,7.875617981000005],[6.3233318329999975,7.855394363000016],[6.3233318329999975,7.843444347000002],[6.315334796999991,7.833265781000023],[6.324251174999972,7.827816962999975],[6.3362011909999865,7.818624495999984],[6.339878081999984,7.811270713999988],[6.344474316000003,7.807593345999976],[6.355505466000011,7.8085126880000075],[6.364697933000002,7.810351372000014],[6.373890399999993,7.810351372000014],[6.386759757999982,7.811270713999988],[6.400548458000003,7.819543839000005],[6.408822059999977,7.824140071999977],[6.424448966999989,7.8333325390000255],[6.433641433999981,7.843444347000002],[6.4455919270000095,7.854475020999985],[6.457541943000024,7.8572330470000225],[6.480523108999989,7.86090993900001],[6.496150494000005,7.869183064000026],[6.512696742999992,7.872859955000024],[6.529243468999994,7.878375530000028],[6.53751659400001,7.88297176399999],[6.546709061000001,7.887567997000019],[6.55957841899999,7.883891106000021],[6.5678515430000175,7.872859955000024],[6.570580958999983,7.869692326000006],[6.584398270000008,7.869183064000026],[6.602783203000001,7.8590712550000035],[6.61565256099999,7.856313704999991],[6.636795043999996,7.848959922999995],[6.653341769999997,7.848040581000021],[6.660695552999982,7.844363688999977],[6.670807362000005,7.834251881],[6.679080485999975,7.825059414000009],[6.691030979000004,7.815866947000018],[6.703900336999993,7.798400878999985],[6.7103347780000036,7.786450863000027],[6.714931010999976,7.780935286999977],[6.717689037000014,7.7735815049999815],[6.724123478000024,7.759792805000018],[6.749862671000017,7.734972954],[6.755282878999992,7.730327128999988],[6.758135795999976,7.752438545000018],[6.76824760400001,7.793804646000012],[6.769437789999984,7.8004360200000065],[6.77468204500002,7.829655646999981],[6.784793853999986,7.863667487999976],[6.79030942899999,7.885729790000028],[6.792148112999996,7.915145397000003],[6.79030942899999,7.9362883570000236],[6.784793853999986,7.953753947999985],[6.782955646999994,7.967542648000006],[6.778359412999976,7.990523815000017],[6.777440071000001,7.997877598000002],[6.7792782779999925,8.025455475000001],[6.7792782779999925,8.044759750000026],[6.761812686999974,8.088883399999986],[6.745266437999987,8.101752281000017],[6.729639053000028,8.121056556999974],[6.717689037000014,8.133007050000003],[6.70757722899998,8.14955329899999],[6.700223445999995,8.164261818],[6.691258430000005,8.183006287000012],[6.690111636999973,8.185403823999991],[6.688272953000023,8.201951027000007],[6.683676719999994,8.212981223999975],[6.67172670399998,8.22033596],[6.665291786000012,8.22677040100001],[6.657938004000016,8.235962868000001],[6.641391277000025,8.255267143000026],[6.631279468999992,8.27641010299999],[6.626683234999973,8.287440300000014],[6.613813876999984,8.299390792999986],[6.60829830199998,8.314098358000024],[6.599105834999989,8.32421016699999],[6.588075161000006,8.326048850999996],[6.57980203599999,8.330645560999983],[6.571528435000005,8.342595099999983],[6.5623359680000135,8.35362625099998],[6.551305293999974,8.369254112000021],[6.527404784999987,8.375688552999975],[6.512696742999992,8.398669242999972],[6.503504276000001,8.412458420000007],[6.481442451000021,8.427165984999988],[6.452945709000005,8.448308945000008],[6.449268818000007,8.459340096000005],[6.4391570089999846,8.49335193600001],[6.431343555000012,8.519090651999988],[6.424908637999977,8.549426079],[6.413877486999979,8.581600189000028],[6.408037186000001,8.603014945999973],[6.40560436200002,8.61193466200001],[6.398250580000024,8.629400252999972],[6.3840966220000155,8.644262314000002]]]},"properties":{"fid":454,"cty_nm":"Nigeria","iso3cd":"NGA","adm1nm":"Kogi","adm2nm":"Lokoja","adm1cd":"NGA023","adm2cd":"NGA023012"}},{"type":"Feature","id":455,"geometry":{"type":"Polygon","coordinates":[[[6.087030411000001,8.354029654999977],[6.062514781999994,8.35475063299998],[6.049501895999981,8.351496696000027],[6.027543068,8.344990730000006],[6.0088372230000004,8.334418297000013],[5.987691401999996,8.32303142500001],[5.962478637999993,8.313272476000009],[5.94702625299999,8.307579040999997],[5.935639858000002,8.305138587999977],[5.925066947999994,8.297819138000023],[5.912867545999973,8.288059234999992],[5.8925352100000055,8.278300285],[5.8762688639999965,8.270167350999998],[5.854310036000015,8.254714012000022],[5.843737125000018,8.236822127999972],[5.836417197999992,8.226248741000006],[5.826657771999976,8.223809242000016],[5.82340431199998,8.215676308000013],[5.818524836999984,8.202663422],[5.811204910000015,8.196156502000008],[5.797379017000026,8.179077147999976],[5.781112671000017,8.148984908999978],[5.770539761000009,8.12621307400002],[5.757526874999996,8.106693268000015],[5.755087376000006,8.086360931000002],[5.755087376000006,8.061148643000024],[5.753460406999977,8.03837680800001],[5.753460406999977,8.025363921999997],[5.759966850000012,8.00259113300001],[5.764033317999974,7.994458199000007],[5.769726752999986,7.975752354000008],[5.784366131000013,7.966805935000025],[5.798192024000002,7.957859515999985],[5.805511951000028,7.950540065999974],[5.815271377999977,7.946473598000011],[5.827470779000009,7.9407801629999994],[5.829910755000014,7.936713696000027],[5.834894657000007,7.923977852000007],[5.843737125000018,7.927767276999987],[5.85187006000001,7.933460711999999],[5.860002995000002,7.9391536709999855],[5.8656959529999995,7.94566011400002],[5.873828887999991,7.95541953999998],[5.8860287670000275,7.970872401999998],[5.890908240999977,7.981445312000005],[5.896601676999978,7.9863252640000155],[5.907987595000009,7.999338150000028],[5.9120540619999815,8.011537551999993],[5.920186995999984,8.031869888000017],[5.929946899000015,8.04732227300002],[5.934013366999977,8.055455208000012],[5.938893317999998,8.061148643000024],[5.943772792999994,8.070095062000007],[5.9486527440000145,8.084734916999992],[5.957599162999998,8.096120833999976],[5.971425055999987,8.104253769000024],[5.977118491999988,8.106693268000015],[5.983624458000008,8.115639686999998],[5.9860644340000135,8.122960090999982],[5.988504410000019,8.129466057000002],[5.990944386000024,8.135159492000014],[5.998264312999993,8.139225959999976],[6.003143786999999,8.141665459000023],[6.010463715000014,8.145731925999996],[6.016970157999992,8.148172379000016],[6.024289608000004,8.153864860999988],[6.027144909000015,8.154537200999982],[6.0381159780000075,8.157117844000027],[6.048688889000005,8.160371779999991],[6.058448315000021,8.159558296],[6.064141273000018,8.159558296],[6.071461200999977,8.162811278999982],[6.068207740999981,8.167691230999992],[6.058448315000021,8.181517600999996],[6.0551953319999825,8.192903519000026],[6.0551953319999825,8.210796356000003],[6.063328265999985,8.220555305000005],[6.073087692000001,8.227875709999978],[6.073087692000001,8.232755660999999],[6.071461200999977,8.24495506300002],[6.0665812490000235,8.259593963999976],[6.0665812490000235,8.264473914999996],[6.068207740999981,8.268540382000026],[6.070647716999986,8.275047302000019],[6.073087692000001,8.28236675300002],[6.0771541600000205,8.292126655999994],[6.0836606029999984,8.301072121000004],[6.085287094000023,8.307579040999997],[6.089353560999996,8.324658393999982],[6.089353560999996,8.329538345000003],[6.089353560999996,8.336857796000004],[6.086100578000014,8.343363762000024],[6.087030411000001,8.354029654999977]]]},"properties":{"fid":455,"cty_nm":"Nigeria","iso3cd":"NGA","adm1nm":"Kogi","adm2nm":"Mopa-Muro","adm1cd":"NGA023","adm2cd":"NGA023013"}},{"type":"Feature","id":456,"geometry":{"type":"Polygon","coordinates":[[[6.813199042999997,7.452984809999975],[6.807577132999995,7.4447679520000065],[6.794648646999974,7.441895008000017],[6.785072327000023,7.443810462999977],[6.774538039999982,7.451950549999992],[6.769270897000013,7.458653927],[6.765440463999994,7.468230247000008],[6.758737086999986,7.477328300000011],[6.754427432999989,7.480201244],[6.739105225000003,7.4811587329999725],[6.735753536000004,7.482116222000002],[6.729528904000006,7.486904621000008],[6.724740505,7.4878621099999805],[6.718515873000001,7.4878621099999805],[6.709030627999994,7.488724708999996],[6.706657887000006,7.4748258590000205],[6.7029809950000185,7.451844692000009],[6.703900336999993,7.395771027000023],[6.708496571000012,7.369112491999999],[6.7029809950000185,7.348889351000025],[6.699304104000021,7.3203926090000095],[6.692869185999996,7.294653416000017],[6.691030979000004,7.276268481999978],[6.692869185999996,7.257883548999985],[6.693788528000027,7.243175983000015],[6.6901574130000085,7.219573020999974],[6.693305016000011,7.216998100000012],[6.697583674999976,7.20416164400001],[6.7007927889999905,7.178488254999991],[6.7034301759999835,7.170575618999976],[6.710375785999986,7.175669192999976],[6.714206219000005,7.186682223999981],[6.718515873000001,7.1948218350000275],[6.719473361999974,7.206313609999995],[6.72234630600002,7.21397495299999],[6.729528904000006,7.224509238999985],[6.736232281000014,7.234564304000003],[6.737189769999986,7.245577335000007],[6.739105225000003,7.258984565999981],[6.741499423999983,7.264251709000007],[6.7438936230000195,7.273828030000004],[6.7438936230000195,7.2819681170000194],[6.746766567000009,7.2886714940000275],[6.752991199000007,7.289628983],[6.764961719999974,7.288192749000018],[6.770228863,7.280531406000023],[6.776453494999998,7.273349284999995],[6.790818214000012,7.261378765000018],[6.7960853580000276,7.254674910999995],[6.807577132999995,7.247014046000004],[6.811886311000023,7.24653482399998],[6.8171534539999925,7.245577335000007],[6.827687739999988,7.242225646999998],[6.8391795160000015,7.235043049000012],[6.8444466590000275,7.23552226999999],[6.864078044999985,7.229776382000011],[6.87556982000001,7.224987983999995],[6.890413283999976,7.217805386000009],[6.90190505999999,7.208707808999975],[6.912439345999985,7.203440666000006],[6.9181852340000205,7.199610232999987],[6.928719521000005,7.199131489000024],[6.931592464000005,7.197694778000027],[6.940403461000017,7.194247245999975],[6.942605495000009,7.193385600999989],[6.949308872000017,7.192428112000016],[6.962716102999991,7.1948218350000275],[6.972771168000008,7.1948218350000275],[6.9833054540000035,7.1948218350000275],[6.9900088310000115,7.1948218350000275],[6.998148918000027,7.199131489000024],[7.009161948999974,7.200088977999997],[7.019695759000001,7.201525688000004],[7.031666755999993,7.205834865999975],[7.037412642999982,7.211102009000001],[7.041243076000001,7.217326641],[7.042679309999983,7.224030495000022],[7.04411601999999,7.236001014999999],[7.045552253999972,7.241268158000025],[7.043158531000017,7.2484502789999965],[7.04411601999999,7.25994205500001],[7.047946453000009,7.263772487999972],[7.051298141000018,7.261857510000027],[7.064705371999992,7.252759932999993],[7.0718879699999775,7.253238678000002],[7.076675892000026,7.252280712000015],[7.084815978999984,7.2484502789999965],[7.087688922999973,7.2484502789999965],[7.091519355999992,7.247492790000024],[7.095829009999989,7.245577335000007],[7.099180697999998,7.247014046000004],[7.104447842000013,7.244141102000015],[7.113545418000001,7.241268158000025],[7.121206760000007,7.241268158000025],[7.125037193000026,7.240788936999991],[7.132610321000016,7.239617348000024],[7.136889934999999,7.239288330000022],[7.140840529999991,7.23830079999999],[7.146766662999994,7.238629817999993],[7.154009341999995,7.238629817999993],[7.165531634999979,7.239617348000024],[7.17804193500001,7.240605354000024],[7.189564705000009,7.241263389999972],[7.202404021999996,7.238958835999995],[7.213926314999981,7.235008240000013],[7.2165603639999745,7.2317161560000045],[7.2211694719999855,7.22743654300001],[7.2333502769999996,7.2139387130000046],[7.237959385000011,7.20965910000001],[7.2511277199999995,7.191222668000023],[7.263967036999986,7.183979987999976],[7.268905640000014,7.182992458000001],[7.286683083000014,7.182004929000016],[7.298863888000028,7.183321476000003],[7.307423592000021,7.183321476000003],[7.3123617169999875,7.1892476080000165],[7.317629337000028,7.1928687100000275],[7.324872017000018,7.200111865999986],[7.330139637000002,7.207354545999976],[7.3340902329999835,7.217889308999986],[7.338369845999978,7.2317161560000045],[7.341003894999972,7.240605354000024],[7.346271037999998,7.246860027000025],[7.34495449100001,7.2534446720000005],[7.346600533000014,7.257724284999995],[7.347917080000002,7.265296459000012],[7.351538657999981,7.273197650999975],[7.3564767839999945,7.278135776999989],[7.368328571000006,7.281098842999995],[7.372279166999988,7.286365986000021],[7.376229763000026,7.2929501529999925],[7.383143425000014,7.295584201999986],[7.388740063,7.295584201999986],[7.395982742000001,7.296242714000016],[7.401579379999987,7.30052232700001],[7.402566910000019,7.307106495000028],[7.404542445999994,7.314020157000016],[7.408493041999975,7.322579861000008],[7.418698311000014,7.325871944000028],[7.430879592999986,7.326859474000003],[7.433842181999978,7.3278470039999775],[7.441085338999983,7.331139565000001],[7.447010993999982,7.337394238000002],[7.451949119999995,7.343320370000015],[7.458862781999983,7.350234032000003],[7.463800907000007,7.357805729000006],[7.471043586999997,7.37031602899998],[7.471373081000024,7.374266623999972],[7.471373081000024,7.3841428759999985],[7.472360610999999,7.391715050000016],[7.4740066530000036,7.3982992169999875],[7.474266528999976,7.4034881590000055],[7.463800907000007,7.402249813000026],[7.450632572000018,7.399286747000019],[7.443718909999973,7.398957729000017],[7.435488700999997,7.399286747000019],[7.424953460999973,7.398957729000017],[7.415406227000005,7.39698267],[7.407176017999973,7.3982992169999875],[7.394336699999997,7.400274754000009],[7.386435509000023,7.399286747000019],[7.375900268999999,7.399945258999992],[7.368987082999979,7.399286747000019],[7.365036487999987,7.397640705000015],[7.360756396999989,7.397311687000013],[7.352526188000013,7.398628712000004],[7.337711334000005,7.401920795000024],[7.330139637000002,7.402579307999986],[7.3140082360000065,7.399286747000019],[7.307423592000021,7.398957729000017],[7.304460526000014,7.401262282999994],[7.295901298999979,7.404554367000003],[7.286024569999995,7.40685892099998],[7.283061981000003,7.409163475000014],[7.278452872999992,7.411468028999991],[7.273185253000008,7.412455559000023],[7.253761768000004,7.4075174330000095],[7.250140190000025,7.402249813000026],[7.247835635999991,7.3907275199999845],[7.246848106000016,7.383484839999994],[7.241580485999975,7.372620583000014],[7.234667301000002,7.3640608790000215],[7.2132682800000225,7.351880074000007],[7.2086591720000115,7.351550578999991],[7.19680738400001,7.350563049000016],[7.179687977000015,7.350892067000018],[7.164544105999994,7.351550578999991],[7.148083209999982,7.3558306689999995],[7.144462109000017,7.3617563249999876],[7.137486458000012,7.369592667000006],[7.132698536000021,7.375817299000005],[7.1293468480000115,7.384436130999973],[7.125037193000026,7.3944916730000045],[7.118812561000027,7.406462192999982],[7.113545418000001,7.411729336000008],[7.1073207860000025,7.417475223999986],[7.106842040999993,7.422263622000003],[7.103011131000017,7.42944574400002],[7.104447842000013,7.436628342000006],[7.100138187000027,7.4428529740000045],[7.099659443000007,7.450513839999985],[7.1006174089999945,7.45913267100002],[7.1006174089999945,7.472539901999994],[7.100138187000027,7.47780704500002],[7.091998577000027,7.484989165999991],[7.082900524000024,7.487383366000017],[7.069493770999998,7.483074187999989],[7.053692340999987,7.475412845999983],[7.045073509000019,7.465357304000008],[7.035975932999975,7.453386783999974],[7.029751300999976,7.445725917999994],[7.0283145899999795,7.432797431999973],[7.020653724999988,7.417475223999986],[7.014429092,7.41268682499998],[7.002937316999976,7.412208080000028],[6.992881775000001,7.4160385129999895],[6.9828267099999834,7.416996478999977],[6.975644111999998,7.413644791000024],[6.967025279999973,7.413165569],[6.964631080999993,7.414602279999997],[6.9545760149999865,7.4160385129999895],[6.943084240000019,7.41268682499998],[6.933986663999974,7.410292625000011],[6.927282810000008,7.415559769000026],[6.915791034999984,7.419390678000013],[6.897595882000019,7.413165569],[6.886104106999994,7.413165569],[6.877006531000006,7.410771846999978],[6.871260643000028,7.408856392000018],[6.863599299999976,7.41268682499998],[6.849234581000019,7.421784401000025],[6.84779834699998,7.425136565999992],[6.8444466590000275,7.428488254999991],[6.837264060999985,7.435191631000009],[6.832954884000003,7.439501285999995],[6.827208996000024,7.4428529740000045],[6.822899342000028,7.448598861999983],[6.818110943000022,7.451950549999992],[6.813199042999997,7.452984809999975]]]},"properties":{"fid":456,"cty_nm":"Nigeria","iso3cd":"NGA","adm1nm":"Kogi","adm2nm":"Ofu","adm1cd":"NGA023","adm2cd":"NGA023014"}},{"type":"Feature","id":457,"geometry":{"type":"Polygon","coordinates":[[[6.225323199999991,7.468395709999982],[6.219610691000014,7.469403743999976],[6.213459015000012,7.469403743999976],[6.206281661999981,7.470428943999991],[6.202180861999977,7.480681896000021],[6.198079586000006,7.496060848000013],[6.184751033999987,7.509389399999975],[6.172447680999994,7.519642352999995],[6.1582841869999925,7.5282979009999735],[6.1558341979999796,7.525245190000021],[6.15407705299998,7.522345066000014],[6.150588989000028,7.518876076000026],[6.146535873000005,7.515995025999985],[6.142488956000022,7.5136961939999765],[6.137860774999979,7.510818958000016],[6.13555097599999,7.509672164999984],[6.131496905999995,7.506791114999999],[6.1286058430000026,7.505064963999985],[6.125720978000004,7.503922939000006],[6.122255801999984,7.502202988000022],[6.118216990999997,7.500486851000005],[6.114750861999994,7.498765945000002],[6.11243295700001,7.497035980000021],[6.1101021769999875,7.494141102000015],[6.10833597200002,7.4906578060000015],[6.108881950000011,7.488321781000025],[6.108257771000012,7.484245777000012],[6.108796120000022,7.481328011000016],[6.108738899000002,7.4766650199999845],[6.1097941400000195,7.469078063999973],[6.109148026000014,7.463253974999986],[6.109663963000003,7.458587169999987],[6.1101961140000185,7.455084800999998],[6.112411975999976,7.448655127999984],[6.118698119999976,7.446270943000002],[6.127882004000014,7.446197032999976],[6.133061886000007,7.447319983999989],[6.138235092000002,7.447861194999973],[6.142848015000027,7.449572085999989],[6.147432804000005,7.448952197999972],[6.1543140410000206,7.44831323599999],[6.159472941999979,7.447688103000019],[6.163475989999995,7.44648885700002],[6.1668992040000035,7.444713116000003],[6.1709098819999895,7.44409704200001],[6.173170089999985,7.4411640170000055],[6.174274921000006,7.437656878999974],[6.175953864999997,7.434145926999975],[6.179922104000013,7.430033207000008],[6.1827850340000055,7.429427147000013],[6.186272143999986,7.432896137],[6.186306952999985,7.435811043000001],[6.186916827999994,7.438720225999987],[6.189808846000005,7.440444946000014],[6.193274020999979,7.4421658520000165],[6.200786113999982,7.446185112000023],[6.20886516600001,7.449615955000013],[6.218708992000018,7.456531047999988],[6.221047877999979,7.4600090980000004],[6.22339391700001,7.464070796999977],[6.225323199999991,7.468395709999982]]]},"properties":{"fid":457,"cty_nm":"Nigeria","iso3cd":"NGA","adm1nm":"Kogi","adm2nm":"Ogori/Mangongo","adm1cd":"NGA023","adm2cd":"NGA023015"}},{"type":"Feature","id":458,"geometry":{"type":"Polygon","coordinates":[[[6.570580958999983,7.869692326000006],[6.5678515430000175,7.872859955000024],[6.55957841899999,7.883891106000021],[6.546709061000001,7.887567997000019],[6.53751659400001,7.88297176399999],[6.529243468999994,7.878375530000028],[6.512696742999992,7.872859955000024],[6.496150494000005,7.869183064000026],[6.480523108999989,7.86090993900001],[6.457541943000024,7.8572330470000225],[6.4455919270000095,7.854475020999985],[6.433641433999981,7.843444347000002],[6.424448966999989,7.8333325390000255],[6.408822059999977,7.824140071999977],[6.400548458000003,7.819543839000005],[6.386759757999982,7.811270713999988],[6.373890399999993,7.810351372000014],[6.364697933000002,7.810351372000014],[6.355505466000011,7.8085126880000075],[6.344474316000003,7.807593345999976],[6.339878081999984,7.811270713999988],[6.3362011909999865,7.818624495999984],[6.324251174999972,7.827816962999975],[6.315334796999991,7.833265781000023],[6.313220023999975,7.830574989000013],[6.300350665999986,7.822301388000028],[6.294835090999982,7.8140282630000115],[6.277369498999974,7.8011589050000225],[6.271853924000027,7.7919664379999745],[6.268177031999983,7.782773971999973],[6.269096375000004,7.775419711999973],[6.269096375000004,7.763469696000016],[6.268177031999983,7.753357886999993],[6.269096375000004,7.745084763000023],[6.271853924000027,7.729457378000006],[6.270015716999978,7.716588020000017],[6.268177031999983,7.706476211999984],[6.258984565999981,7.706476211999984],[6.244276523999986,7.71291112900002],[6.23416471500002,7.718426704000024],[6.222214699000006,7.719346045999998],[6.203829765000023,7.720264912000005],[6.186364174000005,7.718426704000024],[6.172575473999984,7.714749813000026],[6.159705638999981,7.705557345999978],[6.151432514000021,7.700961113000005],[6.133047581000028,7.692687510999974],[6.127532004999978,7.683495044999972],[6.12269926099998,7.678083897000022],[6.121072292000008,7.669950961999973],[6.121885776999989,7.647178650000001],[6.115379333000021,7.634979247999979],[6.10805988300001,7.621966362000023],[6.104806423000014,7.614646434999997],[6.104806423000014,7.605700492999972],[6.099113464000027,7.594314097999984],[6.098731041000008,7.588197230999981],[6.118761063000022,7.591416836000008],[6.122677802999988,7.5832247729999835],[6.123775959,7.579134941000007],[6.125701427000024,7.575399876000006],[6.13120937299999,7.581458569000006],[6.17165613200001,7.597085952999976],[6.188202380999996,7.6062784189999775],[6.204749106999998,7.617309569999975],[6.222214699000006,7.6228246690000105],[6.236922741000001,7.623744010999985],[6.24979209899999,7.619147778000013],[6.270015716999978,7.614551543999994],[6.2985119819999795,7.626502037000023],[6.3104624750000085,7.632017136000002],[6.344474316000003,7.63845205299998],[6.360101699999973,7.643967627999984],[6.371132851000027,7.658675671000026],[6.377567290999991,7.664190769000015],[6.38216352500001,7.671545029000015],[6.391355991000012,7.682576180000012],[6.398710251000011,7.698203087000024],[6.406983376000028,7.703718662000028],[6.418933391999985,7.713830470999994],[6.425368309000021,7.723942280000017],[6.430883884000025,7.727619171000015],[6.435480117999987,7.731296062000013],[6.446510792000026,7.734972954],[6.45386505099998,7.740488529000004],[6.459380626999973,7.744165420999991],[6.467653751,7.753357886999993],[6.4768462179999915,7.7607121469999925],[6.4842000009999765,7.762550353999984],[6.490634918000012,7.770823479000001],[6.498908042999972,7.777258395999979],[6.510858058999986,7.784612179000021],[6.518212317999996,7.793804646000012],[6.525566100999981,7.800239562999991],[6.539354801000002,7.81310892099998],[6.546709061000001,7.825059414000009],[6.561417102999997,7.839767456000004],[6.56417465200002,7.848040581000021],[6.569690228000013,7.866425514000014],[6.570580958999983,7.869692326000006]]]},"properties":{"fid":458,"cty_nm":"Nigeria","iso3cd":"NGA","adm1nm":"Kogi","adm2nm":"Okehi","adm1cd":"NGA023","adm2cd":"NGA023016"}},{"type":"Feature","id":459,"geometry":{"type":"Polygon","coordinates":[[[6.408822059999977,7.527223110000023],[6.399629592999986,7.515273094000008],[6.385840893000022,7.499645709999982],[6.366536617000008,7.496888161000015],[6.357344151000007,7.498726368000007],[6.339878081999984,7.500565052000013],[6.327008723999995,7.501484393999988],[6.320574283999974,7.502403259000005],[6.299431324000011,7.514353751999977],[6.294835090999982,7.5253844260000164],[6.29023885700002,7.5299811360000035],[6.282885075000024,7.53090000200001],[6.277369498999974,7.533658027999991],[6.273692607999976,7.541011809999986],[6.264500140999985,7.545608044000005],[6.256227016000025,7.548366069999986],[6.252549648000013,7.552962303000015],[6.247953414999984,7.552962303000015],[6.233245850000003,7.563073635000023],[6.215779780999981,7.573185443999989],[6.199233531999994,7.577781677000019],[6.173494339000001,7.571347236999998],[6.149594306999973,7.557558536999977],[6.133570670999973,7.552076817],[6.138349055999981,7.550453186000027],[6.142948150999985,7.5509991650000075],[6.146391869000013,7.550971031000017],[6.149836063000009,7.550942898000017],[6.153279780999981,7.5509147640000265],[6.155569076999996,7.550312996000002],[6.160735129999978,7.550271033999991],[6.164177895000023,7.550241947000018],[6.1658787729999744,7.548480034000022],[6.16698408100001,7.54497289699998],[6.165800095000009,7.542068004999976],[6.164601802999982,7.537998199000015],[6.162255764000008,7.533936976999996],[6.15991687799999,7.530457973000011],[6.1582841869999925,7.5282979009999735],[6.172447680999994,7.519642352999995],[6.184751033999987,7.509389399999975],[6.198079586000006,7.496060848000013],[6.202180861999977,7.480681896000021],[6.206281661999981,7.470428943999991],[6.213459015000012,7.469403743999976],[6.219610691000014,7.469403743999976],[6.225323199999991,7.468395709999982],[6.226923942999974,7.471036910999999],[6.233273983000004,7.473898888000008],[6.237886906000028,7.475611210000011],[6.244790077000005,7.476719855999988],[6.2528400420000025,7.477819920000002],[6.2557168010000055,7.478380202999972],[6.259168148000015,7.47893381099999],[6.263773918000027,7.480062961999977],[6.267814159000011,7.4817790989999935],[6.270139217000008,7.484090804999994],[6.2718892099999834,7.4864091869999925],[6.273073195999984,7.489314078999996],[6.274837971000011,7.492795944000022],[6.276596068999993,7.495697021000012],[6.284101008999983,7.4991331100000025],[6.290988921999997,7.499076843000012],[6.295000076000008,7.498460770000008],[6.2984290119999855,7.497266769000021],[6.358232975000021,7.412255764000008],[6.362790108000013,7.4093050960000255],[6.367911816000003,7.405766009999979],[6.375302792000014,7.399876118000009],[6.378143786999999,7.39752101900001],[6.422245025999985,7.416828156000008],[6.426575184000001,7.414612770000019],[6.427671909000026,7.410523891000025],[6.432164192000016,7.402327060999994],[6.432106018000013,7.397664070000019],[6.422241211000028,7.388999938999973],[6.423353195000004,7.3860759739999935],[6.426746845000025,7.381968020999977],[6.432457924000005,7.379590988000018],[6.434144020000019,7.376661776999981],[6.434676169999989,7.373159885000007],[6.434604168000021,7.367331981999996],[6.435657977999995,7.359745025999985],[6.438507080000022,7.357973098999992],[6.44251108200001,7.356773852999993],[6.450531959999978,7.355543136999984],[6.455152988000009,7.357837200000006],[6.459781169999985,7.360713959000009],[6.46326112700001,7.36359977699999],[6.466869830999997,7.3653187749999915],[6.470372199999986,7.363700866999977],[6.472981930000003,7.360606194000013],[6.475794791999988,7.355919837999977],[6.477480888000002,7.352992057999984],[6.4808678630000145,7.348299979999979],[6.485763072999987,7.341996193],[6.488796234000006,7.357162475999985],[6.4897155759999805,7.373708724999972],[6.487876891999974,7.3838205339999945],[6.4897155759999805,7.39852857599999],[6.490634918000012,7.41231727600001],[6.486958027000014,7.435298443000022],[6.477765560000023,7.453683376000015],[6.467653751,7.472068309999997],[6.461218834000022,7.481260776999989],[6.455703259000018,7.484937667999986],[6.446510792000026,7.49045324299999],[6.436399460000018,7.505161284999986],[6.4262876509999955,7.514353751999977],[6.418933391999985,7.522626876999993],[6.411579609,7.526303767999991],[6.408822059999977,7.527223110000023]]]},"properties":{"fid":459,"cty_nm":"Nigeria","iso3cd":"NGA","adm1nm":"Kogi","adm2nm":"Okene","adm1cd":"NGA023","adm2cd":"NGA023017"}},{"type":"Feature","id":460,"geometry":{"type":"Polygon","coordinates":[[[7.818734645999996,7.2869253160000085],[7.8108139039999855,7.290260315000012],[7.797056198000007,7.293595314000015],[7.789968966999993,7.296514033999983],[7.779129505000014,7.300683021999987],[7.768290042999979,7.301933288999976],[7.762870312000018,7.298598288999983],[7.757033825000008,7.297764300999972],[7.745360850999987,7.296930789999976],[7.736605644000008,7.293178558000022],[7.723681926999973,7.289009571000008],[7.7095074650000015,7.289009571000008],[7.701586245999977,7.293595314000015],[7.688245773000006,7.299432277999983],[7.669901847999995,7.30318403199999],[7.6578121190000275,7.30318403199999],[7.644887923999988,7.308187008000004],[7.6348824500000205,7.314857483000026],[7.629879951000021,7.319859982000025],[7.624460220000003,7.32152795799999],[7.613204001999975,7.321944713999983],[7.597361565000028,7.322778224999979],[7.594443321000028,7.321110724999983],[7.586939335000011,7.318192481999972],[7.581936358999997,7.3152742390000185],[7.5715141300000255,7.310688496000012],[7.5610914229999935,7.30318403199999],[7.553170680999983,7.295680045999973],[7.5444154740000045,7.290677071000005],[7.53232574499998,7.289009571000008],[7.517734050999991,7.289426804000016],[7.51398181899998,7.291511059000015],[7.508562564999977,7.290260315000012],[7.492303370999991,7.288592815000015],[7.482714653000016,7.291094303000023],[7.473959922999995,7.292345047000026],[7.465621947999978,7.290677071000005],[7.4564499859999955,7.289426804000016],[7.450196742999992,7.292345047000026],[7.44019079200001,7.294429302000026],[7.43227005,7.293178558000022],[7.429351806999989,7.294846058000019],[7.419345856000007,7.295680045999973],[7.408923625999989,7.298598288999983],[7.401579379999987,7.30052232700001],[7.395982742000001,7.296242714000016],[7.388740063,7.295584201999986],[7.383143425000014,7.295584201999986],[7.376229763000026,7.2929501529999925],[7.372279166999988,7.286365986000021],[7.368328571000006,7.281098842999995],[7.3564767839999945,7.278135776999989],[7.351538657999981,7.273197650999975],[7.347917080000002,7.265296459000012],[7.346600533000014,7.257724284999995],[7.34495449100001,7.2534446720000005],[7.346271037999998,7.246860027000025],[7.341003894999972,7.240605354000024],[7.338369845999978,7.2317161560000045],[7.3340902329999835,7.217889308999986],[7.330139637000002,7.207354545999976],[7.324872017000018,7.200111865999986],[7.317629337000028,7.1928687100000275],[7.3123617169999875,7.1892476080000165],[7.307423592000021,7.183321476000003],[7.301497935999976,7.173115730000006],[7.298205853000013,7.165215015000001],[7.297217846000024,7.16060590699999],[7.295571804000019,7.154679774999977],[7.293267249999985,7.148754119999978],[7.291950702999998,7.144145012000024],[7.290304660999993,7.1352562899999725],[7.288000107000016,7.126696587000026],[7.285366058000022,7.122087479000015],[7.283720016000018,7.116161823000027],[7.284708023000007,7.112540244999991],[7.288987636999991,7.10858964900001],[7.292938231999983,7.105626583000003],[7.313020229000017,7.102005481999981],[7.327176570999995,7.100359439999977],[7.337382316999992,7.096079350000025],[7.347588062,7.092787266000016],[7.353843212000015,7.088178158000005],[7.360756396999989,7.080935478000015],[7.365365505,7.068754673000001],[7.368657589000009,7.0569028849999995],[7.368657589000009,7.050318718000028],[7.366837024999995,7.039865970999983],[7.370479584000009,7.041427134999992],[7.384659290000002,7.0516681670000025],[7.389385699999991,7.065060139000025],[7.387810230000014,7.08317851999999],[7.397263527000007,7.090268134999974],[7.416169642999989,7.090268134999974],[7.429561137999997,7.090268134999974],[7.445316315000014,7.097357750000015],[7.455557345999978,7.103660106999996],[7.4697365760000025,7.099720955000009],[7.4784021379999785,7.089480400000014],[7.491006373999994,7.073725223999986],[7.502034664000007,7.068998813999997],[7.515426635999972,7.050092697000025],[7.525667191000025,7.035912990999975],[7.530513762999988,7.0322780609999995],[7.543581963000008,7.040121078000027],[7.5806856159999825,7.027197360999992],[7.593192577000025,7.018025874999978],[7.601113795999993,7.016357899000013],[7.607784271000014,7.017608643000017],[7.610285759000021,7.023445128999981],[7.611119270000017,7.027197360999992],[7.609868526000014,7.032200336000017],[7.606950283000003,7.041371821999974],[7.603615284,7.053045273000009],[7.602364539999996,7.062216759000023],[7.600697040999989,7.073056221000002],[7.599446296999986,7.079309939999973],[7.601947784000004,7.0905661580000015],[7.611119270000017,7.100154877000023],[7.618623733999982,7.108075618999976],[7.621958732999985,7.112661838999998],[7.629879951000021,7.124751568000022],[7.637383938000028,7.13267278699999],[7.646138667999992,7.137675762000015],[7.656978130000027,7.146430491999979],[7.676989554999977,7.1551852229999895],[7.695749760000012,7.164357184999972],[7.7037467960000185,7.164890289000027],[7.708256720999998,7.165190697000014],[7.72326517099998,7.167275428999972],[7.729935646000001,7.172277926999982],[7.739941120000026,7.178948402000003],[7.772042274,7.193956851999985],[7.777878761000011,7.198125838999999],[7.782881737000025,7.205213070000013],[7.789968966999993,7.216886043999978],[7.793865203999985,7.225825310000005],[7.797056198000007,7.233145236999974],[7.806644917000028,7.254406929000027],[7.818734645999996,7.2869253160000085]]]},"properties":{"fid":460,"cty_nm":"Nigeria","iso3cd":"NGA","adm1nm":"Kogi","adm2nm":"Olamaboro","adm1cd":"NGA023","adm2cd":"NGA023018"}},{"type":"Feature","id":461,"geometry":{"type":"Polygon","coordinates":[[[7.676837921000015,8.014471054000012],[7.677225589999978,8.016626357999996],[7.665676116999975,8.019343375999995],[7.6249141690000215,8.029534339999998],[7.583472728999993,8.037686348000022],[7.542710304000025,8.043121337999992],[7.505344868000009,8.047198295999976],[7.45099544499999,8.046518326000012],[7.445786952999981,8.044860840000013],[7.430526733000022,8.022708893000015],[7.424780845999976,8.014568328999985],[7.418077469000025,8.007386208000014],[7.409458637,7.9896698000000015],[7.396530150999979,7.974826335999978],[7.389826775000017,7.9609403609999845],[7.385038376000011,7.948969841000007],[7.377856254999983,7.935562611000023],[7.371152877999975,7.926943778999998],[7.358703135999974,7.914015292999977],[7.350563049000016,7.900129794999998],[7.346253871999977,7.87475204499998],[7.3472113610000065,7.859908581000013],[7.349126816000023,7.846980094999992],[7.355204104999984,7.827082157000007],[7.366753577999987,7.811456679999992],[7.376944064999975,7.801266193000004],[7.383058548000008,7.791075706000015],[7.388493537999977,7.786999225999978],[7.402081012999986,7.7618627549999815],[7.412271499999974,7.7367258070000275],[7.4285764690000065,7.717024326000001],[7.436728476999974,7.7000398640000185],[7.442163467,7.687811375000024],[7.443522453000014,7.6674299239999755],[7.442842960000007,7.653842925999982],[7.440125464999994,7.630064963999985],[7.444201946000021,7.619874476999996],[7.447598457000026,7.607645511999976],[7.44963693599999,7.599493026999994],[7.453712940000003,7.588623046999999],[7.4543924330000095,7.574356555999998],[7.466620922000004,7.5600895879999825],[7.472055911999973,7.550578594000001],[7.476811408999993,7.539029120999999],[7.483605384999976,7.517968655000004],[7.483005047000006,7.507169246999979],[7.492436886000007,7.513213157999985],[7.506703854000023,7.518648148000011],[7.516214848000004,7.522724152000023],[7.518932343000017,7.5261211399999866],[7.524367331999997,7.52883863400001],[7.526405334000003,7.5335941309999725],[7.533199309999986,7.543784618000018],[7.539992809000012,7.553975582000021],[7.552221775000021,7.564166069000009],[7.556977271999983,7.574356555999998],[7.565808773000015,7.5872645379999994],[7.572602748999998,7.600172520000001],[7.58075523399998,7.606287002999977],[7.597060204000002,7.621232985999995],[7.605891704999976,7.622591972000009],[7.616082190999975,7.625988483000015],[7.633066654000004,7.630064963999985],[7.650730133000025,7.63346147499999],[7.657524109000008,7.637537956000017],[7.669073104999995,7.638217449000024],[7.677905082999985,7.637537956000017],[7.693530559999999,7.64093494399998],[7.704400539000005,7.642293452999979],[7.717308521000007,7.6443314549999855],[7.726819514999988,7.648407936000012],[7.752448082000001,7.647782802999984],[7.754673958000012,7.647728443000005],[7.754673958000012,7.661315918000014],[7.753994465000005,7.679658889999985],[7.752635478999991,7.708192348000011],[7.752635478999991,7.744198799000003],[7.744690418000005,7.768656731000021],[7.728178501000002,7.792434216000004],[7.692851066999992,7.838631152999994],[7.669752598000002,7.884828567999989],[7.663638115000026,7.905889033999983],[7.664317607999976,7.9351019860000065],[7.6711111070000015,7.982657909000011],[7.676837921000015,8.014471054000012]]]},"properties":{"fid":461,"cty_nm":"Nigeria","iso3cd":"NGA","adm1nm":"Kogi","adm2nm":"Omala","adm1cd":"NGA023","adm2cd":"NGA023019"}},{"type":"Feature","id":462,"geometry":{"type":"Polygon","coordinates":[[[6.082657814000015,8.401763915999993],[6.077967644000012,8.397855758999981],[6.060074805999989,8.393788337999979],[6.040555954000013,8.392975807000028],[6.020223140999974,8.397855758999981],[6.013716697999996,8.400295258000028],[5.990944386000024,8.40192222600001],[5.978744984000002,8.405175208999992],[5.956785679000006,8.408428191999974],[5.942959785000028,8.412494659000004],[5.925066947999994,8.418188095000005],[5.9120540619999815,8.423880576999977],[5.897414684000012,8.423068047000015],[5.883588791000022,8.423068047000015],[5.8656959529999995,8.423068047000015],[5.849430084000005,8.422254561999978],[5.829097747999981,8.426321029999997],[5.818524836999984,8.427134513999988],[5.805511951000028,8.425507545000016],[5.790872573999991,8.427134513999988],[5.782739638999999,8.427947044000007],[5.76647329299999,8.432826996000017],[5.748580933000028,8.437706946999981],[5.719302176999975,8.443400382999982],[5.7046623229999796,8.445839881999973],[5.688176632000022,8.452851295000016],[5.69002294500001,8.441773415],[5.688396453999985,8.427134513999988],[5.688396453999985,8.415747642999975],[5.693276405000006,8.397855758999981],[5.695716381000011,8.385655402999987],[5.69490289700002,8.369389533999993],[5.696529387999988,8.353123664999998],[5.697342873000025,8.340924262999977],[5.697342873000025,8.326284408999982],[5.698969363999993,8.317338942999982],[5.701409339999998,8.305138587999977],[5.701409339999998,8.292939186000012],[5.694089412999972,8.278300285],[5.686769962000028,8.270980834999989],[5.6851434710000035,8.254714012000022],[5.681890011000007,8.244141578999972],[5.6688771249999945,8.222182273999977],[5.661557673999994,8.214049338999985],[5.652611256,8.19940948499999],[5.644478321000008,8.188023567000016],[5.637158393999982,8.167691230999992],[5.636345387000006,8.149798393000026],[5.636345387000006,8.139225959999976],[5.633905411000001,8.130279540999993],[5.6330919270000095,8.12133312200001],[5.636345387000006,8.107506752000006],[5.636345387000006,8.098560333000023],[5.637158393999982,8.091240883000012],[5.643636227000002,8.073967933999995],[5.648949146000007,8.07436084699998],[5.656256675999998,8.074708939000004],[5.659736156000008,8.069837570000004],[5.653820515000007,8.06427001999998],[5.645817280000017,8.060790062000024],[5.643033504000016,8.059050560000003],[5.639902114999984,8.053831100000025],[5.643033504000016,8.048263550000001],[5.647209167000028,8.040956497000025],[5.648949146000007,8.032605171],[5.650689124999985,8.02355766300002],[5.656328201000008,8.019577025999979],[5.662519932000009,8.015206336999995],[5.66739130000002,8.00859546700002],[5.668087481999976,8.002331733999995],[5.6632156370000075,8.000244140999996],[5.656952380999996,7.99432897600002],[5.650732994000009,7.9907407759999955],[5.649573325999995,7.987886429000014],[5.647557258999996,7.986158370999988],[5.647557258999996,7.974146843000028],[5.647209167000028,7.966143607999982],[5.645469665999997,7.963011741999992],[5.634334564000028,7.958487988000002],[5.627027035000026,7.957096100000001],[5.6141524309999795,7.962316036000004],[5.609628676999989,7.966143607999982],[5.601625442999989,7.96370744699999],[5.598841666999988,7.958487988000002],[5.598841666999988,7.951876640000023],[5.601973534000024,7.942829609],[5.60406160399998,7.926475047999986],[5.608584881000013,7.910816668999985],[5.61241245299999,7.876368045999982],[5.6141524309999795,7.8655810359999805],[5.623199462999992,7.842963219000012],[5.630506991999994,7.834959984000022],[5.642685889999996,7.828696250999997],[5.656604290000018,7.828348636999976],[5.65853318500001,7.827769885999999],[5.658838748999983,7.827678203999994],[5.6684350969999855,7.829044341999975],[5.688617228999988,7.8297405239999875],[5.71019124999998,7.830088138999997],[5.728981495000028,7.828348636999976],[5.737289428999986,7.821079253999983],[5.738821029999997,7.825291633999996],[5.751020907999987,7.829358101000025],[5.759966850000012,7.834238051999989],[5.770539761000009,7.843997478000006],[5.779486179000003,7.854570389000003],[5.789245605000019,7.861890315999972],[5.8014454839999985,7.878969192999989],[5.811204910000015,7.888729094999974],[5.820151328999998,7.8960485459999745],[5.826657771999976,7.904994965000014],[5.82828426399999,7.916381359000013],[5.8323507310000196,7.922887801999991],[5.834894657000007,7.923977852000007],[5.829910755000014,7.936713696000027],[5.827470779000009,7.9407801629999994],[5.815271377999977,7.946473598000011],[5.805511951000028,7.950540065999974],[5.798192024000002,7.957859515999985],[5.784366131000013,7.966805935000025],[5.769726752999986,7.975752354000008],[5.764033317999974,7.994458199000007],[5.759966850000012,8.00259113300001],[5.753460406999977,8.025363921999997],[5.753460406999977,8.03837680800001],[5.755087376000006,8.061148643000024],[5.755087376000006,8.086360931000002],[5.757526874999996,8.106693268000015],[5.770539761000009,8.12621307400002],[5.781112671000017,8.148984908999978],[5.797379017000026,8.179077147999976],[5.811204910000015,8.196156502000008],[5.818524836999984,8.202663422],[5.82340431199998,8.215676308000013],[5.826657771999976,8.223809242000016],[5.836417197999992,8.226248741000006],[5.843737125000018,8.236822127999972],[5.854310036000015,8.254714012000022],[5.8762688639999965,8.270167350999998],[5.8925352100000055,8.278300285],[5.912867545999973,8.288059234999992],[5.925066947999994,8.297819138000023],[5.935639858000002,8.305138587999977],[5.94702625299999,8.307579040999997],[5.962478637999993,8.313272476000009],[5.987691401999996,8.32303142500001],[6.0088372230000004,8.334418297000013],[6.027543068,8.344990730000006],[6.049501895999981,8.351496696000027],[6.062514781999994,8.35475063299998],[6.087030411000001,8.354029654999977],[6.079594134999979,8.36369705200002],[6.077967644000012,8.369389533999993],[6.078780650999988,8.377522468999985],[6.0820341109999845,8.390535354999997],[6.082657814000015,8.401763915999993]]]},"properties":{"fid":462,"cty_nm":"Nigeria","iso3cd":"NGA","adm1nm":"Kogi","adm2nm":"Yagba East","adm1cd":"NGA023","adm2cd":"NGA023020"}},{"type":"Feature","id":463,"geometry":{"type":"Polygon","coordinates":[[[5.688176632000022,8.452851295000016],[5.6583042139999975,8.459666251999977],[5.642851829999984,8.462919235000015],[5.599746703999983,8.488945006999984],[5.588360309999985,8.497077941999976],[5.574534416000006,8.506024361000016],[5.554202079999982,8.512530326999979],[5.544442177000008,8.523103714000001],[5.533869267,8.530423164000013],[5.524109839999994,8.536930084000005],[5.513207436000016,8.538522720000003],[5.514564037000014,8.535131454000009],[5.510494231999985,8.535131454000009],[5.50303220699999,8.534453391999989],[5.496249198999976,8.529026031],[5.490143776000025,8.518173218000015],[5.476577281999994,8.49985790300002],[5.465723514999979,8.49239540100001],[5.453513622000003,8.486290931999974],[5.4463787079999975,8.47971916199998],[5.433111667999981,8.466452598999979],[5.412382126000011,8.452356339000005],[5.396627426000009,8.438260077999985],[5.380872726000007,8.420846939],[5.372581004999972,8.40923881499998],[5.359313965000013,8.395142555000007],[5.347705363999978,8.382704735000004],[5.341900826000028,8.375241280000012],[5.330789566000021,8.355672835999997],[5.3274731640000255,8.349039077999976],[5.322829722999984,8.34439563799998],[5.321502685999974,8.34107875799998],[5.3234930039999995,8.337099075000026],[5.324504852000018,8.333780289000003],[5.332330227,8.331171988999984],[5.335808277000012,8.32856369000001],[5.343198776000008,8.321607589999985],[5.347546100999978,8.31552124000001],[5.353197575000024,8.30986976600002],[5.353197575000024,8.305522918999998],[5.352762698999982,8.298131942999987],[5.353197575000024,8.286828995000008],[5.356675148000022,8.27465629599999],[5.362761497000008,8.273352622999994],[5.372325896999996,8.274221420000003],[5.381020546000002,8.278134346000002],[5.387541294000016,8.283350944999995],[5.397105694000004,8.292045593000012],[5.404496193,8.292045593000012],[5.41840744000001,8.283785819999991],[5.421450615000026,8.27378749799999],[5.41971159000002,8.267701149000004],[5.421885490000022,8.261614798999972],[5.4223198889999935,8.251180648999991],[5.418842315999996,8.235530853],[5.4223198889999935,8.22813987699999],[5.431884288999981,8.224661826999977],[5.442317962999994,8.218141555999978],[5.4575333600000135,8.206403732000012],[5.466228007999973,8.202490807000004],[5.47187948200002,8.204229354999995],[5.477531433000024,8.205099105999977],[5.494920730999979,8.214663506000022],[5.512310028000002,8.216402054000014],[5.5244822500000055,8.215967178000028],[5.530568599999981,8.21118545500002],[5.53708982500001,8.205533980999974],[5.539698123999983,8.198577881000006],[5.539698123999983,8.190752982999982],[5.538393973999973,8.17858028400002],[5.53708982500001,8.163364409999986],[5.536654949000024,8.15640926399999],[5.5327424999999835,8.146844864000002],[5.526221275000012,8.139019965999978],[5.5179615019999915,8.131194115000028],[5.50448465300002,8.123804092],[5.497963905000006,8.114674567999998],[5.497963905000006,8.110664368000016],[5.506978511999989,8.111246108999978],[5.513937950000013,8.111246108999978],[5.514633656000001,8.10498237600001],[5.513937950000013,8.096631049999985],[5.51289415399998,8.089672088999976],[5.513589858999978,8.083756446999985],[5.512546062000013,8.076796532000003],[5.510458469000014,8.066705704000015],[5.507326603000024,8.045479774],[5.507326603000024,8.037128447999976],[5.50558090200002,8.032327651999992],[5.504542828000012,8.02947330500001],[5.503847122000025,8.02355766300002],[5.5059347150000235,8.018686295000009],[5.508718491000025,8.017642975000001],[5.516025543000012,8.022166251999977],[5.52576875699998,8.03086566899998],[5.531684399000028,8.035040854999977],[5.537599564000004,8.04060840599999],[5.545255183999984,8.044088364000004],[5.550822257999982,8.051047325000013],[5.555031776000021,8.054554939000013],[5.559173584000007,8.058006287000012],[5.572744370000009,8.068446159000018],[5.576571940999997,8.07122993500002],[5.599189758000023,8.073665618999996],[5.624591350999992,8.072621346000005],[5.639554024000006,8.073665618999996],[5.643636227000002,8.073967933999995],[5.637158393999982,8.091240883000012],[5.636345387000006,8.098560333000023],[5.636345387000006,8.107506752000006],[5.6330919270000095,8.12133312200001],[5.633905411000001,8.130279540999993],[5.636345387000006,8.139225959999976],[5.636345387000006,8.149798393000026],[5.637158393999982,8.167691230999992],[5.644478321000008,8.188023567000016],[5.652611256,8.19940948499999],[5.661557673999994,8.214049338999985],[5.6688771249999945,8.222182273999977],[5.681890011000007,8.244141578999972],[5.6851434710000035,8.254714012000022],[5.686769962000028,8.270980834999989],[5.694089412999972,8.278300285],[5.701409339999998,8.292939186000012],[5.701409339999998,8.305138587999977],[5.698969363999993,8.317338942999982],[5.697342873000025,8.326284408999982],[5.697342873000025,8.340924262999977],[5.696529387999988,8.353123664999998],[5.69490289700002,8.369389533999993],[5.695716381000011,8.385655402999987],[5.693276405000006,8.397855758999981],[5.688396453999985,8.415747642999975],[5.688396453999985,8.427134513999988],[5.69002294500001,8.441773415],[5.688176632000022,8.452851295000016]]]},"properties":{"fid":463,"cty_nm":"Nigeria","iso3cd":"NGA","adm1nm":"Kogi","adm2nm":"Yagba West","adm1cd":"NGA023","adm2cd":"NGA023021"}}]}